,leverage,sigma,mean,std
0,1.01,0.01,-2.4957855699303533e-08,1.4080449007034165e-05
1,1.01,0.01595959595959596,-2.974647967803223e-07,2.2750015795233205e-05
2,1.01,0.021919191919191918,3.0119013323799404e-07,3.0849742465169006e-05
3,1.01,0.027878787878787878,1.3197871995828115e-07,3.951856501129274e-05
4,1.01,0.033838383838383834,4.709269825942775e-07,4.786024721051191e-05
5,1.01,0.0397979797979798,7.619701843021187e-07,5.609007422263123e-05
6,1.01,0.045757575757575754,-3.600199378490987e-07,6.413912248050248e-05
7,1.01,0.05171717171717172,-7.854553774699569e-07,7.274177141832947e-05
8,1.01,0.05767676767676767,-1.3878773920327103e-06,8.14778109433856e-05
9,1.01,0.06363636363636363,-1.0823054574630954e-06,8.982290128854031e-05
10,1.01,0.06959595959595959,2.1492896007263564e-07,9.765509817604103e-05
11,1.01,0.07555555555555554,1.0923956736253792e-06,0.00010581874531459873
12,1.01,0.0815151515151515,-4.806285836579826e-07,0.00011402596255510636
13,1.01,0.08747474747474746,-6.304207511961701e-07,0.00012356639245763177
14,1.01,0.09343434343434343,-1.7034365372688321e-06,0.00013233125079755676
15,1.01,0.09939393939393938,-3.056599552905259e-06,0.00014091375101828792
16,1.01,0.10535353535353534,2.1313199972152752e-07,0.0001468311436217863
17,1.01,0.1113131313131313,1.628726112554968e-06,0.00015614228220245721
18,1.01,0.11727272727272725,-1.2042698412670138e-06,0.00016516642040277296
19,1.01,0.12323232323232322,-1.8836796763597173e-07,0.0001751166321937123
20,1.01,0.1291919191919192,1.1449399178379838e-06,0.00018126247426722354
21,1.01,0.13515151515151513,3.501308444291973e-07,0.00019040203047170887
22,1.01,0.1411111111111111,-1.8432724566876502e-06,0.00019694246408308918
23,1.01,0.14707070707070707,1.9082071660587842e-06,0.00020695867271471792
24,1.01,0.15303030303030302,-4.2086834574905916e-08,0.00021528423803309215
25,1.01,0.158989898989899,-5.376083791448827e-07,0.0002216150283821227
26,1.01,0.16494949494949493,-4.094880098045972e-06,0.00023444813186267833
27,1.01,0.1709090909090909,4.379512160282617e-06,0.00024191792800471465
28,1.01,0.17686868686868687,1.5493212610618534e-06,0.0002470164414253564
29,1.01,0.1828282828282828,4.020924900315315e-06,0.0002593725618428126
30,1.01,0.18878787878787878,1.395541599242378e-07,0.00026833808825640193
31,1.01,0.19474747474747472,-8.698284102715226e-07,0.00027372923932523726
32,1.01,0.2007070707070707,1.2678967587280598e-06,0.0002836992363401549
33,1.01,0.20666666666666667,-2.819603433996065e-06,0.00028894973107728117
34,1.01,0.2126262626262626,5.399278300701804e-06,0.0003021921024397579
35,1.01,0.21858585858585858,-5.8883562205461205e-06,0.00030789816741049353
36,1.01,0.22454545454545452,-2.671208794596336e-06,0.00031464971671665555
37,1.01,0.2305050505050505,-1.779548244824991e-06,0.0003248829415535004
38,1.01,0.23646464646464646,2.5995890187802794e-06,0.0003363170133828542
39,1.01,0.2424242424242424,-4.846319127012944e-06,0.0003395733614605842
40,1.01,0.24838383838383837,-8.268530580722522e-07,0.0003483871440886597
41,1.01,0.2543434343434343,4.154137728812823e-06,0.0003543154091746326
42,1.01,0.26030303030303026,4.586945109638563e-06,0.0003683447917513729
43,1.01,0.26626262626262626,3.6884845688355818e-06,0.0003791230848241253
44,1.01,0.2722222222222222,-1.630710153885384e-06,0.00038717796987961764
45,1.01,0.27818181818181814,8.324304724842247e-07,0.0003960551276898141
46,1.01,0.28414141414141414,2.060508792448845e-06,0.00040197170954787455
47,1.01,0.2901010101010101,-2.5375537152389272e-06,0.00040930385833199117
48,1.01,0.296060606060606,2.2132738810822782e-07,0.0004118986279754332
49,1.01,0.302020202020202,-2.0051274958332364e-06,0.00042933048250074277
50,1.01,0.30797979797979796,2.7156023618723934e-06,0.00043964705015038297
51,1.01,0.3139393939393939,-4.552906233700904e-06,0.00044045000541306605
52,1.01,0.31989898989898985,-3.4722463962740145e-06,0.0004504083282691712
53,1.01,0.32585858585858585,-1.0574522215993864e-06,0.00045728689902235585
54,1.01,0.3318181818181818,-2.3964917563258803e-06,0.00046499211359223816
55,1.01,0.33777777777777773,3.460673854771468e-06,0.00047624340027262847
56,1.01,0.34373737373737373,-2.1366635589257e-06,0.0004866662922121177
57,1.01,0.3496969696969697,-5.052661867404284e-06,0.0004892598731867457
58,1.01,0.3556565656565656,3.1774412164743747e-06,0.0005009749756529481
59,1.01,0.3616161616161616,2.201324796880144e-06,0.0005095572188466404
60,1.01,0.36757575757575756,1.7669240437052648e-07,0.0005252893490132578
61,1.01,0.3735353535353535,1.6092502374384198e-06,0.0005204502450194339
62,1.01,0.37949494949494944,-1.5108852616706693e-06,0.0005354415794672361
63,1.01,0.38545454545454544,9.103080701005517e-07,0.0005405996455837334
64,1.01,0.3914141414141414,-8.015525347515595e-07,0.0005542685450580242
65,1.01,0.3973737373737373,-5.006254843806701e-06,0.0005643804838268417
66,1.01,0.4033333333333333,6.974331485337659e-07,0.0005679566655520756
67,1.01,0.40929292929292926,-3.039424559609694e-06,0.000582313735166875
68,1.01,0.4152525252525252,-7.89031062082236e-06,0.0005876997643392268
69,1.01,0.42121212121212115,-1.5514275269985277e-05,0.0005851935465079886
70,1.01,0.42717171717171715,-4.783770667467901e-06,0.0006050304048253844
71,1.01,0.4331313131313131,3.0595819144225823e-06,0.0006155503213226186
72,1.01,0.43909090909090903,3.0963220188228946e-06,0.0006159710828054068
73,1.01,0.44505050505050503,-8.211121989657633e-06,0.000625734248737258
74,1.01,0.45101010101010097,2.0337466497551526e-06,0.000640558970016319
75,1.01,0.4569696969696969,5.842339892960258e-06,0.0006495832070291261
76,1.01,0.4629292929292929,8.013931442926092e-06,0.0006503322805578845
77,1.01,0.46888888888888886,-5.550200752154844e-07,0.0006648087951589523
78,1.01,0.4748484848484848,-3.4665590120827593e-06,0.0006702971471458246
79,1.01,0.48080808080808074,-2.6213919082283545e-06,0.0006765360514647555
80,1.01,0.48676767676767674,-2.522916554287913e-06,0.0006865441204190377
81,1.01,0.4927272727272727,-2.0521798913024746e-06,0.0006918378449850319
82,1.01,0.4986868686868686,-3.306259188726712e-06,0.000714095196701695
83,1.01,0.5046464646464646,1.0005649314993591e-06,0.0007010063761392402
84,1.01,0.5106060606060605,-1.6728960683121307e-05,0.0007230869313799851
85,1.01,0.5165656565656566,-6.910052904713915e-07,0.0007349459040322189
86,1.01,0.5225252525252525,1.4803241622056152e-06,0.0007431143628307877
87,1.01,0.5284848484848484,6.422312550434272e-06,0.0007399541700685298
88,1.01,0.5344444444444444,8.810055108092652e-06,0.0007541317252214443
89,1.01,0.5404040404040403,-2.9849871778282354e-06,0.0007593032080987632
90,1.01,0.5463636363636363,-3.621609086096711e-06,0.0007786925110392202
91,1.01,0.5523232323232323,5.391605341779693e-06,0.0007841631848677544
92,1.01,0.5582828282828283,-2.6410500589856057e-06,0.0007980943611399637
93,1.01,0.5642424242424242,-5.436048127543991e-06,0.0008041877385578116
94,1.01,0.5702020202020202,5.0573657568459106e-06,0.0008115842313118247
95,1.01,0.5761616161616161,1.424466367007602e-05,0.0008258453720029368
96,1.01,0.582121212121212,1.3481762168788668e-05,0.000819131679863412
97,1.01,0.588080808080808,-1.2136449305745823e-05,0.0008429739741820702
98,1.01,0.594040404040404,-1.0109350073009749e-05,0.000829271609780953
99,1.01,0.6,6.247648881738432e-06,0.0008602379358657893
100,1.0301010101010102,0.01,4.1003109133165296e-07,4.273942906307655e-05
101,1.0301010101010102,0.01595959595959596,-1.0091667801516157e-07,6.760607672132813e-05
102,1.0301010101010102,0.021919191919191918,-1.1978590112003973e-07,9.352824029903538e-05
103,1.0301010101010102,0.027878787878787878,1.2408600363531197e-06,0.00011823598089170884
104,1.0301010101010102,0.033838383838383834,-5.12970984259442e-07,0.0001434513980306751
105,1.0301010101010102,0.0397979797979798,2.7475556139573865e-06,0.00016876196413334252
106,1.0301010101010102,0.045757575757575754,5.539591384763409e-06,0.0001919111778503325
107,1.0301010101010102,0.05171717171717172,6.458299612129625e-06,0.00021807347926756593
108,1.0301010101010102,0.05767676767676767,1.2015554331035183e-06,0.00024298330805948659
109,1.0301010101010102,0.06363636363636363,2.1248748730354204e-06,0.0002698986019066049
110,1.0301010101010102,0.06959595959595959,-6.436017592482124e-06,0.000292270071805981
111,1.0301010101010102,0.07555555555555554,-1.2822047262678327e-07,0.00031778843897706217
112,1.0301010101010102,0.0815151515151515,-6.504074380601743e-07,0.00034851545666098906
113,1.0301010101010102,0.08747474747474746,-1.5251208017005302e-07,0.00037120850811875626
114,1.0301010101010102,0.09343434343434343,1.3657086145830833e-06,0.00039456660324794146
115,1.0301010101010102,0.09939393939393938,3.714950832566488e-06,0.0004194109201367847
116,1.0301010101010102,0.10535353535353534,8.062042222520405e-06,0.0004476028390717773
117,1.0301010101010102,0.1113131313131313,8.036940045694885e-06,0.0004735822361981492
118,1.0301010101010102,0.11727272727272725,-1.9701527539885076e-06,0.0005001558733506899
119,1.0301010101010102,0.12323232323232322,2.06546420272542e-06,0.0005213064367808104
120,1.0301010101010102,0.1291919191919192,2.8217847826346952e-06,0.00054621807756905
121,1.0301010101010102,0.13515151515151513,2.119715834347946e-06,0.000566935230273877
122,1.0301010101010102,0.1411111111111111,-1.262720738932066e-06,0.0005940044515578707
123,1.0301010101010102,0.14707070707070707,-5.737510758467556e-06,0.0006251047961211316
124,1.0301010101010102,0.15303030303030302,2.1004793054871796e-07,0.0006480581454077657
125,1.0301010101010102,0.158989898989899,-1.1312686519683735e-05,0.0006792030454130543
126,1.0301010101010102,0.16494949494949493,5.273157166649733e-06,0.0007024364207537202
127,1.0301010101010102,0.1709090909090909,-4.845245296030476e-06,0.0007234378760259477
128,1.0301010101010102,0.17686868686868687,2.6136237215286907e-06,0.0007473986009637898
129,1.0301010101010102,0.1828282828282828,-1.3835589621307064e-05,0.0007734496913333357
130,1.0301010101010102,0.18878787878787878,-2.01168519793159e-06,0.0008056655026647104
131,1.0301010101010102,0.19474747474747472,3.3455136382738226e-06,0.0008316148654087514
132,1.0301010101010102,0.2007070707070707,2.9810974393504665e-06,0.0008495812585975224
133,1.0301010101010102,0.20666666666666667,3.6796551086838104e-06,0.0008739818970057319
134,1.0301010101010102,0.2126262626262626,-3.1626291461970047e-06,0.0009030624718072368
135,1.0301010101010102,0.21858585858585858,9.254850302144413e-06,0.0009327640234283141
136,1.0301010101010102,0.22454545454545452,3.35033128451514e-06,0.0009572326663481548
137,1.0301010101010102,0.2305050505050505,7.100151798118992e-06,0.0009897941129093694
138,1.0301010101010102,0.23646464646464646,-9.998803202114282e-06,0.0009924992588050473
139,1.0301010101010102,0.2424242424242424,-2.2182046941810695e-06,0.0010282508488031082
140,1.0301010101010102,0.24838383838383837,-8.159916012546897e-06,0.0010579773519764394
141,1.0301010101010102,0.2543434343434343,-1.0538193236703075e-05,0.0010895987999963855
142,1.0301010101010102,0.26030303030303026,-3.217101196338756e-06,0.001101967664921059
143,1.0301010101010102,0.26626262626262626,-1.3114251959285884e-05,0.0011327945164722997
144,1.0301010101010102,0.2722222222222222,4.297358969759024e-06,0.0011712498044611339
145,1.0301010101010102,0.27818181818181814,6.968088660931781e-06,0.0011791900480362836
146,1.0301010101010102,0.28414141414141414,6.8896016828908e-06,0.0012137352690421391
147,1.0301010101010102,0.2901010101010101,7.063889031645454e-08,0.0012350975730418346
148,1.0301010101010102,0.296060606060606,1.4529259203790878e-05,0.0012601482641360175
149,1.0301010101010102,0.302020202020202,-2.1007120953610802e-05,0.0012770187738836859
150,1.0301010101010102,0.30797979797979796,-1.3737686771424273e-05,0.0013062390053441596
151,1.0301010101010102,0.3139393939393939,1.341881409590352e-05,0.001336597944427466
152,1.0301010101010102,0.31989898989898985,-2.656428894531424e-05,0.0013689755419676692
153,1.0301010101010102,0.32585858585858585,3.940300508416062e-06,0.001382527478259259
154,1.0301010101010102,0.3318181818181818,1.1648040473133636e-05,0.0013951775250729194
155,1.0301010101010102,0.33777777777777773,2.6360000179997034e-05,0.0014374134924455958
156,1.0301010101010102,0.34373737373737373,-9.56308266012129e-07,0.0014543033602228497
157,1.0301010101010102,0.3496969696969697,-1.0609189220848159e-05,0.0014835798046202995
158,1.0301010101010102,0.3556565656565656,3.0215120262330108e-05,0.0015143840071388064
159,1.0301010101010102,0.3616161616161616,-1.5141071236646442e-05,0.0015507181788644861
160,1.0301010101010102,0.36757575757575756,1.9074605074157825e-05,0.0015598093024619616
161,1.0301010101010102,0.3735353535353535,1.0864965266039128e-05,0.0016026284962190331
162,1.0301010101010102,0.37949494949494944,-8.415863447413996e-06,0.0016141967768189217
163,1.0301010101010102,0.38545454545454544,-7.691529339038739e-06,0.0016304995679265557
164,1.0301010101010102,0.3914141414141414,-3.1994823878036316e-06,0.0016737459160217818
165,1.0301010101010102,0.3973737373737373,-6.964766965679048e-06,0.00171479440045927
166,1.0301010101010102,0.4033333333333333,1.537190243690868e-05,0.00173473499788864
167,1.0301010101010102,0.40929292929292926,1.5729150104260013e-05,0.0017438421047750075
168,1.0301010101010102,0.4152525252525252,-9.904364421453004e-06,0.0017720221371028942
169,1.0301010101010102,0.42121212121212115,-1.1069223876825195e-05,0.0017762481324644821
170,1.0301010101010102,0.42717171717171715,4.049041400411712e-06,0.0018248956637008072
171,1.0301010101010102,0.4331313131313131,3.6236657837716015e-06,0.001837736013223323
172,1.0301010101010102,0.43909090909090903,9.185896608766542e-06,0.0018652890795880092
173,1.0301010101010102,0.44505050505050503,2.9034088514940384e-06,0.001897907298591708
174,1.0301010101010102,0.45101010101010097,-8.288225820067718e-07,0.0019122797832809145
175,1.0301010101010102,0.4569696969696969,3.815041083146996e-05,0.0019595715083245086
176,1.0301010101010102,0.4629292929292929,-1.2749571825680883e-05,0.00195966301880175
177,1.0301010101010102,0.46888888888888886,1.2253401322447465e-05,0.001970466560748359
178,1.0301010101010102,0.4748484848484848,-2.1948258890194205e-05,0.002009627571963601
179,1.0301010101010102,0.48080808080808074,-3.1275289694916996e-05,0.002053574445239856
180,1.0301010101010102,0.48676767676767674,1.1873767496449416e-06,0.0020843632253904768
181,1.0301010101010102,0.4927272727272727,2.1384161136413837e-05,0.002125287989771741
182,1.0301010101010102,0.4986868686868686,-1.6470907763836596e-05,0.002123992387021322
183,1.0301010101010102,0.5046464646464646,-2.941477137620512e-05,0.002140182438283748
184,1.0301010101010102,0.5106060606060605,-1.5641193325415316e-05,0.002173065446614431
185,1.0301010101010102,0.5165656565656566,3.66180894215887e-05,0.0021850318094418287
186,1.0301010101010102,0.5225252525252525,3.573322189780992e-05,0.002230870575090905
187,1.0301010101010102,0.5284848484848484,-5.016410338865519e-05,0.0022303481803516473
188,1.0301010101010102,0.5344444444444444,-1.4054708501364298e-05,0.0022926444471356566
189,1.0301010101010102,0.5404040404040403,5.4733208010772614e-05,0.002291852052298754
190,1.0301010101010102,0.5463636363636363,4.149668489713136e-05,0.002323101542393491
191,1.0301010101010102,0.5523232323232323,-1.941833473536436e-06,0.0023152858397186807
192,1.0301010101010102,0.5582828282828283,5.855949712029884e-06,0.0023835498250955323
193,1.0301010101010102,0.5642424242424242,8.044904946635567e-07,0.002415643301058345
194,1.0301010101010102,0.5702020202020202,1.542316172319854e-05,0.002470475733229953
195,1.0301010101010102,0.5761616161616161,-1.4147392986030948e-05,0.0024662904516723617
196,1.0301010101010102,0.582121212121212,-1.9566680323966244e-06,0.0024711734244475094
197,1.0301010101010102,0.588080808080808,3.242230707692284e-06,0.002506256244782507
198,1.0301010101010102,0.594040404040404,8.541022752900418e-06,0.002527488975538064
199,1.0301010101010102,0.6,-4.110060065846839e-05,0.0025704078573872595
200,1.0502020202020201,0.01,-7.337773524558888e-07,7.099005267419917e-05
201,1.0502020202020201,0.01595959595959596,-2.2900002309337308e-07,0.00011267701369601644
202,1.0502020202020201,0.021919191919191918,4.1954108664793434e-07,0.00015371338986392254
203,1.0502020202020201,0.027878787878787878,2.8959894211965874e-06,0.00019677054567926659
204,1.0502020202020201,0.033838383838383834,-3.413502542278002e-06,0.00024207353845279308
205,1.0502020202020201,0.0397979797979798,3.526514728215857e-06,0.00028616714030931515
206,1.0502020202020201,0.045757575757575754,-3.4162795775403153e-06,0.00032437474135046495
207,1.0502020202020201,0.05171717171717172,-9.078947227153688e-06,0.00036463773873034964
208,1.0502020202020201,0.05767676767676767,2.791208310448201e-06,0.0004102482069668303
209,1.0502020202020201,0.06363636363636363,-8.004681575563221e-07,0.0004523456527301164
210,1.0502020202020201,0.06959595959595959,6.127332649676909e-08,0.0004908303122683797
211,1.0502020202020201,0.07555555555555554,-5.66479192147602e-06,0.0005345163008948515
212,1.0502020202020201,0.0815151515151515,6.749193789812858e-06,0.0005688989963783199
213,1.0502020202020201,0.08747474747474746,-3.4824213354137768e-06,0.0006146459797060291
214,1.0502020202020201,0.09343434343434343,7.560931491162392e-06,0.0006542486038557103
215,1.0502020202020201,0.09939393939393938,7.604422111159726e-06,0.0006953291087191172
216,1.0502020202020201,0.10535353535353534,-1.4689909507970789e-05,0.000741826995823916
217,1.0502020202020201,0.1113131313131313,1.3699819624509057e-06,0.0007896191390565536
218,1.0502020202020201,0.11727272727272725,-6.2539387306636995e-06,0.0008330189258203149
219,1.0502020202020201,0.12323232323232322,-4.447377756034587e-06,0.0008707239849003569
220,1.0502020202020201,0.1291919191919192,6.518765126574788e-06,0.0009091397218583214
221,1.0502020202020201,0.13515151515151513,-6.991326467646941e-06,0.0009563978782946827
222,1.0502020202020201,0.1411111111111111,-8.639182903271569e-06,0.0009882578254378062
223,1.0502020202020201,0.14707070707070707,6.04311120987494e-06,0.001049927403718357
224,1.0502020202020201,0.15303030303030302,-5.547699276396311e-07,0.001092510388736489
225,1.0502020202020201,0.158989898989899,1.8293649026856817e-05,0.0011237015495444659
226,1.0502020202020201,0.16494949494949493,-1.0589393815462045e-05,0.0011735804408066876
227,1.0502020202020201,0.1709090909090909,-1.0684180035876433e-05,0.0012127879355861857
228,1.0502020202020201,0.17686868686868687,-3.7325869820411637e-06,0.0012462291480065213
229,1.0502020202020201,0.1828282828282828,-1.6850116846340112e-05,0.0013208735274102543
230,1.0502020202020201,0.18878787878787878,-1.1406605612203524e-05,0.0013178145196937432
231,1.0502020202020201,0.19474747474747472,-1.7794586793288491e-06,0.0013712823455999796
232,1.0502020202020201,0.2007070707070707,2.105930763554117e-05,0.0014027724384850127
233,1.0502020202020201,0.20666666666666667,9.297987405889785e-06,0.0014570778545376396
234,1.0502020202020201,0.2126262626262626,-1.0798970011803244e-05,0.0015124362830251103
235,1.0502020202020201,0.21858585858585858,1.465321600723829e-05,0.0015363081768434408
236,1.0502020202020201,0.22454545454545452,9.78211602590826e-06,0.0015983479529993686
237,1.0502020202020201,0.2305050505050505,-2.0609244178861208e-05,0.001634742152211991
238,1.0502020202020201,0.23646464646464646,-8.207397139490779e-06,0.001661076747524796
239,1.0502020202020201,0.2424242424242424,-2.4680908845273942e-05,0.001705196192652711
240,1.0502020202020201,0.24838383838383837,4.477311028382624e-06,0.0017604727473933457
241,1.0502020202020201,0.2543434343434343,-5.602769230109073e-06,0.0018075770750658087
242,1.0502020202020201,0.26030303030303026,-2.1748779495629044e-05,0.00185624702013454
243,1.0502020202020201,0.26626262626262626,3.617134460504523e-06,0.0018746178120377273
244,1.0502020202020201,0.2722222222222222,3.099429223472612e-05,0.0019172199533671137
245,1.0502020202020201,0.27818181818181814,-2.8053626836389033e-05,0.0019806254970473826
246,1.0502020202020201,0.28414141414141414,-1.1594302090065e-05,0.002024404907056932
247,1.0502020202020201,0.2901010101010101,-1.0408730648130093e-05,0.002072049777507726
248,1.0502020202020201,0.296060606060606,-2.2524419822920306e-06,0.0021103821765226156
249,1.0502020202020201,0.302020202020202,-7.005835944053662e-06,0.0021404523838080445
250,1.0502020202020201,0.30797979797979796,-4.399738227278976e-05,0.0021462656874084206
251,1.0502020202020201,0.3139393939393939,2.4523027977610357e-05,0.0022490221145118577
252,1.0502020202020201,0.31989898989898985,1.553794228387164e-05,0.002274686937059341
253,1.0502020202020201,0.32585858585858585,2.696397494927416e-06,0.002271273747265936
254,1.0502020202020201,0.3318181818181818,3.0636463247629875e-05,0.0023519185010889357
255,1.0502020202020201,0.33777777777777773,1.4579784107960802e-05,0.002386317325240348
256,1.0502020202020201,0.34373737373737373,1.266435793500631e-05,0.00243271039060032
257,1.0502020202020201,0.3496969696969697,1.2517725081753616e-05,0.0024575192447470803
258,1.0502020202020201,0.3556565656565656,1.8154255296503385e-05,0.0025320563720039185
259,1.0502020202020201,0.3616161616161616,-9.417119670809826e-07,0.0025460423539634775
260,1.0502020202020201,0.36757575757575756,-9.315927921889878e-06,0.0025958752962610605
261,1.0502020202020201,0.3735353535353535,3.444614590609494e-05,0.002658296938828952
262,1.0502020202020201,0.37949494949494944,-1.251957682966931e-07,0.0027167431915103074
263,1.0502020202020201,0.38545454545454544,2.0395140434840396e-05,0.0027205512634092856
264,1.0502020202020201,0.3914141414141414,-3.856372149582821e-06,0.002764046043128283
265,1.0502020202020201,0.3973737373737373,-2.0311372310882437e-05,0.0028201174325470832
266,1.0502020202020201,0.4033333333333333,1.8210182247394612e-05,0.0028430635853697993
267,1.0502020202020201,0.40929292929292926,6.4937140316786106e-06,0.0029087583604207453
268,1.0502020202020201,0.4152525252525252,4.810810785233332e-06,0.002954194221244516
269,1.0502020202020201,0.42121212121212115,-4.3348917252560214e-05,0.002995774558849712
270,1.0502020202020201,0.42717171717171715,7.745150986569604e-06,0.003010469272174865
271,1.0502020202020201,0.4331313131313131,-1.8753590119590192e-05,0.0030667351985446197
272,1.0502020202020201,0.43909090909090903,3.128922734008766e-05,0.003154310009027572
273,1.0502020202020201,0.44505050505050503,1.5717758908881374e-05,0.0031596699942272057
274,1.0502020202020201,0.45101010101010097,-8.654045088590912e-07,0.0032381344832515587
275,1.0502020202020201,0.4569696969696969,-1.9616934583694044e-05,0.003229755237280481
276,1.0502020202020201,0.4629292929292929,1.4009623746526268e-05,0.0032970998536945516
277,1.0502020202020201,0.46888888888888886,7.99221682138268e-06,0.0033110187322007156
278,1.0502020202020201,0.4748484848484848,2.9943833681743005e-05,0.0034179924576745392
279,1.0502020202020201,0.48080808080808074,1.1758276301371161e-05,0.0034366192560607144
280,1.0502020202020201,0.48676767676767674,1.72030325728595e-05,0.003440590538298605
281,1.0502020202020201,0.4927272727272727,-6.595615582000547e-06,0.003502742066345918
282,1.0502020202020201,0.4986868686868686,-1.4248659482600013e-05,0.0035002706450371437
283,1.0502020202020201,0.5046464646464646,1.4295451009714545e-05,0.003578822885310402
284,1.0502020202020201,0.5106060606060605,-2.9789535239832475e-05,0.0035925908821215842
285,1.0502020202020201,0.5165656565656566,-2.912934776456855e-06,0.00362576307801148
286,1.0502020202020201,0.5225252525252525,5.866877847536428e-05,0.003687610198671059
287,1.0502020202020201,0.5284848484848484,-4.40033344357863e-06,0.003710137283913651
288,1.0502020202020201,0.5344444444444444,2.1758019670938157e-06,0.003806518166393819
289,1.0502020202020201,0.5404040404040403,-9.483139929732342e-06,0.0038086511896720868
290,1.0502020202020201,0.5463636363636363,6.109611108354011e-05,0.0038746562500085353
291,1.0502020202020201,0.5523232323232323,5.566572619373777e-06,0.0039404587391625384
292,1.0502020202020201,0.5582828282828283,-1.2110600558411755e-05,0.003955924541024826
293,1.0502020202020201,0.5642424242424242,-0.00011190328280651074,0.0040079478565363865
294,1.0502020202020201,0.5702020202020202,-4.574009626603299e-05,0.004064199485680851
295,1.0502020202020201,0.5761616161616161,5.857048877493953e-05,0.004105092186465125
296,1.0502020202020201,0.582121212121212,-3.998758405339423e-05,0.004118222929378629
297,1.0502020202020201,0.588080808080808,-3.59554797732173e-05,0.004177866165187805
298,1.0502020202020201,0.594040404040404,5.826377399929339e-06,0.004234689364358222
299,1.0502020202020201,0.6,5.526268651550925e-06,0.004309972105589538
300,1.0703030303030303,0.01,3.53702344949014e-07,9.797673644826866e-05
301,1.0703030303030303,0.01595959595959596,-1.7597515492531413e-06,0.00015805549841689138
302,1.0703030303030303,0.021919191919191918,-1.3088575938714375e-06,0.0002162805106853616
303,1.0703030303030303,0.027878787878787878,-2.180033940643611e-06,0.00027496273256510825
304,1.0703030303030303,0.033838383838383834,-5.7599409998960515e-06,0.00033679006368423216
305,1.0703030303030303,0.0397979797979798,-2.374784587001666e-06,0.00039642438586145334
306,1.0703030303030303,0.045757575757575754,2.788683715839746e-06,0.00045294127076431586
307,1.0703030303030303,0.05171717171717172,-1.4883143665876175e-06,0.0005162995274567014
308,1.0703030303030303,0.05767676767676767,9.788553036103464e-06,0.0005712304211197
309,1.0703030303030303,0.06363636363636363,-1.1584140020805656e-05,0.0006284428078567822
310,1.0703030303030303,0.06959595959595959,3.833532500369874e-06,0.0006821931209403381
311,1.0703030303030303,0.07555555555555554,1.1294131984942446e-07,0.0007435547460171809
312,1.0703030303030303,0.0815151515151515,8.858486213245932e-06,0.00081420442549341
313,1.0703030303030303,0.08747474747474746,-1.404404701896932e-05,0.0008755260809845087
314,1.0703030303030303,0.09343434343434343,2.009144077700763e-05,0.0009306626587728297
315,1.0703030303030303,0.09939393939393938,-9.160790597803726e-06,0.0009895048114563164
316,1.0703030303030303,0.10535353535353534,2.4715114311732344e-06,0.001043501696870394
317,1.0703030303030303,0.1113131313131313,5.280494190573315e-06,0.0010923127261903383
318,1.0703030303030303,0.11727272727272725,-1.1590702730505686e-05,0.0011714795191820559
319,1.0703030303030303,0.12323232323232322,-1.2419098788940042e-05,0.0012164946468244682
320,1.0703030303030303,0.1291919191919192,-4.078456502088157e-07,0.0012702358855388334
321,1.0703030303030303,0.13515151515151513,-7.180179753396132e-06,0.0013496889823331444
322,1.0703030303030303,0.1411111111111111,2.8443766803271097e-07,0.0013969511246321733
323,1.0703030303030303,0.14707070707070707,-2.9922732443333865e-05,0.0014728067140691143
324,1.0703030303030303,0.15303030303030302,-1.592438464061432e-05,0.001514480353282
325,1.0703030303030303,0.158989898989899,-8.0638643515202e-06,0.0015732220285922397
326,1.0703030303030303,0.16494949494949493,2.2266987985943155e-05,0.001641696967739811
327,1.0703030303030303,0.1709090909090909,8.535303341943822e-06,0.001707374712515135
328,1.0703030303030303,0.17686868686868687,3.7666629810409246e-06,0.0017640538376644626
329,1.0703030303030303,0.1828282828282828,-2.613531917310633e-05,0.0018011744109017584
330,1.0703030303030303,0.18878787878787878,-1.8937529912983687e-05,0.001873122503818925
331,1.0703030303030303,0.19474747474747472,9.812282688086205e-06,0.0019467133907563117
332,1.0703030303030303,0.2007070707070707,-6.293340460827469e-05,0.0019679345997997547
333,1.0703030303030303,0.20666666666666667,-3.523736190896775e-05,0.0020460739556506526
334,1.0703030303030303,0.2126262626262626,2.2909809289722104e-05,0.002122480662210212
335,1.0703030303030303,0.21858585858585858,1.813987808930595e-06,0.0021811323332713724
336,1.0703030303030303,0.22454545454545452,3.309078970100676e-06,0.0022407141205862268
337,1.0703030303030303,0.2305050505050505,-3.954768008051552e-05,0.0023156731546238513
338,1.0703030303030303,0.23646464646464646,-1.4723631361025468e-05,0.0023850916065893246
339,1.0703030303030303,0.2424242424242424,-2.174795399597196e-05,0.0023854799109540685
340,1.0703030303030303,0.24838383838383837,-1.3774667843777632e-05,0.002438234845018251
341,1.0703030303030303,0.2543434343434343,-2.6695770841240087e-06,0.0025417312118868056
342,1.0703030303030303,0.26030303030303026,-8.089104173426543e-06,0.0025884008776637484
343,1.0703030303030303,0.26626262626262626,4.243007301421196e-05,0.0026141382001803022
344,1.0703030303030303,0.2722222222222222,2.6044142197760155e-05,0.0027208803023812114
345,1.0703030303030303,0.27818181818181814,-8.384884055427222e-06,0.0027551592213639906
346,1.0703030303030303,0.28414141414141414,-3.6375002776981556e-05,0.002804283528345795
347,1.0703030303030303,0.2901010101010101,1.6775119756932687e-05,0.002904070419397157
348,1.0703030303030303,0.296060606060606,-8.031313999545454e-06,0.002898311222863315
349,1.0703030303030303,0.302020202020202,8.826092882408451e-05,0.0029847767211518793
350,1.0703030303030303,0.30797979797979796,-3.054159699402884e-05,0.003056965901734607
351,1.0703030303030303,0.3139393939393939,-6.703687415640724e-06,0.003105448046569017
352,1.0703030303030303,0.31989898989898985,1.1670473197623033e-05,0.0031974374085727638
353,1.0703030303030303,0.32585858585858585,-3.2161298624517976e-05,0.0032488460935227786
354,1.0703030303030303,0.3318181818181818,-2.1537382161986863e-06,0.0033094562058758633
355,1.0703030303030303,0.33777777777777773,1.7301291005501928e-05,0.0033425630272345143
356,1.0703030303030303,0.34373737373737373,-8.334024088328603e-05,0.0033869532663271945
357,1.0703030303030303,0.3496969696969697,1.5604393001347982e-05,0.0034972520892996932
358,1.0703030303030303,0.3556565656565656,-5.4315207236914164e-05,0.0035113446826735718
359,1.0703030303030303,0.3616161616161616,-4.856834525895e-05,0.003601239972896997
360,1.0703030303030303,0.36757575757575756,4.49640482733995e-06,0.0036343988739333103
361,1.0703030303030303,0.3735353535353535,3.7457411705732966e-05,0.0037796646169002885
362,1.0703030303030303,0.37949494949494944,4.076233523055006e-06,0.0037384913984072786
363,1.0703030303030303,0.38545454545454544,-2.2427575472646933e-05,0.003796054796757136
364,1.0703030303030303,0.3914141414141414,1.1239039390019213e-05,0.0038752913906326555
365,1.0703030303030303,0.3973737373737373,-1.2723950891280888e-05,0.0039402110666574355
366,1.0703030303030303,0.4033333333333333,-1.1336973706628784e-05,0.003993221242017966
367,1.0703030303030303,0.40929292929292926,-5.167817424354768e-05,0.0040748100269991545
368,1.0703030303030303,0.4152525252525252,4.026663084480323e-05,0.004112427492331292
369,1.0703030303030303,0.42121212121212115,9.848327589786931e-06,0.004216363656606425
370,1.0703030303030303,0.42717171717171715,3.158797469030717e-05,0.004218885314864601
371,1.0703030303030303,0.4331313131313131,-1.3998085282767137e-06,0.004289086218621742
372,1.0703030303030303,0.43909090909090903,1.2708412745714493e-05,0.004371403155407626
373,1.0703030303030303,0.44505050505050503,-3.2191857829798167e-06,0.004367715115843008
374,1.0703030303030303,0.45101010101010097,9.990220042004653e-05,0.0044956979313565916
375,1.0703030303030303,0.4569696969696969,-7.150790028688296e-05,0.0044994878356354375
376,1.0703030303030303,0.4629292929292929,-4.960634124410785e-05,0.004584053187588088
377,1.0703030303030303,0.46888888888888886,4.111078637797463e-05,0.004607455026873196
378,1.0703030303030303,0.4748484848484848,-8.611833860819654e-05,0.004735133973009765
379,1.0703030303030303,0.48080808080808074,2.2958330794139848e-05,0.004806549371208812
380,1.0703030303030303,0.48676767676767674,4.675219120721768e-05,0.004828665908177616
381,1.0703030303030303,0.4927272727272727,8.958126783050457e-05,0.004911565821678473
382,1.0703030303030303,0.4986868686868686,2.4910269739117185e-05,0.004928770560292384
383,1.0703030303030303,0.5046464646464646,-4.664802480909144e-05,0.0050163596419795856
384,1.0703030303030303,0.5106060606060605,6.886331085780406e-06,0.00512012377036519
385,1.0703030303030303,0.5165656565656566,-5.920289373125033e-05,0.005137868515215007
386,1.0703030303030303,0.5225252525252525,8.69727629260205e-05,0.005196930054257732
387,1.0703030303030303,0.5284848484848484,-1.4844353791011089e-05,0.005258039607398987
388,1.0703030303030303,0.5344444444444444,-2.7187985094166134e-05,0.005337434552902917
389,1.0703030303030303,0.5404040404040403,-4.721463688334784e-05,0.005356919447227097
390,1.0703030303030303,0.5463636363636363,-1.7937247465563132e-05,0.005441545316696216
391,1.0703030303030303,0.5523232323232323,-9.253338690735583e-05,0.005452456945115802
392,1.0703030303030303,0.5582828282828283,-7.590779150683746e-06,0.005633813793685159
393,1.0703030303030303,0.5642424242424242,-6.989174083296709e-05,0.005618684805705835
394,1.0703030303030303,0.5702020202020202,1.4056709209313646e-05,0.005689943884239277
395,1.0703030303030303,0.5761616161616161,-6.0560466498506094e-05,0.005684811324425077
396,1.0703030303030303,0.582121212121212,2.112736682471361e-07,0.005753193298885623
397,1.0703030303030303,0.588080808080808,-2.8188070262772812e-05,0.005812863635222632
398,1.0703030303030303,0.594040404040404,-1.1368269994514036e-05,0.005936949553373573
399,1.0703030303030303,0.6,-3.8770491977076316e-05,0.006037098472553526
400,1.0904040404040405,0.01,-1.63932497589655e-06,0.00012732180287828126
401,1.0904040404040405,0.01595959595959596,-1.1086609734034192e-06,0.00020367833637005288
402,1.0904040404040405,0.021919191919191918,-1.4779094863494714e-06,0.0002779049147694241
403,1.0904040404040405,0.027878787878787878,1.843370975272196e-06,0.00035319091144145933
404,1.0904040404040405,0.033838383838383834,5.920374005041751e-08,0.00042932128960058096
405,1.0904040404040405,0.0397979797979798,8.811921743869644e-06,0.0005063957496957253
406,1.0904040404040405,0.045757575757575754,7.840095418557014e-07,0.000585815374578781
407,1.0904040404040405,0.05171717171717172,-6.643216741404456e-06,0.0006532544645834562
408,1.0904040404040405,0.05767676767676767,2.0982436046652396e-06,0.0007380414272383402
409,1.0904040404040405,0.06363636363636363,-6.932468764023758e-08,0.0008033412853515588
410,1.0904040404040405,0.06959595959595959,1.5455619360049023e-06,0.0008882688505513004
411,1.0904040404040405,0.07555555555555554,-3.632746440128998e-06,0.0009646899801589313
412,1.0904040404040405,0.0815151515151515,3.048783539393807e-06,0.0010436516414536012
413,1.0904040404040405,0.08747474747474746,-1.2233181264828318e-05,0.001119241774376758
414,1.0904040404040405,0.09343434343434343,-6.681578775433083e-06,0.0012033986400204395
415,1.0904040404040405,0.09939393939393938,1.2223870058119679e-05,0.0012687400777666843
416,1.0904040404040405,0.10535353535353534,-1.5520021400277662e-05,0.0013391571870968067
417,1.0904040404040405,0.1113131313131313,1.1733496669761912e-05,0.0014297412041686813
418,1.0904040404040405,0.11727272727272725,-1.2030808763034894e-05,0.0015057072023754886
419,1.0904040404040405,0.12323232323232322,-2.0272783561434983e-05,0.001574198658457114
420,1.0904040404040405,0.1291919191919192,-1.4024437303693838e-05,0.0016535545521069637
421,1.0904040404040405,0.13515151515151513,-1.0368477632248663e-05,0.0017196762827598397
422,1.0904040404040405,0.1411111111111111,-2.8343627677656857e-06,0.0018037788521178438
423,1.0904040404040405,0.14707070707070707,-1.62513245387816e-05,0.0018643969955591123
424,1.0904040404040405,0.15303030303030302,-6.933821906444692e-06,0.0019365850327414309
425,1.0904040404040405,0.158989898989899,-6.738057385696272e-06,0.0020116049423336228
426,1.0904040404040405,0.16494949494949493,-1.0286153008748978e-05,0.0020975849502309555
427,1.0904040404040405,0.1709090909090909,-7.5375906559271844e-06,0.00216430067575495
428,1.0904040404040405,0.17686868686868687,-1.4565203689043471e-05,0.0022665833325784053
429,1.0904040404040405,0.1828282828282828,1.6270961277338215e-05,0.002360752187148001
430,1.0904040404040405,0.18878787878787878,-1.480593468375092e-05,0.0023864926821794306
431,1.0904040404040405,0.19474747474747472,-2.5997952153694226e-05,0.0024961265260836202
432,1.0904040404040405,0.2007070707070707,-6.064642871526904e-06,0.0025494577976162315
433,1.0904040404040405,0.20666666666666667,5.175040433639222e-06,0.002601858398929621
434,1.0904040404040405,0.2126262626262626,-6.545094105067717e-06,0.0027235778777003022
435,1.0904040404040405,0.21858585858585858,6.622421182951588e-06,0.0028072487209560497
436,1.0904040404040405,0.22454545454545452,4.341189483150125e-05,0.0028757572898207152
437,1.0904040404040405,0.2305050505050505,-2.904013996924604e-06,0.0029510721487604336
438,1.0904040404040405,0.23646464646464646,-4.722265389188118e-05,0.0030431167109570604
439,1.0904040404040405,0.2424242424242424,3.5164151687063894e-05,0.0030945038523843755
440,1.0904040404040405,0.24838383838383837,-8.84475023258987e-06,0.0031394315738050116
441,1.0904040404040405,0.2543434343434343,-4.8202037679634915e-05,0.003197758868023018
442,1.0904040404040405,0.26030303030303026,-4.084169579458992e-05,0.0032954403896868698
443,1.0904040404040405,0.26626262626262626,-3.5620680655102134e-05,0.0034059957867062125
444,1.0904040404040405,0.2722222222222222,-9.174179308423158e-06,0.0034554142674345922
445,1.0904040404040405,0.27818181818181814,5.043228932868715e-05,0.0036102845090501606
446,1.0904040404040405,0.28414141414141414,3.9779159447765456e-05,0.003672108029946737
447,1.0904040404040405,0.2901010101010101,8.293533810045683e-06,0.0036625422980006536
448,1.0904040404040405,0.296060606060606,1.542513606220828e-05,0.003741622082363278
449,1.0904040404040405,0.302020202020202,-2.620521288921397e-05,0.0038419334633831657
450,1.0904040404040405,0.30797979797979796,-2.8540314231969822e-05,0.003894231284465909
451,1.0904040404040405,0.3139393939393939,1.628030070926796e-05,0.003999782999931779
452,1.0904040404040405,0.31989898989898985,4.077837979434497e-05,0.004119774692077176
453,1.0904040404040405,0.32585858585858585,-1.0708904868766845e-05,0.004139435400413161
454,1.0904040404040405,0.3318181818181818,2.5191503913270742e-06,0.004179240606510383
455,1.0904040404040405,0.33777777777777773,8.084379460643409e-05,0.0043473700748665935
456,1.0904040404040405,0.34373737373737373,3.085580212143206e-05,0.004384643231647123
457,1.0904040404040405,0.3496969696969697,3.5512045576598236e-05,0.004493358319529228
458,1.0904040404040405,0.3556565656565656,-8.910883205319535e-05,0.004499937661584762
459,1.0904040404040405,0.3616161616161616,2.477620368690693e-05,0.004615467258854139
460,1.0904040404040405,0.36757575757575756,-2.584611705342852e-05,0.004643747982103101
461,1.0904040404040405,0.3735353535353535,3.8324379001727315e-05,0.004759492235544185
462,1.0904040404040405,0.37949494949494944,1.5760277140201452e-06,0.004879557228645129
463,1.0904040404040405,0.38545454545454544,-3.4928915248922984e-05,0.004896420370588687
464,1.0904040404040405,0.3914141414141414,-2.6455782123488482e-05,0.004933403252247788
465,1.0904040404040405,0.3973737373737373,1.3307983413378022e-05,0.005000261952211505
466,1.0904040404040405,0.4033333333333333,3.393901400631544e-05,0.005176458653566929
467,1.0904040404040405,0.40929292929292926,-4.728320430469023e-05,0.005220728273175723
468,1.0904040404040405,0.4152525252525252,2.2763866071404472e-05,0.005307848744078954
469,1.0904040404040405,0.42121212121212115,-6.563892489458315e-05,0.0053702458997656665
470,1.0904040404040405,0.42717171717171715,6.211366732563416e-05,0.005471956130975862
471,1.0904040404040405,0.4331313131313131,-8.420551683788656e-05,0.0055032329153957595
472,1.0904040404040405,0.43909090909090903,0.00010707948694114098,0.005590799691570039
473,1.0904040404040405,0.44505050505050503,-5.167900278177331e-05,0.005669652186096158
474,1.0904040404040405,0.45101010101010097,-1.2476229357165435e-05,0.005775947316130547
475,1.0904040404040405,0.4569696969696969,9.57490189237532e-06,0.0058358703720009794
476,1.0904040404040405,0.4629292929292929,2.1939128115094296e-05,0.00590289990908106
477,1.0904040404040405,0.46888888888888886,-1.6912247007118332e-05,0.005976153432296513
478,1.0904040404040405,0.4748484848484848,7.635571575989888e-05,0.006063554936575235
479,1.0904040404040405,0.48080808080808074,-5.482076469613051e-06,0.00616398746877843
480,1.0904040404040405,0.48676767676767674,6.2150785546185695e-06,0.0062725900062791905
481,1.0904040404040405,0.4927272727272727,-7.539616477199873e-06,0.006324794838953271
482,1.0904040404040405,0.4986868686868686,2.794814721483563e-06,0.00641447236827598
483,1.0904040404040405,0.5046464646464646,-0.00010918773078290357,0.006424448958176907
484,1.0904040404040405,0.5106060606060605,-8.913043623763659e-05,0.006551484790473988
485,1.0904040404040405,0.5165656565656566,-2.253321876750861e-05,0.006543104235919922
486,1.0904040404040405,0.5225252525252525,8.280608046473681e-09,0.006763769216440504
487,1.0904040404040405,0.5284848484848484,-4.6632907116812936e-05,0.006710782976646488
488,1.0904040404040405,0.5344444444444444,-0.00016652314621270388,0.0067835466177192045
489,1.0904040404040405,0.5404040404040403,-1.9396672567052776e-05,0.006900324195272737
490,1.0904040404040405,0.5463636363636363,-4.887804269464079e-05,0.007006896931575192
491,1.0904040404040405,0.5523232323232323,-0.00013082284724377224,0.00693745603333538
492,1.0904040404040405,0.5582828282828283,-3.5077355213990224e-05,0.007060000734971799
493,1.0904040404040405,0.5642424242424242,-8.575946249327671e-05,0.007370895075387005
494,1.0904040404040405,0.5702020202020202,-2.0384889074502953e-05,0.007346290845934935
495,1.0904040404040405,0.5761616161616161,-4.632886401275524e-05,0.007390380829977597
496,1.0904040404040405,0.582121212121212,-4.587198500598249e-05,0.007464003315516779
497,1.0904040404040405,0.588080808080808,9.008668087692722e-05,0.007607277989012449
498,1.0904040404040405,0.594040404040404,0.00018291874195752234,0.007612535408200743
499,1.0904040404040405,0.6,-4.9599299743905366e-05,0.007620402295066421
500,1.1105050505050504,0.01,2.0960789612798236e-06,0.00015482525923074273
501,1.1105050505050504,0.01595959595959596,-2.426392465413085e-06,0.00024770622624131327
502,1.1105050505050504,0.021919191919191918,-6.835961197114826e-07,0.00034137501048759304
503,1.1105050505050504,0.027878787878787878,-7.126260209353586e-08,0.00043501825413854
504,1.1105050505050504,0.033838383838383834,7.615618845712269e-07,0.000526007514796867
505,1.1105050505050504,0.0397979797979798,-1.8487350335419595e-06,0.0006169073587505985
506,1.1105050505050504,0.045757575757575754,-2.926253259626055e-06,0.0007190169785949086
507,1.1105050505050504,0.05171717171717172,-1.9156231203033658e-05,0.0007990092033501155
508,1.1105050505050504,0.05767676767676767,6.713202884952019e-06,0.0008902648908419649
509,1.1105050505050504,0.06363636363636363,3.4294362051433214e-06,0.0009928892704384425
510,1.1105050505050504,0.06959595959595959,-7.310170392754312e-06,0.0010960867804843419
511,1.1105050505050504,0.07555555555555554,-7.011739694137964e-06,0.0011804926957820182
512,1.1105050505050504,0.0815151515151515,-1.575119476647313e-05,0.0012662791113130984
513,1.1105050505050504,0.08747474747474746,4.5854383391932375e-06,0.0013647109081828094
514,1.1105050505050504,0.09343434343434343,4.327309051658257e-06,0.0014621404536946275
515,1.1105050505050504,0.09939393939393938,-8.0299210930862e-06,0.0015636443581433749
516,1.1105050505050504,0.10535353535353534,-1.0020009286950804e-05,0.0016317676623064485
517,1.1105050505050504,0.1113131313131313,3.0734060433786516e-05,0.0017374664272032105
518,1.1105050505050504,0.11727272727272725,2.5758292712709683e-06,0.0018175683895637537
519,1.1105050505050504,0.12323232323232322,-2.2042710199939975e-05,0.001935101908627661
520,1.1105050505050504,0.1291919191919192,1.16312425197319e-05,0.0020175500323654904
521,1.1105050505050504,0.13515151515151513,-2.8666815989937623e-05,0.002116245498354783
522,1.1105050505050504,0.1411111111111111,-7.668952923897754e-06,0.0021958667428910858
523,1.1105050505050504,0.14707070707070707,1.941603361283647e-05,0.0023246419332623542
524,1.1105050505050504,0.15303030303030302,-4.018386772517702e-06,0.0023859852117459036
525,1.1105050505050504,0.158989898989899,-5.687762884976633e-06,0.002482159232629239
526,1.1105050505050504,0.16494949494949493,3.875862758008008e-06,0.002594123056618404
527,1.1105050505050504,0.1709090909090909,-1.1441856910789382e-05,0.0026395414508386178
528,1.1105050505050504,0.17686868686868687,-3.3551609600623866e-07,0.002776384639517673
529,1.1105050505050504,0.1828282828282828,2.210682796186236e-05,0.0028541011071903408
530,1.1105050505050504,0.18878787878787878,-9.77894668588316e-06,0.00294288601694175
531,1.1105050505050504,0.19474747474747472,-5.3495998100884455e-05,0.0030392807820212356
532,1.1105050505050504,0.2007070707070707,-2.6807161060980067e-05,0.0030894791347707506
533,1.1105050505050504,0.20666666666666667,1.9913174459663818e-05,0.0032083826317823045
534,1.1105050505050504,0.2126262626262626,-1.883810653966722e-05,0.003263482927018348
535,1.1105050505050504,0.21858585858585858,-7.893419697377713e-06,0.0033935180266399163
536,1.1105050505050504,0.22454545454545452,-2.2630472014678217e-05,0.0035131102018185457
537,1.1105050505050504,0.2305050505050505,1.9815713335934537e-05,0.0035981947071165106
538,1.1105050505050504,0.23646464646464646,2.09773907321805e-05,0.0037101485421644218
539,1.1105050505050504,0.2424242424242424,2.5060526014039032e-05,0.0037576895974748676
540,1.1105050505050504,0.24838383838383837,-1.4344982128086015e-05,0.0038047200719542812
541,1.1105050505050504,0.2543434343434343,-4.471331032577681e-05,0.003984189930099305
542,1.1105050505050504,0.26030303030303026,4.672465103533718e-05,0.004063612587197241
543,1.1105050505050504,0.26626262626262626,8.822615343628513e-05,0.00414939324796257
544,1.1105050505050504,0.2722222222222222,-1.4635355539424422e-05,0.004218475404139201
545,1.1105050505050504,0.27818181818181814,5.631843558333821e-05,0.004303464648526663
546,1.1105050505050504,0.28414141414141414,-5.913667699368818e-05,0.004405631336863618
547,1.1105050505050504,0.2901010101010101,-1.3451624887160895e-05,0.004469519145234013
548,1.1105050505050504,0.296060606060606,1.540481257478673e-05,0.0046498275594969996
549,1.1105050505050504,0.302020202020202,7.421888314314835e-05,0.004731099393009923
550,1.1105050505050504,0.30797979797979796,-7.279193113720403e-05,0.0047671531457925504
551,1.1105050505050504,0.3139393939393939,5.300291001970703e-06,0.004963254698407877
552,1.1105050505050504,0.31989898989898985,3.141122196022471e-05,0.0049664725343542895
553,1.1105050505050504,0.32585858585858585,5.323491437463893e-05,0.005144536343861927
554,1.1105050505050504,0.3318181818181818,-1.869661003819407e-05,0.005161538361039611
555,1.1105050505050504,0.33777777777777773,2.6702790221596373e-05,0.005222397967431073
556,1.1105050505050504,0.34373737373737373,-1.8956942622480623e-05,0.005307663935777204
557,1.1105050505050504,0.3496969696969697,-2.0958577460243778e-05,0.005441811797868112
558,1.1105050505050504,0.3556565656565656,-5.613778181820193e-05,0.005558035418141942
559,1.1105050505050504,0.3616161616161616,9.92672287962386e-06,0.005625429247010254
560,1.1105050505050504,0.36757575757575756,-5.9057879865029685e-05,0.0057758801781047165
561,1.1105050505050504,0.3735353535353535,9.60778760230861e-05,0.0058072078742066975
562,1.1105050505050504,0.37949494949494944,-2.903080172967749e-05,0.005937943937760967
563,1.1105050505050504,0.38545454545454544,-0.0001429604326906319,0.005958073583965949
564,1.1105050505050504,0.3914141414141414,4.370888601264501e-05,0.00606445151890874
565,1.1105050505050504,0.3973737373737373,0.00013429778755972085,0.006317738126998601
566,1.1105050505050504,0.4033333333333333,-2.8402565355949793e-05,0.00626557994521888
567,1.1105050505050504,0.40929292929292926,2.160189864710015e-05,0.006413250180894548
568,1.1105050505050504,0.4152525252525252,3.320658322289538e-05,0.006566782807109394
569,1.1105050505050504,0.42121212121212115,6.745026025763086e-05,0.006712664565712477
570,1.1105050505050504,0.42717171717171715,-2.448741636489916e-05,0.006662849351579155
571,1.1105050505050504,0.4331313131313131,-3.4190177522181874e-05,0.006783150307586846
572,1.1105050505050504,0.43909090909090903,-9.393458883593495e-05,0.006908512274246852
573,1.1105050505050504,0.44505050505050503,-3.2271093089229884e-05,0.006895443926466772
574,1.1105050505050504,0.45101010101010097,2.02783045555883e-05,0.0070651660436143
575,1.1105050505050504,0.4569696969696969,8.032688580062515e-05,0.007164992354067055
576,1.1105050505050504,0.4629292929292929,-0.0001035873762434008,0.007182149610835787
577,1.1105050505050504,0.46888888888888886,-9.391936540375678e-05,0.007361150778929787
578,1.1105050505050504,0.4748484848484848,-1.0533316664314684e-05,0.007433972740219267
579,1.1105050505050504,0.48080808080808074,0.00014781790024007334,0.007656709288187529
580,1.1105050505050504,0.48676767676767674,0.00016761519191923644,0.007658106605651653
581,1.1105050505050504,0.4927272727272727,4.257865175668757e-05,0.0076374389552016815
582,1.1105050505050504,0.4986868686868686,-3.667600494054691e-05,0.007703092930153013
583,1.1105050505050504,0.5046464646464646,-4.708297113128483e-05,0.007900508473970346
584,1.1105050505050504,0.5106060606060605,0.00010474840861077053,0.008081536191022394
585,1.1105050505050504,0.5165656565656566,0.00019527995900568554,0.008147657397797936
586,1.1105050505050504,0.5225252525252525,2.8975163334361098e-05,0.008155067876868408
587,1.1105050505050504,0.5284848484848484,-0.00011389794140279624,0.008198905197943812
588,1.1105050505050504,0.5344444444444444,-1.2100099469630887e-05,0.008355291691079505
589,1.1105050505050504,0.5404040404040403,-2.2345833165049576e-05,0.00839819746242665
590,1.1105050505050504,0.5463636363636363,-2.2783982704840945e-06,0.008638236365663143
591,1.1105050505050504,0.5523232323232323,-0.00015849793700147813,0.008518259716532934
592,1.1105050505050504,0.5582828282828283,0.00013825420491982528,0.008926765292300012
593,1.1105050505050504,0.5642424242424242,2.9523014453703566e-05,0.008815735687692238
594,1.1105050505050504,0.5702020202020202,-0.0001401237243634355,0.008792967202461978
595,1.1105050505050504,0.5761616161616161,-9.733823775148268e-05,0.008968251003487002
596,1.1105050505050504,0.582121212121212,-7.779264962993648e-05,0.009115012693372965
597,1.1105050505050504,0.588080808080808,-8.126739529601407e-05,0.00919319244485964
598,1.1105050505050504,0.594040404040404,7.402824334286715e-05,0.009228056201072813
599,1.1105050505050504,0.6,0.00010513554543796593,0.009415563343812303
600,1.1306060606060606,0.01,-1.2481913275111278e-06,0.00018283727262513854
601,1.1306060606060606,0.01595959595959596,9.422795362353797e-07,0.0002909566450907345
602,1.1306060606060606,0.021919191919191918,-2.6246341828959685e-06,0.00040190377881718485
603,1.1306060606060606,0.027878787878787878,-2.814706249002574e-06,0.0005153313296041498
604,1.1306060606060606,0.033838383838383834,1.919188291985907e-06,0.0006242606844469551
605,1.1306060606060606,0.0397979797979798,8.501681416477935e-06,0.0007314959490361194
606,1.1306060606060606,0.045757575757575754,1.1612547275753105e-05,0.000842584530040994
607,1.1306060606060606,0.05171717171717172,-2.614160067988125e-06,0.0009420610403604875
608,1.1306060606060606,0.05767676767676767,1.361543885350025e-06,0.001060176356469441
609,1.1306060606060606,0.06363636363636363,1.1691553686395839e-05,0.0011760539299835466
610,1.1306060606060606,0.06959595959595959,-2.139963365871188e-05,0.0012785539950246423
611,1.1306060606060606,0.07555555555555554,-2.2201380100822277e-05,0.0013872871258053027
612,1.1306060606060606,0.0815151515151515,6.628105005333662e-06,0.0014849039693801075
613,1.1306060606060606,0.08747474747474746,5.425115327801111e-06,0.0016291338314831194
614,1.1306060606060606,0.09343434343434343,5.021156516970507e-05,0.001709369870620139
615,1.1306060606060606,0.09939393939393938,-1.995217657120485e-05,0.001840126006409933
616,1.1306060606060606,0.10535353535353534,-2.5375892626286146e-05,0.0019169809301790844
617,1.1306060606060606,0.1113131313131313,-1.0514948264666223e-05,0.002031665301461444
618,1.1306060606060606,0.11727272727272725,-7.5646558543733034e-06,0.0021569435529670018
619,1.1306060606060606,0.12323232323232322,-9.518626036081445e-06,0.002263295054948132
620,1.1306060606060606,0.1291919191919192,-1.0308961519022386e-06,0.0023803230030029323
621,1.1306060606060606,0.13515151515151513,-2.5067945108231828e-05,0.0024564311795701975
622,1.1306060606060606,0.1411111111111111,-4.031037579447423e-05,0.0026074327259481807
623,1.1306060606060606,0.14707070707070707,3.172587298836801e-05,0.002676133573306583
624,1.1306060606060606,0.15303030303030302,-5.640202816690132e-06,0.002776755807797251
625,1.1306060606060606,0.158989898989899,1.5556106302545937e-05,0.002922635763456565
626,1.1306060606060606,0.16494949494949493,-2.1003700364573575e-05,0.003039334830095884
627,1.1306060606060606,0.1709090909090909,-3.6125311850412125e-06,0.003143526795639525
628,1.1306060606060606,0.17686868686868687,-3.04493723161239e-05,0.003226867388828592
629,1.1306060606060606,0.1828282828282828,-1.5481542050896813e-05,0.003359966974708708
630,1.1306060606060606,0.18878787878787878,-1.623924756643359e-05,0.0034978714761494
631,1.1306060606060606,0.19474747474747472,8.19341337551439e-06,0.0035506910580156564
632,1.1306060606060606,0.2007070707070707,6.561358785413727e-05,0.0036921979902171122
633,1.1306060606060606,0.20666666666666667,4.123692156255811e-05,0.0038203949318044677
634,1.1306060606060606,0.2126262626262626,1.2221645542511384e-05,0.003913522208782847
635,1.1306060606060606,0.21858585858585858,-3.5867704717703796e-05,0.004051089252877002
636,1.1306060606060606,0.22454545454545452,-1.0998344277683136e-05,0.004154562515030514
637,1.1306060606060606,0.2305050505050505,7.632484649836579e-06,0.004258537080945929
638,1.1306060606060606,0.23646464646464646,-2.3862799295619186e-05,0.0043445977500438954
639,1.1306060606060606,0.2424242424242424,-1.6617726802895405e-05,0.004485919467868514
640,1.1306060606060606,0.24838383838383837,-5.204791983898483e-05,0.004556287286940871
641,1.1306060606060606,0.2543434343434343,1.8866811514767434e-06,0.004730201540287457
642,1.1306060606060606,0.26030303030303026,-1.3755612289048825e-05,0.004782206080953113
643,1.1306060606060606,0.26626262626262626,-1.1915677169413019e-05,0.004958422902298338
644,1.1306060606060606,0.2722222222222222,-4.784501744304549e-05,0.005004422295152202
645,1.1306060606060606,0.27818181818181814,5.504608901729301e-05,0.005150657780452546
646,1.1306060606060606,0.28414141414141414,3.77058745302443e-05,0.005247320739129107
647,1.1306060606060606,0.2901010101010101,-3.351472120389909e-05,0.0053259087080491175
648,1.1306060606060606,0.296060606060606,1.7820590936817528e-05,0.005488462004845277
649,1.1306060606060606,0.302020202020202,4.753519875802734e-05,0.0054895375775466625
650,1.1306060606060606,0.30797979797979796,-4.771556456298301e-05,0.005705366836373923
651,1.1306060606060606,0.3139393939393939,-5.721692809513071e-05,0.005726769530001592
652,1.1306060606060606,0.31989898989898985,0.00010048874794530693,0.005851376930699287
653,1.1306060606060606,0.32585858585858585,-4.007115220614654e-06,0.005970180035077189
654,1.1306060606060606,0.3318181818181818,-7.313402483258803e-05,0.0061315349497708905
655,1.1306060606060606,0.33777777777777773,-7.47211789749149e-05,0.00624672051815878
656,1.1306060606060606,0.34373737373737373,8.24780983965345e-05,0.006311634273433842
657,1.1306060606060606,0.3496969696969697,-0.00014621941603874328,0.006409384921462622
658,1.1306060606060606,0.3556565656565656,2.831814803990389e-05,0.006474692860556987
659,1.1306060606060606,0.3616161616161616,-1.4107247248735133e-06,0.006584422510756284
660,1.1306060606060606,0.36757575757575756,-0.0001327416826961918,0.0068364497668976735
661,1.1306060606060606,0.3735353535353535,-3.598508957158112e-05,0.006855739744180157
662,1.1306060606060606,0.37949494949494944,-1.3150686828607917e-05,0.006967239755243951
663,1.1306060606060606,0.38545454545454544,7.574912060632717e-05,0.0071442919253995995
664,1.1306060606060606,0.3914141414141414,0.00011192170415976763,0.007151223084144542
665,1.1306060606060606,0.3973737373737373,1.0240363155745669e-05,0.007373179860215867
666,1.1306060606060606,0.4033333333333333,0.00010218947483754264,0.007386791557521041
667,1.1306060606060606,0.40929292929292926,-6.482819312749465e-05,0.007595980122118179
668,1.1306060606060606,0.4152525252525252,6.505885068078721e-06,0.007689939058444735
669,1.1306060606060606,0.42121212121212115,5.953492075142796e-05,0.007728630518741246
670,1.1306060606060606,0.42717171717171715,1.8899820130398547e-05,0.007883731000315728
671,1.1306060606060606,0.4331313131313131,1.748062067995979e-05,0.007983855289089644
672,1.1306060606060606,0.43909090909090903,7.396499578199154e-05,0.008158006087210559
673,1.1306060606060606,0.44505050505050503,-3.391995639634669e-05,0.008340143756642247
674,1.1306060606060606,0.45101010101010097,-3.0604275980720464e-06,0.00835903755732693
675,1.1306060606060606,0.4569696969696969,-9.840923329976915e-05,0.008311701459670823
676,1.1306060606060606,0.4629292929292929,-4.068628329602016e-05,0.008578459677013293
677,1.1306060606060606,0.46888888888888886,-2.1097867529637626e-05,0.008496850202698582
678,1.1306060606060606,0.4748484848484848,9.568064473098115e-05,0.008845574441164008
679,1.1306060606060606,0.48080808080808074,1.2657207144850746e-05,0.008822970134679382
680,1.1306060606060606,0.48676767676767674,-2.0308313300012703e-05,0.008963313921414057
681,1.1306060606060606,0.4927272727272727,0.0001450684999712943,0.009113704806853558
682,1.1306060606060606,0.4986868686868686,5.5996280870315684e-05,0.009175304428186244
683,1.1306060606060606,0.5046464646464646,4.4249477444701026e-05,0.009378279544486631
684,1.1306060606060606,0.5106060606060605,-4.735684036527474e-05,0.009322110090582836
685,1.1306060606060606,0.5165656565656566,-8.931385030082539e-05,0.009538067443841532
686,1.1306060606060606,0.5225252525252525,-6.818345756317633e-05,0.009706270812922569
687,1.1306060606060606,0.5284848484848484,0.00011868526032517695,0.009725101497776433
688,1.1306060606060606,0.5344444444444444,1.1490898323875377e-05,0.009934999428720183
689,1.1306060606060606,0.5404040404040403,3.768236798383515e-05,0.010059699115698102
690,1.1306060606060606,0.5463636363636363,8.858490505703453e-05,0.010012725730024175
691,1.1306060606060606,0.5523232323232323,-2.5333464652056213e-06,0.010157608279084851
692,1.1306060606060606,0.5582828282828283,-0.00018094496430126394,0.010241358287188881
693,1.1306060606060606,0.5642424242424242,-0.00016598224353203884,0.010326023101215172
694,1.1306060606060606,0.5702020202020202,4.0038481688265215e-05,0.010553887803046004
695,1.1306060606060606,0.5761616161616161,-9.97906230523096e-05,0.010637251815928726
696,1.1306060606060606,0.582121212121212,-0.00011018509249515036,0.010666635452360759
697,1.1306060606060606,0.588080808080808,7.86315261156777e-06,0.010952457581365604
698,1.1306060606060606,0.594040404040404,-0.0001650732895829051,0.010988580656143922
699,1.1306060606060606,0.6,0.00010022335601717274,0.01104212729009241
700,1.1507070707070708,0.01,-1.5022897322531926e-07,0.00021143005069891474
701,1.1507070707070708,0.01595959595959596,5.045133687327396e-07,0.0003403112331571022
702,1.1507070707070708,0.021919191919191918,2.3115669515495373e-06,0.00046437160398427464
703,1.1507070707070708,0.027878787878787878,8.327408311166196e-06,0.0005882824916470846
704,1.1507070707070708,0.033838383838383834,4.448248834984147e-06,0.0007204742882277625
705,1.1507070707070708,0.0397979797979798,1.8575002814584573e-06,0.000845659293331703
706,1.1507070707070708,0.045757575757575754,1.6480622782957368e-05,0.000968205415947855
707,1.1507070707070708,0.05171717171717172,-5.615937202878352e-06,0.0011013663282815583
708,1.1507070707070708,0.05767676767676767,-8.376405299703039e-06,0.001240059325313087
709,1.1507070707070708,0.06363636363636363,6.723289999434356e-06,0.0013448207684272095
710,1.1507070707070708,0.06959595959595959,3.3117079850971674e-06,0.0014743363956336872
711,1.1507070707070708,0.07555555555555554,-3.266363015161673e-05,0.0015864551237052516
712,1.1507070707070708,0.0815151515151515,2.0925421439736093e-05,0.0017240200748708764
713,1.1507070707070708,0.08747474747474746,-3.124577444427108e-05,0.0018697688324358088
714,1.1507070707070708,0.09343434343434343,-5.248606134500145e-06,0.0019766185718165484
715,1.1507070707070708,0.09939393939393938,-1.769583375157403e-05,0.002097713862725875
716,1.1507070707070708,0.10535353535353534,1.5122096627831028e-05,0.002252695393742547
717,1.1507070707070708,0.1113131313131313,-1.936403724045823e-05,0.002370293234240001
718,1.1507070707070708,0.11727272727272725,-1.9827215977968025e-05,0.002518577663189436
719,1.1507070707070708,0.12323232323232322,1.8400164316956868e-05,0.002613702466357014
720,1.1507070707070708,0.1291919191919192,-6.695352774429331e-06,0.00272730087115668
721,1.1507070707070708,0.13515151515151513,-9.457867528002195e-06,0.0028467784032019028
722,1.1507070707070708,0.1411111111111111,-1.1785517637709053e-05,0.003004939385582061
723,1.1507070707070708,0.14707070707070707,-2.3001318117250036e-06,0.003138518942472102
724,1.1507070707070708,0.15303030303030302,1.7278984373177476e-05,0.003225679376933669
725,1.1507070707070708,0.158989898989899,-2.010377703561279e-05,0.003365329757570092
726,1.1507070707070708,0.16494949494949493,3.0399343990610615e-05,0.0034781714677049056
727,1.1507070707070708,0.1709090909090909,3.9101494862492635e-05,0.0035896503676783155
728,1.1507070707070708,0.17686868686868687,4.195760206741484e-06,0.003771390162925626
729,1.1507070707070708,0.1828282828282828,1.024568032030473e-05,0.0038795952022770254
730,1.1507070707070708,0.18878787878787878,-3.3971835045012666e-06,0.004020803165316202
731,1.1507070707070708,0.19474747474747472,9.30116997269107e-06,0.004138975513910659
732,1.1507070707070708,0.2007070707070707,3.898705462767961e-05,0.004312070521707454
733,1.1507070707070708,0.20666666666666667,3.277941442516181e-05,0.004421817720630685
734,1.1507070707070708,0.2126262626262626,1.6229763012150556e-05,0.004399232633510926
735,1.1507070707070708,0.21858585858585858,-6.234380168414354e-05,0.004644515845230631
736,1.1507070707070708,0.22454545454545452,2.2392714246582844e-06,0.004756352269010434
737,1.1507070707070708,0.2305050505050505,-7.015205134936198e-06,0.004915754754202782
738,1.1507070707070708,0.23646464646464646,-2.6872648608991257e-05,0.005000391581634952
739,1.1507070707070708,0.2424242424242424,-0.000107017638044492,0.005147051695628013
740,1.1507070707070708,0.24838383838383837,-3.496814542227611e-07,0.005260793251485302
741,1.1507070707070708,0.2543434343434343,3.416388551157945e-06,0.005298795591592881
742,1.1507070707070708,0.26030303030303026,3.3954097895105173e-06,0.005459022359835707
743,1.1507070707070708,0.26626262626262626,-7.737790586602575e-05,0.005615539025447755
744,1.1507070707070708,0.2722222222222222,-0.00010046735845805916,0.005801440318630574
745,1.1507070707070708,0.27818181818181814,4.272568457493814e-05,0.005897623275111161
746,1.1507070707070708,0.28414141414141414,-5.850495339708528e-06,0.006041844144790172
747,1.1507070707070708,0.2901010101010101,-4.445658919276158e-05,0.0061707627435993425
748,1.1507070707070708,0.296060606060606,0.00011444067251912482,0.006378786611109959
749,1.1507070707070708,0.302020202020202,3.9795744020505044e-05,0.006376294279513795
750,1.1507070707070708,0.30797979797979796,-6.581522501169955e-05,0.006503272436679274
751,1.1507070707070708,0.3139393939393939,-5.013476076856982e-05,0.006655399502425887
752,1.1507070707070708,0.31989898989898985,-8.255487897573852e-05,0.006675301681931441
753,1.1507070707070708,0.32585858585858585,-7.59933939843146e-05,0.006945659970318766
754,1.1507070707070708,0.3318181818181818,-3.706094766198441e-05,0.007055406733260137
755,1.1507070707070708,0.33777777777777773,-4.78661953938352e-05,0.007125172957553691
756,1.1507070707070708,0.34373737373737373,-5.803069216472545e-06,0.00730047833775958
757,1.1507070707070708,0.3496969696969697,6.369531817317667e-05,0.007468234147589187
758,1.1507070707070708,0.3556565656565656,-8.223531498697677e-05,0.007665705486319824
759,1.1507070707070708,0.3616161616161616,-0.00022176379322762468,0.007732577248507621
760,1.1507070707070708,0.36757575757575756,-4.2426029085106285e-06,0.00788627109610147
761,1.1507070707070708,0.3735353535353535,-0.00016943995545079876,0.008041107534490303
762,1.1507070707070708,0.37949494949494944,-0.00011571203020865339,0.008043259768311346
763,1.1507070707070708,0.38545454545454544,5.477707704886981e-06,0.008143082500068304
764,1.1507070707070708,0.3914141414141414,-1.0502408691729238e-05,0.008337033550542449
765,1.1507070707070708,0.3973737373737373,-7.82124103956464e-06,0.008474250768343471
766,1.1507070707070708,0.4033333333333333,-5.425103316212934e-05,0.008562907821712045
767,1.1507070707070708,0.40929292929292926,-4.719016863248123e-05,0.008783341896265826
768,1.1507070707070708,0.4152525252525252,-8.298944901647862e-05,0.00875406960608321
769,1.1507070707070708,0.42121212121212115,4.357739241293167e-05,0.008791040165067897
770,1.1507070707070708,0.42717171717171715,0.00014714102733709772,0.009180542191178616
771,1.1507070707070708,0.4331313131313131,4.740273269823167e-05,0.009240838658145694
772,1.1507070707070708,0.43909090909090903,-7.094955938268151e-05,0.009360158667852427
773,1.1507070707070708,0.44505050505050503,5.531795488781252e-05,0.00948650494871861
774,1.1507070707070708,0.45101010101010097,1.2810727569896808e-05,0.009479063029521577
775,1.1507070707070708,0.4569696969696969,2.90956585951059e-05,0.00978854117914638
776,1.1507070707070708,0.4629292929292929,-0.00020325473954433857,0.009817205537619573
777,1.1507070707070708,0.46888888888888886,-4.3842723564057375e-05,0.010037359375301095
778,1.1507070707070708,0.4748484848484848,0.00017014445827521324,0.010056069351225022
779,1.1507070707070708,0.48080808080808074,-1.5020184167058415e-06,0.010227073931976078
780,1.1507070707070708,0.48676767676767674,9.352307650598906e-05,0.010279381922939234
781,1.1507070707070708,0.4927272727272727,-0.00020449081688634076,0.010307703051029047
782,1.1507070707070708,0.4986868686868686,-7.678494182259284e-05,0.010779362464357959
783,1.1507070707070708,0.5046464646464646,-8.926996100937477e-05,0.010694158769513762
784,1.1507070707070708,0.5106060606060605,7.222505199321765e-05,0.010917579315513619
785,1.1507070707070708,0.5165656565656566,3.267290687298721e-05,0.010954668888771746
786,1.1507070707070708,0.5225252525252525,-0.00011677421228239615,0.011211441822600147
787,1.1507070707070708,0.5284848484848484,1.2306053140440797e-05,0.01116376197728474
788,1.1507070707070708,0.5344444444444444,-7.545258525595294e-05,0.011420534263894784
789,1.1507070707070708,0.5404040404040403,-0.00023351992764953717,0.011424300803696835
790,1.1507070707070708,0.5463636363636363,2.3392472385312313e-05,0.01159755162564466
791,1.1507070707070708,0.5523232323232323,0.0001813236704534868,0.011986248837898771
792,1.1507070707070708,0.5582828282828283,-1.633062540545741e-05,0.01178709706514709
793,1.1507070707070708,0.5642424242424242,-3.474697401231874e-06,0.012004636276055988
794,1.1507070707070708,0.5702020202020202,7.777843770942007e-05,0.01215776067370926
795,1.1507070707070708,0.5761616161616161,-0.0001578772290107411,0.012260403589051656
796,1.1507070707070708,0.582121212121212,1.9874036038272047e-05,0.012582622248751837
797,1.1507070707070708,0.588080808080808,4.2334082083750514e-05,0.01253680597508342
798,1.1507070707070708,0.594040404040404,0.0001166195361828173,0.012600528698730903
799,1.1507070707070708,0.6,1.3112780498176524e-05,0.012830948553984046
800,1.1708080808080807,0.01,-1.5763501813390146e-06,0.0002403228359920912
801,1.1708080808080807,0.01595959595959596,3.531703040915357e-06,0.0003851413459734471
802,1.1708080808080807,0.021919191919191918,-1.6691824217385244e-08,0.0005310458250028002
803,1.1708080808080807,0.027878787878787878,6.196736411368042e-06,0.0006656457522565861
804,1.1708080808080807,0.033838383838383834,3.6431341283262085e-06,0.0008181626241620106
805,1.1708080808080807,0.0397979797979798,-8.219916896083502e-06,0.000959548450239902
806,1.1708080808080807,0.045757575757575754,9.218474720406821e-06,0.0010872898126007555
807,1.1708080808080807,0.05171717171717172,2.207750206186132e-07,0.0012420131372006767
808,1.1708080808080807,0.05767676767676767,1.2961732346183486e-05,0.0013891369520578705
809,1.1708080808080807,0.06363636363636363,-9.189368096680139e-06,0.0015425148398637999
810,1.1708080808080807,0.06959595959595959,7.202389761542072e-06,0.001658637549929775
811,1.1708080808080807,0.07555555555555554,1.9136775275625073e-06,0.0017912479533086613
812,1.1708080808080807,0.0815151515151515,-1.442579435107455e-05,0.0019659372141180172
813,1.1708080808080807,0.08747474747474746,-3.563986116305166e-05,0.002125535542246549
814,1.1708080808080807,0.09343434343434343,1.0397220461640233e-05,0.002228938486716327
815,1.1708080808080807,0.09939393939393938,-1.6697395869209496e-05,0.0023736903064702167
816,1.1708080808080807,0.10535353535353534,8.813899581289097e-06,0.0025550452987307443
817,1.1708080808080807,0.1113131313131313,6.343071771293263e-06,0.0026873711746104242
818,1.1708080808080807,0.11727272727272725,-6.765167904523462e-06,0.002800650830176786
819,1.1708080808080807,0.12323232323232322,5.4236126927451e-05,0.002925590570784158
820,1.1708080808080807,0.1291919191919192,-2.468733926863287e-06,0.003096030135027831
821,1.1708080808080807,0.13515151515151513,-6.163524209960081e-06,0.003233204742205805
822,1.1708080808080807,0.1411111111111111,2.3948351542481748e-05,0.0033755746155551066
823,1.1708080808080807,0.14707070707070707,3.047647066183956e-06,0.0035238873176501235
824,1.1708080808080807,0.15303030303030302,3.231897520764081e-05,0.003690493910635681
825,1.1708080808080807,0.158989898989899,3.8653343035046885e-05,0.00387172744811326
826,1.1708080808080807,0.16494949494949493,3.135948289312927e-05,0.003967187822897021
827,1.1708080808080807,0.1709090909090909,4.274340722326031e-05,0.004110102532832473
828,1.1708080808080807,0.17686868686868687,1.6205913772668556e-05,0.004238482159042994
829,1.1708080808080807,0.1828282828282828,-3.5161324309097797e-06,0.004416226178248241
830,1.1708080808080807,0.18878787878787878,-7.246523224764609e-05,0.0045287491142787595
831,1.1708080808080807,0.19474747474747472,-1.9673766496422095e-05,0.004697594454516442
832,1.1708080808080807,0.2007070707070707,7.783166540921737e-06,0.004861634847395168
833,1.1708080808080807,0.20666666666666667,3.9732050783203524e-06,0.004957278116040744
834,1.1708080808080807,0.2126262626262626,-1.583516951070407e-05,0.005064915599126641
835,1.1708080808080807,0.21858585858585858,9.223519760527717e-05,0.005249960853091166
836,1.1708080808080807,0.22454545454545452,3.5941520017407546e-05,0.005417768128681307
837,1.1708080808080807,0.2305050505050505,6.843812193296692e-05,0.005530361365519296
838,1.1708080808080807,0.23646464646464646,7.35546804420991e-05,0.005665582028923819
839,1.1708080808080807,0.2424242424242424,-4.273112996079659e-05,0.0058318278255120905
840,1.1708080808080807,0.24838383838383837,7.484655251303606e-05,0.005955005770383855
841,1.1708080808080807,0.2543434343434343,3.27951858326426e-05,0.006079448110481991
842,1.1708080808080807,0.26030303030303026,2.338746085260698e-05,0.006168672794290794
843,1.1708080808080807,0.26626262626262626,6.227667794135961e-05,0.006434111354116492
844,1.1708080808080807,0.2722222222222222,2.654196761579708e-05,0.006676394810044344
845,1.1708080808080807,0.27818181818181814,-0.00013149005338799596,0.006691404455110559
846,1.1708080808080807,0.28414141414141414,2.8273699301042378e-05,0.006777864785935102
847,1.1708080808080807,0.2901010101010101,-0.00012385181592980654,0.007046487132769871
848,1.1708080808080807,0.296060606060606,-0.0001431349489411498,0.007080898126091746
849,1.1708080808080807,0.302020202020202,-0.0001008676123328885,0.007216223538822496
850,1.1708080808080807,0.30797979797979796,-1.422936117619612e-05,0.007456100813363157
851,1.1708080808080807,0.3139393939393939,-4.0265949774555134e-05,0.007620873983999661
852,1.1708080808080807,0.31989898989898985,0.00011414803108892105,0.007764769309066131
853,1.1708080808080807,0.32585858585858585,5.667596073154501e-05,0.007762249940586638
854,1.1708080808080807,0.3318181818181818,6.974255307562955e-05,0.008027793494951313
855,1.1708080808080807,0.33777777777777773,7.585302359185931e-05,0.00820397832818407
856,1.1708080808080807,0.34373737373737373,-1.4367278793611127e-05,0.008257669367851534
857,1.1708080808080807,0.3496969696969697,-0.00020198868385560824,0.008329043464747445
858,1.1708080808080807,0.3556565656565656,6.442545215746722e-05,0.008659515012683841
859,1.1708080808080807,0.3616161616161616,6.554747613661377e-05,0.008833012348588852
860,1.1708080808080807,0.36757575757575756,-8.391027977796096e-05,0.008968747858121922
861,1.1708080808080807,0.3735353535353535,0.00014252093188289936,0.009025856006143364
862,1.1708080808080807,0.37949494949494944,3.772685904959949e-05,0.009084897449669144
863,1.1708080808080807,0.38545454545454544,-1.8149208128705353e-05,0.009323853267775472
864,1.1708080808080807,0.3914141414141414,-2.0731851916895784e-05,0.009455427336705954
865,1.1708080808080807,0.3973737373737373,2.823957749611905e-05,0.009481368326354747
866,1.1708080808080807,0.4033333333333333,-2.8749665444967554e-05,0.009720731322651752
867,1.1708080808080807,0.40929292929292926,4.378769159726419e-05,0.009898386647302184
868,1.1708080808080807,0.4152525252525252,2.0639005741166226e-05,0.010059957732140253
869,1.1708080808080807,0.42121212121212115,-0.00011387807604262652,0.01011688878285174
870,1.1708080808080807,0.42717171717171715,-3.9483524776301205e-05,0.010204579186359414
871,1.1708080808080807,0.4331313131313131,2.6107620705635435e-05,0.010518468284590967
872,1.1708080808080807,0.43909090909090903,-2.4257175801216814e-05,0.01042718036689512
873,1.1708080808080807,0.44505050505050503,-2.9473438669321795e-05,0.010627613903151518
874,1.1708080808080807,0.45101010101010097,-4.455282346817789e-05,0.010979363620874842
875,1.1708080808080807,0.4569696969696969,-1.5303608910619482e-05,0.01103894773238571
876,1.1708080808080807,0.4629292929292929,7.228812115381507e-05,0.011097548942997535
877,1.1708080808080807,0.46888888888888886,7.982175156127196e-05,0.01143760971571825
878,1.1708080808080807,0.4748484848484848,-7.524413376053643e-05,0.011443348809681666
879,1.1708080808080807,0.48080808080808074,1.2286089548231805e-05,0.011711208536588781
880,1.1708080808080807,0.48676767676767674,3.939448716992682e-05,0.011740569458912027
881,1.1708080808080807,0.4927272727272727,0.00011144578631536994,0.011964045299764095
882,1.1708080808080807,0.4986868686868686,-6.185713749373825e-05,0.012067183240976187
883,1.1708080808080807,0.5046464646464646,-7.878471824998687e-05,0.012098334767763926
884,1.1708080808080807,0.5106060606060605,-6.293513224339352e-05,0.012352265858181192
885,1.1708080808080807,0.5165656565656566,-1.0814792706895925e-05,0.012400934612765436
886,1.1708080808080807,0.5225252525252525,0.00011465953404170219,0.012674891651481331
887,1.1708080808080807,0.5284848484848484,-2.553534961980094e-05,0.0127085595772811
888,1.1708080808080807,0.5344444444444444,0.00010494921714592524,0.012879114416987834
889,1.1708080808080807,0.5404040404040403,9.576108499576351e-05,0.013173434063254594
890,1.1708080808080807,0.5463636363636363,-8.376122262385533e-05,0.013267616674162005
891,1.1708080808080807,0.5523232323232323,4.237794299891334e-05,0.013422155091298791
892,1.1708080808080807,0.5582828282828283,0.0001233273965120186,0.013566222697581795
893,1.1708080808080807,0.5642424242424242,6.947530789599515e-05,0.013628075972074062
894,1.1708080808080807,0.5702020202020202,7.286996610522612e-05,0.01390656142392523
895,1.1708080808080807,0.5761616161616161,-0.0002126800352283038,0.013923173166380054
896,1.1708080808080807,0.582121212121212,-0.00010319644913660832,0.01414070958681539
897,1.1708080808080807,0.588080808080808,5.597790241219467e-05,0.014378515604764485
898,1.1708080808080807,0.594040404040404,-0.00012054254796720452,0.014232513209666502
899,1.1708080808080807,0.6,0.00010918546984922533,0.014590454403382204
900,1.190909090909091,0.01,2.4910743551460056e-06,0.0002669895253039653
901,1.190909090909091,0.01595959595959596,-4.66185917313211e-07,0.0004299105752646828
902,1.190909090909091,0.021919191919191918,-3.946764916085466e-06,0.0005817784870157081
903,1.190909090909091,0.027878787878787878,-8.785669656200534e-08,0.0007516471808379925
904,1.190909090909091,0.033838383838383834,-6.2098420242893806e-06,0.0009171966795778556
905,1.190909090909091,0.0397979797979798,-7.098917596195231e-06,0.0010920280264021555
906,1.190909090909091,0.045757575757575754,-1.852138639545691e-05,0.0012226914823684147
907,1.190909090909091,0.05171717171717172,-1.3676572671894482e-06,0.0013962789959887849
908,1.190909090909091,0.05767676767676767,2.8919581840630594e-06,0.0015561613629328553
909,1.190909090909091,0.06363636363636363,8.357906619643418e-07,0.0017341742432565171
910,1.190909090909091,0.06959595959595959,-3.352520011138194e-06,0.0018714272165889958
911,1.190909090909091,0.07555555555555554,4.29950775825143e-05,0.00201865999863922
912,1.190909090909091,0.0815151515151515,-2.0636046956864107e-05,0.002144156297197192
913,1.190909090909091,0.08747474747474746,-2.0398231085804297e-06,0.0023532477893683924
914,1.190909090909091,0.09343434343434343,-6.424231320228325e-05,0.002501922796657061
915,1.190909090909091,0.09939393939393938,3.7151895714396186e-05,0.002677654185277333
916,1.190909090909091,0.10535353535353534,1.0452998386165723e-05,0.0028571823521323075
917,1.190909090909091,0.1113131313131313,-5.1953463568541926e-05,0.0030005612709528375
918,1.190909090909091,0.11727272727272725,-6.720836599531923e-05,0.0031546224574016727
919,1.190909090909091,0.12323232323232322,-6.433946554789981e-05,0.003302441144954337
920,1.190909090909091,0.1291919191919192,-6.165748457188584e-05,0.0034853539395354226
921,1.190909090909091,0.13515151515151513,-3.261873270780458e-05,0.0036602171855348964
922,1.190909090909091,0.1411111111111111,-1.4852461675248996e-05,0.003805241808882926
923,1.190909090909091,0.14707070707070707,-1.4336459622747032e-05,0.0039335756864771
924,1.190909090909091,0.15303030303030302,4.873929453025104e-05,0.004137578845467401
925,1.190909090909091,0.158989898989899,3.3552574402240744e-05,0.004276711221325601
926,1.190909090909091,0.16494949494949493,-3.9539638946480904e-05,0.004490024870187029
927,1.190909090909091,0.1709090909090909,7.504386022684484e-06,0.00462291139498837
928,1.190909090909091,0.17686868686868687,4.332314599550181e-05,0.0047434241591051045
929,1.190909090909091,0.1828282828282828,-1.4612339040831702e-05,0.004954484168898975
930,1.190909090909091,0.18878787878787878,-6.612381403920264e-06,0.005047545637299025
931,1.190909090909091,0.19474747474747472,-4.278705145964668e-06,0.005206399986559023
932,1.190909090909091,0.2007070707070707,2.404474877492705e-05,0.005385501129287129
933,1.190909090909091,0.20666666666666667,-8.697728561282615e-05,0.005527954754617616
934,1.190909090909091,0.2126262626262626,4.306975416778519e-05,0.005669204388735317
935,1.190909090909091,0.21858585858585858,6.735211945648339e-05,0.005840398299136606
936,1.190909090909091,0.22454545454545452,1.772631233454065e-05,0.006069079518266254
937,1.190909090909091,0.2305050505050505,-3.5529361329105435e-05,0.006226305236053469
938,1.190909090909091,0.23646464646464646,-2.297280376042049e-05,0.00639254725706253
939,1.190909090909091,0.2424242424242424,-5.8300565986371276e-05,0.006518616594023318
940,1.190909090909091,0.24838383838383837,-0.00010690053394359247,0.006736877219751676
941,1.190909090909091,0.2543434343434343,2.6460208149607933e-05,0.006849182946555613
942,1.190909090909091,0.26030303030303026,-9.649659474434068e-05,0.006977687945866756
943,1.190909090909091,0.26626262626262626,-0.00011696568075037402,0.007211293891022027
944,1.190909090909091,0.2722222222222222,5.891256493633764e-05,0.0073328711140009184
945,1.190909090909091,0.27818181818181814,-9.597304392282773e-05,0.00741964172575431
946,1.190909090909091,0.28414141414141414,7.702129934076194e-05,0.007665386401507114
947,1.190909090909091,0.2901010101010101,-2.4616471554194685e-05,0.007760754943530477
948,1.190909090909091,0.296060606060606,-0.00014205659241827223,0.007946843492444778
949,1.190909090909091,0.302020202020202,9.342833164650517e-05,0.008121905215236421
950,1.190909090909091,0.30797979797979796,-5.87565662602152e-07,0.00826558478445982
951,1.190909090909091,0.3139393939393939,-1.143861684653681e-05,0.008395940718312468
952,1.190909090909091,0.31989898989898985,4.847311577617308e-06,0.008526420903529421
953,1.190909090909091,0.32585858585858585,0.00011000743295798104,0.00883799809939054
954,1.190909090909091,0.3318181818181818,-4.22533175523032e-05,0.008893007967489265
955,1.190909090909091,0.33777777777777773,-1.7593232100620837e-05,0.009081761711550574
956,1.190909090909091,0.34373737373737373,3.5573895457527585e-05,0.009179366674482641
957,1.190909090909091,0.3496969696969697,1.5327263576234397e-05,0.009406794023254636
958,1.190909090909091,0.3556565656565656,-3.9053070143353765e-05,0.009481997461448332
959,1.190909090909091,0.3616161616161616,0.00011351910529673304,0.009779896687576015
960,1.190909090909091,0.36757575757575756,6.618351650153487e-05,0.009910899995761021
961,1.190909090909091,0.3735353535353535,8.385114153243611e-07,0.009990727759123276
962,1.190909090909091,0.37949494949494944,9.159618851468345e-05,0.010254115046642339
963,1.190909090909091,0.38545454545454544,0.00012823583500431467,0.0105127668684641
964,1.190909090909091,0.3914141414141414,-7.093814835901047e-05,0.01064060825498131
965,1.190909090909091,0.3973737373737373,-4.446878555773825e-05,0.010652610047344802
966,1.190909090909091,0.4033333333333333,-0.0001688763189666774,0.010866242605434952
967,1.190909090909091,0.40929292929292926,0.00014771957744482512,0.011096993670220672
968,1.190909090909091,0.4152525252525252,8.076705131301352e-05,0.011239262438975512
969,1.190909090909091,0.42121212121212115,-4.017731115553353e-05,0.011413676130806667
970,1.190909090909091,0.42717171717171715,0.00019194688644041014,0.011648333015264196
971,1.190909090909091,0.4331313131313131,2.8926819532561443e-05,0.011710015705924977
972,1.190909090909091,0.43909090909090903,2.4681708287548796e-05,0.011921081561781123
973,1.190909090909091,0.44505050505050503,-1.4424183136518054e-06,0.012010518280298242
974,1.190909090909091,0.45101010101010097,0.00021081911862958394,0.012042836238248861
975,1.190909090909091,0.4569696969696969,0.00014850512802782348,0.012423480144531953
976,1.190909090909091,0.4629292929292929,-0.00014287097421284242,0.012260141192539264
977,1.190909090909091,0.46888888888888886,-0.00018083616481139408,0.012458876346909868
978,1.190909090909091,0.4748484848484848,-0.00012504378720334654,0.012636075532744071
979,1.190909090909091,0.48080808080808074,0.00010716586954286856,0.012942439746653558
980,1.190909090909091,0.48676767676767674,-3.591977218163336e-05,0.01309793911924074
981,1.190909090909091,0.4927272727272727,-0.000142322755256709,0.01326384868537163
982,1.190909090909091,0.4986868686868686,-0.00014107028236534812,0.013566040473598958
983,1.190909090909091,0.5046464646464646,-0.0001297503762393002,0.013721856961537332
984,1.190909090909091,0.5106060606060605,8.015192024802568e-05,0.013934098711705024
985,1.190909090909091,0.5165656565656566,-8.261953182040927e-05,0.014170477560003123
986,1.190909090909091,0.5225252525252525,-0.00030325669541927816,0.014146750230040344
987,1.190909090909091,0.5284848484848484,0.00010128619790657503,0.014408045278231677
988,1.190909090909091,0.5344444444444444,-8.340863483101474e-05,0.01440755330854283
989,1.190909090909091,0.5404040404040403,-0.00013059562578933515,0.014591820141149217
990,1.190909090909091,0.5463636363636363,-7.324078860751915e-05,0.014775869216951698
991,1.190909090909091,0.5523232323232323,-0.0001139416474086362,0.015113143420122916
992,1.190909090909091,0.5582828282828283,-6.3189152435976005e-06,0.014930615223367227
993,1.190909090909091,0.5642424242424242,-0.0001751516329368826,0.015430966789165966
994,1.190909090909091,0.5702020202020202,-7.204172050804697e-05,0.015517441786319773
995,1.190909090909091,0.5761616161616161,9.516596773042906e-05,0.015726567446929105
996,1.190909090909091,0.582121212121212,-3.2467271107769636e-05,0.015879611281500613
997,1.190909090909091,0.588080808080808,-7.867496695879949e-05,0.01604509359099788
998,1.190909090909091,0.594040404040404,-0.00010967196589762427,0.0161191280178
999,1.190909090909091,0.6,-9.679537326041091e-05,0.016315608446624576
1000,1.211010101010101,0.01,-2.971483799810881e-06,0.0002954601717806995
1001,1.211010101010101,0.01595959595959596,-1.0331264789719242e-06,0.00047062981050036796
1002,1.211010101010101,0.021919191919191918,2.649183140633227e-07,0.0006589929099812841
1003,1.211010101010101,0.027878787878787878,1.4568094587743818e-05,0.000836317110036746
1004,1.211010101010101,0.033838383838383834,-1.3745250248377917e-06,0.0010038712133200367
1005,1.211010101010101,0.0397979797979798,-9.661104843166068e-07,0.0011799381017150153
1006,1.211010101010101,0.045757575757575754,3.941039536578128e-06,0.0013404105111990354
1007,1.211010101010101,0.05171717171717172,9.406248144894658e-07,0.0015409314636763848
1008,1.211010101010101,0.05767676767676767,1.116695890744669e-05,0.0017161833126324618
1009,1.211010101010101,0.06363636363636363,-1.468806898206123e-05,0.0018844480075523168
1010,1.211010101010101,0.06959595959595959,-5.923259176784867e-06,0.00208105372608224
1011,1.211010101010101,0.07555555555555554,1.6083424606262998e-06,0.0022388901150247145
1012,1.211010101010101,0.0815151515151515,-2.9135278347477067e-05,0.002428594202608662
1013,1.211010101010101,0.08747474747474746,2.3537288749468978e-05,0.0026194697906709945
1014,1.211010101010101,0.09343434343434343,2.7876608897080958e-05,0.002770698508396709
1015,1.211010101010101,0.09939393939393938,-2.4912314734125705e-05,0.002989675728552099
1016,1.211010101010101,0.10535353535353534,1.0324568634949582e-05,0.003105923832680873
1017,1.211010101010101,0.1113131313131313,-1.6297214086472024e-05,0.0033204236292996496
1018,1.211010101010101,0.11727272727272725,5.88344238652655e-05,0.0034622564872816516
1019,1.211010101010101,0.12323232323232322,-3.601165020442809e-05,0.0037065604083752553
1020,1.211010101010101,0.1291919191919192,-4.6484135237864375e-05,0.0038748232784837555
1021,1.211010101010101,0.13515151515151513,-2.4114670013692107e-05,0.004028361997840284
1022,1.211010101010101,0.1411111111111111,6.063804837037719e-05,0.0041825005268752765
1023,1.211010101010101,0.14707070707070707,2.305362641638541e-05,0.0043750586383758784
1024,1.211010101010101,0.15303030303030302,-2.43550436090038e-05,0.004532442117800755
1025,1.211010101010101,0.158989898989899,2.0241835489566638e-05,0.004697557159214146
1026,1.211010101010101,0.16494949494949493,6.1025354015896506e-05,0.0049151439291806095
1027,1.211010101010101,0.1709090909090909,6.40711960991728e-05,0.00507845882699379
1028,1.211010101010101,0.17686868686868687,2.4676031060187753e-05,0.005290212544302959
1029,1.211010101010101,0.1828282828282828,0.00011556302772650136,0.005391848850980414
1030,1.211010101010101,0.18878787878787878,-2.3454750592819916e-05,0.005568415351686685
1031,1.211010101010101,0.19474747474747472,3.0376679336164737e-05,0.005756580840528586
1032,1.211010101010101,0.2007070707070707,-9.193347386375652e-05,0.005983747763123914
1033,1.211010101010101,0.20666666666666667,-6.986433042557608e-05,0.006139159857016199
1034,1.211010101010101,0.2126262626262626,5.036942725175074e-05,0.006335795864015394
1035,1.211010101010101,0.21858585858585858,8.435827426229459e-05,0.006530689458431635
1036,1.211010101010101,0.22454545454545452,-9.38715443805116e-07,0.006654326442938917
1037,1.211010101010101,0.2305050505050505,-7.382632254184632e-05,0.006962038192457322
1038,1.211010101010101,0.23646464646464646,-8.338694938065945e-05,0.0069785468291060785
1039,1.211010101010101,0.2424242424242424,5.87119285003431e-05,0.007194874274174626
1040,1.211010101010101,0.24838383838383837,-2.2353209906270545e-05,0.007397761440252834
1041,1.211010101010101,0.2543434343434343,-7.012482585082392e-05,0.007557304437619593
1042,1.211010101010101,0.26030303030303026,-4.8150147156116006e-05,0.007812252175955078
1043,1.211010101010101,0.26626262626262626,6.0204215016425524e-05,0.007921154028921388
1044,1.211010101010101,0.2722222222222222,0.00015896092950131688,0.00823875217202656
1045,1.211010101010101,0.27818181818181814,-0.00020202355140530725,0.008186524562990554
1046,1.211010101010101,0.28414141414141414,8.923330202689642e-05,0.008403298551262064
1047,1.211010101010101,0.2901010101010101,-7.301909586435628e-06,0.008652208152938181
1048,1.211010101010101,0.296060606060606,-9.03232257873991e-05,0.00884270481103747
1049,1.211010101010101,0.302020202020202,1.241514899510473e-05,0.008941879018062997
1050,1.211010101010101,0.30797979797979796,-5.7564205525944326e-05,0.00920611218409264
1051,1.211010101010101,0.3139393939393939,-7.2554484106364445e-06,0.009466042737570676
1052,1.211010101010101,0.31989898989898985,0.0001630446101764738,0.009507129671609741
1053,1.211010101010101,0.32585858585858585,-2.6009110150421344e-05,0.009764414812529276
1054,1.211010101010101,0.3318181818181818,-0.00010342266904838539,0.009788735385427925
1055,1.211010101010101,0.33777777777777773,-2.4249761167053328e-05,0.01005833293826478
1056,1.211010101010101,0.34373737373737373,-1.621998721017801e-05,0.010133764417760791
1057,1.211010101010101,0.3496969696969697,0.00011037124289559332,0.010445076013699236
1058,1.211010101010101,0.3556565656565656,7.271196669027158e-05,0.010635581939851346
1059,1.211010101010101,0.3616161616161616,-0.00015854519787068716,0.010741008334085258
1060,1.211010101010101,0.36757575757575756,-6.0042029830630105e-05,0.010976582313155984
1061,1.211010101010101,0.3735353535353535,0.0002413577858008189,0.011164496739650096
1062,1.211010101010101,0.37949494949494944,0.00025676285104152805,0.011311536918916223
1063,1.211010101010101,0.38545454545454544,0.0001943029631633817,0.011457656291112424
1064,1.211010101010101,0.3914141414141414,0.00014360178652861983,0.011816393875334485
1065,1.211010101010101,0.3973737373737373,2.6047303270212352e-05,0.01178523939908684
1066,1.211010101010101,0.4033333333333333,0.00014553246039585336,0.012060391473753974
1067,1.211010101010101,0.40929292929292926,7.167247362400456e-05,0.012198566210784089
1068,1.211010101010101,0.4152525252525252,-0.0001840728273142087,0.01223419202969097
1069,1.211010101010101,0.42121212121212115,4.843464017912665e-05,0.012583087349405891
1070,1.211010101010101,0.42717171717171715,-0.0002165521875547487,0.012788792637983751
1071,1.211010101010101,0.4331313131313131,-1.450801930982738e-05,0.012697725748370923
1072,1.211010101010101,0.43909090909090903,4.583983929702471e-05,0.013057264690371351
1073,1.211010101010101,0.44505050505050503,-6.152462012582065e-05,0.01315517578442803
1074,1.211010101010101,0.45101010101010097,-0.0001261538800010304,0.013384581426780097
1075,1.211010101010101,0.4569696969696969,-0.00027255728736045616,0.01358050047977814
1076,1.211010101010101,0.4629292929292929,-0.00012374699673825025,0.01366293432614215
1077,1.211010101010101,0.46888888888888886,8.669977205278449e-05,0.014055729178271054
1078,1.211010101010101,0.4748484848484848,0.00020111773341857742,0.014240853000758679
1079,1.211010101010101,0.48080808080808074,-1.8622804833299722e-05,0.014433412292315956
1080,1.211010101010101,0.48676767676767674,7.031376549453771e-06,0.01445781176538865
1081,1.211010101010101,0.4927272727272727,-0.00010703161099438567,0.01467637024848181
1082,1.211010101010101,0.4986868686868686,-5.982280011994346e-05,0.01495920161278432
1083,1.211010101010101,0.5046464646464646,0.00016276179841559135,0.015326784295900234
1084,1.211010101010101,0.5106060606060605,0.0001487625410405352,0.015159774273037057
1085,1.211010101010101,0.5165656565656566,-2.224644191108298e-05,0.015329166933565543
1086,1.211010101010101,0.5225252525252525,-2.3406760148694694e-05,0.015468442449701653
1087,1.211010101010101,0.5284848484848484,-0.00011580611580039326,0.01564238555564603
1088,1.211010101010101,0.5344444444444444,7.119365243731108e-05,0.015994193184916607
1089,1.211010101010101,0.5404040404040403,-0.00018260326550681923,0.016050344156007756
1090,1.211010101010101,0.5463636363636363,0.00018244393934502802,0.01646949101270284
1091,1.211010101010101,0.5523232323232323,4.231846455765196e-05,0.016658140117762604
1092,1.211010101010101,0.5582828282828283,-0.00021683014139633742,0.016574100518561397
1093,1.211010101010101,0.5642424242424242,-0.00019448985959205512,0.01690355194900506
1094,1.211010101010101,0.5702020202020202,-0.00022261764477086218,0.016956152281135214
1095,1.211010101010101,0.5761616161616161,0.00031688312358529365,0.017405213814242728
1096,1.211010101010101,0.582121212121212,0.00021318685524139976,0.017498732456885692
1097,1.211010101010101,0.588080808080808,0.00018375928716488698,0.01777049010485379
1098,1.211010101010101,0.594040404040404,0.0004091409928281795,0.017636016337554173
1099,1.211010101010101,0.6,-0.00017542903405125474,0.018089051838812237
1100,1.231111111111111,0.01,-3.706161282494125e-06,0.00032611185621421153
1101,1.231111111111111,0.01595959595959596,5.070049391104115e-07,0.0005184631309352235
1102,1.231111111111111,0.021919191919191918,-5.264021985512124e-06,0.0007158812023651799
1103,1.231111111111111,0.027878787878787878,-1.6965507823043956e-06,0.0008924745479848614
1104,1.231111111111111,0.033838383838383834,1.3487229677026558e-05,0.0011064844987867537
1105,1.231111111111111,0.0397979797979798,-8.000479340740052e-06,0.0012926699411921268
1106,1.231111111111111,0.045757575757575754,7.004396816773862e-06,0.001482958001596243
1107,1.231111111111111,0.05171717171717172,3.0925905678124143e-07,0.001678822082817995
1108,1.231111111111111,0.05767676767676767,-7.6439018788658e-06,0.0018695454827927884
1109,1.231111111111111,0.06363636363636363,-2.782767958629644e-05,0.002052433355720252
1110,1.231111111111111,0.06959595959595959,-2.7630620340165657e-05,0.002271417184936914
1111,1.231111111111111,0.07555555555555554,-2.9078911409993525e-05,0.0024438805960101243
1112,1.231111111111111,0.0815151515151515,3.0261911669488983e-05,0.002629332514869112
1113,1.231111111111111,0.08747474747474746,6.989014370151916e-05,0.002837059516541173
1114,1.231111111111111,0.09343434343434343,8.027138124866425e-05,0.0030594626242583735
1115,1.231111111111111,0.09939393939393938,3.270422932922012e-07,0.0032553288966826227
1116,1.231111111111111,0.10535353535353534,-1.1780427566271556e-05,0.003466471908172158
1117,1.231111111111111,0.1113131313131313,-1.6742259194376353e-05,0.003634578943767895
1118,1.231111111111111,0.11727272727272725,1.6758308806024237e-05,0.0038036544123976708
1119,1.231111111111111,0.12323232323232322,-1.863098844414912e-05,0.004020806306398234
1120,1.231111111111111,0.1291919191919192,-2.8480714566997466e-05,0.004196890624137366
1121,1.231111111111111,0.13515151515151513,2.5023121282897165e-05,0.004384085784983834
1122,1.231111111111111,0.1411111111111111,-2.877550490764471e-05,0.004563672404339308
1123,1.231111111111111,0.14707070707070707,-4.518164472059916e-05,0.0047879323603853
1124,1.231111111111111,0.15303030303030302,1.634090455251358e-05,0.004882687870940598
1125,1.231111111111111,0.158989898989899,3.267975546328766e-05,0.005165166079223407
1126,1.231111111111111,0.16494949494949493,5.7779363374355864e-05,0.005357589648038266
1127,1.231111111111111,0.1709090909090909,1.8349573155424224e-05,0.0055845386209514855
1128,1.231111111111111,0.17686868686868687,3.445463046941525e-05,0.005778001260239384
1129,1.231111111111111,0.1828282828282828,3.28279025168789e-05,0.005943693222214767
1130,1.231111111111111,0.18878787878787878,-0.00010690091721030312,0.006148276817270684
1131,1.231111111111111,0.19474747474747472,-5.526513980269188e-06,0.006308441509728953
1132,1.231111111111111,0.2007070707070707,-4.496220124275614e-05,0.006569791397544705
1133,1.231111111111111,0.20666666666666667,2.6003491204575944e-05,0.006740217414176637
1134,1.231111111111111,0.2126262626262626,-3.171440414538693e-05,0.0069361994644318485
1135,1.231111111111111,0.21858585858585858,-3.01865884957232e-06,0.007101030745249025
1136,1.231111111111111,0.22454545454545452,-8.796761541117449e-05,0.007246775869680696
1137,1.231111111111111,0.2305050505050505,6.834878047912423e-05,0.007464250727398273
1138,1.231111111111111,0.23646464646464646,-0.00018914237085893918,0.007605878339949794
1139,1.231111111111111,0.2424242424242424,-1.79208881537802e-05,0.007860217734553605
1140,1.231111111111111,0.24838383838383837,0.0001636533337486035,0.008153393035792662
1141,1.231111111111111,0.2543434343434343,1.2281469723440907e-06,0.008293606471862178
1142,1.231111111111111,0.26030303030303026,3.515560872520025e-05,0.008446387892611344
1143,1.231111111111111,0.26626262626262626,-2.1117449878702233e-06,0.008620594486250773
1144,1.231111111111111,0.2722222222222222,-4.573329350296237e-05,0.00886157637056226
1145,1.231111111111111,0.27818181818181814,0.00010679180277769023,0.009035881965735147
1146,1.231111111111111,0.28414141414141414,3.022321286569386e-05,0.009158959255812454
1147,1.231111111111111,0.2901010101010101,5.127944183749567e-06,0.00953382766211699
1148,1.231111111111111,0.296060606060606,6.205314099253705e-05,0.009561218273351015
1149,1.231111111111111,0.302020202020202,5.9235677529206e-05,0.009886855977556301
1150,1.231111111111111,0.30797979797979796,1.640335732099234e-05,0.010106715415045419
1151,1.231111111111111,0.3139393939393939,7.777222486511993e-05,0.01026663540094854
1152,1.231111111111111,0.31989898989898985,-0.0001377610223583369,0.010377669076442456
1153,1.231111111111111,0.32585858585858585,0.00016518064328686455,0.010715896010244749
1154,1.231111111111111,0.3318181818181818,-3.350432196113935e-05,0.010561548853067593
1155,1.231111111111111,0.33777777777777773,6.661744218758715e-05,0.011074329707053585
1156,1.231111111111111,0.34373737373737373,9.17149862695104e-05,0.011193557004306309
1157,1.231111111111111,0.3496969696969697,3.841059264687303e-05,0.011531867614934735
1158,1.231111111111111,0.3556565656565656,0.00010242818394198173,0.011546342768027643
1159,1.231111111111111,0.3616161616161616,-6.526832694885677e-05,0.01169968618581988
1160,1.231111111111111,0.36757575757575756,5.327728857033207e-05,0.01210457167185764
1161,1.231111111111111,0.3735353535353535,-8.922430504319677e-05,0.012220653524181543
1162,1.231111111111111,0.37949494949494944,-1.2772871482091496e-06,0.012222663647797505
1163,1.231111111111111,0.38545454545454544,-5.00971893172939e-05,0.012666134225418705
1164,1.231111111111111,0.3914141414141414,0.0001755289160784832,0.012833716006026875
1165,1.231111111111111,0.3973737373737373,0.00016314445909147902,0.013001095196285084
1166,1.231111111111111,0.4033333333333333,-2.782177334039193e-06,0.013216524698297127
1167,1.231111111111111,0.40929292929292926,-0.0001799305995677458,0.013300719560315657
1168,1.231111111111111,0.4152525252525252,0.00010065189590861663,0.0135612617926245
1169,1.231111111111111,0.42121212121212115,2.6473294625337072e-05,0.013868501055187386
1170,1.231111111111111,0.42717171717171715,-3.9240919911620495e-05,0.013853366451652816
1171,1.231111111111111,0.4331313131313131,-5.3795226429902764e-05,0.014103951892903855
1172,1.231111111111111,0.43909090909090903,0.00010051784827943088,0.014444753162150053
1173,1.231111111111111,0.44505050505050503,-0.00011882692860701416,0.014515084177431466
1174,1.231111111111111,0.45101010101010097,0.00012395941391968855,0.014766222566104855
1175,1.231111111111111,0.4569696969696969,-3.4144002967787823e-05,0.014819791390536529
1176,1.231111111111111,0.4629292929292929,3.157511061691274e-05,0.015160400462194355
1177,1.231111111111111,0.46888888888888886,-9.211652112133025e-05,0.014997115984388163
1178,1.231111111111111,0.4748484848484848,5.053892146422073e-05,0.015490867185043352
1179,1.231111111111111,0.48080808080808074,-0.00010263537192570637,0.015689059631055262
1180,1.231111111111111,0.48676767676767674,0.00045067736268606973,0.01591463082825738
1181,1.231111111111111,0.4927272727272727,-0.00025012421741763403,0.016154750808222883
1182,1.231111111111111,0.4986868686868686,0.00018765740053765457,0.01615657173849326
1183,1.231111111111111,0.5046464646464646,-4.5859535613370275e-05,0.016409110415290407
1184,1.231111111111111,0.5106060606060605,-0.0001382372282701575,0.016715567976707008
1185,1.231111111111111,0.5165656565656566,7.843279789693842e-05,0.01691510325990845
1186,1.231111111111111,0.5225252525252525,-0.00019260492513547496,0.01709130754978174
1187,1.231111111111111,0.5284848484848484,-4.937561902793688e-05,0.017181469125531035
1188,1.231111111111111,0.5344444444444444,0.00018405234103920215,0.017321924045731043
1189,1.231111111111111,0.5404040404040403,-9.315687023395357e-05,0.017639313479823594
1190,1.231111111111111,0.5463636363636363,3.811239641976756e-05,0.017796335879674965
1191,1.231111111111111,0.5523232323232323,1.5351950400666704e-05,0.018079495256025785
1192,1.231111111111111,0.5582828282828283,0.0003138837227422986,0.01842051257092677
1193,1.231111111111111,0.5642424242424242,-0.00022855736819883096,0.018374986240204783
1194,1.231111111111111,0.5702020202020202,0.00011747432076861182,0.019103131561349365
1195,1.231111111111111,0.5761616161616161,-0.00019136683485927698,0.01891304599413535
1196,1.231111111111111,0.582121212121212,-2.006919469591468e-05,0.019287534230790944
1197,1.231111111111111,0.588080808080808,-0.00017088400170871918,0.01936824131094463
1198,1.231111111111111,0.594040404040404,-0.00013208381094366648,0.019432345749750033
1199,1.231111111111111,0.6,-0.0001574269448266923,0.019556925924884797
1200,1.2512121212121212,0.01,-1.9785202657588429e-07,0.0003574629061338714
1201,1.2512121212121212,0.01595959595959596,-1.4547340207269477e-05,0.000560955808033486
1202,1.2512121212121212,0.021919191919191918,3.142396499950806e-06,0.0007718934943114244
1203,1.2512121212121212,0.027878787878787878,1.620771722973864e-05,0.0009868213928953754
1204,1.2512121212121212,0.033838383838383834,-8.135144531644368e-06,0.0011998558922091658
1205,1.2512121212121212,0.0397979797979798,1.533236383620884e-06,0.0014064475640358444
1206,1.2512121212121212,0.045757575757575754,-1.9371387307601885e-05,0.0016105803102236212
1207,1.2512121212121212,0.05171717171717172,-3.310757407086198e-05,0.0018376993703563946
1208,1.2512121212121212,0.05767676767676767,-2.698389246644144e-05,0.0020222805374201947
1209,1.2512121212121212,0.06363636363636363,1.8702975714258053e-06,0.002226597051080321
1210,1.2512121212121212,0.06959595959595959,-1.5466215944654138e-06,0.0024363044807529637
1211,1.2512121212121212,0.07555555555555554,3.996576744308733e-06,0.00268582495464933
1212,1.2512121212121212,0.0815151515151515,-1.4179721207236895e-05,0.0028789210544210363
1213,1.2512121212121212,0.08747474747474746,5.122730721955759e-06,0.003079769097744105
1214,1.2512121212121212,0.09343434343434343,6.049901770722954e-06,0.0033020067383362443
1215,1.2512121212121212,0.09939393939393938,2.3293611661944224e-05,0.003515798034239366
1216,1.2512121212121212,0.10535353535353534,-1.3788354334170172e-05,0.0037020502381115536
1217,1.2512121212121212,0.1113131313131313,3.198534252303304e-05,0.0038525277400818657
1218,1.2512121212121212,0.11727272727272725,-2.6058224040587553e-06,0.004214398095902539
1219,1.2512121212121212,0.12323232323232322,1.7661589047229155e-05,0.004370020810045164
1220,1.2512121212121212,0.1291919191919192,-6.204290626685668e-05,0.004558501193675926
1221,1.2512121212121212,0.13515151515151513,3.4093888205339526e-05,0.00482610120483698
1222,1.2512121212121212,0.1411111111111111,6.42400400231529e-05,0.004925567127786353
1223,1.2512121212121212,0.14707070707070707,-9.299181159880599e-07,0.005184871748067209
1224,1.2512121212121212,0.15303030303030302,7.187534863691083e-05,0.0054044628142764116
1225,1.2512121212121212,0.158989898989899,-4.214697905137913e-05,0.005570452853773712
1226,1.2512121212121212,0.16494949494949493,6.805796086508929e-05,0.0058480804500751025
1227,1.2512121212121212,0.1709090909090909,-3.0559159132192825e-05,0.006068059313497603
1228,1.2512121212121212,0.17686868686868687,-3.6894718310776456e-05,0.0062622847993566745
1229,1.2512121212121212,0.1828282828282828,-0.00011550093396891148,0.006572315660594721
1230,1.2512121212121212,0.18878787878787878,-9.960269976040121e-05,0.006668070093978119
1231,1.2512121212121212,0.19474747474747472,-1.2709284490715788e-05,0.006814537181336278
1232,1.2512121212121212,0.2007070707070707,-7.778082937084372e-05,0.007133631422249911
1233,1.2512121212121212,0.20666666666666667,9.381484992537157e-05,0.007446359925695653
1234,1.2512121212121212,0.2126262626262626,-3.0903133678763506e-05,0.007561959860524247
1235,1.2512121212121212,0.21858585858585858,-8.62160197475628e-05,0.007769024278208849
1236,1.2512121212121212,0.22454545454545452,0.00011184663620793526,0.008002941460414498
1237,1.2512121212121212,0.2305050505050505,1.520274911317443e-06,0.008161703850057177
1238,1.2512121212121212,0.23646464646464646,0.0001422194862073405,0.008457429078244566
1239,1.2512121212121212,0.2424242424242424,-0.00010454546378041271,0.008674175334352304
1240,1.2512121212121212,0.24838383838383837,3.324628127582688e-05,0.008834213539182303
1241,1.2512121212121212,0.2543434343434343,1.151451332045047e-05,0.00893905897161505
1242,1.2512121212121212,0.26030303030303026,4.880309753591272e-05,0.009235934498667824
1243,1.2512121212121212,0.26626262626262626,8.919437413405108e-05,0.009451388633482105
1244,1.2512121212121212,0.2722222222222222,-5.666577695895747e-06,0.009642704767490662
1245,1.2512121212121212,0.27818181818181814,9.047287005622547e-05,0.009914556573541962
1246,1.2512121212121212,0.28414141414141414,9.70874345846455e-05,0.010200219003046258
1247,1.2512121212121212,0.2901010101010101,-4.321029154112766e-06,0.010200068668482058
1248,1.2512121212121212,0.296060606060606,-4.588666036742302e-05,0.010675866781955859
1249,1.2512121212121212,0.302020202020202,-4.005417226805168e-05,0.010701025428119869
1250,1.2512121212121212,0.30797979797979796,-0.00025021123515427156,0.010778776926007145
1251,1.2512121212121212,0.3139393939393939,-0.00012671070331497086,0.01096185311364853
1252,1.2512121212121212,0.31989898989898985,2.4968789337757292e-05,0.01151455292490126
1253,1.2512121212121212,0.32585858585858585,-6.071656125042506e-05,0.011501008999588804
1254,1.2512121212121212,0.3318181818181818,-0.00010797803108623744,0.011736639138733561
1255,1.2512121212121212,0.33777777777777773,1.367443002561881e-05,0.01196438053935809
1256,1.2512121212121212,0.34373737373737373,0.00025549277632939575,0.012151847053403912
1257,1.2512121212121212,0.3496969696969697,7.458694593672844e-06,0.012483865016904874
1258,1.2512121212121212,0.3556565656565656,-0.00015030453235133974,0.012588390157353956
1259,1.2512121212121212,0.3616161616161616,-0.00010366016635738546,0.012940295182893684
1260,1.2512121212121212,0.36757575757575756,-0.00010711562340166023,0.013030850467474304
1261,1.2512121212121212,0.3735353535353535,0.00018961937418433649,0.013281600926607169
1262,1.2512121212121212,0.37949494949494944,-7.3300340419069294e-06,0.01348685583122984
1263,1.2512121212121212,0.38545454545454544,0.000142142682848247,0.013643705669263529
1264,1.2512121212121212,0.3914141414141414,-7.93519281329645e-05,0.01379414511706043
1265,1.2512121212121212,0.3973737373737373,-8.839117674310259e-05,0.014115247981789583
1266,1.2512121212121212,0.4033333333333333,-9.049807896779427e-05,0.014242715354628777
1267,1.2512121212121212,0.40929292929292926,-0.0004486789578855562,0.014524055970895395
1268,1.2512121212121212,0.4152525252525252,3.987802502894685e-05,0.014847079799573885
1269,1.2512121212121212,0.42121212121212115,-0.00016085942549410464,0.01498259725376425
1270,1.2512121212121212,0.42717171717171715,5.853143350402099e-05,0.015143846779527603
1271,1.2512121212121212,0.4331313131313131,0.00011990460871075934,0.015350722977339982
1272,1.2512121212121212,0.43909090909090903,-9.429306989731225e-05,0.015417156879476847
1273,1.2512121212121212,0.44505050505050503,2.2799132791316134e-05,0.01586647874273926
1274,1.2512121212121212,0.45101010101010097,6.096678345352968e-06,0.01613120891555343
1275,1.2512121212121212,0.4569696969696969,-0.00014797892143605056,0.016238882892212092
1276,1.2512121212121212,0.4629292929292929,-0.0003411433051480928,0.0163902891884622
1277,1.2512121212121212,0.46888888888888886,-0.00014573295730654952,0.016675836242160933
1278,1.2512121212121212,0.4748484848484848,0.0001587996836592438,0.016953816918393576
1279,1.2512121212121212,0.48080808080808074,0.00037128172366793677,0.01730359522302445
1280,1.2512121212121212,0.48676767676767674,3.34529088462855e-05,0.01712065075294638
1281,1.2512121212121212,0.4927272727272727,6.789927033495781e-05,0.017329589890823276
1282,1.2512121212121212,0.4986868686868686,-0.00013421280237679666,0.017727514587967917
1283,1.2512121212121212,0.5046464646464646,9.636151294960472e-05,0.018080210374553637
1284,1.2512121212121212,0.5106060606060605,9.778570528287573e-05,0.018080329887963542
1285,1.2512121212121212,0.5165656565656566,-0.0001723533660448178,0.018305908666198925
1286,1.2512121212121212,0.5225252525252525,-0.00025697843238515523,0.018683976626921305
1287,1.2512121212121212,0.5284848484848484,0.00012911483417937225,0.018881631550631186
1288,1.2512121212121212,0.5344444444444444,-5.540026818744681e-06,0.018961665086452962
1289,1.2512121212121212,0.5404040404040403,-0.00023633310873640454,0.019286950102607916
1290,1.2512121212121212,0.5463636363636363,-0.00010998768020451393,0.01950059203350831
1291,1.2512121212121212,0.5523232323232323,0.00024277079867500862,0.019701282928149353
1292,1.2512121212121212,0.5582828282828283,-0.00017736349495902913,0.019805984954042243
1293,1.2512121212121212,0.5642424242424242,-1.1163656663164545e-05,0.01995163899828168
1294,1.2512121212121212,0.5702020202020202,-0.00010978575543259481,0.020324381726227216
1295,1.2512121212121212,0.5761616161616161,0.0003620686105995485,0.020700214223508397
1296,1.2512121212121212,0.582121212121212,7.004293634211326e-05,0.02085480383929362
1297,1.2512121212121212,0.588080808080808,0.00018989089183065784,0.021120610660989816
1298,1.2512121212121212,0.594040404040404,0.0001931889894252641,0.021157403791316715
1299,1.2512121212121212,0.6,-7.828506024138633e-05,0.02153591666175615
1300,1.2713131313131314,0.01,3.29010239508597e-06,0.0003827654839568065
1301,1.2713131313131314,0.01595959595959596,2.926182209124173e-06,0.0006126186127155999
1302,1.2713131313131314,0.021919191919191918,5.89676104741097e-06,0.0008348976610852973
1303,1.2713131313131314,0.027878787878787878,-3.0821979959283485e-06,0.0010761099735931625
1304,1.2713131313131314,0.033838383838383834,6.244691874233444e-06,0.0012929188781541667
1305,1.2713131313131314,0.0397979797979798,-1.7853787544558576e-06,0.0015093937424768692
1306,1.2713131313131314,0.045757575757575754,-2.361756145001661e-05,0.0017498805618373808
1307,1.2713131313131314,0.05171717171717172,-9.97673468607968e-06,0.0019671059705901437
1308,1.2713131313131314,0.05767676767676767,-5.318046620851269e-06,0.002194566986749312
1309,1.2713131313131314,0.06363636363636363,4.990954051708118e-06,0.0024336440138956455
1310,1.2713131313131314,0.06959595959595959,1.2360485825894475e-05,0.0026696581905255984
1311,1.2713131313131314,0.07555555555555554,1.6078535785433646e-05,0.0028476865972495036
1312,1.2713131313131314,0.0815151515151515,-7.175144790269154e-05,0.0031680467936661917
1313,1.2713131313131314,0.08747474747474746,-6.77928522791581e-06,0.003339190252003072
1314,1.2713131313131314,0.09343434343434343,-3.90827745882539e-05,0.003558845637078302
1315,1.2713131313131314,0.09939393939393938,-2.7839672355282063e-07,0.0037562989077292745
1316,1.2713131313131314,0.10535353535353534,1.0541997053295027e-05,0.004011302227086768
1317,1.2713131313131314,0.1113131313131313,2.673913883825273e-05,0.004253520090562993
1318,1.2713131313131314,0.11727272727272725,7.114199730770725e-05,0.0044747189686101686
1319,1.2713131313131314,0.12323232323232322,-9.696587387371314e-06,0.004707922005729651
1320,1.2713131313131314,0.1291919191919192,-4.435405482693299e-05,0.004888118235978708
1321,1.2713131313131314,0.13515151515151513,5.104183457202131e-05,0.0051228764410357576
1322,1.2713131313131314,0.1411111111111111,1.4329469198230293e-05,0.005376142565462189
1323,1.2713131313131314,0.14707070707070707,-3.51273532921403e-05,0.005622781022335723
1324,1.2713131313131314,0.15303030303030302,9.325830303172845e-05,0.005833310174993505
1325,1.2713131313131314,0.158989898989899,2.160589646065667e-05,0.006096334761756125
1326,1.2713131313131314,0.16494949494949493,1.6418911321625708e-05,0.006375736985081253
1327,1.2713131313131314,0.1709090909090909,-0.00010496622464995573,0.0065596597981259835
1328,1.2713131313131314,0.17686868686868687,0.00013046602854345152,0.00669331213539114
1329,1.2713131313131314,0.1828282828282828,8.993782571887365e-06,0.007103599464827531
1330,1.2713131313131314,0.18878787878787878,8.995004811172775e-05,0.007227366726065213
1331,1.2713131313131314,0.19474747474747472,7.128060761153374e-05,0.007423369508559733
1332,1.2713131313131314,0.2007070707070707,-7.55245722005885e-05,0.007700647939385898
1333,1.2713131313131314,0.20666666666666667,-8.831365440044444e-05,0.007905360789541117
1334,1.2713131313131314,0.2126262626262626,2.436657726443e-05,0.008186452946263315
1335,1.2713131313131314,0.21858585858585858,-6.318763281781855e-05,0.008342424738198134
1336,1.2713131313131314,0.22454545454545452,-1.9186849031651133e-06,0.008635419882419572
1337,1.2713131313131314,0.2305050505050505,-0.00011548415173079467,0.008776146194506057
1338,1.2713131313131314,0.23646464646464646,3.648998516193909e-05,0.008904238869780472
1339,1.2713131313131314,0.2424242424242424,3.153441886698891e-05,0.009308749327238406
1340,1.2713131313131314,0.24838383838383837,5.080839841978305e-05,0.009514876364179699
1341,1.2713131313131314,0.2543434343434343,1.8734239072355453e-05,0.009772581129573125
1342,1.2713131313131314,0.26030303030303026,-0.00023809986045907741,0.009949480736242813
1343,1.2713131313131314,0.26626262626262626,-4.176124400004295e-05,0.010203470745249037
1344,1.2713131313131314,0.2722222222222222,-4.8956076047252104e-05,0.010418544994182481
1345,1.2713131313131314,0.27818181818181814,-1.1806431460526356e-05,0.010802146253984249
1346,1.2713131313131314,0.28414141414141414,-4.55878538593157e-05,0.010997546038815548
1347,1.2713131313131314,0.2901010101010101,0.00016759265524274127,0.011047269242143892
1348,1.2713131313131314,0.296060606060606,-0.00013137796317776832,0.01127316465432902
1349,1.2713131313131314,0.302020202020202,-7.809546587549206e-05,0.011531350595741481
1350,1.2713131313131314,0.30797979797979796,9.560277181870179e-05,0.011848234038846248
1351,1.2713131313131314,0.3139393939393939,-0.0001789851698687156,0.012130307081965485
1352,1.2713131313131314,0.31989898989898985,0.00012183282146261533,0.012293685442215698
1353,1.2713131313131314,0.32585858585858585,-0.00013420007164774935,0.012589079759350629
1354,1.2713131313131314,0.3318181818181818,6.36697600113875e-05,0.012739812008700545
1355,1.2713131313131314,0.33777777777777773,-7.471059809302016e-06,0.012985147914997266
1356,1.2713131313131314,0.34373737373737373,-6.237736581583445e-05,0.013222188275563693
1357,1.2713131313131314,0.3496969696969697,-4.6179562227656513e-05,0.013420000978695418
1358,1.2713131313131314,0.3556565656565656,0.00010702183277025125,0.013724785877819591
1359,1.2713131313131314,0.3616161616161616,1.3805942456276643e-05,0.013791484510032525
1360,1.2713131313131314,0.36757575757575756,-8.039832413449236e-05,0.014141575482525641
1361,1.2713131313131314,0.3735353535353535,-5.79703410256833e-05,0.014310300927511016
1362,1.2713131313131314,0.37949494949494944,-8.846441497192748e-05,0.014584134188021753
1363,1.2713131313131314,0.38545454545454544,-8.937043586380835e-05,0.014836678324734051
1364,1.2713131313131314,0.3914141414141414,0.00013324881572786883,0.015039130443389618
1365,1.2713131313131314,0.3973737373737373,1.6496428835203404e-05,0.01517198512070242
1366,1.2713131313131314,0.4033333333333333,-4.725535520223098e-05,0.015392639462454331
1367,1.2713131313131314,0.40929292929292926,-0.00011293771619903376,0.015850089169836917
1368,1.2713131313131314,0.4152525252525252,0.00011436753864244675,0.015886135489106255
1369,1.2713131313131314,0.42121212121212115,0.0003036063723188156,0.016257820433993375
1370,1.2713131313131314,0.42717171717171715,-0.00035405555566681013,0.01644379982275817
1371,1.2713131313131314,0.4331313131313131,0.0001102444009217777,0.016568573930689764
1372,1.2713131313131314,0.43909090909090903,-0.0001164097881102614,0.01697978645821212
1373,1.2713131313131314,0.44505050505050503,0.0003483829776472353,0.017145055811046226
1374,1.2713131313131314,0.45101010101010097,-0.00010221761911881919,0.01739354428156633
1375,1.2713131313131314,0.4569696969696969,-0.00034856610227538507,0.017492785678559122
1376,1.2713131313131314,0.4629292929292929,-3.654315205701705e-05,0.017593168404993746
1377,1.2713131313131314,0.46888888888888886,-0.00019980294662864207,0.017885662104986808
1378,1.2713131313131314,0.4748484848484848,-0.00023871370996349442,0.01806841003230731
1379,1.2713131313131314,0.48080808080808074,-6.554808129287986e-05,0.01847636048293472
1380,1.2713131313131314,0.48676767676767674,-5.606405799139269e-05,0.018475739253732065
1381,1.2713131313131314,0.4927272727272727,0.00017327699148207584,0.0188918414735871
1382,1.2713131313131314,0.4986868686868686,0.00020786720299163628,0.01900142881979557
1383,1.2713131313131314,0.5046464646464646,3.0140361780563585e-05,0.01920346259767691
1384,1.2713131313131314,0.5106060606060605,-0.0001279400475944351,0.019762230066004187
1385,1.2713131313131314,0.5165656565656566,8.998556707102395e-05,0.019886053055622153
1386,1.2713131313131314,0.5225252525252525,5.204760340228417e-05,0.020095325620420924
1387,1.2713131313131314,0.5284848484848484,0.00029477083932972717,0.020417230300580572
1388,1.2713131313131314,0.5344444444444444,-0.00011724398725027627,0.02058086946669518
1389,1.2713131313131314,0.5404040404040403,-0.0001383226634469721,0.020849594454371376
1390,1.2713131313131314,0.5463636363636363,8.865853648046424e-05,0.021108083745537815
1391,1.2713131313131314,0.5523232323232323,-9.518071082000029e-05,0.02113100556402626
1392,1.2713131313131314,0.5582828282828283,-0.00025982203886038403,0.021653735705778915
1393,1.2713131313131314,0.5642424242424242,0.00011609048275556581,0.021848970249989545
1394,1.2713131313131314,0.5702020202020202,0.00021776334096624655,0.02206193592675356
1395,1.2713131313131314,0.5761616161616161,0.00012700116314724082,0.021819836738803083
1396,1.2713131313131314,0.582121212121212,-0.00033507928408539297,0.022276177239607193
1397,1.2713131313131314,0.588080808080808,0.00016256803664917925,0.022744409831445104
1398,1.2713131313131314,0.594040404040404,0.00024110895377930643,0.023026314430978554
1399,1.2713131313131314,0.6,0.0001617637232076619,0.023412982167569592
1400,1.2914141414141413,0.01,-3.4093785200263405e-06,0.00040943569602973275
1401,1.2914141414141413,0.01595959595959596,6.2981035773563845e-06,0.0006543356020763773
1402,1.2914141414141413,0.021919191919191918,2.822111712503539e-06,0.0009152353120694217
1403,1.2914141414141413,0.027878787878787878,-1.7508839372034845e-06,0.0011434365996762905
1404,1.2914141414141413,0.033838383838383834,2.665548558699965e-05,0.001403659519782256
1405,1.2914141414141413,0.0397979797979798,2.698603533693843e-05,0.0016134006809714766
1406,1.2914141414141413,0.045757575757575754,-2.373873035520079e-05,0.0018930977060242738
1407,1.2914141414141413,0.05171717171717172,9.544405897638697e-06,0.0021313073179366816
1408,1.2914141414141413,0.05767676767676767,-2.1950551749252835e-05,0.0023864324771938035
1409,1.2914141414141413,0.06363636363636363,-3.6384543031267416e-05,0.0026283147745013247
1410,1.2914141414141413,0.06959595959595959,-9.043579204568774e-06,0.0028305880384275773
1411,1.2914141414141413,0.07555555555555554,4.260301109407555e-05,0.0031197936592490478
1412,1.2914141414141413,0.0815151515151515,-9.338049539658789e-06,0.003376441879271211
1413,1.2914141414141413,0.08747474747474746,3.084286592257137e-05,0.003584869603262727
1414,1.2914141414141413,0.09343434343434343,-1.1919361050938005e-05,0.003828167251150655
1415,1.2914141414141413,0.09939393939393938,4.3250191427262084e-05,0.004091934643014849
1416,1.2914141414141413,0.10535353535353534,1.650439571337432e-05,0.004326392981611267
1417,1.2914141414141413,0.1113131313131313,-3.8033955363187134e-05,0.004591687111092488
1418,1.2914141414141413,0.11727272727272725,-4.5323184624263766e-05,0.004794179128779104
1419,1.2914141414141413,0.12323232323232322,-7.991958466979135e-05,0.0050165826001348215
1420,1.2914141414141413,0.1291919191919192,-3.568784458248988e-05,0.005331696375677898
1421,1.2914141414141413,0.13515151515151513,3.257580841110519e-05,0.00552801524480714
1422,1.2914141414141413,0.1411111111111111,8.015228571008892e-06,0.0058314650804021035
1423,1.2914141414141413,0.14707070707070707,-1.6859486251732536e-05,0.005994999485343373
1424,1.2914141414141413,0.15303030303030302,-7.436610774064645e-06,0.006309765019290609
1425,1.2914141414141413,0.158989898989899,-6.01752655152845e-05,0.00651449562151417
1426,1.2914141414141413,0.16494949494949493,-5.6328274306360016e-05,0.006779063433742249
1427,1.2914141414141413,0.1709090909090909,4.378430275840817e-06,0.007004078141325357
1428,1.2914141414141413,0.17686868686868687,4.701342992373966e-05,0.007215665872145552
1429,1.2914141414141413,0.1828282828282828,-0.00015308249758131965,0.007588802997411576
1430,1.2914141414141413,0.18878787878787878,-1.7171799608236905e-05,0.007834458106242987
1431,1.2914141414141413,0.19474747474747472,9.400710204325392e-05,0.007912768566708101
1432,1.2914141414141413,0.2007070707070707,2.330123841420879e-05,0.008276720191600159
1433,1.2914141414141413,0.20666666666666667,-2.0056047475228856e-05,0.008560488203729165
1434,1.2914141414141413,0.2126262626262626,-0.00012597745870734003,0.008799784826746553
1435,1.2914141414141413,0.21858585858585858,-0.0001421704114961873,0.008954222690637297
1436,1.2914141414141413,0.22454545454545452,0.00015622936905368255,0.009302756097158275
1437,1.2914141414141413,0.2305050505050505,-0.00010445864998823151,0.009501191949717165
1438,1.2914141414141413,0.23646464646464646,5.0099431940132746e-05,0.009794906314557107
1439,1.2914141414141413,0.2424242424242424,-5.2766438823895335e-05,0.009960476846857172
1440,1.2914141414141413,0.24838383838383837,-3.766169729192671e-05,0.010218861627353366
1441,1.2914141414141413,0.2543434343434343,3.220745307715765e-05,0.01049049841444804
1442,1.2914141414141413,0.26030303030303026,-9.323094702852528e-05,0.010752004451193233
1443,1.2914141414141413,0.26626262626262626,6.045467173296764e-05,0.0110324844544694
1444,1.2914141414141413,0.2722222222222222,4.0194409323485305e-05,0.011270655085288827
1445,1.2914141414141413,0.27818181818181814,-0.00016681381607377925,0.011459010025722865
1446,1.2914141414141413,0.28414141414141414,1.0990393240488005e-05,0.011685902496223184
1447,1.2914141414141413,0.2901010101010101,0.00016059426721619382,0.011891470183601418
1448,1.2914141414141413,0.296060606060606,-0.00010676138679992547,0.01208090354458248
1449,1.2914141414141413,0.302020202020202,-8.242567673229958e-05,0.01239249292242703
1450,1.2914141414141413,0.30797979797979796,-0.00028677832080996346,0.012522196145376115
1451,1.2914141414141413,0.3139393939393939,6.614936651510935e-05,0.01310931202185137
1452,1.2914141414141413,0.31989898989898985,-0.00011442268313746893,0.013154487146084583
1453,1.2914141414141413,0.32585858585858585,-3.302059905061763e-05,0.013218993721359406
1454,1.2914141414141413,0.3318181818181818,-3.337637273154437e-06,0.013614699717840814
1455,1.2914141414141413,0.33777777777777773,0.00026594990270001535,0.013916568067661856
1456,1.2914141414141413,0.34373737373737373,-2.626949284381075e-05,0.014167444661971408
1457,1.2914141414141413,0.3496969696969697,0.00020675124288215346,0.014351300578789538
1458,1.2914141414141413,0.3556565656565656,9.683796586269025e-05,0.014726363717098663
1459,1.2914141414141413,0.3616161616161616,-2.0042446576565155e-05,0.01480182609483831
1460,1.2914141414141413,0.36757575757575756,4.263896287150018e-05,0.014989608436374204
1461,1.2914141414141413,0.3735353535353535,-0.0001524615529204494,0.015393552578215609
1462,1.2914141414141413,0.37949494949494944,3.24568226873454e-06,0.015705548280386786
1463,1.2914141414141413,0.38545454545454544,-6.957072490241317e-05,0.01584563164031894
1464,1.2914141414141413,0.3914141414141414,5.893633870586973e-05,0.01606659841397714
1465,1.2914141414141413,0.3973737373737373,0.00016661357798675912,0.01641173393554584
1466,1.2914141414141413,0.4033333333333333,-2.584002774775249e-05,0.016564005621385176
1467,1.2914141414141413,0.40929292929292926,0.0001775783731171285,0.017015901222269404
1468,1.2914141414141413,0.4152525252525252,-5.265268043818169e-05,0.01721765088047153
1469,1.2914141414141413,0.42121212121212115,2.5403473338287176e-05,0.017384276706930976
1470,1.2914141414141413,0.42717171717171715,-6.888863968908767e-05,0.01754121059966575
1471,1.2914141414141413,0.4331313131313131,-4.863528832487999e-05,0.017764003482093352
1472,1.2914141414141413,0.43909090909090903,-0.0003946509732316569,0.018012481312374352
1473,1.2914141414141413,0.44505050505050503,-9.748197814275754e-05,0.01844962689913691
1474,1.2914141414141413,0.45101010101010097,8.827249721320119e-06,0.01856849793222072
1475,1.2914141414141413,0.4569696969696969,-0.0001908477483734607,0.019070946418735718
1476,1.2914141414141413,0.4629292929292929,-0.00031864959971794333,0.019157904423592664
1477,1.2914141414141413,0.46888888888888886,0.00013849207258188366,0.019414834596834893
1478,1.2914141414141413,0.4748484848484848,0.00022177200356016385,0.019751855479352074
1479,1.2914141414141413,0.48080808080808074,0.00010840303674008176,0.01983878353454895
1480,1.2914141414141413,0.48676767676767674,2.2696080461016967e-05,0.020129559816409476
1481,1.2914141414141413,0.4927272727272727,-0.00036703976258024737,0.02055537253466533
1482,1.2914141414141413,0.4986868686868686,5.9865056746830146e-05,0.020529712713959623
1483,1.2914141414141413,0.5046464646464646,0.00029494864759099863,0.02089751787303573
1484,1.2914141414141413,0.5106060606060605,-0.0003533808448620156,0.0210415237902436
1485,1.2914141414141413,0.5165656565656566,0.00041155168022715446,0.021436450381547508
1486,1.2914141414141413,0.5225252525252525,-0.00014492579611411643,0.021553688016764723
1487,1.2914141414141413,0.5284848484848484,0.0005215831363983365,0.021876146421764935
1488,1.2914141414141413,0.5344444444444444,0.0002522970882304403,0.022060746960647214
1489,1.2914141414141413,0.5404040404040403,-0.00023186879221456333,0.02213666474028275
1490,1.2914141414141413,0.5463636363636363,8.534543703899231e-05,0.02258745533048249
1491,1.2914141414141413,0.5523232323232323,-3.4379746713405935e-05,0.023052177620329958
1492,1.2914141414141413,0.5582828282828283,0.0002029622475132983,0.022966677278150598
1493,1.2914141414141413,0.5642424242424242,4.5358540202256356e-05,0.02341117939657729
1494,1.2914141414141413,0.5702020202020202,0.00021624944924617843,0.023594005207135657
1495,1.2914141414141413,0.5761616161616161,0.0002219402009616986,0.024031610945293092
1496,1.2914141414141413,0.582121212121212,0.00013116799059340853,0.024037924085571497
1497,1.2914141414141413,0.588080808080808,0.0004046582927863967,0.0244364323058825
1498,1.2914141414141413,0.594040404040404,-2.509730852629384e-05,0.02485587745582964
1499,1.2914141414141413,0.6,4.4530404539311875e-05,0.0246682828615538
1500,1.3115151515151515,0.01,-5.148751278317932e-07,0.0004427909007028005
1501,1.3115151515151515,0.01595959595959596,2.488136080408665e-06,0.0006983619316298146
1502,1.3115151515151515,0.021919191919191918,-9.709973345812839e-06,0.0009612541285398429
1503,1.3115151515151515,0.027878787878787878,-1.0013289812828008e-06,0.0012175912984723162
1504,1.3115151515151515,0.033838383838383834,-4.426256869292977e-06,0.0015006405390117097
1505,1.3115151515151515,0.0397979797979798,4.975385205913163e-06,0.0017481193114972293
1506,1.3115151515151515,0.045757575757575754,-7.1632316275061834e-06,0.001995737154505439
1507,1.3115151515151515,0.05171717171717172,-2.5200046577793823e-05,0.002282260131498579
1508,1.3115151515151515,0.05767676767676767,-3.8471500355161036e-05,0.0025364493611171064
1509,1.3115151515151515,0.06363636363636363,-4.5507369538132336e-05,0.002776982295092292
1510,1.3115151515151515,0.06959595959595959,4.312783851687484e-05,0.0030727532034559918
1511,1.3115151515151515,0.07555555555555554,-9.748172683953902e-05,0.0033205809497489774
1512,1.3115151515151515,0.0815151515151515,-2.7340131405700895e-05,0.003557821303329843
1513,1.3115151515151515,0.08747474747474746,1.4254622946609142e-05,0.0037996630201199916
1514,1.3115151515151515,0.09343434343434343,9.582149714798172e-06,0.004135589808687462
1515,1.3115151515151515,0.09939393939393938,-1.656701673553168e-05,0.004381555729088845
1516,1.3115151515151515,0.10535353535353534,2.0123435518170397e-05,0.004621498594549201
1517,1.3115151515151515,0.1113131313131313,-2.636435611754144e-05,0.004851277833418409
1518,1.3115151515151515,0.11727272727272725,0.00014370642725683628,0.005155557169183958
1519,1.3115151515151515,0.12323232323232322,-3.145081837150059e-05,0.005448626446426955
1520,1.3115151515151515,0.1291919191919192,5.074805708277576e-05,0.005642017970076091
1521,1.3115151515151515,0.13515151515151513,-2.0556437910798197e-06,0.005926201539691607
1522,1.3115151515151515,0.1411111111111111,-0.0001530272656573256,0.006213539818174766
1523,1.3115151515151515,0.14707070707070707,5.5447940996668396e-05,0.0064959873575404494
1524,1.3115151515151515,0.15303030303030302,-3.954650219069743e-05,0.0066501757618244745
1525,1.3115151515151515,0.158989898989899,-6.414100690996786e-05,0.0069844926111504125
1526,1.3115151515151515,0.16494949494949493,3.9830642774506963e-05,0.007230824908322688
1527,1.3115151515151515,0.1709090909090909,-8.495791368918403e-06,0.007504590560302136
1528,1.3115151515151515,0.17686868686868687,1.5827708241228576e-05,0.007740470025587655
1529,1.3115151515151515,0.1828282828282828,-3.10923991680766e-06,0.008029643952649369
1530,1.3115151515151515,0.18878787878787878,-0.00011087222874219587,0.008274785882564471
1531,1.3115151515151515,0.19474747474747472,-6.2472297260707685e-06,0.008620612557553886
1532,1.3115151515151515,0.2007070707070707,-4.6383221528773996e-05,0.008686694195550043
1533,1.3115151515151515,0.20666666666666667,-0.00014028831126402472,0.009164449274823974
1534,1.3115151515151515,0.2126262626262626,2.5295505887752188e-05,0.009424503811316274
1535,1.3115151515151515,0.21858585858585858,-0.00015326151792283905,0.009609142139716137
1536,1.3115151515151515,0.22454545454545452,0.0001717975848965831,0.00990801406660601
1537,1.3115151515151515,0.2305050505050505,-4.941815307047838e-05,0.010303317152978298
1538,1.3115151515151515,0.23646464646464646,-6.53084730737325e-05,0.010401633304237235
1539,1.3115151515151515,0.2424242424242424,0.00017384925344358056,0.010645054754721375
1540,1.3115151515151515,0.24838383838383837,4.974696315624719e-05,0.010856964349051298
1541,1.3115151515151515,0.2543434343434343,-2.8057545718240585e-05,0.011176014337364626
1542,1.3115151515151515,0.26030303030303026,6.055014921240237e-05,0.011645462173005983
1543,1.3115151515151515,0.26626262626262626,1.842214110148077e-06,0.011697217210539537
1544,1.3115151515151515,0.2722222222222222,-0.00016891704005625753,0.01192380961412058
1545,1.3115151515151515,0.27818181818181814,0.00019185387296150215,0.012208190436366288
1546,1.3115151515151515,0.28414141414141414,-5.679255444987988e-05,0.01245198484817515
1547,1.3115151515151515,0.2901010101010101,1.2797329639208543e-05,0.01283347579766884
1548,1.3115151515151515,0.296060606060606,0.00011142260944835099,0.013029629091721928
1549,1.3115151515151515,0.302020202020202,-4.7273182287823135e-05,0.013262326340100952
1550,1.3115151515151515,0.30797979797979796,-2.3505910443713553e-05,0.013463172924083257
1551,1.3115151515151515,0.3139393939393939,0.00014257726181942664,0.013790307767252088
1552,1.3115151515151515,0.31989898989898985,-7.307008567285857e-05,0.013998853568179403
1553,1.3115151515151515,0.32585858585858585,0.00010610348579185684,0.01428164628151703
1554,1.3115151515151515,0.3318181818181818,0.00014247002125524608,0.014690980001514895
1555,1.3115151515151515,0.33777777777777773,0.00029039653472883684,0.015045669073828068
1556,1.3115151515151515,0.34373737373737373,-1.1177328747649684e-05,0.015064612815913541
1557,1.3115151515151515,0.3496969696969697,0.00020835965606687918,0.015583467012638963
1558,1.3115151515151515,0.3556565656565656,-0.0001984173809635929,0.015474179495309246
1559,1.3115151515151515,0.3616161616161616,-0.00013313585732356256,0.01585070868877435
1560,1.3115151515151515,0.36757575757575756,0.00012617449144290336,0.016251756548805615
1561,1.3115151515151515,0.3735353535353535,0.00011651444521627665,0.016365399118744454
1562,1.3115151515151515,0.37949494949494944,0.00018661639618217172,0.01672352656604512
1563,1.3115151515151515,0.38545454545454544,-0.00010772610637506707,0.017030022863473812
1564,1.3115151515151515,0.3914141414141414,-0.0004087533835461871,0.017187948140623497
1565,1.3115151515151515,0.3973737373737373,-6.192266235059631e-05,0.017520326156920032
1566,1.3115151515151515,0.4033333333333333,-0.00021355555155068792,0.017893177477602502
1567,1.3115151515151515,0.40929292929292926,1.3609955202191681e-05,0.018129850063457444
1568,1.3115151515151515,0.4152525252525252,-0.00010353111901301512,0.018265574698588867
1569,1.3115151515151515,0.42121212121212115,0.0001929233497132205,0.018234341633551372
1570,1.3115151515151515,0.42717171717171715,-0.00048174940152328214,0.018787120943020184
1571,1.3115151515151515,0.4331313131313131,0.0002924888184861482,0.018960389624035526
1572,1.3115151515151515,0.43909090909090903,7.599421684490193e-06,0.01936952881365946
1573,1.3115151515151515,0.44505050505050503,-0.00016896191858278516,0.01955632374404145
1574,1.3115151515151515,0.45101010101010097,-8.878013936429472e-05,0.019992382513617867
1575,1.3115151515151515,0.4569696969696969,0.0004416381620433375,0.02031711371328425
1576,1.3115151515151515,0.4629292929292929,-0.0003361896845481908,0.02033985335432067
1577,1.3115151515151515,0.46888888888888886,-0.00013019006365567432,0.020433474468331134
1578,1.3115151515151515,0.4748484848484848,0.00016087754115914698,0.021040889118587012
1579,1.3115151515151515,0.48080808080808074,0.00012253413202115965,0.02119284558764853
1580,1.3115151515151515,0.48676767676767674,-0.00010922494554505704,0.021379378011214607
1581,1.3115151515151515,0.4927272727272727,0.00010475468103341523,0.02162118896744543
1582,1.3115151515151515,0.4986868686868686,-0.00023485048327409616,0.02209392394580172
1583,1.3115151515151515,0.5046464646464646,6.52633246996122e-05,0.022271800083508913
1584,1.3115151515151515,0.5106060606060605,0.00027177268010604373,0.022589224053455523
1585,1.3115151515151515,0.5165656565656566,0.000229493174746841,0.023012117619201407
1586,1.3115151515151515,0.5225252525252525,-0.0002022263322131555,0.02294029471864172
1587,1.3115151515151515,0.5284848484848484,-0.0005351734781381913,0.02323062878050316
1588,1.3115151515151515,0.5344444444444444,0.0003299144978911411,0.023686157231622474
1589,1.3115151515151515,0.5404040404040403,-0.0002880680066306433,0.02369409288790923
1590,1.3115151515151515,0.5463636363636363,-0.00040967996948794596,0.02436972686062453
1591,1.3115151515151515,0.5523232323232323,-0.00019732814388883732,0.023800119604065837
1592,1.3115151515151515,0.5582828282828283,-0.000620681130362688,0.02482222511134188
1593,1.3115151515151515,0.5642424242424242,0.00012420831027665544,0.024655473380319804
1594,1.3115151515151515,0.5702020202020202,9.689323386621153e-05,0.025087349315611396
1595,1.3115151515151515,0.5761616161616161,0.00018163842975020878,0.025513130576517627
1596,1.3115151515151515,0.582121212121212,0.00027167240012158553,0.025683198452573323
1597,1.3115151515151515,0.588080808080808,5.442006988171498e-05,0.025771752116793518
1598,1.3115151515151515,0.594040404040404,-1.0445684800348754e-05,0.026130190412437682
1599,1.3115151515151515,0.6,-0.0002738750460239891,0.02664416047773003
1600,1.3316161616161617,0.01,-3.08513818662155e-06,0.0004683000082819952
1601,1.3316161616161617,0.01595959595959596,6.098840931521687e-06,0.000742543502033026
1602,1.3316161616161617,0.021919191919191918,-1.1831462216940169e-05,0.001019088335678799
1603,1.3316161616161617,0.027878787878787878,-1.723299111599307e-05,0.0012995749574784326
1604,1.3316161616161617,0.033838383838383834,-1.1845964969208022e-05,0.0015643430895728731
1605,1.3316161616161617,0.0397979797979798,-3.190302828055953e-05,0.0018863946583926872
1606,1.3316161616161617,0.045757575757575754,1.0339085950481863e-05,0.0021493564947643764
1607,1.3316161616161617,0.05171717171717172,1.1809936023993472e-05,0.002427175947243468
1608,1.3316161616161617,0.05767676767676767,-1.2982995498120742e-05,0.0027135548529056406
1609,1.3316161616161617,0.06363636363636363,2.0620925212720798e-05,0.002977835942147675
1610,1.3316161616161617,0.06959595959595959,-5.438196825778749e-05,0.0032085520098633553
1611,1.3316161616161617,0.07555555555555554,5.0293104655564015e-05,0.003512409417227671
1612,1.3316161616161617,0.0815151515151515,3.0481749720031105e-05,0.0038097883301419573
1613,1.3316161616161617,0.08747474747474746,-2.9479150302029354e-05,0.004072958387741678
1614,1.3316161616161617,0.09343434343434343,8.343269722951808e-06,0.004310827603078437
1615,1.3316161616161617,0.09939393939393938,2.2275303491214404e-05,0.004698954326895802
1616,1.3316161616161617,0.10535353535353534,-2.9079893049939487e-05,0.004944554182511735
1617,1.3316161616161617,0.1113131313131313,-6.0734110850733925e-05,0.005206373624033146
1618,1.3316161616161617,0.11727272727272725,-3.519721122410686e-05,0.005487994863298788
1619,1.3316161616161617,0.12323232323232322,-9.028220122917316e-05,0.005781153677132719
1620,1.3316161616161617,0.1291919191919192,-3.16296181217891e-05,0.006035658991352113
1621,1.3316161616161617,0.13515151515151513,-4.319113894699292e-05,0.006476147813274348
1622,1.3316161616161617,0.1411111111111111,7.755705858770397e-05,0.0065755085304050175
1623,1.3316161616161617,0.14707070707070707,-0.00015598243685284574,0.006874227596383789
1624,1.3316161616161617,0.15303030303030302,8.424696486171175e-05,0.007200752328819901
1625,1.3316161616161617,0.158989898989899,-1.2723259652394414e-05,0.007480651237338931
1626,1.3316161616161617,0.16494949494949493,-0.00013610149076996407,0.007608794379622359
1627,1.3316161616161617,0.1709090909090909,-0.0001173996521006865,0.008083293270640488
1628,1.3316161616161617,0.17686868686868687,-1.464464822144731e-05,0.008302585278840735
1629,1.3316161616161617,0.1828282828282828,-3.514935269509316e-05,0.008510218343141113
1630,1.3316161616161617,0.18878787878787878,-0.0002256897717633585,0.00875987690527967
1631,1.3316161616161617,0.19474747474747472,-8.218187930132051e-05,0.00909277313565753
1632,1.3316161616161617,0.2007070707070707,6.135116016859498e-06,0.009381266441622932
1633,1.3316161616161617,0.20666666666666667,-6.0310190552771814e-05,0.009723077007819497
1634,1.3316161616161617,0.2126262626262626,-0.00012020065420981845,0.009835332375076097
1635,1.3316161616161617,0.21858585858585858,-5.749799983730771e-05,0.010241335334923649
1636,1.3316161616161617,0.22454545454545452,0.00020762299976235035,0.010519709974229227
1637,1.3316161616161617,0.2305050505050505,-4.388585400279047e-05,0.010779610911739812
1638,1.3316161616161617,0.23646464646464646,2.1940638434103788e-05,0.011057668471892466
1639,1.3316161616161617,0.2424242424242424,0.00011362126547707774,0.011436629321569794
1640,1.3316161616161617,0.24838383838383837,-3.837340528540446e-05,0.011670437503336843
1641,1.3316161616161617,0.2543434343434343,1.7763232055532917e-05,0.011915120588827174
1642,1.3316161616161617,0.26030303030303026,-0.00014636094043022295,0.012207507597551398
1643,1.3316161616161617,0.26626262626262626,-0.0002685774652490305,0.01248544937826865
1644,1.3316161616161617,0.2722222222222222,0.0002162751507874535,0.012678886775244907
1645,1.3316161616161617,0.27818181818181814,-1.828265838600085e-06,0.012984052971838116
1646,1.3316161616161617,0.28414141414141414,0.00010891211844433263,0.013253935634581536
1647,1.3316161616161617,0.2901010101010101,-0.0001241218545969792,0.013570517859513503
1648,1.3316161616161617,0.296060606060606,-0.00010086349851384724,0.013758524450028673
1649,1.3316161616161617,0.302020202020202,0.00028070818058597685,0.0141367735151092
1650,1.3316161616161617,0.30797979797979796,2.010761978993163e-05,0.014574399850349157
1651,1.3316161616161617,0.3139393939393939,2.4938490255162327e-05,0.014663435646096354
1652,1.3316161616161617,0.31989898989898985,-2.5000134088495706e-05,0.01512860251911332
1653,1.3316161616161617,0.32585858585858585,0.00030967774496941993,0.01546336189797918
1654,1.3316161616161617,0.3318181818181818,-2.540465387764316e-05,0.015460835453337051
1655,1.3316161616161617,0.33777777777777773,9.533617770861772e-05,0.015698951185897227
1656,1.3316161616161617,0.34373737373737373,-0.0001970663353296525,0.016114513117151282
1657,1.3316161616161617,0.3496969696969697,0.0002660579223993575,0.0165616855465342
1658,1.3316161616161617,0.3556565656565656,0.00022031904070035383,0.01669186473147681
1659,1.3316161616161617,0.3616161616161616,-0.0003043310959823506,0.016969464400873664
1660,1.3316161616161617,0.36757575757575756,-5.979078092081258e-06,0.01704056162195233
1661,1.3316161616161617,0.3735353535353535,-2.4502674226038545e-05,0.017359635675703373
1662,1.3316161616161617,0.37949494949494944,0.00025508728934884526,0.017773268318121684
1663,1.3316161616161617,0.38545454545454544,-0.0003554051707521899,0.017991996984496994
1664,1.3316161616161617,0.3914141414141414,-0.00033163863450606166,0.018276926920066182
1665,1.3316161616161617,0.3973737373737373,-6.019481181083599e-05,0.01880127746084558
1666,1.3316161616161617,0.4033333333333333,6.725644915071118e-05,0.018966166395763064
1667,1.3316161616161617,0.40929292929292926,-5.885793058951105e-05,0.01896640533954734
1668,1.3316161616161617,0.4152525252525252,-7.01114751109515e-05,0.019811381833626605
1669,1.3316161616161617,0.42121212121212115,5.848892019105405e-05,0.0197302941774297
1670,1.3316161616161617,0.42717171717171715,-3.75702138689324e-05,0.020265515012079564
1671,1.3316161616161617,0.4331313131313131,1.2334655651317939e-05,0.020299631562777178
1672,1.3316161616161617,0.43909090909090903,1.0148031843977257e-05,0.020548939033954442
1673,1.3316161616161617,0.44505050505050503,-0.00011130368696839519,0.02070548865401495
1674,1.3316161616161617,0.45101010101010097,0.0002050250713872406,0.02119665066615077
1675,1.3316161616161617,0.4569696969696969,-2.7049755497826745e-05,0.021129140892220892
1676,1.3316161616161617,0.4629292929292929,0.0001208501596714223,0.021682856294926563
1677,1.3316161616161617,0.46888888888888886,-0.00023729254066372834,0.022013268670089504
1678,1.3316161616161617,0.4748484848484848,1.2979027228016927e-05,0.021957252251377884
1679,1.3316161616161617,0.48080808080808074,-8.938308557905644e-05,0.022478072401329187
1680,1.3316161616161617,0.48676767676767674,-0.00027584872370715327,0.022957510041257945
1681,1.3316161616161617,0.4927272727272727,-0.00017385809643471992,0.022864703838990037
1682,1.3316161616161617,0.4986868686868686,5.5865292057393035e-05,0.023648174835921996
1683,1.3316161616161617,0.5046464646464646,-0.00017360615131381603,0.023458442569876645
1684,1.3316161616161617,0.5106060606060605,0.0003665599305257712,0.024245401870421127
1685,1.3316161616161617,0.5165656565656566,-0.00011706919470608748,0.024422150825403277
1686,1.3316161616161617,0.5225252525252525,-3.8332574309278165e-05,0.024535541481585346
1687,1.3316161616161617,0.5284848484848484,0.0002873283234039214,0.02514367734512909
1688,1.3316161616161617,0.5344444444444444,-0.00020571675012589203,0.025008824163658884
1689,1.3316161616161617,0.5404040404040403,0.0003219794104518509,0.025401245118521844
1690,1.3316161616161617,0.5463636363636363,0.0006265475245390687,0.026000515224849734
1691,1.3316161616161617,0.5523232323232323,0.000379819078651257,0.025855475620623247
1692,1.3316161616161617,0.5582828282828283,0.00013732247422270513,0.02608107434694325
1693,1.3316161616161617,0.5642424242424242,5.202423538000558e-05,0.02598186667090073
1694,1.3316161616161617,0.5702020202020202,-9.464580074652021e-05,0.027258068815257108
1695,1.3316161616161617,0.5761616161616161,-0.0003153536682320081,0.027235589586620083
1696,1.3316161616161617,0.582121212121212,0.0005440751663212956,0.027496067338028445
1697,1.3316161616161617,0.588080808080808,7.685029726379943e-05,0.028097731060866812
1698,1.3316161616161617,0.594040404040404,0.0002454361210516945,0.028115143085187613
1699,1.3316161616161617,0.6,-9.923026494587585e-05,0.028528039914284518
1700,1.3517171717171719,0.01,5.850769075372442e-06,0.0004966411250484664
1701,1.3517171717171719,0.01595959595959596,-1.2390163512110652e-05,0.0007913290107212321
1702,1.3517171717171719,0.021919191919191918,2.8955881397685233e-06,0.0010936802055742563
1703,1.3517171717171719,0.027878787878787878,-3.4846976626987213e-06,0.0013818973233742768
1704,1.3517171717171719,0.033838383838383834,-5.155584124579771e-06,0.0016497971117546619
1705,1.3517171717171719,0.0397979797979798,-7.076852235680908e-06,0.001989537663603483
1706,1.3517171717171719,0.045757575757575754,-3.461618108401646e-05,0.002243222799882453
1707,1.3517171717171719,0.05171717171717172,-2.852151237613533e-05,0.0025487783043228315
1708,1.3517171717171719,0.05767676767676767,-1.692506092467315e-05,0.0028811887823148702
1709,1.3517171717171719,0.06363636363636363,1.5562725529502387e-05,0.003173172225032887
1710,1.3517171717171719,0.06959595959595959,-1.4048758470286415e-08,0.0034503042620705185
1711,1.3517171717171719,0.07555555555555554,2.0813305788984515e-05,0.0038010769651127337
1712,1.3517171717171719,0.0815151515151515,5.47958401264933e-06,0.004019237828770831
1713,1.3517171717171719,0.08747474747474746,-0.0001106814508007975,0.0043128074803960624
1714,1.3517171717171719,0.09343434343434343,-5.493964434099951e-06,0.0046455695992761725
1715,1.3517171717171719,0.09939393939393938,-5.6381004919453734e-05,0.004936070939044787
1716,1.3517171717171719,0.10535353535353534,1.7627820169852758e-05,0.005276150771102564
1717,1.3517171717171719,0.1113131313131313,1.2971394929317969e-05,0.005512394122541466
1718,1.3517171717171719,0.11727272727272725,1.83325526996867e-06,0.005806071258123369
1719,1.3517171717171719,0.12323232323232322,4.591922340886505e-05,0.006220847235689684
1720,1.3517171717171719,0.1291919191919192,-0.00012782221117436102,0.00655660006666963
1721,1.3517171717171719,0.13515151515151513,-7.599041881806127e-05,0.006757072669697605
1722,1.3517171717171719,0.1411111111111111,3.8711800466362745e-05,0.00707954550304244
1723,1.3517171717171719,0.14707070707070707,9.01344906160477e-05,0.007344474073700743
1724,1.3517171717171719,0.15303030303030302,-0.00012737769075413087,0.007616396817475176
1725,1.3517171717171719,0.158989898989899,-3.132772913989747e-05,0.007836201878637242
1726,1.3517171717171719,0.16494949494949493,-9.60531818614575e-05,0.008201806118329467
1727,1.3517171717171719,0.1709090909090909,3.189603034604249e-05,0.008467711613301124
1728,1.3517171717171719,0.17686868686868687,1.301196684704785e-05,0.008678418125983882
1729,1.3517171717171719,0.1828282828282828,-2.2813211836858137e-06,0.009128470181751402
1730,1.3517171717171719,0.18878787878787878,6.498369934671811e-05,0.009337533907580926
1731,1.3517171717171719,0.19474747474747472,0.0002590035914993843,0.009699941710270032
1732,1.3517171717171719,0.2007070707070707,-0.00016789949091396464,0.009924392789819356
1733,1.3517171717171719,0.20666666666666667,-6.667250937583238e-05,0.010164018307091686
1734,1.3517171717171719,0.2126262626262626,-0.0001482189612578419,0.010659364319636214
1735,1.3517171717171719,0.21858585858585858,0.00018874345241865758,0.010920935083666528
1736,1.3517171717171719,0.22454545454545452,6.710687366990236e-05,0.011204989072816971
1737,1.3517171717171719,0.2305050505050505,0.00014609495033263137,0.011480763096329593
1738,1.3517171717171719,0.23646464646464646,-0.00010738181526854916,0.011703671639405661
1739,1.3517171717171719,0.2424242424242424,-0.0001308552223096127,0.012018528954676477
1740,1.3517171717171719,0.24838383838383837,5.860316518310052e-05,0.012332412469899759
1741,1.3517171717171719,0.2543434343434343,-0.0001054847268091236,0.012539374548073355
1742,1.3517171717171719,0.26030303030303026,-0.00016231012061187572,0.01280766844759138
1743,1.3517171717171719,0.26626262626262626,-1.8600452684004964e-05,0.013394256001309486
1744,1.3517171717171719,0.2722222222222222,-0.00010071542761516971,0.01348329329133559
1745,1.3517171717171719,0.27818181818181814,0.00013312642885103575,0.013801165684045482
1746,1.3517171717171719,0.28414141414141414,0.00017850593493105383,0.014130528020698079
1747,1.3517171717171719,0.2901010101010101,4.910635563169664e-05,0.014364778613856787
1748,1.3517171717171719,0.296060606060606,6.778501257026848e-05,0.014644523989643173
1749,1.3517171717171719,0.302020202020202,-1.984071156764027e-05,0.014861664220762518
1750,1.3517171717171719,0.30797979797979796,0.0003782879546946546,0.0154791451751008
1751,1.3517171717171719,0.3139393939393939,-2.039159188138906e-06,0.015342573585540423
1752,1.3517171717171719,0.31989898989898985,0.00012019330109710164,0.015725533515359838
1753,1.3517171717171719,0.32585858585858585,-0.0002972752323046056,0.016112466098533285
1754,1.3517171717171719,0.3318181818181818,-1.5911432501813373e-05,0.01646898896096049
1755,1.3517171717171719,0.33777777777777773,-4.0406705988149545e-06,0.016797644155758497
1756,1.3517171717171719,0.34373737373737373,0.00019937572167409828,0.01693686124479324
1757,1.3517171717171719,0.3496969696969697,-0.00020908957918426582,0.017525089839849073
1758,1.3517171717171719,0.3556565656565656,-0.00019561051630652933,0.017690175019512765
1759,1.3517171717171719,0.3616161616161616,2.9022103392894528e-05,0.01802101056655973
1760,1.3517171717171719,0.36757575757575756,0.00030270038335272493,0.018209214229416907
1761,1.3517171717171719,0.3735353535353535,0.00018971866111209263,0.018492442799702496
1762,1.3517171717171719,0.37949494949494944,-0.0002717533088555399,0.01877698104272182
1763,1.3517171717171719,0.38545454545454544,-0.00017483847000090416,0.01889656396569082
1764,1.3517171717171719,0.3914141414141414,-5.8443352510132754e-05,0.01965024929699877
1765,1.3517171717171719,0.3973737373737373,0.00020511488483015885,0.01980105785944547
1766,1.3517171717171719,0.4033333333333333,0.00029508978077412423,0.020377378782794546
1767,1.3517171717171719,0.40929292929292926,0.00011487499875176593,0.02044888264509223
1768,1.3517171717171719,0.4152525252525252,0.0003105838843222189,0.02093289956341156
1769,1.3517171717171719,0.42121212121212115,0.00018298736420786888,0.021081822869381386
1770,1.3517171717171719,0.42717171717171715,0.0001942958048330166,0.021345712870802502
1771,1.3517171717171719,0.4331313131313131,-0.00015623575768453077,0.021544037356312353
1772,1.3517171717171719,0.43909090909090903,9.790854201581067e-06,0.021899814259482613
1773,1.3517171717171719,0.44505050505050503,0.000396726751971235,0.022149198591045537
1774,1.3517171717171719,0.45101010101010097,-0.00040945061656171315,0.022406600350060434
1775,1.3517171717171719,0.4569696969696969,0.0006600942131187308,0.02292454951577221
1776,1.3517171717171719,0.4629292929292929,9.108332679667619e-06,0.022853604513911368
1777,1.3517171717171719,0.46888888888888886,0.00015000637966828235,0.02333380387109022
1778,1.3517171717171719,0.4748484848484848,-5.162568473496888e-05,0.02377982893185642
1779,1.3517171717171719,0.48080808080808074,0.00040352815355190595,0.023840530454951547
1780,1.3517171717171719,0.48676767676767674,0.0002516687376104685,0.024109754525521467
1781,1.3517171717171719,0.4927272727272727,1.4812111640261084e-08,0.02437674420245107
1782,1.3517171717171719,0.4986868686868686,0.00010237613588900239,0.024754639488809044
1783,1.3517171717171719,0.5046464646464646,0.0005522904188429386,0.02541514566134606
1784,1.3517171717171719,0.5106060606060605,-0.0002639624387804891,0.025257709465397772
1785,1.3517171717171719,0.5165656565656566,-0.0002045053234243953,0.025558070156028203
1786,1.3517171717171719,0.5225252525252525,-0.0004136698383438345,0.02604832564862464
1787,1.3517171717171719,0.5284848484848484,-4.7303600853228647e-05,0.026413474975915584
1788,1.3517171717171719,0.5344444444444444,0.00015414855586739292,0.026365801436421355
1789,1.3517171717171719,0.5404040404040403,-0.0004006383969427395,0.026987897733196153
1790,1.3517171717171719,0.5463636363636363,0.00013852635957348856,0.027423912657265917
1791,1.3517171717171719,0.5523232323232323,5.304041500487504e-05,0.027887660218148504
1792,1.3517171717171719,0.5582828282828283,0.0002509562399496777,0.027855211807420076
1793,1.3517171717171719,0.5642424242424242,-0.00019787949654353563,0.028114459485837136
1794,1.3517171717171719,0.5702020202020202,3.190452748979737e-05,0.028343739855295515
1795,1.3517171717171719,0.5761616161616161,-0.00010648848047592513,0.02905139851297383
1796,1.3517171717171719,0.582121212121212,0.0005912114431011859,0.029277957642002233
1797,1.3517171717171719,0.588080808080808,0.00026174181920733084,0.02925454034227677
1798,1.3517171717171719,0.594040404040404,-0.00012792894633719464,0.029814957225156546
1799,1.3517171717171719,0.6,0.0002900683793404255,0.03013431984315152
1800,1.3718181818181818,0.01,-1.6969663950688884e-07,0.000527525464106809
1801,1.3718181818181818,0.01595959595959596,1.9343421461364918e-06,0.0008354478452916824
1802,1.3718181818181818,0.021919191919191918,1.8884382657524056e-05,0.0011468024181221018
1803,1.3718181818181818,0.027878787878787878,-8.67229420578799e-06,0.001460191932483698
1804,1.3718181818181818,0.033838383838383834,7.392970230448315e-06,0.0017694594603350627
1805,1.3718181818181818,0.0397979797979798,-3.291746921290062e-06,0.002093490356296104
1806,1.3718181818181818,0.045757575757575754,-3.466315148098051e-05,0.0024020608097658105
1807,1.3718181818181818,0.05171717171717172,1.1149183737776292e-05,0.002700734089949826
1808,1.3718181818181818,0.05767676767676767,1.346230751960804e-05,0.0030493037900102193
1809,1.3718181818181818,0.06363636363636363,-1.1665620860576486e-05,0.0033074170894512203
1810,1.3718181818181818,0.06959595959595959,2.264120122428691e-05,0.0036781078910620066
1811,1.3718181818181818,0.07555555555555554,-2.0606807040890583e-05,0.003961719391307472
1812,1.3718181818181818,0.0815151515151515,-1.981167323814924e-05,0.0042480503683558985
1813,1.3718181818181818,0.08747474747474746,-1.2171256905208672e-05,0.004586579701463263
1814,1.3718181818181818,0.09343434343434343,3.5795846216355064e-05,0.004915220668259622
1815,1.3718181818181818,0.09939393939393938,-1.2083301400590618e-05,0.005174975439463896
1816,1.3718181818181818,0.10535353535353534,7.222878296084634e-06,0.005444620182675776
1817,1.3718181818181818,0.1113131313131313,7.64836180457132e-05,0.005800145367942279
1818,1.3718181818181818,0.11727272727272725,-0.00011392734946208103,0.006055409467822045
1819,1.3718181818181818,0.12323232323232322,-0.00015301374715294638,0.0064540287801755315
1820,1.3718181818181818,0.1291919191919192,-7.577380814339169e-05,0.0068314422467843534
1821,1.3718181818181818,0.13515151515151513,1.825545850365584e-06,0.007017018279557636
1822,1.3718181818181818,0.1411111111111111,-3.145375860107591e-06,0.007329253479074247
1823,1.3718181818181818,0.14707070707070707,-1.950453691446854e-05,0.007691335193775551
1824,1.3718181818181818,0.15303030303030302,8.855741702971703e-05,0.008150856803361806
1825,1.3718181818181818,0.158989898989899,-0.0001222653538898837,0.008372614971001873
1826,1.3718181818181818,0.16494949494949493,-4.851712976523569e-05,0.008487239316154898
1827,1.3718181818181818,0.1709090909090909,4.341606853318701e-05,0.009070663772778603
1828,1.3718181818181818,0.17686868686868687,-6.582576600796217e-05,0.009220270002944833
1829,1.3718181818181818,0.1828282828282828,6.389831966373172e-06,0.009633119173671559
1830,1.3718181818181818,0.18878787878787878,-9.801566568427436e-05,0.00998917866974405
1831,1.3718181818181818,0.19474747474747472,5.2974884278014736e-05,0.010250659991815323
1832,1.3718181818181818,0.2007070707070707,-5.554887727812069e-05,0.010380833495332996
1833,1.3718181818181818,0.20666666666666667,-1.0212694365188379e-05,0.010776572045123525
1834,1.3718181818181818,0.2126262626262626,0.00013462560632237843,0.011114164660814815
1835,1.3718181818181818,0.21858585858585858,-0.00015792834236167758,0.011365215308571907
1836,1.3718181818181818,0.22454545454545452,-0.0001338051881939933,0.011698673405079995
1837,1.3718181818181818,0.2305050505050505,-0.00015273334685054628,0.01213111461511768
1838,1.3718181818181818,0.23646464646464646,3.571991369882802e-05,0.012487849652989559
1839,1.3718181818181818,0.2424242424242424,-0.00015307379075151626,0.012669844911168375
1840,1.3718181818181818,0.24838383838383837,3.6719069369592026e-05,0.013043078164629757
1841,1.3718181818181818,0.2543434343434343,-0.00036773089771934453,0.013400767311546605
1842,1.3718181818181818,0.26030303030303026,2.33362380189578e-05,0.013552448743158798
1843,1.3718181818181818,0.26626262626262626,1.3075935970774055e-05,0.014066055457912521
1844,1.3718181818181818,0.2722222222222222,-5.244754980094789e-05,0.01427469418499884
1845,1.3718181818181818,0.27818181818181814,0.0002981681293991834,0.014662045626452291
1846,1.3718181818181818,0.28414141414141414,2.672946884054127e-05,0.014936787425268465
1847,1.3718181818181818,0.2901010101010101,-0.000163275673683385,0.015311386811394982
1848,1.3718181818181818,0.296060606060606,-9.208856714029388e-05,0.015616665252319875
1849,1.3718181818181818,0.302020202020202,0.00010826942641949873,0.01575778863734151
1850,1.3718181818181818,0.30797979797979796,0.00019770753845362558,0.016219159754640063
1851,1.3718181818181818,0.3139393939393939,-0.0002146061656511112,0.016643013391349305
1852,1.3718181818181818,0.31989898989898985,0.0002871423913922317,0.016574470853099252
1853,1.3718181818181818,0.32585858585858585,0.00020574717285358658,0.017174912954308567
1854,1.3718181818181818,0.3318181818181818,0.00012601248263723402,0.017615704867661314
1855,1.3718181818181818,0.33777777777777773,0.0001573748045724683,0.017708632618729254
1856,1.3718181818181818,0.34373737373737373,-5.023899309086532e-05,0.01785603728234575
1857,1.3718181818181818,0.3496969696969697,0.00034644268936228235,0.018389354954877306
1858,1.3718181818181818,0.3556565656565656,-0.0002039755019892251,0.01874034721308614
1859,1.3718181818181818,0.3616161616161616,-2.738418044205847e-05,0.018793134584105142
1860,1.3718181818181818,0.36757575757575756,-4.842590405634046e-05,0.019369006665050585
1861,1.3718181818181818,0.3735353535353535,-9.509438585540803e-05,0.01953580906743193
1862,1.3718181818181818,0.37949494949494944,0.00019871320508808434,0.0198706237080208
1863,1.3718181818181818,0.38545454545454544,0.00010351727309961942,0.02022025948189045
1864,1.3718181818181818,0.3914141414141414,0.0002632536353631812,0.020301935740882307
1865,1.3718181818181818,0.3973737373737373,0.00021909838451864388,0.020921047404445167
1866,1.3718181818181818,0.4033333333333333,0.00023685701947061117,0.021307398960925133
1867,1.3718181818181818,0.40929292929292926,0.00023740469422580852,0.021465447248434317
1868,1.3718181818181818,0.4152525252525252,0.000239924149703225,0.02155383968948435
1869,1.3718181818181818,0.42121212121212115,-0.00029368769817400157,0.022094539380926963
1870,1.3718181818181818,0.42717171717171715,-1.5588144453229167e-05,0.02283531906397332
1871,1.3718181818181818,0.4331313131313131,-3.0400209975920288e-05,0.022471439891961292
1872,1.3718181818181818,0.43909090909090903,7.013638666792288e-05,0.0233141703758404
1873,1.3718181818181818,0.44505050505050503,0.00033773390442808527,0.023462251746987742
1874,1.3718181818181818,0.45101010101010097,-4.294103337344642e-05,0.023444887479835964
1875,1.3718181818181818,0.4569696969696969,-0.00018669446457446334,0.023894108150424333
1876,1.3718181818181818,0.4629292929292929,-0.00012676801239003364,0.024072771767830445
1877,1.3718181818181818,0.46888888888888886,-0.00032493923587215476,0.02483239838293319
1878,1.3718181818181818,0.4748484848484848,-0.00026629613595888777,0.024784341866931923
1879,1.3718181818181818,0.48080808080808074,-0.0002954250850128451,0.025322818283123823
1880,1.3718181818181818,0.48676767676767674,0.00035247505961143324,0.025812978552384815
1881,1.3718181818181818,0.4927272727272727,-8.488942670903243e-06,0.025861652749683703
1882,1.3718181818181818,0.4986868686868686,-0.00016461734203239637,0.026100569780967767
1883,1.3718181818181818,0.5046464646464646,-0.00029457308525995097,0.026548488790871266
1884,1.3718181818181818,0.5106060606060605,0.0002548671750780754,0.027568061986270632
1885,1.3718181818181818,0.5165656565656566,0.0006062785249900569,0.02712898623670051
1886,1.3718181818181818,0.5225252525252525,8.839245540321997e-05,0.027405222448815676
1887,1.3718181818181818,0.5284848484848484,0.0004682824326612138,0.02818838909964031
1888,1.3718181818181818,0.5344444444444444,3.262987710788312e-05,0.027799002089831472
1889,1.3718181818181818,0.5404040404040403,-0.00011424754516952718,0.028453959018741534
1890,1.3718181818181818,0.5463636363636363,-5.242482951344494e-05,0.028447131401408476
1891,1.3718181818181818,0.5523232323232323,0.00043593663582443184,0.02926715228157824
1892,1.3718181818181818,0.5582828282828283,3.2093890617294295e-05,0.029473177921723423
1893,1.3718181818181818,0.5642424242424242,0.0002210193885401011,0.029945128100882637
1894,1.3718181818181818,0.5702020202020202,-6.768443450118069e-05,0.03018120457779375
1895,1.3718181818181818,0.5761616161616161,0.00020885664027652697,0.03066106967111007
1896,1.3718181818181818,0.582121212121212,0.0003493500683732125,0.03097364982624576
1897,1.3718181818181818,0.588080808080808,0.0003211868842264561,0.03086251044659911
1898,1.3718181818181818,0.594040404040404,6.47146892896577e-05,0.030873615187206542
1899,1.3718181818181818,0.6,0.0004504653812209796,0.03171978676494787
1900,1.391919191919192,0.01,3.6390818976625885e-06,0.0005532897233444241
1901,1.391919191919192,0.01595959595959596,1.9001803342083234e-06,0.0008829241004240384
1902,1.391919191919192,0.021919191919191918,-2.3377004627464116e-05,0.0011921868966994899
1903,1.391919191919192,0.027878787878787878,-5.887372654661083e-06,0.0015679376104102746
1904,1.391919191919192,0.033838383838383834,5.432476221628402e-06,0.0018774589239324638
1905,1.391919191919192,0.0397979797979798,-2.8411650672771628e-06,0.0021529204257383573
1906,1.391919191919192,0.045757575757575754,2.4349422090543405e-05,0.0025406835787327255
1907,1.391919191919192,0.05171717171717172,-3.857781746243702e-05,0.0028584419118809997
1908,1.391919191919192,0.05767676767676767,6.142932369089948e-06,0.0031590641080093814
1909,1.391919191919192,0.06363636363636363,6.490008987601059e-06,0.0034955085044327833
1910,1.391919191919192,0.06959595959595959,7.236648449791297e-05,0.0038313813383946136
1911,1.391919191919192,0.07555555555555554,4.384342115271872e-05,0.004147897520721524
1912,1.391919191919192,0.0815151515151515,1.091236604189093e-05,0.004492566761753564
1913,1.391919191919192,0.08747474747474746,-2.6338184297371703e-05,0.004827792438452843
1914,1.391919191919192,0.09343434343434343,-3.257515990039234e-05,0.00519648315431278
1915,1.391919191919192,0.09939393939393938,-2.896257949038652e-05,0.0055125729199957335
1916,1.391919191919192,0.10535353535353534,2.7366039074662375e-05,0.005798273350585058
1917,1.391919191919192,0.1113131313131313,-3.588065377990676e-05,0.0060843969737852145
1918,1.391919191919192,0.11727272727272725,-6.510860046320864e-05,0.006493843992231394
1919,1.391919191919192,0.12323232323232322,-3.584971308346572e-05,0.006818359575356897
1920,1.391919191919192,0.1291919191919192,4.949341650996386e-06,0.007112719744361772
1921,1.391919191919192,0.13515151515151513,-1.0134746606706834e-05,0.007457098720924393
1922,1.391919191919192,0.1411111111111111,-0.00015820638845996226,0.007732839336653096
1923,1.391919191919192,0.14707070707070707,-4.009190102056911e-05,0.008025415008442043
1924,1.391919191919192,0.15303030303030302,-4.032659402591215e-05,0.008396358325965005
1925,1.391919191919192,0.158989898989899,2.356137272575419e-05,0.008756238075922579
1926,1.391919191919192,0.16494949494949493,0.00010168955440547267,0.009058926031647648
1927,1.391919191919192,0.1709090909090909,-8.41573478302124e-05,0.009393448668760967
1928,1.391919191919192,0.17686868686868687,2.4356929552290964e-06,0.009835911595775886
1929,1.391919191919192,0.1828282828282828,0.00012867645981153521,0.010245875934202495
1930,1.391919191919192,0.18878787878787878,-0.00014698260796128346,0.010480765326365871
1931,1.391919191919192,0.19474747474747472,7.72952666225818e-05,0.010824631951841381
1932,1.391919191919192,0.2007070707070707,4.9631927521837106e-05,0.011033810599141837
1933,1.391919191919192,0.20666666666666667,-3.0072084686705513e-05,0.011314576130471947
1934,1.391919191919192,0.2126262626262626,0.00010688484423643147,0.01177918396637268
1935,1.391919191919192,0.21858585858585858,2.4595254559347235e-05,0.012048219071404695
1936,1.391919191919192,0.22454545454545452,-5.858181087090851e-05,0.012365978163487673
1937,1.391919191919192,0.2305050505050505,4.486225002750527e-05,0.012730483712026983
1938,1.391919191919192,0.23646464646464646,-7.912570485695111e-05,0.0131053791177719
1939,1.391919191919192,0.2424242424242424,0.00013404896445288976,0.013504750372105237
1940,1.391919191919192,0.24838383838383837,-7.729690508150794e-05,0.013769095971682117
1941,1.391919191919192,0.2543434343434343,-7.908553406739073e-05,0.013964685815998449
1942,1.391919191919192,0.26030303030303026,0.00015243797239638575,0.01434738120042166
1943,1.391919191919192,0.26626262626262626,-0.0001524059616924677,0.014604434729246772
1944,1.391919191919192,0.2722222222222222,0.00016013851752123929,0.015180816418777419
1945,1.391919191919192,0.27818181818181814,0.00029559125899270716,0.015466190341381294
1946,1.391919191919192,0.28414141414141414,-5.984723134151686e-05,0.01568436721490551
1947,1.391919191919192,0.2901010101010101,-7.892339452568731e-07,0.015988541559426667
1948,1.391919191919192,0.296060606060606,-9.215818054334618e-05,0.016394646925976645
1949,1.391919191919192,0.302020202020202,6.0550792420028854e-05,0.016764221679846474
1950,1.391919191919192,0.30797979797979796,-0.0002840636104308605,0.01691817559592404
1951,1.391919191919192,0.3139393939393939,8.849879670829843e-05,0.017350997680707164
1952,1.391919191919192,0.31989898989898985,0.00027940880709661077,0.017552078275682982
1953,1.391919191919192,0.32585858585858585,9.713578227810599e-05,0.018130056601885502
1954,1.391919191919192,0.3318181818181818,4.622440027362955e-05,0.01845973308450181
1955,1.391919191919192,0.33777777777777773,-0.00014499699641376673,0.01873187142406541
1956,1.391919191919192,0.34373737373737373,2.5843191509267005e-05,0.01905639180376461
1957,1.391919191919192,0.3496969696969697,0.00021046111960000723,0.01917984280691303
1958,1.391919191919192,0.3556565656565656,0.0001641704841208536,0.01988877088408772
1959,1.391919191919192,0.3616161616161616,-0.00019790358943516407,0.020053279648395053
1960,1.391919191919192,0.36757575757575756,-4.637099615197985e-05,0.020170000340229352
1961,1.391919191919192,0.3735353535353535,-3.870301145310613e-05,0.02056244475577783
1962,1.391919191919192,0.37949494949494944,9.658304435900873e-05,0.021173349926979352
1963,1.391919191919192,0.38545454545454544,-1.7580349887214485e-05,0.021221583392528824
1964,1.391919191919192,0.3914141414141414,-3.485008744343068e-05,0.021490684195621477
1965,1.391919191919192,0.3973737373737373,-1.9799896440545982e-05,0.021990940874394797
1966,1.391919191919192,0.4033333333333333,0.00025133549148904455,0.022128424922095342
1967,1.391919191919192,0.40929292929292926,0.00010579325329807614,0.02262125799197037
1968,1.391919191919192,0.4152525252525252,-0.0003063771123536788,0.02295529530826478
1969,1.391919191919192,0.42121212121212115,-2.506165176296966e-05,0.023498227200856096
1970,1.391919191919192,0.42717171717171715,0.00021154713034085324,0.023568091876153486
1971,1.391919191919192,0.4331313131313131,0.0002252992551663269,0.024308069412975374
1972,1.391919191919192,0.43909090909090903,0.00023903865977408656,0.024442288217733074
1973,1.391919191919192,0.44505050505050503,0.00019148619850832752,0.0246459553369683
1974,1.391919191919192,0.45101010101010097,0.00010882867934031685,0.024921076759545035
1975,1.391919191919192,0.4569696969696969,8.751558533523855e-05,0.02543080339425987
1976,1.391919191919192,0.4629292929292929,-0.00021158868912613248,0.02540834624261467
1977,1.391919191919192,0.46888888888888886,-0.00013851312055488294,0.02585186245630093
1978,1.391919191919192,0.4748484848484848,0.00030482292461899487,0.026471106337468988
1979,1.391919191919192,0.48080808080808074,-0.00024152118018121285,0.026815967312419423
1980,1.391919191919192,0.48676767676767674,0.0003752494203437675,0.02729859984187593
1981,1.391919191919192,0.4927272727272727,0.00017273579398651315,0.02757605053828145
1982,1.391919191919192,0.4986868686868686,0.00014494065276147454,0.027456594036233805
1983,1.391919191919192,0.5046464646464646,6.658646494880715e-05,0.02802329523039751
1984,1.391919191919192,0.5106060606060605,0.00011640480284517496,0.028756847663382434
1985,1.391919191919192,0.5165656565656566,-5.091848140517108e-08,0.028615606482313583
1986,1.391919191919192,0.5225252525252525,5.718458570890066e-05,0.02869213552563927
1987,1.391919191919192,0.5284848484848484,0.0005884745719288821,0.029496535218635937
1988,1.391919191919192,0.5344444444444444,-0.0001757981466277092,0.029604141460301915
1989,1.391919191919192,0.5404040404040403,0.00014429970000040887,0.03007883764996124
1990,1.391919191919192,0.5463636363636363,-0.00012091780184951366,0.030251282483244612
1991,1.391919191919192,0.5523232323232323,9.70772717461936e-05,0.03033123673778629
1992,1.391919191919192,0.5582828282828283,-3.877998163896779e-05,0.031231526436727056
1993,1.391919191919192,0.5642424242424242,0.0003145133577462271,0.03155672192313446
1994,1.391919191919192,0.5702020202020202,-0.00025131013143164164,0.031825216290177365
1995,1.391919191919192,0.5761616161616161,0.0005878396437987859,0.03204243814646906
1996,1.391919191919192,0.582121212121212,2.307528657382285e-06,0.032710050978766975
1997,1.391919191919192,0.588080808080808,0.0002725826289586459,0.032444052098218615
1998,1.391919191919192,0.594040404040404,-1.988932530556209e-06,0.0334827810822934
1999,1.391919191919192,0.6,-0.0004966317803158503,0.033317989938895065
2000,1.412020202020202,0.01,2.7698453014270097e-06,0.000573369601524083
2001,1.412020202020202,0.01595959595959596,4.492670794442854e-06,0.0009249820951942048
2002,1.412020202020202,0.021919191919191918,2.491465792874753e-05,0.0012789816947854716
2003,1.412020202020202,0.027878787878787878,2.702844228841923e-05,0.001604681729015319
2004,1.412020202020202,0.033838383838383834,-3.357412208695847e-05,0.0019745226017266
2005,1.412020202020202,0.0397979797979798,2.304726293182857e-06,0.0022876965019190836
2006,1.412020202020202,0.045757575757575754,-2.2563484226869103e-05,0.002648042523942092
2007,1.412020202020202,0.05171717171717172,-1.7586213010046604e-05,0.002964028365101798
2008,1.412020202020202,0.05767676767676767,2.2495976760477565e-05,0.0033591020127463522
2009,1.412020202020202,0.06363636363636363,4.4699965360334626e-05,0.003654038109872647
2010,1.412020202020202,0.06959595959595959,9.729986076520203e-06,0.0040257818350768635
2011,1.412020202020202,0.07555555555555554,0.00010278983671463338,0.004324227841632378
2012,1.412020202020202,0.0815151515151515,-2.728112563820806e-05,0.004718000254957838
2013,1.412020202020202,0.08747474747474746,-3.0369041841312272e-05,0.005024101160181703
2014,1.412020202020202,0.09343434343434343,-1.179399253617961e-05,0.00544815023529854
2015,1.412020202020202,0.09939393939393938,1.831696061202509e-05,0.005720484638479985
2016,1.412020202020202,0.10535353535353534,6.26646866206111e-05,0.00619953583523561
2017,1.412020202020202,0.1113131313131313,-6.308631664651138e-05,0.006481881066262853
2018,1.412020202020202,0.11727272727272725,8.276711679915927e-05,0.006868022631433609
2019,1.412020202020202,0.12323232323232322,-0.00010038169872518052,0.007306017910924822
2020,1.412020202020202,0.1291919191919192,3.449442005306499e-05,0.007479120655573794
2021,1.412020202020202,0.13515151515151513,-5.711846943064161e-05,0.00789222378244655
2022,1.412020202020202,0.1411111111111111,3.447867163882326e-05,0.008152587715723766
2023,1.412020202020202,0.14707070707070707,-2.440845007758652e-05,0.008507784819059084
2024,1.412020202020202,0.15303030303030302,5.974540148033569e-06,0.008916395022763276
2025,1.412020202020202,0.158989898989899,2.106993843648036e-05,0.009099603321966134
2026,1.412020202020202,0.16494949494949493,0.0003118842520052139,0.009671261712462844
2027,1.412020202020202,0.1709090909090909,-5.168569128727816e-05,0.009915381591806037
2028,1.412020202020202,0.17686868686868687,2.2785305998648342e-05,0.010285533430571762
2029,1.412020202020202,0.1828282828282828,5.0988930927092277e-05,0.010593260016389211
2030,1.412020202020202,0.18878787878787878,-0.00024134644319054438,0.010916251262300105
2031,1.412020202020202,0.19474747474747472,-0.00019098679072271816,0.011147852524541382
2032,1.412020202020202,0.2007070707070707,0.00011014128007204236,0.011675629795763915
2033,1.412020202020202,0.20666666666666667,-0.00029495739464426273,0.01194504720201223
2034,1.412020202020202,0.2126262626262626,-5.96097741845807e-05,0.0122215465192168
2035,1.412020202020202,0.21858585858585858,-0.00013437903580287776,0.012786997935876659
2036,1.412020202020202,0.22454545454545452,-9.927012170327096e-05,0.013105506983805911
2037,1.412020202020202,0.2305050505050505,1.6650502524634182e-06,0.013410081006345264
2038,1.412020202020202,0.23646464646464646,7.03379386770144e-05,0.013692376568846282
2039,1.412020202020202,0.2424242424242424,0.00018253137890932703,0.014117659869365699
2040,1.412020202020202,0.24838383838383837,-9.892072273669931e-05,0.01431305507309905
2041,1.412020202020202,0.2543434343434343,-3.257994824149222e-05,0.014864838259371717
2042,1.412020202020202,0.26030303030303026,0.00011193160574332613,0.015191008688979124
2043,1.412020202020202,0.26626262626262626,-2.6413626597016172e-05,0.015477922080007655
2044,1.412020202020202,0.2722222222222222,-9.729996566054295e-05,0.01593974209745423
2045,1.412020202020202,0.27818181818181814,0.00038056463182650427,0.016229721554124017
2046,1.412020202020202,0.28414141414141414,-0.00019016867243066416,0.016370795881591443
2047,1.412020202020202,0.2901010101010101,0.0002591022433893172,0.01697480837887123
2048,1.412020202020202,0.296060606060606,-0.00025443212087297707,0.01730504266379432
2049,1.412020202020202,0.302020202020202,3.384096358112037e-05,0.017439848468976105
2050,1.412020202020202,0.30797979797979796,-9.298318441317382e-05,0.017940989955232377
2051,1.412020202020202,0.3139393939393939,-1.0878294765828101e-05,0.018277573606254652
2052,1.412020202020202,0.31989898989898985,0.0001283744788821596,0.018717350447010103
2053,1.412020202020202,0.32585858585858585,-0.00038581715891272076,0.01900613024364934
2054,1.412020202020202,0.3318181818181818,-1.6299336330613056e-05,0.01957960632016435
2055,1.412020202020202,0.33777777777777773,-0.00010840683439754992,0.019632278702661335
2056,1.412020202020202,0.34373737373737373,-0.00026380870961839067,0.019847713016870255
2057,1.412020202020202,0.3496969696969697,0.0003622901667905838,0.020382658437550185
2058,1.412020202020202,0.3556565656565656,2.1457982257604746e-05,0.020480306649482208
2059,1.412020202020202,0.3616161616161616,0.000389585764984774,0.020883916221711932
2060,1.412020202020202,0.36757575757575756,2.4865994222456635e-05,0.021634636499142608
2061,1.412020202020202,0.3735353535353535,0.000287983804634068,0.02164087960675776
2062,1.412020202020202,0.37949494949494944,-9.105075013595965e-06,0.022223600594221696
2063,1.412020202020202,0.38545454545454544,0.0003467222151922377,0.02278802572942316
2064,1.412020202020202,0.3914141414141414,9.307832155062496e-05,0.022914957184695252
2065,1.412020202020202,0.3973737373737373,-1.6642107529862494e-05,0.023353916862869088
2066,1.412020202020202,0.4033333333333333,-0.0005277490802281355,0.023385188229984942
2067,1.412020202020202,0.40929292929292926,0.00010373368760477861,0.023973384557144765
2068,1.412020202020202,0.4152525252525252,0.00035087732509173465,0.024601106595194978
2069,1.412020202020202,0.42121212121212115,-8.11959755964442e-06,0.024617664676776268
2070,1.412020202020202,0.42717171717171715,-0.00023905221335757915,0.02478997054809701
2071,1.412020202020202,0.4331313131313131,0.0001611468550550042,0.025739503808910467
2072,1.412020202020202,0.43909090909090903,-0.00031922463386943833,0.025538556718917173
2073,1.412020202020202,0.44505050505050503,-0.00011360078328968096,0.02606443815982805
2074,1.412020202020202,0.45101010101010097,0.00013794850170432298,0.026223544109379673
2075,1.412020202020202,0.4569696969696969,4.485480005905315e-05,0.026542043588288666
2076,1.412020202020202,0.4629292929292929,9.170369024747818e-05,0.026941564435075144
2077,1.412020202020202,0.46888888888888886,-5.843953877311197e-05,0.027384665021426738
2078,1.412020202020202,0.4748484848484848,9.986455032556706e-05,0.02757121752338062
2079,1.412020202020202,0.48080808080808074,-0.00019575215892903458,0.02774308441344235
2080,1.412020202020202,0.48676767676767674,0.00014630065311965109,0.028272031697416617
2081,1.412020202020202,0.4927272727272727,0.00047742104257965926,0.028654437013042565
2082,1.412020202020202,0.4986868686868686,-0.0003195908703021422,0.029204455993429544
2083,1.412020202020202,0.5046464646464646,-0.00017333090179483135,0.029188579526523657
2084,1.412020202020202,0.5106060606060605,5.106476614515103e-05,0.02994532574765799
2085,1.412020202020202,0.5165656565656566,0.00028413823057704934,0.030344763747098012
2086,1.412020202020202,0.5225252525252525,-0.00012220933650607243,0.030404692530139193
2087,1.412020202020202,0.5284848484848484,5.3485501081314666e-05,0.030960385133511865
2088,1.412020202020202,0.5344444444444444,-0.00020714478016959896,0.03122307088892025
2089,1.412020202020202,0.5404040404040403,0.00021829041451853955,0.031858117181906474
2090,1.412020202020202,0.5463636363636363,0.0005281095895856623,0.0322704357929391
2091,1.412020202020202,0.5523232323232323,-0.0006253729716640478,0.032001092409929106
2092,1.412020202020202,0.5582828282828283,-0.0004670182768269145,0.03255294322351363
2093,1.412020202020202,0.5642424242424242,-0.000202185837608478,0.03293874128003271
2094,1.412020202020202,0.5702020202020202,-4.867285012969167e-05,0.03323732284211282
2095,1.412020202020202,0.5761616161616161,-8.658499366783324e-06,0.033608670149353266
2096,1.412020202020202,0.582121212121212,0.00010598113041167893,0.034051152302428396
2097,1.412020202020202,0.588080808080808,-0.0005369028154991561,0.034683344682247486
2098,1.412020202020202,0.594040404040404,-0.0003274229350794501,0.03450809416745257
2099,1.412020202020202,0.6,0.0003674681325252382,0.03515853374117595
2100,1.4321212121212121,0.01,5.51917605734753e-07,0.0006113979807391203
2101,1.4321212121212121,0.01595959595959596,-3.3502861974659682e-06,0.0009734819734822413
2102,1.4321212121212121,0.021919191919191918,4.25751646739625e-06,0.0013393668058958642
2103,1.4321212121212121,0.027878787878787878,-2.4431570421123094e-06,0.001697608803693247
2104,1.4321212121212121,0.033838383838383834,-1.5838140436965242e-05,0.0020687837639967385
2105,1.4321212121212121,0.0397979797979798,-2.349402620767984e-05,0.00240510959989718
2106,1.4321212121212121,0.045757575757575754,2.1348852502717663e-05,0.002788553403596104
2107,1.4321212121212121,0.05171717171717172,-2.9650932019023325e-05,0.0031631195433889383
2108,1.4321212121212121,0.05767676767676767,5.26278673379254e-05,0.003521582694066233
2109,1.4321212121212121,0.06363636363636363,-2.83780880714795e-05,0.0038728535415248526
2110,1.4321212121212121,0.06959595959595959,-3.7316518194001e-05,0.004199867326726283
2111,1.4321212121212121,0.07555555555555554,7.153002130671288e-05,0.004609875534741322
2112,1.4321212121212121,0.0815151515151515,2.6157018642711104e-05,0.004971759133348757
2113,1.4321212121212121,0.08747474747474746,-5.095395391345544e-05,0.005422401312485525
2114,1.4321212121212121,0.09343434343434343,8.248280609434445e-06,0.005755380789040696
2115,1.4321212121212121,0.09939393939393938,-2.360241040158643e-05,0.006024189128157656
2116,1.4321212121212121,0.10535353535353534,3.074225990266209e-05,0.006356482523202606
2117,1.4321212121212121,0.1113131313131313,2.9938673774685042e-05,0.006729970324671063
2118,1.4321212121212121,0.11727272727272725,-5.982957995617559e-05,0.007106838255660946
2119,1.4321212121212121,0.12323232323232322,-6.741949431555614e-05,0.007499722205451329
2120,1.4321212121212121,0.1291919191919192,-0.00011852087060925163,0.007851371271523163
2121,1.4321212121212121,0.13515151515151513,-0.00013944542885113812,0.008291835417723352
2122,1.4321212121212121,0.1411111111111111,6.672735971813095e-05,0.008610320723669304
2123,1.4321212121212121,0.14707070707070707,7.821182368994118e-06,0.009073646031941064
2124,1.4321212121212121,0.15303030303030302,-0.00014748300408436488,0.009503138543949944
2125,1.4321212121212121,0.158989898989899,9.48276615512051e-05,0.009691448316477412
2126,1.4321212121212121,0.16494949494949493,-5.0242826924379514e-05,0.010015257326389786
2127,1.4321212121212121,0.1709090909090909,0.0001653115889257824,0.010374981835979954
2128,1.4321212121212121,0.17686868686868687,0.00010842178648713923,0.010815923245969491
2129,1.4321212121212121,0.1828282828282828,-4.697105898542323e-05,0.011292258752478173
2130,1.4321212121212121,0.18878787878787878,-0.0001237918736124873,0.01139582782918921
2131,1.4321212121212121,0.19474747474747472,-0.00011258398593769492,0.01179083195139257
2132,1.4321212121212121,0.2007070707070707,-0.00017712278773888258,0.012223168270991722
2133,1.4321212121212121,0.20666666666666667,-4.223255847710961e-06,0.012459099704581391
2134,1.4321212121212121,0.2126262626262626,0.00010545886289737018,0.012996061739704195
2135,1.4321212121212121,0.21858585858585858,-1.1896917467570133e-05,0.013293462170836202
2136,1.4321212121212121,0.22454545454545452,-0.0003205108419211079,0.013521698364037344
2137,1.4321212121212121,0.2305050505050505,2.0767044825245617e-05,0.014120279140847711
2138,1.4321212121212121,0.23646464646464646,-0.00010209962463258405,0.014313620634193648
2139,1.4321212121212121,0.2424242424242424,0.00020026136102217906,0.014798202090575509
2140,1.4321212121212121,0.24838383838383837,7.374273851854251e-06,0.014991636351124537
2141,1.4321212121212121,0.2543434343434343,-0.00044974184491308115,0.015183531807351784
2142,1.4321212121212121,0.26030303030303026,0.00014823930210767128,0.015791722420677366
2143,1.4321212121212121,0.26626262626262626,2.518268385731558e-05,0.016335845321239943
2144,1.4321212121212121,0.2722222222222222,-2.648313472276198e-05,0.016605902519682594
2145,1.4321212121212121,0.27818181818181814,0.0002789416481346255,0.016906419891092473
2146,1.4321212121212121,0.28414141414141414,-0.00013139627847910334,0.01715217553481973
2147,1.4321212121212121,0.2901010101010101,3.172544155596562e-05,0.017713903142689186
2148,1.4321212121212121,0.296060606060606,1.9151547217802477e-05,0.01785679327599081
2149,1.4321212121212121,0.302020202020202,2.6587973104295092e-05,0.018550472861317245
2150,1.4321212121212121,0.30797979797979796,-0.00010415640186175282,0.018908474409845156
2151,1.4321212121212121,0.3139393939393939,0.0002463418046467844,0.019333291930794576
2152,1.4321212121212121,0.31989898989898985,0.0001280231741595424,0.019429779904505895
2153,1.4321212121212121,0.32585858585858585,-0.00021185315181493377,0.01979678913857975
2154,1.4321212121212121,0.3318181818181818,-6.082829352826091e-06,0.020071239861367777
2155,1.4321212121212121,0.33777777777777773,-0.0002074060654568931,0.020720996533983804
2156,1.4321212121212121,0.34373737373737373,-8.032173610812872e-05,0.020858269058554688
2157,1.4321212121212121,0.3496969696969697,-0.0001522271623668926,0.02118650934150803
2158,1.4321212121212121,0.3556565656565656,-0.00028575788511918724,0.021617809294569044
2159,1.4321212121212121,0.3616161616161616,5.522356301185822e-05,0.022038203797621423
2160,1.4321212121212121,0.36757575757575756,-0.0001837757913711116,0.022653869650239345
2161,1.4321212121212121,0.3735353535353535,4.019602419023669e-05,0.02276373611637223
2162,1.4321212121212121,0.37949494949494944,0.0002561396740834099,0.023217368203616483
2163,1.4321212121212121,0.38545454545454544,0.0003033945698076003,0.02383416846390984
2164,1.4321212121212121,0.3914141414141414,-4.357056276985649e-05,0.02376143581173902
2165,1.4321212121212121,0.3973737373737373,0.00018286846065110668,0.024185133022541168
2166,1.4321212121212121,0.4033333333333333,0.00031662337701760906,0.024837072512357197
2167,1.4321212121212121,0.40929292929292926,-6.35579578380066e-05,0.024631391286047435
2168,1.4321212121212121,0.4152525252525252,8.040936635562919e-05,0.02546860365766686
2169,1.4321212121212121,0.42121212121212115,-0.00017172875039956798,0.026104748933991825
2170,1.4321212121212121,0.42717171717171715,0.00010090025466089978,0.02613801085999782
2171,1.4321212121212121,0.4331313131313131,-8.160311104670613e-05,0.026555010472370275
2172,1.4321212121212121,0.43909090909090903,0.0006276191464377252,0.02734018710440229
2173,1.4321212121212121,0.44505050505050503,-0.00011713957040825611,0.02711279175382098
2174,1.4321212121212121,0.45101010101010097,0.0005081824604921167,0.027540147002811
2175,1.4321212121212121,0.4569696969696969,0.00012530844490233673,0.02804780631386746
2176,1.4321212121212121,0.4629292929292929,0.0003701994146953956,0.02799395649315819
2177,1.4321212121212121,0.46888888888888886,1.2212412688123764e-05,0.028656927417375955
2178,1.4321212121212121,0.4748484848484848,-0.0003996654113868693,0.028777051386223718
2179,1.4321212121212121,0.48080808080808074,-0.0002992699134222558,0.029350804982443048
2180,1.4321212121212121,0.48676767676767674,0.00018880175149741963,0.030042252152208893
2181,1.4321212121212121,0.4927272727272727,0.00027406493324496126,0.030433722891522293
2182,1.4321212121212121,0.4986868686868686,9.75662723319573e-05,0.03053439798020698
2183,1.4321212121212121,0.5046464646464646,7.089961740288011e-05,0.031074092449859675
2184,1.4321212121212121,0.5106060606060605,3.539964443401352e-05,0.031467187168177736
2185,1.4321212121212121,0.5165656565656566,0.0005631777435396159,0.03158454857587083
2186,1.4321212121212121,0.5225252525252525,0.0001569061956893014,0.03214135095178837
2187,1.4321212121212121,0.5284848484848484,-0.0005482391696193084,0.0320341069150679
2188,1.4321212121212121,0.5344444444444444,8.654382169557507e-05,0.03261364900905264
2189,1.4321212121212121,0.5404040404040403,-0.00014080375594388212,0.032942910938957834
2190,1.4321212121212121,0.5463636363636363,0.00013825395927184015,0.03328130934497216
2191,1.4321212121212121,0.5523232323232323,3.059509941930083e-05,0.033872854667723
2192,1.4321212121212121,0.5582828282828283,0.0003249455342061115,0.03438128371444219
2193,1.4321212121212121,0.5642424242424242,-2.3283081665870752e-05,0.034946659518370844
2194,1.4321212121212121,0.5702020202020202,-0.00011991446103548822,0.034918727869721666
2195,1.4321212121212121,0.5761616161616161,0.00022563105486857698,0.03542521436852521
2196,1.4321212121212121,0.582121212121212,-6.183357849397579e-05,0.03548328808091495
2197,1.4321212121212121,0.588080808080808,0.00010927805605086707,0.03667649273163677
2198,1.4321212121212121,0.594040404040404,0.00024088605080800133,0.03672563948264948
2199,1.4321212121212121,0.6,0.000402294557798382,0.03648019629189018
2200,1.4522222222222223,0.01,-4.295833746257083e-07,0.0006338000483010394
2201,1.4522222222222223,0.01595959595959596,-6.136906595979319e-07,0.0010069338223485946
2202,1.4522222222222223,0.021919191919191918,5.874714833630446e-07,0.001399434007363403
2203,1.4522222222222223,0.027878787878787878,7.25775529677285e-06,0.0017757219398261636
2204,1.4522222222222223,0.033838383838383834,2.1161767766156792e-05,0.0021469911502701613
2205,1.4522222222222223,0.0397979797979798,2.2210045451051762e-05,0.0025272550062181635
2206,1.4522222222222223,0.045757575757575754,-1.204313293833863e-05,0.002914539743231569
2207,1.4522222222222223,0.05171717171717172,2.447823263673705e-05,0.003284263738346239
2208,1.4522222222222223,0.05767676767676767,5.8040752285609674e-06,0.003651711925218731
2209,1.4522222222222223,0.06363636363636363,-3.9978349988754546e-05,0.004078677992867939
2210,1.4522222222222223,0.06959595959595959,7.502934831586978e-05,0.004437331426076048
2211,1.4522222222222223,0.07555555555555554,6.333823609934789e-05,0.004865669839294666
2212,1.4522222222222223,0.0815151515151515,7.825565899570569e-05,0.005207946057235659
2213,1.4522222222222223,0.08747474747474746,-2.7588251621514803e-05,0.0055838534825594244
2214,1.4522222222222223,0.09343434343434343,-2.9334125906645848e-05,0.005945387021143161
2215,1.4522222222222223,0.09939393939393938,1.7806728889775514e-05,0.006312796209221124
2216,1.4522222222222223,0.10535353535353534,6.128877788061143e-05,0.0067184302258692504
2217,1.4522222222222223,0.1113131313131313,4.501311985872918e-05,0.007085627557247869
2218,1.4522222222222223,0.11727272727272725,8.937668874740811e-05,0.007533766712246834
2219,1.4522222222222223,0.12323232323232322,-6.86154264284138e-05,0.00794506523644446
2220,1.4522222222222223,0.1291919191919192,-2.7415275615715883e-05,0.008214570839955256
2221,1.4522222222222223,0.13515151515151513,-1.4791334979521997e-05,0.008490613376202074
2222,1.4522222222222223,0.1411111111111111,-8.84495813610946e-06,0.009016859668748435
2223,1.4522222222222223,0.14707070707070707,-1.130285294782608e-05,0.009312978887753733
2224,1.4522222222222223,0.15303030303030302,0.00011228988404870415,0.009842630337345356
2225,1.4522222222222223,0.158989898989899,5.028922946044019e-05,0.010164718043627407
2226,1.4522222222222223,0.16494949494949493,-0.00010196766837278135,0.010516408650013825
2227,1.4522222222222223,0.1709090909090909,-0.00026602381283972684,0.010837271981376063
2228,1.4522222222222223,0.17686868686868687,-5.846805783239827e-05,0.011206860606313328
2229,1.4522222222222223,0.1828282828282828,4.3049229343687624e-05,0.011613538818608842
2230,1.4522222222222223,0.18878787878787878,0.0002064457230723774,0.012084393188218374
2231,1.4522222222222223,0.19474747474747472,7.633232587522165e-06,0.012370007031617414
2232,1.4522222222222223,0.2007070707070707,0.00014700096543594264,0.012822782762720732
2233,1.4522222222222223,0.20666666666666667,9.921292096933015e-05,0.013038566680436039
2234,1.4522222222222223,0.2126262626262626,-8.076829630139315e-05,0.013596574906011221
2235,1.4522222222222223,0.21858585858585858,0.00024815312147171846,0.013918839737014502
2236,1.4522222222222223,0.22454545454545452,-3.159537102070864e-06,0.014355151811049209
2237,1.4522222222222223,0.2305050505050505,0.00021162860896617577,0.014516979048791331
2238,1.4522222222222223,0.23646464646464646,-4.080171462475263e-05,0.015125140924096002
2239,1.4522222222222223,0.2424242424242424,-1.4014954666335734e-05,0.015336008852377578
2240,1.4522222222222223,0.24838383838383837,-1.2518769283588193e-07,0.01569066928480401
2241,1.4522222222222223,0.2543434343434343,5.620581256456987e-05,0.016245249906999628
2242,1.4522222222222223,0.26030303030303026,-5.6706006237544405e-05,0.016713004596960408
2243,1.4522222222222223,0.26626262626262626,-8.479059962708222e-05,0.016918913569165858
2244,1.4522222222222223,0.2722222222222222,-0.0004080136830636599,0.017485443074293054
2245,1.4522222222222223,0.27818181818181814,-8.540138895679419e-05,0.017528636602586488
2246,1.4522222222222223,0.28414141414141414,1.749580930529937e-05,0.018184599891010265
2247,1.4522222222222223,0.2901010101010101,0.00031704413692008513,0.01873803671998411
2248,1.4522222222222223,0.296060606060606,0.0003667329669572286,0.01890908703467128
2249,1.4522222222222223,0.302020202020202,-9.27979723409713e-06,0.01926250229967286
2250,1.4522222222222223,0.30797979797979796,-9.420188062167067e-06,0.019694466966786815
2251,1.4522222222222223,0.3139393939393939,0.00011076123297637245,0.019912411989621293
2252,1.4522222222222223,0.31989898989898985,-0.00016856314124700237,0.020379687753935546
2253,1.4522222222222223,0.32585858585858585,3.452757138457261e-05,0.020811693169300812
2254,1.4522222222222223,0.3318181818181818,6.127661208556478e-06,0.020940373713977865
2255,1.4522222222222223,0.33777777777777773,4.75998240023894e-05,0.02144796638184194
2256,1.4522222222222223,0.34373737373737373,0.00011827246398902158,0.02241144447042009
2257,1.4522222222222223,0.3496969696969697,3.629566786334485e-05,0.022571746950669748
2258,1.4522222222222223,0.3556565656565656,-0.00016781848480477139,0.022763030711104207
2259,1.4522222222222223,0.3616161616161616,-2.155976726102996e-05,0.02279976074718491
2260,1.4522222222222223,0.36757575757575756,9.967993086133901e-05,0.023522160134258716
2261,1.4522222222222223,0.3735353535353535,1.8555535531726574e-05,0.023962795228232622
2262,1.4522222222222223,0.37949494949494944,-0.00036883589341251256,0.02433111650696903
2263,1.4522222222222223,0.38545454545454544,-0.00037515645723769397,0.02439039452453778
2264,1.4522222222222223,0.3914141414141414,2.0336170774588023e-05,0.025059313349761723
2265,1.4522222222222223,0.3973737373737373,-0.00019360418007682002,0.025466585125141713
2266,1.4522222222222223,0.4033333333333333,-1.4723182885490704e-05,0.02577525623116884
2267,1.4522222222222223,0.40929292929292926,-7.619314573046454e-06,0.026258292304478983
2268,1.4522222222222223,0.4152525252525252,0.00025051762779518553,0.026703379523801175
2269,1.4522222222222223,0.42121212121212115,0.00010793585866238096,0.02662064572038147
2270,1.4522222222222223,0.42717171717171715,-0.00016763508278451556,0.027360662257656754
2271,1.4522222222222223,0.4331313131313131,0.00025869178748411857,0.02757107713437155
2272,1.4522222222222223,0.43909090909090903,0.00039984665190339106,0.02839007691737955
2273,1.4522222222222223,0.44505050505050503,-0.0003315443130394097,0.028489561379717497
2274,1.4522222222222223,0.45101010101010097,-0.0001086514683551227,0.02863368285558058
2275,1.4522222222222223,0.4569696969696969,0.0004218885229900744,0.02955557808974305
2276,1.4522222222222223,0.4629292929292929,-0.000529220370172273,0.029444972075491554
2277,1.4522222222222223,0.46888888888888886,-9.160650422254123e-05,0.030347171689594093
2278,1.4522222222222223,0.4748484848484848,5.11315451851765e-05,0.03057358421872139
2279,1.4522222222222223,0.48080808080808074,-0.0004608693127353583,0.030530485146978478
2280,1.4522222222222223,0.48676767676767674,0.0004465591953709708,0.031299013303533324
2281,1.4522222222222223,0.4927272727272727,-0.0004952612529932649,0.03112694644281857
2282,1.4522222222222223,0.4986868686868686,-4.704999612249525e-05,0.03193942932073557
2283,1.4522222222222223,0.5046464646464646,-7.500394259319165e-06,0.03221414706541834
2284,1.4522222222222223,0.5106060606060605,0.0007984788215160268,0.03310253009686267
2285,1.4522222222222223,0.5165656565656566,-0.00017192201989089272,0.03307898237135095
2286,1.4522222222222223,0.5225252525252525,-0.0002305347780052595,0.03348248343183986
2287,1.4522222222222223,0.5284848484848484,4.196000675557351e-05,0.03384132086882376
2288,1.4522222222222223,0.5344444444444444,0.0004471805230617733,0.034380187995394496
2289,1.4522222222222223,0.5404040404040403,0.0005537029181827417,0.034953658726982924
2290,1.4522222222222223,0.5463636363636363,-0.00036889784234853633,0.03476577092807566
2291,1.4522222222222223,0.5523232323232323,-0.00013995305756401565,0.035357846155908076
2292,1.4522222222222223,0.5582828282828283,0.00011054389536691578,0.03561335340040761
2293,1.4522222222222223,0.5642424242424242,-0.0005195686797938766,0.03621221806591174
2294,1.4522222222222223,0.5702020202020202,-0.00035063411668813236,0.03656843420788496
2295,1.4522222222222223,0.5761616161616161,0.0002714244750399637,0.037270272708439356
2296,1.4522222222222223,0.582121212121212,-0.0002939554886981681,0.03721503816580329
2297,1.4522222222222223,0.588080808080808,0.0005660894830216011,0.0379606410219223
2298,1.4522222222222223,0.594040404040404,4.971856440551958e-06,0.038229478672940194
2299,1.4522222222222223,0.6,-0.00026831643132370255,0.03851544468607877
2300,1.4723232323232325,0.01,3.849635451144473e-07,0.0006558714334229113
2301,1.4723232323232325,0.01595959595959596,9.76086479294731e-06,0.0010598095162779584
2302,1.4723232323232325,0.021919191919191918,1.4984654090544425e-05,0.0014627140129613676
2303,1.4723232323232325,0.027878787878787878,-8.241509338441821e-06,0.0018647107989405163
2304,1.4723232323232325,0.033838383838383834,3.575108172566285e-05,0.002232270627072991
2305,1.4723232323232325,0.0397979797979798,-5.6598110686315815e-05,0.0026359651810794194
2306,1.4723232323232325,0.045757575757575754,-3.204304377881248e-05,0.0030406455108971226
2307,1.4723232323232325,0.05171717171717172,2.9692466680180475e-05,0.0034481506343534973
2308,1.4723232323232325,0.05767676767676767,1.0448394797652971e-05,0.0038940907125572613
2309,1.4723232323232325,0.06363636363636363,3.44760855241294e-05,0.004205448838291339
2310,1.4723232323232325,0.06959595959595959,5.055593077843712e-06,0.004676786815487334
2311,1.4723232323232325,0.07555555555555554,2.7270872628042066e-05,0.005019893578844099
2312,1.4723232323232325,0.0815151515151515,-4.921326916868285e-05,0.0055039791973909525
2313,1.4723232323232325,0.08747474747474746,-0.00010242075034240439,0.005804243158958879
2314,1.4723232323232325,0.09343434343434343,0.00016556775565553585,0.006284969860296431
2315,1.4723232323232325,0.09939393939393938,4.2172102799280395e-05,0.006532356479434088
2316,1.4723232323232325,0.10535353535353534,9.888823238873859e-05,0.007009167925379603
2317,1.4723232323232325,0.1113131313131313,3.233316733704612e-05,0.007459075529524331
2318,1.4723232323232325,0.11727272727272725,-3.545019983953115e-05,0.00784377526552525
2319,1.4723232323232325,0.12323232323232322,-0.00011303656905799438,0.008175498620833596
2320,1.4723232323232325,0.1291919191919192,-0.00011726008338296585,0.008563166638416962
2321,1.4723232323232325,0.13515151515151513,-3.84944527185483e-05,0.009077049301329163
2322,1.4723232323232325,0.1411111111111111,4.53108792329449e-05,0.009431146879585642
2323,1.4723232323232325,0.14707070707070707,0.00012869563162585892,0.009931641714281588
2324,1.4723232323232325,0.15303030303030302,-2.759730078479039e-06,0.010248600136001967
2325,1.4723232323232325,0.158989898989899,-7.784163764453123e-05,0.010625762085620796
2326,1.4723232323232325,0.16494949494949493,8.165118759022343e-05,0.010990794583100932
2327,1.4723232323232325,0.1709090909090909,5.472076993792585e-06,0.011330048684861163
2328,1.4723232323232325,0.17686868686868687,3.35449601143063e-06,0.011811486944877417
2329,1.4723232323232325,0.1828282828282828,-0.00023863914766117112,0.0121736613421422
2330,1.4723232323232325,0.18878787878787878,-0.00022386324852458102,0.012554884347481398
2331,1.4723232323232325,0.19474747474747472,0.00011871345614892417,0.012847913207158218
2332,1.4723232323232325,0.2007070707070707,-0.0002621133472118747,0.013391012177748799
2333,1.4723232323232325,0.20666666666666667,-8.928540405108058e-05,0.013694640303480833
2334,1.4723232323232325,0.2126262626262626,-9.489739609141799e-05,0.013982685279891006
2335,1.4723232323232325,0.21858585858585858,-0.00011016947792899843,0.014552367482327988
2336,1.4723232323232325,0.22454545454545452,7.495467800956886e-05,0.015029261494591788
2337,1.4723232323232325,0.2305050505050505,0.00014819906278046934,0.015593142097252
2338,1.4723232323232325,0.23646464646464646,0.00017728351406454744,0.015462402832746868
2339,1.4723232323232325,0.2424242424242424,0.00011416152392023476,0.016169393478450544
2340,1.4723232323232325,0.24838383838383837,5.2511391362181736e-05,0.01639794934189958
2341,1.4723232323232325,0.2543434343434343,-0.00010762533969117407,0.01689348972301817
2342,1.4723232323232325,0.26030303030303026,8.000670788017813e-05,0.017514127175366993
2343,1.4723232323232325,0.26626262626262626,-9.292933598778572e-05,0.017683538623589953
2344,1.4723232323232325,0.2722222222222222,-0.0002262471357280846,0.017869282820727708
2345,1.4723232323232325,0.27818181818181814,0.00035227580360385825,0.01874300323289461
2346,1.4723232323232325,0.28414141414141414,-0.00019832327876478174,0.019087138493344077
2347,1.4723232323232325,0.2901010101010101,4.230615697892693e-05,0.019428995073562237
2348,1.4723232323232325,0.296060606060606,-5.6956224529962516e-05,0.01974818626616
2349,1.4723232323232325,0.302020202020202,7.407473063582639e-05,0.020144702785797716
2350,1.4723232323232325,0.30797979797979796,-0.0003440616189763576,0.020441781579022187
2351,1.4723232323232325,0.3139393939393939,0.00018278773272564392,0.021050435250216538
2352,1.4723232323232325,0.31989898989898985,0.00019640431000951026,0.021491598576562517
2353,1.4723232323232325,0.32585858585858585,-0.00019963069852842825,0.02183766134188553
2354,1.4723232323232325,0.3318181818181818,-0.00010797153366881139,0.021991174010995956
2355,1.4723232323232325,0.33777777777777773,-0.00024144485240372858,0.022499648700807066
2356,1.4723232323232325,0.34373737373737373,-3.756994936911874e-05,0.022940379697621575
2357,1.4723232323232325,0.3496969696969697,7.064738639482239e-05,0.02319154123230447
2358,1.4723232323232325,0.3556565656565656,0.00010522625916890521,0.023501167337456066
2359,1.4723232323232325,0.3616161616161616,-4.262249387692014e-05,0.0242332257663452
2360,1.4723232323232325,0.36757575757575756,-6.966676548350289e-05,0.024253416473535083
2361,1.4723232323232325,0.3735353535353535,0.0003054903030158112,0.024913995696210316
2362,1.4723232323232325,0.37949494949494944,0.00021219671145628242,0.02526332088858847
2363,1.4723232323232325,0.38545454545454544,-0.0001449151190571067,0.0258123674211974
2364,1.4723232323232325,0.3914141414141414,0.0002441819094285541,0.026338245343280164
2365,1.4723232323232325,0.3973737373737373,-0.0001323780193981185,0.02663491369045133
2366,1.4723232323232325,0.4033333333333333,-0.00020421773698210203,0.026702810539752125
2367,1.4723232323232325,0.40929292929292926,0.0002766777289800412,0.02752966432395922
2368,1.4723232323232325,0.4152525252525252,8.278179750310644e-06,0.027721397450492898
2369,1.4723232323232325,0.42121212121212115,7.49737446381306e-05,0.028018062607977685
2370,1.4723232323232325,0.42717171717171715,-0.00016780392686487067,0.028535096451240145
2371,1.4723232323232325,0.4331313131313131,-0.0002765949490183436,0.029148955669022227
2372,1.4723232323232325,0.43909090909090903,0.00024219455970204872,0.029694876448237192
2373,1.4723232323232325,0.44505050505050503,-3.3338134990805756e-05,0.02980783335586593
2374,1.4723232323232325,0.45101010101010097,-0.0004923280237211866,0.03009026703084503
2375,1.4723232323232325,0.4569696969696969,-0.00018582182106589357,0.03058138947765433
2376,1.4723232323232325,0.4629292929292929,-0.0006038739188299529,0.03081021265461357
2377,1.4723232323232325,0.46888888888888886,0.0004952952063966622,0.031199301396432306
2378,1.4723232323232325,0.4748484848484848,0.00026011979845727703,0.03199978056662724
2379,1.4723232323232325,0.48080808080808074,5.33578462929005e-05,0.03185196449323491
2380,1.4723232323232325,0.48676767676767674,-0.00011361293933272542,0.03232856992048199
2381,1.4723232323232325,0.4927272727272727,0.0006377166641261124,0.03369464224748022
2382,1.4723232323232325,0.4986868686868686,-0.00010371153952504611,0.03332701528009343
2383,1.4723232323232325,0.5046464646464646,-0.0002011747614619499,0.03382808312343654
2384,1.4723232323232325,0.5106060606060605,1.9384326024359554e-05,0.03425134434151763
2385,1.4723232323232325,0.5165656565656566,-0.00030647956392224225,0.03446039290419818
2386,1.4723232323232325,0.5225252525252525,0.00030979733219449874,0.03450751607791338
2387,1.4723232323232325,0.5284848484848484,-0.00030300524226699484,0.03522413151479678
2388,1.4723232323232325,0.5344444444444444,-0.0005915238965178301,0.03567020467879079
2389,1.4723232323232325,0.5404040404040403,0.0004159360719135841,0.03638963562870345
2390,1.4723232323232325,0.5463636363636363,-0.0005041620907928392,0.03657728453156028
2391,1.4723232323232325,0.5523232323232323,-0.0003071685597741376,0.03670940665587522
2392,1.4723232323232325,0.5582828282828283,-0.00035592331164112953,0.03768038504925953
2393,1.4723232323232325,0.5642424242424242,1.9044239027506516e-06,0.03783934388386557
2394,1.4723232323232325,0.5702020202020202,0.000305545771297898,0.038783284232842066
2395,1.4723232323232325,0.5761616161616161,-0.00018369054474238968,0.039244894215904
2396,1.4723232323232325,0.582121212121212,0.0002080902664193045,0.03895566259545136
2397,1.4723232323232325,0.588080808080808,0.00018976570999234928,0.03927043550110135
2398,1.4723232323232325,0.594040404040404,1.1941071448065398e-05,0.03953414945075179
2399,1.4723232323232325,0.6,0.00021742013276383756,0.040063319858270816
2400,1.4924242424242424,0.01,3.36481337734873e-07,0.0006875020362189081
2401,1.4924242424242424,0.01595959595959596,-4.728000397126398e-06,0.0010993486097492437
2402,1.4924242424242424,0.021919191919191918,-2.753172995240227e-06,0.0015268785731507148
2403,1.4924242424242424,0.027878787878787878,-2.8132237789306557e-05,0.0019081017773574659
2404,1.4924242424242424,0.033838383838383834,6.113264815258979e-07,0.002333990044777151
2405,1.4924242424242424,0.0397979797979798,3.335362953824086e-05,0.002780816956654454
2406,1.4924242424242424,0.045757575757575754,-2.309134868680628e-05,0.0031761524084375045
2407,1.4924242424242424,0.05171717171717172,-3.399551326439095e-05,0.003631350244270276
2408,1.4924242424242424,0.05767676767676767,5.8905979602406414e-05,0.0040202732114297925
2409,1.4924242424242424,0.06363636363636363,2.7404679757894447e-05,0.004406332703406599
2410,1.4924242424242424,0.06959595959595959,4.555724910175451e-06,0.004846861327227078
2411,1.4924242424242424,0.07555555555555554,-1.2639807369195454e-06,0.005298532255267919
2412,1.4924242424242424,0.0815151515151515,-4.646241656638739e-06,0.005649878253498248
2413,1.4924242424242424,0.08747474747474746,8.080093481507897e-05,0.006062365206539745
2414,1.4924242424242424,0.09343434343434343,-4.7024449933404535e-05,0.00649945933838103
2415,1.4924242424242424,0.09939393939393938,3.661336483664716e-05,0.006863397170589374
2416,1.4924242424242424,0.10535353535353534,-6.0354880922235764e-05,0.0072815327066026265
2417,1.4924242424242424,0.1113131313131313,7.566589310564535e-05,0.007718166393107872
2418,1.4924242424242424,0.11727272727272725,-6.700761267866512e-05,0.008142515452912825
2419,1.4924242424242424,0.12323232323232322,-0.00014392749599008014,0.008584515389034233
2420,1.4924242424242424,0.1291919191919192,6.879118192324495e-05,0.008913224120152965
2421,1.4924242424242424,0.13515151515151513,-3.2654736552657826e-06,0.009298755795551247
2422,1.4924242424242424,0.1411111111111111,1.9572793242498422e-05,0.009746550597720562
2423,1.4924242424242424,0.14707070707070707,0.0002832974769577838,0.010237149941400483
2424,1.4924242424242424,0.15303030303030302,1.97551805052385e-06,0.010602170982129991
2425,1.4924242424242424,0.158989898989899,-0.00014122115642248336,0.010995280562008726
2426,1.4924242424242424,0.16494949494949493,-8.164155688187666e-05,0.011547704987403675
2427,1.4924242424242424,0.1709090909090909,4.407753322071106e-06,0.011881459955399116
2428,1.4924242424242424,0.17686868686868687,0.00014668554684203744,0.012321808106339377
2429,1.4924242424242424,0.1828282828282828,-6.709912675178968e-05,0.012830910338055036
2430,1.4924242424242424,0.18878787878787878,0.0003155845051398281,0.013272249376613955
2431,1.4924242424242424,0.19474747474747472,0.00013711681430966728,0.013444683459900065
2432,1.4924242424242424,0.2007070707070707,-6.0002645461885274e-05,0.01394341768518137
2433,1.4924242424242424,0.20666666666666667,-0.00018004666863374478,0.014335505026757563
2434,1.4924242424242424,0.2126262626262626,0.0003852537259136728,0.01481454431564241
2435,1.4924242424242424,0.21858585858585858,-9.161832054000829e-06,0.015093325214604127
2436,1.4924242424242424,0.22454545454545452,9.602123474842246e-05,0.015502357271047361
2437,1.4924242424242424,0.2305050505050505,0.0001065614299666274,0.016114174615244996
2438,1.4924242424242424,0.23646464646464646,-0.000624861781805178,0.016384514614126815
2439,1.4924242424242424,0.2424242424242424,0.00016946389345816448,0.016821674447549284
2440,1.4924242424242424,0.24838383838383837,-0.00019630737570430873,0.01710647662383395
2441,1.4924242424242424,0.2543434343434343,-3.9947426998998316e-05,0.017602731409544048
2442,1.4924242424242424,0.26030303030303026,-2.667950144397563e-05,0.01811048797777297
2443,1.4924242424242424,0.26626262626262626,-0.0004256561660152742,0.018433115520818034
2444,1.4924242424242424,0.2722222222222222,0.00019719287244242845,0.018946581325346223
2445,1.4924242424242424,0.27818181818181814,0.0001507058476293099,0.019221768064375328
2446,1.4924242424242424,0.28414141414141414,-0.0003134223917842959,0.019596982939287102
2447,1.4924242424242424,0.2901010101010101,-0.000546493960700148,0.01968565932785933
2448,1.4924242424242424,0.296060606060606,-0.00013252618014201851,0.020604873394070446
2449,1.4924242424242424,0.302020202020202,-1.8474437942079126e-05,0.020946454890555546
2450,1.4924242424242424,0.30797979797979796,0.00012238593703551014,0.02132421433230891
2451,1.4924242424242424,0.3139393939393939,4.480868024335265e-05,0.022058025872000123
2452,1.4924242424242424,0.31989898989898985,-0.00010975056723028058,0.022182638433525394
2453,1.4924242424242424,0.32585858585858585,-0.0004976703108373838,0.022600379756965765
2454,1.4924242424242424,0.3318181818181818,0.00012888216422569227,0.022985265398325617
2455,1.4924242424242424,0.33777777777777773,7.181502330083942e-05,0.023578425044601895
2456,1.4924242424242424,0.34373737373737373,8.767582482865502e-05,0.024054485728789234
2457,1.4924242424242424,0.3496969696969697,-4.3610758760588164e-05,0.024297844663536117
2458,1.4924242424242424,0.3556565656565656,-0.00027362826070356636,0.024850639624687875
2459,1.4924242424242424,0.3616161616161616,0.0003456319940232229,0.025343781792390854
2460,1.4924242424242424,0.36757575757575756,-0.00025235802389042544,0.025237001476709976
2461,1.4924242424242424,0.3735353535353535,0.00015133030029673914,0.026183922569050812
2462,1.4924242424242424,0.37949494949494944,0.0006248894541583499,0.02670487439222902
2463,1.4924242424242424,0.38545454545454544,5.177075173663393e-05,0.02713233391775543
2464,1.4924242424242424,0.3914141414141414,0.0002664724857292689,0.027256761968895805
2465,1.4924242424242424,0.3973737373737373,-4.0200881408027065e-05,0.027537920150007986
2466,1.4924242424242424,0.4033333333333333,-0.00014397950592161978,0.028019454158612758
2467,1.4924242424242424,0.40929292929292926,-0.0003362426454445151,0.028434165289914153
2468,1.4924242424242424,0.4152525252525252,0.00020944366448717936,0.02913586851781142
2469,1.4924242424242424,0.42121212121212115,0.00030407151474511713,0.02943477923591199
2470,1.4924242424242424,0.42717171717171715,0.00017494907359571333,0.029993720377669526
2471,1.4924242424242424,0.4331313131313131,-0.00018299903527559978,0.030318311296273368
2472,1.4924242424242424,0.43909090909090903,0.00030359732986150385,0.030395974164011935
2473,1.4924242424242424,0.44505050505050503,-0.0003870410623113522,0.03078230618108562
2474,1.4924242424242424,0.45101010101010097,-0.00045554249414841844,0.031701821671394986
2475,1.4924242424242424,0.4569696969696969,0.00016715784365388826,0.03217814161834497
2476,1.4924242424242424,0.4629292929292929,0.0005668356599145678,0.03190738722878097
2477,1.4924242424242424,0.46888888888888886,0.00019772796285296665,0.03301028045534652
2478,1.4924242424242424,0.4748484848484848,-0.00010109136878757713,0.03328144506913306
2479,1.4924242424242424,0.48080808080808074,-0.0002262987454424242,0.03352522290706007
2480,1.4924242424242424,0.48676767676767674,0.0002565313074000029,0.033558721176873016
2481,1.4924242424242424,0.4927272727272727,-8.326189299196236e-05,0.03434002117698119
2482,1.4924242424242424,0.4986868686868686,0.00041140243433710345,0.034784614822725726
2483,1.4924242424242424,0.5046464646464646,-9.18434678326175e-05,0.0351758824361295
2484,1.4924242424242424,0.5106060606060605,-4.0181078136162586e-05,0.03544114535341331
2485,1.4924242424242424,0.5165656565656566,0.0003113279318150982,0.03619135251505368
2486,1.4924242424242424,0.5225252525252525,-0.0002845581115899227,0.03643027743186172
2487,1.4924242424242424,0.5284848484848484,-0.00046245929544583167,0.036400711043182876
2488,1.4924242424242424,0.5344444444444444,-0.0005007120575170136,0.037368695313356314
2489,1.4924242424242424,0.5404040404040403,-1.4484419607885356e-05,0.03814901158798499
2490,1.4924242424242424,0.5463636363636363,-0.0002554844457333459,0.038066688057328234
2491,1.4924242424242424,0.5523232323232323,0.00010793194042388467,0.03861756366349028
2492,1.4924242424242424,0.5582828282828283,-3.6509717111891636e-05,0.03976733339016284
2493,1.4924242424242424,0.5642424242424242,0.0003931585981269223,0.03957339970189786
2494,1.4924242424242424,0.5702020202020202,0.00017944435271126,0.04040213152761512
2495,1.4924242424242424,0.5761616161616161,-0.00025627851361606795,0.0400008231387561
2496,1.4924242424242424,0.582121212121212,0.0002831479478394333,0.04097096349268586
2497,1.4924242424242424,0.588080808080808,1.3948096333602166e-05,0.04123557136536991
2498,1.4924242424242424,0.594040404040404,-0.0008684293815978684,0.041324252587497286
2499,1.4924242424242424,0.6,-0.00029552734018128214,0.042037262287233694
2500,1.5125252525252526,0.01,-4.448789260313557e-06,0.000715029833725689
2501,1.5125252525252526,0.01595959595959596,-6.68312960552061e-06,0.0011508345450462983
2502,1.5125252525252526,0.021919191919191918,-5.868040576733691e-06,0.0015853923439655714
2503,1.5125252525252526,0.027878787878787878,-9.192226575722895e-06,0.0020209981335415953
2504,1.5125252525252526,0.033838383838383834,-4.4840383479009585e-05,0.0024243941591162647
2505,1.5125252525252526,0.0397979797979798,1.222094028372167e-06,0.00284949003287288
2506,1.5125252525252526,0.045757575757575754,-4.7513920257363996e-05,0.0033013431148789
2507,1.5125252525252526,0.05171717171717172,-3.451655849241621e-05,0.0036991722451937127
2508,1.5125252525252526,0.05767676767676767,-5.194158279634267e-05,0.00419785253629956
2509,1.5125252525252526,0.06363636363636363,3.9666225486927046e-05,0.004569915069702001
2510,1.5125252525252526,0.06959595959595959,-6.50791059820869e-05,0.005052377638333996
2511,1.5125252525252526,0.07555555555555554,2.1224209952060703e-05,0.0054453468618840175
2512,1.5125252525252526,0.0815151515151515,0.00010596516622734408,0.005925200727485245
2513,1.5125252525252526,0.08747474747474746,-2.6851901988815084e-05,0.00617768303404697
2514,1.5125252525252526,0.09343434343434343,4.4372809852415273e-05,0.006681346100734016
2515,1.5125252525252526,0.09939393939393938,-6.65414232188405e-05,0.007116087585321239
2516,1.5125252525252526,0.10535353535353534,-5.91008285911202e-05,0.007573712479912424
2517,1.5125252525252526,0.1113131313131313,-0.00010361384497164905,0.00800209768151763
2518,1.5125252525252526,0.11727272727272725,-2.2086605915318534e-05,0.008569101049803546
2519,1.5125252525252526,0.12323232323232322,6.721381310185478e-05,0.008877207087241648
2520,1.5125252525252526,0.1291919191919192,-0.0002471551351688309,0.009293688159203586
2521,1.5125252525252526,0.13515151515151513,-0.00018916368622940908,0.009782971979716353
2522,1.5125252525252526,0.1411111111111111,7.15168073666779e-05,0.010263323130504447
2523,1.5125252525252526,0.14707070707070707,-6.246029061796488e-05,0.010562518575998832
2524,1.5125252525252526,0.15303030303030302,2.3622298059599234e-05,0.011094456712360902
2525,1.5125252525252526,0.158989898989899,-4.263225087518574e-05,0.011468095852213896
2526,1.5125252525252526,0.16494949494949493,4.536658760190358e-05,0.011875075216908677
2527,1.5125252525252526,0.1709090909090909,-0.00015659658159444955,0.012370989023974056
2528,1.5125252525252526,0.17686868686868687,-0.00014690775627433704,0.012763409484436872
2529,1.5125252525252526,0.1828282828282828,8.37747141692138e-05,0.013199842251197634
2530,1.5125252525252526,0.18878787878787878,0.00016565095348680995,0.013690475306024526
2531,1.5125252525252526,0.19474747474747472,-4.106868672383499e-05,0.01408457177981363
2532,1.5125252525252526,0.2007070707070707,-5.928961267982109e-05,0.0145547322862264
2533,1.5125252525252526,0.20666666666666667,-0.00016588472307543185,0.014764554315441006
2534,1.5125252525252526,0.2126262626262626,9.158079274004058e-05,0.01553110096587738
2535,1.5125252525252526,0.21858585858585858,0.00012687706095132714,0.01580906040275536
2536,1.5125252525252526,0.22454545454545452,0.00013913127712511668,0.016283469815362734
2537,1.5125252525252526,0.2305050505050505,0.00020382568988709296,0.01657397668974642
2538,1.5125252525252526,0.23646464646464646,8.73372802135753e-05,0.017197604508411107
2539,1.5125252525252526,0.2424242424242424,-0.0001823398866562084,0.017472709288454392
2540,1.5125252525252526,0.24838383838383837,0.00018809192549341643,0.017965984111756293
2541,1.5125252525252526,0.2543434343434343,-0.0002739427875676424,0.018282480512889727
2542,1.5125252525252526,0.26030303030303026,-2.5957518398009926e-05,0.018636471988617658
2543,1.5125252525252526,0.26626262626262626,6.674824851410368e-05,0.019408355669332415
2544,1.5125252525252526,0.2722222222222222,-0.00025317780283385175,0.019619686876279616
2545,1.5125252525252526,0.27818181818181814,1.3743614882038991e-05,0.020128214734454968
2546,1.5125252525252526,0.28414141414141414,0.00014972847911195198,0.02052115844182374
2547,1.5125252525252526,0.2901010101010101,-0.00013500682168389414,0.021091415863663854
2548,1.5125252525252526,0.296060606060606,-0.00025131287307099566,0.021319079430321086
2549,1.5125252525252526,0.302020202020202,0.0004645001763044376,0.021710605620194903
2550,1.5125252525252526,0.30797979797979796,-0.00020989347392364727,0.022333097815739833
2551,1.5125252525252526,0.3139393939393939,0.00014879185839483425,0.022699054358596354
2552,1.5125252525252526,0.31989898989898985,-0.00018334346160818287,0.02315147982129276
2553,1.5125252525252526,0.32585858585858585,-2.5978155656199763e-05,0.023508338694436078
2554,1.5125252525252526,0.3318181818181818,1.1930401621020792e-05,0.023760911773744856
2555,1.5125252525252526,0.33777777777777773,0.00028439661410750093,0.024702607395922088
2556,1.5125252525252526,0.34373737373737373,-0.00015781887912694632,0.024806761279385154
2557,1.5125252525252526,0.3496969696969697,0.000315399953443685,0.025723804712388193
2558,1.5125252525252526,0.3556565656565656,0.00017076251114885274,0.025682287212495783
2559,1.5125252525252526,0.3616161616161616,-1.2737592357537975e-05,0.026252724636822967
2560,1.5125252525252526,0.36757575757575756,-0.00022283951835975512,0.026398156388885645
2561,1.5125252525252526,0.3735353535353535,-0.0001596889679491921,0.02692951112560175
2562,1.5125252525252526,0.37949494949494944,0.00031451492356389626,0.027337893924781767
2563,1.5125252525252526,0.38545454545454544,0.0005652146914452132,0.028266128706391013
2564,1.5125252525252526,0.3914141414141414,-0.00012348546929643453,0.028671793400080883
2565,1.5125252525252526,0.3973737373737373,-0.000295500439144013,0.028895288635208922
2566,1.5125252525252526,0.4033333333333333,-0.0001295916287086551,0.02943239034714232
2567,1.5125252525252526,0.40929292929292926,0.0005137978524404338,0.029636872839725138
2568,1.5125252525252526,0.4152525252525252,-1.1434794161427698e-05,0.030231774921892125
2569,1.5125252525252526,0.42121212121212115,2.7321659665284682e-05,0.030405900224788954
2570,1.5125252525252526,0.42717171717171715,0.00016743860342224547,0.030762443340943288
2571,1.5125252525252526,0.4331313131313131,-0.0008393228815907158,0.03071495205074692
2572,1.5125252525252526,0.43909090909090903,0.00012788552391004995,0.031932190354059815
2573,1.5125252525252526,0.44505050505050503,-3.7223067345179664e-05,0.03230255551473641
2574,1.5125252525252526,0.45101010101010097,-0.00021369841541025848,0.032840500398747474
2575,1.5125252525252526,0.4569696969696969,0.0005273689397700993,0.03303007670493781
2576,1.5125252525252526,0.4629292929292929,-7.454705868191733e-05,0.033283823978572116
2577,1.5125252525252526,0.46888888888888886,0.00044853036447950603,0.0338957420606373
2578,1.5125252525252526,0.4748484848484848,-0.00017921694057787747,0.03464446379953444
2579,1.5125252525252526,0.48080808080808074,-0.00014721382712927326,0.03476255928368573
2580,1.5125252525252526,0.48676767676767674,6.881970220265563e-05,0.034959580428070756
2581,1.5125252525252526,0.4927272727272727,2.3220760871074054e-06,0.03624663559119468
2582,1.5125252525252526,0.4986868686868686,-0.00037670424760398035,0.03609373829719488
2583,1.5125252525252526,0.5046464646464646,-8.226338104002197e-05,0.03689389730526335
2584,1.5125252525252526,0.5106060606060605,8.6509724134042e-05,0.0377463520449393
2585,1.5125252525252526,0.5165656565656566,0.0003984543751982641,0.03797394621321016
2586,1.5125252525252526,0.5225252525252525,-0.00046981007205976937,0.03807824874354663
2587,1.5125252525252526,0.5284848484848484,-0.0005942453229734429,0.03796956414349559
2588,1.5125252525252526,0.5344444444444444,-0.0006221420792088183,0.038056191637851414
2589,1.5125252525252526,0.5404040404040403,4.702013886648715e-05,0.039011034697910216
2590,1.5125252525252526,0.5463636363636363,0.0006832383662737135,0.03980081578679301
2591,1.5125252525252526,0.5523232323232323,5.0279857879398884e-05,0.040377530132161464
2592,1.5125252525252526,0.5582828282828283,-0.0003429496801213893,0.04076257353201019
2593,1.5125252525252526,0.5642424242424242,1.6382897515032878e-05,0.04097620219904512
2594,1.5125252525252526,0.5702020202020202,0.00013455748186907765,0.041580864541661544
2595,1.5125252525252526,0.5761616161616161,7.978062091060269e-05,0.041654060843475144
2596,1.5125252525252526,0.582121212121212,0.00032496407430720987,0.04201158575053651
2597,1.5125252525252526,0.588080808080808,0.00017043682738160978,0.042962769495155664
2598,1.5125252525252526,0.594040404040404,-0.0002546021613727114,0.04349373810259254
2599,1.5125252525252526,0.6,-0.00016882178885401462,0.04338217933111505
2600,1.5326262626262626,0.01,4.366756669624105e-06,0.0007557261240171569
2601,1.5326262626262626,0.01595959595959596,5.334464121848082e-06,0.0012090550760299591
2602,1.5326262626262626,0.021919191919191918,6.5305380237965286e-06,0.0016187692371269855
2603,1.5326262626262626,0.027878787878787878,-1.1925233179741212e-05,0.0020680952255153046
2604,1.5326262626262626,0.033838383838383834,6.36906772720518e-06,0.002523041154692833
2605,1.5326262626262626,0.0397979797979798,6.732709229934566e-05,0.002937077926109851
2606,1.5326262626262626,0.045757575757575754,1.373754124843114e-05,0.0034003904849146333
2607,1.5326262626262626,0.05171717171717172,-7.312753111361506e-05,0.003881159266072476
2608,1.5326262626262626,0.05767676767676767,5.0925331438047625e-05,0.0044094734425428024
2609,1.5326262626262626,0.06363636363636363,-3.925695326367305e-05,0.004745796140700218
2610,1.5326262626262626,0.06959595959595959,3.82080553530125e-05,0.0051776147506189425
2611,1.5326262626262626,0.07555555555555554,-1.6530859021028e-05,0.005682899206952583
2612,1.5326262626262626,0.0815151515151515,1.1098381345933717e-05,0.006111275674982156
2613,1.5326262626262626,0.08747474747474746,8.09247269624478e-06,0.006583534420183134
2614,1.5326262626262626,0.09343434343434343,-3.5583823954932936e-05,0.006983599460710506
2615,1.5326262626262626,0.09939393939393938,-8.796383511288407e-06,0.007494868917051612
2616,1.5326262626262626,0.10535353535353534,5.2440377148664674e-05,0.007990248335095054
2617,1.5326262626262626,0.1113131313131313,-4.490108704866614e-06,0.008247697602445418
2618,1.5326262626262626,0.11727272727272725,-0.0002225885226115432,0.00873685034650459
2619,1.5326262626262626,0.12323232323232322,3.717214933404344e-05,0.009291234540450518
2620,1.5326262626262626,0.1291919191919192,5.19819552239139e-05,0.00956404858480098
2621,1.5326262626262626,0.13515151515151513,8.874762166645396e-05,0.01016877963554714
2622,1.5326262626262626,0.1411111111111111,-0.000272506175239939,0.010610396352597383
2623,1.5326262626262626,0.14707070707070707,4.1553947723776207e-05,0.01099271739486307
2624,1.5326262626262626,0.15303030303030302,-9.103640771690307e-05,0.011573483794136178
2625,1.5326262626262626,0.158989898989899,-1.9075304369018608e-06,0.011939323666240157
2626,1.5326262626262626,0.16494949494949493,-0.0001372956717468019,0.012379447974649823
2627,1.5326262626262626,0.1709090909090909,-7.346157971589926e-05,0.012867680755631895
2628,1.5326262626262626,0.17686868686868687,-0.00012196465397504735,0.013279103978175413
2629,1.5326262626262626,0.1828282828282828,0.00031242909172538393,0.013689587030986784
2630,1.5326262626262626,0.18878787878787878,4.9651014393264124e-05,0.014138804881502232
2631,1.5326262626262626,0.19474747474747472,0.00021005146145443684,0.01453934547076855
2632,1.5326262626262626,0.2007070707070707,-2.4700087815836014e-05,0.015137340829551479
2633,1.5326262626262626,0.20666666666666667,0.00011649763688011479,0.015758236922678952
2634,1.5326262626262626,0.2126262626262626,-2.5062544750253236e-05,0.01575346744370537
2635,1.5326262626262626,0.21858585858585858,-8.133179974660437e-05,0.016491780934994486
2636,1.5326262626262626,0.22454545454545452,9.472452384360461e-05,0.016858044445818218
2637,1.5326262626262626,0.2305050505050505,7.140553735621969e-05,0.01749778789345992
2638,1.5326262626262626,0.23646464646464646,0.00015041689470138655,0.017970029592718238
2639,1.5326262626262626,0.2424242424242424,-3.690441576468118e-05,0.01829083265283808
2640,1.5326262626262626,0.24838383838383837,-0.00013850268272214055,0.018598825366961134
2641,1.5326262626262626,0.2543434343434343,-5.202421536762413e-05,0.019086849073882563
2642,1.5326262626262626,0.26030303030303026,-0.00017332265431071995,0.01964001911513022
2643,1.5326262626262626,0.26626262626262626,-0.00018296553526965992,0.019999888647669613
2644,1.5326262626262626,0.2722222222222222,-0.0002138574530545852,0.020482913528208493
2645,1.5326262626262626,0.27818181818181814,5.286027848315583e-05,0.020883692719104112
2646,1.5326262626262626,0.28414141414141414,-4.7435609049114834e-05,0.021250383395184525
2647,1.5326262626262626,0.2901010101010101,0.00023185835254705355,0.021840743769200224
2648,1.5326262626262626,0.296060606060606,0.00011622522283416686,0.022214545926994893
2649,1.5326262626262626,0.302020202020202,0.0001541664469226546,0.022893721894530608
2650,1.5326262626262626,0.30797979797979796,-0.00011675845758272243,0.023298236278536708
2651,1.5326262626262626,0.3139393939393939,0.00016012934655326364,0.023381333261709908
2652,1.5326262626262626,0.31989898989898985,6.382624301034322e-05,0.02400911845645832
2653,1.5326262626262626,0.32585858585858585,0.00044334000831972557,0.024696979434378756
2654,1.5326262626262626,0.3318181818181818,1.0945892586876482e-05,0.024758689056626187
2655,1.5326262626262626,0.33777777777777773,-0.0003483263867503925,0.025156725582666784
2656,1.5326262626262626,0.34373737373737373,3.305922460886013e-07,0.025597998682023778
2657,1.5326262626262626,0.3496969696969697,-0.00016948223147791636,0.02617879959229601
2658,1.5326262626262626,0.3556565656565656,1.7292899028601584e-05,0.026737243925909523
2659,1.5326262626262626,0.3616161616161616,2.0886292101139903e-05,0.02724680037606124
2660,1.5326262626262626,0.36757575757575756,-2.9341327314453914e-05,0.027437177484745917
2661,1.5326262626262626,0.3735353535353535,-0.00032071371801238976,0.027909517246013812
2662,1.5326262626262626,0.37949494949494944,3.85378511098442e-05,0.028786132711367773
2663,1.5326262626262626,0.38545454545454544,0.00013052505565792666,0.02936407208104761
2664,1.5326262626262626,0.3914141414141414,-5.773372034480837e-05,0.029433790018197955
2665,1.5326262626262626,0.3973737373737373,-5.092653026685805e-05,0.029993433763899808
2666,1.5326262626262626,0.4033333333333333,-0.000299840550654439,0.030178055523113173
2667,1.5326262626262626,0.40929292929292926,0.0001623339809107062,0.030705252179928068
2668,1.5326262626262626,0.4152525252525252,-2.797464945297431e-05,0.031080830385075028
2669,1.5326262626262626,0.42121212121212115,0.0003915236903482143,0.03211082106637173
2670,1.5326262626262626,0.42717171717171715,2.263677962537165e-05,0.03221663876888147
2671,1.5326262626262626,0.4331313131313131,-0.0005301919717388015,0.03225684267941463
2672,1.5326262626262626,0.43909090909090903,-0.00034168991466871295,0.033219356363205145
2673,1.5326262626262626,0.44505050505050503,-0.00041667298758799243,0.03337847117780184
2674,1.5326262626262626,0.45101010101010097,0.00021287967823931675,0.03387349375144747
2675,1.5326262626262626,0.4569696969696969,0.0002755941194927548,0.03467489588750417
2676,1.5326262626262626,0.4629292929292929,6.139855298479638e-05,0.0351397942021294
2677,1.5326262626262626,0.46888888888888886,0.0006998779882669595,0.03532531253559392
2678,1.5326262626262626,0.4748484848484848,0.0002187752455804373,0.03554354056974354
2679,1.5326262626262626,0.48080808080808074,-0.00033430607352053735,0.03630695039095084
2680,1.5326262626262626,0.48676767676767674,-0.00023277444908624943,0.03640063413292127
2681,1.5326262626262626,0.4927272727272727,-1.2143489738624558e-06,0.03739560021091987
2682,1.5326262626262626,0.4986868686868686,-0.0003763166485370958,0.03721589240253794
2683,1.5326262626262626,0.5046464646464646,-0.001088187162081725,0.0379251420556061
2684,1.5326262626262626,0.5106060606060605,4.9125185149212634e-05,0.03885367230721392
2685,1.5326262626262626,0.5165656565656566,0.0003100194896411865,0.03953968211766968
2686,1.5326262626262626,0.5225252525252525,0.00010494137333520194,0.039419967631646985
2687,1.5326262626262626,0.5284848484848484,0.00010970050606097521,0.03970378369113209
2688,1.5326262626262626,0.5344444444444444,0.0004623075363906451,0.04028333574681931
2689,1.5326262626262626,0.5404040404040403,0.0006872796227451603,0.0414200598619685
2690,1.5326262626262626,0.5463636363636363,0.00021303748385138866,0.041966943468930346
2691,1.5326262626262626,0.5523232323232323,0.0006748869632212979,0.04214682608262396
2692,1.5326262626262626,0.5582828282828283,0.00021768672616641381,0.04235679251006349
2693,1.5326262626262626,0.5642424242424242,0.0005630155671790296,0.04280586889394563
2694,1.5326262626262626,0.5702020202020202,-0.0006156450042937911,0.0427483550160958
2695,1.5326262626262626,0.5761616161616161,-0.0002296917498191765,0.04423654638772149
2696,1.5326262626262626,0.582121212121212,0.0003750111154733467,0.044173989483771346
2697,1.5326262626262626,0.588080808080808,0.000605495769716893,0.04441077366589791
2698,1.5326262626262626,0.594040404040404,0.0005917261480323254,0.0449648897927693
2699,1.5326262626262626,0.6,-3.845034067878985e-05,0.04553377959769605
2700,1.5527272727272727,0.01,3.799494069051701e-06,0.0007766520469546475
2701,1.5527272727272727,0.01595959595959596,5.638454805200432e-06,0.0012504682868609705
2702,1.5527272727272727,0.021919191919191918,-5.9647490181970575e-06,0.001710634598698959
2703,1.5527272727272727,0.027878787878787878,-2.89429273104322e-05,0.002191203234290775
2704,1.5527272727272727,0.033838383838383834,-5.224730165069048e-05,0.002615012177908451
2705,1.5527272727272727,0.0397979797979798,-1.4290515199185206e-05,0.003094320162921369
2706,1.5527272727272727,0.045757575757575754,1.4911452320476958e-05,0.0036071722133676075
2707,1.5527272727272727,0.05171717171717172,2.0034179699014852e-05,0.003968768406439602
2708,1.5527272727272727,0.05767676767676767,-4.383443263433073e-05,0.004516696731836271
2709,1.5527272727272727,0.06363636363636363,-7.35632478940644e-05,0.0050027195943717125
2710,1.5527272727272727,0.06959595959595959,-6.908482647982917e-06,0.005405755375883867
2711,1.5527272727272727,0.07555555555555554,-7.49117785785125e-06,0.005854723015947085
2712,1.5527272727272727,0.0815151515151515,-2.0542222928215138e-05,0.006313245859595013
2713,1.5527272727272727,0.08747474747474746,-4.4006476556308025e-05,0.006789263945854639
2714,1.5527272727272727,0.09343434343434343,-0.00010957716614902403,0.007257936464804419
2715,1.5527272727272727,0.09939393939393938,3.566016340903823e-05,0.007844430827816917
2716,1.5527272727272727,0.10535353535353534,3.478956759102222e-05,0.008311886956238766
2717,1.5527272727272727,0.1113131313131313,6.671360795445533e-05,0.008730375426633068
2718,1.5527272727272727,0.11727272727272725,-1.7311850365769744e-05,0.009184042688946627
2719,1.5527272727272727,0.12323232323232322,-0.00019794096191574773,0.00960848259021195
2720,1.5527272727272727,0.1291919191919192,-6.475416791677873e-05,0.00993095556956029
2721,1.5527272727272727,0.13515151515151513,7.561547738616571e-05,0.010582417796257222
2722,1.5527272727272727,0.1411111111111111,-0.00015983879351296628,0.011029651094737069
2723,1.5527272727272727,0.14707070707070707,-8.521625301781439e-05,0.011328399342862915
2724,1.5527272727272727,0.15303030303030302,-2.3279330151580467e-05,0.011912044183000584
2725,1.5527272727272727,0.158989898989899,2.8431320448345565e-05,0.01231865024293682
2726,1.5527272727272727,0.16494949494949493,3.621139479656036e-05,0.012789281114680027
2727,1.5527272727272727,0.1709090909090909,0.00014673793683644344,0.013448703605946903
2728,1.5527272727272727,0.17686868686868687,-0.00016147814979922018,0.013731396536756339
2729,1.5527272727272727,0.1828282828282828,-0.00020059307545759904,0.014045192175565454
2730,1.5527272727272727,0.18878787878787878,-0.00018726181568660917,0.014699025217154662
2731,1.5527272727272727,0.19474747474747472,-0.0001091360693957137,0.015027982097154774
2732,1.5527272727272727,0.2007070707070707,-0.00014594885563932382,0.015462168705070474
2733,1.5527272727272727,0.20666666666666667,-1.3961783206954336e-05,0.016141133516998404
2734,1.5527272727272727,0.2126262626262626,-5.111073529008986e-05,0.016660820824302737
2735,1.5527272727272727,0.21858585858585858,0.00014847328807716833,0.017036510487686923
2736,1.5527272727272727,0.22454545454545452,-0.00033741480822739557,0.017498720760533493
2737,1.5527272727272727,0.2305050505050505,9.527405970554661e-05,0.01783503370730318
2738,1.5527272727272727,0.23646464646464646,-0.0003268425587310282,0.01865441155416029
2739,1.5527272727272727,0.2424242424242424,-0.00013732651928399485,0.018922186138148552
2740,1.5527272727272727,0.24838383838383837,0.0002453642990464168,0.019425863850607683
2741,1.5527272727272727,0.2543434343434343,-0.00029142848150554414,0.019774130491850082
2742,1.5527272727272727,0.26030303030303026,0.00010615710947913461,0.020253505655212826
2743,1.5527272727272727,0.26626262626262626,6.612604328369542e-05,0.020586084484764528
2744,1.5527272727272727,0.2722222222222222,0.00014777095305074637,0.021246886690984852
2745,1.5527272727272727,0.27818181818181814,-2.4406341993180635e-05,0.021722462116124327
2746,1.5527272727272727,0.28414141414141414,-3.8809267826283436e-05,0.02217111975488855
2747,1.5527272727272727,0.2901010101010101,0.00014296441338734235,0.022726725184756626
2748,1.5527272727272727,0.296060606060606,7.174537779943369e-05,0.022876084802379713
2749,1.5527272727272727,0.302020202020202,0.00034193586964104144,0.02369705264589948
2750,1.5527272727272727,0.30797979797979796,-1.876378144971982e-05,0.023940716341543922
2751,1.5527272727272727,0.3139393939393939,9.214692938077072e-05,0.0242546221966599
2752,1.5527272727272727,0.31989898989898985,-6.167162008694554e-05,0.02483910002703721
2753,1.5527272727272727,0.32585858585858585,0.00023117121510658452,0.025598125443949942
2754,1.5527272727272727,0.3318181818181818,-0.00029371847616327477,0.02588821475607818
2755,1.5527272727272727,0.33777777777777773,-6.121797686288734e-05,0.026142389672264246
2756,1.5527272727272727,0.34373737373737373,0.00041701345133250955,0.02688181058493679
2757,1.5527272727272727,0.3496969696969697,6.397634259892286e-05,0.02786761797053383
2758,1.5527272727272727,0.3556565656565656,0.00037729278106543357,0.027739725659067297
2759,1.5527272727272727,0.3616161616161616,0.0003873573923795611,0.028337972758518157
2760,1.5527272727272727,0.36757575757575756,0.0001814844561002587,0.02873868808890327
2761,1.5527272727272727,0.3735353535353535,-0.0004215852830104332,0.02915308107992167
2762,1.5527272727272727,0.37949494949494944,0.00020034944840110355,0.029823833473149722
2763,1.5527272727272727,0.38545454545454544,0.0003457804783182673,0.030257788272576115
2764,1.5527272727272727,0.3914141414141414,-0.0002785046239318674,0.03083592577417968
2765,1.5527272727272727,0.3973737373737373,-0.0006071475595959203,0.031127514512518287
2766,1.5527272727272727,0.4033333333333333,0.0006591039704021695,0.03146384470837345
2767,1.5527272727272727,0.40929292929292926,-8.299188105600138e-05,0.032181814613568706
2768,1.5527272727272727,0.4152525252525252,-0.00024521197721262935,0.03243629191716884
2769,1.5527272727272727,0.42121212121212115,-0.00032584448952281323,0.033129756389191974
2770,1.5527272727272727,0.42717171717171715,4.392503566079173e-05,0.03363147364575052
2771,1.5527272727272727,0.4331313131313131,0.0006819348793334432,0.03403641880307697
2772,1.5527272727272727,0.43909090909090903,0.00040901445694866345,0.03438074988361308
2773,1.5527272727272727,0.44505050505050503,-0.00032490652304774685,0.03526673897117918
2774,1.5527272727272727,0.45101010101010097,0.0004684927221727483,0.03559676868505818
2775,1.5527272727272727,0.4569696969696969,-0.0011927442403787609,0.03525872469538113
2776,1.5527272727272727,0.4629292929292929,0.000193382748446448,0.036506442862062456
2777,1.5527272727272727,0.46888888888888886,-0.000112774151432295,0.03662107898315871
2778,1.5527272727272727,0.4748484848484848,-0.00045526314387024424,0.03725413248789242
2779,1.5527272727272727,0.48080808080808074,4.563991986476834e-05,0.037729950319362895
2780,1.5527272727272727,0.48676767676767674,-0.0007697362002514579,0.03754350091651297
2781,1.5527272727272727,0.4927272727272727,-0.0005345413027106815,0.038191664914510974
2782,1.5527272727272727,0.4986868686868686,-0.00034738566676782083,0.03938713902262756
2783,1.5527272727272727,0.5046464646464646,-1.9440167721281876e-06,0.039938782654574775
2784,1.5527272727272727,0.5106060606060605,-0.0007341476999237818,0.040126748249497905
2785,1.5527272727272727,0.5165656565656566,0.00014203464727176055,0.04070435651099924
2786,1.5527272727272727,0.5225252525252525,-0.000558988091732912,0.0410575881902229
2787,1.5527272727272727,0.5284848484848484,-9.704915754363163e-07,0.04134081969518996
2788,1.5527272727272727,0.5344444444444444,-0.0008363891690224575,0.041406511331117286
2789,1.5527272727272727,0.5404040404040403,-0.0002741572398132143,0.042304862278303906
2790,1.5527272727272727,0.5463636363636363,-0.00025106303064712616,0.04310806155991693
2791,1.5527272727272727,0.5523232323232323,-0.00015237493185703141,0.04335303611142175
2792,1.5527272727272727,0.5582828282828283,-0.00020589188138324009,0.043887139293534855
2793,1.5527272727272727,0.5642424242424242,-0.0005688733617794897,0.04381123903317455
2794,1.5527272727272727,0.5702020202020202,-0.0006158512938573162,0.044307505340179555
2795,1.5527272727272727,0.5761616161616161,-7.710896931747638e-05,0.04497736621918662
2796,1.5527272727272727,0.582121212121212,-7.203155956612792e-05,0.04545059639710166
2797,1.5527272727272727,0.588080808080808,0.00023691365056514781,0.04635244023118102
2798,1.5527272727272727,0.594040404040404,0.0006820860435578223,0.04673925716889614
2799,1.5527272727272727,0.6,-0.0008843490985363942,0.04735757315172789
2800,1.572828282828283,0.01,3.3400486273942766e-06,0.0008125910911819188
2801,1.572828282828283,0.01595959595959596,-1.679090092378933e-05,0.00128707716549027
2802,1.572828282828283,0.021919191919191918,1.5912494308595205e-05,0.0017510594156601711
2803,1.572828282828283,0.027878787878787878,-1.6684906933584386e-05,0.002246859107380102
2804,1.572828282828283,0.033838383838383834,-7.364714791307037e-06,0.0027337727070008214
2805,1.572828282828283,0.0397979797979798,-4.5169661266910946e-05,0.0031918193422110167
2806,1.572828282828283,0.045757575757575754,-8.284383691178779e-05,0.003700210178628951
2807,1.572828282828283,0.05171717171717172,5.565191205105475e-05,0.004183928870819143
2808,1.572828282828283,0.05767676767676767,5.750307495652252e-05,0.004691141843861939
2809,1.572828282828283,0.06363636363636363,-0.00014229348229263813,0.005108285352917063
2810,1.572828282828283,0.06959595959595959,3.62418734470088e-05,0.0055745265230031215
2811,1.572828282828283,0.07555555555555554,7.989752536148194e-05,0.006181128565276829
2812,1.572828282828283,0.0815151515151515,-0.00011109532384738687,0.006555173866852569
2813,1.572828282828283,0.08747474747474746,2.0825763925886265e-05,0.007108013760195115
2814,1.572828282828283,0.09343434343434343,6.870889040975425e-06,0.007560901820216754
2815,1.572828282828283,0.09939393939393938,-1.694262003742949e-05,0.007977485435572067
2816,1.572828282828283,0.10535353535353534,-4.3544191587752656e-05,0.008524439588166913
2817,1.572828282828283,0.1113131313131313,4.1101364012482854e-05,0.008863712218132437
2818,1.572828282828283,0.11727272727272725,5.5710750330439965e-05,0.00945769819977308
2819,1.572828282828283,0.12323232323232322,0.00019088900535424558,0.010003163145032717
2820,1.572828282828283,0.1291919191919192,-0.00010349923476314902,0.010506725279591662
2821,1.572828282828283,0.13515151515151513,-2.0958594464951295e-06,0.010985896477035946
2822,1.572828282828283,0.1411111111111111,1.2311908785579806e-05,0.01135306069226357
2823,1.572828282828283,0.14707070707070707,0.0002498260051399323,0.011819391148204612
2824,1.572828282828283,0.15303030303030302,0.00014120195143762167,0.012152282333674653
2825,1.572828282828283,0.158989898989899,7.740733837349728e-05,0.012886044533905914
2826,1.572828282828283,0.16494949494949493,-3.815393172445073e-05,0.013265452486295895
2827,1.572828282828283,0.1709090909090909,0.0003571859854040329,0.013866308231272268
2828,1.572828282828283,0.17686868686868687,8.46807819382591e-05,0.014195082640125064
2829,1.572828282828283,0.1828282828282828,-0.00032102425648715833,0.0146268928302251
2830,1.572828282828283,0.18878787878787878,-3.460061326264672e-05,0.015264708293697471
2831,1.572828282828283,0.19474747474747472,-0.00038166085430558924,0.015773446639882983
2832,1.572828282828283,0.2007070707070707,0.00013498843714492448,0.01608655003252599
2833,1.572828282828283,0.20666666666666667,0.00010028134947843661,0.01692836211926022
2834,1.572828282828283,0.2126262626262626,0.00012522398733903054,0.017104386438454456
2835,1.572828282828283,0.21858585858585858,-0.00012983821965639774,0.01748941116289929
2836,1.572828282828283,0.22454545454545452,-0.00010526696385608649,0.01812263869545485
2837,1.572828282828283,0.2305050505050505,2.9102372348162198e-05,0.01859937454194399
2838,1.572828282828283,0.23646464646464646,9.983029747040691e-05,0.018832648797899976
2839,1.572828282828283,0.2424242424242424,-0.0004092586158817731,0.019726125697350997
2840,1.572828282828283,0.24838383838383837,0.0003426393086838722,0.020274521785065912
2841,1.572828282828283,0.2543434343434343,-0.0003184735182852657,0.020747028142085802
2842,1.572828282828283,0.26030303030303026,-0.00015711033996354854,0.021020674830353504
2843,1.572828282828283,0.26626262626262626,0.00020759568321468568,0.02159588117713199
2844,1.572828282828283,0.2722222222222222,4.0634989669860946e-05,0.022240625185515304
2845,1.572828282828283,0.27818181818181814,0.0007191123035622537,0.02259713632622368
2846,1.572828282828283,0.28414141414141414,7.609622285394507e-05,0.02265859230465238
2847,1.572828282828283,0.2901010101010101,-0.0004161026401569334,0.02312580289352944
2848,1.572828282828283,0.296060606060606,0.0002856265277640848,0.024164854466218785
2849,1.572828282828283,0.302020202020202,0.00028089666290019143,0.02421741859301838
2850,1.572828282828283,0.30797979797979796,0.00038486935009654673,0.024833115995700462
2851,1.572828282828283,0.3139393939393939,-3.3315679178622904e-05,0.02551418361167658
2852,1.572828282828283,0.31989898989898985,-0.0001623926979852104,0.02590714735466943
2853,1.572828282828283,0.32585858585858585,-2.597058072960301e-06,0.026408568871348386
2854,1.572828282828283,0.3318181818181818,0.0005994331954128118,0.02657227938640053
2855,1.572828282828283,0.33777777777777773,-0.00015876844149811546,0.027285157820095655
2856,1.572828282828283,0.34373737373737373,0.0004986198190296809,0.02793182646377469
2857,1.572828282828283,0.3496969696969697,-0.00023510510683489355,0.028139107280421245
2858,1.572828282828283,0.3556565656565656,-0.0003451434560683923,0.028763442500771706
2859,1.572828282828283,0.3616161616161616,-1.6460373822206366e-05,0.029084209021652437
2860,1.572828282828283,0.36757575757575756,-0.00012303958803765175,0.029835401469805463
2861,1.572828282828283,0.3735353535353535,0.00018078243293989763,0.030609255329415417
2862,1.572828282828283,0.37949494949494944,-0.00028993575962687156,0.030603351894568857
2863,1.572828282828283,0.38545454545454544,0.0002546930916989817,0.03134542967072298
2864,1.572828282828283,0.3914141414141414,-0.00016222127019910486,0.031734715277426925
2865,1.572828282828283,0.3973737373737373,0.0004672045687980612,0.032541670795940995
2866,1.572828282828283,0.4033333333333333,-0.0005595882541454687,0.03247112597556871
2867,1.572828282828283,0.40929292929292926,0.0005282406299593363,0.03316713034415786
2868,1.572828282828283,0.4152525252525252,0.0002760491036140067,0.03369530672583652
2869,1.572828282828283,0.42121212121212115,-1.0838556898551766e-05,0.03465100337367028
2870,1.572828282828283,0.42717171717171715,0.0005840510516131802,0.03477319546432912
2871,1.572828282828283,0.4331313131313131,-0.00017252216922082847,0.03508406135931195
2872,1.572828282828283,0.43909090909090903,0.00031371830992497137,0.03531981755167684
2873,1.572828282828283,0.44505050505050503,-8.03786002208513e-06,0.0358501042602756
2874,1.572828282828283,0.45101010101010097,-0.00043496093020062965,0.036255601433449414
2875,1.572828282828283,0.4569696969696969,0.0003297741009701901,0.0368254474551897
2876,1.572828282828283,0.4629292929292929,-0.000386992859849142,0.03733374159518416
2877,1.572828282828283,0.46888888888888886,0.0008402628311332268,0.038055318859552864
2878,1.572828282828283,0.4748484848484848,0.0006076973541399791,0.03872581597080017
2879,1.572828282828283,0.48080808080808074,-2.2867891619957092e-05,0.03898166958760661
2880,1.572828282828283,0.48676767676767674,0.00044590073365692487,0.039860589277468814
2881,1.572828282828283,0.4927272727272727,0.0004273930073156408,0.04004498723612415
2882,1.572828282828283,0.4986868686868686,0.0007389492754423517,0.04041039184294291
2883,1.572828282828283,0.5046464646464646,3.960935352797601e-05,0.04113566652501276
2884,1.572828282828283,0.5106060606060605,-0.0003871947696335937,0.04079996474291283
2885,1.572828282828283,0.5165656565656566,-0.0002543566665902178,0.04227653051675916
2886,1.572828282828283,0.5225252525252525,8.592796284213155e-05,0.04241400060142591
2887,1.572828282828283,0.5284848484848484,0.0006048107228410162,0.04317220295825659
2888,1.572828282828283,0.5344444444444444,0.00037773089556974597,0.043706638176503255
2889,1.572828282828283,0.5404040404040403,0.00044345996249192573,0.04387305801714494
2890,1.572828282828283,0.5463636363636363,0.00045366632078800134,0.04498760983567409
2891,1.572828282828283,0.5523232323232323,0.0005160530669585785,0.04447936738846668
2892,1.572828282828283,0.5582828282828283,-0.0007565212515618396,0.04500987125552003
2893,1.572828282828283,0.5642424242424242,-0.00013964302297836254,0.04625623445526277
2894,1.572828282828283,0.5702020202020202,0.000474768649761838,0.046658731820178864
2895,1.572828282828283,0.5761616161616161,-0.00032267070794634786,0.04665185081895639
2896,1.572828282828283,0.582121212121212,-0.00016638335677605866,0.04763488137567078
2897,1.572828282828283,0.588080808080808,0.0005997488036253943,0.04866845903500562
2898,1.572828282828283,0.594040404040404,-3.358687436130827e-05,0.048264001527755056
2899,1.572828282828283,0.6,0.0003497650088138415,0.048357158724452974
2900,1.592929292929293,0.01,-1.5509690168973712e-05,0.0008369766306475475
2901,1.592929292929293,0.01595959595959596,1.8521001778059875e-05,0.0013378143378263328
2902,1.592929292929293,0.021919191919191918,3.2194090282583076e-05,0.001823664034308143
2903,1.592929292929293,0.027878787878787878,2.526566430055992e-05,0.0022992898891000574
2904,1.592929292929293,0.033838383838383834,1.6238350099319153e-05,0.0028351620955757288
2905,1.592929292929293,0.0397979797979798,-3.0584421599771926e-06,0.003302164376287538
2906,1.592929292929293,0.045757575757575754,-6.22936146589761e-05,0.003840615652082714
2907,1.592929292929293,0.05171717171717172,3.56020156425107e-05,0.004311579956741574
2908,1.592929292929293,0.05767676767676767,-1.342537030481189e-05,0.004819116977048389
2909,1.592929292929293,0.06363636363636363,1.3824941460404693e-05,0.005285799399571814
2910,1.592929292929293,0.06959595959595959,2.9768101271311175e-05,0.005820980760576239
2911,1.592929292929293,0.07555555555555554,3.596985550657971e-05,0.006336723912645342
2912,1.592929292929293,0.0815151515151515,1.6977630008262068e-05,0.0067611899351885585
2913,1.592929292929293,0.08747474747474746,-9.561583216629403e-05,0.0071646658324629655
2914,1.592929292929293,0.09343434343434343,-8.230110841711175e-05,0.007850302300272312
2915,1.592929292929293,0.09939393939393938,-3.137440760467373e-05,0.008284729262216501
2916,1.592929292929293,0.10535353535353534,-4.154827195511717e-05,0.008720772025074834
2917,1.592929292929293,0.1113131313131313,-4.8776396324685054e-05,0.009413466108664259
2918,1.592929292929293,0.11727272727272725,-9.0974164958458e-06,0.009734323153217882
2919,1.592929292929293,0.12323232323232322,4.926592878476528e-05,0.01045422856019464
2920,1.592929292929293,0.1291919191919192,0.00018498055316506763,0.010880915729121789
2921,1.592929292929293,0.13515151515151513,-0.00018289507626063282,0.011291994179502707
2922,1.592929292929293,0.1411111111111111,0.0001861377121396269,0.011762354570684582
2923,1.592929292929293,0.14707070707070707,0.00011297924343724026,0.012256126562087863
2924,1.592929292929293,0.15303030303030302,-0.00017705172823629915,0.012722332383155677
2925,1.592929292929293,0.158989898989899,0.0004241040676052865,0.013266285966141786
2926,1.592929292929293,0.16494949494949493,6.457364824433291e-05,0.013781658705554395
2927,1.592929292929293,0.1709090909090909,-0.0001587282547814721,0.01421835798475186
2928,1.592929292929293,0.17686868686868687,0.0005229807977882583,0.014813443441201455
2929,1.592929292929293,0.1828282828282828,-1.564763766827726e-06,0.015194512329452273
2930,1.592929292929293,0.18878787878787878,-0.00016496181204396252,0.01572347411710195
2931,1.592929292929293,0.19474747474747472,-0.000182229621748108,0.016058296515105156
2932,1.592929292929293,0.2007070707070707,-4.565319566184689e-06,0.016691626194303203
2933,1.592929292929293,0.20666666666666667,-5.2848793104243087e-05,0.017187010899458944
2934,1.592929292929293,0.2126262626262626,3.992245597401379e-05,0.01788156692251821
2935,1.592929292929293,0.21858585858585858,3.467688632643243e-05,0.018444877559439025
2936,1.592929292929293,0.22454545454545452,0.0001008009842335007,0.018995094989243934
2937,1.592929292929293,0.2305050505050505,-0.00015492146430282647,0.019159289322738336
2938,1.592929292929293,0.23646464646464646,0.00019291094676093906,0.019771112701497125
2939,1.592929292929293,0.2424242424242424,0.0001876065087404187,0.020278441886248375
2940,1.592929292929293,0.24838383838383837,-0.0004626243792983396,0.02087299253352207
2941,1.592929292929293,0.2543434343434343,-0.00018130117842449187,0.021700438906976434
2942,1.592929292929293,0.26030303030303026,0.0002793064919901579,0.021690796385960297
2943,1.592929292929293,0.26626262626262626,5.201756145865162e-05,0.022564967065564514
2944,1.592929292929293,0.2722222222222222,0.00014889828978190405,0.022766309632530297
2945,1.592929292929293,0.27818181818181814,0.00013215494006860005,0.023567558900879443
2946,1.592929292929293,0.28414141414141414,-0.00017847031678408775,0.023570348302093043
2947,1.592929292929293,0.2901010101010101,7.436971172905569e-05,0.02439328006094557
2948,1.592929292929293,0.296060606060606,2.2504553769721268e-05,0.02436731344527982
2949,1.592929292929293,0.302020202020202,-0.0005053481245815713,0.025425302407850053
2950,1.592929292929293,0.30797979797979796,-3.0915853021897724e-05,0.02580955629049905
2951,1.592929292929293,0.3139393939393939,-0.00022104622501688845,0.02609483934415046
2952,1.592929292929293,0.31989898989898985,0.00019756315443216404,0.02697775941545638
2953,1.592929292929293,0.32585858585858585,0.0005480893790178487,0.027434740750473415
2954,1.592929292929293,0.3318181818181818,-0.00036501767760181584,0.027997005750285218
2955,1.592929292929293,0.33777777777777773,-5.064292059982165e-05,0.028536382993612445
2956,1.592929292929293,0.34373737373737373,-0.00039482310673241147,0.028596388098921025
2957,1.592929292929293,0.3496969696969697,-0.0003498658610389476,0.029174684874286132
2958,1.592929292929293,0.3556565656565656,1.8552699643705893e-05,0.02982983289538129
2959,1.592929292929293,0.3616161616161616,-0.00011469324766678075,0.030658472228287038
2960,1.592929292929293,0.36757575757575756,-0.00020588674974807538,0.031024575821089972
2961,1.592929292929293,0.3735353535353535,-0.0004083099974878584,0.03077381708224472
2962,1.592929292929293,0.37949494949494944,0.00036179631557489294,0.03160666850319995
2963,1.592929292929293,0.38545454545454544,-0.00011110249798559666,0.03252085875070797
2964,1.592929292929293,0.3914141414141414,8.749628917026329e-05,0.032579941755432766
2965,1.592929292929293,0.3973737373737373,9.321768397898087e-05,0.03342322893584821
2966,1.592929292929293,0.4033333333333333,-6.81495478345022e-05,0.033919941079316895
2967,1.592929292929293,0.40929292929292926,-0.00013481420851955278,0.0341075686524353
2968,1.592929292929293,0.4152525252525252,-0.00021079935732929992,0.035442850345158004
2969,1.592929292929293,0.42121212121212115,-3.356112838301179e-05,0.03489251075410849
2970,1.592929292929293,0.42717171717171715,-1.9347769678473625e-06,0.03631193766205355
2971,1.592929292929293,0.4331313131313131,0.0001719183735239816,0.03675767076453358
2972,1.592929292929293,0.43909090909090903,-9.431572978141793e-05,0.036995336089109813
2973,1.592929292929293,0.44505050505050503,0.000431532260763368,0.0371773096740627
2974,1.592929292929293,0.45101010101010097,-0.00017112589548074975,0.03761031137931027
2975,1.592929292929293,0.4569696969696969,-0.000936937458659806,0.03844296575109982
2976,1.592929292929293,0.4629292929292929,0.0005578486229769488,0.03889891961053983
2977,1.592929292929293,0.46888888888888886,0.0004289473058282814,0.039134756570940864
2978,1.592929292929293,0.4748484848484848,-0.0004891232892886124,0.039860738859160506
2979,1.592929292929293,0.48080808080808074,-0.0006299963999936152,0.040461336866747515
2980,1.592929292929293,0.48676767676767674,-0.0002912185086499369,0.04030584423887115
2981,1.592929292929293,0.4927272727272727,-0.0003874514277266433,0.04108428088203364
2982,1.592929292929293,0.4986868686868686,0.0006783310138963484,0.04117328069669597
2983,1.592929292929293,0.5046464646464646,-0.0001647493678976274,0.04230718162206028
2984,1.592929292929293,0.5106060606060605,-0.00024530071639995016,0.04279726722033471
2985,1.592929292929293,0.5165656565656566,-6.444861628475494e-05,0.04292580393643691
2986,1.592929292929293,0.5225252525252525,0.0008782352019072086,0.04394852963517904
2987,1.592929292929293,0.5284848484848484,4.5012429655905616e-05,0.04412043418517027
2988,1.592929292929293,0.5344444444444444,-0.00042033685376941394,0.04507643148432564
2989,1.592929292929293,0.5404040404040403,-0.0003979141798879258,0.04580368903175687
2990,1.592929292929293,0.5463636363636363,0.0002491389639108515,0.04615786038250996
2991,1.592929292929293,0.5523232323232323,-0.00043895894218602097,0.04612116744990971
2992,1.592929292929293,0.5582828282828283,-0.0008327864822102679,0.04724209394121044
2993,1.592929292929293,0.5642424242424242,0.0004276086324228201,0.047350589626111314
2994,1.592929292929293,0.5702020202020202,-6.988190055107295e-05,0.048784355127310525
2995,1.592929292929293,0.5761616161616161,0.0004547530790796073,0.049226508996807666
2996,1.592929292929293,0.582121212121212,-0.0003632039795928103,0.048979412208281406
2997,1.592929292929293,0.588080808080808,0.00031565605037192277,0.049708159689466486
2998,1.592929292929293,0.594040404040404,0.00017896416934792337,0.0503560652832254
2999,1.592929292929293,0.6,0.0006447570206122577,0.050965219471060565
3000,1.613030303030303,0.01,1.1632064066736315e-05,0.0008614578088860281
3001,1.613030303030303,0.01595959595959596,1.5871578416326182e-05,0.0013735298933325276
3002,1.613030303030303,0.021919191919191918,1.0347291729247409e-05,0.0019043843100317712
3003,1.613030303030303,0.027878787878787878,2.3474693115892452e-07,0.0024023868121199714
3004,1.613030303030303,0.033838383838383834,2.982501383727417e-05,0.002947817074444311
3005,1.613030303030303,0.0397979797979798,-2.3368778323068386e-06,0.003434778435859905
3006,1.613030303030303,0.045757575757575754,-9.206764843929848e-05,0.003985350827217531
3007,1.613030303030303,0.05171717171717172,5.55854519350786e-05,0.004489270249929311
3008,1.613030303030303,0.05767676767676767,-5.7882827757404645e-05,0.005028338967677537
3009,1.613030303030303,0.06363636363636363,-2.653883577204865e-05,0.0055009048292721215
3010,1.613030303030303,0.06959595959595959,8.070561555482835e-05,0.0060508358475776635
3011,1.613030303030303,0.07555555555555554,-0.00011229976814053466,0.006547501299424577
3012,1.613030303030303,0.0815151515151515,-1.169421489088307e-06,0.007052148477455492
3013,1.613030303030303,0.08747474747474746,3.913660079079351e-05,0.007589522533935211
3014,1.613030303030303,0.09343434343434343,-4.432392166131399e-05,0.008048011693122721
3015,1.613030303030303,0.09939393939393938,-6.260042296673026e-05,0.008597943438602772
3016,1.613030303030303,0.10535353535353534,1.9647268114467155e-05,0.00896466999240948
3017,1.613030303030303,0.1113131313131313,6.373025412254369e-05,0.009551572733072748
3018,1.613030303030303,0.11727272727272725,1.2045987122539737e-05,0.01019277327847188
3019,1.613030303030303,0.12323232323232322,8.275558367684408e-05,0.010589989772614942
3020,1.613030303030303,0.1291919191919192,6.612784919179071e-05,0.011181856658831821
3021,1.613030303030303,0.13515151515151513,3.473198616443257e-05,0.011623911550416964
3022,1.613030303030303,0.1411111111111111,-2.2364329936069637e-05,0.012180349071041898
3023,1.613030303030303,0.14707070707070707,-4.894556476813529e-05,0.012702292721299142
3024,1.613030303030303,0.15303030303030302,2.547797813457673e-05,0.013222376245460415
3025,1.613030303030303,0.158989898989899,-8.663169564600402e-05,0.013794586362207397
3026,1.613030303030303,0.16494949494949493,0.00017830276135935986,0.014306178019347693
3027,1.613030303030303,0.1709090909090909,-5.387605473082813e-08,0.014855405228597036
3028,1.613030303030303,0.17686868686868687,9.33014953360201e-05,0.015189708453341088
3029,1.613030303030303,0.1828282828282828,9.194149889488034e-05,0.015739167296994205
3030,1.613030303030303,0.18878787878787878,-4.5095315620626444e-05,0.016251686765904334
3031,1.613030303030303,0.19474747474747472,-1.724620197120126e-05,0.016546015971771084
3032,1.613030303030303,0.2007070707070707,-0.00021853451998378774,0.017080989110725316
3033,1.613030303030303,0.20666666666666667,-5.994702200344579e-05,0.017900071378568812
3034,1.613030303030303,0.2126262626262626,-0.00017084306587418342,0.018364739259905206
3035,1.613030303030303,0.21858585858585858,0.00016317405703679505,0.018938184230570986
3036,1.613030303030303,0.22454545454545452,-0.00034882290432399887,0.019282709413147296
3037,1.613030303030303,0.2305050505050505,7.171660311175944e-05,0.01976645212913604
3038,1.613030303030303,0.23646464646464646,0.00018888807387249976,0.020523868734360146
3039,1.613030303030303,0.2424242424242424,0.00011247607151040655,0.021074940771485976
3040,1.613030303030303,0.24838383838383837,-7.383631373248342e-05,0.021667479408312373
3041,1.613030303030303,0.2543434343434343,0.00016495496149841502,0.022048030726746097
3042,1.613030303030303,0.26030303030303026,-0.00010746070631945211,0.0226994628145778
3043,1.613030303030303,0.26626262626262626,-6.510404776174059e-05,0.023072900761858726
3044,1.613030303030303,0.2722222222222222,0.000697734689227393,0.023450532022456037
3045,1.613030303030303,0.27818181818181814,-0.00021452131002120306,0.02387719234102094
3046,1.613030303030303,0.28414141414141414,0.00028049471955893625,0.024584426808884743
3047,1.613030303030303,0.2901010101010101,-1.578378072770814e-06,0.025401532538655215
3048,1.613030303030303,0.296060606060606,-5.379745244179388e-05,0.025680835333850092
3049,1.613030303030303,0.302020202020202,0.0003320040469876656,0.026180419095928772
3050,1.613030303030303,0.30797979797979796,0.00018697663608535574,0.02677517105485152
3051,1.613030303030303,0.3139393939393939,-9.299822264589332e-05,0.027061246834330165
3052,1.613030303030303,0.31989898989898985,-0.0001417146888957717,0.027985130182893968
3053,1.613030303030303,0.32585858585858585,9.325426375181234e-05,0.028458221939698665
3054,1.613030303030303,0.3318181818181818,7.811010292216071e-05,0.029347276425430214
3055,1.613030303030303,0.33777777777777773,0.0005073123020001627,0.02921502793379582
3056,1.613030303030303,0.34373737373737373,-0.00044719837271769205,0.029761318993616583
3057,1.613030303030303,0.3496969696969697,-0.00022426065595036656,0.03009291154287088
3058,1.613030303030303,0.3556565656565656,3.945658837890194e-05,0.030862332389869657
3059,1.613030303030303,0.3616161616161616,-6.931921907740149e-05,0.031242835883532653
3060,1.613030303030303,0.36757575757575756,-0.0004969340371210922,0.031731059833184
3061,1.613030303030303,0.3735353535353535,-1.0302834679144834e-05,0.032472901144865875
3062,1.613030303030303,0.37949494949494944,0.0001552812543043921,0.03263583770135207
3063,1.613030303030303,0.38545454545454544,0.0003776861133766659,0.033635425519728646
3064,1.613030303030303,0.3914141414141414,-4.5793084313469414e-05,0.03380235746782428
3065,1.613030303030303,0.3973737373737373,0.00020379817570133837,0.03478316523422555
3066,1.613030303030303,0.4033333333333333,0.0004485942250553776,0.03493057021158605
3067,1.613030303030303,0.40929292929292926,-0.0003841234446251673,0.03534083691035858
3068,1.613030303030303,0.4152525252525252,0.0004183818115278005,0.036215684430264634
3069,1.613030303030303,0.42121212121212115,-6.352890963311759e-05,0.03667153119442631
3070,1.613030303030303,0.42717171717171715,-0.00019737216288622384,0.0366798606801799
3071,1.613030303030303,0.4331313131313131,0.0004504988847205673,0.03735545571669729
3072,1.613030303030303,0.43909090909090903,0.00011403097868162195,0.03828369908149998
3073,1.613030303030303,0.44505050505050503,0.00024401207892726074,0.038607175018771596
3074,1.613030303030303,0.45101010101010097,-0.0004265338683152808,0.03940000586687434
3075,1.613030303030303,0.4569696969696969,-0.0009603871822269031,0.039509164290328636
3076,1.613030303030303,0.4629292929292929,-0.0009145455801316341,0.04056430391381154
3077,1.613030303030303,0.46888888888888886,-0.0001448582873420239,0.04107609797030841
3078,1.613030303030303,0.4748484848484848,-0.00016379398647099652,0.04163253914747732
3079,1.613030303030303,0.48080808080808074,-0.00045588745292813996,0.04166572801997364
3080,1.613030303030303,0.48676767676767674,0.0003768849111239924,0.04215332989626002
3081,1.613030303030303,0.4927272727272727,8.075082095137692e-05,0.043006304194218525
3082,1.613030303030303,0.4986868686868686,0.000569968385675063,0.04388530011194048
3083,1.613030303030303,0.5046464646464646,-0.0006486979601934902,0.04389646322351749
3084,1.613030303030303,0.5106060606060605,0.0001083215399436765,0.044280874011872626
3085,1.613030303030303,0.5165656565656566,-0.00047031114953341105,0.044678231655148844
3086,1.613030303030303,0.5225252525252525,-2.300544432463132e-05,0.04535170215898824
3087,1.613030303030303,0.5284848484848484,-0.00021171827671258493,0.04641641391080653
3088,1.613030303030303,0.5344444444444444,-0.00036888468122336693,0.04673689142721128
3089,1.613030303030303,0.5404040404040403,-9.65181421468286e-05,0.046899767844047126
3090,1.613030303030303,0.5463636363636363,-0.0004946793886054827,0.047768234385841435
3091,1.613030303030303,0.5523232323232323,-0.0002136600546151941,0.04799953858348224
3092,1.613030303030303,0.5582828282828283,-0.0004300213810426942,0.04907310853759517
3093,1.613030303030303,0.5642424242424242,0.00048387754039117404,0.04849042392889114
3094,1.613030303030303,0.5702020202020202,-0.00017209747448453824,0.04935582851911051
3095,1.613030303030303,0.5761616161616161,0.00030153097418749786,0.05031357904097558
3096,1.613030303030303,0.582121212121212,0.0014554812266721574,0.05112263491161088
3097,1.613030303030303,0.588080808080808,-0.00026914156466717844,0.05174399886298913
3098,1.613030303030303,0.594040404040404,0.0009838839296553218,0.05235767060053745
3099,1.613030303030303,0.6,0.0008026201827246809,0.05252251888785115
3100,1.6331313131313132,0.01,5.953801512744406e-06,0.0008919082436109416
3101,1.6331313131313132,0.01595959595959596,-5.983081405688162e-06,0.0014212608297339475
3102,1.6331313131313132,0.021919191919191918,7.797491426579184e-06,0.0019480183937333256
3103,1.6331313131313132,0.027878787878787878,3.288066380560297e-05,0.002497636486131536
3104,1.6331313131313132,0.033838383838383834,3.631197735658934e-05,0.0030523198471456786
3105,1.6331313131313132,0.0397979797979798,3.646063657974262e-05,0.0035518233616757
3106,1.6331313131313132,0.045757575757575754,6.474392145670884e-05,0.004041683232783736
3107,1.6331313131313132,0.05171717171717172,3.486895801804614e-05,0.004614438587427705
3108,1.6331313131313132,0.05767676767676767,5.29618950230504e-05,0.005145773448158113
3109,1.6331313131313132,0.06363636363636363,-2.1579586600851895e-05,0.005678752124769
3110,1.6331313131313132,0.06959595959595959,-4.390965289516361e-05,0.006239792296004909
3111,1.6331313131313132,0.07555555555555554,7.12290771112114e-05,0.006797904167875664
3112,1.6331313131313132,0.0815151515151515,-1.275093204193828e-05,0.007174646508783933
3113,1.6331313131313132,0.08747474747474746,-3.2847563756304835e-05,0.0077913545042813765
3114,1.6331313131313132,0.09343434343434343,-8.625321045409727e-05,0.008275103491043405
3115,1.6331313131313132,0.09939393939393938,-8.061446027235651e-05,0.00879397593520864
3116,1.6331313131313132,0.10535353535353534,-4.2732152215811966e-05,0.009451166751140383
3117,1.6331313131313132,0.1113131313131313,-8.722547422743101e-05,0.009877533062907298
3118,1.6331313131313132,0.11727272727272725,-2.001235938834369e-05,0.010361414287244993
3119,1.6331313131313132,0.12323232323232322,-4.908316658733519e-05,0.010955236516793655
3120,1.6331313131313132,0.1291919191919192,2.0217699376421704e-06,0.01162179885076397
3121,1.6331313131313132,0.13515151515151513,-3.0421266793370395e-05,0.012170891390734411
3122,1.6331313131313132,0.1411111111111111,-6.857834890053708e-05,0.012615474359041685
3123,1.6331313131313132,0.14707070707070707,0.0001676277498109622,0.01310982775115678
3124,1.6331313131313132,0.15303030303030302,-0.00014107142038941994,0.013607944794950377
3125,1.6331313131313132,0.158989898989899,-0.0001631787501923974,0.014237953461158684
3126,1.6331313131313132,0.16494949494949493,-0.00013175144894950964,0.014568029611617819
3127,1.6331313131313132,0.1709090909090909,-0.00023922865864920814,0.015205221037182595
3128,1.6331313131313132,0.17686868686868687,-0.00014978906291972016,0.015901492199859354
3129,1.6331313131313132,0.1828282828282828,3.42930511658753e-05,0.016259368035294382
3130,1.6331313131313132,0.18878787878787878,-0.00013252384134380135,0.016676496870842956
3131,1.6331313131313132,0.19474747474747472,1.25898121570174e-05,0.017472570440018754
3132,1.6331313131313132,0.2007070707070707,0.00011254330003572082,0.017849079141504732
3133,1.6331313131313132,0.20666666666666667,-2.768116712689297e-05,0.018574153989591797
3134,1.6331313131313132,0.2126262626262626,-0.00031358858565338127,0.019188192737961195
3135,1.6331313131313132,0.21858585858585858,-0.00016595774280558318,0.019414177919020437
3136,1.6331313131313132,0.22454545454545452,0.00014300708552096122,0.02031574752233674
3137,1.6331313131313132,0.2305050505050505,8.403912776831612e-05,0.020891626336008464
3138,1.6331313131313132,0.23646464646464646,4.108600295146506e-05,0.02111376879478459
3139,1.6331313131313132,0.2424242424242424,0.00014058034929357254,0.021630327733569432
3140,1.6331313131313132,0.24838383838383837,0.0002938695375571056,0.021996336866186898
3141,1.6331313131313132,0.2543434343434343,-0.00010948825242563623,0.02264765698316784
3142,1.6331313131313132,0.26030303030303026,0.00040280737105268026,0.023022497089044195
3143,1.6331313131313132,0.26626262626262626,0.0001321009432680713,0.023693693029706035
3144,1.6331313131313132,0.2722222222222222,-0.0002301087156918265,0.023989507815750228
3145,1.6331313131313132,0.27818181818181814,0.00021851139339533417,0.02484228192658056
3146,1.6331313131313132,0.28414141414141414,0.0003923088925981472,0.02545083819572291
3147,1.6331313131313132,0.2901010101010101,-7.231139853718694e-05,0.026105487897978112
3148,1.6331313131313132,0.296060606060606,-8.720712555173542e-05,0.026121648442360437
3149,1.6331313131313132,0.302020202020202,-0.00018282953921425923,0.027209448293476178
3150,1.6331313131313132,0.30797979797979796,-0.0003581918092259304,0.027543012819075473
3151,1.6331313131313132,0.3139393939393939,2.3227338810432197e-05,0.0282369166567826
3152,1.6331313131313132,0.31989898989898985,0.00015639067429810635,0.028648442675144044
3153,1.6331313131313132,0.32585858585858585,8.960600999570065e-05,0.02877555760843149
3154,1.6331313131313132,0.3318181818181818,-5.2129911941474695e-05,0.02963787141263064
3155,1.6331313131313132,0.33777777777777773,-0.0001146937294171324,0.03035669720531087
3156,1.6331313131313132,0.34373737373737373,0.0005140276912453343,0.03084798360297526
3157,1.6331313131313132,0.3496969696969697,8.732973678273721e-05,0.03145441762361011
3158,1.6331313131313132,0.3556565656565656,-0.00016449107098510468,0.032026533857319205
3159,1.6331313131313132,0.3616161616161616,-0.00027067715512502273,0.032496746025455395
3160,1.6331313131313132,0.36757575757575756,0.00029867226552986745,0.03313553060606294
3161,1.6331313131313132,0.3735353535353535,4.491425588048068e-05,0.033413353010319266
3162,1.6331313131313132,0.37949494949494944,0.0006692888531129544,0.03413640968240911
3163,1.6331313131313132,0.38545454545454544,0.0001188975718405401,0.03449705571932383
3164,1.6331313131313132,0.3914141414141414,-0.00020644068994072354,0.034974044174367405
3165,1.6331313131313132,0.3973737373737373,0.00016264212714299454,0.03585852216635863
3166,1.6331313131313132,0.4033333333333333,0.0001817665278660135,0.036270664898307804
3167,1.6331313131313132,0.40929292929292926,0.00025369235447201215,0.036909763123511075
3168,1.6331313131313132,0.4152525252525252,-0.000275938261025397,0.03704700405122232
3169,1.6331313131313132,0.42121212121212115,0.0005635479598194033,0.03809770725137975
3170,1.6331313131313132,0.42717171717171715,-0.0005268797805619076,0.03786394862072381
3171,1.6331313131313132,0.4331313131313131,0.0005795292878477779,0.039192739306403
3172,1.6331313131313132,0.43909090909090903,-0.00027339702692796906,0.03942375793622228
3173,1.6331313131313132,0.44505050505050503,0.0005559707018496885,0.040699005265380964
3174,1.6331313131313132,0.45101010101010097,0.0005251452307417361,0.03997479819501607
3175,1.6331313131313132,0.4569696969696969,1.755764302181051e-05,0.04067774255525587
3176,1.6331313131313132,0.4629292929292929,-0.0001978941960091945,0.04116184900814539
3177,1.6331313131313132,0.46888888888888886,0.0005935270360911011,0.04133141319042801
3178,1.6331313131313132,0.4748484848484848,0.00036361503549297246,0.04321280102962
3179,1.6331313131313132,0.48080808080808074,-0.00047849045198207447,0.043342239706887095
3180,1.6331313131313132,0.48676767676767674,-0.00016400294576424451,0.04368199205352009
3181,1.6331313131313132,0.4927272727272727,0.0007140902996548887,0.044294339296320644
3182,1.6331313131313132,0.4986868686868686,-3.516121816874862e-06,0.04493656302229829
3183,1.6331313131313132,0.5046464646464646,0.0007174744802714945,0.045862760219248656
3184,1.6331313131313132,0.5106060606060605,5.9098402464795495e-05,0.04608276853584059
3185,1.6331313131313132,0.5165656565656566,-0.0006397033447353005,0.04591616720740499
3186,1.6331313131313132,0.5225252525252525,4.8457423976802085e-06,0.04646802318229827
3187,1.6331313131313132,0.5284848484848484,-0.00046414040831789744,0.04694987205877903
3188,1.6331313131313132,0.5344444444444444,4.58511101986736e-05,0.048293961080201835
3189,1.6331313131313132,0.5404040404040403,-0.0005715591432962624,0.04906231498793768
3190,1.6331313131313132,0.5463636363636363,0.0005991165786052608,0.04972810387226974
3191,1.6331313131313132,0.5523232323232323,-3.454660985391482e-05,0.04912679711788646
3192,1.6331313131313132,0.5582828282828283,-0.0004207433419979525,0.05004653531722316
3193,1.6331313131313132,0.5642424242424242,-0.00014122079663873063,0.05060233228645864
3194,1.6331313131313132,0.5702020202020202,-0.00040392983335753714,0.05057106811481464
3195,1.6331313131313132,0.5761616161616161,0.0007482682897098005,0.05233317705948915
3196,1.6331313131313132,0.582121212121212,-0.00044318806916167494,0.05201156873472744
3197,1.6331313131313132,0.588080808080808,6.590575204802711e-05,0.05323551144738157
3198,1.6331313131313132,0.594040404040404,-0.0002364363824861432,0.05393946662653462
3199,1.6331313131313132,0.6,-0.0005893100859453312,0.05418172728421713
3200,1.6532323232323232,0.01,3.3879157540368633e-06,0.0009133597162764837
3201,1.6532323232323232,0.01595959595959596,-7.582103488070347e-06,0.0014632575462666187
3202,1.6532323232323232,0.021919191919191918,2.060570147602291e-05,0.0019878087916583758
3203,1.6532323232323232,0.027878787878787878,-9.47096074392857e-06,0.002599943893931759
3204,1.6532323232323232,0.033838383838383834,6.978152606216115e-06,0.0031131696723136985
3205,1.6532323232323232,0.0397979797979798,-1.2780877462329355e-05,0.003664820377898541
3206,1.6532323232323232,0.045757575757575754,1.791469504816222e-05,0.004216268886631433
3207,1.6532323232323232,0.05171717171717172,8.072669131798063e-05,0.004801332966541232
3208,1.6532323232323232,0.05767676767676767,4.59239965803786e-06,0.005354842795223633
3209,1.6532323232323232,0.06363636363636363,-5.799473756990514e-05,0.005821282710140199
3210,1.6532323232323232,0.06959595959595959,-1.7290036103399854e-05,0.006398041373019621
3211,1.6532323232323232,0.07555555555555554,3.0200742764347477e-06,0.0069430381345375655
3212,1.6532323232323232,0.0815151515151515,-8.288794443234237e-05,0.007547572085487953
3213,1.6532323232323232,0.08747474747474746,-4.0569727029602764e-05,0.00809038611924074
3214,1.6532323232323232,0.09343434343434343,-0.0001017398321326521,0.008633721520495635
3215,1.6532323232323232,0.09939393939393938,-9.228829957405024e-05,0.009068409420245232
3216,1.6532323232323232,0.10535353535353534,-8.313444982139321e-05,0.00970304176993601
3217,1.6532323232323232,0.1113131313131313,-0.00018387087729880943,0.010164940566434601
3218,1.6532323232323232,0.11727272727272725,-0.00011363374148174539,0.010712869904982294
3219,1.6532323232323232,0.12323232323232322,-4.7814236631652187e-05,0.01148126923047447
3220,1.6532323232323232,0.1291919191919192,3.55085671231153e-05,0.011920023001092918
3221,1.6532323232323232,0.13515151515151513,4.6113462488401767e-05,0.012448048572736172
3222,1.6532323232323232,0.1411111111111111,-6.256915249509443e-07,0.013167828423100783
3223,1.6532323232323232,0.14707070707070707,5.2618190695449527e-05,0.013647187887964114
3224,1.6532323232323232,0.15303030303030302,8.610324732519003e-05,0.014097042087329746
3225,1.6532323232323232,0.158989898989899,-0.00017786632295093376,0.01470022216008771
3226,1.6532323232323232,0.16494949494949493,-8.215064513069679e-05,0.015320110519939763
3227,1.6532323232323232,0.1709090909090909,8.21430957139575e-05,0.015960142895278643
3228,1.6532323232323232,0.17686868686868687,-3.713873954453241e-05,0.016246388665090632
3229,1.6532323232323232,0.1828282828282828,-0.0001378035978664779,0.016866966186071926
3230,1.6532323232323232,0.18878787878787878,8.839439437786769e-05,0.017446303354054612
3231,1.6532323232323232,0.19474747474747472,2.261861704536474e-05,0.01783683236914419
3232,1.6532323232323232,0.2007070707070707,-8.534993195248187e-05,0.01862513153833054
3233,1.6532323232323232,0.20666666666666667,0.0003423686776374104,0.018898921124466367
3234,1.6532323232323232,0.2126262626262626,3.718118243246642e-05,0.01951699924818225
3235,1.6532323232323232,0.21858585858585858,0.00030894482204577944,0.020183535535934105
3236,1.6532323232323232,0.22454545454545452,2.1972582701032827e-05,0.0205995379289046
3237,1.6532323232323232,0.2305050505050505,-2.5172917904482907e-05,0.021536943930680327
3238,1.6532323232323232,0.23646464646464646,-0.0001501967626857493,0.021639724599736943
3239,1.6532323232323232,0.2424242424242424,0.00015633719739373644,0.02237934078735025
3240,1.6532323232323232,0.24838383838383837,-0.00023340532109143028,0.022806521791309736
3241,1.6532323232323232,0.2543434343434343,-0.00015286557498709265,0.023425511144307118
3242,1.6532323232323232,0.26030303030303026,0.0005251634868012269,0.02426547916131791
3243,1.6532323232323232,0.26626262626262626,-0.0003541702781937882,0.024460181998099732
3244,1.6532323232323232,0.2722222222222222,-0.0001458606883226014,0.025195039970727688
3245,1.6532323232323232,0.27818181818181814,0.00014969476139951957,0.025753314657282717
3246,1.6532323232323232,0.28414141414141414,0.00012645101954336676,0.026299049152864573
3247,1.6532323232323232,0.2901010101010101,-0.00040211945605768537,0.0268710537601928
3248,1.6532323232323232,0.296060606060606,-9.955347264852263e-05,0.02742849924260796
3249,1.6532323232323232,0.302020202020202,-0.0001592679341783189,0.027342537532734915
3250,1.6532323232323232,0.30797979797979796,-0.00023358661024317816,0.028429689129019473
3251,1.6532323232323232,0.3139393939393939,-0.00019567253769376148,0.02877546845466265
3252,1.6532323232323232,0.31989898989898985,3.1013833444583926e-05,0.029493561999756494
3253,1.6532323232323232,0.32585858585858585,-0.000407073993244289,0.030529005194787826
3254,1.6532323232323232,0.3318181818181818,0.0002885838333296876,0.03050999781518607
3255,1.6532323232323232,0.33777777777777773,3.0355969741662225e-05,0.031065627657252192
3256,1.6532323232323232,0.34373737373737373,0.00041418843499270024,0.031685373446330975
3257,1.6532323232323232,0.3496969696969697,2.397516164988952e-05,0.03196588735496703
3258,1.6532323232323232,0.3556565656565656,0.00023409467436272507,0.03293247985849687
3259,1.6532323232323232,0.3616161616161616,0.00034616785737933944,0.03358353341432942
3260,1.6532323232323232,0.36757575757575756,-0.0005681151163435636,0.033568950705668725
3261,1.6532323232323232,0.3735353535353535,6.0134794740613363e-05,0.03455210499225591
3262,1.6532323232323232,0.37949494949494944,0.00030382055829158527,0.034625009985844724
3263,1.6532323232323232,0.38545454545454544,-2.568815046446994e-05,0.0355732066456793
3264,1.6532323232323232,0.3914141414141414,-0.0008894878001751321,0.036051745226512506
3265,1.6532323232323232,0.3973737373737373,-0.00013021317138758664,0.03702184847925972
3266,1.6532323232323232,0.4033333333333333,-0.0006512703775667833,0.03721174721259663
3267,1.6532323232323232,0.40929292929292926,-0.0003427316034649838,0.03746766594660971
3268,1.6532323232323232,0.4152525252525252,0.0005510213939629259,0.038613112030509926
3269,1.6532323232323232,0.42121212121212115,-0.00018070672757831358,0.038458465590578715
3270,1.6532323232323232,0.42717171717171715,-0.0004417538225205675,0.03961653247520525
3271,1.6532323232323232,0.4331313131313131,0.00016896192391096303,0.04002151383339924
3272,1.6532323232323232,0.43909090909090903,-0.0005874828431035317,0.04054272096076966
3273,1.6532323232323232,0.44505050505050503,-0.00029453614550380966,0.04105153111310819
3274,1.6532323232323232,0.45101010101010097,-0.0003359093873002722,0.04146081859586549
3275,1.6532323232323232,0.4569696969696969,-9.286586454308023e-05,0.04251767458524371
3276,1.6532323232323232,0.4629292929292929,4.0571261527352354e-05,0.042870530484388214
3277,1.6532323232323232,0.46888888888888886,-0.0007951370246961817,0.042918120370285105
3278,1.6532323232323232,0.4748484848484848,-0.0001555776738304303,0.043930936148879086
3279,1.6532323232323232,0.48080808080808074,0.0006888947538518628,0.04517242742588007
3280,1.6532323232323232,0.48676767676767674,0.00028671708637970024,0.04502177645084231
3281,1.6532323232323232,0.4927272727272727,8.431394753850204e-05,0.045697726983923215
3282,1.6532323232323232,0.4986868686868686,0.00012363026995927974,0.04611166096180011
3283,1.6532323232323232,0.5046464646464646,0.0005185188738671892,0.046724944282895434
3284,1.6532323232323232,0.5106060606060605,0.0005437731955597408,0.04764224113006013
3285,1.6532323232323232,0.5165656565656566,0.00027831863112915523,0.04805256701377017
3286,1.6532323232323232,0.5225252525252525,-0.0003074484412449355,0.04812252453529822
3287,1.6532323232323232,0.5284848484848484,-0.00011597431559187061,0.04925015092515213
3288,1.6532323232323232,0.5344444444444444,-0.0005099042612039083,0.050203288827956355
3289,1.6532323232323232,0.5404040404040403,0.0003014381393027895,0.049980643283073146
3290,1.6532323232323232,0.5463636363636363,-0.0003428473548299953,0.04981353307698236
3291,1.6532323232323232,0.5523232323232323,0.0007132222332678513,0.05201063699081587
3292,1.6532323232323232,0.5582828282828283,-0.0006979036522588136,0.051790972061831766
3293,1.6532323232323232,0.5642424242424242,0.00012896658391513757,0.05316020360561253
3294,1.6532323232323232,0.5702020202020202,-0.0007707240593226681,0.05290158394609922
3295,1.6532323232323232,0.5761616161616161,-0.0014409784998963744,0.05400515658723482
3296,1.6532323232323232,0.582121212121212,0.00027099236325731405,0.05428020064556022
3297,1.6532323232323232,0.588080808080808,-0.00015529839110710764,0.054540055175516806
3298,1.6532323232323232,0.594040404040404,-0.0006835306232107531,0.055265427726383945
3299,1.6532323232323232,0.6,-0.0008686215692098536,0.05506456474763404
3300,1.6733333333333333,0.01,1.5672094966796734e-05,0.0009481504627303098
3301,1.6733333333333333,0.01595959595959596,2.3573321203478748e-05,0.0015211172799645056
3302,1.6733333333333333,0.021919191919191918,-2.3979521043410124e-05,0.0021022715693895994
3303,1.6733333333333333,0.027878787878787878,-2.3030599265973194e-05,0.002656108468014134
3304,1.6733333333333333,0.033838383838383834,3.480162926193886e-05,0.003206075612078579
3305,1.6733333333333333,0.0397979797979798,4.7853006307752054e-05,0.0037626703880246494
3306,1.6733333333333333,0.045757575757575754,-3.663273387338035e-05,0.004404998536594636
3307,1.6733333333333333,0.05171717171717172,1.9278622942825664e-05,0.004871900350474716
3308,1.6733333333333333,0.05767676767676767,-2.9984850582267607e-05,0.005462913469284507
3309,1.6733333333333333,0.06363636363636363,6.654685040779127e-05,0.00605135179060573
3310,1.6733333333333333,0.06959595959595959,0.00010428046170980106,0.0066433226115235585
3311,1.6733333333333333,0.07555555555555554,1.48852026377708e-05,0.007205513412178436
3312,1.6733333333333333,0.0815151515151515,1.273337755398154e-05,0.007783536732817164
3313,1.6733333333333333,0.08747474747474746,-0.00015611497070329103,0.008388006744606278
3314,1.6733333333333333,0.09343434343434343,8.170125250905403e-05,0.008800984844597784
3315,1.6733333333333333,0.09939393939393938,-7.525593607336823e-05,0.009365032598242338
3316,1.6733333333333333,0.10535353535353534,7.563205261642521e-05,0.010032389062395975
3317,1.6733333333333333,0.1113131313131313,9.991638441659458e-05,0.010535867603252808
3318,1.6733333333333333,0.11727272727272725,4.0568263287946636e-05,0.011177396745932704
3319,1.6733333333333333,0.12323232323232322,0.00019290046127507887,0.01193456238919443
3320,1.6733333333333333,0.1291919191919192,8.626148810281654e-05,0.012149667256922214
3321,1.6733333333333333,0.13515151515151513,0.0002768420720639908,0.012866924973451037
3322,1.6733333333333333,0.1411111111111111,2.6496914845525542e-05,0.013531100111020435
3323,1.6733333333333333,0.14707070707070707,6.453496174357108e-05,0.01399777541996917
3324,1.6733333333333333,0.15303030303030302,-0.00010551464045221906,0.0145399247519082
3325,1.6733333333333333,0.158989898989899,-0.00012443120686511812,0.015037581329318796
3326,1.6733333333333333,0.16494949494949493,-5.581082435157575e-05,0.015918349343545506
3327,1.6733333333333333,0.1709090909090909,0.00016450885967616636,0.016249276531127173
3328,1.6733333333333333,0.17686868686868687,0.00016566175802293197,0.01655564419380447
3329,1.6733333333333333,0.1828282828282828,6.17894419151266e-05,0.017583033247550568
3330,1.6733333333333333,0.18878787878787878,0.00013741408247378245,0.018078928840892804
3331,1.6733333333333333,0.19474747474747472,0.00013282765232082056,0.018560243635375322
3332,1.6733333333333333,0.2007070707070707,-2.504647843811374e-05,0.018868312344924573
3333,1.6733333333333333,0.20666666666666667,-0.00014188263221377267,0.01954112550267907
3334,1.6733333333333333,0.2126262626262626,-0.00030814375204895564,0.020302019148290034
3335,1.6733333333333333,0.21858585858585858,-9.222914088493027e-05,0.020623666678452345
3336,1.6733333333333333,0.22454545454545452,0.000125246967665351,0.020934937476137314
3337,1.6733333333333333,0.2305050505050505,7.879356902104724e-05,0.021654033197482773
3338,1.6733333333333333,0.23646464646464646,-7.644588810538675e-05,0.022391219137651932
3339,1.6733333333333333,0.2424242424242424,0.0004004441829535766,0.023341179611542844
3340,1.6733333333333333,0.24838383838383837,-0.0001746846323510497,0.023599516062379998
3341,1.6733333333333333,0.2543434343434343,0.0001468490022488211,0.024097320660499136
3342,1.6733333333333333,0.26030303030303026,5.5169666322899715e-05,0.02475697784750895
3343,1.6733333333333333,0.26626262626262626,-0.00023620803875568476,0.025234146169263096
3344,1.6733333333333333,0.2722222222222222,-0.0005692238840710293,0.025971229202243047
3345,1.6733333333333333,0.27818181818181814,-4.7148967597860955e-05,0.02643767077876552
3346,1.6733333333333333,0.28414141414141414,1.597506149253238e-05,0.026814285712990885
3347,1.6733333333333333,0.2901010101010101,7.85139945700002e-05,0.02754565028099383
3348,1.6733333333333333,0.296060606060606,0.0003862598819833846,0.028077354854038637
3349,1.6733333333333333,0.302020202020202,5.5850360555942215e-05,0.02883389483902169
3350,1.6733333333333333,0.30797979797979796,0.0002855302773031057,0.028888704379172157
3351,1.6733333333333333,0.3139393939393939,-0.00018655914394725626,0.029914694675359874
3352,1.6733333333333333,0.31989898989898985,-0.00036527291440836525,0.03047244069534569
3353,1.6733333333333333,0.32585858585858585,0.0008635304473557208,0.03130732799125044
3354,1.6733333333333333,0.3318181818181818,-0.00012573682041816815,0.031865527409412814
3355,1.6733333333333333,0.33777777777777773,-0.0002179125406847865,0.032232912086574396
3356,1.6733333333333333,0.34373737373737373,1.7617476311718383e-05,0.03296249677780771
3357,1.6733333333333333,0.3496969696969697,-0.00016243213946967198,0.03332527696462635
3358,1.6733333333333333,0.3556565656565656,0.00023706233490387345,0.03378232673757122
3359,1.6733333333333333,0.3616161616161616,-0.00034354174900475107,0.03433683652622659
3360,1.6733333333333333,0.36757575757575756,-0.0003764054893978503,0.034944650006278645
3361,1.6733333333333333,0.3735353535353535,-0.0005278668924023315,0.03562531599494931
3362,1.6733333333333333,0.37949494949494944,0.00017667894277675536,0.03625867591245825
3363,1.6733333333333333,0.38545454545454544,0.0006434581654830941,0.03687694916936332
3364,1.6733333333333333,0.3914141414141414,-0.00020451897714054122,0.0374524037693535
3365,1.6733333333333333,0.3973737373737373,4.592230231991554e-05,0.0378713678026827
3366,1.6733333333333333,0.4033333333333333,0.0004883919478833193,0.03849740801774167
3367,1.6733333333333333,0.40929292929292926,2.7982939409400198e-05,0.0386941990614577
3368,1.6733333333333333,0.4152525252525252,-0.0003897541489853048,0.039498280325045966
3369,1.6733333333333333,0.42121212121212115,-6.95574067388959e-05,0.03979942956933095
3370,1.6733333333333333,0.42717171717171715,-0.0003352309246385434,0.04117458255968152
3371,1.6733333333333333,0.4331313131313131,0.0006451971965814446,0.04146259987935502
3372,1.6733333333333333,0.43909090909090903,-0.0007117973367860199,0.04160205200875025
3373,1.6733333333333333,0.44505050505050503,-2.997379822344306e-05,0.04203082595265469
3374,1.6733333333333333,0.45101010101010097,-0.00020790876011961358,0.0424767680224714
3375,1.6733333333333333,0.4569696969696969,0.00019856625487318005,0.04370875064077684
3376,1.6733333333333333,0.4629292929292929,0.00019674651657108165,0.04399934906455754
3377,1.6733333333333333,0.46888888888888886,-0.0009954993133158541,0.044174140894452374
3378,1.6733333333333333,0.4748484848484848,-1.1657832726845285e-05,0.04537776927500123
3379,1.6733333333333333,0.48080808080808074,-5.4335014546345974e-05,0.04622100565847653
3380,1.6733333333333333,0.48676767676767674,-0.0002676670560058218,0.046492172668254075
3381,1.6733333333333333,0.4927272727272727,0.0005464283213330608,0.046509138177673125
3382,1.6733333333333333,0.4986868686868686,0.0002197317806645164,0.04700812682321237
3383,1.6733333333333333,0.5046464646464646,0.0006303682545742156,0.047616655493954524
3384,1.6733333333333333,0.5106060606060605,2.8296626591586615e-05,0.04831000974681467
3385,1.6733333333333333,0.5165656565656566,0.00025023426899687583,0.04970379041414349
3386,1.6733333333333333,0.5225252525252525,-6.414583768199224e-05,0.04961278502032749
3387,1.6733333333333333,0.5284848484848484,-0.00010756096655349796,0.05062193670661283
3388,1.6733333333333333,0.5344444444444444,0.00011765751422266093,0.05106637254915642
3389,1.6733333333333333,0.5404040404040403,-2.1075630497032083e-05,0.0512308936115112
3390,1.6733333333333333,0.5463636363636363,0.00044194547148337666,0.05208093264477453
3391,1.6733333333333333,0.5523232323232323,-3.36308315844704e-05,0.052131926302954205
3392,1.6733333333333333,0.5582828282828283,0.000347418372043465,0.053207114324509794
3393,1.6733333333333333,0.5642424242424242,0.0005765778794607846,0.05399687577596776
3394,1.6733333333333333,0.5702020202020202,-0.0009418938847501645,0.05389298797282861
3395,1.6733333333333333,0.5761616161616161,0.00015207855599266872,0.055044699283227264
3396,1.6733333333333333,0.582121212121212,0.0006628680074493444,0.05571795732645382
3397,1.6733333333333333,0.588080808080808,3.6272637766993298e-06,0.05596909445965755
3398,1.6733333333333333,0.594040404040404,0.00010570095786275245,0.05745118874412822
3399,1.6733333333333333,0.6,0.0004826646260272531,0.058251047380369396
3400,1.6934343434343435,0.01,-1.033843368206252e-05,0.0009883558318523242
3401,1.6934343434343435,0.01595959595959596,1.5104435327038779e-05,0.0015572299155082426
3402,1.6934343434343435,0.021919191919191918,-4.276722196464011e-06,0.0021391964804256406
3403,1.6934343434343435,0.027878787878787878,-4.6300174894933775e-05,0.0027359121038717177
3404,1.6934343434343435,0.033838383838383834,1.671623255401421e-05,0.00333483754144586
3405,1.6934343434343435,0.0397979797979798,3.702871102148259e-05,0.00389851521548727
3406,1.6934343434343435,0.045757575757575754,2.6509859906867937e-05,0.004475963655570971
3407,1.6934343434343435,0.05171717171717172,6.325235345697961e-05,0.00506949690673012
3408,1.6934343434343435,0.05767676767676767,1.2286798073101546e-05,0.005585532567605839
3409,1.6934343434343435,0.06363636363636363,-0.00011705044488328777,0.0062170311481181345
3410,1.6934343434343435,0.06959595959595959,-6.793133731940273e-05,0.006895831587933985
3411,1.6934343434343435,0.07555555555555554,1.0897752747413314e-05,0.007458342820925146
3412,1.6934343434343435,0.0815151515151515,-2.8822867648068805e-05,0.0078915767344461
3413,1.6934343434343435,0.08747474747474746,0.00017829727898995227,0.008534926064330881
3414,1.6934343434343435,0.09343434343434343,-1.9883816008089593e-05,0.009197199055036298
3415,1.6934343434343435,0.09939393939393938,7.594215003874242e-05,0.009744461647417293
3416,1.6934343434343435,0.10535353535353534,-0.00015908866338639222,0.010373441659140866
3417,1.6934343434343435,0.1113131313131313,7.892413809144631e-05,0.010996599406691052
3418,1.6934343434343435,0.11727272727272725,-3.1797806484583645e-05,0.01139239077478669
3419,1.6934343434343435,0.12323232323232322,-5.4930879695530285e-05,0.012067729996881056
3420,1.6934343434343435,0.1291919191919192,-9.57115864009267e-06,0.012563783905074804
3421,1.6934343434343435,0.13515151515151513,-1.1815671928615168e-05,0.013274136826579954
3422,1.6934343434343435,0.1411111111111111,0.00014549443770778034,0.013784425118212795
3423,1.6934343434343435,0.14707070707070707,7.96487634321418e-05,0.014392003375040756
3424,1.6934343434343435,0.15303030303030302,1.3318077471284494e-05,0.01485126031854338
3425,1.6934343434343435,0.158989898989899,-0.0001454257313444822,0.01559560018702563
3426,1.6934343434343435,0.16494949494949493,-6.184382270105836e-05,0.016018023473259767
3427,1.6934343434343435,0.1709090909090909,-0.00013529229926184175,0.016711117464175737
3428,1.6934343434343435,0.17686868686868687,0.0003082781002173012,0.017147493692787546
3429,1.6934343434343435,0.1828282828282828,0.00019196386194143234,0.017929113525876957
3430,1.6934343434343435,0.18878787878787878,-7.477527363966231e-05,0.018449803228930348
3431,1.6934343434343435,0.19474747474747472,0.0002245040937088591,0.019032857163374474
3432,1.6934343434343435,0.2007070707070707,-0.000254408410448506,0.01966257661524275
3433,1.6934343434343435,0.20666666666666667,0.00010362494497531251,0.02001781174081693
3434,1.6934343434343435,0.2126262626262626,1.0755021154758903e-06,0.02068493035371346
3435,1.6934343434343435,0.21858585858585858,-0.00018872713166684027,0.02101171296233324
3436,1.6934343434343435,0.22454545454545452,-9.486977023024324e-06,0.02180121015240168
3437,1.6934343434343435,0.2305050505050505,-0.00027727854439619045,0.022607763031313385
3438,1.6934343434343435,0.23646464646464646,-0.0003185028876730855,0.023173067754220882
3439,1.6934343434343435,0.2424242424242424,-0.00017355493899515317,0.02386790303138104
3440,1.6934343434343435,0.24838383838383837,-0.00038763102285610323,0.023910864353700243
3441,1.6934343434343435,0.2543434343434343,0.00029378537358037916,0.024617248089915486
3442,1.6934343434343435,0.26030303030303026,0.00035040629092407004,0.025479825556071915
3443,1.6934343434343435,0.26626262626262626,0.0003237275394558496,0.02617274031916036
3444,1.6934343434343435,0.2722222222222222,0.00018195528475526735,0.026752796415854454
3445,1.6934343434343435,0.27818181818181814,0.0004746134806795052,0.027392448537436723
3446,1.6934343434343435,0.28414141414141414,0.00021789774813719257,0.027979614410479213
3447,1.6934343434343435,0.2901010101010101,0.0004099845075563465,0.0284064387134946
3448,1.6934343434343435,0.296060606060606,0.0005603133139705478,0.029241831894310812
3449,1.6934343434343435,0.302020202020202,0.000235736197356613,0.029832050931304636
3450,1.6934343434343435,0.30797979797979796,0.0004177545582216082,0.03011819723865848
3451,1.6934343434343435,0.3139393939393939,-0.00022835906289261554,0.030406177157110297
3452,1.6934343434343435,0.31989898989898985,-2.0720940931496545e-05,0.031191180321641292
3453,1.6934343434343435,0.32585858585858585,-0.0003053749216341035,0.03245575367844741
3454,1.6934343434343435,0.3318181818181818,2.081129704776905e-05,0.0327074351145496
3455,1.6934343434343435,0.33777777777777773,0.00035618448451386116,0.033140007480635385
3456,1.6934343434343435,0.34373737373737373,0.00019628572031691528,0.03387501503197751
3457,1.6934343434343435,0.3496969696969697,0.00013178641424315058,0.0344895590180129
3458,1.6934343434343435,0.3556565656565656,0.00042851627461002194,0.034960413830672395
3459,1.6934343434343435,0.3616161616161616,-0.0005032625860832804,0.03555131039455752
3460,1.6934343434343435,0.36757575757575756,-0.0001993197799280591,0.036160215411509045
3461,1.6934343434343435,0.3735353535353535,0.0003505222390494921,0.03696098156477269
3462,1.6934343434343435,0.37949494949494944,0.00024046050490728193,0.03730079709037175
3463,1.6934343434343435,0.38545454545454544,-0.00035356472824664295,0.03796964913207857
3464,1.6934343434343435,0.3914141414141414,-0.00044066071484112054,0.03853926566345577
3465,1.6934343434343435,0.3973737373737373,4.360083587708234e-05,0.03862008283169202
3466,1.6934343434343435,0.4033333333333333,-0.000202979103596717,0.03966863371706526
3467,1.6934343434343435,0.40929292929292926,-0.0004966077315714866,0.04052268712051691
3468,1.6934343434343435,0.4152525252525252,0.0004061320478609334,0.041080721326343723
3469,1.6934343434343435,0.42121212121212115,0.0004985400541121562,0.04121630782125329
3470,1.6934343434343435,0.42717171717171715,0.0003064625869784716,0.0412611782683804
3471,1.6934343434343435,0.4331313131313131,0.00023494459522612097,0.04246729233062617
3472,1.6934343434343435,0.43909090909090903,0.00016460448588947197,0.04365485220394016
3473,1.6934343434343435,0.44505050505050503,-0.0004067332292373058,0.04388223131864907
3474,1.6934343434343435,0.45101010101010097,-0.000561472854215513,0.04456088948957523
3475,1.6934343434343435,0.4569696969696969,-9.545052584819917e-05,0.04428328272994615
3476,1.6934343434343435,0.4629292929292929,9.639879413761386e-05,0.04582692047338045
3477,1.6934343434343435,0.46888888888888886,-0.0008222948847146211,0.04599708679357048
3478,1.6934343434343435,0.4748484848484848,0.00010976346938217291,0.04707488477208433
3479,1.6934343434343435,0.48080808080808074,-0.0001862260645510842,0.04727518364840898
3480,1.6934343434343435,0.48676767676767674,0.0007764808596306015,0.047694494893983
3481,1.6934343434343435,0.4927272727272727,-0.00042832108600944404,0.047446888756124045
3482,1.6934343434343435,0.4986868686868686,0.00011963458988264821,0.048631176617569924
3483,1.6934343434343435,0.5046464646464646,0.0005805029887106856,0.04926757836727573
3484,1.6934343434343435,0.5106060606060605,-0.000438087394282791,0.0499204178155391
3485,1.6934343434343435,0.5165656565656566,-7.908286507456203e-05,0.05104949521298091
3486,1.6934343434343435,0.5225252525252525,-0.00014805552564672517,0.05115983082942787
3487,1.6934343434343435,0.5284848484848484,-0.0011180664344175308,0.051649419009646126
3488,1.6934343434343435,0.5344444444444444,-0.00045165532901080354,0.052629945220926594
3489,1.6934343434343435,0.5404040404040403,5.094709629545888e-05,0.05306774759977597
3490,1.6934343434343435,0.5463636363636363,-7.644801728861768e-05,0.053541899571832426
3491,1.6934343434343435,0.5523232323232323,0.00011034374444794663,0.05428832287829054
3492,1.6934343434343435,0.5582828282828283,-0.00025865962867499954,0.05563378946538163
3493,1.6934343434343435,0.5642424242424242,-0.0013809275053370325,0.05510603919634798
3494,1.6934343434343435,0.5702020202020202,6.414982295174054e-05,0.05589977514150123
3495,1.6934343434343435,0.5761616161616161,0.001448070721931764,0.05692539371831511
3496,1.6934343434343435,0.582121212121212,-5.960360586874085e-05,0.057410244852917465
3497,1.6934343434343435,0.588080808080808,0.0007944198903613897,0.05852476740140688
3498,1.6934343434343435,0.594040404040404,0.0008703563086015628,0.0589283818739519
3499,1.6934343434343435,0.6,9.624398371267202e-05,0.059068872618497935
3500,1.7135353535353537,0.01,-1.6998172056123528e-06,0.0010119464365303985
3501,1.7135353535353537,0.01595959595959596,-8.397334187939075e-06,0.0016102858409004514
3502,1.7135353535353537,0.021919191919191918,-1.0015922966923251e-05,0.0022181446855323137
3503,1.7135353535353537,0.027878787878787878,-3.8688285372459665e-05,0.002780646441517302
3504,1.7135353535353537,0.033838383838383834,1.0852991061002027e-05,0.003397661921293831
3505,1.7135353535353537,0.0397979797979798,8.104544403519187e-06,0.0039881725045613926
3506,1.7135353535353537,0.045757575757575754,2.570551904310976e-05,0.004596844869071119
3507,1.7135353535353537,0.05171717171717172,4.516947439166249e-05,0.005234575686665119
3508,1.7135353535353537,0.05767676767676767,-7.84405730362969e-05,0.005735878736256939
3509,1.7135353535353537,0.06363636363636363,-0.00013392944763127024,0.006449241979060531
3510,1.7135353535353537,0.06959595959595959,-3.426291307247123e-05,0.006975960920939217
3511,1.7135353535353537,0.07555555555555554,-7.24732174405755e-05,0.007553183884172457
3512,1.7135353535353537,0.0815151515151515,-5.3582566393056774e-05,0.008256076465640241
3513,1.7135353535353537,0.08747474747474746,-1.6122806501831975e-05,0.008800811977106403
3514,1.7135353535353537,0.09343434343434343,0.00016430513750880058,0.009362145196416346
3515,1.7135353535353537,0.09939393939393938,0.00011262481174204768,0.009984787627801386
3516,1.7135353535353537,0.10535353535353534,-5.282344978528264e-05,0.01053008761712666
3517,1.7135353535353537,0.1113131313131313,-6.236183548614764e-05,0.011141765485286316
3518,1.7135353535353537,0.11727272727272725,0.00016027353011946103,0.011846322717943092
3519,1.7135353535353537,0.12323232323232322,-0.0001471839562114556,0.01248193917247417
3520,1.7135353535353537,0.1291919191919192,-0.0001087786182394905,0.012946245812764736
3521,1.7135353535353537,0.13515151515151513,4.8749203076794425e-05,0.01350702354716651
3522,1.7135353535353537,0.1411111111111111,-0.00016152592748570828,0.014178735515709294
3523,1.7135353535353537,0.14707070707070707,0.00013587721730758912,0.014878858140562952
3524,1.7135353535353537,0.15303030303030302,-0.00039856341427142803,0.015367631427672362
3525,1.7135353535353537,0.158989898989899,-0.00013984797310325484,0.016043068224358123
3526,1.7135353535353537,0.16494949494949493,4.2586645115470834e-06,0.0166175621266992
3527,1.7135353535353537,0.1709090909090909,0.00014301167186884562,0.01733945949291122
3528,1.7135353535353537,0.17686868686868687,-0.00019824019380841064,0.017778339794991087
3529,1.7135353535353537,0.1828282828282828,0.00035455079983169076,0.01866020343604853
3530,1.7135353535353537,0.18878787878787878,-5.8364879640542574e-05,0.01899518642277393
3531,1.7135353535353537,0.19474747474747472,9.284497524625091e-05,0.019802111364452906
3532,1.7135353535353537,0.2007070707070707,-0.00018449981840626842,0.019961671142949226
3533,1.7135353535353537,0.20666666666666667,-0.00031898108900558846,0.02089681616590763
3534,1.7135353535353537,0.2126262626262626,0.00014616081432838068,0.021222489714015753
3535,1.7135353535353537,0.21858585858585858,8.056788026830461e-05,0.021950150596990604
3536,1.7135353535353537,0.22454545454545452,-3.914224569305085e-05,0.022632687118211446
3537,1.7135353535353537,0.2305050505050505,0.0003640682734061364,0.023077485896341315
3538,1.7135353535353537,0.23646464646464646,-0.0003607287406684353,0.02381622793037746
3539,1.7135353535353537,0.2424242424242424,0.00041266034632922254,0.02426959994779557
3540,1.7135353535353537,0.24838383838383837,0.0003452466851875631,0.02504957895026259
3541,1.7135353535353537,0.2543434343434343,-8.304379208275314e-06,0.02563157038516678
3542,1.7135353535353537,0.26030303030303026,-3.1807284662830846e-05,0.02642344651990208
3543,1.7135353535353537,0.26626262626262626,-0.0005403663810245357,0.026846938725848698
3544,1.7135353535353537,0.2722222222222222,-0.0004695271388451212,0.02752493094664438
3545,1.7135353535353537,0.27818181818181814,2.0916408402662347e-05,0.028000906347101326
3546,1.7135353535353537,0.28414141414141414,-0.00016934619828885795,0.02882574292758447
3547,1.7135353535353537,0.2901010101010101,0.00027887101907761414,0.029130752002068508
3548,1.7135353535353537,0.296060606060606,-0.00011239180783798912,0.02971951702168611
3549,1.7135353535353537,0.302020202020202,-6.479292292279565e-05,0.03047408969379627
3550,1.7135353535353537,0.30797979797979796,9.597878215205591e-05,0.030837608604160262
3551,1.7135353535353537,0.3139393939393939,-7.578718301237768e-05,0.031553592436127806
3552,1.7135353535353537,0.31989898989898985,0.0003650234788632921,0.032697279316552655
3553,1.7135353535353537,0.32585858585858585,-9.355559359380953e-05,0.0326695305491714
3554,1.7135353535353537,0.3318181818181818,-0.0005219444911572182,0.03338169652212039
3555,1.7135353535353537,0.33777777777777773,-0.0007327944815137782,0.03460619770415155
3556,1.7135353535353537,0.34373737373737373,0.0002498675644025611,0.03523710506157194
3557,1.7135353535353537,0.3496969696969697,0.00018620494489172122,0.03520473853408918
3558,1.7135353535353537,0.3556565656565656,0.0001654757421232516,0.035749469660991226
3559,1.7135353535353537,0.3616161616161616,0.0001587307064611303,0.03608385789400838
3560,1.7135353535353537,0.36757575757575756,-0.0002375834708174808,0.037004012907555776
3561,1.7135353535353537,0.3735353535353535,-7.957058244596864e-05,0.037647078412550244
3562,1.7135353535353537,0.37949494949494944,-0.00020010596640483746,0.037834019102127935
3563,1.7135353535353537,0.38545454545454544,-0.00033052965362445673,0.03856745375376278
3564,1.7135353535353537,0.3914141414141414,0.0004787803102491708,0.04009135886023346
3565,1.7135353535353537,0.3973737373737373,1.2282968012742313e-05,0.040102710043438045
3566,1.7135353535353537,0.4033333333333333,-9.371349207827802e-05,0.040395512390365346
3567,1.7135353535353537,0.40929292929292926,0.0002638347254512797,0.04124872613748406
3568,1.7135353535353537,0.4152525252525252,-0.00016980271109887744,0.04213617366787879
3569,1.7135353535353537,0.42121212121212115,0.00016511357139912492,0.042012175686525016
3570,1.7135353535353537,0.42717171717171715,-0.0002086800590268897,0.04332418941010268
3571,1.7135353535353537,0.4331313131313131,-0.0006424780774248695,0.043385177050172224
3572,1.7135353535353537,0.43909090909090903,0.00047259294629241387,0.04441371273977388
3573,1.7135353535353537,0.44505050505050503,0.0003587567870767259,0.044620922090536586
3574,1.7135353535353537,0.45101010101010097,4.2855457673966876e-05,0.04613150865225366
3575,1.7135353535353537,0.4569696969696969,0.00024107974319114098,0.04616496869154891
3576,1.7135353535353537,0.4629292929292929,0.0003217319831761577,0.04672775854988941
3577,1.7135353535353537,0.46888888888888886,0.000815121227758009,0.04748463742201045
3578,1.7135353535353537,0.4748484848484848,-0.0008883477122414746,0.04811250531149952
3579,1.7135353535353537,0.48080808080808074,0.00040401144084661704,0.04915952351339687
3580,1.7135353535353537,0.48676767676767674,0.0001943447088766048,0.04916435747137722
3581,1.7135353535353537,0.4927272727272727,-4.379001628369665e-05,0.04944297142740584
3582,1.7135353535353537,0.4986868686868686,-0.0003573214031504789,0.05049831768005444
3583,1.7135353535353537,0.5046464646464646,-0.0005805914774161134,0.051678722887607206
3584,1.7135353535353537,0.5106060606060605,-0.0005586908981936798,0.05159367088291706
3585,1.7135353535353537,0.5165656565656566,3.142943403530074e-06,0.05252221270878859
3586,1.7135353535353537,0.5225252525252525,0.00026076239750208045,0.05269626798003024
3587,1.7135353535353537,0.5284848484848484,-0.00019349596235151894,0.054072695123806754
3588,1.7135353535353537,0.5344444444444444,-0.0007907941911317797,0.05385105646036258
3589,1.7135353535353537,0.5404040404040403,0.0010867416381160626,0.05485580443612422
3590,1.7135353535353537,0.5463636363636363,0.0006340508103827735,0.054981539547501124
3591,1.7135353535353537,0.5523232323232323,0.0011513085220818087,0.055619842554223815
3592,1.7135353535353537,0.5582828282828283,-0.0003844741357777722,0.05665969812608048
3593,1.7135353535353537,0.5642424242424242,-0.0014077520468789232,0.05704737364893547
3594,1.7135353535353537,0.5702020202020202,0.0001358303684520988,0.058356021990036915
3595,1.7135353535353537,0.5761616161616161,-0.000643960816714776,0.058643918505742784
3596,1.7135353535353537,0.582121212121212,-0.0002553639618303912,0.05874571234263227
3597,1.7135353535353537,0.588080808080808,-0.00013502874195538475,0.059462148652078536
3598,1.7135353535353537,0.594040404040404,-8.675662179251931e-05,0.059694505357563314
3599,1.7135353535353537,0.6,-0.00027690036580028764,0.060952709022049835
3600,1.7336363636363636,0.01,3.7905196743094783e-06,0.0010294227278901968
3601,1.7336363636363636,0.01595959595959596,1.496047771198774e-05,0.001662114426093576
3602,1.7336363636363636,0.021919191919191918,7.685124847237224e-06,0.0022537136774675726
3603,1.7336363636363636,0.027878787878787878,-2.6191303341604667e-05,0.002887027549108925
3604,1.7336363636363636,0.033838383838383834,-2.9485719836451917e-05,0.003470358819010678
3605,1.7336363636363636,0.0397979797979798,-6.381648250956862e-05,0.004123381972002155
3606,1.7336363636363636,0.045757575757575754,5.528366668681339e-05,0.004732393862336607
3607,1.7336363636363636,0.05171717171717172,-2.8397121902381882e-05,0.005364994604678179
3608,1.7336363636363636,0.05767676767676767,4.782684033776121e-05,0.005985459563616316
3609,1.7336363636363636,0.06363636363636363,6.636227412253804e-05,0.006578449471668776
3610,1.7336363636363636,0.06959595959595959,-1.851871500538299e-05,0.007260273170660498
3611,1.7336363636363636,0.07555555555555554,1.7847218460468984e-05,0.00790610434344817
3612,1.7336363636363636,0.0815151515151515,-1.4981314312634163e-06,0.00840563769969965
3613,1.7336363636363636,0.08747474747474746,0.00012386017503403438,0.009022206494127216
3614,1.7336363636363636,0.09343434343434343,9.887984788294104e-05,0.009715304253025366
3615,1.7336363636363636,0.09939393939393938,-2.9837602634365078e-05,0.01026803283666434
3616,1.7336363636363636,0.10535353535353534,-5.567984082697677e-05,0.0109319768455615
3617,1.7336363636363636,0.1113131313131313,3.7471039852249534e-06,0.011522824954308264
3618,1.7336363636363636,0.11727272727272725,-5.997799937949944e-06,0.012261745457457647
3619,1.7336363636363636,0.12323232323232322,-0.0003357104718995105,0.012798073411204645
3620,1.7336363636363636,0.1291919191919192,6.132227259207641e-05,0.013317560363512658
3621,1.7336363636363636,0.13515151515151513,0.0001638898520919346,0.013830915166970359
3622,1.7336363636363636,0.1411111111111111,0.00016557239647113894,0.014581370258203528
3623,1.7336363636363636,0.14707070707070707,-0.00021937232335438202,0.01526248413074754
3624,1.7336363636363636,0.15303030303030302,9.450976988204851e-07,0.015806204380197898
3625,1.7336363636363636,0.158989898989899,-0.00012623510885334662,0.016495421594790238
3626,1.7336363636363636,0.16494949494949493,-0.00016634282946864485,0.016968531955838313
3627,1.7336363636363636,0.1709090909090909,0.0003536163546239471,0.017737708807256232
3628,1.7336363636363636,0.17686868686868687,-7.210466649128766e-05,0.01822798033592637
3629,1.7336363636363636,0.1828282828282828,-0.0001313974362087336,0.019002319738491043
3630,1.7336363636363636,0.18878787878787878,-0.00013425971304350504,0.019379611489698474
3631,1.7336363636363636,0.19474747474747472,-0.0001240736388743533,0.020213437063363524
3632,1.7336363636363636,0.2007070707070707,0.0002281757042323235,0.020909214869223362
3633,1.7336363636363636,0.20666666666666667,0.00019475682728899865,0.021372050930990937
3634,1.7336363636363636,0.2126262626262626,-0.0005749582636088057,0.02193976676731887
3635,1.7336363636363636,0.21858585858585858,0.00012739349874850463,0.02240666232180343
3636,1.7336363636363636,0.22454545454545452,-0.0004333399195531556,0.023169780162919384
3637,1.7336363636363636,0.2305050505050505,1.5384550078890702e-05,0.023995562754253123
3638,1.7336363636363636,0.23646464646464646,8.215484689154496e-05,0.024377210772976738
3639,1.7336363636363636,0.2424242424242424,7.304392682462533e-05,0.02536306464983913
3640,1.7336363636363636,0.24838383838383837,-0.00025808600324371295,0.025541446369185466
3641,1.7336363636363636,0.2543434343434343,2.157529605261921e-06,0.026079784517079065
3642,1.7336363636363636,0.26030303030303026,-0.0002848363273276942,0.02701515648011043
3643,1.7336363636363636,0.26626262626262626,-0.0002686185698548232,0.02789571401938369
3644,1.7336363636363636,0.2722222222222222,-0.00041388153314759004,0.0281110545524506
3645,1.7336363636363636,0.27818181818181814,-0.00037678761620713866,0.028751578205914785
3646,1.7336363636363636,0.28414141414141414,0.00022634780929589788,0.02949752264113834
3647,1.7336363636363636,0.2901010101010101,-0.00025824539538576,0.029776392607313924
3648,1.7336363636363636,0.296060606060606,0.0001272131721866569,0.031063541106772015
3649,1.7336363636363636,0.302020202020202,-0.00013701517419223856,0.030962934533807444
3650,1.7336363636363636,0.30797979797979796,-9.143923261830989e-05,0.03186985256681675
3651,1.7336363636363636,0.3139393939393939,-0.00034331667356021496,0.03240482366711623
3652,1.7336363636363636,0.31989898989898985,9.17125672789538e-05,0.03312982008400248
3653,1.7336363636363636,0.32585858585858585,6.72849393997722e-05,0.03322257487799395
3654,1.7336363636363636,0.3318181818181818,-0.00042833440171508117,0.034431963054997836
3655,1.7336363636363636,0.33777777777777773,0.00016105497551339355,0.034969712905901985
3656,1.7336363636363636,0.34373737373737373,-0.0002834432472236532,0.03517970650128103
3657,1.7336363636363636,0.3496969696969697,0.00017860907896367274,0.03664828086455294
3658,1.7336363636363636,0.3556565656565656,-6.590771846027823e-05,0.036541287635557335
3659,1.7336363636363636,0.3616161616161616,0.0001160624237205648,0.0376248616145837
3660,1.7336363636363636,0.36757575757575756,0.00018819589098901366,0.03806654735790746
3661,1.7336363636363636,0.3735353535353535,3.4821706302205955e-05,0.038926410743509686
3662,1.7336363636363636,0.37949494949494944,0.00020370968042495452,0.039804653581140784
3663,1.7336363636363636,0.38545454545454544,0.0004733349065584095,0.04010870185944268
3664,1.7336363636363636,0.3914141414141414,-4.701092586014428e-05,0.040580470133347146
3665,1.7336363636363636,0.3973737373737373,-2.5046117241617782e-05,0.04143761625277702
3666,1.7336363636363636,0.4033333333333333,1.9990770308969098e-05,0.042262928690629295
3667,1.7336363636363636,0.40929292929292926,-0.0005043115474716016,0.041905238990420916
3668,1.7336363636363636,0.4152525252525252,-0.0006134092561392447,0.04357983899065528
3669,1.7336363636363636,0.42121212121212115,1.697761079547584e-05,0.043736815155134064
3670,1.7336363636363636,0.42717171717171715,-0.00023838792797598333,0.043634909939731
3671,1.7336363636363636,0.4331313131313131,0.00025532923921809135,0.04438639647799909
3672,1.7336363636363636,0.43909090909090903,-0.0006987353531279446,0.045210153153472536
3673,1.7336363636363636,0.44505050505050503,-0.00013755625810704935,0.04626799104301764
3674,1.7336363636363636,0.45101010101010097,0.00027793670038934293,0.04683952227019004
3675,1.7336363636363636,0.4569696969696969,0.0001541011606806639,0.04705393858805265
3676,1.7336363636363636,0.4629292929292929,-0.0002892227443022297,0.04780730171956368
3677,1.7336363636363636,0.46888888888888886,0.0002933578527329306,0.04919491118476135
3678,1.7336363636363636,0.4748484848484848,0.0006555957563177719,0.049163007129236276
3679,1.7336363636363636,0.48080808080808074,-0.0007900918397142979,0.049679090443818075
3680,1.7336363636363636,0.48676767676767674,-0.000973907555534207,0.050144692123823394
3681,1.7336363636363636,0.4927272727272727,-0.00035523839160784404,0.05131011475997629
3682,1.7336363636363636,0.4986868686868686,-0.0001153497442110603,0.052161476275471574
3683,1.7336363636363636,0.5046464646464646,-0.00013331790898144462,0.05274442283361555
3684,1.7336363636363636,0.5106060606060605,-0.00019845278552818192,0.053529699451833425
3685,1.7336363636363636,0.5165656565656566,-0.0015131822298325472,0.05361530530007598
3686,1.7336363636363636,0.5225252525252525,0.000491898113626715,0.05458776853029026
3687,1.7336363636363636,0.5284848484848484,-0.0010795591615931769,0.054705052143848756
3688,1.7336363636363636,0.5344444444444444,-0.00012754574285909324,0.0557640530706916
3689,1.7336363636363636,0.5404040404040403,-0.0008174319809528057,0.055950339774796465
3690,1.7336363636363636,0.5463636363636363,-0.0006212768540919181,0.05687209104075319
3691,1.7336363636363636,0.5523232323232323,-0.00021788591514456366,0.057851606866847746
3692,1.7336363636363636,0.5582828282828283,-0.0010417264949402307,0.058352695112283026
3693,1.7336363636363636,0.5642424242424242,-5.5954841366343566e-05,0.05911262291876752
3694,1.7336363636363636,0.5702020202020202,-0.00030169489878011644,0.059379137176643185
3695,1.7336363636363636,0.5761616161616161,0.00011873092493792417,0.059845310694955196
3696,1.7336363636363636,0.582121212121212,0.0007885797220583363,0.061781579198734296
3697,1.7336363636363636,0.588080808080808,0.00036587580546416367,0.06157142966438868
3698,1.7336363636363636,0.594040404040404,0.0008321474883078029,0.06275067944138737
3699,1.7336363636363636,0.6,0.0006212337781322408,0.06249126471377744
3700,1.7537373737373738,0.01,-9.501379055018443e-06,0.00106857689197008
3701,1.7537373737373738,0.01595959595959596,2.790998365278594e-05,0.0016998540117711073
3702,1.7537373737373738,0.021919191919191918,1.4508887469939424e-05,0.002322479680427574
3703,1.7537373737373738,0.027878787878787878,4.37145150220405e-05,0.0029636109650917376
3704,1.7537373737373738,0.033838383838383834,3.5287705619558405e-05,0.0036275883857218275
3705,1.7537373737373738,0.0397979797979798,3.7190333710549253e-05,0.004220431457439622
3706,1.7537373737373738,0.045757575757575754,-2.9487847071993055e-05,0.004880366791090713
3707,1.7537373737373738,0.05171717171717172,3.451868508485867e-06,0.005504132146457757
3708,1.7537373737373738,0.05767676767676767,-3.4681739765232736e-05,0.006162801378248134
3709,1.7537373737373738,0.06363636363636363,8.038384393151384e-05,0.0067024844691375525
3710,1.7537373737373738,0.06959595959595959,3.7152005824385814e-05,0.007397932950003146
3711,1.7537373737373738,0.07555555555555554,-2.5034265915171326e-05,0.007984506465007986
3712,1.7537373737373738,0.0815151515151515,1.284548706509947e-06,0.00861479327497585
3713,1.7537373737373738,0.08747474747474746,-0.0002717676308864554,0.009312877001334917
3714,1.7537373737373738,0.09343434343434343,-2.308849372233275e-05,0.009902343943874332
3715,1.7537373737373738,0.09939393939393938,-3.081910371702851e-05,0.01046240962868544
3716,1.7537373737373738,0.10535353535353534,2.8627900743980027e-06,0.011131804083160713
3717,1.7537373737373738,0.1113131313131313,0.00017555982190355616,0.011791976089612086
3718,1.7537373737373738,0.11727272727272725,0.00012181051910015315,0.012517003437294201
3719,1.7537373737373738,0.12323232323232322,-2.9980089171914747e-05,0.013042435106067202
3720,1.7537373737373738,0.1291919191919192,-9.700054791034119e-05,0.01363121575043194
3721,1.7537373737373738,0.13515151515151513,-0.0001901000200864442,0.014471336467037984
3722,1.7537373737373738,0.1411111111111111,0.0002177795371793052,0.015102953197817423
3723,1.7537373737373738,0.14707070707070707,0.0001517544870261914,0.01567565024946475
3724,1.7537373737373738,0.15303030303030302,-0.0001330241014509781,0.016306366905741842
3725,1.7537373737373738,0.158989898989899,0.0001907669002534998,0.017016620511592594
3726,1.7537373737373738,0.16494949494949493,0.00011775854216194025,0.017500655275383973
3727,1.7537373737373738,0.1709090909090909,0.00014794098294553695,0.017886463729033727
3728,1.7537373737373738,0.17686868686868687,0.0003177840871841606,0.01869524861386063
3729,1.7537373737373738,0.1828282828282828,5.8071286833331657e-05,0.019339814599599825
3730,1.7537373737373738,0.18878787878787878,0.00043001818199816697,0.02016708761262006
3731,1.7537373737373738,0.19474747474747472,0.00039783014671838896,0.02066855410236304
3732,1.7537373737373738,0.2007070707070707,0.00024816174333720396,0.02152098740746172
3733,1.7537373737373738,0.20666666666666667,0.0001163873850779372,0.021916391321651626
3734,1.7537373737373738,0.2126262626262626,3.0452165790044727e-05,0.022652406429885
3735,1.7537373737373738,0.21858585858585858,-0.0006767613470278118,0.022967170278972358
3736,1.7537373737373738,0.22454545454545452,-0.00014466096116107287,0.024036418090453815
3737,1.7537373737373738,0.2305050505050505,0.00039630970122695656,0.024575747915737547
3738,1.7537373737373738,0.23646464646464646,-0.00020558236038295874,0.02484818705377487
3739,1.7537373737373738,0.2424242424242424,-0.00040413162406675304,0.025346466714148905
3740,1.7537373737373738,0.24838383838383837,0.00024002925208670286,0.026180881156812545
3741,1.7537373737373738,0.2543434343434343,-0.00014940529688108257,0.02683294938186212
3742,1.7537373737373738,0.26030303030303026,-0.00013966389673091556,0.027962586224503934
3743,1.7537373737373738,0.26626262626262626,4.004879208250623e-05,0.028319281107057268
3744,1.7537373737373738,0.2722222222222222,5.7446737782821014e-05,0.028887255590372612
3745,1.7537373737373738,0.27818181818181814,-0.00010572377790946088,0.029680062934193747
3746,1.7537373737373738,0.28414141414141414,0.0001679402210911936,0.030476994686794726
3747,1.7537373737373738,0.2901010101010101,-0.00016436356301204063,0.03120390880504895
3748,1.7537373737373738,0.296060606060606,-0.0003045523364313313,0.03127052015024175
3749,1.7537373737373738,0.302020202020202,0.0006458819577071303,0.03255049374765765
3750,1.7537373737373738,0.30797979797979796,7.2309919125195245e-06,0.032672981005906016
3751,1.7537373737373738,0.3139393939393939,9.5294591573147e-05,0.033711669697915406
3752,1.7537373737373738,0.31989898989898985,0.00014810213291788143,0.03406696313990301
3753,1.7537373737373738,0.32585858585858585,0.0002630740700975834,0.03486905575393858
3754,1.7537373737373738,0.3318181818181818,-0.00017556621785723542,0.03512262399074393
3755,1.7537373737373738,0.33777777777777773,-0.0006782838566538333,0.03539748049124367
3756,1.7537373737373738,0.34373737373737373,0.00023559452015901208,0.03714861405038074
3757,1.7537373737373738,0.3496969696969697,-0.00021722553323193426,0.03749215126097714
3758,1.7537373737373738,0.3556565656565656,-0.00011734336003280395,0.038203770322058746
3759,1.7537373737373738,0.3616161616161616,0.0008597424896582913,0.038216529150189416
3760,1.7537373737373738,0.36757575757575756,0.0004584196122393139,0.039353378722455194
3761,1.7537373737373738,0.3735353535353535,-0.0004473730860182523,0.03979467698021452
3762,1.7537373737373738,0.37949494949494944,-0.00024809700502199857,0.04012313006566096
3763,1.7537373737373738,0.38545454545454544,-0.0005293592245128455,0.041176734222156355
3764,1.7537373737373738,0.3914141414141414,-0.0006214614538839396,0.04146444074223134
3765,1.7537373737373738,0.3973737373737373,-0.00033772128378105,0.04223994978238224
3766,1.7537373737373738,0.4033333333333333,0.0006456121294027535,0.04353067219315925
3767,1.7537373737373738,0.40929292929292926,0.00017754514779863423,0.04303391149932344
3768,1.7537373737373738,0.4152525252525252,-9.823968958931273e-06,0.044031763619278685
3769,1.7537373737373738,0.42121212121212115,-9.662696697827391e-05,0.0444505040510789
3770,1.7537373737373738,0.42717171717171715,0.0002142607653159674,0.04498274233945574
3771,1.7537373737373738,0.4331313131313131,0.0008479724257310173,0.046461367206211364
3772,1.7537373737373738,0.43909090909090903,0.0004934427633547747,0.04726689711375789
3773,1.7537373737373738,0.44505050505050503,0.0006025143119583148,0.04729913593983981
3774,1.7537373737373738,0.45101010101010097,2.088245300837661e-05,0.04810604716850884
3775,1.7537373737373738,0.4569696969696969,0.0007899018769306407,0.048967425712988
3776,1.7537373737373738,0.4629292929292929,-9.861817549953469e-05,0.04939692258453118
3777,1.7537373737373738,0.46888888888888886,-0.000505166116010162,0.04957905938383152
3778,1.7537373737373738,0.4748484848484848,0.0002972186153102088,0.05080050559921407
3779,1.7537373737373738,0.48080808080808074,5.796306990405693e-05,0.051784485093956244
3780,1.7537373737373738,0.48676767676767674,0.00017490857553198222,0.052237359146404365
3781,1.7537373737373738,0.4927272727272727,-0.0003945890465960413,0.05211527544521222
3782,1.7537373737373738,0.4986868686868686,-0.00024246136246160264,0.05368914278656313
3783,1.7537373737373738,0.5046464646464646,-0.00010695373369307934,0.05453465797073463
3784,1.7537373737373738,0.5106060606060605,4.416908783347884e-07,0.05494029014666087
3785,1.7537373737373738,0.5165656565656566,0.00045407773562067033,0.054806351533035674
3786,1.7537373737373738,0.5225252525252525,0.0008040224361767126,0.05586607962508095
3787,1.7537373737373738,0.5284848484848484,-0.0003186139324282193,0.0562417251912615
3788,1.7537373737373738,0.5344444444444444,-0.0004837680943607154,0.05633473737343223
3789,1.7537373737373738,0.5404040404040403,-0.00041506836267086056,0.057301401397167655
3790,1.7537373737373738,0.5463636363636363,-7.75860963423805e-05,0.058667782718519336
3791,1.7537373737373738,0.5523232323232323,-0.00012479424347532634,0.05916604827352628
3792,1.7537373737373738,0.5582828282828283,-0.0005397976837005393,0.0599308234596357
3793,1.7537373737373738,0.5642424242424242,-0.0002743311425346704,0.06037886991082095
3794,1.7537373737373738,0.5702020202020202,-0.0008815855479998156,0.06047426088606836
3795,1.7537373737373738,0.5761616161616161,-0.0004367087179482721,0.061830312702613216
3796,1.7537373737373738,0.582121212121212,0.0009995946714910764,0.062289359825205615
3797,1.7537373737373738,0.588080808080808,-0.0005047796357006965,0.06273433851163503
3798,1.7537373737373738,0.594040404040404,-0.00010615019332262499,0.06376464829518763
3799,1.7537373737373738,0.6,0.00046255078164698015,0.06369798638042584
3800,1.7738383838383838,0.01,-2.1107596239431813e-06,0.0010855830166152554
3801,1.7738383838383838,0.01595959595959596,2.278762908365817e-06,0.0017365208228364937
3802,1.7738383838383838,0.021919191919191918,2.3952779496876874e-05,0.002400814875448125
3803,1.7738383838383838,0.027878787878787878,-5.649264454754375e-05,0.0030455982455037966
3804,1.7738383838383838,0.033838383838383834,4.569315381934078e-05,0.0036439625083939634
3805,1.7738383838383838,0.0397979797979798,-3.0942753643595314e-05,0.004317464506339136
3806,1.7738383838383838,0.045757575757575754,2.3786698296498366e-05,0.004951950048607528
3807,1.7738383838383838,0.05171717171717172,-1.7361287486378628e-05,0.005636222507335062
3808,1.7738383838383838,0.05767676767676767,-3.585301408552717e-05,0.00633180952933216
3809,1.7738383838383838,0.06363636363636363,-4.235594952442954e-05,0.006941400278607283
3810,1.7738383838383838,0.06959595959595959,8.948903725917109e-05,0.007590425621291947
3811,1.7738383838383838,0.07555555555555554,9.093969157507256e-05,0.00828412964479704
3812,1.7738383838383838,0.0815151515151515,4.170192217246991e-05,0.008917850857714899
3813,1.7738383838383838,0.08747474747474746,-0.0001442753716416259,0.009528061174550843
3814,1.7738383838383838,0.09343434343434343,4.169355412876945e-05,0.010181138101351763
3815,1.7738383838383838,0.09939393939393938,1.870509628233008e-05,0.010980211902756139
3816,1.7738383838383838,0.10535353535353534,6.518328042161654e-05,0.0115610768868443
3817,1.7738383838383838,0.1113131313131313,-5.4943309150142584e-05,0.012074093121628604
3818,1.7738383838383838,0.11727272727272725,-5.1133692761939786e-05,0.01292311847018933
3819,1.7738383838383838,0.12323232323232322,0.00019972341325947993,0.013543813256228271
3820,1.7738383838383838,0.1291919191919192,-0.00016540808530172114,0.014039665504832408
3821,1.7738383838383838,0.13515151515151513,0.00020027423997502018,0.014839704545094552
3822,1.7738383838383838,0.1411111111111111,0.00023368387377336393,0.015479207329603043
3823,1.7738383838383838,0.14707070707070707,1.941882974494047e-06,0.016038126212653714
3824,1.7738383838383838,0.15303030303030302,-0.0002039983369691628,0.016796073184368186
3825,1.7738383838383838,0.158989898989899,-0.0002194681178630078,0.017391741162823427
3826,1.7738383838383838,0.16494949494949493,-0.00017963299802862954,0.018000131640532387
3827,1.7738383838383838,0.1709090909090909,-0.0002468387660093178,0.018429632998226392
3828,1.7738383838383838,0.17686868686868687,-8.776111614351278e-05,0.01937592422632432
3829,1.7738383838383838,0.1828282828282828,0.0002533796819991421,0.019937191516621162
3830,1.7738383838383838,0.18878787878787878,0.0003882215688538069,0.020451814785277057
3831,1.7738383838383838,0.19474747474747472,-0.00011056317548729098,0.021377104883337713
3832,1.7738383838383838,0.2007070707070707,5.9984668398385685e-05,0.022051855367034016
3833,1.7738383838383838,0.20666666666666667,0.000558418402144047,0.022472984599373545
3834,1.7738383838383838,0.2126262626262626,-8.773824218263737e-06,0.02326221084891438
3835,1.7738383838383838,0.21858585858585858,0.00014384774989562426,0.02381953632179716
3836,1.7738383838383838,0.22454545454545452,-0.0002541950436079037,0.024287088008860078
3837,1.7738383838383838,0.2305050505050505,-0.0004536682377945814,0.025285993725495788
3838,1.7738383838383838,0.23646464646464646,-6.430130575784457e-05,0.025851774303995937
3839,1.7738383838383838,0.2424242424242424,0.00024767565349182157,0.026341411484488625
3840,1.7738383838383838,0.24838383838383837,0.000174823040726704,0.026832208199375235
3841,1.7738383838383838,0.2543434343434343,0.00014289321757530283,0.027823696067143154
3842,1.7738383838383838,0.26030303030303026,-0.0006472656992255584,0.0280402133852047
3843,1.7738383838383838,0.26626262626262626,0.0003172504864625175,0.029393760770963607
3844,1.7738383838383838,0.2722222222222222,-7.478006865082493e-05,0.029534268474493426
3845,1.7738383838383838,0.27818181818181814,0.0004510322931319785,0.030523963152560687
3846,1.7738383838383838,0.28414141414141414,0.0005605853759573818,0.031157377616864528
3847,1.7738383838383838,0.2901010101010101,0.0002228290114485226,0.031889878365952876
3848,1.7738383838383838,0.296060606060606,-2.6477823438696092e-05,0.032971358331796194
3849,1.7738383838383838,0.302020202020202,-0.0001971160228305289,0.03304764114584264
3850,1.7738383838383838,0.30797979797979796,-0.00012893607043915507,0.03349242028973753
3851,1.7738383838383838,0.3139393939393939,0.00047321141145938465,0.03450259494712576
3852,1.7738383838383838,0.31989898989898985,-0.00015110174432694397,0.03494488188039471
3853,1.7738383838383838,0.32585858585858585,0.0002501687442835741,0.03542138197941417
3854,1.7738383838383838,0.3318181818181818,-0.00012349171788155524,0.036508427369019124
3855,1.7738383838383838,0.33777777777777773,-0.0002779877757591832,0.03697250837741313
3856,1.7738383838383838,0.34373737373737373,-0.0006485481307487923,0.037874359196451116
3857,1.7738383838383838,0.3496969696969697,-4.420180850305511e-06,0.03832777270178464
3858,1.7738383838383838,0.3556565656565656,0.0010256064030642787,0.03912142607825679
3859,1.7738383838383838,0.3616161616161616,0.00012144085218898301,0.039334121944373135
3860,1.7738383838383838,0.36757575757575756,0.00021549765160142203,0.04025844286999018
3861,1.7738383838383838,0.3735353535353535,-8.473196721975006e-05,0.040994273169856994
3862,1.7738383838383838,0.37949494949494944,0.0009702565987648395,0.04183766568844884
3863,1.7738383838383838,0.38545454545454544,0.0007285241985211661,0.04256864939680572
3864,1.7738383838383838,0.3914141414141414,6.862552825393253e-05,0.04295582795295098
3865,1.7738383838383838,0.3973737373737373,0.0001795600128040653,0.043508599536179415
3866,1.7738383838383838,0.4033333333333333,-8.446330866979648e-05,0.043662302667115974
3867,1.7738383838383838,0.40929292929292926,-0.0006491660185629543,0.0448985160591412
3868,1.7738383838383838,0.4152525252525252,-1.3798600861478549e-05,0.04562479346877566
3869,1.7738383838383838,0.42121212121212115,-0.00030446351710581627,0.045466424790994636
3870,1.7738383838383838,0.42717171717171715,-1.905577653221813e-05,0.04661941090950378
3871,1.7738383838383838,0.4331313131313131,0.0003947378789695588,0.047332735005829386
3872,1.7738383838383838,0.43909090909090903,-0.00034910496607132925,0.048433384043441254
3873,1.7738383838383838,0.44505050505050503,0.0005794550266432951,0.04893359486417853
3874,1.7738383838383838,0.45101010101010097,-0.00035110111718884753,0.049445448760944775
3875,1.7738383838383838,0.4569696969696969,0.0007787299269697944,0.050553333458984356
3876,1.7738383838383838,0.4629292929292929,-0.00035410465419514987,0.050467193180558444
3877,1.7738383838383838,0.46888888888888886,0.0003927586968377393,0.05181811949510894
3878,1.7738383838383838,0.4748484848484848,-0.0013875702087719894,0.051922485824253246
3879,1.7738383838383838,0.48080808080808074,-0.0002500498141240844,0.05220097623491084
3880,1.7738383838383838,0.48676767676767674,-0.0003668744694726726,0.053844726138726595
3881,1.7738383838383838,0.4927272727272727,0.0005044922808008811,0.05363875438174998
3882,1.7738383838383838,0.4986868686868686,-0.00013848041130606678,0.054285178071738015
3883,1.7738383838383838,0.5046464646464646,-0.0002619065965589041,0.054713300176923295
3884,1.7738383838383838,0.5106060606060605,-0.0008167622177332204,0.05563201823203293
3885,1.7738383838383838,0.5165656565656566,0.0009714021473052517,0.05717061913781311
3886,1.7738383838383838,0.5225252525252525,5.77187671399888e-06,0.05762932879080579
3887,1.7738383838383838,0.5284848484848484,0.0005354496936845166,0.05767775431242902
3888,1.7738383838383838,0.5344444444444444,0.00018605705426189215,0.05981982591946181
3889,1.7738383838383838,0.5404040404040403,-0.0003164741575608467,0.05863315659443777
3890,1.7738383838383838,0.5463636363636363,-0.0003363361363404931,0.06037932445223178
3891,1.7738383838383838,0.5523232323232323,-8.16575300660105e-06,0.06046762408983338
3892,1.7738383838383838,0.5582828282828283,-0.00024206448650526457,0.06101812327030714
3893,1.7738383838383838,0.5642424242424242,8.394868838962097e-05,0.06228861683456075
3894,1.7738383838383838,0.5702020202020202,0.001449397256637566,0.06248996251280954
3895,1.7738383838383838,0.5761616161616161,-0.0010402211244534062,0.06384100865211943
3896,1.7738383838383838,0.582121212121212,-0.00019147893244247195,0.06420801899233636
3897,1.7738383838383838,0.588080808080808,-0.0005404999794280499,0.06404027426096508
3898,1.7738383838383838,0.594040404040404,-0.0006679418626247422,0.06508754139652892
3899,1.7738383838383838,0.6,7.933616328528537e-05,0.06599328083347933
3900,1.793939393939394,0.01,8.297773028082334e-06,0.001122301597548662
3901,1.793939393939394,0.01595959595959596,1.9671325170160416e-05,0.0017677240884266317
3902,1.793939393939394,0.021919191919191918,9.992843809674657e-06,0.0024526603245580607
3903,1.793939393939394,0.027878787878787878,6.806340358027902e-05,0.0031167331742081444
3904,1.793939393939394,0.033838383838383834,-4.2066100697687236e-05,0.0038243752338993353
3905,1.793939393939394,0.0397979797979798,-5.386026330230429e-05,0.0044561657418335674
3906,1.793939393939394,0.045757575757575754,-2.18790146228247e-05,0.0051041779608013834
3907,1.793939393939394,0.05171717171717172,-0.00013609015007881516,0.00575063432980115
3908,1.793939393939394,0.05767676767676767,-1.2389975898347938e-05,0.0064346609115302975
3909,1.793939393939394,0.06363636363636363,4.261686002175221e-05,0.007142501966297154
3910,1.793939393939394,0.06959595959595959,-4.301187557022361e-05,0.0077663874860370114
3911,1.793939393939394,0.07555555555555554,-7.308076951731856e-06,0.008491414794886354
3912,1.793939393939394,0.0815151515151515,-3.473412009584827e-05,0.009157348169887707
3913,1.793939393939394,0.08747474747474746,-1.6245071888885864e-05,0.009817406490839556
3914,1.793939393939394,0.09343434343434343,-5.3313755690671005e-05,0.010549328703710363
3915,1.793939393939394,0.09939393939393938,2.0791253529308307e-05,0.011049957698300328
3916,1.793939393939394,0.10535353535353534,-4.566681798198936e-05,0.01160988498417672
3917,1.793939393939394,0.1113131313131313,-9.685215457296622e-05,0.012572597581710069
3918,1.793939393939394,0.11727272727272725,-5.0037134635814584e-05,0.013236610687583066
3919,1.793939393939394,0.12323232323232322,-0.000145294002527999,0.013839990271972483
3920,1.793939393939394,0.1291919191919192,-9.634402300178804e-05,0.01448262187010524
3921,1.793939393939394,0.13515151515151513,-1.3147275759979804e-05,0.015084492976120648
3922,1.793939393939394,0.1411111111111111,-4.132445459458235e-05,0.016001814933167078
3923,1.793939393939394,0.14707070707070707,9.529532782374087e-05,0.016345392125478097
3924,1.793939393939394,0.15303030303030302,5.717196498982632e-05,0.017123981326528995
3925,1.793939393939394,0.158989898989899,0.00015318409912677756,0.017663423645631175
3926,1.793939393939394,0.16494949494949493,5.309202093656005e-05,0.018364667745127947
3927,1.793939393939394,0.1709090909090909,0.00011645472863746953,0.018922601741210635
3928,1.793939393939394,0.17686868686868687,-0.00012632411395075842,0.019878386419592435
3929,1.793939393939394,0.1828282828282828,-3.5259582605729355e-05,0.020593461032649377
3930,1.793939393939394,0.18878787878787878,7.57789981965287e-05,0.020787391706792665
3931,1.793939393939394,0.19474747474747472,0.00014604442036067052,0.021924620001264886
3932,1.793939393939394,0.2007070707070707,6.915729272808215e-05,0.022341099041329786
3933,1.793939393939394,0.20666666666666667,0.0002375056075336282,0.023243889180664837
3934,1.793939393939394,0.2126262626262626,-0.00036379811793252814,0.023844092680507068
3935,1.793939393939394,0.21858585858585858,-3.496579085478336e-05,0.024520297640578267
3936,1.793939393939394,0.22454545454545452,3.69841349504802e-05,0.025101446375682446
3937,1.793939393939394,0.2305050505050505,5.979682340146839e-05,0.025700756667421935
3938,1.793939393939394,0.23646464646464646,-7.632584719844288e-05,0.026425008964286473
3939,1.793939393939394,0.2424242424242424,0.00036041011546511124,0.026964066265998943
3940,1.793939393939394,0.24838383838383837,-0.0001784375802510906,0.027796408170716068
3941,1.793939393939394,0.2543434343434343,0.00014344183184125328,0.028656113133911264
3942,1.793939393939394,0.26030303030303026,-6.489535527575893e-05,0.029111682554605795
3943,1.793939393939394,0.26626262626262626,-0.0005986628221014643,0.029547425481462917
3944,1.793939393939394,0.2722222222222222,-0.00014232826183906052,0.030288130696169067
3945,1.793939393939394,0.27818181818181814,0.0004792791166003346,0.031102313658192438
3946,1.793939393939394,0.28414141414141414,-0.00011834544197614118,0.03153226459547139
3947,1.793939393939394,0.2901010101010101,0.00036950757816095524,0.032330312640110874
3948,1.793939393939394,0.296060606060606,-8.475202637194421e-05,0.03308643694641743
3949,1.793939393939394,0.302020202020202,0.0004815986317522613,0.0337179963123621
3950,1.793939393939394,0.30797979797979796,-5.526956259385458e-05,0.034460242624038476
3951,1.793939393939394,0.3139393939393939,-5.544574273550538e-05,0.03486914512712321
3952,1.793939393939394,0.31989898989898985,-0.00017774992574472005,0.03554756009247442
3953,1.793939393939394,0.32585858585858585,-0.0004766415715310037,0.036557238984434255
3954,1.793939393939394,0.3318181818181818,4.0662843494192283e-05,0.0370983923501047
3955,1.793939393939394,0.33777777777777773,0.0002481125643090418,0.03790024905714055
3956,1.793939393939394,0.34373737373737373,0.0002569923420476911,0.038837877643302716
3957,1.793939393939394,0.3496969696969697,-0.0002958222256875238,0.039339717357879014
3958,1.793939393939394,0.3556565656565656,-0.00038432000343486736,0.04000981756706777
3959,1.793939393939394,0.3616161616161616,0.0009378135719396504,0.04073677585728394
3960,1.793939393939394,0.36757575757575756,-8.673894248550421e-05,0.040932517961330586
3961,1.793939393939394,0.3735353535353535,-0.0003950151154865838,0.04141905688725329
3962,1.793939393939394,0.37949494949494944,-1.3352055335288404e-05,0.04313772025546442
3963,1.793939393939394,0.38545454545454544,-0.0010797323597661005,0.0430692985381411
3964,1.793939393939394,0.3914141414141414,-2.8022736707631257e-05,0.04415499264492671
3965,1.793939393939394,0.3973737373737373,0.00017971074856355744,0.04427734629786809
3966,1.793939393939394,0.4033333333333333,-0.00017371815910097776,0.0454093075682461
3967,1.793939393939394,0.40929292929292926,-5.50911560095634e-05,0.04578318593420964
3968,1.793939393939394,0.4152525252525252,-0.0010289616270311988,0.0464913449054958
3969,1.793939393939394,0.42121212121212115,0.0008232545225981596,0.04711277166475056
3970,1.793939393939394,0.42717171717171715,0.00019675205221667875,0.04798526716533429
3971,1.793939393939394,0.4331313131313131,0.000749365223757696,0.04902232306726849
3972,1.793939393939394,0.43909090909090903,-0.00015322014292050833,0.04963979101321181
3973,1.793939393939394,0.44505050505050503,0.00018844655765607658,0.04999962023206919
3974,1.793939393939394,0.45101010101010097,1.2208401080959996e-05,0.05075307976644334
3975,1.793939393939394,0.4569696969696969,0.0002597763338206746,0.05120939048056288
3976,1.793939393939394,0.4629292929292929,0.0005016674455824504,0.05146675211857258
3977,1.793939393939394,0.46888888888888886,-0.0008841569182803376,0.05243108408032357
3978,1.793939393939394,0.4748484848484848,-7.76812552102825e-05,0.05381135673924042
3979,1.793939393939394,0.48080808080808074,-0.0008377615795384395,0.05400497074581252
3980,1.793939393939394,0.48676767676767674,0.00017964352211846695,0.05512948902326128
3981,1.793939393939394,0.4927272727272727,0.00013727177946288828,0.05569773790459843
3982,1.793939393939394,0.4986868686868686,0.0007114772620590281,0.05666187834053465
3983,1.793939393939394,0.5046464646464646,-0.0004167567811234988,0.056627229509676996
3984,1.793939393939394,0.5106060606060605,0.0006069143675858089,0.05799422583094496
3985,1.793939393939394,0.5165656565656566,-0.0010455250758252778,0.05808681961406998
3986,1.793939393939394,0.5225252525252525,0.00027390376681069067,0.05822458022283773
3987,1.793939393939394,0.5284848484848484,0.00040533717080517564,0.0595315941749172
3988,1.793939393939394,0.5344444444444444,-0.0008123427534373251,0.060390596369791605
3989,1.793939393939394,0.5404040404040403,-0.00036025766392127956,0.06092082764607736
3990,1.793939393939394,0.5463636363636363,-0.00048376656234341196,0.06190797087106685
3991,1.793939393939394,0.5523232323232323,-0.0001307999236494322,0.06247823475239204
3992,1.793939393939394,0.5582828282828283,6.74590703511373e-05,0.06285936277935024
3993,1.793939393939394,0.5642424242424242,-0.0001082130330811041,0.06344041952180629
3994,1.793939393939394,0.5702020202020202,-0.00022824862783518688,0.06544193234688313
3995,1.793939393939394,0.5761616161616161,-0.0007807466884541165,0.06483847373157128
3996,1.793939393939394,0.582121212121212,-0.0005085613163968764,0.06563736597171665
3997,1.793939393939394,0.588080808080808,-0.0001254335463538452,0.06623625384754532
3998,1.793939393939394,0.594040404040404,-0.0002901324834101024,0.06716260807391042
3999,1.793939393939394,0.6,0.001223567438186972,0.06913480747290829
4000,1.8140404040404041,0.01,2.1007718281166874e-06,0.001153539264407699
4001,1.8140404040404041,0.01595959595959596,-1.7939444305838627e-05,0.0018316833941383387
4002,1.8140404040404041,0.021919191919191918,1.7212926913410786e-05,0.002523925489907719
4003,1.8140404040404041,0.027878787878787878,1.4688224841443353e-05,0.003154859822979738
4004,1.8140404040404041,0.033838383838383834,-1.0395901465418666e-05,0.0038282835708819012
4005,1.8140404040404041,0.0397979797979798,-2.3046839352746486e-05,0.004528690162081224
4006,1.8140404040404041,0.045757575757575754,7.72173218693607e-06,0.0052210162997907445
4007,1.8140404040404041,0.05171717171717172,4.8420734699809285e-05,0.005902029123446661
4008,1.8140404040404041,0.05767676767676767,-4.811193430928927e-05,0.00664673402740997
4009,1.8140404040404041,0.06363636363636363,3.0784206913344194e-05,0.0072825556456212965
4010,1.8140404040404041,0.06959595959595959,0.00011833257659794203,0.007986949213432678
4011,1.8140404040404041,0.07555555555555554,-2.849134751668998e-05,0.008692036786519976
4012,1.8140404040404041,0.0815151515151515,-0.000134681389842989,0.009440022887987877
4013,1.8140404040404041,0.08747474747474746,4.203467061085375e-05,0.010022487028932795
4014,1.8140404040404041,0.09343434343434343,-2.980265284311623e-05,0.010827109522548412
4015,1.8140404040404041,0.09939393939393938,-1.7212816711370903e-05,0.011498714231298036
4016,1.8140404040404041,0.10535353535353534,-0.00016041181803566577,0.012199648895905487
4017,1.8140404040404041,0.1113131313131313,9.8033904491532e-05,0.012698191014438226
4018,1.8140404040404041,0.11727272727272725,7.555552678798842e-05,0.01344125280598551
4019,1.8140404040404041,0.12323232323232322,-1.738010769474536e-05,0.014279550155037414
4020,1.8140404040404041,0.1291919191919192,-0.00010524892697348825,0.01497241808853523
4021,1.8140404040404041,0.13515151515151513,7.719098914373328e-05,0.015592187714590715
4022,1.8140404040404041,0.1411111111111111,0.00010046014627615049,0.016288696954120944
4023,1.8140404040404041,0.14707070707070707,-0.00015449712793707437,0.01681395942917192
4024,1.8140404040404041,0.15303030303030302,-0.00016797124934341912,0.01759241408306131
4025,1.8140404040404041,0.158989898989899,-3.2758144197385776e-05,0.01816160114585749
4026,1.8140404040404041,0.16494949494949493,-0.00023259392132864116,0.01872189413003012
4027,1.8140404040404041,0.1709090909090909,-4.9634062185610915e-05,0.019574218091021924
4028,1.8140404040404041,0.17686868686868687,-5.362484750920953e-05,0.02040267647822167
4029,1.8140404040404041,0.1828282828282828,-4.33842463705873e-05,0.02108447485214291
4030,1.8140404040404041,0.18878787878787878,-6.900277354087609e-05,0.02180941963875371
4031,1.8140404040404041,0.19474747474747472,-0.0006193292367619426,0.02226268931722166
4032,1.8140404040404041,0.2007070707070707,-7.821018900657639e-06,0.022955944456226427
4033,1.8140404040404041,0.20666666666666667,-0.00011282777783221678,0.023435038865555508
4034,1.8140404040404041,0.2126262626262626,0.00025403883990453876,0.02446444198867101
4035,1.8140404040404041,0.21858585858585858,-4.5892712819655854e-05,0.025229397243461443
4036,1.8140404040404041,0.22454545454545452,0.00016839337981588653,0.02592272730862175
4037,1.8140404040404041,0.2305050505050505,0.0004184931487866438,0.026709269991680704
4038,1.8140404040404041,0.23646464646464646,0.00019887396648427382,0.02711783000075697
4039,1.8140404040404041,0.2424242424242424,-0.000457536810021112,0.02800847982362012
4040,1.8140404040404041,0.24838383838383837,-0.00046616479310775854,0.02842535250599845
4041,1.8140404040404041,0.2543434343434343,0.000472140114087426,0.029132018427950608
4042,1.8140404040404041,0.26030303030303026,0.0005476644623624021,0.029754500837204708
4043,1.8140404040404041,0.26626262626262626,-0.0004054866237846004,0.03070630255826508
4044,1.8140404040404041,0.2722222222222222,7.502853826371345e-05,0.031073038757355096
4045,1.8140404040404041,0.27818181818181814,0.00016449342497240236,0.03179152418181594
4046,1.8140404040404041,0.28414141414141414,0.0003052755204510249,0.03276831826950996
4047,1.8140404040404041,0.2901010101010101,-0.00035153861618027394,0.033379864491891925
4048,1.8140404040404041,0.296060606060606,0.0001035788362885641,0.03403591276400537
4049,1.8140404040404041,0.302020202020202,0.00013577284324860952,0.03504815077149946
4050,1.8140404040404041,0.30797979797979796,-0.0003037914259804053,0.035243845174478344
4051,1.8140404040404041,0.3139393939393939,-0.0001926934550185522,0.03617410450182673
4052,1.8140404040404041,0.31989898989898985,-0.00019188891194868337,0.03648468205818549
4053,1.8140404040404041,0.32585858585858585,0.0001390752860886163,0.03747627221505607
4054,1.8140404040404041,0.3318181818181818,-8.385974373133876e-05,0.03787950042062563
4055,1.8140404040404041,0.33777777777777773,-0.0004926480632601683,0.03876242106110729
4056,1.8140404040404041,0.34373737373737373,-0.000479234991452652,0.03968824657029014
4057,1.8140404040404041,0.3496969696969697,-0.00038084402311442956,0.040812118047093365
4058,1.8140404040404041,0.3556565656565656,0.00014831968304434214,0.0405019929617827
4059,1.8140404040404041,0.3616161616161616,-0.0005508797694885982,0.04157522293953212
4060,1.8140404040404041,0.36757575757575756,7.961076771187983e-05,0.04238780411585879
4061,1.8140404040404041,0.3735353535353535,0.00015409856068739538,0.04288201329552982
4062,1.8140404040404041,0.37949494949494944,0.000594876883812165,0.04372637992180365
4063,1.8140404040404041,0.38545454545454544,0.0007470906612166517,0.043976683417320125
4064,1.8140404040404041,0.3914141414141414,0.000306446378588172,0.04518991157807944
4065,1.8140404040404041,0.3973737373737373,-1.8524092444884488e-05,0.046154794466909066
4066,1.8140404040404041,0.4033333333333333,-6.433301342731603e-05,0.04650185687792162
4067,1.8140404040404041,0.40929292929292926,-0.0006506169572788467,0.046595311666618865
4068,1.8140404040404041,0.4152525252525252,0.000217966925983737,0.04844387907610494
4069,1.8140404040404041,0.42121212121212115,0.001054341647260177,0.04904097987576055
4070,1.8140404040404041,0.42717171717171715,0.0012454974822170054,0.04984424268134979
4071,1.8140404040404041,0.4331313131313131,-0.0007155650373825757,0.04980083354553
4072,1.8140404040404041,0.43909090909090903,0.00025825394738886854,0.05106987679087138
4073,1.8140404040404041,0.44505050505050503,0.00015923154655663518,0.050723639194262295
4074,1.8140404040404041,0.45101010101010097,0.000608511129017763,0.05213554518774824
4075,1.8140404040404041,0.4569696969696969,-0.0007223144782356432,0.05267220132433453
4076,1.8140404040404041,0.4629292929292929,0.0007278262091908436,0.05378700057946977
4077,1.8140404040404041,0.46888888888888886,0.0003403380915503381,0.05402641005031472
4078,1.8140404040404041,0.4748484848484848,-0.0003068603786468581,0.054989302907291815
4079,1.8140404040404041,0.48080808080808074,-0.0011044063194480278,0.055574124873278036
4080,1.8140404040404041,0.48676767676767674,-0.0003281442531225782,0.05608416341737146
4081,1.8140404040404041,0.4927272727272727,-0.0005076017769802308,0.056688849388897886
4082,1.8140404040404041,0.4986868686868686,0.00047854569319813944,0.05731649445884502
4083,1.8140404040404041,0.5046464646464646,-0.00032820243411322875,0.057845383206254236
4084,1.8140404040404041,0.5106060606060605,9.784096369731566e-05,0.058489570661609744
4085,1.8140404040404041,0.5165656565656566,-9.655159252328576e-05,0.06009446874299384
4086,1.8140404040404041,0.5225252525252525,0.0004384918236384143,0.061348638232973436
4087,1.8140404040404041,0.5284848484848484,-0.0008644951755255551,0.06077493523669988
4088,1.8140404040404041,0.5344444444444444,-0.0012172400058384322,0.06131327174710834
4089,1.8140404040404041,0.5404040404040403,0.00010770746203487289,0.0628020332965958
4090,1.8140404040404041,0.5463636363636363,-0.00018409160091787335,0.06306803884396572
4091,1.8140404040404041,0.5523232323232323,-0.00023045672554897987,0.06349409279773523
4092,1.8140404040404041,0.5582828282828283,0.00038796957891496273,0.06576976271727283
4093,1.8140404040404041,0.5642424242424242,0.0004064245018079414,0.06654927069121148
4094,1.8140404040404041,0.5702020202020202,0.0002369357987003151,0.06556302689726831
4095,1.8140404040404041,0.5761616161616161,0.0004651082006187983,0.06687956827957314
4096,1.8140404040404041,0.582121212121212,-0.0009636774747127106,0.06798150212290949
4097,1.8140404040404041,0.588080808080808,-8.296775074700004e-05,0.06917913602833187
4098,1.8140404040404041,0.594040404040404,0.0007136638993156122,0.06927923197573153
4099,1.8140404040404041,0.6,-0.0012501301770204267,0.06831422665554367
4100,1.8341414141414143,0.01,-1.4634973632510006e-05,0.0011861121667898888
4101,1.8341414141414143,0.01595959595959596,-2.0241919910464333e-05,0.0018782564684104608
4102,1.8341414141414143,0.021919191919191918,-4.160906753946925e-06,0.0025941662735257977
4103,1.8341414141414143,0.027878787878787878,-3.2865606870567053e-06,0.003302422012302241
4104,1.8341414141414143,0.033838383838383834,-5.869227780273939e-05,0.003975559143388086
4105,1.8341414141414143,0.0397979797979798,-2.2512742951392872e-05,0.004724740936495509
4106,1.8341414141414143,0.045757575757575754,-7.324762579195447e-05,0.005366019018967481
4107,1.8341414141414143,0.05171717171717172,-4.768861812252057e-06,0.006085920895481159
4108,1.8341414141414143,0.05767676767676767,5.3584569857964445e-06,0.006704358845138018
4109,1.8341414141414143,0.06363636363636363,3.631964565228142e-05,0.00748962054663475
4110,1.8341414141414143,0.06959595959595959,-3.3327882572980425e-05,0.008170748037688493
4111,1.8341414141414143,0.07555555555555554,4.1864621867244925e-05,0.00882145831140512
4112,1.8341414141414143,0.0815151515151515,6.310615241337022e-05,0.009538884009078149
4113,1.8341414141414143,0.08747474747474746,4.6531719516945847e-05,0.010240438436546496
4114,1.8341414141414143,0.09343434343434343,0.00022855716627533495,0.011000726515902691
4115,1.8341414141414143,0.09939393939393938,-0.0001254403503863945,0.011735469642419278
4116,1.8341414141414143,0.10535353535353534,0.00011730775907642736,0.012655057247726227
4117,1.8341414141414143,0.1113131313131313,4.5125235126768627e-05,0.01293308456938874
4118,1.8341414141414143,0.11727272727272725,1.9290312094895134e-05,0.013886800157770276
4119,1.8341414141414143,0.12323232323232322,-0.00028089735661254424,0.014343268859214366
4120,1.8341414141414143,0.1291919191919192,-4.051955455404686e-05,0.015081149359473075
4121,1.8341414141414143,0.13515151515151513,-0.00019288511739995332,0.01603053856872874
4122,1.8341414141414143,0.1411111111111111,8.377610171701752e-05,0.01666202952999927
4123,1.8341414141414143,0.14707070707070707,-8.525279241371622e-05,0.01719731449302906
4124,1.8341414141414143,0.15303030303030302,0.00011663974010842922,0.018143936970682752
4125,1.8341414141414143,0.158989898989899,5.53951337914973e-05,0.018826136830257554
4126,1.8341414141414143,0.16494949494949493,0.0003304459161500515,0.01935088157030371
4127,1.8341414141414143,0.1709090909090909,0.0002370775626254254,0.02021530200910134
4128,1.8341414141414143,0.17686868686868687,0.00012103174388242837,0.021071665710643922
4129,1.8341414141414143,0.1828282828282828,4.417906422232847e-05,0.021457813290803342
4130,1.8341414141414143,0.18878787878787878,3.802177182788639e-05,0.022236407042883488
4131,1.8341414141414143,0.19474747474747472,0.0004106033111643265,0.02284664420114697
4132,1.8341414141414143,0.2007070707070707,-7.137718650709439e-05,0.023382790026442654
4133,1.8341414141414143,0.20666666666666667,8.153772848723359e-05,0.024357168507309557
4134,1.8341414141414143,0.2126262626262626,-0.0002525475234922442,0.02491926402238932
4135,1.8341414141414143,0.21858585858585858,0.0001749144693995309,0.025892794014094663
4136,1.8341414141414143,0.22454545454545452,-0.0001571276382869321,0.026307945435159786
4137,1.8341414141414143,0.2305050505050505,5.987676859990867e-05,0.027058291981263412
4138,1.8341414141414143,0.23646464646464646,0.0002202379753257199,0.028205168724044653
4139,1.8341414141414143,0.2424242424242424,-0.0002505147290333607,0.028302014185773685
4140,1.8341414141414143,0.24838383838383837,-1.3784168240421124e-05,0.029317467162848356
4141,1.8341414141414143,0.2543434343434343,-3.575400927701848e-05,0.030151005415226376
4142,1.8341414141414143,0.26030303030303026,-1.1823004363181722e-05,0.03089132177543759
4143,1.8341414141414143,0.26626262626262626,4.6759515941388006e-05,0.03118227320523142
4144,1.8341414141414143,0.2722222222222222,-0.0004609785994676738,0.03224598769476645
4145,1.8341414141414143,0.27818181818181814,-4.108085374670933e-06,0.032945182833151725
4146,1.8341414141414143,0.28414141414141414,-6.64828402615549e-05,0.033636985031400904
4147,1.8341414141414143,0.2901010101010101,4.569380744678437e-05,0.03385201043087765
4148,1.8341414141414143,0.296060606060606,-0.00023802012973473267,0.03518548806959585
4149,1.8341414141414143,0.302020202020202,9.571076004723906e-05,0.03558437336098617
4150,1.8341414141414143,0.30797979797979796,-0.0005189170439947248,0.03668137440026338
4151,1.8341414141414143,0.3139393939393939,0.00025314901776269256,0.036707344010743256
4152,1.8341414141414143,0.31989898989898985,-8.979767693763483e-05,0.03774142226295017
4153,1.8341414141414143,0.32585858585858585,-0.0003567848069776248,0.03822712161281532
4154,1.8341414141414143,0.3318181818181818,0.00044665279067719,0.03935925018108678
4155,1.8341414141414143,0.33777777777777773,1.881397985983737e-05,0.04027325486355863
4156,1.8341414141414143,0.34373737373737373,0.0006276762663230772,0.04061258644692164
4157,1.8341414141414143,0.3496969696969697,0.00018575895975372626,0.040691849055806285
4158,1.8341414141414143,0.3556565656565656,0.00010410044486250291,0.04208510371326625
4159,1.8341414141414143,0.3616161616161616,-0.000537613173504609,0.04200284457075978
4160,1.8341414141414143,0.36757575757575756,-0.00024562244092023855,0.04404992913866836
4161,1.8341414141414143,0.3735353535353535,-0.0006383252336078577,0.04392771781473214
4162,1.8341414141414143,0.37949494949494944,0.0004714768777253548,0.04457541921735094
4163,1.8341414141414143,0.38545454545454544,0.00016082767094299623,0.04542093693636409
4164,1.8341414141414143,0.3914141414141414,-0.00033051216220241863,0.045455258580041756
4165,1.8341414141414143,0.3973737373737373,0.0002172954737199321,0.04756968108642316
4166,1.8341414141414143,0.4033333333333333,-0.0006648499952546388,0.04747021152669468
4167,1.8341414141414143,0.40929292929292926,-0.0010901031179348334,0.048146436524770166
4168,1.8341414141414143,0.4152525252525252,0.0007830359937604503,0.049575064889614946
4169,1.8341414141414143,0.42121212121212115,-0.000173126008372764,0.049322306013082545
4170,1.8341414141414143,0.42717171717171715,-0.00022789174567529961,0.050409489536834794
4171,1.8341414141414143,0.4331313131313131,-7.472584956865607e-05,0.050776267039846834
4172,1.8341414141414143,0.43909090909090903,-0.0003409338668434224,0.05145984201851634
4173,1.8341414141414143,0.44505050505050503,-0.0005894816207986849,0.05229729119567139
4174,1.8341414141414143,0.45101010101010097,-6.063802907379041e-05,0.05363341938608771
4175,1.8341414141414143,0.4569696969696969,-0.000419026609865737,0.054290422875628505
4176,1.8341414141414143,0.4629292929292929,-0.0009900737346498307,0.05530243858112675
4177,1.8341414141414143,0.46888888888888886,0.0006769126029643305,0.05582104867555397
4178,1.8341414141414143,0.4748484848484848,0.00033714487056129704,0.056482888814422615
4179,1.8341414141414143,0.48080808080808074,0.0003263600057329989,0.056626704750402615
4180,1.8341414141414143,0.48676767676767674,0.0002689940096420879,0.057624194435145284
4181,1.8341414141414143,0.4927272727272727,0.0001409385570685676,0.059237467028551795
4182,1.8341414141414143,0.4986868686868686,-0.0014206471278488877,0.05832923868728964
4183,1.8341414141414143,0.5046464646464646,-0.0006076575046901841,0.059802484671886286
4184,1.8341414141414143,0.5106060606060605,-0.0006317108939896855,0.05992785919852362
4185,1.8341414141414143,0.5165656565656566,0.0008966034295183325,0.06204466133638455
4186,1.8341414141414143,0.5225252525252525,0.0006023682328349995,0.06197349329614776
4187,1.8341414141414143,0.5284848484848484,0.00020639449396427513,0.06337925761526055
4188,1.8341414141414143,0.5344444444444444,0.0003269313383722726,0.061872759671704476
4189,1.8341414141414143,0.5404040404040403,-0.0010038944274836008,0.06400184980064738
4190,1.8341414141414143,0.5463636363636363,0.0003481422766867434,0.06433968566761725
4191,1.8341414141414143,0.5523232323232323,2.9256277980126177e-05,0.06595515984524966
4192,1.8341414141414143,0.5582828282828283,0.0011550887748998844,0.06618906146877301
4193,1.8341414141414143,0.5642424242424242,-0.0011876008879460821,0.06640934153697715
4194,1.8341414141414143,0.5702020202020202,-0.00013250539951420963,0.06708802366717966
4195,1.8341414141414143,0.5761616161616161,-0.0006839592667105703,0.06845074261017614
4196,1.8341414141414143,0.582121212121212,0.0006825846494837302,0.06877309518770616
4197,1.8341414141414143,0.588080808080808,-0.0004055467096023439,0.07033506268295998
4198,1.8341414141414143,0.594040404040404,-0.0008149184461633355,0.0701656516235611
4199,1.8341414141414143,0.6,0.0006450358652889799,0.07078433568486464
4200,1.8542424242424242,0.01,6.53074920198149e-07,0.0012129755431760836
4201,1.8542424242424242,0.01595959595959596,2.4163687456222494e-05,0.0018923594830056883
4202,1.8542424242424242,0.021919191919191918,-6.482822836654328e-05,0.002621649211794544
4203,1.8542424242424242,0.027878787878787878,-2.159118010129284e-05,0.0033753084063146382
4204,1.8542424242424242,0.033838383838383834,-6.853094977618612e-06,0.004092021361234598
4205,1.8542424242424242,0.0397979797979798,-5.582284553749972e-06,0.00484060377710473
4206,1.8542424242424242,0.045757575757575754,1.2366879945175657e-05,0.005534846577175848
4207,1.8542424242424242,0.05171717171717172,1.7863982491122555e-05,0.006260761659978966
4208,1.8542424242424242,0.05767676767676767,-4.949811109615505e-05,0.0068449929997395345
4209,1.8542424242424242,0.06363636363636363,0.00010133011496772056,0.007708588321269359
4210,1.8542424242424242,0.06959595959595959,-3.0119230722146182e-05,0.008362040302273844
4211,1.8542424242424242,0.07555555555555554,-5.822723571994124e-05,0.009088722054952973
4212,1.8542424242424242,0.0815151515151515,-3.646555181487549e-05,0.009777909022946963
4213,1.8542424242424242,0.08747474747474746,7.12588656393743e-05,0.010467041930175836
4214,1.8542424242424242,0.09343434343434343,6.518691945934618e-05,0.011279865790648633
4215,1.8542424242424242,0.09939393939393938,-4.689687655036603e-05,0.01198400788427182
4216,1.8542424242424242,0.10535353535353534,-3.333564596751939e-05,0.012727634007190267
4217,1.8542424242424242,0.1113131313131313,-1.0526227445419966e-05,0.013415969349486218
4218,1.8542424242424242,0.11727272727272725,3.5678243506956616e-05,0.014122883868968348
4219,1.8542424242424242,0.12323232323232322,5.237146721578897e-05,0.014714251583081176
4220,1.8542424242424242,0.1291919191919192,-0.0001831994444607182,0.015578913818614606
4221,1.8542424242424242,0.13515151515151513,-6.592192531780744e-05,0.01631128957584693
4222,1.8542424242424242,0.1411111111111111,0.00021865277255809183,0.017043328517176003
4223,1.8542424242424242,0.14707070707070707,-0.00025859582824633173,0.01781947841777412
4224,1.8542424242424242,0.15303030303030302,0.00034553339742771197,0.01850151231274195
4225,1.8542424242424242,0.158989898989899,7.041365916515005e-05,0.01932752835819358
4226,1.8542424242424242,0.16494949494949493,-0.00022140989186994494,0.019686218623165982
4227,1.8542424242424242,0.1709090909090909,-6.782124675730998e-05,0.02068036875329557
4228,1.8542424242424242,0.17686868686868687,7.696122504338905e-05,0.021278599223026558
4229,1.8542424242424242,0.1828282828282828,0.00041338993959098483,0.021974203954107062
4230,1.8542424242424242,0.18878787878787878,0.0003296757509761454,0.022644133148456057
4231,1.8542424242424242,0.19474747474747472,0.0006512815644956081,0.02338208836132688
4232,1.8542424242424242,0.2007070707070707,-0.0003636771821816202,0.024494614784000775
4233,1.8542424242424242,0.20666666666666667,-0.00047399930486117576,0.02464438899974987
4234,1.8542424242424242,0.2126262626262626,0.00017501174301005697,0.025643257456039393
4235,1.8542424242424242,0.21858585858585858,-0.0005141849198753711,0.02632559109782812
4236,1.8542424242424242,0.22454545454545452,0.00038093332030789844,0.027159383718477613
4237,1.8542424242424242,0.2305050505050505,9.251177256132417e-05,0.027746315783903325
4238,1.8542424242424242,0.23646464646464646,-0.0001604700329005436,0.028345874501341788
4239,1.8542424242424242,0.2424242424242424,-0.00034975178115671064,0.028763491173223694
4240,1.8542424242424242,0.24838383838383837,0.0005755072096931364,0.029963272714050027
4241,1.8542424242424242,0.2543434343434343,8.699063425385982e-05,0.03048404894377777
4242,1.8542424242424242,0.26030303030303026,0.0002832347650067647,0.031372557108968496
4243,1.8542424242424242,0.26626262626262626,7.718394210795756e-05,0.03185994558444376
4244,1.8542424242424242,0.2722222222222222,-0.0003332051784679222,0.0327465819692543
4245,1.8542424242424242,0.27818181818181814,-0.00013714833544768042,0.033844196304409165
4246,1.8542424242424242,0.28414141414141414,-3.642231428414918e-05,0.03423690980995751
4247,1.8542424242424242,0.2901010101010101,0.00035543053148561545,0.035122677645024
4248,1.8542424242424242,0.296060606060606,-0.0003758693076694047,0.0353661770343111
4249,1.8542424242424242,0.302020202020202,-0.00034130967496619446,0.03634167802250434
4250,1.8542424242424242,0.30797979797979796,0.0003315222235225831,0.03717828852814078
4251,1.8542424242424242,0.3139393939393939,0.00032254093396911967,0.03780102490790249
4252,1.8542424242424242,0.31989898989898985,-0.00024327115455086224,0.03867233789795101
4253,1.8542424242424242,0.32585858585858585,-4.0244472578192924e-05,0.03940599501395894
4254,1.8542424242424242,0.3318181818181818,0.00024041542976312912,0.039966234316871956
4255,1.8542424242424242,0.33777777777777773,-0.0005440754296340882,0.0408688834492048
4256,1.8542424242424242,0.34373737373737373,-1.0748007325970222e-05,0.041638464755142594
4257,1.8542424242424242,0.3496969696969697,-0.0003018439935543867,0.04252065938415546
4258,1.8542424242424242,0.3556565656565656,-0.0008193830496087564,0.04299519305592667
4259,1.8542424242424242,0.3616161616161616,-0.0004699256293448772,0.044013989706456806
4260,1.8542424242424242,0.36757575757575756,0.0002328968308868218,0.04476145905268758
4261,1.8542424242424242,0.3735353535353535,-0.0001704902551533154,0.045450117184772126
4262,1.8542424242424242,0.37949494949494944,9.263423771325642e-05,0.04600541961989195
4263,1.8542424242424242,0.38545454545454544,0.00029255235116890983,0.04668891460925961
4264,1.8542424242424242,0.3914141414141414,-0.0004858004808081958,0.04686664426934325
4265,1.8542424242424242,0.3973737373737373,0.00011242227005594709,0.048244771354346044
4266,1.8542424242424242,0.4033333333333333,0.00010130877871993069,0.049219703935220314
4267,1.8542424242424242,0.40929292929292926,-0.00014821462318297885,0.049615695065889455
4268,1.8542424242424242,0.4152525252525252,0.0006605891469981454,0.050629459593880224
4269,1.8542424242424242,0.42121212121212115,-0.000373847739259489,0.05056126447067251
4270,1.8542424242424242,0.42717171717171715,0.0005066444608492482,0.05096827122257403
4271,1.8542424242424242,0.4331313131313131,7.26073333590948e-05,0.051931853674261154
4272,1.8542424242424242,0.43909090909090903,-6.887744901260428e-07,0.05291560728692445
4273,1.8542424242424242,0.44505050505050503,-0.0003295892640485222,0.054029413898411496
4274,1.8542424242424242,0.45101010101010097,-0.0005025163003622718,0.05434026350128196
4275,1.8542424242424242,0.4569696969696969,0.0004732016013105315,0.055157694953103804
4276,1.8542424242424242,0.4629292929292929,0.0010829624354876605,0.05577122645798924
4277,1.8542424242424242,0.46888888888888886,-0.0008277622754462076,0.05639732569742422
4278,1.8542424242424242,0.4748484848484848,-1.9031504194754735e-05,0.05684188443491238
4279,1.8542424242424242,0.48080808080808074,0.0004285186874965862,0.058838142145024114
4280,1.8542424242424242,0.48676767676767674,5.075079078609232e-05,0.05913926523896084
4281,1.8542424242424242,0.4927272727272727,0.0005236712065255556,0.05966206780354254
4282,1.8542424242424242,0.4986868686868686,0.00033418463418251505,0.060801114561068584
4283,1.8542424242424242,0.5046464646464646,-0.00030922371402450013,0.06121642161712183
4284,1.8542424242424242,0.5106060606060605,-0.000947830199408293,0.06180714846370292
4285,1.8542424242424242,0.5165656565656566,0.00029113062267085754,0.06265599035882247
4286,1.8542424242424242,0.5225252525252525,-7.427666043913206e-07,0.06297374398396538
4287,1.8542424242424242,0.5284848484848484,-0.0002479659963115937,0.06412863292055405
4288,1.8542424242424242,0.5344444444444444,-0.0003488152126381865,0.06470481561190376
4289,1.8542424242424242,0.5404040404040403,0.00015959892125022817,0.06537846645295067
4290,1.8542424242424242,0.5463636363636363,-0.0002791630538679981,0.06653518667484508
4291,1.8542424242424242,0.5523232323232323,0.0002149027445073909,0.06745951593695487
4292,1.8542424242424242,0.5582828282828283,-0.0010113632442280177,0.0675827034069546
4293,1.8542424242424242,0.5642424242424242,-2.441293474834052e-05,0.06785288406264554
4294,1.8542424242424242,0.5702020202020202,0.0014074297460976003,0.06990344367442224
4295,1.8542424242424242,0.5761616161616161,0.0009887853855051042,0.06986698871244627
4296,1.8542424242424242,0.582121212121212,-0.0005013259924857307,0.0717960337148578
4297,1.8542424242424242,0.588080808080808,-0.00014875529016851122,0.07249898289158258
4298,1.8542424242424242,0.594040404040404,-0.0007587370690058643,0.07173876741329625
4299,1.8542424242424242,0.6,-0.0007043927656669407,0.07246685481422808
4300,1.8743434343434344,0.01,-9.695995318677707e-07,0.0012279999147047998
4301,1.8743434343434344,0.01595959595959596,3.6592765450274013e-06,0.0019597374476874414
4302,1.8743434343434344,0.021919191919191918,-4.201923591454926e-05,0.0027145715692641877
4303,1.8743434343434344,0.027878787878787878,1.792032904741676e-05,0.0034369777230494848
4304,1.8743434343434344,0.033838383838383834,-6.97716358620063e-06,0.004150324370630282
4305,1.8743434343434344,0.0397979797979798,9.866290482725449e-06,0.004912575548773621
4306,1.8743434343434344,0.045757575757575754,-3.0676687153877945e-06,0.005630088454606042
4307,1.8743434343434344,0.05171717171717172,-1.5187962773124153e-05,0.006446883867222124
4308,1.8743434343434344,0.05767676767676767,-2.3805020723053983e-05,0.007143812628060672
4309,1.8743434343434344,0.06363636363636363,-2.200190833189626e-05,0.007827874693242044
4310,1.8743434343434344,0.06959595959595959,4.591222534148532e-05,0.008473388363893579
4311,1.8743434343434344,0.07555555555555554,-2.0020979429156683e-05,0.009396358224847284
4312,1.8743434343434344,0.0815151515151515,7.086694851541631e-05,0.010148374111383968
4313,1.8743434343434344,0.08747474747474746,-2.1581219995645506e-05,0.010867402465115434
4314,1.8743434343434344,0.09343434343434343,-6.590553595376101e-05,0.01158986920422299
4315,1.8743434343434344,0.09939393939393938,6.469118537831846e-05,0.012225144000061205
4316,1.8743434343434344,0.10535353535353534,0.0001612809598162163,0.013013792410529567
4317,1.8743434343434344,0.1113131313131313,8.060866173651926e-05,0.013785061773793513
4318,1.8743434343434344,0.11727272727272725,0.00010949219202495499,0.014610484590690637
4319,1.8743434343434344,0.12323232323232322,-3.6471087846278005e-05,0.01509844942597226
4320,1.8743434343434344,0.1291919191919192,-0.00016647575614140683,0.01593077804299399
4321,1.8743434343434344,0.13515151515151513,0.00022384059435981004,0.016680610271333964
4322,1.8743434343434344,0.1411111111111111,-0.00029779490595535136,0.017335371030374056
4323,1.8743434343434344,0.14707070707070707,-0.00018311869964924231,0.01820758674831934
4324,1.8743434343434344,0.15303030303030302,-0.00019350451168984132,0.018799122652652885
4325,1.8743434343434344,0.158989898989899,-0.00034341104238221927,0.019597712907911864
4326,1.8743434343434344,0.16494949494949493,-0.00013784383498397648,0.02013122203775289
4327,1.8743434343434344,0.1709090909090909,0.00048648620575556125,0.02114308720664174
4328,1.8743434343434344,0.17686868686868687,0.00015288689074572498,0.021719536221914748
4329,1.8743434343434344,0.1828282828282828,-0.0004360561257834248,0.022535031192391558
4330,1.8743434343434344,0.18878787878787878,-0.00025104657724589875,0.023210092907552448
4331,1.8743434343434344,0.19474747474747472,0.0003644895781408116,0.02437137498116768
4332,1.8743434343434344,0.2007070707070707,7.346954826416617e-05,0.0248585308146514
4333,1.8743434343434344,0.20666666666666667,-9.514371895831297e-06,0.025471661005077733
4334,1.8743434343434344,0.2126262626262626,-0.00023764251177993488,0.026365766823890077
4335,1.8743434343434344,0.21858585858585858,-0.0001230349811396997,0.026900875310224445
4336,1.8743434343434344,0.22454545454545452,0.00039201281905614904,0.027747706359478194
4337,1.8743434343434344,0.2305050505050505,1.6849008520162424e-05,0.028371905030984523
4338,1.8743434343434344,0.23646464646464646,8.560185783291815e-05,0.029426851429201577
4339,1.8743434343434344,0.2424242424242424,-0.0005299721699512327,0.02954435889313942
4340,1.8743434343434344,0.24838383838383837,0.00018820745698469818,0.03068945008722337
4341,1.8743434343434344,0.2543434343434343,-0.00014324832786624339,0.03156240013386179
4342,1.8743434343434344,0.26030303030303026,0.0006741202889301173,0.03206659341028875
4343,1.8743434343434344,0.26626262626262626,0.00032387214784633143,0.0332062966520117
4344,1.8743434343434344,0.2722222222222222,0.00027625635005825274,0.033590016964981054
4345,1.8743434343434344,0.27818181818181814,-6.363400532887648e-05,0.0339830693150018
4346,1.8743434343434344,0.28414141414141414,7.529037599272637e-05,0.03518715260057274
4347,1.8743434343434344,0.2901010101010101,-0.00016198770484691835,0.03585661276090763
4348,1.8743434343434344,0.296060606060606,-0.00012552933497981603,0.036523263034131906
4349,1.8743434343434344,0.302020202020202,0.000608126221175629,0.037328573300881185
4350,1.8743434343434344,0.30797979797979796,0.00032604053779239323,0.037992567886356965
4351,1.8743434343434344,0.3139393939393939,-7.134543211558077e-05,0.03930421423186902
4352,1.8743434343434344,0.31989898989898985,-9.890535321371891e-05,0.03952622369236252
4353,1.8743434343434344,0.32585858585858585,0.001446738672847595,0.04065931544872412
4354,1.8743434343434344,0.3318181818181818,0.00025525757426326845,0.040756605150479706
4355,1.8743434343434344,0.33777777777777773,6.260440212541815e-05,0.041505612015134724
4356,1.8743434343434344,0.34373737373737373,1.5510098493700086e-05,0.04290754363392114
4357,1.8743434343434344,0.3496969696969697,-0.00043388448815003536,0.042983041529851745
4358,1.8743434343434344,0.3556565656565656,0.0008474869512613776,0.04432368997034128
4359,1.8743434343434344,0.3616161616161616,-0.0014204871951538948,0.04484882562836062
4360,1.8743434343434344,0.36757575757575756,-0.00018095637455120545,0.045264441187645096
4361,1.8743434343434344,0.3735353535353535,0.0004307407932186086,0.04650480061531656
4362,1.8743434343434344,0.37949494949494944,0.0012964751705134866,0.04692444719496087
4363,1.8743434343434344,0.38545454545454544,0.0002100467212028462,0.04810549612286036
4364,1.8743434343434344,0.3914141414141414,0.0005253656047565505,0.04848886329433651
4365,1.8743434343434344,0.3973737373737373,-0.000575097189120897,0.049297278251683216
4366,1.8743434343434344,0.4033333333333333,-0.00010305016851447322,0.05051684312339994
4367,1.8743434343434344,0.40929292929292926,0.00029996935910188915,0.0506700747163929
4368,1.8743434343434344,0.4152525252525252,8.715822951434582e-05,0.05069478258177322
4369,1.8743434343434344,0.42121212121212115,-0.0007818391336666139,0.05206702400144934
4370,1.8743434343434344,0.42717171717171715,0.000719720555857733,0.05315978311494056
4371,1.8743434343434344,0.4331313131313131,0.0002226031851686872,0.05338327840769632
4372,1.8743434343434344,0.43909090909090903,-0.00042919943289256165,0.054029004401260544
4373,1.8743434343434344,0.44505050505050503,0.0005354867027402574,0.05464131774271683
4374,1.8743434343434344,0.45101010101010097,0.0001875654682770329,0.05547303448051914
4375,1.8743434343434344,0.4569696969696969,0.00014786194441696542,0.05653320393386622
4376,1.8743434343434344,0.4629292929292929,0.00039889176128551896,0.05683813012997616
4377,1.8743434343434344,0.46888888888888886,0.0010225009709517755,0.05803602470316991
4378,1.8743434343434344,0.4748484848484848,0.00023414110697034252,0.05862002722444636
4379,1.8743434343434344,0.48080808080808074,-0.0005630717106314392,0.06009686698196828
4380,1.8743434343434344,0.48676767676767674,0.0007406627079172299,0.06098053081765918
4381,1.8743434343434344,0.4927272727272727,-0.00042577390620680014,0.06055716898638992
4382,1.8743434343434344,0.4986868686868686,0.00030511157161691363,0.061917854696551006
4383,1.8743434343434344,0.5046464646464646,-0.0006014272075764184,0.06240445218816174
4384,1.8743434343434344,0.5106060606060605,8.807154372755764e-05,0.0633093274637665
4385,1.8743434343434344,0.5165656565656566,-0.0006676622186011968,0.06394088702827028
4386,1.8743434343434344,0.5225252525252525,-0.0011810574085039068,0.06460816138822614
4387,1.8743434343434344,0.5284848484848484,-0.0008850980194573893,0.0656534647829849
4388,1.8743434343434344,0.5344444444444444,-0.00015034931510018784,0.06622312459767604
4389,1.8743434343434344,0.5404040404040403,0.0013690265827924356,0.06823066371052125
4390,1.8743434343434344,0.5463636363636363,-0.0008733876883015306,0.06681698322077116
4391,1.8743434343434344,0.5523232323232323,0.000569227982008802,0.06806106615116632
4392,1.8743434343434344,0.5582828282828283,5.0438023084928e-05,0.07001242625720805
4393,1.8743434343434344,0.5642424242424242,0.0007365217474348309,0.0699953141489586
4394,1.8743434343434344,0.5702020202020202,-0.0007381178011912333,0.0704837853349616
4395,1.8743434343434344,0.5761616161616161,0.0006524432300166089,0.0718622719569083
4396,1.8743434343434344,0.582121212121212,-0.0013830602888194286,0.07148842602839073
4397,1.8743434343434344,0.588080808080808,0.00021296804982759969,0.07220286142357649
4398,1.8743434343434344,0.594040404040404,-0.0004264802076918227,0.07370118542291136
4399,1.8743434343434344,0.6,4.6891839315550324e-05,0.07529625236796826
4400,1.8944444444444444,0.01,6.67619102904361e-06,0.0012513287969295117
4401,1.8944444444444444,0.01595959595959596,-1.4247551635894662e-05,0.0020200119863451986
4402,1.8944444444444444,0.021919191919191918,3.23141143888417e-05,0.0027573937900318935
4403,1.8944444444444444,0.027878787878787878,-1.0498498139176138e-05,0.0034807275927533276
4404,1.8944444444444444,0.033838383838383834,-3.684287868380337e-05,0.004334461768702145
4405,1.8944444444444444,0.0397979797979798,-1.533368342275059e-05,0.004972332415481013
4406,1.8944444444444444,0.045757575757575754,8.123003080884805e-05,0.005755943989653416
4407,1.8944444444444444,0.05171717171717172,4.358731065370488e-05,0.006552191738669668
4408,1.8944444444444444,0.05767676767676767,-1.1840241595942425e-05,0.007237605410904452
4409,1.8944444444444444,0.06363636363636363,3.331969869592084e-05,0.008070623092419682
4410,1.8944444444444444,0.06959595959595959,1.246352170670394e-05,0.00884988605610669
4411,1.8944444444444444,0.07555555555555554,8.316829777432317e-05,0.009454981440574361
4412,1.8944444444444444,0.0815151515151515,-0.00011742406088204157,0.010288015137338595
4413,1.8944444444444444,0.08747474747474746,0.000192878502100405,0.011057345467846718
4414,1.8944444444444444,0.09343434343434343,2.0352356439641794e-05,0.011756773746090044
4415,1.8944444444444444,0.09939393939393938,0.0001152112395258687,0.012528291941523722
4416,1.8944444444444444,0.10535353535353534,0.0003793984000322627,0.013265773934036934
4417,1.8944444444444444,0.1113131313131313,0.00026490393033905957,0.013992451909724847
4418,1.8944444444444444,0.11727272727272725,7.769216602134023e-05,0.014750715065853138
4419,1.8944444444444444,0.12323232323232322,-0.00013495691241434613,0.015348849840211828
4420,1.8944444444444444,0.1291919191919192,6.266629943605821e-05,0.016196737071962
4421,1.8944444444444444,0.13515151515151513,-8.536958694833588e-05,0.017103266972566082
4422,1.8944444444444444,0.1411111111111111,-2.27292631326627e-05,0.017877973386218902
4423,1.8944444444444444,0.14707070707070707,-0.0001204010942071999,0.01858406675720525
4424,1.8944444444444444,0.15303030303030302,5.392513677083134e-05,0.019131036470460105
4425,1.8944444444444444,0.158989898989899,-0.0004004334483124762,0.020035862071496748
4426,1.8944444444444444,0.16494949494949493,5.620240569777979e-06,0.020886583311443604
4427,1.8944444444444444,0.1709090909090909,-0.0001160606115759775,0.021198998017464665
4428,1.8944444444444444,0.17686868686868687,-0.00019092039834410206,0.022250665676150447
4429,1.8944444444444444,0.1828282828282828,7.569595671527007e-06,0.02329465733570868
4430,1.8944444444444444,0.18878787878787878,9.181525298543746e-05,0.023932366862264826
4431,1.8944444444444444,0.19474747474747472,-0.00022438723799337278,0.024305664845791507
4432,1.8944444444444444,0.2007070707070707,-0.0002657459218009033,0.02497533324893047
4433,1.8944444444444444,0.20666666666666667,0.00031891442908491983,0.026283679173843968
4434,1.8944444444444444,0.2126262626262626,-0.0002842614914249046,0.026709326893716606
4435,1.8944444444444444,0.21858585858585858,0.00026439114517433934,0.02782091045593502
4436,1.8944444444444444,0.22454545454545452,-0.0001822129277661526,0.02851470810159001
4437,1.8944444444444444,0.2305050505050505,0.00024351522417171423,0.0289791260657372
4438,1.8944444444444444,0.23646464646464646,0.00023742825105599606,0.02969918799946243
4439,1.8944444444444444,0.2424242424242424,-0.00011881670080914792,0.030201994417929843
4440,1.8944444444444444,0.24838383838383837,0.0004110432802193545,0.03143077454331171
4441,1.8944444444444444,0.2543434343434343,-0.0005647321531598695,0.03236969166285838
4442,1.8944444444444444,0.26030303030303026,0.0003294245258256305,0.032648563599795524
4443,1.8944444444444444,0.26626262626262626,0.0008441974650904313,0.034242484929438696
4444,1.8944444444444444,0.2722222222222222,0.000152423518146347,0.03363645772923728
4445,1.8944444444444444,0.27818181818181814,-0.0003851493941213175,0.03505447947497851
4446,1.8944444444444444,0.28414141414141414,0.0005380277406763214,0.03608202249064872
4447,1.8944444444444444,0.2901010101010101,0.00031858265450519156,0.036633519173251104
4448,1.8944444444444444,0.296060606060606,0.0005925432749809568,0.03717119329628752
4449,1.8944444444444444,0.302020202020202,-0.00026925163694352074,0.03792514281525389
4450,1.8944444444444444,0.30797979797979796,0.00042016495529325384,0.038661935711575425
4451,1.8944444444444444,0.3139393939393939,-0.0009864503601370058,0.039361450954705876
4452,1.8944444444444444,0.31989898989898985,0.00015689206937978266,0.04052918704506007
4453,1.8944444444444444,0.32585858585858585,0.00020618626245604327,0.041107763127554695
4454,1.8944444444444444,0.3318181818181818,-0.00031251896283012115,0.042074783056152344
4455,1.8944444444444444,0.33777777777777773,-0.0004382020328832388,0.04271285817205834
4456,1.8944444444444444,0.34373737373737373,0.0004970300500050589,0.04344612726882273
4457,1.8944444444444444,0.3496969696969697,0.0005422357653605933,0.04391651146429625
4458,1.8944444444444444,0.3556565656565656,0.0005833766024224036,0.045730901998268986
4459,1.8944444444444444,0.3616161616161616,-0.000428678403277566,0.04535452062473697
4460,1.8944444444444444,0.36757575757575756,0.00022478595821835538,0.04618288932221881
4461,1.8944444444444444,0.3735353535353535,-0.00014345353344346492,0.0477817300014736
4462,1.8944444444444444,0.37949494949494944,-6.695390181538694e-05,0.04837840558747697
4463,1.8944444444444444,0.38545454545454544,-0.00020704027080750204,0.04922604292359993
4464,1.8944444444444444,0.3914141414141414,-0.000701819004943102,0.04978083294347457
4465,1.8944444444444444,0.3973737373737373,0.000993698713545574,0.05035280368738045
4466,1.8944444444444444,0.4033333333333333,9.251477080698542e-05,0.050872863381041
4467,1.8944444444444444,0.40929292929292926,0.0009257287234487343,0.052424662917282726
4468,1.8944444444444444,0.4152525252525252,-0.00029979090231318237,0.05281700026047072
4469,1.8944444444444444,0.42121212121212115,0.0008803415811591289,0.05370339353576933
4470,1.8944444444444444,0.42717171717171715,-0.00047668853123271706,0.05467661518890808
4471,1.8944444444444444,0.4331313131313131,0.0011970377307479255,0.05538216944246804
4472,1.8944444444444444,0.43909090909090903,-3.894775888503619e-05,0.05565920336794003
4473,1.8944444444444444,0.44505050505050503,-0.0009915444588331438,0.05660193542138015
4474,1.8944444444444444,0.45101010101010097,0.0013369015122617737,0.058467153578781204
4475,1.8944444444444444,0.4569696969696969,0.00027614094856766763,0.058226396785883386
4476,1.8944444444444444,0.4629292929292929,-0.0005866967738775841,0.05765341483637209
4477,1.8944444444444444,0.46888888888888886,-0.0006518610976625935,0.059171893359365714
4478,1.8944444444444444,0.4748484848484848,0.00034908849859729643,0.06052430692702377
4479,1.8944444444444444,0.48080808080808074,0.0004568802264460714,0.061127826956090224
4480,1.8944444444444444,0.48676767676767674,-0.0002526379617506446,0.0613473526911602
4481,1.8944444444444444,0.4927272727272727,-0.0012369577083142624,0.06199092883902867
4482,1.8944444444444444,0.4986868686868686,0.0009155783679467819,0.06378013822478917
4483,1.8944444444444444,0.5046464646464646,-0.0014551416761420606,0.06365753315495119
4484,1.8944444444444444,0.5106060606060605,0.0007140766404149358,0.06429810836301447
4485,1.8944444444444444,0.5165656565656566,0.0005986192923575143,0.06570157782160371
4486,1.8944444444444444,0.5225252525252525,-0.0010869521592810438,0.06607658399415851
4487,1.8944444444444444,0.5284848484848484,3.7097473883561604e-05,0.06654084028903337
4488,1.8944444444444444,0.5344444444444444,0.0006337535327857164,0.06863349092233843
4489,1.8944444444444444,0.5404040404040403,0.00020722771042737848,0.06877116617720924
4490,1.8944444444444444,0.5463636363636363,-0.0006395246160774975,0.06914029604422589
4491,1.8944444444444444,0.5523232323232323,-1.624464324183945e-05,0.06968092199556351
4492,1.8944444444444444,0.5582828282828283,-0.00037625688472329603,0.07134392629340322
4493,1.8944444444444444,0.5642424242424242,0.0002746435609416118,0.07131575810823271
4494,1.8944444444444444,0.5702020202020202,-1.4895198452356984e-05,0.07209793750587738
4495,1.8944444444444444,0.5761616161616161,-0.00026052306926498467,0.07366175311589875
4496,1.8944444444444444,0.582121212121212,0.00021133020886044608,0.0740105604669373
4497,1.8944444444444444,0.588080808080808,0.00025790161749414273,0.07579917534700165
4498,1.8944444444444444,0.594040404040404,-0.0010092396867421656,0.0753829361568565
4499,1.8944444444444444,0.6,-0.001078680975166532,0.07530606963068623
4500,1.9145454545454546,0.01,1.2581569500880518e-06,0.0012819720418836655
4501,1.9145454545454546,0.01595959595959596,-4.415822633503496e-06,0.002085463589563404
4502,1.9145454545454546,0.021919191919191918,1.5521273522960577e-05,0.0028330846583719885
4503,1.9145454545454546,0.027878787878787878,5.723946353592979e-06,0.003595223148160459
4504,1.9145454545454546,0.033838383838383834,1.0383949611579978e-05,0.004355975045540432
4505,1.9145454545454546,0.0397979797979798,1.4066119329309301e-05,0.005154075214305819
4506,1.9145454545454546,0.045757575757575754,-5.7673709509942e-06,0.0058051633476868345
4507,1.9145454545454546,0.05171717171717172,-7.449232677060517e-05,0.00670058252947827
4508,1.9145454545454546,0.05767676767676767,6.6383174497897e-05,0.007454836303069895
4509,1.9145454545454546,0.06363636363636363,-5.142711968027196e-05,0.008227391281044785
4510,1.9145454545454546,0.06959595959595959,-0.00016231816707604397,0.009024685135479264
4511,1.9145454545454546,0.07555555555555554,5.905711300478589e-06,0.009742298073380212
4512,1.9145454545454546,0.0815151515151515,-9.462468870496087e-06,0.01060598361663193
4513,1.9145454545454546,0.08747474747474746,-2.561655598292507e-05,0.011236565914677013
4514,1.9145454545454546,0.09343434343434343,-9.225291161712755e-05,0.011945956415922677
4515,1.9145454545454546,0.09939393939393938,-0.00012582862799090911,0.012791369046989593
4516,1.9145454545454546,0.10535353535353534,7.010002223626162e-05,0.013610432983859956
4517,1.9145454545454546,0.1113131313131313,-2.1679419224346407e-05,0.014289654902076702
4518,1.9145454545454546,0.11727272727272725,-0.00021918926328608662,0.015035563395998475
4519,1.9145454545454546,0.12323232323232322,-0.0002387506207362208,0.016100041572497812
4520,1.9145454545454546,0.1291919191919192,0.00018302581886440357,0.016589855168864864
4521,1.9145454545454546,0.13515151515151513,9.725836030865158e-05,0.01761569895724817
4522,1.9145454545454546,0.1411111111111111,-7.367084570890082e-05,0.01805728698590533
4523,1.9145454545454546,0.14707070707070707,0.0001086507482413404,0.019165942589848085
4524,1.9145454545454546,0.15303030303030302,0.0003585659602038551,0.019794776238278754
4525,1.9145454545454546,0.158989898989899,0.00012910085948553466,0.020594085216139885
4526,1.9145454545454546,0.16494949494949493,-0.0002325592387828463,0.021284149504454748
4527,1.9145454545454546,0.1709090909090909,8.982212087767566e-05,0.021960727958531684
4528,1.9145454545454546,0.17686868686868687,-0.00011110469015206661,0.022714062121871027
4529,1.9145454545454546,0.1828282828282828,0.00025174007510588394,0.023886730572186952
4530,1.9145454545454546,0.18878787878787878,9.676077073416391e-05,0.02443615948152156
4531,1.9145454545454546,0.19474747474747472,0.0002196492000231219,0.02499202815710528
4532,1.9145454545454546,0.2007070707070707,0.0001933225126974745,0.025856512368779897
4533,1.9145454545454546,0.20666666666666667,-6.163998223599767e-05,0.026398428270857935
4534,1.9145454545454546,0.2126262626262626,-0.00023559199014020927,0.02762000572951889
4535,1.9145454545454546,0.21858585858585858,-0.00010883609349225287,0.027974664250523723
4536,1.9145454545454546,0.22454545454545452,0.00019426633629889136,0.028646827670413638
4537,1.9145454545454546,0.2305050505050505,3.161398808790001e-05,0.029599033825457564
4538,1.9145454545454546,0.23646464646464646,-0.0001724959334076612,0.030279021911411828
4539,1.9145454545454546,0.2424242424242424,3.4889289177436456e-05,0.03145450484338783
4540,1.9145454545454546,0.24838383838383837,-0.0001748551381339134,0.03175251422583047
4541,1.9145454545454546,0.2543434343434343,0.0004871254444835559,0.0326736617033254
4542,1.9145454545454546,0.26030303030303026,-8.528494601463527e-05,0.03348789084021044
4543,1.9145454545454546,0.26626262626262626,-1.728490099418689e-06,0.034674058939457755
4544,1.9145454545454546,0.2722222222222222,0.0005392936374427036,0.03577623161795595
4545,1.9145454545454546,0.27818181818181814,-3.053203501199442e-05,0.035683507436965876
4546,1.9145454545454546,0.28414141414141414,-0.00033947676196405865,0.036825574829442036
4547,1.9145454545454546,0.2901010101010101,5.835002349784997e-05,0.03756601293946962
4548,1.9145454545454546,0.296060606060606,0.0005692000030877489,0.038391809719026865
4549,1.9145454545454546,0.302020202020202,2.81499446044966e-06,0.039244923312441476
4550,1.9145454545454546,0.30797979797979796,-0.00030837731489644814,0.039815676864847105
4551,1.9145454545454546,0.3139393939393939,0.0004485326324136902,0.04052326779528187
4552,1.9145454545454546,0.31989898989898985,9.106680159826747e-05,0.041304035259934244
4553,1.9145454545454546,0.32585858585858585,-0.0005713896188936614,0.04119900157227549
4554,1.9145454545454546,0.3318181818181818,-0.00011201392309656102,0.04326488956641027
4555,1.9145454545454546,0.33777777777777773,-5.5408972234363386e-05,0.043272206331918105
4556,1.9145454545454546,0.34373737373737373,-0.00014430096216819262,0.04435820404177621
4557,1.9145454545454546,0.3496969696969697,-0.0002724697150234042,0.045217690398383165
4558,1.9145454545454546,0.3556565656565656,0.0005107788767295568,0.04616269544304794
4559,1.9145454545454546,0.3616161616161616,0.0006354564940605947,0.04679550563285412
4560,1.9145454545454546,0.36757575757575756,0.00020491225578311503,0.04800140544909532
4561,1.9145454545454546,0.3735353535353535,7.32776309781645e-05,0.04780297606594714
4562,1.9145454545454546,0.37949494949494944,-0.0004751209143177848,0.049126724882453426
4563,1.9145454545454546,0.38545454545454544,-0.00045284936880722083,0.05019971619218816
4564,1.9145454545454546,0.3914141414141414,0.0008248629810403095,0.051855212442135167
4565,1.9145454545454546,0.3973737373737373,0.00013773826184042165,0.051884266653178135
4566,1.9145454545454546,0.4033333333333333,-0.0004411194055701218,0.052021742609944764
4567,1.9145454545454546,0.40929292929292926,-0.00045365271477008993,0.052421790345081196
4568,1.9145454545454546,0.4152525252525252,0.00038725764312507935,0.053928090333843715
4569,1.9145454545454546,0.42121212121212115,-0.00032890163027547416,0.05379031810102139
4570,1.9145454545454546,0.42717171717171715,-0.0005980406319683746,0.054978316393119654
4571,1.9145454545454546,0.4331313131313131,-0.00033480247797141254,0.0557960049459144
4572,1.9145454545454546,0.43909090909090903,6.218759358568682e-05,0.05756349454882214
4573,1.9145454545454546,0.44505050505050503,0.00045429381463679447,0.05770250949644648
4574,1.9145454545454546,0.45101010101010097,-9.744815715928922e-05,0.0586878174727443
4575,1.9145454545454546,0.4569696969696969,0.0003012813276879553,0.05903084215800623
4576,1.9145454545454546,0.4629292929292929,-0.0001153500980118003,0.0604213201737962
4577,1.9145454545454546,0.46888888888888886,-0.00042940192536655567,0.0600740609148679
4578,1.9145454545454546,0.4748484848484848,-0.0006254890468193922,0.06197865288817736
4579,1.9145454545454546,0.48080808080808074,0.00043002126255163364,0.06231463152240069
4580,1.9145454545454546,0.48676767676767674,-0.0010064993920509632,0.06307820121231607
4581,1.9145454545454546,0.4927272727272727,0.00011280897744978944,0.06400860957732271
4582,1.9145454545454546,0.4986868686868686,0.0005656093368941907,0.06423769951934996
4583,1.9145454545454546,0.5046464646464646,-0.0005988052560956362,0.06466505500905251
4584,1.9145454545454546,0.5106060606060605,-0.00010516150294176657,0.06592401125993748
4585,1.9145454545454546,0.5165656565656566,-0.00043165252370109695,0.06734454547746035
4586,1.9145454545454546,0.5225252525252525,0.0007878912092075664,0.06802106383215265
4587,1.9145454545454546,0.5284848484848484,0.00045790141273914823,0.0684828595737896
4588,1.9145454545454546,0.5344444444444444,-0.0002375414424456419,0.06899498539676871
4589,1.9145454545454546,0.5404040404040403,0.0010547704097341934,0.0707166001592624
4590,1.9145454545454546,0.5463636363636363,-0.0006199567148729082,0.07129719344208361
4591,1.9145454545454546,0.5523232323232323,-0.0007692565293505329,0.07200874058397688
4592,1.9145454545454546,0.5582828282828283,-0.0008646039136815027,0.07222899815550819
4593,1.9145454545454546,0.5642424242424242,0.00034556449886075655,0.07351991766641607
4594,1.9145454545454546,0.5702020202020202,0.00015210060304179463,0.07473586567515485
4595,1.9145454545454546,0.5761616161616161,-0.00023268012842347474,0.07537039331669255
4596,1.9145454545454546,0.582121212121212,0.001169314939781674,0.07577454497695037
4597,1.9145454545454546,0.588080808080808,-0.00021515797283275421,0.075242838948365
4598,1.9145454545454546,0.594040404040404,-0.0003527946314626934,0.07644063638254989
4599,1.9145454545454546,0.6,-1.2531535838465535e-05,0.07853552288804813
4600,1.9346464646464647,0.01,-2.0717344615733192e-05,0.0013278048240564142
4601,1.9346464646464647,0.01595959595959596,-3.394741461983849e-05,0.002086372739872287
4602,1.9346464646464647,0.021919191919191918,2.3329661527187907e-05,0.0028645749842907517
4603,1.9346464646464647,0.027878787878787878,4.2344799114264296e-05,0.003635313054792585
4604,1.9346464646464647,0.033838383838383834,2.5677977603106538e-05,0.004479832846043512
4605,1.9346464646464647,0.0397979797979798,1.9432494643325415e-06,0.005267209516772296
4606,1.9346464646464647,0.045757575757575754,6.31540240299828e-05,0.0060497454985533276
4607,1.9346464646464647,0.05171717171717172,-3.107250855746657e-06,0.006788769267894518
4608,1.9346464646464647,0.05767676767676767,9.030155818538675e-05,0.007588837034512443
4609,1.9346464646464647,0.06363636363636363,-1.673623566099014e-05,0.008352896902086298
4610,1.9346464646464647,0.06959595959595959,0.00010072227796605042,0.009107023119519313
4611,1.9346464646464647,0.07555555555555554,-6.469862050807976e-05,0.009968300162282328
4612,1.9346464646464647,0.0815151515151515,-1.5500870512503018e-05,0.010743115290472092
4613,1.9346464646464647,0.08747474747474746,-5.989676324671449e-05,0.011516038076741513
4614,1.9346464646464647,0.09343434343434343,3.0677211797671354e-06,0.012231597834995727
4615,1.9346464646464647,0.09939393939393938,0.00020337512927034415,0.012996633059387454
4616,1.9346464646464647,0.10535353535353534,-9.267236739175638e-05,0.01385530082455258
4617,1.9346464646464647,0.1113131313131313,0.00022399636709415373,0.01477967844131555
4618,1.9346464646464647,0.11727272727272725,9.847314305459461e-05,0.015620458999788322
4619,1.9346464646464647,0.12323232323232322,-0.00011178685495824824,0.01607904785441138
4620,1.9346464646464647,0.1291919191919192,-0.0002484486486775001,0.016824792147682954
4621,1.9346464646464647,0.13515151515151513,-0.00031684017103376043,0.017634740598812627
4622,1.9346464646464647,0.1411111111111111,-0.0004150912693390769,0.018629497442530518
4623,1.9346464646464647,0.14707070707070707,-7.105670528752178e-05,0.01926028339546496
4624,1.9346464646464647,0.15303030303030302,9.175822416341004e-05,0.0204395092862153
4625,1.9346464646464647,0.158989898989899,-0.0001592677147142107,0.02104248662445473
4626,1.9346464646464647,0.16494949494949493,0.00030839113536849103,0.02168121575840351
4627,1.9346464646464647,0.1709090909090909,0.00013136160769273286,0.022764341593769628
4628,1.9346464646464647,0.17686868686868687,0.00036814027323427373,0.023332572302771356
4629,1.9346464646464647,0.1828282828282828,-0.0005038684659796077,0.024101680268374667
4630,1.9346464646464647,0.18878787878787878,-0.0005693764962399359,0.024743111803755248
4631,1.9346464646464647,0.19474747474747472,-0.0001936017705087278,0.025679546561512234
4632,1.9346464646464647,0.2007070707070707,0.0005467519707926993,0.02654005518417686
4633,1.9346464646464647,0.20666666666666667,0.00011276304659849843,0.02731479713542785
4634,1.9346464646464647,0.2126262626262626,0.00020736591234042558,0.027770726721084583
4635,1.9346464646464647,0.21858585858585858,0.0001812246320382567,0.028910229463678824
4636,1.9346464646464647,0.22454545454545452,8.734935656876329e-05,0.029500149876979024
4637,1.9346464646464647,0.2305050505050505,-0.00018985287692676746,0.030316864240741336
4638,1.9346464646464647,0.23646464646464646,-0.0002344769999465573,0.031159415050897515
4639,1.9346464646464647,0.2424242424242424,0.0004661264285454076,0.03168879086240595
4640,1.9346464646464647,0.24838383838383837,-0.00017184720420258232,0.03290616082027101
4641,1.9346464646464647,0.2543434343434343,-0.00014514997188738845,0.03367095448628322
4642,1.9346464646464647,0.26030303030303026,-0.00047434157079734546,0.034127567149824754
4643,1.9346464646464647,0.26626262626262626,-0.0004866984456169905,0.03554372285309169
4644,1.9346464646464647,0.2722222222222222,0.0009083667394681391,0.036282609492575814
4645,1.9346464646464647,0.27818181818181814,9.525243351960134e-05,0.03658548055317243
4646,1.9346464646464647,0.28414141414141414,-0.00015907056060583392,0.037620955276289586
4647,1.9346464646464647,0.2901010101010101,0.0006440607511677953,0.037875598030172236
4648,1.9346464646464647,0.296060606060606,-0.00023761368011961803,0.03856233835470566
4649,1.9346464646464647,0.302020202020202,3.6580577858647214e-06,0.03894854992958742
4650,1.9346464646464647,0.30797979797979796,5.934255232881469e-05,0.04040968360237559
4651,1.9346464646464647,0.3139393939393939,0.00020011849097774088,0.04115513277918425
4652,1.9346464646464647,0.31989898989898985,-5.5958531122424946e-05,0.04233584611311023
4653,1.9346464646464647,0.32585858585858585,0.001053127393803263,0.04395427308809882
4654,1.9346464646464647,0.3318181818181818,0.00036467744595799914,0.043628844196722784
4655,1.9346464646464647,0.33777777777777773,-5.3651090420139934e-05,0.044671486636977516
4656,1.9346464646464647,0.34373737373737373,-0.0005178837303464951,0.045357134308305784
4657,1.9346464646464647,0.3496969696969697,-8.616632499434652e-06,0.046606476205645814
4658,1.9346464646464647,0.3556565656565656,-0.00013429408105261094,0.046867034309472616
4659,1.9346464646464647,0.3616161616161616,-0.00032725755914252223,0.0482786010671443
4660,1.9346464646464647,0.36757575757575756,-0.0006229013119466192,0.048519323606672
4661,1.9346464646464647,0.3735353535353535,-0.0001802500237032306,0.04924803115338643
4662,1.9346464646464647,0.37949494949494944,-5.027618864480823e-05,0.050980648836354246
4663,1.9346464646464647,0.38545454545454544,-0.0006914697184671398,0.05125270959939999
4664,1.9346464646464647,0.3914141414141414,0.0002912291518959483,0.05199351626116269
4665,1.9346464646464647,0.3973737373737373,-0.00023081533669135824,0.053053864585564874
4666,1.9346464646464647,0.4033333333333333,0.00040335089775425334,0.053743782098371835
4667,1.9346464646464647,0.40929292929292926,-0.0012639710099270464,0.05430628284681445
4668,1.9346464646464647,0.4152525252525252,0.0005211030004685036,0.05529327754951364
4669,1.9346464646464647,0.42121212121212115,2.4941659367264846e-05,0.05602889103264833
4670,1.9346464646464647,0.42717171717171715,-4.80517993694205e-05,0.055919773642729625
4671,1.9346464646464647,0.4331313131313131,0.00016302637198305905,0.05737106205717175
4672,1.9346464646464647,0.43909090909090903,0.0003713107997190445,0.058472005041425974
4673,1.9346464646464647,0.44505050505050503,-0.0006152156722508507,0.058950516643536795
4674,1.9346464646464647,0.45101010101010097,0.000906019978170015,0.06052631377794671
4675,1.9346464646464647,0.4569696969696969,-0.00037181835898521037,0.06051710329438841
4676,1.9346464646464647,0.4629292929292929,0.0005651190492419517,0.061919807730199866
4677,1.9346464646464647,0.46888888888888886,-0.0012136669046739822,0.061372386718137585
4678,1.9346464646464647,0.4748484848484848,0.00022835491071114027,0.06404987727794496
4679,1.9346464646464647,0.48080808080808074,-0.00043697610097808884,0.06406953707698863
4680,1.9346464646464647,0.48676767676767674,-0.000927006591575428,0.06422893854285855
4681,1.9346464646464647,0.4927272727272727,7.683252536883734e-05,0.0653606231214976
4682,1.9346464646464647,0.4986868686868686,0.00021774112856382013,0.06692373437792783
4683,1.9346464646464647,0.5046464646464646,-0.0003722350253065293,0.06669919720529148
4684,1.9346464646464647,0.5106060606060605,0.0018678099432125474,0.06823021546863765
4685,1.9346464646464647,0.5165656565656566,0.0015778171923288944,0.06956846572122026
4686,1.9346464646464647,0.5225252525252525,-0.0002853723271932572,0.06896831295166085
4687,1.9346464646464647,0.5284848484848484,0.0011260112213808567,0.07053742451209477
4688,1.9346464646464647,0.5344444444444444,0.0008545875656057199,0.07262524363953284
4689,1.9346464646464647,0.5404040404040403,-0.0007613419232588454,0.07159555365482002
4690,1.9346464646464647,0.5463636363636363,-0.0007008392140713934,0.07278682763189524
4691,1.9346464646464647,0.5523232323232323,-0.00036653245594633736,0.07400509248215918
4692,1.9346464646464647,0.5582828282828283,-0.0011198148560661579,0.07405415606022595
4693,1.9346464646464647,0.5642424242424242,-9.707878664702681e-05,0.0744352168235667
4694,1.9346464646464647,0.5702020202020202,-0.0008048667160635155,0.075234727863489
4695,1.9346464646464647,0.5761616161616161,-0.0011866071284319713,0.07670393300672401
4696,1.9346464646464647,0.582121212121212,0.0006149024168397032,0.07745849334675202
4697,1.9346464646464647,0.588080808080808,0.0005921473502528759,0.07884892081710328
4698,1.9346464646464647,0.594040404040404,-0.00045301138106344254,0.07849835928761838
4699,1.9346464646464647,0.6,-0.001099564482180559,0.07838425327969559
4700,1.954747474747475,0.01,1.4302949421135526e-06,0.0013499527101152964
4701,1.954747474747475,0.01595959595959596,-8.38737486654365e-06,0.002154728925498066
4702,1.954747474747475,0.021919191919191918,-1.3351634475650598e-05,0.0029391549384723678
4703,1.954747474747475,0.027878787878787878,-1.2063033188032302e-05,0.003708695459779024
4704,1.954747474747475,0.033838383838383834,4.691877313062652e-05,0.004570571689951332
4705,1.954747474747475,0.0397979797979798,-2.6321576692664996e-07,0.005296326085056371
4706,1.954747474747475,0.045757575757575754,0.00014074273456707344,0.006094159200523395
4707,1.954747474747475,0.05171717171717172,-4.446683062393237e-05,0.006988643429650813
4708,1.954747474747475,0.05767676767676767,-8.852152192013695e-05,0.00778721954071535
4709,1.954747474747475,0.06363636363636363,4.633517626567652e-05,0.00846668950051733
4710,1.954747474747475,0.06959595959595959,3.854045981039768e-05,0.009402430810828886
4711,1.954747474747475,0.07555555555555554,1.3961188947545078e-05,0.010200391915394048
4712,1.954747474747475,0.0815151515151515,0.00014860248150193344,0.011049778647237751
4713,1.954747474747475,0.08747474747474746,-7.240752716328004e-05,0.011759356543428419
4714,1.954747474747475,0.09343434343434343,6.379045268740557e-07,0.012647958776383054
4715,1.954747474747475,0.09939393939393938,9.555313371905567e-05,0.013448199134745395
4716,1.954747474747475,0.10535353535353534,0.00012755068341208014,0.014063737481355093
4717,1.954747474747475,0.1113131313131313,-0.0002396463948008819,0.014904584282510845
4718,1.954747474747475,0.11727272727272725,-3.362617532714607e-06,0.015789479677342472
4719,1.954747474747475,0.12323232323232322,-5.4061378528464246e-05,0.016600597480966248
4720,1.954747474747475,0.1291919191919192,-0.0002863400315873023,0.017217770549101695
4721,1.954747474747475,0.13515151515151513,-5.7574336927625293e-05,0.017986977613829388
4722,1.954747474747475,0.1411111111111111,0.00026613068412810286,0.01916120215990054
4723,1.954747474747475,0.14707070707070707,-0.0003386427046580345,0.0196770956850092
4724,1.954747474747475,0.15303030303030302,0.0003366823905548859,0.020827758860218704
4725,1.954747474747475,0.158989898989899,2.8430086291701327e-05,0.021291736062891597
4726,1.954747474747475,0.16494949494949493,0.0003806574425509526,0.022227337464962554
4727,1.954747474747475,0.1709090909090909,6.774839867348529e-05,0.02306704591694462
4728,1.954747474747475,0.17686868686868687,-0.00014398004662817966,0.02382840110295591
4729,1.954747474747475,0.1828282828282828,0.00013411743597712252,0.02464352650758185
4730,1.954747474747475,0.18878787878787878,-0.0003660659503147138,0.025245843260726167
4731,1.954747474747475,0.19474747474747472,0.00019800589535015845,0.02609716549951558
4732,1.954747474747475,0.2007070707070707,-4.3708018321698016e-05,0.02723916942236005
4733,1.954747474747475,0.20666666666666667,1.7806200983273856e-05,0.02764638329089063
4734,1.954747474747475,0.2126262626262626,0.000141282732863795,0.028547885537054923
4735,1.954747474747475,0.21858585858585858,7.783550997273517e-05,0.02950347115961795
4736,1.954747474747475,0.22454545454545452,3.603100982389424e-05,0.030066901312559655
4737,1.954747474747475,0.2305050505050505,0.0003387255798903723,0.031394084448914956
4738,1.954747474747475,0.23646464646464646,0.00032746631835581653,0.03218051572531849
4739,1.954747474747475,0.2424242424242424,-0.0002679440526500149,0.03290594590859342
4740,1.954747474747475,0.24838383838383837,-0.0007499321744974299,0.03329251080502578
4741,1.954747474747475,0.2543434343434343,-5.920544891728086e-06,0.03427335417120091
4742,1.954747474747475,0.26030303030303026,-0.0005154395256624102,0.03525068264300636
4743,1.954747474747475,0.26626262626262626,8.036784191723174e-05,0.03627846941421447
4744,1.954747474747475,0.2722222222222222,0.0002119274676452914,0.03665676535279444
4745,1.954747474747475,0.27818181818181814,0.0004937919123883484,0.037766634281990896
4746,1.954747474747475,0.28414141414141414,-2.420611688358765e-06,0.0386831321615138
4747,1.954747474747475,0.2901010101010101,0.0006556454979319033,0.0391051231070474
4748,1.954747474747475,0.296060606060606,0.00027702590900974673,0.03980095760455364
4749,1.954747474747475,0.302020202020202,-0.00012813942245761169,0.04009213176105445
4750,1.954747474747475,0.30797979797979796,0.0003915318203348633,0.041693248339664965
4751,1.954747474747475,0.3139393939393939,-0.0006225707106872388,0.04219557974629133
4752,1.954747474747475,0.31989898989898985,0.0005003221053720885,0.04341264708731334
4753,1.954747474747475,0.32585858585858585,-0.0005435275161838473,0.04464380534931221
4754,1.954747474747475,0.3318181818181818,0.0003251960430921033,0.044842107935234105
4755,1.954747474747475,0.33777777777777773,-0.000308107810583506,0.04569175104547588
4756,1.954747474747475,0.34373737373737373,-0.0009855964734278987,0.04652859681347941
4757,1.954747474747475,0.3496969696969697,0.0002499790994173462,0.047785794590250355
4758,1.954747474747475,0.3556565656565656,0.0007409634905777354,0.04827673457161218
4759,1.954747474747475,0.3616161616161616,-0.00015509678069595373,0.04863722818493485
4760,1.954747474747475,0.36757575757575756,0.0001231169893848086,0.04983771386701128
4761,1.954747474747475,0.3735353535353535,0.00027798457744684734,0.05095051758460013
4762,1.954747474747475,0.37949494949494944,-0.00010384621761078416,0.05098619051844415
4763,1.954747474747475,0.38545454545454544,-0.0006318233417843998,0.05218839293990392
4764,1.954747474747475,0.3914141414141414,0.0007323478250754885,0.052848289348827016
4765,1.954747474747475,0.3973737373737373,-7.311210807416026e-05,0.053492589833098084
4766,1.954747474747475,0.4033333333333333,-6.223328087719349e-06,0.05467555262624652
4767,1.954747474747475,0.40929292929292926,0.00019448064227882295,0.055671135461190534
4768,1.954747474747475,0.4152525252525252,-0.0003120657788150705,0.05599979566990643
4769,1.954747474747475,0.42121212121212115,-2.7352060117790346e-05,0.05754629675183901
4770,1.954747474747475,0.42717171717171715,-4.2825403703326394e-05,0.057482824999052766
4771,1.954747474747475,0.4331313131313131,-0.00014324215543446838,0.05878917490470953
4772,1.954747474747475,0.43909090909090903,-0.00041381517923150393,0.0597468735383581
4773,1.954747474747475,0.44505050505050503,0.0005174907471487264,0.06026669666537221
4774,1.954747474747475,0.45101010101010097,3.854000791623475e-05,0.061490149064425445
4775,1.954747474747475,0.4569696969696969,-0.0013790516521701782,0.061943259634722116
4776,1.954747474747475,0.4629292929292929,0.00044741253843718455,0.06258351116742432
4777,1.954747474747475,0.46888888888888886,9.208618185850205e-05,0.06400871776709055
4778,1.954747474747475,0.4748484848484848,-0.0004078616165092681,0.06413791437709146
4779,1.954747474747475,0.48080808080808074,-7.627821819471794e-05,0.06484485193605087
4780,1.954747474747475,0.48676767676767674,0.0008572002679592648,0.0661095285759167
4781,1.954747474747475,0.4927272727272727,0.00011339285243360856,0.06645372981880314
4782,1.954747474747475,0.4986868686868686,-0.0003167603068159656,0.06722795714095023
4783,1.954747474747475,0.5046464646464646,0.0006418873542668767,0.0680911090420954
4784,1.954747474747475,0.5106060606060605,-0.0008763938170291348,0.06929745847982477
4785,1.954747474747475,0.5165656565656566,-0.00030778035698161377,0.07037022191772883
4786,1.954747474747475,0.5225252525252525,-0.001361651103639048,0.06954961565189549
4787,1.954747474747475,0.5284848484848484,0.0009621719059333874,0.07243064959142533
4788,1.954747474747475,0.5344444444444444,-0.0005247797386603183,0.07229793207492606
4789,1.954747474747475,0.5404040404040403,-0.00021435591410406808,0.07367394515218133
4790,1.954747474747475,0.5463636363636363,-0.0004417292298866306,0.07336389373040837
4791,1.954747474747475,0.5523232323232323,0.0008007545608391263,0.07544607855665796
4792,1.954747474747475,0.5582828282828283,-0.00018048582206962201,0.07669586870868929
4793,1.954747474747475,0.5642424242424242,-0.0004923478689317519,0.07610645206379407
4794,1.954747474747475,0.5702020202020202,0.0007673325272628095,0.07778891931123269
4795,1.954747474747475,0.5761616161616161,7.631187804619906e-05,0.07837872951631243
4796,1.954747474747475,0.582121212121212,6.037924689803243e-05,0.07959565466164806
4797,1.954747474747475,0.588080808080808,-0.0007999099131708604,0.08055076501254098
4798,1.954747474747475,0.594040404040404,0.0002178721576714326,0.08121864712629352
4799,1.954747474747475,0.6,1.802855904878502e-05,0.08194185517210043
4800,1.9748484848484849,0.01,-6.719991857205687e-06,0.0013643637849641886
4801,1.9748484848484849,0.01595959595959596,1.4635078246231781e-05,0.0022192255572291626
4802,1.9748484848484849,0.021919191919191918,4.590753449398076e-05,0.0029987371367451695
4803,1.9748484848484849,0.027878787878787878,5.4694521343345856e-05,0.003855345444450597
4804,1.9748484848484849,0.033838383838383834,6.827153747758377e-05,0.004622356915254778
4805,1.9748484848484849,0.0397979797979798,4.1117249836272086e-05,0.005440223771688401
4806,1.9748484848484849,0.045757575757575754,-3.7322195001082935e-05,0.006277298731125823
4807,1.9748484848484849,0.05171717171717172,5.577904470373851e-05,0.007078313796801462
4808,1.9748484848484849,0.05767676767676767,1.397419629999107e-05,0.007894136015915609
4809,1.9748484848484849,0.06363636363636363,4.0731288816824427e-05,0.008765611506930239
4810,1.9748484848484849,0.06959595959595959,-0.00010266864794978102,0.009633453518516308
4811,1.9748484848484849,0.07555555555555554,8.952680794823433e-05,0.010356805347540765
4812,1.9748484848484849,0.0815151515151515,6.9942669413306405e-06,0.011142011247837725
4813,1.9748484848484849,0.08747474747474746,6.127177286794728e-05,0.01205344521090549
4814,1.9748484848484849,0.09343434343434343,-9.13598587833626e-05,0.012779918316577462
4815,1.9748484848484849,0.09939393939393938,-2.0201664687905453e-05,0.013742658997374596
4816,1.9748484848484849,0.10535353535353534,0.00023685411110946824,0.014598057394209892
4817,1.9748484848484849,0.1113131313131313,0.0003538112459532614,0.015231043767931348
4818,1.9748484848484849,0.11727272727272725,0.00012225953733658982,0.01608136792537543
4819,1.9748484848484849,0.12323232323232322,7.876347780299482e-05,0.01697546582294623
4820,1.9748484848484849,0.1291919191919192,0.00012806069824660083,0.01792571635286961
4821,1.9748484848484849,0.13515151515151513,-1.47378868233766e-05,0.018580906549829787
4822,1.9748484848484849,0.1411111111111111,-0.00013156323525461097,0.01964676267321533
4823,1.9748484848484849,0.14707070707070707,-0.0002494987360992754,0.020275342942113746
4824,1.9748484848484849,0.15303030303030302,-0.00034543660129515724,0.021125088922752982
4825,1.9748484848484849,0.158989898989899,0.00010366383138955356,0.021971149440829753
4826,1.9748484848484849,0.16494949494949493,0.00037300159029714057,0.022748809508847924
4827,1.9748484848484849,0.1709090909090909,-0.00051744634712978,0.023127564744838933
4828,1.9748484848484849,0.17686868686868687,5.937304873663253e-05,0.024188506383258857
4829,1.9748484848484849,0.1828282828282828,-0.0003247512906963968,0.025285986233883357
4830,1.9748484848484849,0.18878787878787878,6.347113924385054e-05,0.025980985474053968
4831,1.9748484848484849,0.19474747474747472,0.00020713690476735608,0.026853825619947657
4832,1.9748484848484849,0.2007070707070707,-0.00011030244175638806,0.02748722974492365
4833,1.9748484848484849,0.20666666666666667,-0.0002578105808569905,0.02829233230527184
4834,1.9748484848484849,0.2126262626262626,-0.0002615323393354538,0.029642302796098183
4835,1.9748484848484849,0.21858585858585858,-0.00018609883487557798,0.02986015335631331
4836,1.9748484848484849,0.22454545454545452,0.0003540282613185399,0.030667879430138573
4837,1.9748484848484849,0.2305050505050505,0.00014582214299904236,0.0318208979133725
4838,1.9748484848484849,0.23646464646464646,-0.00016466444819100175,0.03270056545954574
4839,1.9748484848484849,0.2424242424242424,0.00017543504904896513,0.033326588170945685
4840,1.9748484848484849,0.24838383838383837,0.00017840632436764758,0.03410679522585099
4841,1.9748484848484849,0.2543434343434343,-2.4106448740688345e-05,0.034963893674374504
4842,1.9748484848484849,0.26030303030303026,3.9668894015109156e-05,0.03619351723481273
4843,1.9748484848484849,0.26626262626262626,0.0007826383360912934,0.03708361601031144
4844,1.9748484848484849,0.2722222222222222,-0.00014115522434422515,0.037287648199241324
4845,1.9748484848484849,0.27818181818181814,-0.0002762106684525648,0.038201143596209554
4846,1.9748484848484849,0.28414141414141414,0.00017878879535837696,0.03899176181841095
4847,1.9748484848484849,0.2901010101010101,0.00027199962416697183,0.040044828133772865
4848,1.9748484848484849,0.296060606060606,0.00012250103059669194,0.04092107404847296
4849,1.9748484848484849,0.302020202020202,0.000633671860904676,0.041698782008940935
4850,1.9748484848484849,0.30797979797979796,0.0002523225707938245,0.04286473467275955
4851,1.9748484848484849,0.3139393939393939,-0.0005264986186291914,0.043317695396038976
4852,1.9748484848484849,0.31989898989898985,-0.00043031685668525375,0.04426332798099858
4853,1.9748484848484849,0.32585858585858585,-0.00043826656002682443,0.044200717665244124
4854,1.9748484848484849,0.3318181818181818,0.00018132397141035894,0.045757101756459015
4855,1.9748484848484849,0.33777777777777773,-0.0004650518603697817,0.04615740190058716
4856,1.9748484848484849,0.34373737373737373,-0.00010505868222550278,0.047356297573272026
4857,1.9748484848484849,0.3496969696969697,0.00030695583282538296,0.04806046340717499
4858,1.9748484848484849,0.3556565656565656,0.0001455320594850685,0.04931081408137735
4859,1.9748484848484849,0.3616161616161616,0.00047529965089468097,0.049517702701612244
4860,1.9748484848484849,0.36757575757575756,0.00068900219209752,0.051138292737619793
4861,1.9748484848484849,0.3735353535353535,-0.00023182119587023808,0.0512887242862998
4862,1.9748484848484849,0.37949494949494944,0.000575673853182781,0.05257071653187032
4863,1.9748484848484849,0.38545454545454544,-0.000188539701758876,0.05315033285551541
4864,1.9748484848484849,0.3914141414141414,-0.00039482625617077603,0.05437677955845797
4865,1.9748484848484849,0.3973737373737373,-0.00018005209827660727,0.054687405826272725
4866,1.9748484848484849,0.4033333333333333,-0.0016091962725970645,0.05527155014014404
4867,1.9748484848484849,0.40929292929292926,0.00025745570166561046,0.05646255195839049
4868,1.9748484848484849,0.4152525252525252,0.00039060104740182863,0.057361722695902034
4869,1.9748484848484849,0.42121212121212115,0.00034425500244556265,0.05810432832831096
4870,1.9748484848484849,0.42717171717171715,0.00017510302952965042,0.05964875404695815
4871,1.9748484848484849,0.4331313131313131,-0.0009643241224492499,0.05976357927777752
4872,1.9748484848484849,0.43909090909090903,-0.00044426683806636974,0.0602441571895603
4873,1.9748484848484849,0.44505050505050503,6.550270606399855e-05,0.06190858666448691
4874,1.9748484848484849,0.45101010101010097,0.0009111807683869823,0.06285685991469564
4875,1.9748484848484849,0.4569696969696969,-0.0008736840098040716,0.06324056856606454
4876,1.9748484848484849,0.4629292929292929,-0.0001853077595895701,0.06460603468498509
4877,1.9748484848484849,0.46888888888888886,-0.0006179130728259574,0.06395083572032735
4878,1.9748484848484849,0.4748484848484848,-0.0005177778409969843,0.06501816422388998
4879,1.9748484848484849,0.48080808080808074,-0.0007306095097873535,0.06595093038407357
4880,1.9748484848484849,0.48676767676767674,0.0014678224534415058,0.06795908476892579
4881,1.9748484848484849,0.4927272727272727,-0.0005443323016450298,0.06782240305774577
4882,1.9748484848484849,0.4986868686868686,-0.0012453270250129074,0.06806774662790113
4883,1.9748484848484849,0.5046464646464646,0.0005698603771285439,0.06924325823370171
4884,1.9748484848484849,0.5106060606060605,-0.000129266486705185,0.07051034364417691
4885,1.9748484848484849,0.5165656565656566,-0.0002835583320271266,0.07052582610178165
4886,1.9748484848484849,0.5225252525252525,0.0003456510301604819,0.07286735084469412
4887,1.9748484848484849,0.5284848484848484,0.0012674244609238888,0.07406586584646373
4888,1.9748484848484849,0.5344444444444444,-0.0014484015295605,0.07362087983896194
4889,1.9748484848484849,0.5404040404040403,-0.0010904059126099874,0.07518629875014211
4890,1.9748484848484849,0.5463636363636363,-0.0006110771145205933,0.07645669084889548
4891,1.9748484848484849,0.5523232323232323,0.00031222928410031486,0.07560115618182493
4892,1.9748484848484849,0.5582828282828283,-0.0004347191340117214,0.07702143902725345
4893,1.9748484848484849,0.5642424242424242,-0.0017501236907264245,0.07815609333742009
4894,1.9748484848484849,0.5702020202020202,6.018570268746739e-05,0.07865925432406931
4895,1.9748484848484849,0.5761616161616161,0.0005263173374730898,0.0800869195819686
4896,1.9748484848484849,0.582121212121212,-0.0006204260052941377,0.0812371059046381
4897,1.9748484848484849,0.588080808080808,-0.0018009253054853203,0.0800471499839301
4898,1.9748484848484849,0.594040404040404,0.0008880705508334444,0.0827879267252774
4899,1.9748484848484849,0.6,0.00010396592574495491,0.08364237930258049
4900,1.994949494949495,0.01,1.4911540794296873e-05,0.0013992962626849768
4901,1.994949494949495,0.01595959595959596,-2.408790202832094e-05,0.0022229193980391215
4902,1.994949494949495,0.021919191919191918,-2.5659147002798923e-07,0.003098390756177264
4903,1.994949494949495,0.027878787878787878,-1.969032570942275e-05,0.0039208703527906525
4904,1.994949494949495,0.033838383838383834,-2.0535899929261413e-05,0.0047387718293150855
4905,1.994949494949495,0.0397979797979798,5.725829759198096e-05,0.00553213182128382
4906,1.994949494949495,0.045757575757575754,4.972887039261801e-05,0.006452604542363057
4907,1.994949494949495,0.05171717171717172,-1.691922096738184e-05,0.007181967005694454
4908,1.994949494949495,0.05767676767676767,7.944259151164872e-05,0.008149860319186271
4909,1.994949494949495,0.06363636363636363,9.948893178731157e-05,0.00900029541681263
4910,1.994949494949495,0.06959595959595959,-0.00010315469184378388,0.009826317963551663
4911,1.994949494949495,0.07555555555555554,7.426513784296206e-05,0.01059788913370717
4912,1.994949494949495,0.0815151515151515,2.6041476724027167e-05,0.011313042213720353
4913,1.994949494949495,0.08747474747474746,-5.675121424938416e-05,0.012275107416887854
4914,1.994949494949495,0.09343434343434343,-1.1446402144190205e-05,0.013140356491476417
4915,1.994949494949495,0.09939393939393938,-0.00019213987820831786,0.013881870483623718
4916,1.994949494949495,0.10535353535353534,0.0003953311587943698,0.014640001580908701
4917,1.994949494949495,0.1113131313131313,3.479233931143298e-05,0.01551491857945507
4918,1.994949494949495,0.11727272727272725,-0.00016734454631335026,0.016557326138914596
4919,1.994949494949495,0.12323232323232322,-7.647581565123914e-05,0.017375109940023024
4920,1.994949494949495,0.1291919191919192,-0.00035201958212762607,0.018008489915659717
4921,1.994949494949495,0.13515151515151513,3.430441192083527e-05,0.019095728846865948
4922,1.994949494949495,0.1411111111111111,0.0003614450570481482,0.01982146353482133
4923,1.994949494949495,0.14707070707070707,-0.00013892820348827036,0.020611321459080862
4924,1.994949494949495,0.15303030303030302,9.812588552284585e-05,0.021462243378097372
4925,1.994949494949495,0.158989898989899,0.0002900763128247124,0.022263788719129464
4926,1.994949494949495,0.16494949494949493,-0.00018414301059881694,0.023338608792111092
4927,1.994949494949495,0.1709090909090909,0.0002392954008830137,0.023982134574418872
4928,1.994949494949495,0.17686868686868687,-3.5201192582720533e-05,0.024828526062597108
4929,1.994949494949495,0.1828282828282828,-0.00014555304210838864,0.02572959036054946
4930,1.994949494949495,0.18878787878787878,1.6703434077053147e-05,0.026763405783012093
4931,1.994949494949495,0.19474747474747472,2.0089692333727925e-05,0.027776350534648952
4932,1.994949494949495,0.2007070707070707,-0.00016861043596744582,0.028033320405584806
4933,1.994949494949495,0.20666666666666667,-0.0002945879098548593,0.02932107129213008
4934,1.994949494949495,0.2126262626262626,0.0001698954218494425,0.029441844618031367
4935,1.994949494949495,0.21858585858585858,-5.191045428007715e-05,0.031051728981035975
4936,1.994949494949495,0.22454545454545452,-0.0003113899880766179,0.031681114337635374
4937,1.994949494949495,0.2305050505050505,-0.00026092547776573085,0.032599023680146444
4938,1.994949494949495,0.23646464646464646,-0.00032854171023467013,0.0330818412268072
4939,1.994949494949495,0.2424242424242424,0.00013898085967651306,0.034489878347068466
4940,1.994949494949495,0.24838383838383837,0.00019599872726924604,0.034911703029652665
4941,1.994949494949495,0.2543434343434343,-0.00012174375652132925,0.03571213957663267
4942,1.994949494949495,0.26030303030303026,-0.0006485659698454949,0.036716213427438395
4943,1.994949494949495,0.26626262626262626,0.0004242873975531499,0.03742583728769653
4944,1.994949494949495,0.2722222222222222,-0.0001324129926859276,0.038555182777063234
4945,1.994949494949495,0.27818181818181814,0.00022936645011188456,0.0395074932995002
4946,1.994949494949495,0.28414141414141414,0.0004567318490403487,0.0400315136866574
4947,1.994949494949495,0.2901010101010101,-0.0004409840683315293,0.04081991353747794
4948,1.994949494949495,0.296060606060606,0.00040293629369877895,0.04158711228402708
4949,1.994949494949495,0.302020202020202,0.0002514771834224252,0.042713023435441116
4950,1.994949494949495,0.30797979797979796,-7.254142568304327e-05,0.04325249907672324
4951,1.994949494949495,0.3139393939393939,0.0005112796135860965,0.043737606259244284
4952,1.994949494949495,0.31989898989898985,0.00025783190152667247,0.04560703951548993
4953,1.994949494949495,0.32585858585858585,0.0008404368349034503,0.04621420094986328
4954,1.994949494949495,0.3318181818181818,-0.0006439063765366968,0.04704713403555866
4955,1.994949494949495,0.33777777777777773,0.0007809497150647873,0.04748350702722025
4956,1.994949494949495,0.34373737373737373,-0.0008849204041049856,0.0474571691585409
4957,1.994949494949495,0.3496969696969697,0.0003619387517898066,0.049483833530867424
4958,1.994949494949495,0.3556565656565656,9.597147385397569e-05,0.05002241502177996
4959,1.994949494949495,0.3616161616161616,0.000889119492023827,0.05069879881189114
4960,1.994949494949495,0.36757575757575756,0.0001004352074105154,0.052127697197703445
4961,1.994949494949495,0.3735353535353535,0.00012077171050138506,0.052601611252335895
4962,1.994949494949495,0.37949494949494944,-0.00014385328577870573,0.05395816792187871
4963,1.994949494949495,0.38545454545454544,0.0008499924179462209,0.05437721193324372
4964,1.994949494949495,0.3914141414141414,0.0003018446609678102,0.054864819093915496
4965,1.994949494949495,0.3973737373737373,0.00021931865046989065,0.056458264167215735
4966,1.994949494949495,0.4033333333333333,-0.0002254820238797459,0.0559781732669383
4967,1.994949494949495,0.40929292929292926,-0.000531622185755207,0.05715397483204922
4968,1.994949494949495,0.4152525252525252,-0.0004269204335288503,0.058439574435509456
4969,1.994949494949495,0.42121212121212115,0.00027494131772171434,0.05974632185937967
4970,1.994949494949495,0.42717171717171715,-0.00013305418498413344,0.06068370506039126
4971,1.994949494949495,0.4331313131313131,-0.0005394091497452013,0.06075552301090525
4972,1.994949494949495,0.43909090909090903,0.00011449585124000677,0.06093121479559844
4973,1.994949494949495,0.44505050505050503,0.0010184762540638105,0.06409993603205272
4974,1.994949494949495,0.45101010101010097,-0.000632897954937632,0.06374850584298491
4975,1.994949494949495,0.4569696969696969,0.0010471057361793146,0.0643371851382103
4976,1.994949494949495,0.4629292929292929,-0.0005655574529156131,0.06597707577184503
4977,1.994949494949495,0.46888888888888886,-0.0001802949211073062,0.0663677858562501
4978,1.994949494949495,0.4748484848484848,0.00017702549249440884,0.06791192180888225
4979,1.994949494949495,0.48080808080808074,0.0011302819839455113,0.06845893417964256
4980,1.994949494949495,0.48676767676767674,-0.0001973160365090547,0.06986017327955127
4981,1.994949494949495,0.4927272727272727,-0.00046640347016919633,0.06983771376342233
4982,1.994949494949495,0.4986868686868686,-0.0005071724416914913,0.07090283471214244
4983,1.994949494949495,0.5046464646464646,0.00045201270449655447,0.07083680162838446
4984,1.994949494949495,0.5106060606060605,-0.00028493253592006115,0.07279895207409634
4985,1.994949494949495,0.5165656565656566,0.0009122423061146994,0.0725750160158177
4986,1.994949494949495,0.5225252525252525,-0.0003338447456450954,0.07301371836816979
4987,1.994949494949495,0.5284848484848484,-0.0007044224570916264,0.07447817800017001
4988,1.994949494949495,0.5344444444444444,8.366053916006861e-05,0.07601669542449185
4989,1.994949494949495,0.5404040404040403,-0.00029253136195950003,0.07647840096086216
4990,1.994949494949495,0.5463636363636363,-0.0007044254376856162,0.07732816725387476
4991,1.994949494949495,0.5523232323232323,-0.00019954630417673975,0.07862219471665492
4992,1.994949494949495,0.5582828282828283,0.001369848527553703,0.07864477352714716
4993,1.994949494949495,0.5642424242424242,0.00023422249765637018,0.08090541072093653
4994,1.994949494949495,0.5702020202020202,-0.00107792924692918,0.08001578534692856
4995,1.994949494949495,0.5761616161616161,0.0011313119228121029,0.08173533280962499
4996,1.994949494949495,0.582121212121212,-0.0028978541874892165,0.08149360975482306
4997,1.994949494949495,0.588080808080808,-0.0006609268508880567,0.0822558005153527
4998,1.994949494949495,0.594040404040404,0.001231052034801105,0.08479307473007609
4999,1.994949494949495,0.6,-0.001128695718550533,0.08527229192286044
5000,2.015050505050505,0.01,-1.945980599672371e-05,0.001441472332288039
5001,2.015050505050505,0.01595959595959596,5.5674149413777015e-06,0.0022953313017231
5002,2.015050505050505,0.021919191919191918,1.593700181889791e-05,0.0031252218304735216
5003,2.015050505050505,0.027878787878787878,-5.7089700687811505e-05,0.003955782555800565
5004,2.015050505050505,0.033838383838383834,4.584252526923197e-05,0.0048701723590644005
5005,2.015050505050505,0.0397979797979798,-1.859904824655284e-05,0.005721806102442558
5006,2.015050505050505,0.045757575757575754,-4.602004853727693e-06,0.006486587203459382
5007,2.015050505050505,0.05171717171717172,0.00013836039720572068,0.007282339185091363
5008,2.015050505050505,0.05767676767676767,-6.630266689921373e-05,0.008326803945065124
5009,2.015050505050505,0.06363636363636363,-9.730558023197005e-05,0.00911872640117788
5010,2.015050505050505,0.06959595959595959,5.2115111488749024e-05,0.01009849381944847
5011,2.015050505050505,0.07555555555555554,-2.683334791600188e-05,0.010702074348047859
5012,2.015050505050505,0.0815151515151515,4.317222838113973e-05,0.011477313134660487
5013,2.015050505050505,0.08747474747474746,-0.00013250869489037128,0.012540423491174353
5014,2.015050505050505,0.09343434343434343,-0.00014602303324101742,0.013264686829644023
5015,2.015050505050505,0.09939393939393938,-0.00018305894750550195,0.014280762380133457
5016,2.015050505050505,0.10535353535353534,2.6499630011575405e-06,0.015133125413472033
5017,2.015050505050505,0.1113131313131313,-3.557532550974431e-05,0.01593500443287642
5018,2.015050505050505,0.11727272727272725,-0.00024072998977341974,0.016899471118704674
5019,2.015050505050505,0.12323232323232322,-8.117801721154405e-05,0.017376731200273304
5020,2.015050505050505,0.1291919191919192,4.594838284594252e-05,0.01847267098714396
5021,2.015050505050505,0.13515151515151513,0.0002226031602167664,0.01952123107549025
5022,2.015050505050505,0.1411111111111111,0.000296306590432577,0.020087554162218253
5023,2.015050505050505,0.14707070707070707,-0.00019419960071342723,0.021001609379717037
5024,2.015050505050505,0.15303030303030302,4.8637159913253506e-05,0.0215433892523845
5025,2.015050505050505,0.158989898989899,0.0002839415615698379,0.022765401436106066
5026,2.015050505050505,0.16494949494949493,4.073799430971987e-05,0.023806976822204527
5027,2.015050505050505,0.1709090909090909,-4.663252676285894e-05,0.024656556894784284
5028,2.015050505050505,0.17686868686868687,3.3772669851163085e-05,0.02502870352627922
5029,2.015050505050505,0.1828282828282828,0.000353381476850464,0.02633439417147518
5030,2.015050505050505,0.18878787878787878,-0.00014970613158043166,0.02717083618157842
5031,2.015050505050505,0.19474747474747472,-0.00023129020096001763,0.027946925979239246
5032,2.015050505050505,0.2007070707070707,0.0002024832165868715,0.02905083584750763
5033,2.015050505050505,0.20666666666666667,-0.00018618183060453624,0.029666411335741542
5034,2.015050505050505,0.2126262626262626,-6.859866516238467e-05,0.03020696843454418
5035,2.015050505050505,0.21858585858585858,-9.195562330230018e-05,0.031373933500026104
5036,2.015050505050505,0.22454545454545452,-0.00047292080635993774,0.032429943536240104
5037,2.015050505050505,0.2305050505050505,-0.00016220223987566408,0.032836450791606166
5038,2.015050505050505,0.23646464646464646,0.00020416554944698194,0.03390327144342396
5039,2.015050505050505,0.2424242424242424,-0.00030001758079497545,0.03480035121073881
5040,2.015050505050505,0.24838383838383837,-8.948446544399991e-06,0.035366855915766895
5041,2.015050505050505,0.2543434343434343,1.7588887703006905e-05,0.036378647418671195
5042,2.015050505050505,0.26030303030303026,-0.0004104358821355434,0.03744854740753009
5043,2.015050505050505,0.26626262626262626,0.0001223637562525011,0.03844960445480955
5044,2.015050505050505,0.2722222222222222,-0.00024039681520610675,0.03944911461380842
5045,2.015050505050505,0.27818181818181814,-0.000912072025297197,0.039564458291855994
5046,2.015050505050505,0.28414141414141414,-0.00023628417425200187,0.040358314973825464
5047,2.015050505050505,0.2901010101010101,0.0009168893042364697,0.041496858532286636
5048,2.015050505050505,0.296060606060606,-0.000460883229209555,0.042644660951820214
5049,2.015050505050505,0.302020202020202,0.0005391349763771198,0.043557576124571715
5050,2.015050505050505,0.30797979797979796,-0.0001958493972751427,0.043968107777714587
5051,2.015050505050505,0.3139393939393939,-0.00023627601311296481,0.04498203938388948
5052,2.015050505050505,0.31989898989898985,-0.00017132050180183121,0.04531976558454855
5053,2.015050505050505,0.32585858585858585,-2.7608896523628966e-05,0.04605964425655007
5054,2.015050505050505,0.3318181818181818,-9.043416210482427e-05,0.04815711349225525
5055,2.015050505050505,0.33777777777777773,-3.5846780472456176e-05,0.04827475227580403
5056,2.015050505050505,0.34373737373737373,0.00019417083339153516,0.04919831967386514
5057,2.015050505050505,0.3496969696969697,-0.0008556092772693855,0.05021555580907253
5058,2.015050505050505,0.3556565656565656,-3.606375364738934e-06,0.051634277163828894
5059,2.015050505050505,0.3616161616161616,-0.0001394221603551329,0.05215313154398268
5060,2.015050505050505,0.36757575757575756,0.0006317227019556677,0.05212083204187762
5061,2.015050505050505,0.3735353535353535,0.00025983279862547114,0.053143485275780736
5062,2.015050505050505,0.37949494949494944,0.0002113686042649137,0.05450985708156428
5063,2.015050505050505,0.38545454545454544,0.00024297170036187814,0.055303860788772655
5064,2.015050505050505,0.3914141414141414,0.00011838405256211393,0.056368564204849876
5065,2.015050505050505,0.3973737373737373,-0.001360800874494815,0.05682717412314517
5066,2.015050505050505,0.4033333333333333,0.0003361016609648246,0.058131685015514176
5067,2.015050505050505,0.40929292929292926,0.00021686831921580282,0.05926165019526956
5068,2.015050505050505,0.4152525252525252,0.00011654467818608558,0.06010658193689443
5069,2.015050505050505,0.42121212121212115,-0.000980106310209986,0.06070882614631771
5070,2.015050505050505,0.42717171717171715,0.00037283228966080833,0.06177874705894057
5071,2.015050505050505,0.4331313131313131,0.00017025860203715947,0.06251471330326061
5072,2.015050505050505,0.43909090909090903,-9.778586434462131e-05,0.06271820894158138
5073,2.015050505050505,0.44505050505050503,0.0008251439583277186,0.06425461926179947
5074,2.015050505050505,0.45101010101010097,-0.0007784027096441659,0.0651679598125154
5075,2.015050505050505,0.4569696969696969,-0.0010821910903564668,0.0653051488524616
5076,2.015050505050505,0.4629292929292929,-0.00020410692413842194,0.06708533432578061
5077,2.015050505050505,0.46888888888888886,-0.00017569634168781021,0.06674703594945174
5078,2.015050505050505,0.4748484848484848,0.0002199891820336742,0.06884021967971092
5079,2.015050505050505,0.48080808080808074,0.0014448654682687682,0.06949929573252266
5080,2.015050505050505,0.48676767676767674,-0.0005874369470657656,0.07081780246753211
5081,2.015050505050505,0.4927272727272727,0.0009663543323067291,0.07107827661189726
5082,2.015050505050505,0.4986868686868686,-0.0006807808635385555,0.07171560206048172
5083,2.015050505050505,0.5046464646464646,-0.00016292730735288172,0.07345297350140034
5084,2.015050505050505,0.5106060606060605,-0.0002683208081209045,0.0745938149180393
5085,2.015050505050505,0.5165656565656566,-0.0008415593847788901,0.07445077142531668
5086,2.015050505050505,0.5225252525252525,0.0008724898793908488,0.07550851269907481
5087,2.015050505050505,0.5284848484848484,-0.0004164125395455641,0.07530615243380727
5088,2.015050505050505,0.5344444444444444,6.555273322743816e-05,0.07719213442985372
5089,2.015050505050505,0.5404040404040403,-0.0021858523178387395,0.07758362994337378
5090,2.015050505050505,0.5463636363636363,-0.00011527311977485776,0.07917354634130372
5091,2.015050505050505,0.5523232323232323,-0.0005220091590397685,0.07993331751503012
5092,2.015050505050505,0.5582828282828283,-0.0007061278587380105,0.08123780440007763
5093,2.015050505050505,0.5642424242424242,-0.000679433825355369,0.08054806972139851
5094,2.015050505050505,0.5702020202020202,0.0002628700021123716,0.08283435756799115
5095,2.015050505050505,0.5761616161616161,0.00010544654974026262,0.08317387319361444
5096,2.015050505050505,0.582121212121212,0.0014430597724890137,0.08502820292066268
5097,2.015050505050505,0.588080808080808,-0.0002338975703294901,0.08545597388139263
5098,2.015050505050505,0.594040404040404,0.0010601078876949052,0.08589385251478614
5099,2.015050505050505,0.6,0.0004051911441141294,0.08520321651611722
5100,2.035151515151515,0.01,1.904270292445892e-05,0.0014597194453695806
5101,2.035151515151515,0.01595959595959596,-4.628380844152809e-05,0.002348167672354069
5102,2.035151515151515,0.021919191919191918,5.21456556095103e-05,0.003201760037680713
5103,2.035151515151515,0.027878787878787878,1.9314674582787062e-05,0.004093517835351189
5104,2.035151515151515,0.033838383838383834,1.3772580461427186e-05,0.004905602005772711
5105,2.035151515151515,0.0397979797979798,1.4020797015645537e-05,0.005821673521627425
5106,2.035151515151515,0.045757575757575754,-6.250225087094518e-05,0.00655037035752168
5107,2.035151515151515,0.05171717171717172,5.7716031984259175e-05,0.007596513253608467
5108,2.035151515151515,0.05767676767676767,-1.786474694136109e-05,0.008471704860753704
5109,2.035151515151515,0.06363636363636363,-9.42780616591529e-05,0.009254606562924789
5110,2.035151515151515,0.06959595959595959,-1.644197280675177e-05,0.010195067800896282
5111,2.035151515151515,0.07555555555555554,0.0001666914250582265,0.011038725792072211
5112,2.035151515151515,0.0815151515151515,6.886305047131827e-05,0.011844111829473045
5113,2.035151515151515,0.08747474747474746,0.00025666374363974935,0.01280078184477357
5114,2.035151515151515,0.09343434343434343,0.00023464369274231318,0.013622959289948694
5115,2.035151515151515,0.09939393939393938,-0.0001269360838547293,0.01433406174363713
5116,2.035151515151515,0.10535353535353534,-0.00022499597442575127,0.015125272903802832
5117,2.035151515151515,0.1113131313131313,0.00010498771928992947,0.016379218398510354
5118,2.035151515151515,0.11727272727272725,9.252744131648523e-05,0.01704461489205476
5119,2.035151515151515,0.12323232323232322,9.19501012655383e-05,0.017982949260374546
5120,2.035151515151515,0.1291919191919192,-2.442687127767118e-06,0.01896328374981659
5121,2.035151515151515,0.13515151515151513,-2.590265072013199e-05,0.01969569049796841
5122,2.035151515151515,0.1411111111111111,-0.00030038237660154566,0.0202792971552006
5123,2.035151515151515,0.14707070707070707,0.00023180803092023966,0.0216926021349876
5124,2.035151515151515,0.15303030303030302,-8.445249119974835e-05,0.02217908323619924
5125,2.035151515151515,0.158989898989899,-0.00022900134365883216,0.0232160012705949
5126,2.035151515151515,0.16494949494949493,-5.4535420667137414e-05,0.024278273846238676
5127,2.035151515151515,0.1709090909090909,-0.0005325877715181542,0.024784366189920148
5128,2.035151515151515,0.17686868686868687,3.1507851678667364e-05,0.02578555336313802
5129,2.035151515151515,0.1828282828282828,-0.00032430588865379193,0.02695286643203949
5130,2.035151515151515,0.18878787878787878,-2.7713801455144384e-05,0.027803845393180485
5131,2.035151515151515,0.19474747474747472,4.507307232642044e-06,0.028708869439995104
5132,2.035151515151515,0.2007070707070707,-0.0007135120860166329,0.029207024688111885
5133,2.035151515151515,0.20666666666666667,-0.0002579338794505917,0.02986447272997194
5134,2.035151515151515,0.2126262626262626,-0.00043404334781907953,0.030874321135077397
5135,2.035151515151515,0.21858585858585858,0.00020078075454459414,0.031978536992446474
5136,2.035151515151515,0.22454545454545452,0.0002606344619044576,0.032461226879337016
5137,2.035151515151515,0.2305050505050505,2.00194057461909e-05,0.033647467982500706
5138,2.035151515151515,0.23646464646464646,-0.00016505542976344824,0.0346482584081633
5139,2.035151515151515,0.2424242424242424,0.00010392966121030172,0.03534975698476538
5140,2.035151515151515,0.24838383838383837,9.995017257647044e-05,0.03641741326555913
5141,2.035151515151515,0.2543434343434343,-0.0001435922604223234,0.03672490033225027
5142,2.035151515151515,0.26030303030303026,5.580061602035751e-05,0.03765485749887801
5143,2.035151515151515,0.26626262626262626,-0.0002946484597075886,0.038338548318481734
5144,2.035151515151515,0.2722222222222222,0.00033863640703736634,0.03963545807910194
5145,2.035151515151515,0.27818181818181814,0.00017958295349685606,0.040327924299815444
5146,2.035151515151515,0.28414141414141414,-0.00039675954574351044,0.041487526097185666
5147,2.035151515151515,0.2901010101010101,-5.456303184907321e-05,0.042770025050329466
5148,2.035151515151515,0.296060606060606,-2.1261134836634142e-05,0.043182404718969565
5149,2.035151515151515,0.302020202020202,0.0006344275122923829,0.04463763942481278
5150,2.035151515151515,0.30797979797979796,-0.00017858487659159702,0.045563818560395604
5151,2.035151515151515,0.3139393939393939,0.0002153189912955517,0.045773667344135675
5152,2.035151515151515,0.31989898989898985,-0.00012897724497216986,0.04730141090500422
5153,2.035151515151515,0.32585858585858585,0.000104067510293208,0.04786994814371737
5154,2.035151515151515,0.3318181818181818,0.0003160646862984022,0.04941908702462826
5155,2.035151515151515,0.33777777777777773,0.0001965158137471932,0.04924389717258723
5156,2.035151515151515,0.34373737373737373,0.00023674445606192403,0.05053573368262866
5157,2.035151515151515,0.3496969696969697,0.0007217166279657338,0.05156001080809111
5158,2.035151515151515,0.3556565656565656,0.00034546034118841293,0.05244753592570823
5159,2.035151515151515,0.3616161616161616,0.00048121935361438676,0.053144840142476474
5160,2.035151515151515,0.36757575757575756,0.0008908000266197106,0.05465567237835995
5161,2.035151515151515,0.3735353535353535,-0.0008510508901904805,0.05506477470177937
5162,2.035151515151515,0.37949494949494944,-0.00018456813256093402,0.05533563225307154
5163,2.035151515151515,0.38545454545454544,0.0009607871930096904,0.05645375923844478
5164,2.035151515151515,0.3914141414141414,-0.0002906083084933002,0.05787454569573886
5165,2.035151515151515,0.3973737373737373,0.0003768404928056943,0.05822766851965063
5166,2.035151515151515,0.4033333333333333,0.0006458610792536586,0.05936690115890849
5167,2.035151515151515,0.40929292929292926,-0.00015770346361191067,0.0596936971591341
5168,2.035151515151515,0.4152525252525252,0.0005577217987971102,0.06078079912801279
5169,2.035151515151515,0.42121212121212115,0.00027853736207045796,0.06148023479758213
5170,2.035151515151515,0.42717171717171715,-0.0008284437386854185,0.06130110130469367
5171,2.035151515151515,0.4331313131313131,-0.0008742766637942414,0.06327888169317103
5172,2.035151515151515,0.43909090909090903,-0.00026403009732110414,0.06386078243399008
5173,2.035151515151515,0.44505050505050503,0.0005089640827739123,0.06590945268996981
5174,2.035151515151515,0.45101010101010097,-0.00040132603870699076,0.0660985004902103
5175,2.035151515151515,0.4569696969696969,-0.0008056493243477644,0.06798830962485025
5176,2.035151515151515,0.4629292929292929,-2.8186376749182874e-05,0.06887090816113307
5177,2.035151515151515,0.46888888888888886,-0.0007963713690015643,0.06839628899055011
5178,2.035151515151515,0.4748484848484848,-0.00045649176964302027,0.06891848505222332
5179,2.035151515151515,0.48080808080808074,0.0002355348019204918,0.07023985820290041
5180,2.035151515151515,0.48676767676767674,-0.0007784814604872603,0.07064457764213716
5181,2.035151515151515,0.4927272727272727,-0.00029958680637382764,0.07154171926399187
5182,2.035151515151515,0.4986868686868686,0.0009689090648672605,0.07309462721188316
5183,2.035151515151515,0.5046464646464646,-0.0013866380429952661,0.07473592265360603
5184,2.035151515151515,0.5106060606060605,0.0009180936471837386,0.07509118109978505
5185,2.035151515151515,0.5165656565656566,0.0007468994124574507,0.07621651978498148
5186,2.035151515151515,0.5225252525252525,-0.0001958950134821276,0.07651018379151323
5187,2.035151515151515,0.5284848484848484,0.0002322709224245105,0.07729538229134926
5188,2.035151515151515,0.5344444444444444,-0.0014834664325462572,0.07939024144320012
5189,2.035151515151515,0.5404040404040403,0.0005221230061411548,0.08019588784352556
5190,2.035151515151515,0.5463636363636363,0.000887983812215523,0.0810071038999783
5191,2.035151515151515,0.5523232323232323,0.0001457169907769512,0.08247426357447797
5192,2.035151515151515,0.5582828282828283,-0.0010874000539318452,0.08096345352081424
5193,2.035151515151515,0.5642424242424242,-4.109517356440868e-05,0.08392650562654792
5194,2.035151515151515,0.5702020202020202,0.0006400121673758494,0.08310979676278427
5195,2.035151515151515,0.5761616161616161,0.0010163883654928426,0.0850319652920534
5196,2.035151515151515,0.582121212121212,-0.00031889998698492964,0.08553446539711845
5197,2.035151515151515,0.588080808080808,-0.000484959728393552,0.08553540028008995
5198,2.035151515151515,0.594040404040404,0.0008407207543380958,0.08868212520809823
5199,2.035151515151515,0.6,-0.0010053813807039621,0.0876303692935828
5200,2.0552525252525253,0.01,1.468778311972241e-06,0.0014697240214772609
5201,2.0552525252525253,0.01595959595959596,-7.487982918603398e-06,0.00236172696399778
5202,2.0552525252525253,0.021919191919191918,1.8278423308742497e-05,0.0032923449927919858
5203,2.0552525252525253,0.027878787878787878,6.379693405046443e-05,0.00415767779436582
5204,2.0552525252525253,0.033838383838383834,-1.8182174304404775e-05,0.005034870347827009
5205,2.0552525252525253,0.0397979797979798,4.8577870037826275e-05,0.0059399656191406434
5206,2.0552525252525253,0.045757575757575754,3.52003934707682e-06,0.0067949389444550016
5207,2.0552525252525253,0.05171717171717172,-2.2368619672513023e-05,0.007611869248664741
5208,2.0552525252525253,0.05767676767676767,5.3312986991413926e-05,0.008550298513133252
5209,2.0552525252525253,0.06363636363636363,3.53103978643211e-05,0.009434384425872478
5210,2.0552525252525253,0.06959595959595959,-6.619811854031452e-05,0.010450930597405029
5211,2.0552525252525253,0.07555555555555554,5.966971428967982e-05,0.01118780017602682
5212,2.0552525252525253,0.0815151515151515,5.204418024205961e-05,0.012043280556347591
5213,2.0552525252525253,0.08747474747474746,0.00019723355803366607,0.0129749163932224
5214,2.0552525252525253,0.09343434343434343,-4.574247607958257e-05,0.014001177211544763
5215,2.0552525252525253,0.09939393939393938,5.2189945957813286e-05,0.014732274862153002
5216,2.0552525252525253,0.10535353535353534,-4.573143285567717e-05,0.015700698519719086
5217,2.0552525252525253,0.1113131313131313,4.101381794192742e-05,0.016519045777117956
5218,2.0552525252525253,0.11727272727272725,0.00013653079551660384,0.017332156887140616
5219,2.0552525252525253,0.12323232323232322,-0.0002929861798406596,0.018358131251696108
5220,2.0552525252525253,0.1291919191919192,-0.00022307443752554574,0.019206468696363277
5221,2.0552525252525253,0.13515151515151513,-2.6537059550518773e-05,0.02028148168642509
5222,2.0552525252525253,0.1411111111111111,0.00011477693964135836,0.020874572336973648
5223,2.0552525252525253,0.14707070707070707,-6.791524245626129e-05,0.02180051897188215
5224,2.0552525252525253,0.15303030303030302,5.2873518135882324e-05,0.02281089702357155
5225,2.0552525252525253,0.158989898989899,-0.0001984968563753496,0.023684135590475937
5226,2.0552525252525253,0.16494949494949493,0.00022820348116481915,0.024395206409233886
5227,2.0552525252525253,0.1709090909090909,0.00036099413101157996,0.02541349638126952
5228,2.0552525252525253,0.17686868686868687,-0.00021244772556292056,0.026416322823085026
5229,2.0552525252525253,0.1828282828282828,0.00026711893659521604,0.027147741283832773
5230,2.0552525252525253,0.18878787878787878,6.560249179336776e-05,0.028363492419744656
5231,2.0552525252525253,0.19474747474747472,2.9044076254308494e-06,0.02896972387974678
5232,2.0552525252525253,0.2007070707070707,-0.00026361150192896814,0.029946267423551817
5233,2.0552525252525253,0.20666666666666667,-0.00023883024449466105,0.030761087884509524
5234,2.0552525252525253,0.2126262626262626,-3.852499422516176e-05,0.03178962014329934
5235,2.0552525252525253,0.21858585858585858,-0.00012694333462926909,0.03221664150718125
5236,2.0552525252525253,0.22454545454545452,-0.0002988766344165491,0.033724107138870904
5237,2.0552525252525253,0.2305050505050505,0.0005326277976319891,0.034426711198199185
5238,2.0552525252525253,0.23646464646464646,-0.0002539193651550428,0.035100933556817045
5239,2.0552525252525253,0.2424242424242424,9.214134838384068e-05,0.036306433187093506
5240,2.0552525252525253,0.24838383838383837,-0.00018701887921739507,0.03707012801624045
5241,2.0552525252525253,0.2543434343434343,0.00021662601704691467,0.038091703737045415
5242,2.0552525252525253,0.26030303030303026,-0.0002298571654191245,0.0390726382646447
5243,2.0552525252525253,0.26626262626262626,0.00020533810950407378,0.040069623704398365
5244,2.0552525252525253,0.2722222222222222,0.0005156007206468659,0.04065246730868214
5245,2.0552525252525253,0.27818181818181814,-0.000718862421372255,0.04151249782624382
5246,2.0552525252525253,0.28414141414141414,-0.00037501433233711834,0.04180196132781673
5247,2.0552525252525253,0.2901010101010101,-0.00024129766604617133,0.04354926403857287
5248,2.0552525252525253,0.296060606060606,0.0001467026377027516,0.04457214418143495
5249,2.0552525252525253,0.302020202020202,-0.00041435744659881166,0.0453213918622191
5250,2.0552525252525253,0.30797979797979796,0.0005006692342266681,0.04617335652734359
5251,2.0552525252525253,0.3139393939393939,0.00022393543651597176,0.0469796134502338
5252,2.0552525252525253,0.31989898989898985,-6.501344858446814e-05,0.04776163266916576
5253,2.0552525252525253,0.32585858585858585,-0.0008266570924900707,0.04844523026206235
5254,2.0552525252525253,0.3318181818181818,0.00017747159937389308,0.048880497391684916
5255,2.0552525252525253,0.33777777777777773,-2.7181764152624234e-05,0.05018155012858021
5256,2.0552525252525253,0.34373737373737373,0.0003461124435559951,0.05147411017589761
5257,2.0552525252525253,0.3496969696969697,-0.00035557309469687055,0.052196706614707065
5258,2.0552525252525253,0.3556565656565656,0.0003532604808858341,0.05354912735881699
5259,2.0552525252525253,0.3616161616161616,-0.0005360362606035987,0.05381335691112332
5260,2.0552525252525253,0.36757575757575756,0.0003991659013089285,0.054783328132013275
5261,2.0552525252525253,0.3735353535353535,-1.9553542527406552e-05,0.05492337568835008
5262,2.0552525252525253,0.37949494949494944,0.00035270048138111526,0.05652831645005806
5263,2.0552525252525253,0.38545454545454544,-0.0001188657936047913,0.05789205278734619
5264,2.0552525252525253,0.3914141414141414,2.373710530857629e-05,0.05818283300621524
5265,2.0552525252525253,0.3973737373737373,-0.00023579188726671106,0.05889897521273595
5266,2.0552525252525253,0.4033333333333333,0.0002434688405046375,0.060148890652053234
5267,2.0552525252525253,0.40929292929292926,0.0006516406018757989,0.06166501862758486
5268,2.0552525252525253,0.4152525252525252,-0.00019596156883852953,0.06208496931642249
5269,2.0552525252525253,0.42121212121212115,-0.0007481961509258868,0.06325169411522101
5270,2.0552525252525253,0.42717171717171715,-0.0008402338505847031,0.06407246472677948
5271,2.0552525252525253,0.4331313131313131,0.0002765062311758783,0.06536524260998543
5272,2.0552525252525253,0.43909090909090903,0.00044963823442444707,0.06545613246528036
5273,2.0552525252525253,0.44505050505050503,0.0007558384068075705,0.0670805683432735
5274,2.0552525252525253,0.45101010101010097,-0.00027357528134979174,0.06756552384681568
5275,2.0552525252525253,0.4569696969696969,-0.0005281772675206943,0.06854248664503197
5276,2.0552525252525253,0.4629292929292929,-0.0008794868039418436,0.06830247296130969
5277,2.0552525252525253,0.46888888888888886,0.00037917357837663886,0.07027883335126854
5278,2.0552525252525253,0.4748484848484848,0.0007147549634172296,0.07144700480273475
5279,2.0552525252525253,0.48080808080808074,-0.0003007800515154828,0.07219987513714306
5280,2.0552525252525253,0.48676767676767674,-9.913323075143144e-06,0.07188078722707782
5281,2.0552525252525253,0.4927272727272727,-0.001399399449835315,0.07388733396744827
5282,2.0552525252525253,0.4986868686868686,-0.0012218337833941357,0.07510486659814158
5283,2.0552525252525253,0.5046464646464646,0.0015324967772982888,0.07565205400341493
5284,2.0552525252525253,0.5106060606060605,3.9610576244088594e-05,0.07602817569360668
5285,2.0552525252525253,0.5165656565656566,-0.0012231143331027337,0.07735563719844765
5286,2.0552525252525253,0.5225252525252525,0.0010421695276116385,0.07912024851476986
5287,2.0552525252525253,0.5284848484848484,7.096048189108491e-05,0.08082726485664897
5288,2.0552525252525253,0.5344444444444444,0.0006554478082301475,0.08071296634863458
5289,2.0552525252525253,0.5404040404040403,6.110665467654753e-05,0.08053649057529692
5290,2.0552525252525253,0.5463636363636363,-0.0006768637728539511,0.08141937802695345
5291,2.0552525252525253,0.5523232323232323,0.0010748741979574393,0.08436764741718988
5292,2.0552525252525253,0.5582828282828283,-0.0007877610243038711,0.0834234647535044
5293,2.0552525252525253,0.5642424242424242,-0.00021374909513953444,0.08476731349396772
5294,2.0552525252525253,0.5702020202020202,0.0013285681583239289,0.08646011435726124
5295,2.0552525252525253,0.5761616161616161,0.0008078321890146015,0.08731976947817258
5296,2.0552525252525253,0.582121212121212,0.0011185083806740858,0.08828480594653157
5297,2.0552525252525253,0.588080808080808,0.0005174416767476195,0.08835111550881121
5298,2.0552525252525253,0.594040404040404,-0.0014573386663434156,0.08959291869192072
5299,2.0552525252525253,0.6,-0.0009097727906036326,0.0908174324204483
5300,2.0753535353535355,0.01,2.1043089960801898e-05,0.0015149199284151896
5301,2.0753535353535355,0.01595959595959596,6.296744679547394e-06,0.0024452685582402735
5302,2.0753535353535355,0.021919191919191918,9.037952068732147e-06,0.0033431259689357755
5303,2.0753535353535355,0.027878787878787878,-2.6464988439821467e-05,0.0041874092032453195
5304,2.0753535353535355,0.033838383838383834,2.3497397015359643e-05,0.005136230800058043
5305,2.0753535353535355,0.0397979797979798,6.525093216891875e-07,0.006056294203219549
5306,2.0753535353535355,0.045757575757575754,-1.4666932290051893e-06,0.006928828191829874
5307,2.0753535353535355,0.05171717171717172,1.7177737720780795e-06,0.007886580591260975
5308,2.0753535353535355,0.05767676767676767,-5.1713547237934375e-05,0.008744182768830915
5309,2.0753535353535355,0.06363636363636363,-0.00010114775180435998,0.009614008812083382
5310,2.0753535353535355,0.06959595959595959,-6.769327071683955e-05,0.010529687037522403
5311,2.0753535353535355,0.07555555555555554,0.00023117896419417704,0.011670849626236716
5312,2.0753535353535355,0.0815151515151515,-0.0003076181202710083,0.012521691445694873
5313,2.0753535353535355,0.08747474747474746,-0.00015873896313441688,0.013436413567687419
5314,2.0753535353535355,0.09343434343434343,-0.0003038511399710628,0.014117117707423377
5315,2.0753535353535355,0.09939393939393938,3.15960832694979e-05,0.015126768060880291
5316,2.0753535353535355,0.10535353535353534,-5.0867370985287066e-05,0.016039671725496397
5317,2.0753535353535355,0.1113131313131313,0.0003990648384736943,0.01690240314829106
5318,2.0753535353535355,0.11727272727272725,-6.0709004562120603e-05,0.017928277504374934
5319,2.0753535353535355,0.12323232323232322,0.00016093030178675625,0.018808643307665088
5320,2.0753535353535355,0.1291919191919192,-0.00018026722648749235,0.019620443017279127
5321,2.0753535353535355,0.13515151515151513,-4.429221585159395e-05,0.020491156469333527
5322,2.0753535353535355,0.1411111111111111,0.00029793846146391117,0.021597163918659738
5323,2.0753535353535355,0.14707070707070707,-0.0002608952731802879,0.02191934861337145
5324,2.0753535353535355,0.15303030303030302,-0.00017300195971104256,0.023185249442607647
5325,2.0753535353535355,0.158989898989899,0.0003527277477369956,0.023857990294434465
5326,2.0753535353535355,0.16494949494949493,-8.183113402984635e-05,0.024839428678390837
5327,2.0753535353535355,0.1709090909090909,-8.909569677594876e-05,0.026237371199811448
5328,2.0753535353535355,0.17686868686868687,0.0002375453434640713,0.026569047298220044
5329,2.0753535353535355,0.1828282828282828,-0.00038601340732336383,0.027663754584586663
5330,2.0753535353535355,0.18878787878787878,0.0004152854695285839,0.02850856538010219
5331,2.0753535353535355,0.19474747474747472,-0.0004571501464067426,0.029694761075795738
5332,2.0753535353535355,0.2007070707070707,2.9585097787127746e-05,0.03023574717565707
5333,2.0753535353535355,0.20666666666666667,8.045132334519202e-05,0.030934064720332527
5334,2.0753535353535355,0.2126262626262626,0.0004165173066342308,0.03228519322647492
5335,2.0753535353535355,0.21858585858585858,-0.00010369969539789672,0.033169770783348956
5336,2.0753535353535355,0.22454545454545452,6.326212086584287e-05,0.03444567670856464
5337,2.0753535353535355,0.2305050505050505,1.650706459292888e-05,0.03527894714557219
5338,2.0753535353535355,0.23646464646464646,0.00045407065713728707,0.03607440715395767
5339,2.0753535353535355,0.2424242424242424,0.0007139262739389915,0.03684894184518055
5340,2.0753535353535355,0.24838383838383837,-0.00013276979253655762,0.03752042245586616
5341,2.0753535353535355,0.2543434343434343,-0.0007083725458249475,0.03917156737028157
5342,2.0753535353535355,0.26030303030303026,-8.760385614011964e-05,0.03969792860109392
5343,2.0753535353535355,0.26626262626262626,-0.0005332339267813194,0.04062980877504339
5344,2.0753535353535355,0.2722222222222222,-2.1260959479295338e-05,0.04134925613741428
5345,2.0753535353535355,0.27818181818181814,-0.00033964470529033075,0.04187956603731871
5346,2.0753535353535355,0.28414141414141414,0.0005751274227221403,0.04349321482553614
5347,2.0753535353535355,0.2901010101010101,0.00014567482836536557,0.04410052758678536
5348,2.0753535353535355,0.296060606060606,0.0009713237305813131,0.04485310350443523
5349,2.0753535353535355,0.302020202020202,0.00024788991506196945,0.04576219554949405
5350,2.0753535353535355,0.30797979797979796,0.0003517149706767089,0.04661777991537871
5351,2.0753535353535355,0.3139393939393939,-0.000713706330096456,0.04741792543694123
5352,2.0753535353535355,0.31989898989898985,-0.0008973752073205225,0.04803080846501805
5353,2.0753535353535355,0.32585858585858585,-3.387912084744968e-05,0.04975123885035432
5354,2.0753535353535355,0.3318181818181818,-0.00023586960662522348,0.050538967426564725
5355,2.0753535353535355,0.33777777777777773,0.0007554440648745755,0.05103371429832465
5356,2.0753535353535355,0.34373737373737373,0.00021634808728430679,0.05261312907227457
5357,2.0753535353535355,0.3496969696969697,0.00014152874178512226,0.05417566079090916
5358,2.0753535353535355,0.3556565656565656,0.0009128994248939323,0.053835693998121596
5359,2.0753535353535355,0.3616161616161616,0.0005400333790213015,0.055449007777082684
5360,2.0753535353535355,0.36757575757575756,0.0007390976508415784,0.056622678772142304
5361,2.0753535353535355,0.3735353535353535,-0.0007000206627237226,0.05647792703254753
5362,2.0753535353535355,0.37949494949494944,-0.0009959519870458107,0.05876634167859216
5363,2.0753535353535355,0.38545454545454544,-9.425627425425581e-05,0.0586880150904666
5364,2.0753535353535355,0.3914141414141414,0.0009310153536202753,0.05983734111861924
5365,2.0753535353535355,0.3973737373737373,-9.361663314210968e-05,0.060213290967463785
5366,2.0753535353535355,0.4033333333333333,-3.4350443009017174e-05,0.06153172119539969
5367,2.0753535353535355,0.40929292929292926,0.0010352202127923756,0.06211275701990648
5368,2.0753535353535355,0.4152525252525252,0.0013715273290750816,0.06403665114593975
5369,2.0753535353535355,0.42121212121212115,0.0009991628293194016,0.0643171677543453
5370,2.0753535353535355,0.42717171717171715,0.0003468363451036041,0.06596713327896127
5371,2.0753535353535355,0.4331313131313131,-0.0007090975093014373,0.06611030868952286
5372,2.0753535353535355,0.43909090909090903,-0.0006990507723201112,0.06651098715096139
5373,2.0753535353535355,0.44505050505050503,-0.000727090008245267,0.06795777487550629
5374,2.0753535353535355,0.45101010101010097,-0.0003948985469989056,0.06891848778951969
5375,2.0753535353535355,0.4569696969696969,0.0005462792682645498,0.07009034277798237
5376,2.0753535353535355,0.4629292929292929,0.001051162770376169,0.07162514304030933
5377,2.0753535353535355,0.46888888888888886,-0.000747491951879288,0.07121066899701499
5378,2.0753535353535355,0.4748484848484848,-0.0005797628730851588,0.07150447266224799
5379,2.0753535353535355,0.48080808080808074,-0.0005574498098436273,0.07437807584004304
5380,2.0753535353535355,0.48676767676767674,-0.0003516114899812239,0.07422960310274183
5381,2.0753535353535355,0.4927272727272727,0.0009208528141510296,0.07552517747283645
5382,2.0753535353535355,0.4986868686868686,0.00032829845426541807,0.07646124600480028
5383,2.0753535353535355,0.5046464646464646,-0.0007201230035374806,0.07704888059267208
5384,2.0753535353535355,0.5106060606060605,5.853420684508749e-05,0.07756808682879078
5385,2.0753535353535355,0.5165656565656566,0.00028559700256110005,0.07976477038963412
5386,2.0753535353535355,0.5225252525252525,6.1667038634122e-05,0.07929321384835944
5387,2.0753535353535355,0.5284848484848484,0.0006628073321386107,0.0815633467813796
5388,2.0753535353535355,0.5344444444444444,-9.870467580437583e-05,0.08138269981188251
5389,2.0753535353535355,0.5404040404040403,0.0006241464131060237,0.08314744011964254
5390,2.0753535353535355,0.5463636363636363,-0.0007394923404030266,0.08285137532935484
5391,2.0753535353535355,0.5523232323232323,0.0002330661797387604,0.08471777877003206
5392,2.0753535353535355,0.5582828282828283,-0.0015615741512037054,0.08504932139079469
5393,2.0753535353535355,0.5642424242424242,-0.0006871253101073492,0.08567683646954577
5394,2.0753535353535355,0.5702020202020202,0.00024275362529211568,0.08600324241674205
5395,2.0753535353535355,0.5761616161616161,-6.872040278690888e-05,0.08837547140929206
5396,2.0753535353535355,0.582121212121212,0.00026533992881076036,0.08951447626587572
5397,2.0753535353535355,0.588080808080808,-0.000837373899865871,0.0909455765265641
5398,2.0753535353535355,0.594040404040404,0.00016145629678016425,0.09111587069729363
5399,2.0753535353535355,0.6,-0.00010819258889542969,0.09287825261721395
5400,2.0954545454545457,0.01,6.04169410357438e-06,0.0015692166539487868
5401,2.0954545454545457,0.01595959595959596,-4.7591801883440446e-05,0.002484900434447185
5402,2.0954545454545457,0.021919191919191918,3.1131961412015555e-05,0.0033465007838823033
5403,2.0954545454545457,0.027878787878787878,4.228901637015916e-05,0.004278528238871431
5404,2.0954545454545457,0.033838383838383834,-7.81134909349166e-06,0.005199942412391787
5405,2.0954545454545457,0.0397979797979798,3.0941662279673543e-06,0.006228270572270107
5406,2.0954545454545457,0.045757575757575754,0.0001083839189154,0.007043156979235744
5407,2.0954545454545457,0.05171717171717172,8.36580214898836e-05,0.007888518653003681
5408,2.0954545454545457,0.05767676767676767,-8.693098917199526e-06,0.009010249056092037
5409,2.0954545454545457,0.06363636363636363,-8.602417050251409e-05,0.009823422432024265
5410,2.0954545454545457,0.06959595959595959,1.9619205945162975e-05,0.010712676398553209
5411,2.0954545454545457,0.07555555555555554,8.671330610446443e-05,0.011520312004056302
5412,2.0954545454545457,0.0815151515151515,-6.203054730316836e-05,0.012583492432780952
5413,2.0954545454545457,0.08747474747474746,8.984792076250203e-06,0.01361922305702191
5414,2.0954545454545457,0.09343434343434343,-2.704542801451335e-05,0.014470598132633933
5415,2.0954545454545457,0.09939393939393938,-0.00019782943056842491,0.015228736077283235
5416,2.0954545454545457,0.10535353535353534,0.0002470574003494303,0.01622817417877158
5417,2.0954545454545457,0.1113131313131313,0.00042601483018135265,0.017308607278797353
5418,2.0954545454545457,0.11727272727272725,-0.00011527198565686842,0.01801996704457746
5419,2.0954545454545457,0.12323232323232322,7.331667608903195e-05,0.019084786103635565
5420,2.0954545454545457,0.1291919191919192,-2.6973653347566607e-05,0.02001702628579167
5421,2.0954545454545457,0.13515151515151513,8.830662291226377e-05,0.020708277629894883
5422,2.0954545454545457,0.1411111111111111,-9.927591286140043e-05,0.021565423280185576
5423,2.0954545454545457,0.14707070707070707,1.8057196885995273e-05,0.02282675787147182
5424,2.0954545454545457,0.15303030303030302,-7.602801005978911e-05,0.023615791229062613
5425,2.0954545454545457,0.158989898989899,0.00012182442622296577,0.024295216268622927
5426,2.0954545454545457,0.16494949494949493,8.567205169019935e-05,0.025377474489628432
5427,2.0954545454545457,0.1709090909090909,0.000352122764010872,0.02599234536992259
5428,2.0954545454545457,0.17686868686868687,-0.00030254318374597385,0.027187613816252655
5429,2.0954545454545457,0.1828282828282828,-0.000151792651643677,0.02801742476699098
5430,2.0954545454545457,0.18878787878787878,-0.0004570096025901983,0.029172271869645706
5431,2.0954545454545457,0.19474747474747472,0.00046037478800955983,0.03006051102039371
5432,2.0954545454545457,0.2007070707070707,0.00012620388081002274,0.030694675690426644
5433,2.0954545454545457,0.20666666666666667,9.672778641454455e-05,0.03179211277263582
5434,2.0954545454545457,0.2126262626262626,0.00019934072233476375,0.03310389499313895
5435,2.0954545454545457,0.21858585858585858,-0.0003107718099975753,0.03383931254177548
5436,2.0954545454545457,0.22454545454545452,0.0002773104387401876,0.03445284066986145
5437,2.0954545454545457,0.2305050505050505,-0.00014081693177987427,0.03586540326321506
5438,2.0954545454545457,0.23646464646464646,0.0002685892189345087,0.035929373948321575
5439,2.0954545454545457,0.2424242424242424,-0.0003451317861257384,0.03745372853365177
5440,2.0954545454545457,0.24838383838383837,-0.00014757045536998111,0.03877080640805864
5441,2.0954545454545457,0.2543434343434343,0.0007575317560230099,0.03946116279030478
5442,2.0954545454545457,0.26030303030303026,-2.5289221131748164e-05,0.040654670196259256
5443,2.0954545454545457,0.26626262626262626,0.00021993290714280534,0.04089769692219305
5444,2.0954545454545457,0.2722222222222222,0.00028656424233637964,0.04214462056653131
5445,2.0954545454545457,0.27818181818181814,0.000652738174144927,0.04310875562525058
5446,2.0954545454545457,0.28414141414141414,0.000273739184178793,0.044191206786585835
5447,2.0954545454545457,0.2901010101010101,0.000708939825184357,0.04484066707702238
5448,2.0954545454545457,0.296060606060606,0.00031541329732399736,0.04561161811315902
5449,2.0954545454545457,0.302020202020202,0.0002755662001567295,0.046556640817130276
5450,2.0954545454545457,0.30797979797979796,-0.001006057593730437,0.04747955402351118
5451,2.0954545454545457,0.3139393939393939,-1.4407832377915764e-05,0.04867788503968023
5452,2.0954545454545457,0.31989898989898985,-0.0008808512394113839,0.049643748590365536
5453,2.0954545454545457,0.32585858585858585,-0.00016309904730752963,0.0510067897925331
5454,2.0954545454545457,0.3318181818181818,-0.0005170943948962518,0.05142616682087494
5455,2.0954545454545457,0.33777777777777773,-0.0006483690910676805,0.05271635252928747
5456,2.0954545454545457,0.34373737373737373,-0.00011966473132583543,0.052590527614684135
5457,2.0954545454545457,0.3496969696969697,-0.0004132365656631317,0.05376326617479248
5458,2.0954545454545457,0.3556565656565656,-0.0008462687254632112,0.05450169689081754
5459,2.0954545454545457,0.3616161616161616,-3.1439419021169354e-05,0.05607844861716998
5460,2.0954545454545457,0.36757575757575756,0.0008457376283743668,0.056360041378410206
5461,2.0954545454545457,0.3735353535353535,-0.00034906191739080884,0.058151761308061406
5462,2.0954545454545457,0.37949494949494944,0.0006596580472292355,0.058832523590915196
5463,2.0954545454545457,0.38545454545454544,-0.0004896701712346237,0.05951975576287811
5464,2.0954545454545457,0.3914141414141414,-0.0007445635153487684,0.060616416863857686
5465,2.0954545454545457,0.3973737373737373,-0.00013196364862941024,0.062189361173259454
5466,2.0954545454545457,0.4033333333333333,-0.00017894633141756286,0.06285833007890486
5467,2.0954545454545457,0.40929292929292926,0.0005815553850294895,0.06360757159439213
5468,2.0954545454545457,0.4152525252525252,0.00029603091216763415,0.06440784816624222
5469,2.0954545454545457,0.42121212121212115,-0.001033710367148375,0.06494382407785082
5470,2.0954545454545457,0.42717171717171715,8.741890454618844e-05,0.0667566740146709
5471,2.0954545454545457,0.4331313131313131,-0.0009293839087295318,0.06739235480375788
5472,2.0954545454545457,0.43909090909090903,-0.0001462034020926727,0.06787129559749545
5473,2.0954545454545457,0.44505050505050503,-0.00022769949093370996,0.0684284605884141
5474,2.0954545454545457,0.45101010101010097,0.0008909848843812853,0.0707063788974126
5475,2.0954545454545457,0.4569696969696969,-0.0006128784784913814,0.07091274310483889
5476,2.0954545454545457,0.4629292929292929,3.312779731739752e-05,0.07322748106754401
5477,2.0954545454545457,0.46888888888888886,4.912347399811967e-05,0.07271897142201462
5478,2.0954545454545457,0.4748484848484848,-0.00041282625666427846,0.07482457658155561
5479,2.0954545454545457,0.48080808080808074,0.00024594769701842046,0.07535650188008938
5480,2.0954545454545457,0.48676767676767674,-0.0001900109303058933,0.07587275472300792
5481,2.0954545454545457,0.4927272727272727,0.0003438110538134188,0.07620290976521689
5482,2.0954545454545457,0.4986868686868686,7.383596898121493e-05,0.07754070241770554
5483,2.0954545454545457,0.5046464646464646,0.0012560386757428461,0.0781141779694322
5484,2.0954545454545457,0.5106060606060605,-0.0006360504550534325,0.08040099613275647
5485,2.0954545454545457,0.5165656565656566,0.0012628996909928767,0.08048182936052199
5486,2.0954545454545457,0.5225252525252525,0.0004032618310360201,0.0825681011561566
5487,2.0954545454545457,0.5284848484848484,-0.0004872601278792272,0.08273691544504133
5488,2.0954545454545457,0.5344444444444444,0.0004379720815387104,0.08256273771376933
5489,2.0954545454545457,0.5404040404040403,-0.0004311229247918552,0.08468666626628378
5490,2.0954545454545457,0.5463636363636363,0.0008558252113481166,0.08576696978941586
5491,2.0954545454545457,0.5523232323232323,0.0006827829706941176,0.0870345852694251
5492,2.0954545454545457,0.5582828282828283,-6.758872542140048e-05,0.08807268557893956
5493,2.0954545454545457,0.5642424242424242,-6.534537449562328e-05,0.08869881841043097
5494,2.0954545454545457,0.5702020202020202,0.0004499599014525737,0.08878501503954793
5495,2.0954545454545457,0.5761616161616161,-9.672131638593827e-05,0.09051501063041299
5496,2.0954545454545457,0.582121212121212,1.0558117304241366e-05,0.09156626718427219
5497,2.0954545454545457,0.588080808080808,3.4925740243004834e-05,0.09389897746513172
5498,2.0954545454545457,0.594040404040404,-0.0006496031534068288,0.09276659106171789
5499,2.0954545454545457,0.6,0.000775030465871292,0.09366707936575186
5500,2.115555555555556,0.01,9.158351375335938e-07,0.001561900896777443
5501,2.115555555555556,0.01595959595959596,2.394654569470811e-05,0.002499110235102008
5502,2.115555555555556,0.021919191919191918,4.5300858844002376e-05,0.003436256217280668
5503,2.115555555555556,0.027878787878787878,1.3138113791837513e-05,0.004372360016921198
5504,2.115555555555556,0.033838383838383834,2.7138327710842492e-05,0.005341752614195414
5505,2.115555555555556,0.0397979797979798,4.689212177041896e-05,0.00626295798462204
5506,2.115555555555556,0.045757575757575754,0.00011107877719518951,0.007214841656214216
5507,2.115555555555556,0.05171717171717172,-8.121513853520044e-05,0.008053711187815891
5508,2.115555555555556,0.05767676767676767,-4.988909450392348e-05,0.00897844061834232
5509,2.115555555555556,0.06363636363636363,-8.91874552586076e-06,0.01008766386157463
5510,2.115555555555556,0.06959595959595959,-5.391129143624243e-05,0.010850059273408992
5511,2.115555555555556,0.07555555555555554,-6.800266897406581e-06,0.011787671748582154
5512,2.115555555555556,0.0815151515151515,-3.6350357186470786e-05,0.012772001829455275
5513,2.115555555555556,0.08747474747474746,-0.0001725862423238344,0.013733914013965275
5514,2.115555555555556,0.09343434343434343,6.607163395669287e-05,0.014842722693404246
5515,2.115555555555556,0.09939393939393938,-5.5070924924171574e-05,0.01553193435604155
5516,2.115555555555556,0.10535353535353534,0.00014572310803754804,0.01648250863845206
5517,2.115555555555556,0.1113131313131313,0.0004540929097026801,0.01759954118526486
5518,2.115555555555556,0.11727272727272725,0.000173719863415616,0.018491068009416564
5519,2.115555555555556,0.12323232323232322,3.1863465204049534e-05,0.019241967500654145
5520,2.115555555555556,0.1291919191919192,0.00020809845181055721,0.020600883217446526
5521,2.115555555555556,0.13515151515151513,0.00020923653710099366,0.021182830185162406
5522,2.115555555555556,0.1411111111111111,-2.237569157757524e-05,0.02224454022090883
5523,2.115555555555556,0.14707070707070707,-0.00011317781340483992,0.022904981547528756
5524,2.115555555555556,0.15303030303030302,-0.00027515423978792313,0.024123094296407025
5525,2.115555555555556,0.158989898989899,0.0006833503613009828,0.024975331936205377
5526,2.115555555555556,0.16494949494949493,0.0002526641284770209,0.02597681065698433
5527,2.115555555555556,0.1709090909090909,-0.00027537406162008116,0.027049823606437273
5528,2.115555555555556,0.17686868686868687,-8.611807154945794e-06,0.02763409252520396
5529,2.115555555555556,0.1828282828282828,-2.2173890202171674e-05,0.028606944891993384
5530,2.115555555555556,0.18878787878787878,-0.0001316719304271846,0.029433870260169415
5531,2.115555555555556,0.19474747474747472,-0.0006253027159973965,0.03062049738287278
5532,2.115555555555556,0.2007070707070707,-0.0005731530536558938,0.03155311979424238
5533,2.115555555555556,0.20666666666666667,-0.0001471275337754962,0.032358643395419016
5534,2.115555555555556,0.2126262626262626,4.438111858393735e-05,0.033408551476236184
5535,2.115555555555556,0.21858585858585858,0.00045402802788965113,0.03452159013291706
5536,2.115555555555556,0.22454545454545452,0.00012877670464438368,0.0354321399007344
5537,2.115555555555556,0.2305050505050505,8.126855491462896e-05,0.036368677467896605
5538,2.115555555555556,0.23646464646464646,-0.00015018177511192366,0.03674188597648938
5539,2.115555555555556,0.2424242424242424,-0.000295542751165124,0.03807937921849426
5540,2.115555555555556,0.24838383838383837,0.0006359505801528657,0.03973438554032654
5541,2.115555555555556,0.2543434343434343,0.00043322424528200674,0.039948911035989
5542,2.115555555555556,0.26030303030303026,-0.00015654817378776001,0.04057979387922936
5543,2.115555555555556,0.26626262626262626,-0.000370742720453389,0.04195292437737562
5544,2.115555555555556,0.2722222222222222,-0.0003477644625457615,0.042917329835467394
5545,2.115555555555556,0.27818181818181814,-9.571498695913313e-05,0.043414813547712365
5546,2.115555555555556,0.28414141414141414,-0.00027024773370599666,0.044402517414604194
5547,2.115555555555556,0.2901010101010101,-0.00033082427362012,0.04564815648224063
5548,2.115555555555556,0.296060606060606,0.00019142210655597656,0.04659109152070691
5549,2.115555555555556,0.302020202020202,0.0001270621636258625,0.04776749946483805
5550,2.115555555555556,0.30797979797979796,0.0002742983593937742,0.04862091709125238
5551,2.115555555555556,0.3139393939393939,-0.00020783603601692055,0.04979783103712873
5552,2.115555555555556,0.31989898989898985,-0.0006829491915460228,0.05033971364412218
5553,2.115555555555556,0.32585858585858585,-0.0005450751707973407,0.05115975224447067
5554,2.115555555555556,0.3318181818181818,0.00022267790047579455,0.0526097506157622
5555,2.115555555555556,0.33777777777777773,0.00024085370990247252,0.05312429779649113
5556,2.115555555555556,0.34373737373737373,-0.00016306023623246707,0.054343531706610985
5557,2.115555555555556,0.3496969696969697,-0.000481097602801526,0.055399437900050835
5558,2.115555555555556,0.3556565656565656,0.00019666820353105136,0.056312833353635815
5559,2.115555555555556,0.3616161616161616,0.00092323027257967,0.05731523256225047
5560,2.115555555555556,0.36757575757575756,0.00045433181669105976,0.058107775972058504
5561,2.115555555555556,0.3735353535353535,-5.286860820132617e-05,0.05934319737863688
5562,2.115555555555556,0.37949494949494944,-0.00024262976987582223,0.06041248325921344
5563,2.115555555555556,0.38545454545454544,-0.0001436405403433834,0.06073926303736821
5564,2.115555555555556,0.3914141414141414,-0.0003330248732722303,0.06234216396363925
5565,2.115555555555556,0.3973737373737373,-0.0003916796553483676,0.06242260279073582
5566,2.115555555555556,0.4033333333333333,-0.0006085057309579221,0.06327370956371449
5567,2.115555555555556,0.40929292929292926,0.00029084154055293235,0.06482813968300784
5568,2.115555555555556,0.4152525252525252,0.0011481792641160908,0.06574346179446419
5569,2.115555555555556,0.42121212121212115,-0.00016107959742897219,0.0670212337175532
5570,2.115555555555556,0.42717171717171715,0.00023775942180443108,0.06770388163693802
5571,2.115555555555556,0.4331313131313131,-0.00025943206095515263,0.06806283737712956
5572,2.115555555555556,0.43909090909090903,0.0004050075991425647,0.06868895240867716
5573,2.115555555555556,0.44505050505050503,-0.00013643995687054238,0.0703217937442644
5574,2.115555555555556,0.45101010101010097,0.0002235295681652775,0.07170960712701903
5575,2.115555555555556,0.4569696969696969,-0.0007905789365220269,0.07172559077651386
5576,2.115555555555556,0.4629292929292929,-0.00034104070133032327,0.07436995473710858
5577,2.115555555555556,0.46888888888888886,-0.0005378996440206832,0.07397115439432962
5578,2.115555555555556,0.4748484848484848,-0.0005576101475036022,0.07471649883721282
5579,2.115555555555556,0.48080808080808074,-0.00015919389487586933,0.07509247232102903
5580,2.115555555555556,0.48676767676767674,-0.00030916494197414366,0.07665352998662642
5581,2.115555555555556,0.4927272727272727,-0.00019950876472619238,0.07844686339222151
5582,2.115555555555556,0.4986868686868686,-0.00024382826794013787,0.0785715455954346
5583,2.115555555555556,0.5046464646464646,-0.0013864118309926822,0.080526403402084
5584,2.115555555555556,0.5106060606060605,-0.0006743873794147157,0.08059882296652413
5585,2.115555555555556,0.5165656565656566,-0.000605607663861913,0.08199287076055697
5586,2.115555555555556,0.5225252525252525,0.00016918649769584126,0.08238147035849112
5587,2.115555555555556,0.5284848484848484,-0.00033150109583121866,0.08404125026558024
5588,2.115555555555556,0.5344444444444444,0.0014109850557076735,0.08574432297640065
5589,2.115555555555556,0.5404040404040403,-0.0008636760213749559,0.08624619534805306
5590,2.115555555555556,0.5463636363636363,-0.0005225341313819783,0.08745732018628531
5591,2.115555555555556,0.5523232323232323,-0.00041095231653624087,0.08758742183335051
5592,2.115555555555556,0.5582828282828283,8.30417404232763e-05,0.08924221290344282
5593,2.115555555555556,0.5642424242424242,0.0007941467015352878,0.09101544238022931
5594,2.115555555555556,0.5702020202020202,-0.00021097025477947068,0.09017697511962298
5595,2.115555555555556,0.5761616161616161,-1.8320747715452024e-05,0.09140794576904832
5596,2.115555555555556,0.582121212121212,-0.00041512871795536233,0.09233102487521914
5597,2.115555555555556,0.588080808080808,0.00016115221327108432,0.09347202285932855
5598,2.115555555555556,0.594040404040404,0.0001828671292401146,0.09506605980984509
5599,2.115555555555556,0.6,-0.001516650013301135,0.09502073090447005
5600,2.135656565656566,0.01,-7.831278353758842e-06,0.0015995554566723782
5601,2.135656565656566,0.01595959595959596,-9.865144729570142e-06,0.002579631365293795
5602,2.135656565656566,0.021919191919191918,-3.510281393648097e-05,0.003469409368856238
5603,2.135656565656566,0.027878787878787878,8.849667050822562e-06,0.004436819723968249
5604,2.135656565656566,0.033838383838383834,-3.5517045633763524e-05,0.005436979405034951
5605,2.135656565656566,0.0397979797979798,-0.00010940687102068885,0.006344572948581473
5606,2.135656565656566,0.045757575757575754,3.9816946927359495e-05,0.007387260764125828
5607,2.135656565656566,0.05171717171717172,-5.868851098693223e-05,0.008114815529170396
5608,2.135656565656566,0.05767676767676767,5.542566577217558e-05,0.009385338442925764
5609,2.135656565656566,0.06363636363636363,-9.971210533839883e-05,0.01014991797944033
5610,2.135656565656566,0.06959595959595959,-0.0001583892505499376,0.011213351881951357
5611,2.135656565656566,0.07555555555555554,-5.777637194199935e-05,0.011956395766000638
5612,2.135656565656566,0.0815151515151515,-7.09778606883659e-05,0.0131262356417696
5613,2.135656565656566,0.08747474747474746,0.00011818982618977756,0.01396691668417545
5614,2.135656565656566,0.09343434343434343,0.00013162745216657807,0.015008878927983926
5615,2.135656565656566,0.09939393939393938,-0.00011880462280038153,0.015886722097751996
5616,2.135656565656566,0.10535353535353534,8.344946647269328e-05,0.016597038497865802
5617,2.135656565656566,0.1113131313131313,-1.4119200737334381e-05,0.017730839972152253
5618,2.135656565656566,0.11727272727272725,-0.00012959711981746933,0.01911512801552749
5619,2.135656565656566,0.12323232323232322,-0.00014843738127216097,0.019699407085838307
5620,2.135656565656566,0.1291919191919192,-3.10254887320414e-05,0.020763784169402937
5621,2.135656565656566,0.13515151515151513,-0.00015528794497549813,0.021446586636806916
5622,2.135656565656566,0.1411111111111111,0.00018089582666315778,0.022805583431970644
5623,2.135656565656566,0.14707070707070707,-0.00031366549732589745,0.02352395990776996
5624,2.135656565656566,0.15303030303030302,0.00032399026765147766,0.02463793793972755
5625,2.135656565656566,0.158989898989899,-0.0003647079763670911,0.02513136846968256
5626,2.135656565656566,0.16494949494949493,2.6694344581980356e-05,0.02630046251466154
5627,2.135656565656566,0.1709090909090909,0.0002592705760587323,0.027241148591796868
5628,2.135656565656566,0.17686868686868687,0.00039083790411446683,0.028300778076281924
5629,2.135656565656566,0.1828282828282828,0.0004020711261602568,0.029799889673636015
5630,2.135656565656566,0.18878787878787878,-4.946762756172188e-05,0.030186600766015807
5631,2.135656565656566,0.19474747474747472,-0.0006681243460499618,0.031472746819711704
5632,2.135656565656566,0.2007070707070707,7.62870875470983e-05,0.031836103767679584
5633,2.135656565656566,0.20666666666666667,-0.0001552419104663526,0.0328262305924693
5634,2.135656565656566,0.2126262626262626,0.0005445312840298953,0.0342451952500463
5635,2.135656565656566,0.21858585858585858,-0.0007044738441483082,0.03472170612402639
5636,2.135656565656566,0.22454545454545452,0.00015939946667176686,0.035879779291945184
5637,2.135656565656566,0.2305050505050505,-0.000118330990941165,0.037048473267592835
5638,2.135656565656566,0.23646464646464646,-0.0012324272416540803,0.03772182279822812
5639,2.135656565656566,0.2424242424242424,-0.0001492265059260391,0.039226116743756534
5640,2.135656565656566,0.24838383838383837,-0.00016050866622338819,0.0396891523130995
5641,2.135656565656566,0.2543434343434343,5.095629031236503e-06,0.04113601698382117
5642,2.135656565656566,0.26030303030303026,-0.00016333700156281487,0.041403088591689736
5643,2.135656565656566,0.26626262626262626,-2.0471929959636805e-05,0.04290781317160225
5644,2.135656565656566,0.2722222222222222,-0.0004352271079067163,0.043575617226145204
5645,2.135656565656566,0.27818181818181814,0.00016746791500415402,0.04488426117130943
5646,2.135656565656566,0.28414141414141414,-0.0005572164054143938,0.04598969029259595
5647,2.135656565656566,0.2901010101010101,-0.000899948906961307,0.04672141982567912
5648,2.135656565656566,0.296060606060606,0.00046454982231533624,0.047289900550150955
5649,2.135656565656566,0.302020202020202,-0.0007505829918853817,0.0479678895357819
5650,2.135656565656566,0.30797979797979796,-0.00033427482288138745,0.04945532259973989
5651,2.135656565656566,0.3139393939393939,0.00046816061359625217,0.049619187966730254
5652,2.135656565656566,0.31989898989898985,-0.0007531733873340041,0.051041176367254214
5653,2.135656565656566,0.32585858585858585,0.000452093701335472,0.05266495076084488
5654,2.135656565656566,0.3318181818181818,-0.0004856301664584299,0.05349743988023264
5655,2.135656565656566,0.33777777777777773,-0.000764131846136278,0.05400487210693057
5656,2.135656565656566,0.34373737373737373,-2.1551236472045264e-05,0.05463370673165126
5657,2.135656565656566,0.3496969696969697,-0.0011622497156486137,0.056117795505397236
5658,2.135656565656566,0.3556565656565656,-0.0008515507964292581,0.05735990208086356
5659,2.135656565656566,0.3616161616161616,-0.00017391053080106493,0.058517981681605574
5660,2.135656565656566,0.36757575757575756,-0.00038415788994565513,0.059516524828170415
5661,2.135656565656566,0.3735353535353535,5.192684288533962e-05,0.060036696220525175
5662,2.135656565656566,0.37949494949494944,9.828697016692816e-05,0.060590730816913026
5663,2.135656565656566,0.38545454545454544,-0.00014611706313045323,0.062189174193528346
5664,2.135656565656566,0.3914141414141414,0.00018238455440452655,0.06317777392290087
5665,2.135656565656566,0.3973737373737373,0.00022410499784520076,0.0636667351630145
5666,2.135656565656566,0.4033333333333333,-0.00038423723995274924,0.06562021988721677
5667,2.135656565656566,0.40929292929292926,0.00044734489437335095,0.0659486225293004
5668,2.135656565656566,0.4152525252525252,0.0013870616923481584,0.06750256678644319
5669,2.135656565656566,0.42121212121212115,-0.0003418274136511566,0.06818026989607637
5670,2.135656565656566,0.42717171717171715,-0.0008104069286898608,0.06833580387681994
5671,2.135656565656566,0.4331313131313131,0.00042434840043623545,0.0699187793392922
5672,2.135656565656566,0.43909090909090903,-0.0005188707537765171,0.07054198292494475
5673,2.135656565656566,0.44505050505050503,-0.00027778172428637377,0.07188860515571668
5674,2.135656565656566,0.45101010101010097,0.00018945367883606547,0.07253917543621648
5675,2.135656565656566,0.4569696969696969,0.00039776089364740395,0.07381550136822641
5676,2.135656565656566,0.4629292929292929,0.00038858091533767704,0.07522214782303349
5677,2.135656565656566,0.46888888888888886,0.0017530462430229274,0.07662831939196944
5678,2.135656565656566,0.4748484848484848,0.0006072441383666705,0.07825242019998947
5679,2.135656565656566,0.48080808080808074,0.00034283783823933273,0.07771126793423533
5680,2.135656565656566,0.48676767676767674,0.00021926231658977945,0.07979748551966517
5681,2.135656565656566,0.4927272727272727,-0.00060387890376746,0.07928541138414961
5682,2.135656565656566,0.4986868686868686,0.001122020787587945,0.08045338475496279
5683,2.135656565656566,0.5046464646464646,-0.0006418066180765141,0.08081189494210438
5684,2.135656565656566,0.5106060606060605,0.00047254264322201667,0.08257659756891438
5685,2.135656565656566,0.5165656565656566,-0.00044273145203115635,0.0830684988316507
5686,2.135656565656566,0.5225252525252525,0.0016989285876066588,0.08513518966856624
5687,2.135656565656566,0.5284848484848484,0.0016789471088954355,0.08596915065298195
5688,2.135656565656566,0.5344444444444444,-0.0001539392897756398,0.08719436281404612
5689,2.135656565656566,0.5404040404040403,0.00012976419894927008,0.08647465344807158
5690,2.135656565656566,0.5463636363636363,0.0009116209245201646,0.08942318483939977
5691,2.135656565656566,0.5523232323232323,0.000938293588342271,0.0883573730191467
5692,2.135656565656566,0.5582828282828283,-0.0005814069429407164,0.09008879360541916
5693,2.135656565656566,0.5642424242424242,-0.00035367773283765145,0.09205262685648491
5694,2.135656565656566,0.5702020202020202,0.001048529513641375,0.09205320385583467
5695,2.135656565656566,0.5761616161616161,-0.0008718321659623171,0.0940253224715723
5696,2.135656565656566,0.582121212121212,-0.0012688382803090913,0.09370609020324451
5697,2.135656565656566,0.588080808080808,-5.967100213511021e-05,0.09497175101355856
5698,2.135656565656566,0.594040404040404,0.000776837419453183,0.09625226029947515
5699,2.135656565656566,0.6,0.00016936400694132753,0.09755121568006242
5700,2.1557575757575758,0.01,-5.88353415111228e-06,0.0016119182656569827
5701,2.1557575757575758,0.01595959595959596,3.23441294869957e-05,0.0026206031222535692
5702,2.1557575757575758,0.021919191919191918,1.860987026177001e-05,0.0035993724510105973
5703,2.1557575757575758,0.027878787878787878,-6.24336785519021e-05,0.004520321670581795
5704,2.1557575757575758,0.033838383838383834,-0.00013883775226759308,0.005504157813929458
5705,2.1557575757575758,0.0397979797979798,-1.0513299196959447e-05,0.006497280202468683
5706,2.1557575757575758,0.045757575757575754,7.98052477812904e-06,0.007440506037756759
5707,2.1557575757575758,0.05171717171717172,-8.175301184936401e-05,0.008396964744071233
5708,2.1557575757575758,0.05767676767676767,-8.44924090417007e-05,0.00944249719658643
5709,2.1557575757575758,0.06363636363636363,-0.0001384255205588427,0.010361574335099584
5710,2.1557575757575758,0.06959595959595959,-4.507288209275079e-05,0.011420644935418906
5711,2.1557575757575758,0.07555555555555554,9.641075857933934e-06,0.01215454975267575
5712,2.1557575757575758,0.0815151515151515,2.738803722373868e-05,0.013430620576714078
5713,2.1557575757575758,0.08747474747474746,-5.6011712826452944e-05,0.01422634401003475
5714,2.1557575757575758,0.09343434343434343,7.823576031791845e-06,0.015387634901858235
5715,2.1557575757575758,0.09939393939393938,0.00013382226245813934,0.01620217548493242
5716,2.1557575757575758,0.10535353535353534,2.5017324589509237e-05,0.017190597533909256
5717,2.1557575757575758,0.1113131313131313,0.00021752166636010388,0.01806845200803691
5718,2.1557575757575758,0.11727272727272725,5.387621446573187e-05,0.01915916145869514
5719,2.1557575757575758,0.12323232323232322,2.2064358208779656e-05,0.019862793614516146
5720,2.1557575757575758,0.1291919191919192,-9.884897339616967e-05,0.0209719200224202
5721,2.1557575757575758,0.13515151515151513,0.00016441834423960543,0.022324592595323368
5722,2.1557575757575758,0.1411111111111111,-2.8460836947147294e-05,0.022809983745741284
5723,2.1557575757575758,0.14707070707070707,0.00010900193738179726,0.023752170975624654
5724,2.1557575757575758,0.15303030303030302,-4.2195656998765184e-05,0.024572695555735928
5725,2.1557575757575758,0.158989898989899,8.485248277472969e-05,0.025748134388054435
5726,2.1557575757575758,0.16494949494949493,-0.00020601021367782493,0.027227470849377454
5727,2.1557575757575758,0.1709090909090909,0.00035458255914496263,0.027925178702058087
5728,2.1557575757575758,0.17686868686868687,0.00011964739848257552,0.028755305159585548
5729,2.1557575757575758,0.1828282828282828,-5.0900296058326655e-05,0.029675304292426735
5730,2.1557575757575758,0.18878787878787878,0.000176252845962836,0.030857298627714025
5731,2.1557575757575758,0.19474747474747472,0.0005775382024491767,0.03183406679807196
5732,2.1557575757575758,0.2007070707070707,-0.00022015296617109307,0.032486588691882735
5733,2.1557575757575758,0.20666666666666667,-4.794154640470787e-05,0.033832454254861616
5734,2.1557575757575758,0.2126262626262626,1.0964482758660466e-06,0.03455927243461751
5735,2.1557575757575758,0.21858585858585858,-0.0006503319623172588,0.03555040503220148
5736,2.1557575757575758,0.22454545454545452,0.0003299003297726643,0.03644236816251203
5737,2.1557575757575758,0.2305050505050505,-5.6274976536879115e-05,0.03788275002677313
5738,2.1557575757575758,0.23646464646464646,2.9305019627957284e-06,0.03865314188477346
5739,2.1557575757575758,0.2424242424242424,-0.0001627074910772749,0.03942047998671279
5740,2.1557575757575758,0.24838383838383837,-8.515449425106803e-05,0.04052432034479413
5741,2.1557575757575758,0.2543434343434343,1.4547169518623337e-05,0.041544980326610984
5742,2.1557575757575758,0.26030303030303026,0.00024402257221929163,0.042422481798522406
5743,2.1557575757575758,0.26626262626262626,-3.629880840733333e-05,0.04348596231409761
5744,2.1557575757575758,0.2722222222222222,1.0287399284550136e-05,0.04411976369440297
5745,2.1557575757575758,0.27818181818181814,-0.0003877017077860077,0.04521882708548354
5746,2.1557575757575758,0.28414141414141414,0.0005870446036705497,0.04690283130778915
5747,2.1557575757575758,0.2901010101010101,-0.000331190964867233,0.04708150439516858
5748,2.1557575757575758,0.296060606060606,0.0004078374332566309,0.04847338610789216
5749,2.1557575757575758,0.302020202020202,0.00021456283361590461,0.05001124630755851
5750,2.1557575757575758,0.30797979797979796,0.00022467110604661747,0.04998973397870329
5751,2.1557575757575758,0.3139393939393939,-4.259490135049986e-05,0.05095885229685071
5752,2.1557575757575758,0.31989898989898985,-0.0005599361258253851,0.05268178989483094
5753,2.1557575757575758,0.32585858585858585,0.00020730815170545185,0.05314936224059015
5754,2.1557575757575758,0.3318181818181818,-0.00032635911701926854,0.054492114466001745
5755,2.1557575757575758,0.33777777777777773,-0.000884975967494018,0.055102119156741375
5756,2.1557575757575758,0.34373737373737373,0.0006057166424484541,0.05621732063907189
5757,2.1557575757575758,0.3496969696969697,-0.00020826643168932621,0.05698746180587243
5758,2.1557575757575758,0.3556565656565656,0.0005124324216814678,0.059021357748963076
5759,2.1557575757575758,0.3616161616161616,0.0012514969137775154,0.05919112112890788
5760,2.1557575757575758,0.36757575757575756,0.0010847229132806245,0.059844128356460094
5761,2.1557575757575758,0.3735353535353535,-0.00045208880589829077,0.06107036560057981
5762,2.1557575757575758,0.37949494949494944,-0.0011175667060621822,0.06203354802398849
5763,2.1557575757575758,0.38545454545454544,-0.00045527245788293974,0.06257461770191695
5764,2.1557575757575758,0.3914141414141414,0.0007841464067426549,0.06361324755748919
5765,2.1557575757575758,0.3973737373737373,-9.066811355795132e-05,0.06486906118747333
5766,2.1557575757575758,0.4033333333333333,0.0010771592938370947,0.06699003939224148
5767,2.1557575757575758,0.40929292929292926,0.0006226910516310184,0.06714917991127942
5768,2.1557575757575758,0.4152525252525252,0.0016179166275524686,0.06845645523425872
5769,2.1557575757575758,0.42121212121212115,0.0005662507377164725,0.06963688136015232
5770,2.1557575757575758,0.42717171717171715,0.0010048706229487416,0.06968180356461129
5771,2.1557575757575758,0.4331313131313131,-0.0007654788805523355,0.07051059527220874
5772,2.1557575757575758,0.43909090909090903,-0.0015161232581547017,0.07195190575930258
5773,2.1557575757575758,0.44505050505050503,0.0008961138235862494,0.07390728274065339
5774,2.1557575757575758,0.45101010101010097,-0.0013298170298917554,0.07446599364309178
5775,2.1557575757575758,0.4569696969696969,-0.00019936062974533296,0.07376917232389323
5776,2.1557575757575758,0.4629292929292929,-0.001517129737114951,0.07691042438112874
5777,2.1557575757575758,0.46888888888888886,0.00016291863873400095,0.07777334132018947
5778,2.1557575757575758,0.4748484848484848,-0.0012356355166742161,0.07688848240378479
5779,2.1557575757575758,0.48080808080808074,-0.000696923894302493,0.07830413223443441
5780,2.1557575757575758,0.48676767676767674,-0.0014290380391298275,0.07951718447586396
5781,2.1557575757575758,0.4927272727272727,0.00012541117611188503,0.08099145413568613
5782,2.1557575757575758,0.4986868686868686,-0.00022773902252593795,0.08244012508891403
5783,2.1557575757575758,0.5046464646464646,0.0009591866964106352,0.08368178641112219
5784,2.1557575757575758,0.5106060606060605,-0.0015158574826795981,0.08227991570830402
5785,2.1557575757575758,0.5165656565656566,-0.0003440742781555189,0.08477185869533116
5786,2.1557575757575758,0.5225252525252525,-0.0009760443089017857,0.08615492122846011
5787,2.1557575757575758,0.5284848484848484,0.0009647814144944014,0.08703121966253373
5788,2.1557575757575758,0.5344444444444444,0.0007920731856277054,0.0876596996857222
5789,2.1557575757575758,0.5404040404040403,-0.0011129825735711452,0.08794799236732113
5790,2.1557575757575758,0.5463636363636363,0.0004759019264662947,0.08941843436682709
5791,2.1557575757575758,0.5523232323232323,0.0005685992395644359,0.09092602013676607
5792,2.1557575757575758,0.5582828282828283,-0.000107976826889226,0.09086528636543527
5793,2.1557575757575758,0.5642424242424242,0.0008240777209571563,0.09309040665201958
5794,2.1557575757575758,0.5702020202020202,-0.0009302130445461124,0.09276973157232006
5795,2.1557575757575758,0.5761616161616161,0.0005618492933758027,0.09563336238348465
5796,2.1557575757575758,0.582121212121212,0.0010240913537495342,0.09654892378888229
5797,2.1557575757575758,0.588080808080808,0.001465421750054964,0.09729658453351535
5798,2.1557575757575758,0.594040404040404,-0.001459441670881767,0.09645428898763919
5799,2.1557575757575758,0.6,-0.00028948854772616175,0.09810491054508458
5800,2.175858585858586,0.01,9.355665171768346e-06,0.001667828999823164
5801,2.175858585858586,0.01595959595959596,-1.02239558283574e-05,0.002643961625831185
5802,2.175858585858586,0.021919191919191918,-5.536457494791507e-05,0.003650208624924336
5803,2.175858585858586,0.027878787878787878,-4.2667713553680786e-05,0.0046307919216203594
5804,2.175858585858586,0.033838383838383834,1.982418715475266e-05,0.005578226874812397
5805,2.175858585858586,0.0397979797979798,-1.8046104657124506e-05,0.006607468317061378
5806,2.175858585858586,0.045757575757575754,-7.34393185050159e-05,0.007582761757472041
5807,2.175858585858586,0.05171717171717172,1.602919863801605e-05,0.008581505462754623
5808,2.175858585858586,0.05767676767676767,-3.7008074136558534e-05,0.009498995394667798
5809,2.175858585858586,0.06363636363636363,1.4463551647137362e-05,0.010701841339802174
5810,2.175858585858586,0.06959595959595959,-2.106221622457275e-05,0.011625399077318585
5811,2.175858585858586,0.07555555555555554,0.0001678812541876113,0.012302443078931873
5812,2.175858585858586,0.0815151515151515,0.00011379773764513212,0.013589494294164716
5813,2.175858585858586,0.08747474747474746,-7.671251432471459e-05,0.014417866374354207
5814,2.175858585858586,0.09343434343434343,-0.0004018514223421924,0.01535095894967631
5815,2.175858585858586,0.09939393939393938,-0.00012407642186755276,0.016481446833954902
5816,2.175858585858586,0.10535353535353534,-0.00024062126626720674,0.01754239202677552
5817,2.175858585858586,0.1113131313131313,-2.2096433597173614e-05,0.01832830846221881
5818,2.175858585858586,0.11727272727272725,0.0001534141840580511,0.019246380655036973
5819,2.175858585858586,0.12323232323232322,-1.0848657576000497e-05,0.02036636482566993
5820,2.175858585858586,0.1291919191919192,0.0002683580315418123,0.021390183410103295
5821,2.175858585858586,0.13515151515151513,0.00018698764899979434,0.022450446254063755
5822,2.175858585858586,0.1411111111111111,-2.2679411729821695e-05,0.023240652937160548
5823,2.175858585858586,0.14707070707070707,-0.0002657401445545836,0.02442919222620301
5824,2.175858585858586,0.15303030303030302,-0.00072229603479343,0.025390664292277723
5825,2.175858585858586,0.158989898989899,0.00016911938537954486,0.025882657125165534
5826,2.175858585858586,0.16494949494949493,0.00014753648105729017,0.027327880510472947
5827,2.175858585858586,0.1709090909090909,-0.00042913144980872246,0.028058911756974773
5828,2.175858585858586,0.17686868686868687,2.62665157109923e-05,0.02938002259867419
5829,2.175858585858586,0.1828282828282828,-0.00046852494515202793,0.03029059022817979
5830,2.175858585858586,0.18878787878787878,-0.00012851134912695027,0.03130442414405926
5831,2.175858585858586,0.19474747474747472,-3.259355343291284e-05,0.03245854539933118
5832,2.175858585858586,0.2007070707070707,0.00036206364350731095,0.033035476967682983
5833,2.175858585858586,0.20666666666666667,-8.048808735971968e-05,0.034128949654840694
5834,2.175858585858586,0.2126262626262626,0.00015921466069668806,0.035172037734292984
5835,2.175858585858586,0.21858585858585858,0.0002537772500934639,0.03651005826928074
5836,2.175858585858586,0.22454545454545452,0.00021471186274397568,0.03701553665486876
5837,2.175858585858586,0.2305050505050505,0.00022194640429673416,0.038384462733369366
5838,2.175858585858586,0.23646464646464646,-0.00027020998482941804,0.038943307804784874
5839,2.175858585858586,0.2424242424242424,-7.0382010727209e-05,0.0400507530823129
5840,2.175858585858586,0.24838383838383837,5.389967647681169e-05,0.0411450245626959
5841,2.175858585858586,0.2543434343434343,7.988951655774618e-05,0.04260093177009549
5842,2.175858585858586,0.26030303030303026,-0.0002981163951492376,0.043116492549093735
5843,2.175858585858586,0.26626262626262626,-0.0004044097232338607,0.04412526129096777
5844,2.175858585858586,0.2722222222222222,-0.0006604006372036002,0.044862425401467905
5845,2.175858585858586,0.27818181818181814,0.000570428581759282,0.04650333872928567
5846,2.175858585858586,0.28414141414141414,-6.619321141687795e-05,0.04746926056459723
5847,2.175858585858586,0.2901010101010101,-3.6905659198513294e-05,0.04869176111044433
5848,2.175858585858586,0.296060606060606,0.00045952892339680683,0.049221891910630894
5849,2.175858585858586,0.302020202020202,-0.000781473468088194,0.049899349528864795
5850,2.175858585858586,0.30797979797979796,0.0007540070917412033,0.05150121310596976
5851,2.175858585858586,0.3139393939393939,-0.00018330584981710068,0.05166249804452077
5852,2.175858585858586,0.31989898989898985,0.0002714177616218372,0.05265694496070091
5853,2.175858585858586,0.32585858585858585,-0.00025584860882335114,0.055131239290886175
5854,2.175858585858586,0.3318181818181818,0.0004069109899599754,0.05531446411023372
5855,2.175858585858586,0.33777777777777773,0.0001854858254871016,0.05648694608977511
5856,2.175858585858586,0.34373737373737373,0.0003682196942657435,0.057815433595519924
5857,2.175858585858586,0.3496969696969697,0.0005323314305558435,0.057755572008154975
5858,2.175858585858586,0.3556565656565656,-0.0006858544247466616,0.05902656041339657
5859,2.175858585858586,0.3616161616161616,7.94460224639659e-05,0.060011301761719406
5860,2.175858585858586,0.36757575757575756,-7.420167050022482e-05,0.060957449287248194
5861,2.175858585858586,0.3735353535353535,-0.00051352085082491,0.06247781932970879
5862,2.175858585858586,0.37949494949494944,-0.0009631518940628698,0.0625389542826833
5863,2.175858585858586,0.38545454545454544,0.00010861850154580747,0.06429898163283097
5864,2.175858585858586,0.3914141414141414,-0.00022511863894572782,0.06546192342806383
5865,2.175858585858586,0.3973737373737373,0.00018669622520028925,0.06627696019035977
5866,2.175858585858586,0.4033333333333333,0.0005875181272458254,0.0674174372382078
5867,2.175858585858586,0.40929292929292926,-0.00011731541310115455,0.06852981881427342
5868,2.175858585858586,0.4152525252525252,0.00024850102411523833,0.07017755012521834
5869,2.175858585858586,0.42121212121212115,-0.00029625483569420885,0.07047628367362693
5870,2.175858585858586,0.42717171717171715,-0.0002103689212523418,0.07181456182150897
5871,2.175858585858586,0.4331313131313131,-0.00027935653242749063,0.07157725088175639
5872,2.175858585858586,0.43909090909090903,0.000550267283891891,0.07265028003397854
5873,2.175858585858586,0.44505050505050503,0.00046933952379321273,0.07385075682623875
5874,2.175858585858586,0.45101010101010097,-1.3078907927175365e-06,0.07535691912374548
5875,2.175858585858586,0.4569696969696969,-0.0004907572574602519,0.07725091633109785
5876,2.175858585858586,0.4629292929292929,0.00011527510377494164,0.07790859428515536
5877,2.175858585858586,0.46888888888888886,0.0016118537061445605,0.07784103393435779
5878,2.175858585858586,0.4748484848484848,0.0004145567445202774,0.07953885579760712
5879,2.175858585858586,0.48080808080808074,-0.0002259767570456552,0.08018257763324911
5880,2.175858585858586,0.48676767676767674,0.00025060594374212746,0.08158557018607823
5881,2.175858585858586,0.4927272727272727,0.0011344398687100686,0.082188332394717
5882,2.175858585858586,0.4986868686868686,-0.000687868467304467,0.08278894108214138
5883,2.175858585858586,0.5046464646464646,-4.003045167058694e-06,0.08513841825540336
5884,2.175858585858586,0.5106060606060605,0.00040333346979103417,0.08580368926076999
5885,2.175858585858586,0.5165656565656566,0.0003368028518182249,0.08651548011237997
5886,2.175858585858586,0.5225252525252525,0.0009554115957199617,0.08808236130641038
5887,2.175858585858586,0.5284848484848484,0.0002670579166178933,0.08879707233832004
5888,2.175858585858586,0.5344444444444444,0.0014178891149385013,0.08982929268438296
5889,2.175858585858586,0.5404040404040403,0.0003776938647155735,0.08999552719370271
5890,2.175858585858586,0.5463636363636363,-0.001072066132945378,0.0919311216523542
5891,2.175858585858586,0.5523232323232323,-0.000587545711879844,0.09314787372804888
5892,2.175858585858586,0.5582828282828283,-0.0009359086576787124,0.09254538499513555
5893,2.175858585858586,0.5642424242424242,-0.0002502943784153601,0.09453717273423763
5894,2.175858585858586,0.5702020202020202,-0.0007563675251834713,0.09520551775926733
5895,2.175858585858586,0.5761616161616161,-0.00011515921671188342,0.09566666761837236
5896,2.175858585858586,0.582121212121212,0.0012529246102013902,0.09814268479822923
5897,2.175858585858586,0.588080808080808,-0.0021655460118459586,0.09747938343301243
5898,2.175858585858586,0.594040404040404,9.208643354225452e-05,0.09975661968723291
5899,2.175858585858586,0.6,-0.0003914912856346871,0.09977390475769495
5900,2.195959595959596,0.01,-4.350776931486089e-06,0.0016813447421158655
5901,2.195959595959596,0.01595959595959596,5.3000604595956945e-05,0.0026955972392614007
5902,2.195959595959596,0.021919191919191918,-2.9980061151312866e-05,0.00368400252292634
5903,2.195959595959596,0.027878787878787878,-3.280046400294787e-05,0.004638421582037875
5904,2.195959595959596,0.033838383838383834,-6.477250228078879e-07,0.005652005596605667
5905,2.195959595959596,0.0397979797979798,9.298820554990588e-05,0.00675425996008969
5906,2.195959595959596,0.045757575757575754,-0.00018378537862741152,0.007768837699077428
5907,2.195959595959596,0.05171717171717172,0.00012041761717982855,0.008658558262469944
5908,2.195959595959596,0.05767676767676767,-5.714032792284116e-05,0.009797713192292168
5909,2.195959595959596,0.06363636363636363,0.0001159679918576344,0.010766765076513432
5910,2.195959595959596,0.06959595959595959,6.321467042213675e-05,0.011650304692096217
5911,2.195959595959596,0.07555555555555554,-0.00024502155448994316,0.012874334720428489
5912,2.195959595959596,0.0815151515151515,2.189071261959581e-05,0.013763957987019718
5913,2.195959595959596,0.08747474747474746,4.8241033744836225e-05,0.014705311226794845
5914,2.195959595959596,0.09343434343434343,-0.00014780586452477863,0.015619538129815818
5915,2.195959595959596,0.09939393939393938,-0.00036214042284366823,0.016715348080245333
5916,2.195959595959596,0.10535353535353534,-0.0001886931914073127,0.017713511057126295
5917,2.195959595959596,0.1113131313131313,0.00013895503969571922,0.01878981185521167
5918,2.195959595959596,0.11727272727272725,-0.00016795842151834403,0.0199428032580184
5919,2.195959595959596,0.12323232323232322,0.0002578021184408647,0.021016264339631167
5920,2.195959595959596,0.1291919191919192,-0.0003104737765980978,0.021570295237900168
5921,2.195959595959596,0.13515151515151513,0.00020794767137102973,0.023012064808613522
5922,2.195959595959596,0.1411111111111111,-0.00028079032967321445,0.023789733129490443
5923,2.195959595959596,0.14707070707070707,0.00017590651236003196,0.024701712266742632
5924,2.195959595959596,0.15303030303030302,0.0001412283965104052,0.0256339776531843
5925,2.195959595959596,0.158989898989899,4.531221240111165e-05,0.02673599274133619
5926,2.195959595959596,0.16494949494949493,-0.0002957193436888686,0.027642120582046854
5927,2.195959595959596,0.1709090909090909,8.335827456209601e-05,0.028979809295021267
5928,2.195959595959596,0.17686868686868687,0.00017924190697711718,0.02989471835552211
5929,2.195959595959596,0.1828282828282828,4.502004943974025e-05,0.030865964453767016
5930,2.195959595959596,0.18878787878787878,-0.00020362134186312613,0.0316578559524193
5931,2.195959595959596,0.19474747474747472,-0.00013679926344968826,0.032923094460421756
5932,2.195959595959596,0.2007070707070707,-0.00020072251140106472,0.03357106678965567
5933,2.195959595959596,0.20666666666666667,-0.0001298679470087292,0.03472494102884028
5934,2.195959595959596,0.2126262626262626,4.046577003611134e-05,0.03612941135182918
5935,2.195959595959596,0.21858585858585858,6.344564419856142e-05,0.036861523477066054
5936,2.195959595959596,0.22454545454545452,-0.00021288986746463524,0.03767695604399048
5937,2.195959595959596,0.2305050505050505,-0.00039057820914367367,0.03878843571343351
5938,2.195959595959596,0.23646464646464646,-6.603014504573501e-06,0.03949597580503428
5939,2.195959595959596,0.2424242424242424,0.00039083882427737293,0.04126905825217828
5940,2.195959595959596,0.24838383838383837,0.001022921258545632,0.042068013986527354
5941,2.195959595959596,0.2543434343434343,0.0006753025961031789,0.0426522387045316
5942,2.195959595959596,0.26030303030303026,-0.0002728866963712174,0.04405689571539018
5943,2.195959595959596,0.26626262626262626,-5.911546821353069e-05,0.04450039887591327
5944,2.195959595959596,0.2722222222222222,-0.0007704185819608792,0.04573221772927372
5945,2.195959595959596,0.27818181818181814,0.0005542498624171849,0.04728890174460524
5946,2.195959595959596,0.28414141414141414,-0.00043915190745831616,0.04806892429054581
5947,2.195959595959596,0.2901010101010101,0.00022653462815819259,0.04980065879164103
5948,2.195959595959596,0.296060606060606,-0.00010185446729925447,0.05060669325762487
5949,2.195959595959596,0.302020202020202,-0.0005181455836383938,0.0506205015482133
5950,2.195959595959596,0.30797979797979796,0.0001303310664492447,0.0525282736863507
5951,2.195959595959596,0.3139393939393939,0.00017433988108762986,0.053310515289023544
5952,2.195959595959596,0.31989898989898985,-5.8061037870256205e-05,0.05362385496859879
5953,2.195959595959596,0.32585858585858585,0.0007745674699703916,0.05518615336286254
5954,2.195959595959596,0.3318181818181818,-6.909226276423475e-06,0.05643770063433398
5955,2.195959595959596,0.33777777777777773,-0.0014329224669383145,0.057014947274729985
5956,2.195959595959596,0.34373737373737373,0.0003859578722126551,0.05882443156143003
5957,2.195959595959596,0.3496969696969697,-0.00048439315654939385,0.05898086132233089
5958,2.195959595959596,0.3556565656565656,0.00036421984937510827,0.06028831725675243
5959,2.195959595959596,0.3616161616161616,0.00021446086869559124,0.06056036531653556
5960,2.195959595959596,0.36757575757575756,0.0007604047193764086,0.06216197722640631
5961,2.195959595959596,0.3735353535353535,0.0004285925450459521,0.06303409233845603
5962,2.195959595959596,0.37949494949494944,-0.00013296985173492107,0.06475140974373375
5963,2.195959595959596,0.38545454545454544,0.0007565126107262744,0.06552430143754684
5964,2.195959595959596,0.3914141414141414,-0.00033938334640796596,0.06614910218528743
5965,2.195959595959596,0.3973737373737373,0.0010506021569819787,0.06833718890612625
5966,2.195959595959596,0.4033333333333333,0.0003999780075248653,0.06887009994390798
5967,2.195959595959596,0.40929292929292926,-0.00029737764425877804,0.06792710738891518
5968,2.195959595959596,0.4152525252525252,-0.0011030660730814467,0.07014357469111412
5969,2.195959595959596,0.42121212121212115,0.0015136585567014254,0.07201405048772533
5970,2.195959595959596,0.42717171717171715,-0.0004430264742462813,0.0720557033026781
5971,2.195959595959596,0.4331313131313131,0.0005702954759224065,0.07358232824552305
5972,2.195959595959596,0.43909090909090903,0.0007073391149324066,0.074756215979556
5973,2.195959595959596,0.44505050505050503,6.48349835866036e-05,0.07460351257630303
5974,2.195959595959596,0.45101010101010097,0.0011531815298395332,0.07718443038733301
5975,2.195959595959596,0.4569696969696969,0.00026765324162817864,0.07740529873936558
5976,2.195959595959596,0.4629292929292929,-0.0009459065175474396,0.07877372167151095
5977,2.195959595959596,0.46888888888888886,-0.00023818001974441398,0.07915592502606168
5978,2.195959595959596,0.4748484848484848,0.0012711974793058263,0.08146602657343345
5979,2.195959595959596,0.48080808080808074,0.00014119250102944233,0.08147617375416491
5980,2.195959595959596,0.48676767676767674,-4.980448189610842e-05,0.08295030235419538
5981,2.195959595959596,0.4927272727272727,-0.0009107856604123622,0.08379104191749345
5982,2.195959595959596,0.4986868686868686,-0.0007260291893443584,0.08471191085468044
5983,2.195959595959596,0.5046464646464646,0.00035944720589338973,0.08622862340276401
5984,2.195959595959596,0.5106060606060605,0.00021323435969149035,0.08771507073312351
5985,2.195959595959596,0.5165656565656566,0.0001842730167848352,0.08790618763404251
5986,2.195959595959596,0.5225252525252525,-0.001947742361465925,0.0880297663350586
5987,2.195959595959596,0.5284848484848484,0.0009996552473002826,0.08922719069377759
5988,2.195959595959596,0.5344444444444444,0.000685416753080434,0.09126827887117175
5989,2.195959595959596,0.5404040404040403,-0.0008561874574835672,0.09199877859981422
5990,2.195959595959596,0.5463636363636363,-0.0011718470284660652,0.09377574297419844
5991,2.195959595959596,0.5523232323232323,-0.0005998164413794798,0.09339207880130167
5992,2.195959595959596,0.5582828282828283,-0.0007016605632439377,0.09370703301808936
5993,2.195959595959596,0.5642424242424242,0.00014185139950430292,0.09649601862192533
5994,2.195959595959596,0.5702020202020202,-0.0006956711214581425,0.09775302334121509
5995,2.195959595959596,0.5761616161616161,3.13089865846091e-05,0.09807214889084549
5996,2.195959595959596,0.582121212121212,0.00019830364702733477,0.09956019274185868
5997,2.195959595959596,0.588080808080808,-0.0026412400758907303,0.09949380596252898
5998,2.195959595959596,0.594040404040404,0.0017138983919583993,0.10040662446416317
5999,2.195959595959596,0.6,0.0005039140104119147,0.10090302380726782
6000,2.216060606060606,0.01,-7.485587905744495e-06,0.0017158298240787058
6001,2.216060606060606,0.01595959595959596,1.3613611146559434e-05,0.0027281629534479613
6002,2.216060606060606,0.021919191919191918,-3.543553751448316e-05,0.0037582594421547884
6003,2.216060606060606,0.027878787878787878,-2.6452100151879232e-05,0.004758468649171117
6004,2.216060606060606,0.033838383838383834,-3.604192279703906e-05,0.00581473113957725
6005,2.216060606060606,0.0397979797979798,-0.00016938212322533376,0.0067632481005938565
6006,2.216060606060606,0.045757575757575754,2.9627000683768745e-05,0.007832243590200134
6007,2.216060606060606,0.05171717171717172,5.813992809061388e-05,0.008768085678205202
6008,2.216060606060606,0.05767676767676767,0.00018246129987961672,0.009885333271375949
6009,2.216060606060606,0.06363636363636363,0.00012023632916197608,0.010907473901159568
6010,2.216060606060606,0.06959595959595959,-9.773011031698053e-05,0.011899738459173024
6011,2.216060606060606,0.07555555555555554,6.263838378528665e-05,0.013095953842002503
6012,2.216060606060606,0.0815151515151515,0.00015579493831617436,0.014025862668075399
6013,2.216060606060606,0.08747474747474746,-0.0001318642960092041,0.014916139984600169
6014,2.216060606060606,0.09343434343434343,-0.00010203903046463032,0.01607972829873775
6015,2.216060606060606,0.09939393939393938,-4.211622190909374e-05,0.01717277522316281
6016,2.216060606060606,0.10535353535353534,3.1909651713187406e-05,0.01825917674635785
6017,2.216060606060606,0.1113131313131313,0.00029674511967826595,0.01907483256912576
6018,2.216060606060606,0.11727272727272725,0.00032611954514711575,0.01997154287673162
6019,2.216060606060606,0.12323232323232322,7.566218177563226e-05,0.021226951695322512
6020,2.216060606060606,0.1291919191919192,0.0007942845538010028,0.02213956423239266
6021,2.216060606060606,0.13515151515151513,-3.797097495691726e-06,0.023101069911818997
6022,2.216060606060606,0.1411111111111111,-0.0003252319714543363,0.024184437220051574
6023,2.216060606060606,0.14707070707070707,-0.00036429229266608657,0.024813804873422336
6024,2.216060606060606,0.15303030303030302,-0.00019940941933980108,0.026351502340071505
6025,2.216060606060606,0.158989898989899,0.00017918132065824235,0.026757493314649092
6026,2.216060606060606,0.16494949494949493,0.00037991750391360877,0.028132841663144594
6027,2.216060606060606,0.1709090909090909,7.639837696716189e-06,0.02916097634606459
6028,2.216060606060606,0.17686868686868687,0.00019639638900638184,0.030525338962781975
6029,2.216060606060606,0.1828282828282828,0.0003744895320477381,0.031142946609698616
6030,2.216060606060606,0.18878787878787878,0.0001710214939106389,0.032364121431545635
6031,2.216060606060606,0.19474747474747472,0.0003814735732664342,0.033715084286417396
6032,2.216060606060606,0.2007070707070707,8.53099823297797e-05,0.03431156104693603
6033,2.216060606060606,0.20666666666666667,0.00016576390186628785,0.03512756840358285
6034,2.216060606060606,0.2126262626262626,0.0001515630320247782,0.03711720539447325
6035,2.216060606060606,0.21858585858585858,-0.00021607653761374356,0.03733958534460853
6036,2.216060606060606,0.22454545454545452,0.00034667927632250163,0.03834987016389784
6037,2.216060606060606,0.2305050505050505,-0.000518278165408211,0.03909651896482432
6038,2.216060606060606,0.23646464646464646,0.0003124583617058183,0.040820421500974396
6039,2.216060606060606,0.2424242424242424,0.0003721121756404278,0.04148396131197913
6040,2.216060606060606,0.24838383838383837,-0.00014144459748276033,0.04310731046276999
6041,2.216060606060606,0.2543434343434343,0.00018343648044336577,0.04370408692584483
6042,2.216060606060606,0.26030303030303026,0.0003013308721943555,0.04470062561949251
6043,2.216060606060606,0.26626262626262626,-1.2293951940749003e-06,0.04620435511157457
6044,2.216060606060606,0.2722222222222222,0.0002045805409829815,0.04627355907383539
6045,2.216060606060606,0.27818181818181814,0.00048652987355874035,0.04790918388910092
6046,2.216060606060606,0.28414141414141414,-0.00028755621624251284,0.04886223875548981
6047,2.216060606060606,0.2901010101010101,0.0006145170626830278,0.050117977025434454
6048,2.216060606060606,0.296060606060606,-0.000368283544094877,0.050877883695913916
6049,2.216060606060606,0.302020202020202,-0.00018501612945331488,0.05197381705164403
6050,2.216060606060606,0.30797979797979796,-0.0009875592579065811,0.05202455602594141
6051,2.216060606060606,0.3139393939393939,-7.116755384892864e-05,0.05391980290817472
6052,2.216060606060606,0.31989898989898985,-0.00030556198486444134,0.05507679453013823
6053,2.216060606060606,0.32585858585858585,0.0009708128780318031,0.05600932233218169
6054,2.216060606060606,0.3318181818181818,0.00041188477008195925,0.056768586343805966
6055,2.216060606060606,0.33777777777777773,-0.0006772537870000707,0.05824763938575786
6056,2.216060606060606,0.34373737373737373,0.00019487875799681652,0.059032881170587935
6057,2.216060606060606,0.3496969696969697,-0.0003397521944813478,0.05998780260452257
6058,2.216060606060606,0.3556565656565656,-0.0005288509862028084,0.06139759774980618
6059,2.216060606060606,0.3616161616161616,-0.0010633798842563812,0.06229723083876565
6060,2.216060606060606,0.36757575757575756,-9.563010877663216e-05,0.06288267795810272
6061,2.216060606060606,0.3735353535353535,0.001008880509832358,0.0647838069285478
6062,2.216060606060606,0.37949494949494944,-0.000634842939899503,0.06495815005103243
6063,2.216060606060606,0.38545454545454544,0.000838911420253827,0.06741494008286349
6064,2.216060606060606,0.3914141414141414,-0.0009782519616273178,0.06711399412643618
6065,2.216060606060606,0.3973737373737373,-0.00022642264940770466,0.06923572049281135
6066,2.216060606060606,0.4033333333333333,-6.105793878765304e-05,0.07020751283949538
6067,2.216060606060606,0.40929292929292926,7.054091269698331e-05,0.07008897410605597
6068,2.216060606060606,0.4152525252525252,-0.0005902313297957309,0.07064884753897908
6069,2.216060606060606,0.42121212121212115,-7.314387784070541e-05,0.07241043657019025
6070,2.216060606060606,0.42717171717171715,0.00032193528341209807,0.0741775522447435
6071,2.216060606060606,0.4331313131313131,0.0005729496874955936,0.07560687606748379
6072,2.216060606060606,0.43909090909090903,-0.0013544598457282157,0.07590195160669404
6073,2.216060606060606,0.44505050505050503,-0.00218320747228264,0.07642662912685831
6074,2.216060606060606,0.45101010101010097,-0.0005981282485104495,0.0783488240685279
6075,2.216060606060606,0.4569696969696969,-2.345041062119142e-05,0.07864674515832297
6076,2.216060606060606,0.4629292929292929,0.0003396939357865325,0.07995552688112578
6077,2.216060606060606,0.46888888888888886,-0.0004297616385425499,0.08117162717580954
6078,2.216060606060606,0.4748484848484848,-0.00024228728444277374,0.0823873282360018
6079,2.216060606060606,0.48080808080808074,0.0001365944716371425,0.08331008494009567
6080,2.216060606060606,0.48676767676767674,-5.1029989025106295e-05,0.08339372179677589
6081,2.216060606060606,0.4927272727272727,-0.00012655722607843978,0.0858452230157521
6082,2.216060606060606,0.4986868686868686,-0.00022710013664946894,0.08594271566355367
6083,2.216060606060606,0.5046464646464646,5.830897643644768e-05,0.08770003801266434
6084,2.216060606060606,0.5106060606060605,0.0012932801121842063,0.08840836684492975
6085,2.216060606060606,0.5165656565656566,0.0015235766508143182,0.08896765926577066
6086,2.216060606060606,0.5225252525252525,0.0007744344062675738,0.09170126611607793
6087,2.216060606060606,0.5284848484848484,0.0013095803874221571,0.09257511648994009
6088,2.216060606060606,0.5344444444444444,-0.0008066353731906393,0.09215756418137226
6089,2.216060606060606,0.5404040404040403,0.0011068783918297077,0.09421850157697864
6090,2.216060606060606,0.5463636363636363,-0.0008221130998707937,0.09445018797293743
6091,2.216060606060606,0.5523232323232323,-0.0002609680126794194,0.09604344150852967
6092,2.216060606060606,0.5582828282828283,-0.0008187710056619084,0.09729663583703949
6093,2.216060606060606,0.5642424242424242,0.0007332617007372994,0.09804283190396665
6094,2.216060606060606,0.5702020202020202,0.0010541694424819226,0.10005714433364869
6095,2.216060606060606,0.5761616161616161,-0.00040576512835692295,0.10084399861397318
6096,2.216060606060606,0.582121212121212,-0.0008300545226801535,0.10103621162229953
6097,2.216060606060606,0.588080808080808,-6.774192221799477e-05,0.10305445478971263
6098,2.216060606060606,0.594040404040404,0.0003670312935916532,0.10329636507220508
6099,2.216060606060606,0.6,0.0018645993856150767,0.10425310405188828
6100,2.236161616161616,0.01,-5.217081590716432e-06,0.0017573970326894266
6101,2.236161616161616,0.01595959595959596,-1.2118422542783025e-05,0.0027698754656959516
6102,2.236161616161616,0.021919191919191918,-1.2350524783237282e-05,0.003820657898281902
6103,2.236161616161616,0.027878787878787878,-7.604658470096216e-05,0.00483593020854546
6104,2.236161616161616,0.033838383838383834,4.67987305202373e-06,0.005840467790605198
6105,2.236161616161616,0.0397979797979798,-8.074852819491445e-05,0.0068291026491798116
6106,2.236161616161616,0.045757575757575754,-8.221510846081803e-07,0.007998272754593194
6107,2.236161616161616,0.05171717171717172,9.294486039051572e-05,0.009000170298430903
6108,2.236161616161616,0.05767676767676767,-0.00011999986237030996,0.009992557305073767
6109,2.236161616161616,0.06363636363636363,-3.159569735619912e-05,0.011102014883950934
6110,2.236161616161616,0.06959595959595959,-0.00017460150484937534,0.0121902740210964
6111,2.236161616161616,0.07555555555555554,-0.00017161085418210525,0.013102474999834897
6112,2.236161616161616,0.0815151515151515,0.00014208944810705027,0.014135023464558813
6113,2.236161616161616,0.08747474747474746,0.00016615066424472316,0.015261250186793673
6114,2.236161616161616,0.09343434343434343,-0.00017712599326040495,0.016263442618887385
6115,2.236161616161616,0.09939393939393938,7.091011862505772e-05,0.017264120670810398
6116,2.236161616161616,0.10535353535353534,0.00011102829719592426,0.018400559317431977
6117,2.236161616161616,0.1113131313131313,8.011357798939945e-05,0.01936870794012499
6118,2.236161616161616,0.11727272727272725,9.775130065551774e-06,0.020739458848302434
6119,2.236161616161616,0.12323232323232322,-0.0005271928577965742,0.02141329082725596
6120,2.236161616161616,0.1291919191919192,0.00036140910272150804,0.02270518231719159
6121,2.236161616161616,0.13515151515151513,-4.136999504480864e-05,0.02348472187330129
6122,2.236161616161616,0.1411111111111111,-9.616292156473527e-08,0.02443361871748757
6123,2.236161616161616,0.14707070707070707,-0.00027532812894228646,0.025469218154121558
6124,2.236161616161616,0.15303030303030302,-0.00033915924344399577,0.02686936051636274
6125,2.236161616161616,0.158989898989899,-0.0005146790557473193,0.02781419949154135
6126,2.236161616161616,0.16494949494949493,0.00018855118962699988,0.028372435091885473
6127,2.236161616161616,0.1709090909090909,-0.00021811064157528862,0.029308528779960607
6128,2.236161616161616,0.17686868686868687,0.00020759889836310732,0.031111819243591902
6129,2.236161616161616,0.1828282828282828,0.00038759009309941516,0.0319418989397141
6130,2.236161616161616,0.18878787878787878,3.5185696099424e-05,0.032631293828894944
6131,2.236161616161616,0.19474747474747472,0.0007026468945462617,0.03397507969303805
6132,2.236161616161616,0.2007070707070707,0.0008589514673135098,0.034939332348764424
6133,2.236161616161616,0.20666666666666667,-0.0006800864240221652,0.03590677004384534
6134,2.236161616161616,0.2126262626262626,0.0002831605500052403,0.03728746038883709
6135,2.236161616161616,0.21858585858585858,5.113940933587707e-05,0.038322009092842
6136,2.236161616161616,0.22454545454545452,-0.00022744054624932377,0.03899940052483884
6137,2.236161616161616,0.2305050505050505,2.2526301101193357e-07,0.040597680961382804
6138,2.236161616161616,0.23646464646464646,0.0001522103101134099,0.04150214187485229
6139,2.236161616161616,0.2424242424242424,1.8167276173670776e-05,0.04182206211781403
6140,2.236161616161616,0.24838383838383837,0.0004271932544495611,0.04342695723701551
6141,2.236161616161616,0.2543434343434343,7.768517958560456e-05,0.04482472019382459
6142,2.236161616161616,0.26030303030303026,-0.0001785751141666618,0.04531933786716648
6143,2.236161616161616,0.26626262626262626,-0.00023330450375564529,0.046358030997957704
6144,2.236161616161616,0.2722222222222222,-5.0443378072556875e-05,0.04738969796256034
6145,2.236161616161616,0.27818181818181814,-2.090082908023283e-05,0.04855990870904044
6146,2.236161616161616,0.28414141414141414,2.5850142912964637e-05,0.049830194377186464
6147,2.236161616161616,0.2901010101010101,-0.00026287100805523885,0.05058320589947807
6148,2.236161616161616,0.296060606060606,0.0009387864726430596,0.05209774776003143
6149,2.236161616161616,0.302020202020202,5.4349882553470976e-05,0.05246831729057286
6150,2.236161616161616,0.30797979797979796,-6.11256902198448e-05,0.053697150330001116
6151,2.236161616161616,0.3139393939393939,-0.0010809687353100401,0.054653244449574
6152,2.236161616161616,0.31989898989898985,-1.62146715754899e-05,0.05660484634119683
6153,2.236161616161616,0.32585858585858585,0.0008659059719793725,0.05737889867841117
6154,2.236161616161616,0.3318181818181818,7.355417526714785e-05,0.05803330866034641
6155,2.236161616161616,0.33777777777777773,0.0003710727248164537,0.05935929162135396
6156,2.236161616161616,0.34373737373737373,-0.0010249062854313042,0.05959250896919513
6157,2.236161616161616,0.3496969696969697,-0.00022004090014391195,0.06136862271229077
6158,2.236161616161616,0.3556565656565656,0.0011139305409423503,0.06177466535418311
6159,2.236161616161616,0.3616161616161616,0.0004562727020690268,0.06356555932864799
6160,2.236161616161616,0.36757575757575756,-0.00047348650324833326,0.0630871448611255
6161,2.236161616161616,0.3735353535353535,0.0007322998131490273,0.06550869108868071
6162,2.236161616161616,0.37949494949494944,0.0016560068301851075,0.06662572555385793
6163,2.236161616161616,0.38545454545454544,0.0003811583303216093,0.06857818974044089
6164,2.236161616161616,0.3914141414141414,-0.00015639379554537952,0.0687429437548579
6165,2.236161616161616,0.3973737373737373,0.000557898450712005,0.06900789512164773
6166,2.236161616161616,0.4033333333333333,0.00023606379015647346,0.07121287307589297
6167,2.236161616161616,0.40929292929292926,0.0004121717820105216,0.07150536630874163
6168,2.236161616161616,0.4152525252525252,9.99758233266519e-05,0.0734145755632737
6169,2.236161616161616,0.42121212121212115,-0.0003928958256401174,0.07426268199966737
6170,2.236161616161616,0.42717171717171715,0.00048454179934080867,0.07347860824468086
6171,2.236161616161616,0.4331313131313131,-0.0005495194790393652,0.07619668481806668
6172,2.236161616161616,0.43909090909090903,-0.0005704737710813254,0.07702227867870946
6173,2.236161616161616,0.44505050505050503,-0.00011913244529302629,0.07718091743625978
6174,2.236161616161616,0.45101010101010097,-0.0010301051417341664,0.07956547103307039
6175,2.236161616161616,0.4569696969696969,-0.00044455270816403427,0.0799213323713626
6176,2.236161616161616,0.4629292929292929,0.0004875347083459599,0.08160225717541594
6177,2.236161616161616,0.46888888888888886,0.0006992894280472366,0.08287520548653926
6178,2.236161616161616,0.4748484848484848,-0.0015806403862534087,0.08397664748967144
6179,2.236161616161616,0.48080808080808074,-0.00033715369328226534,0.0840707016351011
6180,2.236161616161616,0.48676767676767674,0.0008604579477941136,0.08641138077603584
6181,2.236161616161616,0.4927272727272727,0.00024743987503753225,0.08683915435354611
6182,2.236161616161616,0.4986868686868686,-0.001102945573418597,0.08708117599080087
6183,2.236161616161616,0.5046464646464646,-5.2185168454618035e-05,0.08822702280925254
6184,2.236161616161616,0.5106060606060605,-5.7467322979805766e-05,0.08890470752245269
6185,2.236161616161616,0.5165656565656566,0.0009125475905264993,0.09093373488368592
6186,2.236161616161616,0.5225252525252525,-0.0013950885656264056,0.09302621079484169
6187,2.236161616161616,0.5284848484848484,5.75539596019512e-05,0.09372486292649324
6188,2.236161616161616,0.5344444444444444,-0.00018693996038867086,0.0939722781983035
6189,2.236161616161616,0.5404040404040403,-0.00013720782684045738,0.0958181771560679
6190,2.236161616161616,0.5463636363636363,-0.0016677439049273437,0.09559536435572988
6191,2.236161616161616,0.5523232323232323,6.079786982330102e-05,0.09767388999091128
6192,2.236161616161616,0.5582828282828283,0.0002147578915220904,0.09851747351514416
6193,2.236161616161616,0.5642424242424242,0.0015838296975437846,0.09828666544653017
6194,2.236161616161616,0.5702020202020202,-0.0007224139606432654,0.10067144684260895
6195,2.236161616161616,0.5761616161616161,0.00130013324719823,0.10244524458895708
6196,2.236161616161616,0.582121212121212,-8.209696746310851e-05,0.10302277242376101
6197,2.236161616161616,0.588080808080808,0.001191037323761452,0.10346409987021138
6198,2.236161616161616,0.594040404040404,-0.0002469447611119508,0.10246203277533367
6199,2.236161616161616,0.6,-0.00025295876019709745,0.10476900126337067
6200,2.256262626262626,0.01,-6.8007249838108135e-06,0.0017745713620290738
6201,2.256262626262626,0.01595959595959596,6.217612734098576e-05,0.00284363915577597
6202,2.256262626262626,0.021919191919191918,-2.0053158205691866e-05,0.003931952638233793
6203,2.256262626262626,0.027878787878787878,-9.019235451207742e-06,0.004876500507801866
6204,2.256262626262626,0.033838383838383834,0.0001244365951005461,0.006007840309331923
6205,2.256262626262626,0.0397979797979798,0.00010833308363023985,0.0069924826987918616
6206,2.256262626262626,0.045757575757575754,-5.75315936075062e-05,0.008081878884841206
6207,2.256262626262626,0.05171717171717172,0.00011148274666199794,0.009139046055220866
6208,2.256262626262626,0.05767676767676767,0.000204045366683109,0.010127595900239374
6209,2.256262626262626,0.06363636363636363,-4.244408347207185e-07,0.01113763083670113
6210,2.256262626262626,0.06959595959595959,7.496492214255856e-05,0.012328973100340864
6211,2.256262626262626,0.07555555555555554,3.640940469494991e-05,0.013306662926146634
6212,2.256262626262626,0.0815151515151515,-4.2258617843691445e-06,0.014397113163383799
6213,2.256262626262626,0.08747474747474746,-0.000109385956489331,0.015514885607388711
6214,2.256262626262626,0.09343434343434343,-0.0002592998227544102,0.01655947525642395
6215,2.256262626262626,0.09939393939393938,-0.0001794989920563005,0.017663386205056537
6216,2.256262626262626,0.10535353535353534,0.00011745106853606307,0.018787944616208058
6217,2.256262626262626,0.1113131313131313,9.581743984133121e-05,0.019850236118496244
6218,2.256262626262626,0.11727272727272725,0.00015637349303728487,0.0208977733022809
6219,2.256262626262626,0.12323232323232322,-8.104502442568872e-05,0.021805124869448803
6220,2.256262626262626,0.1291919191919192,0.00033652628503431714,0.022954401684421193
6221,2.256262626262626,0.13515151515151513,-7.513507131395429e-05,0.02416435270699045
6222,2.256262626262626,0.1411111111111111,0.00010984476420487228,0.02506137744189963
6223,2.256262626262626,0.14707070707070707,-0.00015480862364588432,0.026024574396005355
6224,2.256262626262626,0.15303030303030302,0.00029071825169767147,0.027202831428572438
6225,2.256262626262626,0.158989898989899,-0.00010580833055168601,0.028266861164147578
6226,2.256262626262626,0.16494949494949493,0.00022302287014683682,0.029377101127696138
6227,2.256262626262626,0.1709090909090909,0.00019473569165056074,0.030417186446861238
6228,2.256262626262626,0.17686868686868687,-0.00019859482237381837,0.031260414770527184
6229,2.256262626262626,0.1828282828282828,0.0001894347624892724,0.032397454201774985
6230,2.256262626262626,0.18878787878787878,3.637565838610855e-05,0.03360096763945333
6231,2.256262626262626,0.19474747474747472,0.0003892964590361645,0.03489079462636056
6232,2.256262626262626,0.2007070707070707,0.00041397661028450515,0.03550041796332095
6233,2.256262626262626,0.20666666666666667,-0.0002872157754366362,0.03635492111506692
6234,2.256262626262626,0.2126262626262626,-5.981578813053072e-05,0.03783181714050574
6235,2.256262626262626,0.21858585858585858,-0.0002671368898572936,0.038769759639901265
6236,2.256262626262626,0.22454545454545452,-0.0005488457545126135,0.039556797211078916
6237,2.256262626262626,0.2305050505050505,0.00021095386098897803,0.04100448216079153
6238,2.256262626262626,0.23646464646464646,-0.00020857924331030292,0.04157724650239803
6239,2.256262626262626,0.2424242424242424,0.0005058062817209505,0.04341687016808641
6240,2.256262626262626,0.24838383838383837,0.0005348946756841448,0.04451678778597775
6241,2.256262626262626,0.2543434343434343,-5.263287135061963e-05,0.04490039545376772
6242,2.256262626262626,0.26030303030303026,-8.23689434178306e-05,0.04598855732714556
6243,2.256262626262626,0.26626262626262626,0.0003656344961364604,0.04753812827278884
6244,2.256262626262626,0.2722222222222222,-0.000295642914241271,0.04832615090495019
6245,2.256262626262626,0.27818181818181814,-0.00028338385571511477,0.04950875738216545
6246,2.256262626262626,0.28414141414141414,-0.0008150086182006042,0.049988944683069025
6247,2.256262626262626,0.2901010101010101,6.020792432725459e-05,0.05190620404817825
6248,2.256262626262626,0.296060606060606,-0.0010607739129038572,0.05163806533174403
6249,2.256262626262626,0.302020202020202,8.015726466581431e-05,0.05374166662244955
6250,2.256262626262626,0.30797979797979796,0.0004840617186735188,0.054908937823429586
6251,2.256262626262626,0.3139393939393939,-4.427346014897613e-05,0.05584284502080492
6252,2.256262626262626,0.31989898989898985,0.0013931316389120647,0.05770961485883855
6253,2.256262626262626,0.32585858585858585,0.0003399337398491263,0.058029187172283746
6254,2.256262626262626,0.3318181818181818,-0.0014488979101533702,0.058338834558167914
6255,2.256262626262626,0.33777777777777773,0.0007050303529604382,0.060115402602684456
6256,2.256262626262626,0.34373737373737373,-0.0004846975101033488,0.061547796512360024
6257,2.256262626262626,0.3496969696969697,-0.0004161415719153501,0.06163226074362465
6258,2.256262626262626,0.3556565656565656,-7.608392775501711e-05,0.06306260283837117
6259,2.256262626262626,0.3616161616161616,0.001483519667390021,0.06491661853561935
6260,2.256262626262626,0.36757575757575756,0.00041606479790948973,0.06535572154550207
6261,2.256262626262626,0.3735353535353535,0.00019552528900937632,0.0667644172881111
6262,2.256262626262626,0.37949494949494944,0.0001801859028292874,0.06678958920665039
6263,2.256262626262626,0.38545454545454544,-0.0013941748842768787,0.06858539118256486
6264,2.256262626262626,0.3914141414141414,-0.0002744124226664078,0.06894380422154547
6265,2.256262626262626,0.3973737373737373,-0.0008411290621985298,0.07098516430236797
6266,2.256262626262626,0.4033333333333333,0.0011624125961469597,0.07246025926675632
6267,2.256262626262626,0.40929292929292926,-0.0005609372532614623,0.07275574257224239
6268,2.256262626262626,0.4152525252525252,-0.00011066139257734711,0.07401272911877266
6269,2.256262626262626,0.42121212121212115,0.0011153747709410123,0.07457612354243622
6270,2.256262626262626,0.42717171717171715,0.0002419477356873094,0.07619424159698285
6271,2.256262626262626,0.4331313131313131,-0.0004906068773477027,0.07660390015268259
6272,2.256262626262626,0.43909090909090903,-0.0016606029224623044,0.07833213585231914
6273,2.256262626262626,0.44505050505050503,-0.00019725040716731085,0.08009883172277511
6274,2.256262626262626,0.45101010101010097,-0.0009328962441847356,0.08079085241371273
6275,2.256262626262626,0.4569696969696969,-0.0004434536883682041,0.0817626091064294
6276,2.256262626262626,0.4629292929292929,0.00047336225447759157,0.08177885384605767
6277,2.256262626262626,0.46888888888888886,0.00021328342917263524,0.08323276295165208
6278,2.256262626262626,0.4748484848484848,-0.0005007598465615283,0.08528108795663841
6279,2.256262626262626,0.48080808080808074,-0.0012164859716219923,0.08539582972310998
6280,2.256262626262626,0.48676767676767674,6.214374645021792e-06,0.08727443502457713
6281,2.256262626262626,0.4927272727272727,-0.0005022611033415896,0.0880947923228577
6282,2.256262626262626,0.4986868686868686,0.0006825122482897464,0.08907508826106855
6283,2.256262626262626,0.5046464646464646,-0.0003713506069822,0.08966270645902229
6284,2.256262626262626,0.5106060606060605,0.0013467671834059645,0.0911338681668309
6285,2.256262626262626,0.5165656565656566,-0.0005972745591192548,0.09082020831991905
6286,2.256262626262626,0.5225252525252525,0.0012563662005670364,0.09342100747647984
6287,2.256262626262626,0.5284848484848484,0.0002740012504364752,0.09538626777766511
6288,2.256262626262626,0.5344444444444444,0.0003127730457658699,0.09629900198907557
6289,2.256262626262626,0.5404040404040403,0.0013097439967003674,0.09723546355663133
6290,2.256262626262626,0.5463636363636363,0.0009310078458473363,0.09793872765920353
6291,2.256262626262626,0.5523232323232323,-0.0004833525585644514,0.09854644798552892
6292,2.256262626262626,0.5582828282828283,0.000436630630505931,0.10089306955112269
6293,2.256262626262626,0.5642424242424242,-0.0006162778984937664,0.10151149515078214
6294,2.256262626262626,0.5702020202020202,0.0014824261706899225,0.10239284122384813
6295,2.256262626262626,0.5761616161616161,-0.0005692219090490343,0.10421802293887063
6296,2.256262626262626,0.582121212121212,0.0005606738729339704,0.10628970559177496
6297,2.256262626262626,0.588080808080808,0.00033822814341296715,0.1038498780615832
6298,2.256262626262626,0.594040404040404,0.00012378435110313983,0.10656149318706189
6299,2.256262626262626,0.6,7.812145723720985e-05,0.10872431210197626
6300,2.2763636363636364,0.01,2.0169747745109845e-05,0.0018035382280996777
6301,2.2763636363636364,0.01595959595959596,-8.038542519016468e-06,0.0028443026985549296
6302,2.2763636363636364,0.021919191919191918,3.90466314677748e-05,0.003917214839621793
6303,2.2763636363636364,0.027878787878787878,-2.2180548074126127e-05,0.0050723677519950725
6304,2.2763636363636364,0.033838383838383834,-7.585409132157068e-05,0.00607857842885818
6305,2.2763636363636364,0.0397979797979798,-5.3323698991818234e-05,0.0071259014546600245
6306,2.2763636363636364,0.045757575757575754,4.204882832934976e-05,0.00823232815778331
6307,2.2763636363636364,0.05171717171717172,-6.841255412630265e-06,0.009315545622235024
6308,2.2763636363636364,0.05767676767676767,-2.5662017050646857e-05,0.010522326681095458
6309,2.2763636363636364,0.06363636363636363,-6.364908892876908e-06,0.011357160885640047
6310,2.2763636363636364,0.06959595959595959,-0.00011066826186294403,0.01238709962125419
6311,2.2763636363636364,0.07555555555555554,-0.00015990260615499926,0.013522639988680432
6312,2.2763636363636364,0.0815151515151515,2.637009581591373e-05,0.014789853336645994
6313,2.2763636363636364,0.08747474747474746,-0.00013730968402606925,0.015608682034065085
6314,2.2763636363636364,0.09343434343434343,8.878569837365431e-05,0.016784194728267067
6315,2.2763636363636364,0.09939393939393938,-0.00011542145471752918,0.01780636835891563
6316,2.2763636363636364,0.10535353535353534,-0.00012606101422302753,0.019074885192170116
6317,2.2763636363636364,0.1113131313131313,0.0001582367577499987,0.019918209882740144
6318,2.2763636363636364,0.11727272727272725,0.00011695764214816533,0.02099437595168488
6319,2.2763636363636364,0.12323232323232322,-7.467409802038394e-06,0.022147907724626124
6320,2.2763636363636364,0.1291919191919192,-3.7224287348356265e-05,0.023214818165581755
6321,2.2763636363636364,0.13515151515151513,0.00010982651946316153,0.02461280320084136
6322,2.2763636363636364,0.1411111111111111,0.00022148994898435318,0.025544997886708144
6323,2.2763636363636364,0.14707070707070707,1.2575034725220879e-05,0.026531990921589817
6324,2.2763636363636364,0.15303030303030302,0.0006859401341106672,0.027532168350059377
6325,2.2763636363636364,0.158989898989899,0.00011926190803157812,0.02862560286461735
6326,2.2763636363636364,0.16494949494949493,0.0005038934244080678,0.02980131685844536
6327,2.2763636363636364,0.1709090909090909,6.519517591542412e-05,0.03074201400286251
6328,2.2763636363636364,0.17686868686868687,0.00021588014134265015,0.03179545876438156
6329,2.2763636363636364,0.1828282828282828,-6.696999452889763e-05,0.03272309054751403
6330,2.2763636363636364,0.18878787878787878,-6.820309526820774e-05,0.034062177351767156
6331,2.2763636363636364,0.19474747474747472,0.000361587584760279,0.03496957622698063
6332,2.2763636363636364,0.2007070707070707,0.000734718790996447,0.036322915933165896
6333,2.2763636363636364,0.20666666666666667,0.00021735577198994899,0.03700582157673967
6334,2.2763636363636364,0.2126262626262626,-2.9907386536878457e-05,0.03791539173594531
6335,2.2763636363636364,0.21858585858585858,-0.00030142816318513366,0.0397157606405724
6336,2.2763636363636364,0.22454545454545452,0.0006280947360290069,0.040829906435625014
6337,2.2763636363636364,0.2305050505050505,-1.3172396614643678e-05,0.04191120567159176
6338,2.2763636363636364,0.23646464646464646,0.0006421428453062179,0.04284469962080366
6339,2.2763636363636364,0.2424242424242424,0.00034318035991513443,0.043594653731782736
6340,2.2763636363636364,0.24838383838383837,-1.8250053481956297e-06,0.04509326256157481
6341,2.2763636363636364,0.2543434343434343,-0.0004102366985255491,0.04551815893235493
6342,2.2763636363636364,0.26030303030303026,-4.9024918021294274e-05,0.046724218826892365
6343,2.2763636363636364,0.26626262626262626,-0.0003848207530510654,0.04821518542999147
6344,2.2763636363636364,0.2722222222222222,0.00020183316759997085,0.0493090786859049
6345,2.2763636363636364,0.27818181818181814,-0.000461947887226866,0.04969123647680089
6346,2.2763636363636364,0.28414141414141414,-0.0006399214385122502,0.05137257331177701
6347,2.2763636363636364,0.2901010101010101,-0.0010367194812011082,0.05234762787146865
6348,2.2763636363636364,0.296060606060606,-0.0002439589056978679,0.053348952747876786
6349,2.2763636363636364,0.302020202020202,0.0007321548425927444,0.055117840688085167
6350,2.2763636363636364,0.30797979797979796,-0.00035840982867635455,0.055072523851923315
6351,2.2763636363636364,0.3139393939393939,-0.0005529455035194107,0.05594951260406293
6352,2.2763636363636364,0.31989898989898985,9.058254684192315e-05,0.05752503826371513
6353,2.2763636363636364,0.32585858585858585,-0.0002757643473349299,0.05892111016387196
6354,2.2763636363636364,0.3318181818181818,-0.00017965616070361935,0.05992510790257071
6355,2.2763636363636364,0.33777777777777773,0.0003453128285740343,0.06168343959701313
6356,2.2763636363636364,0.34373737373737373,-0.0005561528876324078,0.0616325951135329
6357,2.2763636363636364,0.3496969696969697,-0.0002664464692252178,0.0633916356841174
6358,2.2763636363636364,0.3556565656565656,0.00042051677303445623,0.06405003235966172
6359,2.2763636363636364,0.3616161616161616,0.0009015293547956136,0.06499826624370965
6360,2.2763636363636364,0.36757575757575756,-0.0015725177378981877,0.06644702829549667
6361,2.2763636363636364,0.3735353535353535,-0.0014186344321791583,0.06694313036293313
6362,2.2763636363636364,0.37949494949494944,-0.00043686574035773485,0.0684313740568263
6363,2.2763636363636364,0.38545454545454544,-1.7325181013772494e-05,0.0710857982295734
6364,2.2763636363636364,0.3914141414141414,0.0005295496916539083,0.06981878156212967
6365,2.2763636363636364,0.3973737373737373,0.0005304430049027086,0.07253606744643681
6366,2.2763636363636364,0.4033333333333333,-0.001031626455527501,0.07393656623291242
6367,2.2763636363636364,0.40929292929292926,0.00015769733219175294,0.07361559337607605
6368,2.2763636363636364,0.4152525252525252,-0.0013023401388975288,0.07581172389534821
6369,2.2763636363636364,0.42121212121212115,-0.0001355005409598465,0.07597775267205804
6370,2.2763636363636364,0.42717171717171715,0.0009353220685196582,0.07691460924526161
6371,2.2763636363636364,0.4331313131313131,0.0012768727668039412,0.07983148732325455
6372,2.2763636363636364,0.43909090909090903,7.793435415299391e-05,0.07949988575249045
6373,2.2763636363636364,0.44505050505050503,0.0001936018067573905,0.08045598132266937
6374,2.2763636363636364,0.45101010101010097,0.0005627933300222659,0.08153694469296967
6375,2.2763636363636364,0.4569696969696969,-0.0008493369218510203,0.08237006683416058
6376,2.2763636363636364,0.4629292929292929,-0.0009991757704078483,0.08370549948718614
6377,2.2763636363636364,0.46888888888888886,0.00048328958346073494,0.08457262576159083
6378,2.2763636363636364,0.4748484848484848,0.00036683341531194467,0.08656257502299136
6379,2.2763636363636364,0.48080808080808074,-0.0005656949014488658,0.0867153698086187
6380,2.2763636363636364,0.48676767676767674,-0.001292910901119763,0.08818865879148909
6381,2.2763636363636364,0.4927272727272727,0.00026194766974158056,0.0900999537043571
6382,2.2763636363636364,0.4986868686868686,-0.0010761293836015445,0.08917740393138958
6383,2.2763636363636364,0.5046464646464646,2.123574789268723e-07,0.09229191009024364
6384,2.2763636363636364,0.5106060606060605,-0.0009745196270242708,0.09268553218776057
6385,2.2763636363636364,0.5165656565656566,-0.0002636111023285836,0.09339183758882094
6386,2.2763636363636364,0.5225252525252525,0.00012965028322637284,0.09552306695880408
6387,2.2763636363636364,0.5284848484848484,-0.0010665037726430508,0.09562983274604321
6388,2.2763636363636364,0.5344444444444444,-0.001968879424009657,0.09685241204793292
6389,2.2763636363636364,0.5404040404040403,0.00021546187442533568,0.09880869498193565
6390,2.2763636363636364,0.5463636363636363,-1.884749817113107e-05,0.09860419446864616
6391,2.2763636363636364,0.5523232323232323,-0.00025248212088874633,0.1009629035656145
6392,2.2763636363636364,0.5582828282828283,-0.000766056765481725,0.10287336489398195
6393,2.2763636363636364,0.5642424242424242,-0.0026770617236914064,0.10152496339229701
6394,2.2763636363636364,0.5702020202020202,-0.00036127393067488986,0.10481964385858608
6395,2.2763636363636364,0.5761616161616161,-0.0017050444540423727,0.10338632567991769
6396,2.2763636363636364,0.582121212121212,0.0007216025556100864,0.10767850064456597
6397,2.2763636363636364,0.588080808080808,-0.0002202734313128248,0.10680532751649315
6398,2.2763636363636364,0.594040404040404,0.0004104811940701768,0.10850747992271977
6399,2.2763636363636364,0.6,-0.000694067936066201,0.10886719409890518
6400,2.2964646464646465,0.01,-1.2344256237701678e-05,0.001818211092894692
6401,2.2964646464646465,0.01595959595959596,3.073981334626008e-06,0.00291152095345166
6402,2.2964646464646465,0.021919191919191918,-4.6782465473278445e-05,0.00397906546994706
6403,2.2964646464646465,0.027878787878787878,-3.0009813114555728e-05,0.005125941571313683
6404,2.2964646464646465,0.033838383838383834,7.294890854092855e-05,0.006255006525773127
6405,2.2964646464646465,0.0397979797979798,4.28344498439568e-05,0.007269245609987427
6406,2.2964646464646465,0.045757575757575754,-5.1392086798032356e-05,0.008419260088532343
6407,2.2964646464646465,0.05171717171717172,8.197364843024381e-05,0.009603978244417817
6408,2.2964646464646465,0.05767676767676767,-0.0001801232074300251,0.010546626723843553
6409,2.2964646464646465,0.06363636363636363,-0.00010614823831838043,0.011655323296460756
6410,2.2964646464646465,0.06959595959595959,6.613979298047715e-05,0.012744397591391073
6411,2.2964646464646465,0.07555555555555554,1.951312081363007e-05,0.013906179054917969
6412,2.2964646464646465,0.0815151515151515,-0.00016067511356422816,0.014732835440913116
6413,2.2964646464646465,0.08747474747474746,0.00029471184071363214,0.015962207203132555
6414,2.2964646464646465,0.09343434343434343,-6.298772473926707e-05,0.01712131970234642
6415,2.2964646464646465,0.09939393939393938,-0.0002285032255065665,0.018238784724694968
6416,2.2964646464646465,0.10535353535353534,7.23236858621315e-05,0.01936807242267499
6417,2.2964646464646465,0.1113131313131313,-0.00014783257380420617,0.02055789562028493
6418,2.2964646464646465,0.11727272727272725,-0.0002368843323004133,0.021311474528799557
6419,2.2964646464646465,0.12323232323232322,0.0003383979014375452,0.02251205399549165
6420,2.2964646464646465,0.1291919191919192,0.0002807820160010268,0.02388757162364425
6421,2.2964646464646465,0.13515151515151513,6.838526915562508e-05,0.024488956514817382
6422,2.2964646464646465,0.1411111111111111,-0.00017595076384215884,0.025703259020531378
6423,2.2964646464646465,0.14707070707070707,-0.0004840494320761504,0.026855474402252586
6424,2.2964646464646465,0.15303030303030302,-0.00030650343194706174,0.027943070602163094
6425,2.2964646464646465,0.158989898989899,-0.000426574724862296,0.028988498519822766
6426,2.2964646464646465,0.16494949494949493,-0.000564657067446461,0.029926773221018072
6427,2.2964646464646465,0.1709090909090909,-0.0008142199571649169,0.031208777603648773
6428,2.2964646464646465,0.17686868686868687,-0.0005305952083739702,0.03213698475381642
6429,2.2964646464646465,0.1828282828282828,-7.291087225621328e-06,0.033715648832209885
6430,2.2964646464646465,0.18878787878787878,0.00014851077133413865,0.03446606344600493
6431,2.2964646464646465,0.19474747474747472,0.0005122308483398308,0.03534198126400576
6432,2.2964646464646465,0.2007070707070707,-8.535517224071683e-05,0.036790615994370425
6433,2.2964646464646465,0.20666666666666667,-0.0002820968284191477,0.03769777085757497
6434,2.2964646464646465,0.2126262626262626,4.508115350657427e-05,0.039271974755292205
6435,2.2964646464646465,0.21858585858585858,0.00011854204924492628,0.040233630135340655
6436,2.2964646464646465,0.22454545454545452,-0.00013646419239227243,0.04064866988512421
6437,2.2964646464646465,0.2305050505050505,-0.0001242039665987129,0.04140149043302895
6438,2.2964646464646465,0.23646464646464646,0.00022360732489599454,0.043512381059403485
6439,2.2964646464646465,0.2424242424242424,-0.00034098440323239286,0.04426430603902537
6440,2.2964646464646465,0.24838383838383837,-0.000461558712693977,0.046137437169458555
6441,2.2964646464646465,0.2543434343434343,-0.00025291230370327953,0.0464541015117826
6442,2.2964646464646465,0.26030303030303026,0.0005241530288333548,0.04763920814059776
6443,2.2964646464646465,0.26626262626262626,-0.00041778017196637574,0.04854195514031962
6444,2.2964646464646465,0.2722222222222222,-0.0004723011603584825,0.04921364876767804
6445,2.2964646464646465,0.27818181818181814,-0.00023846648293738065,0.05091325352910326
6446,2.2964646464646465,0.28414141414141414,-0.0007201213405820822,0.05153177903833402
6447,2.2964646464646465,0.2901010101010101,-9.44241547268338e-05,0.05315447956067455
6448,2.2964646464646465,0.296060606060606,0.0003459979266832914,0.05472348610599862
6449,2.2964646464646465,0.302020202020202,0.00031811727797617553,0.05489284624689639
6450,2.2964646464646465,0.30797979797979796,0.000278459379520511,0.056881955137896
6451,2.2964646464646465,0.3139393939393939,-0.0003908313795165859,0.05749116370135375
6452,2.2964646464646465,0.31989898989898985,0.00042797659433132666,0.058694278342088575
6453,2.2964646464646465,0.32585858585858585,0.00046896679320639246,0.06038956967528407
6454,2.2964646464646465,0.3318181818181818,0.0009900505273961668,0.061029491601352875
6455,2.2964646464646465,0.33777777777777773,-0.0006910007952923004,0.06153513733704081
6456,2.2964646464646465,0.34373737373737373,-0.0014391117637917133,0.06289004618533947
6457,2.2964646464646465,0.3496969696969697,0.0003291605407846518,0.06364355112517601
6458,2.2964646464646465,0.3556565656565656,6.51942246419701e-05,0.06519434803010153
6459,2.2964646464646465,0.3616161616161616,-0.0005257630655820122,0.067001905872873
6460,2.2964646464646465,0.36757575757575756,-3.6402361552377346e-05,0.06788723395801352
6461,2.2964646464646465,0.3735353535353535,0.0009755776278790446,0.06773350849138166
6462,2.2964646464646465,0.37949494949494944,0.0003174731309073072,0.07037162678313032
6463,2.2964646464646465,0.38545454545454544,-0.00039294528132973865,0.07161031281285281
6464,2.2964646464646465,0.3914141414141414,-0.0008640191373128708,0.07246419371192309
6465,2.2964646464646465,0.3973737373737373,0.0001105198680150595,0.07322473320377347
6466,2.2964646464646465,0.4033333333333333,-0.00016907897288409473,0.07374571894607407
6467,2.2964646464646465,0.40929292929292926,-7.775813232061478e-05,0.07485573519907492
6468,2.2964646464646465,0.4152525252525252,0.0005789978647316712,0.07736966543887011
6469,2.2964646464646465,0.42121212121212115,-0.0001509787467107234,0.0777210784150459
6470,2.2964646464646465,0.42717171717171715,-0.000864564075053557,0.07821705291752487
6471,2.2964646464646465,0.4331313131313131,0.0002675389479357512,0.0806206862254794
6472,2.2964646464646465,0.43909090909090903,0.0007866333011235408,0.0801843641994317
6473,2.2964646464646465,0.44505050505050503,-0.00035774845934190383,0.0813336978193502
6474,2.2964646464646465,0.45101010101010097,-0.00016694622233537758,0.08283246329293394
6475,2.2964646464646465,0.4569696969696969,0.0004181202358002764,0.08343526187187755
6476,2.2964646464646465,0.4629292929292929,-0.0008484968460962055,0.08406227460817746
6477,2.2964646464646465,0.46888888888888886,0.001285877196505464,0.08700823638977039
6478,2.2964646464646465,0.4748484848484848,0.0010520070247030846,0.08796392317882623
6479,2.2964646464646465,0.48080808080808074,0.0007952710837998384,0.08821617790821541
6480,2.2964646464646465,0.48676767676767674,0.000297106999762366,0.09026734014645482
6481,2.2964646464646465,0.4927272727272727,0.0014900349750866554,0.09059874946909852
6482,2.2964646464646465,0.4986868686868686,0.0012014020396731678,0.09219077007831418
6483,2.2964646464646465,0.5046464646464646,0.00020345623415916493,0.09212205200344481
6484,2.2964646464646465,0.5106060606060605,0.00015723892974931167,0.09416594194150109
6485,2.2964646464646465,0.5165656565656566,-0.00023729085379016243,0.09450330857187882
6486,2.2964646464646465,0.5225252525252525,0.0005614050769670446,0.09571796843204375
6487,2.2964646464646465,0.5284848484848484,0.00036876273873348174,0.09776147975802503
6488,2.2964646464646465,0.5344444444444444,0.00010109410594453161,0.09843687462170797
6489,2.2964646464646465,0.5404040404040403,-0.0008399481890641691,0.10014628215172816
6490,2.2964646464646465,0.5463636363636363,0.00021380057753402534,0.10139129210482845
6491,2.2964646464646465,0.5523232323232323,-0.00019543129366197113,0.10311235778656765
6492,2.2964646464646465,0.5582828282828283,0.0020252913080115757,0.10355448002776839
6493,2.2964646464646465,0.5642424242424242,0.0007005289890690217,0.10420578398603492
6494,2.2964646464646465,0.5702020202020202,-0.002855276133191836,0.10448017377318315
6495,2.2964646464646465,0.5761616161616161,-0.0006149216366966292,0.10723353737556662
6496,2.2964646464646465,0.582121212121212,0.00013580915867672828,0.1080673300410445
6497,2.2964646464646465,0.588080808080808,0.0015581558086769094,0.10887614056251507
6498,2.2964646464646465,0.594040404040404,7.626037237049293e-05,0.1103643872561913
6499,2.2964646464646465,0.6,-0.0002914336143733651,0.11216394659210363
6500,2.3165656565656567,0.01,2.2658914251326357e-05,0.0018578788620307034
6501,2.3165656565656567,0.01595959595959596,-1.0722742031126375e-05,0.0029424421839435696
6502,2.3165656565656567,0.021919191919191918,6.714505229890182e-05,0.004073641195625673
6503,2.3165656565656567,0.027878787878787878,-8.432988637555294e-05,0.005140121911808978
6504,2.3165656565656567,0.033838383838383834,-7.953727472068096e-06,0.006266042243130129
6505,2.3165656565656567,0.0397979797979798,-4.304370371185806e-05,0.0073539504131265605
6506,2.3165656565656567,0.045757575757575754,9.211937911248968e-06,0.008580468870450985
6507,2.3165656565656567,0.05171717171717172,3.273131710793441e-05,0.009516108512273878
6508,2.3165656565656567,0.05767676767676767,3.5758978435022624e-05,0.010637387616171817
6509,2.3165656565656567,0.06363636363636363,0.00016349844515664764,0.011799486476500854
6510,2.3165656565656567,0.06959595959595959,-0.00011860131189287581,0.012838620024398518
6511,2.3165656565656567,0.07555555555555554,-0.00024636050456280743,0.014004493315530166
6512,2.3165656565656567,0.0815151515151515,-6.254872433788154e-05,0.015279458505166007
6513,2.3165656565656567,0.08747474747474746,-0.0003002347472559684,0.016100042229355113
6514,2.3165656565656567,0.09343434343434343,8.900586477476566e-05,0.017228594995247926
6515,2.3165656565656567,0.09939393939393938,-0.00011944256227652752,0.018542995171593687
6516,2.3165656565656567,0.10535353535353534,-0.0002920618716369087,0.019428476580179738
6517,2.3165656565656567,0.1113131313131313,0.0006126569110764528,0.02067198472461611
6518,2.3165656565656567,0.11727272727272725,0.00023288237902670207,0.021694618995772776
6519,2.3165656565656567,0.12323232323232322,0.0001058781917797784,0.022915222115017505
6520,2.3165656565656567,0.1291919191919192,-0.00024198658918975208,0.023931752532060372
6521,2.3165656565656567,0.13515151515151513,4.27642911142449e-05,0.02491488636057833
6522,2.3165656565656567,0.1411111111111111,-0.0003527489340098482,0.026117673021983746
6523,2.3165656565656567,0.14707070707070707,-0.0001869589485854216,0.027196476275039558
6524,2.3165656565656567,0.15303030303030302,0.00025959252095790914,0.028121559364958092
6525,2.3165656565656567,0.158989898989899,0.00020419327266787274,0.029857498697235613
6526,2.3165656565656567,0.16494949494949493,0.0004509126967896714,0.030875273759910307
6527,2.3165656565656567,0.1709090909090909,0.0001356723378301947,0.03170147648794706
6528,2.3165656565656567,0.17686868686868687,2.4520300003617156e-05,0.03299232513840068
6529,2.3165656565656567,0.1828282828282828,0.0003837802214119193,0.03367644464177109
6530,2.3165656565656567,0.18878787878787878,-0.0007439810647527846,0.034855607420702435
6531,2.3165656565656567,0.19474747474747472,-0.0002401091133971184,0.03652263345951263
6532,2.3165656565656567,0.2007070707070707,3.8033618029571057e-06,0.03715391049371995
6533,2.3165656565656567,0.20666666666666667,-0.0004752660743590667,0.038478059621545935
6534,2.3165656565656567,0.2126262626262626,2.0116174094850114e-06,0.039203412517704754
6535,2.3165656565656567,0.21858585858585858,-0.0005034556214343393,0.040505427786303096
6536,2.3165656565656567,0.22454545454545452,-0.0002798674525258232,0.041535835077297384
6537,2.3165656565656567,0.2305050505050505,-0.00031755731050991313,0.042614987161677095
6538,2.3165656565656567,0.23646464646464646,-0.0001496355326851001,0.043676814132834564
6539,2.3165656565656567,0.2424242424242424,7.820422118709453e-05,0.046025204553764625
6540,2.3165656565656567,0.24838383838383837,-0.00024378234378884324,0.0458725979754725
6541,2.3165656565656567,0.2543434343434343,-0.0004684413417230324,0.04747481834556587
6542,2.3165656565656567,0.26030303030303026,0.000674048882504206,0.04795457257470921
6543,2.3165656565656567,0.26626262626262626,0.00012089784541949409,0.049144134936113394
6544,2.3165656565656567,0.2722222222222222,0.0003707205308999137,0.05071248175381011
6545,2.3165656565656567,0.27818181818181814,7.263587233331471e-05,0.05187736295287575
6546,2.3165656565656567,0.28414141414141414,-2.2775797722899417e-05,0.0532975995441277
6547,2.3165656565656567,0.2901010101010101,-0.0001367527478235499,0.053460845819839085
6548,2.3165656565656567,0.296060606060606,0.00013347799361772576,0.05455064796743287
6549,2.3165656565656567,0.302020202020202,0.0010704480671752557,0.05685920347065485
6550,2.3165656565656567,0.30797979797979796,-0.00014862234186060924,0.05674006232057282
6551,2.3165656565656567,0.3139393939393939,-0.0004657507310749958,0.0582194690407972
6552,2.3165656565656567,0.31989898989898985,9.610627810724912e-05,0.059524776069012054
6553,2.3165656565656567,0.32585858585858585,0.0007674023939669543,0.061166587482011016
6554,2.3165656565656567,0.3318181818181818,0.00048558541254052834,0.06215210413733712
6555,2.3165656565656567,0.33777777777777773,0.0006870469554556948,0.06302662224945632
6556,2.3165656565656567,0.34373737373737373,-5.371674565650297e-06,0.06385974487897374
6557,2.3165656565656567,0.3496969696969697,0.001882622778277051,0.06619470360101506
6558,2.3165656565656567,0.3556565656565656,-0.00029459743609616624,0.06658178142062389
6559,2.3165656565656567,0.3616161616161616,-0.0007234993737594924,0.06751312845506534
6560,2.3165656565656567,0.36757575757575756,-0.00032249722030441744,0.06899690452523854
6561,2.3165656565656567,0.3735353535353535,-0.00028355152283454085,0.0689890829744681
6562,2.3165656565656567,0.37949494949494944,-0.0006500173239900347,0.07207845591916337
6563,2.3165656565656567,0.38545454545454544,-0.0001993253947319019,0.07239311044822877
6564,2.3165656565656567,0.3914141414141414,0.0003747204178042387,0.07333455277492369
6565,2.3165656565656567,0.3973737373737373,-0.0005381138170675844,0.07358106479345161
6566,2.3165656565656567,0.4033333333333333,-0.0005280430439576828,0.07551456107064304
6567,2.3165656565656567,0.40929292929292926,-0.0010525615721425794,0.07572128516925616
6568,2.3165656565656567,0.4152525252525252,-0.001180057611852919,0.07658907560128562
6569,2.3165656565656567,0.42121212121212115,-0.00020996934080986054,0.07847169698242137
6570,2.3165656565656567,0.42717171717171715,0.001298974898453811,0.07942551213111612
6571,2.3165656565656567,0.4331313131313131,1.673487555573816e-05,0.08026560279069281
6572,2.3165656565656567,0.43909090909090903,0.0005464337787982165,0.08325271480102905
6573,2.3165656565656567,0.44505050505050503,-0.0006210844432176805,0.08276969707750695
6574,2.3165656565656567,0.45101010101010097,0.0005027730719313338,0.0845207318101204
6575,2.3165656565656567,0.4569696969696969,-0.0006885777531387478,0.08494450533297675
6576,2.3165656565656567,0.4629292929292929,0.0008411303632471506,0.08643103796520207
6577,2.3165656565656567,0.46888888888888886,0.000685420970511774,0.08690815502297639
6578,2.3165656565656567,0.4748484848484848,-0.00021672209640575271,0.087806652154443
6579,2.3165656565656567,0.48080808080808074,0.0014299057855814677,0.09030795034329382
6580,2.3165656565656567,0.48676767676767674,0.00020239750807496016,0.09085430994280497
6581,2.3165656565656567,0.4927272727272727,0.0015925603557652775,0.09349924100579163
6582,2.3165656565656567,0.4986868686868686,-0.0006980635330426231,0.09208276872053163
6583,2.3165656565656567,0.5046464646464646,-0.0008330507771047703,0.09478176015660038
6584,2.3165656565656567,0.5106060606060605,0.0007104772573357915,0.09562793556569772
6585,2.3165656565656567,0.5165656565656566,0.0002152828742746319,0.09534922735905742
6586,2.3165656565656567,0.5225252525252525,-0.001147621815320868,0.09808219312107526
6587,2.3165656565656567,0.5284848484848484,0.0020649498705760183,0.09999278865191573
6588,2.3165656565656567,0.5344444444444444,-0.0007563837216749999,0.1000290490892744
6589,2.3165656565656567,0.5404040404040403,-8.78886309084586e-05,0.10149990140966354
6590,2.3165656565656567,0.5463636363636363,-0.0025854074153651503,0.10174912130357493
6591,2.3165656565656567,0.5523232323232323,-0.00029450492737204977,0.10320323596813437
6592,2.3165656565656567,0.5582828282828283,0.0007978118615612302,0.10483357115183072
6593,2.3165656565656567,0.5642424242424242,-0.0015484657410206556,0.1046115216411737
6594,2.3165656565656567,0.5702020202020202,0.0011014038351252608,0.1083387976162937
6595,2.3165656565656567,0.5761616161616161,0.00013690979746945584,0.1091461955607404
6596,2.3165656565656567,0.582121212121212,-0.00028459743361601515,0.10946577754032197
6597,2.3165656565656567,0.588080808080808,0.001217038052683937,0.11066470823771006
6598,2.3165656565656567,0.594040404040404,0.0019920928050734133,0.11305830542893214
6599,2.3165656565656567,0.6,0.0024699873280909766,0.11349539701602301
6600,2.336666666666667,0.01,8.927180040063276e-06,0.0018865340637079296
6601,2.336666666666667,0.01595959595959596,-1.5003976167468403e-06,0.0029886343267097755
6602,2.336666666666667,0.021919191919191918,6.609238854963592e-05,0.004064989129945443
6603,2.336666666666667,0.027878787878787878,-9.090678277716747e-05,0.0052835068241630055
6604,2.336666666666667,0.033838383838383834,-5.8777896878923786e-05,0.00636326016682523
6605,2.336666666666667,0.0397979797979798,0.00015625320727682545,0.007491926612370387
6606,2.336666666666667,0.045757575757575754,-6.51983414729948e-05,0.008635896747105317
6607,2.336666666666667,0.05171717171717172,-2.2629199931041276e-05,0.009783202285733561
6608,2.336666666666667,0.05767676767676767,0.00012088002585022018,0.010892701426260575
6609,2.336666666666667,0.06363636363636363,0.0002182875136137869,0.011962197201196964
6610,2.336666666666667,0.06959595959595959,6.89420262448255e-05,0.013001850481431544
6611,2.336666666666667,0.07555555555555554,-0.0001969825661547542,0.014352873313465067
6612,2.336666666666667,0.0815151515151515,0.00015026892601850683,0.01540956903028353
6613,2.336666666666667,0.08747474747474746,-0.00023702009786664857,0.016466347875980503
6614,2.336666666666667,0.09343434343434343,0.00012501381771522712,0.017537451547372768
6615,2.336666666666667,0.09939393939393938,-0.00013861305393298064,0.018601627339005014
6616,2.336666666666667,0.10535353535353534,2.4832059136265738e-05,0.02000552995756556
6617,2.336666666666667,0.1113131313131313,-2.8360737473012365e-05,0.020885279404095274
6618,2.336666666666667,0.11727272727272725,0.00020170224281602028,0.02215210813380429
6619,2.336666666666667,0.12323232323232322,-0.0001998001508682696,0.023419660853229194
6620,2.336666666666667,0.1291919191919192,0.00015151450346818384,0.02415266615114952
6621,2.336666666666667,0.13515151515151513,0.00018295823329035336,0.02512001795062659
6622,2.336666666666667,0.1411111111111111,0.00029713068460977067,0.02632874699450908
6623,2.336666666666667,0.14707070707070707,0.0005350422461327484,0.02778294698030002
6624,2.336666666666667,0.15303030303030302,2.3701793707784947e-05,0.02885605592324737
6625,2.336666666666667,0.158989898989899,-0.0001447900535810359,0.03009731054221588
6626,2.336666666666667,0.16494949494949493,-0.00030453884378588473,0.03084364620438491
6627,2.336666666666667,0.1709090909090909,1.7566134370982668e-05,0.03202518292147282
6628,2.336666666666667,0.17686868686868687,-0.0004411165672956592,0.03329661228926883
6629,2.336666666666667,0.1828282828282828,-6.392679680763234e-05,0.03460232821101265
6630,2.336666666666667,0.18878787878787878,0.0001589685314015222,0.03525305909836265
6631,2.336666666666667,0.19474747474747472,-0.000256857153692856,0.03663535684569481
6632,2.336666666666667,0.2007070707070707,-0.00041034087029458675,0.037869884263314335
6633,2.336666666666667,0.20666666666666667,-0.0002994383584211285,0.038750965801601034
6634,2.336666666666667,0.2126262626262626,0.0002130960698098976,0.040242608560367585
6635,2.336666666666667,0.21858585858585858,-0.0007037225079552896,0.041067623290464136
6636,2.336666666666667,0.22454545454545452,0.00042980032709733537,0.04235797955580648
6637,2.336666666666667,0.2305050505050505,-0.0004398206307178608,0.04353613688894327
6638,2.336666666666667,0.23646464646464646,0.0002974511077817832,0.044624647489838916
6639,2.336666666666667,0.2424242424242424,3.914180769851052e-05,0.04599893637972795
6640,2.336666666666667,0.24838383838383837,0.00019520327390457547,0.04719274565501799
6641,2.336666666666667,0.2543434343434343,-3.352114315248621e-05,0.04786773457536911
6642,2.336666666666667,0.26030303030303026,-0.00016139834538683482,0.049509846802984384
6643,2.336666666666667,0.26626262626262626,0.00011784678154021342,0.05023044561279195
6644,2.336666666666667,0.2722222222222222,-0.00021818882475266123,0.051751346409302415
6645,2.336666666666667,0.27818181818181814,-0.00034453475841832897,0.052950978735198835
6646,2.336666666666667,0.28414141414141414,-0.0008219957975210442,0.05315586193898521
6647,2.336666666666667,0.2901010101010101,0.0006855762544288192,0.05543726714441935
6648,2.336666666666667,0.296060606060606,-0.0003784534863329979,0.055892466150077535
6649,2.336666666666667,0.302020202020202,-0.000921673758209655,0.05700228745510388
6650,2.336666666666667,0.30797979797979796,-0.00014798501638905735,0.05782109513962806
6651,2.336666666666667,0.3139393939393939,-0.00030468475880506566,0.059763850101209104
6652,2.336666666666667,0.31989898989898985,0.0003878599718169254,0.06106486331191435
6653,2.336666666666667,0.32585858585858585,-0.00013990225057853873,0.061291522180109255
6654,2.336666666666667,0.3318181818181818,-2.2566207460114396e-05,0.06285863084280288
6655,2.336666666666667,0.33777777777777773,0.00016197775472962688,0.06322689737197637
6656,2.336666666666667,0.34373737373737373,-0.0009005811797563496,0.06413033332288151
6657,2.336666666666667,0.3496969696969697,-0.0004000758578365356,0.0666134644401444
6658,2.336666666666667,0.3556565656565656,0.0009550239430343012,0.0674592444502226
6659,2.336666666666667,0.3616161616161616,-0.0008202010660002159,0.06799024290703846
6660,2.336666666666667,0.36757575757575756,-0.0002200355280495452,0.06901441359642542
6661,2.336666666666667,0.3735353535353535,0.0007387875353076002,0.07196295421637876
6662,2.336666666666667,0.37949494949494944,0.0016418250314976205,0.07263235688207437
6663,2.336666666666667,0.38545454545454544,0.0011758884300467549,0.07420520742841161
6664,2.336666666666667,0.3914141414141414,0.00028134272847531443,0.07408655804190166
6665,2.336666666666667,0.3973737373737373,0.00037998398894311427,0.07570509788898587
6666,2.336666666666667,0.4033333333333333,-0.0003151653459614263,0.07733446077370698
6667,2.336666666666667,0.40929292929292926,-0.0013191837506901208,0.0774415363986302
6668,2.336666666666667,0.4152525252525252,-0.00034607701667629584,0.07856527584566497
6669,2.336666666666667,0.42121212121212115,0.0001298513533033884,0.0803437007097379
6670,2.336666666666667,0.42717171717171715,0.0020939785732454995,0.08165228399173902
6671,2.336666666666667,0.4331313131313131,-0.0005584853633758946,0.08216882861434148
6672,2.336666666666667,0.43909090909090903,-0.00046455922557781806,0.08286802768731212
6673,2.336666666666667,0.44505050505050503,9.229066855438917e-06,0.08496468755872694
6674,2.336666666666667,0.45101010101010097,-0.0008492689014291463,0.08607930413605079
6675,2.336666666666667,0.4569696969696969,0.00026582364270884263,0.08732552952718337
6676,2.336666666666667,0.4629292929292929,0.00011815678362416316,0.0867424558111804
6677,2.336666666666667,0.46888888888888886,-0.0005731445049475354,0.08867799192410065
6678,2.336666666666667,0.4748484848484848,0.0018918697601353585,0.09099078950652016
6679,2.336666666666667,0.48080808080808074,0.0004766370740972845,0.09192833495223274
6680,2.336666666666667,0.48676767676767674,-0.0010691734352491582,0.09320776905766824
6681,2.336666666666667,0.4927272727272727,-0.0016719953416030756,0.09241789330490939
6682,2.336666666666667,0.4986868686868686,-0.0006978622036835732,0.09343218034467217
6683,2.336666666666667,0.5046464646464646,-0.0006614938917764016,0.0959597496885791
6684,2.336666666666667,0.5106060606060605,0.001278119635411165,0.09799685402304482
6685,2.336666666666667,0.5165656565656566,-0.0007333686307702261,0.098420331568927
6686,2.336666666666667,0.5225252525252525,0.00045921396990449226,0.09970599618170166
6687,2.336666666666667,0.5284848484848484,-0.000978959006850329,0.10054883127940377
6688,2.336666666666667,0.5344444444444444,0.0024135102919925822,0.10237748928032715
6689,2.336666666666667,0.5404040404040403,0.0006048959980008514,0.10417261672897866
6690,2.336666666666667,0.5463636363636363,0.0011570109171761178,0.10505107558999567
6691,2.336666666666667,0.5523232323232323,-0.0010176523171861423,0.10386661554676571
6692,2.336666666666667,0.5582828282828283,-0.0011634556753225358,0.10432241596212768
6693,2.336666666666667,0.5642424242424242,0.0005977191571745994,0.10793909641596154
6694,2.336666666666667,0.5702020202020202,-0.000305829805198686,0.10969657391241291
6695,2.336666666666667,0.5761616161616161,0.00024204384251463388,0.11070525764762708
6696,2.336666666666667,0.582121212121212,-0.0002956992602436019,0.11133679050713033
6697,2.336666666666667,0.588080808080808,-0.0004431370389481673,0.11350421446399697
6698,2.336666666666667,0.594040404040404,-0.00044255966361709804,0.11256695646103124
6699,2.336666666666667,0.6,-7.891294878104915e-07,0.11340723717156162
6700,2.356767676767677,0.01,-2.7081571854205677e-06,0.0019098192114911756
6701,2.356767676767677,0.01595959595959596,-5.245664848436835e-05,0.003035692100834967
6702,2.356767676767677,0.021919191919191918,1.1743223891292554e-05,0.004235192679520236
6703,2.356767676767677,0.027878787878787878,1.5342031887781095e-05,0.005305809615891394
6704,2.356767676767677,0.033838383838383834,1.6688486650026656e-05,0.006442199462606907
6705,2.356767676767677,0.0397979797979798,8.182538628030035e-05,0.007583830630022604
6706,2.356767676767677,0.045757575757575754,-5.381938240737111e-05,0.008864406061671395
6707,2.356767676767677,0.05171717171717172,1.0302314920392341e-05,0.009955704300192096
6708,2.356767676767677,0.05767676767676767,1.3646118844204725e-05,0.010966550213781637
6709,2.356767676767677,0.06363636363636363,8.903963467896829e-05,0.012128515116688209
6710,2.356767676767677,0.06959595959595959,0.00012075361907115831,0.013395572697141292
6711,2.356767676767677,0.07555555555555554,-0.00011421871396086349,0.014422154563588472
6712,2.356767676767677,0.0815151515151515,7.883921055281667e-05,0.015690141145048967
6713,2.356767676767677,0.08747474747474746,-0.00014504510722006681,0.016695387133261085
6714,2.356767676767677,0.09343434343434343,0.00024068742981486033,0.01781555770520719
6715,2.356767676767677,0.09939393939393938,6.869888969921778e-06,0.018878798522129165
6716,2.356767676767677,0.10535353535353534,0.0001615639411643888,0.020151271334479474
6717,2.356767676767677,0.1113131313131313,0.00012473224342167305,0.021530432291545273
6718,2.356767676767677,0.11727272727272725,0.0001793553696763658,0.022512201445323884
6719,2.356767676767677,0.12323232323232322,-3.099469983553374e-05,0.02376991762443493
6720,2.356767676767677,0.1291919191919192,-0.00037425680982102784,0.024645430474701267
6721,2.356767676767677,0.13515151515151513,-0.0004907317769692476,0.025592440683628738
6722,2.356767676767677,0.1411111111111111,-6.426202452463894e-05,0.027000032836346586
6723,2.356767676767677,0.14707070707070707,-0.00020444883457183024,0.028074890348817255
6724,2.356767676767677,0.15303030303030302,0.00021361513436187415,0.029188310186147717
6725,2.356767676767677,0.158989898989899,-0.0003776750187046068,0.030259814547889726
6726,2.356767676767677,0.16494949494949493,-0.0001670820505527218,0.03174517909242963
6727,2.356767676767677,0.1709090909090909,0.00018815795654276505,0.03325058320640705
6728,2.356767676767677,0.17686868686868687,5.558852043191489e-05,0.03365248770769977
6729,2.356767676767677,0.1828282828282828,-0.0002526309413865221,0.03513403450891732
6730,2.356767676767677,0.18878787878787878,0.0003322904690685917,0.035984364701802496
6731,2.356767676767677,0.19474747474747472,-0.00018022434049466693,0.03708225706290896
6732,2.356767676767677,0.2007070707070707,-0.00036884044423676944,0.038279891324288745
6733,2.356767676767677,0.20666666666666667,-0.00011735266064830911,0.03973783494441665
6734,2.356767676767677,0.2126262626262626,0.0005724090057981615,0.040625964825323685
6735,2.356767676767677,0.21858585858585858,-0.00047129716597682167,0.04217877486416809
6736,2.356767676767677,0.22454545454545452,9.098182425340204e-05,0.043049468608525925
6737,2.356767676767677,0.2305050505050505,0.0003355256093159841,0.04390427013154074
6738,2.356767676767677,0.23646464646464646,0.00032362064728106815,0.04494538654411945
6739,2.356767676767677,0.2424242424242424,-0.00030084736635272867,0.04630195207275845
6740,2.356767676767677,0.24838383838383837,-0.00024989671425885773,0.04755281476837404
6741,2.356767676767677,0.2543434343434343,0.0006010971845667561,0.04860079964259753
6742,2.356767676767677,0.26030303030303026,0.00019824336850146542,0.04962553523653081
6743,2.356767676767677,0.26626262626262626,1.1589999115967631e-05,0.05091255977379853
6744,2.356767676767677,0.2722222222222222,-0.0007119403102001767,0.05142836460385127
6745,2.356767676767677,0.27818181818181814,0.0009137660645096443,0.054002509389777055
6746,2.356767676767677,0.28414141414141414,-0.0009961636686085169,0.053688007585728725
6747,2.356767676767677,0.2901010101010101,-0.0009375987734560034,0.05565327494424177
6748,2.356767676767677,0.296060606060606,-0.0009197973044712608,0.05619844984704263
6749,2.356767676767677,0.302020202020202,-0.00014104068579885284,0.05767480182507307
6750,2.356767676767677,0.30797979797979796,-0.0001922408924054948,0.058907220021766335
6751,2.356767676767677,0.3139393939393939,-0.00016041665461156537,0.059689202588625576
6752,2.356767676767677,0.31989898989898985,-0.00010142870059497692,0.06189414970135223
6753,2.356767676767677,0.32585858585858585,-0.0012794103343791853,0.06207763333075319
6754,2.356767676767677,0.3318181818181818,-0.0004316078837341511,0.06379064691099567
6755,2.356767676767677,0.33777777777777773,-0.00032714339755789856,0.06426635303274271
6756,2.356767676767677,0.34373737373737373,0.0004435415884077235,0.06699310480546104
6757,2.356767676767677,0.3496969696969697,-0.0007444974136580472,0.06699731259116078
6758,2.356767676767677,0.3556565656565656,-0.0006139455217372944,0.0672187038618636
6759,2.356767676767677,0.3616161616161616,-1.5860322801119507e-05,0.06865764879457156
6760,2.356767676767677,0.36757575757575756,-0.0004455645776815284,0.07109787902322329
6761,2.356767676767677,0.3735353535353535,0.001838119792961566,0.0723025033323948
6762,2.356767676767677,0.37949494949494944,0.0011522909071304387,0.07259734685567377
6763,2.356767676767677,0.38545454545454544,-6.80864407756654e-05,0.07398450463925597
6764,2.356767676767677,0.3914141414141414,0.0012499621297325173,0.07581922230263942
6765,2.356767676767677,0.3973737373737373,0.00016108995031967105,0.07725353788623633
6766,2.356767676767677,0.4033333333333333,-0.0004844673997767931,0.0785832679293192
6767,2.356767676767677,0.40929292929292926,0.00011401399280617544,0.07882372246887683
6768,2.356767676767677,0.4152525252525252,0.0003003961945469765,0.07955827312988317
6769,2.356767676767677,0.42121212121212115,-0.0007925848174132374,0.08108930388867434
6770,2.356767676767677,0.42717171717171715,0.0007341200861203234,0.08232623712067977
6771,2.356767676767677,0.4331313131313131,0.0008554145907656153,0.08371526340545905
6772,2.356767676767677,0.43909090909090903,0.00011212917381451941,0.08391472539192961
6773,2.356767676767677,0.44505050505050503,-0.0008316194837861857,0.08518839397336335
6774,2.356767676767677,0.45101010101010097,-0.0023653465529361282,0.08538394963972593
6775,2.356767676767677,0.4569696969696969,0.001035580795062976,0.08827061291619827
6776,2.356767676767677,0.4629292929292929,-9.471094113078919e-05,0.09098914446058326
6777,2.356767676767677,0.46888888888888886,0.0003428888862747996,0.09163249111429456
6778,2.356767676767677,0.4748484848484848,-0.0008509729820076345,0.0907675033279946
6779,2.356767676767677,0.48080808080808074,-0.000564806755699802,0.09315782716726169
6780,2.356767676767677,0.48676767676767674,0.00039365601235690243,0.09568621141003332
6781,2.356767676767677,0.4927272727272727,-0.0011159433075483235,0.09560555708359636
6782,2.356767676767677,0.4986868686868686,0.00027380812432761115,0.09642091110235736
6783,2.356767676767677,0.5046464646464646,-0.0001577515647768653,0.09615376847573484
6784,2.356767676767677,0.5106060606060605,0.00044403400572690587,0.09917741660334488
6785,2.356767676767677,0.5165656565656566,0.00048640978540642597,0.09978428906839269
6786,2.356767676767677,0.5225252525252525,0.0002269852852198825,0.10116719570400654
6787,2.356767676767677,0.5284848484848484,-0.0010736412378962352,0.10223235016036983
6788,2.356767676767677,0.5344444444444444,0.0007960988349957756,0.10390624745013743
6789,2.356767676767677,0.5404040404040403,-0.0009653166251436595,0.10335178327794675
6790,2.356767676767677,0.5463636363636363,-0.0017939669720193597,0.10561885501492392
6791,2.356767676767677,0.5523232323232323,9.043503591967478e-05,0.1062962285604887
6792,2.356767676767677,0.5582828282828283,-0.000963932526797549,0.10808513120369116
6793,2.356767676767677,0.5642424242424242,-0.0003051385113579682,0.10967782096276692
6794,2.356767676767677,0.5702020202020202,-5.532572556048958e-05,0.11087807327772109
6795,2.356767676767677,0.5761616161616161,-0.0007101265351504004,0.11159989309861783
6796,2.356767676767677,0.582121212121212,-0.0005157476253518936,0.11387864158218793
6797,2.356767676767677,0.588080808080808,-7.860473772189458e-05,0.11366989153771884
6798,2.356767676767677,0.594040404040404,-0.002954366790026044,0.1126989672319014
6799,2.356767676767677,0.6,4.99335497137487e-05,0.11795320501706023
6800,2.3768686868686872,0.01,-3.1437765244932414e-05,0.0019179895624207718
6801,2.3768686868686872,0.01595959595959596,3.611235175761196e-06,0.0031100751093867734
6802,2.3768686868686872,0.021919191919191918,-1.0339998549574459e-07,0.00428361355769383
6803,2.3768686868686872,0.027878787878787878,-1.4686558331115829e-05,0.005485541254779833
6804,2.3768686868686872,0.033838383838383834,-0.0001016247523764626,0.006542054942959817
6805,2.3768686868686872,0.0397979797979798,8.617732140489188e-05,0.00769422102070282
6806,2.3768686868686872,0.045757575757575754,0.00010654681637092109,0.008765106378133512
6807,2.3768686868686872,0.05171717171717172,-9.94678096525945e-06,0.010114758165613379
6808,2.3768686868686872,0.05767676767676767,-0.00011594887828372497,0.011206029406799326
6809,2.3768686868686872,0.06363636363636363,2.4931079854368698e-05,0.012159037344196775
6810,2.3768686868686872,0.06959595959595959,3.887627039583566e-05,0.013623907612237493
6811,2.3768686868686872,0.07555555555555554,-0.00010207205268266244,0.014737209128413678
6812,2.3768686868686872,0.0815151515151515,3.2007367840160424e-05,0.015916619452975057
6813,2.3768686868686872,0.08747474747474746,-0.00021533048656493885,0.01709101516760229
6814,2.3768686868686872,0.09343434343434343,-0.00032235106047419674,0.018240877224225665
6815,2.3768686868686872,0.09939393939393938,-5.282371634794002e-05,0.019236307720742606
6816,2.3768686868686872,0.10535353535353534,1.1636813526883595e-05,0.020536479476312625
6817,2.3768686868686872,0.1113131313131313,0.0001199130532378255,0.02138147796236735
6818,2.3768686868686872,0.11727272727272725,8.648312360443568e-05,0.023079143161487087
6819,2.3768686868686872,0.12323232323232322,0.00041094480122804046,0.02383689940416529
6820,2.3768686868686872,0.1291919191919192,-1.1307437815178733e-06,0.024860571870841106
6821,2.3768686868686872,0.13515151515151513,-5.57055520563939e-05,0.02615931373207917
6822,2.3768686868686872,0.1411111111111111,0.00010101750982959224,0.02731863032820377
6823,2.3768686868686872,0.14707070707070707,-0.0004989853872420795,0.02864398377211192
6824,2.3768686868686872,0.15303030303030302,2.724589866574486e-05,0.02970028918706051
6825,2.3768686868686872,0.158989898989899,-3.328326898173754e-05,0.03072933652503595
6826,2.3768686868686872,0.16494949494949493,0.0004358027641755994,0.03244640989933819
6827,2.3768686868686872,0.1709090909090909,-0.00011506446202516006,0.0335977210404757
6828,2.3768686868686872,0.17686868686868687,-0.00017699104759756525,0.034894660930137336
6829,2.3768686868686872,0.1828282828282828,-0.0003648297314115848,0.035636120413042434
6830,2.3768686868686872,0.18878787878787878,-0.0002299411172562193,0.03650549170029768
6831,2.3768686868686872,0.19474747474747472,-0.0008947821026218789,0.03735856837550934
6832,2.3768686868686872,0.2007070707070707,-0.0003640427972590983,0.038923304113616
6833,2.3768686868686872,0.20666666666666667,0.0003267095588709852,0.04029298409803999
6834,2.3768686868686872,0.2126262626262626,0.000568745675139842,0.041582680095328256
6835,2.3768686868686872,0.21858585858585858,-0.000463777792103669,0.04255881378362353
6836,2.3768686868686872,0.22454545454545452,0.00048595289980794354,0.04403296862942902
6837,2.3768686868686872,0.2305050505050505,-0.000211521761944028,0.044644311128145195
6838,2.3768686868686872,0.23646464646464646,0.0009522804679861149,0.04589188225966627
6839,2.3768686868686872,0.2424242424242424,0.0005076880796563632,0.04703745941489856
6840,2.3768686868686872,0.24838383838383837,0.00026067482570488437,0.048246571897406575
6841,2.3768686868686872,0.2543434343434343,0.00048130730240691737,0.049422588038491415
6842,2.3768686868686872,0.26030303030303026,-3.127913821286903e-05,0.05099125454064935
6843,2.3768686868686872,0.26626262626262626,6.712818225645483e-05,0.05155414311918382
6844,2.3768686868686872,0.2722222222222222,0.0004166007311140822,0.052751811843987514
6845,2.3768686868686872,0.27818181818181814,-8.623797860789457e-05,0.05404017222001871
6846,2.3768686868686872,0.28414141414141414,-9.280853416319632e-05,0.05514309568464812
6847,2.3768686868686872,0.2901010101010101,-0.00015026644517632067,0.056283250386132744
6848,2.3768686868686872,0.296060606060606,0.0002763212672512468,0.05810712874286494
6849,2.3768686868686872,0.302020202020202,0.0009297496421907019,0.05846085285566512
6850,2.3768686868686872,0.30797979797979796,0.0009219626924321819,0.060367996291375965
6851,2.3768686868686872,0.3139393939393939,0.000520893666409607,0.06052515424063316
6852,2.3768686868686872,0.31989898989898985,-0.0008426421843250216,0.06186414948933779
6853,2.3768686868686872,0.32585858585858585,-4.5089611379644266e-05,0.06343209143763984
6854,2.3768686868686872,0.3318181818181818,9.719834485509549e-05,0.06446218120343356
6855,2.3768686868686872,0.33777777777777773,0.001751124581107373,0.06679414533407178
6856,2.3768686868686872,0.34373737373737373,-0.0008569778586721993,0.06698647135559123
6857,2.3768686868686872,0.3496969696969697,0.00022220665170428396,0.06871360986519974
6858,2.3768686868686872,0.3556565656565656,0.0010817483668716377,0.06994117079885262
6859,2.3768686868686872,0.3616161616161616,0.00015608634969494783,0.07063357336385884
6860,2.3768686868686872,0.36757575757575756,-0.0010508141388988564,0.07173408394982819
6861,2.3768686868686872,0.3735353535353535,-0.00040546800034024555,0.07274176319358154
6862,2.3768686868686872,0.37949494949494944,-0.00044640833397943815,0.07421516012614283
6863,2.3768686868686872,0.38545454545454544,-0.0013682428786723044,0.07541038460715381
6864,2.3768686868686872,0.3914141414141414,-0.00026944077164909263,0.07571158449815626
6865,2.3768686868686872,0.3973737373737373,-0.00043581886488852655,0.07703912403271944
6866,2.3768686868686872,0.4033333333333333,0.0004650810543372298,0.07896716623855762
6867,2.3768686868686872,0.40929292929292926,-0.00044050120883569726,0.07995181097594503
6868,2.3768686868686872,0.4152525252525252,-0.00037038446916704817,0.08075072364196256
6869,2.3768686868686872,0.42121212121212115,-0.001868920004756992,0.08218115747398216
6870,2.3768686868686872,0.42717171717171715,-0.0016026484871146166,0.08321766995917473
6871,2.3768686868686872,0.4331313131313131,-0.0006343124992404358,0.08416847343266799
6872,2.3768686868686872,0.43909090909090903,0.00024339901524454425,0.0865507635242494
6873,2.3768686868686872,0.44505050505050503,-0.0004034279605721862,0.08737920853961013
6874,2.3768686868686872,0.45101010101010097,0.0006859457026433611,0.08800295364087578
6875,2.3768686868686872,0.4569696969696969,0.0010886744419086624,0.08997699383061705
6876,2.3768686868686872,0.4629292929292929,0.0017424084658950636,0.09178592087241831
6877,2.3768686868686872,0.46888888888888886,0.00029083297789279363,0.09158644615731011
6878,2.3768686868686872,0.4748484848484848,-0.001385072803917597,0.09282144914401727
6879,2.3768686868686872,0.48080808080808074,-0.0004407618958984913,0.09423277685173322
6880,2.3768686868686872,0.48676767676767674,-0.0010807071266885305,0.09519152711958086
6881,2.3768686868686872,0.4927272727272727,0.000746080007087995,0.09847539463406428
6882,2.3768686868686872,0.4986868686868686,-0.0002528211713161173,0.09702134830632944
6883,2.3768686868686872,0.5046464646464646,-0.00021587592665183459,0.09922095664121444
6884,2.3768686868686872,0.5106060606060605,0.0008310187832678702,0.1007448829440666
6885,2.3768686868686872,0.5165656565656566,-0.001048280570481582,0.10094711739742748
6886,2.3768686868686872,0.5225252525252525,-0.0005646787379785051,0.10147036843332306
6887,2.3768686868686872,0.5284848484848484,-0.0005878819321815902,0.10339010987044359
6888,2.3768686868686872,0.5344444444444444,-0.0005654252742564543,0.10403587851496107
6889,2.3768686868686872,0.5404040404040403,-0.0022075865297130947,0.10596250073995118
6890,2.3768686868686872,0.5463636363636363,0.00021322722103499355,0.10763051137093953
6891,2.3768686868686872,0.5523232323232323,-0.0001413959529708602,0.109033586803406
6892,2.3768686868686872,0.5582828282828283,0.0005793845684368879,0.10941536762980955
6893,2.3768686868686872,0.5642424242424242,-0.00016076938357712588,0.11224377022473704
6894,2.3768686868686872,0.5702020202020202,-0.00020557447244568677,0.11206409497622907
6895,2.3768686868686872,0.5761616161616161,0.00018456121288861675,0.11337379180836421
6896,2.3768686868686872,0.582121212121212,0.001891592693668119,0.11349786877809094
6897,2.3768686868686872,0.588080808080808,-0.0014285921920762486,0.11587908700012443
6898,2.3768686868686872,0.594040404040404,0.0010414783036187289,0.11725256997654691
6899,2.3768686868686872,0.6,-0.0009355628963192038,0.11669002533738732
6900,2.396969696969697,0.01,2.5655819688833235e-06,0.0019585902587578225
6901,2.396969696969697,0.01595959595959596,-2.6871764956190446e-05,0.0031689197638661336
6902,2.396969696969697,0.021919191919191918,2.6516355504223155e-06,0.00427872800222953
6903,2.396969696969697,0.027878787878787878,-2.838674797363966e-05,0.005472618204930157
6904,2.396969696969697,0.033838383838383834,-0.00012214214639756142,0.00670156265801101
6905,2.396969696969697,0.0397979797979798,-0.0001155207477151152,0.007766765521979385
6906,2.396969696969697,0.045757575757575754,0.00021215820992160733,0.009012615096519672
6907,2.396969696969697,0.05171717171717172,8.059045891173211e-06,0.010043536935355389
6908,2.396969696969697,0.05767676767676767,2.900079803333786e-05,0.011365785126979671
6909,2.396969696969697,0.06363636363636363,-2.927255731688794e-05,0.012682649358352817
6910,2.396969696969697,0.06959595959595959,4.454990043805137e-05,0.013557370762058246
6911,2.396969696969697,0.07555555555555554,-0.00027912294267041355,0.014879367433941824
6912,2.396969696969697,0.0815151515151515,1.7054824188216034e-05,0.016132847757839033
6913,2.396969696969697,0.08747474747474746,-6.122432795232221e-05,0.017522693925198687
6914,2.396969696969697,0.09343434343434343,0.00022520666924832393,0.018355312233793584
6915,2.396969696969697,0.09939393939393938,-5.647183431492411e-05,0.01980818627040999
6916,2.396969696969697,0.10535353535353534,0.0002899677664526597,0.0208579741279603
6917,2.396969696969697,0.1113131313131313,-0.00019031355979116924,0.02177352664940949
6918,2.396969696969697,0.11727272727272725,3.3217526956090394e-05,0.023325340009911603
6919,2.396969696969697,0.12323232323232322,9.77940510392447e-05,0.02438146188131812
6920,2.396969696969697,0.1291919191919192,-0.00010737145057137338,0.02516381625922904
6921,2.396969696969697,0.13515151515151513,-9.428989471550896e-05,0.026367667606751244
6922,2.396969696969697,0.1411111111111111,9.781740189209046e-05,0.02787370536389989
6923,2.396969696969697,0.14707070707070707,0.000302878444157807,0.029088168348904875
6924,2.396969696969697,0.15303030303030302,-0.0005700717961930925,0.030168590610788124
6925,2.396969696969697,0.158989898989899,-0.00035606589592928765,0.0310932941162984
6926,2.396969696969697,0.16494949494949493,2.4015543749534496e-05,0.03241806012198716
6927,2.396969696969697,0.1709090909090909,-0.0004339531741799601,0.03329963711611733
6928,2.396969696969697,0.17686868686868687,-9.293250327381663e-05,0.034711225863717325
6929,2.396969696969697,0.1828282828282828,1.102881753726721e-05,0.03607518079081213
6930,2.396969696969697,0.18878787878787878,5.3283418456363417e-05,0.03726216468268621
6931,2.396969696969697,0.19474747474747472,0.00014747302178828346,0.03856653466106903
6932,2.396969696969697,0.2007070707070707,5.3726731341146436e-05,0.03978685469557415
6933,2.396969696969697,0.20666666666666667,-1.7976409656234084e-05,0.04056482708896813
6934,2.396969696969697,0.2126262626262626,5.9619800830576095e-05,0.042325797062463574
6935,2.396969696969697,0.21858585858585858,0.00028806455045685044,0.04371089805832551
6936,2.396969696969697,0.22454545454545452,4.954502228420443e-06,0.04410575850326011
6937,2.396969696969697,0.2305050505050505,2.6753563268956216e-05,0.04539144782378961
6938,2.396969696969697,0.23646464646464646,0.00010855752873984905,0.046560118637789395
6939,2.396969696969697,0.2424242424242424,-0.0007142815001567972,0.04778845910079859
6940,2.396969696969697,0.24838383838383837,0.0010692633108680936,0.04938598665705078
6941,2.396969696969697,0.2543434343434343,0.0003576166739466795,0.0499893167560181
6942,2.396969696969697,0.26030303030303026,-0.00034321321770392697,0.050987323439499896
6943,2.396969696969697,0.26626262626262626,0.00012199463560113845,0.05192600737105135
6944,2.396969696969697,0.2722222222222222,-0.00017062328236815708,0.05330863901728881
6945,2.396969696969697,0.27818181818181814,-0.0005546873336140334,0.05455598814302761
6946,2.396969696969697,0.28414141414141414,0.00014787942052696602,0.05639641950261812
6947,2.396969696969697,0.2901010101010101,-0.0013768605189049198,0.056507549980976006
6948,2.396969696969697,0.296060606060606,-0.0002853967956869816,0.05855584539539644
6949,2.396969696969697,0.302020202020202,-0.0005438023878979367,0.05931235956717313
6950,2.396969696969697,0.30797979797979796,0.0002855141056966482,0.06084870640990037
6951,2.396969696969697,0.3139393939393939,-0.00021457147479247917,0.06170603899556718
6952,2.396969696969697,0.31989898989898985,0.0012765060380395606,0.06273970351851944
6953,2.396969696969697,0.32585858585858585,-0.00017399557346032938,0.06420676313687333
6954,2.396969696969697,0.3318181818181818,-0.0005121421288859265,0.0655213395274223
6955,2.396969696969697,0.33777777777777773,-0.0001720772696657281,0.06724249992497586
6956,2.396969696969697,0.34373737373737373,-0.0002726442658129715,0.06826143651149431
6957,2.396969696969697,0.3496969696969697,0.0005148933481866348,0.06970804373096601
6958,2.396969696969697,0.3556565656565656,0.002373556588912488,0.07047823863614311
6959,2.396969696969697,0.3616161616161616,0.0009634536565261784,0.07201077247222858
6960,2.396969696969697,0.36757575757575756,-0.0021132591220896103,0.0727636196892826
6961,2.396969696969697,0.3735353535353535,-4.988770029143721e-05,0.0730190076523522
6962,2.396969696969697,0.37949494949494944,0.0007335434844165047,0.07569747581370513
6963,2.396969696969697,0.38545454545454544,-0.0005938057399022588,0.07623295382830182
6964,2.396969696969697,0.3914141414141414,-0.0014511368776773407,0.07676878963277073
6965,2.396969696969697,0.3973737373737373,0.00041484947701330094,0.07895450416797813
6966,2.396969696969697,0.4033333333333333,-3.197190756938757e-05,0.0803723241526801
6967,2.396969696969697,0.40929292929292926,7.911331079734296e-07,0.08056182303313969
6968,2.396969696969697,0.4152525252525252,0.0004898428255054843,0.0827489787213579
6969,2.396969696969697,0.42121212121212115,2.0662411203557783e-05,0.08369919973780564
6970,2.396969696969697,0.42717171717171715,-0.0012465573367990126,0.08401813925436957
6971,2.396969696969697,0.4331313131313131,-0.0004662483692734666,0.08653400126558441
6972,2.396969696969697,0.43909090909090903,0.001604453110346846,0.08730394134909045
6973,2.396969696969697,0.44505050505050503,0.00015424857058869845,0.08894456771629967
6974,2.396969696969697,0.45101010101010097,-0.0002921054451867526,0.08919457433742109
6975,2.396969696969697,0.4569696969696969,0.0004988580852181761,0.09153458880288201
6976,2.396969696969697,0.4629292929292929,0.0007324876137976705,0.09244486046796903
6977,2.396969696969697,0.46888888888888886,-0.0011666987228720063,0.09326538537892566
6978,2.396969696969697,0.4748484848484848,0.0012020317337953414,0.09521510067970727
6979,2.396969696969697,0.48080808080808074,0.0007145503041295628,0.09537493854415491
6980,2.396969696969697,0.48676767676767674,0.0011506846942550125,0.09699551801747541
6981,2.396969696969697,0.4927272727272727,-0.000268999915269896,0.09746569567067621
6982,2.396969696969697,0.4986868686868686,0.001120782976239207,0.09921683563854673
6983,2.396969696969697,0.5046464646464646,0.00019897424410593843,0.099923583565421
6984,2.396969696969697,0.5106060606060605,-0.0010384367414677264,0.10157999634089024
6985,2.396969696969697,0.5165656565656566,0.000502786224939902,0.10232968043975547
6986,2.396969696969697,0.5225252525252525,0.0012850147902795485,0.10354088117912148
6987,2.396969696969697,0.5284848484848484,-1.8143817910961912e-05,0.10346589215703807
6988,2.396969696969697,0.5344444444444444,-0.0016581848471486325,0.10577820655988324
6989,2.396969696969697,0.5404040404040403,-7.594180652863969e-06,0.10758989897329194
6990,2.396969696969697,0.5463636363636363,-0.0002967217129674987,0.10837494841853643
6991,2.396969696969697,0.5523232323232323,-0.0003986389313757886,0.10935787039220307
6992,2.396969696969697,0.5582828282828283,0.001248060262492722,0.11158432083484932
6993,2.396969696969697,0.5642424242424242,-0.0014347063044018974,0.11354924297372265
6994,2.396969696969697,0.5702020202020202,0.0011013452144219898,0.11383254564944408
6995,2.396969696969697,0.5761616161616161,-0.0006059075729195537,0.1155234310346857
6996,2.396969696969697,0.582121212121212,-0.0015310386014460527,0.11603666390871252
6997,2.396969696969697,0.588080808080808,0.0021282691014593335,0.11724616953927221
6998,2.396969696969697,0.594040404040404,2.5745752705474743e-05,0.11891224590283965
6999,2.396969696969697,0.6,0.0018200336039949094,0.11954113338259376
7000,2.417070707070707,0.01,4.155771122039533e-05,0.0019973214400771724
7001,2.417070707070707,0.01595959595959596,1.9658148232514493e-05,0.003189532843414001
7002,2.417070707070707,0.021919191919191918,1.8097122699628488e-06,0.004339875170843901
7003,2.417070707070707,0.027878787878787878,-4.305975869016954e-06,0.005570853970674941
7004,2.417070707070707,0.033838383838383834,-4.252953666198997e-05,0.006795225936569007
7005,2.417070707070707,0.0397979797979798,-0.00021867584211557927,0.007892374382494488
7006,2.417070707070707,0.045757575757575754,1.8879897812234493e-05,0.009086325538533654
7007,2.417070707070707,0.05171717171717172,-4.000155796778333e-05,0.010346338036919485
7008,2.417070707070707,0.05767676767676767,7.104895192254806e-05,0.011548296830267363
7009,2.417070707070707,0.06363636363636363,-2.9622990431434148e-05,0.012725648918449437
7010,2.417070707070707,0.06959595959595959,-1.1846472944934693e-05,0.013875238560849596
7011,2.417070707070707,0.07555555555555554,0.00017440922312514414,0.015005154265733001
7012,2.417070707070707,0.0815151515151515,-0.00021647809161715284,0.016244936987007744
7013,2.417070707070707,0.08747474747474746,-0.00010070613924527225,0.0177191261804341
7014,2.417070707070707,0.09343434343434343,-0.00022968308782352808,0.018665405401760503
7015,2.417070707070707,0.09939393939393938,0.00011121738443863944,0.019684799637834576
7016,2.417070707070707,0.10535353535353534,-4.1016516222769983e-05,0.021225261351137368
7017,2.417070707070707,0.1113131313131313,7.231405457329957e-05,0.02208377495249818
7018,2.417070707070707,0.11727272727272725,-8.764798932193143e-05,0.023421859308430514
7019,2.417070707070707,0.12323232323232322,-0.00033602638441107964,0.024531066262551485
7020,2.417070707070707,0.1291919191919192,0.0002190914563403852,0.025666750932824882
7021,2.417070707070707,0.13515151515151513,-0.0001441801155626015,0.02686635514735617
7022,2.417070707070707,0.1411111111111111,-0.00030071100795224797,0.02821956437739088
7023,2.417070707070707,0.14707070707070707,-4.133254314556694e-05,0.029415812939424944
7024,2.417070707070707,0.15303030303030302,0.0002595658177570628,0.030343706666423765
7025,2.417070707070707,0.158989898989899,-0.00010911448798846841,0.03140390428931285
7026,2.417070707070707,0.16494949494949493,-0.00015009336869500927,0.03277234918916975
7027,2.417070707070707,0.1709090909090909,0.0001977117641774762,0.03413368470120203
7028,2.417070707070707,0.17686868686868687,0.0009381408759214292,0.035277202716297335
7029,2.417070707070707,0.1828282828282828,0.000625309371405503,0.035949788666888395
7030,2.417070707070707,0.18878787878787878,0.0004980824712003443,0.037966598882458145
7031,2.417070707070707,0.19474747474747472,-0.0001788575571285321,0.03882879686167938
7032,2.417070707070707,0.2007070707070707,-0.00027694420829088817,0.04013224549324439
7033,2.417070707070707,0.20666666666666667,-0.0003274549249920086,0.041302569345161556
7034,2.417070707070707,0.2126262626262626,-0.00018017112118228843,0.042780286970104144
7035,2.417070707070707,0.21858585858585858,-0.0008399705420010162,0.04357741422386345
7036,2.417070707070707,0.22454545454545452,-0.0001074088163611981,0.04525545414147421
7037,2.417070707070707,0.2305050505050505,-0.0008590408295489461,0.04551265183625254
7038,2.417070707070707,0.23646464646464646,-0.0003486673047502123,0.04719586552500963
7039,2.417070707070707,0.2424242424242424,0.0003736755624507288,0.04887166539607363
7040,2.417070707070707,0.24838383838383837,0.00028296257927666233,0.049663595169125954
7041,2.417070707070707,0.2543434343434343,0.0001334306135250971,0.05044218803168692
7042,2.417070707070707,0.26030303030303026,-0.00038816394875942195,0.05240600219327586
7043,2.417070707070707,0.26626262626262626,-0.0008240709850155274,0.052692749499911144
7044,2.417070707070707,0.2722222222222222,0.00022600128527224426,0.05439054371307722
7045,2.417070707070707,0.27818181818181814,-0.00010447344676902693,0.054962609896714136
7046,2.417070707070707,0.28414141414141414,0.0004218772194081458,0.05684914796493458
7047,2.417070707070707,0.2901010101010101,0.00023939704912344305,0.057733789029400434
7048,2.417070707070707,0.296060606060606,0.0007173767022060252,0.05934365141222264
7049,2.417070707070707,0.302020202020202,-0.00017964636540566286,0.06104033303075568
7050,2.417070707070707,0.30797979797979796,0.00036328181866943874,0.061295843604872564
7051,2.417070707070707,0.3139393939393939,0.0003352175060704634,0.06293841293607134
7052,2.417070707070707,0.31989898989898985,-0.0007821384497908369,0.06427841579122331
7053,2.417070707070707,0.32585858585858585,0.0002071867156486209,0.06598045399283828
7054,2.417070707070707,0.3318181818181818,0.0005695480545613488,0.06656306566695637
7055,2.417070707070707,0.33777777777777773,-0.0005611008202866173,0.06689222686299284
7056,2.417070707070707,0.34373737373737373,-0.00011092161729722585,0.0678315077851274
7057,2.417070707070707,0.3496969696969697,-0.0009440467204341589,0.06977273172559195
7058,2.417070707070707,0.3556565656565656,0.0002529589983817524,0.07184149272776567
7059,2.417070707070707,0.3616161616161616,0.0004973248005430154,0.07326478124141887
7060,2.417070707070707,0.36757575757575756,0.001234652747120616,0.07452582398655708
7061,2.417070707070707,0.3735353535353535,-0.00018702281494173504,0.07565394001025709
7062,2.417070707070707,0.37949494949494944,0.00019334965386205366,0.07562331280260105
7063,2.417070707070707,0.38545454545454544,0.001183184436300906,0.07813357491070727
7064,2.417070707070707,0.3914141414141414,-0.0014596818556345404,0.07793836386970152
7065,2.417070707070707,0.3973737373737373,0.0003147917909228505,0.07990368116921616
7066,2.417070707070707,0.4033333333333333,-0.0011005946437279554,0.08117080709770025
7067,2.417070707070707,0.40929292929292926,-0.00019572875328903008,0.08283879569738063
7068,2.417070707070707,0.4152525252525252,-0.0005442031239462302,0.08367240757676338
7069,2.417070707070707,0.42121212121212115,0.0007115169412658599,0.08369169086683503
7070,2.417070707070707,0.42717171717171715,-0.0006976108893174516,0.08558505585442502
7071,2.417070707070707,0.4331313131313131,0.00028281497816201514,0.08771914193836379
7072,2.417070707070707,0.43909090909090903,-0.0006092984796638573,0.08939743467696702
7073,2.417070707070707,0.44505050505050503,-0.00013223969168059678,0.0893832339110407
7074,2.417070707070707,0.45101010101010097,3.5035356532880746e-05,0.09135004505735074
7075,2.417070707070707,0.4569696969696969,-0.0019382577055396695,0.09261998436188643
7076,2.417070707070707,0.4629292929292929,0.0017028333938581533,0.09385075442470765
7077,2.417070707070707,0.46888888888888886,0.0010634328319447117,0.09377809505067335
7078,2.417070707070707,0.4748484848484848,0.00044922386214932183,0.0953301494567201
7079,2.417070707070707,0.48080808080808074,0.0009848752348655995,0.09726489809520848
7080,2.417070707070707,0.48676767676767674,-0.0011296408112743644,0.09813243438954215
7081,2.417070707070707,0.4927272727272727,0.0007846296897434301,0.09812671498775973
7082,2.417070707070707,0.4986868686868686,2.4007159756107654e-05,0.10142250846482087
7083,2.417070707070707,0.5046464646464646,-6.694509381922225e-05,0.09963108785286172
7084,2.417070707070707,0.5106060606060605,0.0007791969254104273,0.10280366843127642
7085,2.417070707070707,0.5165656565656566,-0.00028275419465546956,0.1048710566197307
7086,2.417070707070707,0.5225252525252525,-0.0006564647056505524,0.10559174993959546
7087,2.417070707070707,0.5284848484848484,-0.001835219752988929,0.10683972174439059
7088,2.417070707070707,0.5344444444444444,-0.0016164283186655968,0.10890591602538505
7089,2.417070707070707,0.5404040404040403,-0.0004177101483448089,0.10934781623140323
7090,2.417070707070707,0.5463636363636363,-0.00013775606462253478,0.11054217010386976
7091,2.417070707070707,0.5523232323232323,0.0003302973076891923,0.11216925857077321
7092,2.417070707070707,0.5582828282828283,0.0023870605944082,0.11410491079256414
7093,2.417070707070707,0.5642424242424242,0.0016347251636485564,0.11569479918883319
7094,2.417070707070707,0.5702020202020202,0.0009563111597149346,0.11631527234346105
7095,2.417070707070707,0.5761616161616161,-0.0026037867695172944,0.11672713161183705
7096,2.417070707070707,0.582121212121212,0.0006565322305944172,0.11699200485175792
7097,2.417070707070707,0.588080808080808,0.0002929433730774609,0.12105986644552491
7098,2.417070707070707,0.594040404040404,-0.000960174672308283,0.11927895743067243
7099,2.417070707070707,0.6,-0.0010236180853085248,0.12175640798502417
7100,2.4371717171717173,0.01,2.7554046555608236e-05,0.002009174973884373
7101,2.4371717171717173,0.01595959595959596,7.866662213890686e-05,0.003246376071188885
7102,2.4371717171717173,0.021919191919191918,7.543220067874878e-06,0.0044639089156164454
7103,2.4371717171717173,0.027878787878787878,6.392735763468619e-05,0.005628440317825556
7104,2.4371717171717173,0.033838383838383834,7.035849137179874e-05,0.006824492218564723
7105,2.4371717171717173,0.0397979797979798,-5.946480102793964e-05,0.007969965599560846
7106,2.4371717171717173,0.045757575757575754,0.00011435659350364769,0.00905392758115455
7107,2.4371717171717173,0.05171717171717172,-0.00011028603659128833,0.010405412061606908
7108,2.4371717171717173,0.05767676767676767,0.0001408029238930559,0.011655239243395113
7109,2.4371717171717173,0.06363636363636363,1.54934361413415e-05,0.0127343664821034
7110,2.4371717171717173,0.06959595959595959,-1.0642579632037952e-05,0.01408448912528622
7111,2.4371717171717173,0.07555555555555554,0.00023884137239326182,0.015311581160356807
7112,2.4371717171717173,0.0815151515151515,0.00010152573049967404,0.016439364790648368
7113,2.4371717171717173,0.08747474747474746,7.690697873697847e-05,0.017616687296026293
7114,2.4371717171717173,0.09343434343434343,-0.00015633130058672072,0.018972142899335045
7115,2.4371717171717173,0.09939393939393938,0.00032970057395757357,0.020223016299920297
7116,2.4371717171717173,0.10535353535353534,9.42288046560451e-06,0.021211601919436707
7117,2.4371717171717173,0.1113131313131313,-1.5470066189984045e-05,0.022376389121947404
7118,2.4371717171717173,0.11727272727272725,-4.004570575798994e-06,0.023723623872499166
7119,2.4371717171717173,0.12323232323232322,-0.00018337809733588216,0.024607210557892657
7120,2.4371717171717173,0.1291919191919192,-3.109256387183521e-05,0.026005234247766185
7121,2.4371717171717173,0.13515151515151513,0.00014498480140945366,0.0275357379136145
7122,2.4371717171717173,0.1411111111111111,-0.000234794243801369,0.02867684577746061
7123,2.4371717171717173,0.14707070707070707,-0.00016062764265680575,0.02943382439121458
7124,2.4371717171717173,0.15303030303030302,-7.848419652424449e-05,0.03064107313281103
7125,2.4371717171717173,0.158989898989899,-0.0005127559688793048,0.03197080601086866
7126,2.4371717171717173,0.16494949494949493,0.00016476429869118926,0.03332805624003552
7127,2.4371717171717173,0.1709090909090909,0.0004999354567552585,0.03425172282702854
7128,2.4371717171717173,0.17686868686868687,-4.252335863228005e-05,0.036103143713063036
7129,2.4371717171717173,0.1828282828282828,0.0003400786526204949,0.03721041567476383
7130,2.4371717171717173,0.18878787878787878,0.0001157029936392394,0.0383041814959706
7131,2.4371717171717173,0.19474747474747472,-4.819358146330162e-05,0.03952175932287645
7132,2.4371717171717173,0.2007070707070707,8.943812325600118e-05,0.04050290781744445
7133,2.4371717171717173,0.20666666666666667,-0.0004180953084656874,0.04179107590273581
7134,2.4371717171717173,0.2126262626262626,0.0004411146207791972,0.043067748503627684
7135,2.4371717171717173,0.21858585858585858,0.0007674293140318406,0.04478782110061798
7136,2.4371717171717173,0.22454545454545452,0.0004070874557814672,0.0452084554777383
7137,2.4371717171717173,0.2305050505050505,0.00031260391064397207,0.04706904626296172
7138,2.4371717171717173,0.23646464646464646,0.0004300102154826749,0.04816045598006591
7139,2.4371717171717173,0.2424242424242424,-0.0006512017001815689,0.048733200636318266
7140,2.4371717171717173,0.24838383838383837,-0.00028800306418349023,0.051087654470904194
7141,2.4371717171717173,0.2543434343434343,0.00028590075668502005,0.05154373669119556
7142,2.4371717171717173,0.26030303030303026,-0.0008563716012069607,0.052698661071600726
7143,2.4371717171717173,0.26626262626262626,0.00029087982737617063,0.05337063343914922
7144,2.4371717171717173,0.2722222222222222,-0.0006649609757139437,0.05469116030471349
7145,2.4371717171717173,0.27818181818181814,0.0006421586531383645,0.05694281444283507
7146,2.4371717171717173,0.28414141414141414,-0.0010848514957486038,0.05780242322580985
7147,2.4371717171717173,0.2901010101010101,-0.0007301130349669938,0.059039743765272344
7148,2.4371717171717173,0.296060606060606,0.0006718198719271553,0.060359689876618244
7149,2.4371717171717173,0.302020202020202,-0.00010149297861105583,0.0613707137555328
7150,2.4371717171717173,0.30797979797979796,-0.0009361795554302029,0.062251652431606214
7151,2.4371717171717173,0.3139393939393939,0.0007633463919768038,0.064327178751841
7152,2.4371717171717173,0.31989898989898985,0.0006822929283698124,0.0650512316892395
7153,2.4371717171717173,0.32585858585858585,0.00041891529409217315,0.06690818458399941
7154,2.4371717171717173,0.3318181818181818,-0.0013507919479488074,0.06773361417470736
7155,2.4371717171717173,0.33777777777777773,0.0011408416443031213,0.06921855981192869
7156,2.4371717171717173,0.34373737373737373,0.00021196398433509246,0.07111118501943867
7157,2.4371717171717173,0.3496969696969697,0.0005443152979562643,0.07115206702724014
7158,2.4371717171717173,0.3556565656565656,0.0005184611197737194,0.07230382873215455
7159,2.4371717171717173,0.3616161616161616,-0.0006988938645972101,0.07380264914518123
7160,2.4371717171717173,0.36757575757575756,0.001408660453679435,0.07408763576658896
7161,2.4371717171717173,0.3735353535353535,0.0005524371827993231,0.0757917808495554
7162,2.4371717171717173,0.37949494949494944,0.0002201277891472783,0.07786267634334233
7163,2.4371717171717173,0.38545454545454544,-0.0006020157931391455,0.077838936747768
7164,2.4371717171717173,0.3914141414141414,0.00013112441921730997,0.07962311655745333
7165,2.4371717171717173,0.3973737373737373,-0.0002907061392454529,0.081271733450464
7166,2.4371717171717173,0.4033333333333333,-0.0004913693700356093,0.08278140533281203
7167,2.4371717171717173,0.40929292929292926,-0.001503976986558553,0.08329816897773652
7168,2.4371717171717173,0.4152525252525252,-0.0013143620063292651,0.08418080708220646
7169,2.4371717171717173,0.42121212121212115,5.654952043195997e-05,0.0865322756677846
7170,2.4371717171717173,0.42717171717171715,0.00012855099872096228,0.08702002338448295
7171,2.4371717171717173,0.4331313131313131,-0.0006608500242767977,0.08742767702570298
7172,2.4371717171717173,0.43909090909090903,-0.0006361469335727141,0.08893882688272986
7173,2.4371717171717173,0.44505050505050503,-0.001771537031733137,0.08957899549216199
7174,2.4371717171717173,0.45101010101010097,0.0004003090508274195,0.09261948365606794
7175,2.4371717171717173,0.4569696969696969,0.0004214294959139755,0.09405339047258592
7176,2.4371717171717173,0.4629292929292929,0.0022143790838023906,0.09528644685619145
7177,2.4371717171717173,0.46888888888888886,-0.0003503052854203374,0.09609981781554155
7178,2.4371717171717173,0.4748484848484848,0.0011240878081046229,0.09919888441738559
7179,2.4371717171717173,0.48080808080808074,7.351328491878126e-05,0.09938740012371063
7180,2.4371717171717173,0.48676767676767674,-6.20107540023854e-05,0.0986355500026529
7181,2.4371717171717173,0.4927272727272727,-0.00018452773770101302,0.1009768564609874
7182,2.4371717171717173,0.4986868686868686,-6.123149141034565e-05,0.10203667687986274
7183,2.4371717171717173,0.5046464646464646,-0.00012316543089442719,0.10307273133945254
7184,2.4371717171717173,0.5106060606060605,0.0005594058871768753,0.10581260750314878
7185,2.4371717171717173,0.5165656565656566,0.0017740163448534546,0.10662077419874928
7186,2.4371717171717173,0.5225252525252525,0.0016373051758612543,0.10874144408622587
7187,2.4371717171717173,0.5284848484848484,-0.0009699240281113678,0.10838267804295132
7188,2.4371717171717173,0.5344444444444444,0.0004562172941260469,0.10868725257164438
7189,2.4371717171717173,0.5404040404040403,0.0017312048070808597,0.11330128222100254
7190,2.4371717171717173,0.5463636363636363,-0.0001723164169605944,0.11278245925371942
7191,2.4371717171717173,0.5523232323232323,-0.0011431221026187658,0.11331592208484104
7192,2.4371717171717173,0.5582828282828283,0.0012406953520113654,0.1156723408981782
7193,2.4371717171717173,0.5642424242424242,-5.1842634738400406e-05,0.11448887237879524
7194,2.4371717171717173,0.5702020202020202,-0.0013824622618846209,0.11481565659606034
7195,2.4371717171717173,0.5761616161616161,0.000704091590967169,0.11734660030287286
7196,2.4371717171717173,0.582121212121212,0.000803393806167592,0.11823383016944167
7197,2.4371717171717173,0.588080808080808,-0.0013455419778920525,0.11934617696677893
7198,2.4371717171717173,0.594040404040404,-0.00046831883738737153,0.12273405378425793
7199,2.4371717171717173,0.6,-0.0016103144784673533,0.12159865608631369
7200,2.457272727272727,0.01,1.2627453704323888e-05,0.0020763727734771143
7201,2.457272727272727,0.01595959595959596,-3.87309753320942e-05,0.0032470560274211148
7202,2.457272727272727,0.021919191919191918,-2.497988604823238e-05,0.0045186379257382845
7203,2.457272727272727,0.027878787878787878,4.801182147800742e-05,0.005745983544936243
7204,2.457272727272727,0.033838383838383834,-9.822132412458411e-05,0.006934642373550138
7205,2.457272727272727,0.0397979797979798,0.00017231155761624978,0.008166883000121415
7206,2.457272727272727,0.045757575757575754,7.761073155456444e-05,0.009402910504160976
7207,2.457272727272727,0.05171717171717172,-0.0001395834836700097,0.010539287518291175
7208,2.457272727272727,0.05767676767676767,-0.00014014761106835265,0.01189718464173009
7209,2.457272727272727,0.06363636363636363,7.165121868097506e-05,0.013186153977601568
7210,2.457272727272727,0.06959595959595959,0.00012045779912006171,0.014253969159280124
7211,2.457272727272727,0.07555555555555554,-0.0002460837910472725,0.015459581436249299
7212,2.457272727272727,0.0815151515151515,0.0003959623945041929,0.016893353283270893
7213,2.457272727272727,0.08747474747474746,-1.891694535614268e-05,0.017971013672925844
7214,2.457272727272727,0.09343434343434343,9.562032817206238e-05,0.019028444163446383
7215,2.457272727272727,0.09939393939393938,0.0002487412544710677,0.020145785705154212
7216,2.457272727272727,0.10535353535353534,6.857790968566717e-05,0.02145319811941101
7217,2.457272727272727,0.1113131313131313,4.3256490009858163e-05,0.02282561229325364
7218,2.457272727272727,0.11727272727272725,0.0003141807498433434,0.023835004595627974
7219,2.457272727272727,0.12323232323232322,-0.0002467097519011147,0.025680916457794647
7220,2.457272727272727,0.1291919191919192,-5.370079971707216e-05,0.026171861412476568
7221,2.457272727272727,0.13515151515151513,0.00013095246347731422,0.027662165867220003
7222,2.457272727272727,0.1411111111111111,-0.00016670947328217424,0.028986393837323182
7223,2.457272727272727,0.14707070707070707,0.00036352714885387914,0.03004464783287338
7224,2.457272727272727,0.15303030303030302,-0.0003122050101404506,0.031056254099418448
7225,2.457272727272727,0.158989898989899,-0.0004196578208850555,0.03266446863940401
7226,2.457272727272727,0.16494949494949493,-0.00019708362547290445,0.03393647138637126
7227,2.457272727272727,0.1709090909090909,-0.0004155012026557532,0.03519134579504
7228,2.457272727272727,0.17686868686868687,0.0004689098741180152,0.03592531641300201
7229,2.457272727272727,0.1828282828282828,-0.0003685416178034462,0.037825863020805574
7230,2.457272727272727,0.18878787878787878,-0.0001899122157393732,0.03881997698450838
7231,2.457272727272727,0.19474747474747472,-0.00033271904999392744,0.040390608870595195
7232,2.457272727272727,0.2007070707070707,0.0005106048741356024,0.041479441331247466
7233,2.457272727272727,0.20666666666666667,-0.000617696320468412,0.04209366693388988
7234,2.457272727272727,0.2126262626262626,-0.00021202739226582553,0.04325882930386422
7235,2.457272727272727,0.21858585858585858,-3.278325878937891e-05,0.04480150543042334
7236,2.457272727272727,0.22454545454545452,0.0002001663222495193,0.045756829284741646
7237,2.457272727272727,0.2305050505050505,-0.00021323252061364144,0.04728378902800413
7238,2.457272727272727,0.23646464646464646,-0.00025987780932961195,0.04863154155989373
7239,2.457272727272727,0.2424242424242424,0.0009057586611360641,0.050567671113812454
7240,2.457272727272727,0.24838383838383837,-0.00019739013100239568,0.050999537884151055
7241,2.457272727272727,0.2543434343434343,0.0006238769797142996,0.053248719278677185
7242,2.457272727272727,0.26030303030303026,0.001139339216169387,0.05361581739891754
7243,2.457272727272727,0.26626262626262626,-0.0003864272779480136,0.054878080440928886
7244,2.457272727272727,0.2722222222222222,0.0007961868579194499,0.05543192212122422
7245,2.457272727272727,0.27818181818181814,0.00025862534069624645,0.05784951835996439
7246,2.457272727272727,0.28414141414141414,0.0001511135915981612,0.05866780113094172
7247,2.457272727272727,0.2901010101010101,-0.0013717825103534875,0.05935847605181231
7248,2.457272727272727,0.296060606060606,-0.0003110803362392591,0.060874348639012935
7249,2.457272727272727,0.302020202020202,-0.0005762013725645963,0.0623311414274626
7250,2.457272727272727,0.30797979797979796,-0.0010636856861638237,0.06340216614912075
7251,2.457272727272727,0.3139393939393939,-0.0002053594388020985,0.06420409930272225
7252,2.457272727272727,0.31989898989898985,0.0003947722639040763,0.06643446093541608
7253,2.457272727272727,0.32585858585858585,0.00045395583713135856,0.0665533899569748
7254,2.457272727272727,0.3318181818181818,0.0006883313034939831,0.0681801477775586
7255,2.457272727272727,0.33777777777777773,7.920783281941426e-05,0.07009767196369711
7256,2.457272727272727,0.34373737373737373,-0.00030693500387430614,0.0716377974943851
7257,2.457272727272727,0.3496969696969697,-0.0003445389956627305,0.07237272283881604
7258,2.457272727272727,0.3556565656565656,0.00034886551845044595,0.0741402894007188
7259,2.457272727272727,0.3616161616161616,-0.000351939784310576,0.07412884012051019
7260,2.457272727272727,0.36757575757575756,0.0003233673812396902,0.0770382868692848
7261,2.457272727272727,0.3735353535353535,0.0004338246371309308,0.07833436528485044
7262,2.457272727272727,0.37949494949494944,-0.0003072833418145379,0.07863833682591115
7263,2.457272727272727,0.38545454545454544,0.0009133706721144949,0.07931506406658703
7264,2.457272727272727,0.3914141414141414,0.0019434799169365771,0.08115985736993948
7265,2.457272727272727,0.3973737373737373,0.00037406341045945196,0.08320766605518815
7266,2.457272727272727,0.4033333333333333,-0.00035519448360142673,0.08272872451340327
7267,2.457272727272727,0.40929292929292926,0.0002642197364311918,0.0851399787150959
7268,2.457272727272727,0.4152525252525252,0.0022707076049654287,0.08619925687887721
7269,2.457272727272727,0.42121212121212115,-0.000601816578151382,0.08754246153267657
7270,2.457272727272727,0.42717171717171715,0.0008253352459032133,0.09021020861019424
7271,2.457272727272727,0.4331313131313131,0.0012876467248259874,0.09098972220186886
7272,2.457272727272727,0.43909090909090903,-0.0008820135777526248,0.08979707190343619
7273,2.457272727272727,0.44505050505050503,0.000711696680601262,0.09237793366882331
7274,2.457272727272727,0.45101010101010097,0.0001792892690421592,0.09410693493201552
7275,2.457272727272727,0.4569696969696969,-0.0013291006805751578,0.09428568816072613
7276,2.457272727272727,0.4629292929292929,-7.165135050056524e-05,0.09647100605138607
7277,2.457272727272727,0.46888888888888886,8.208328755592853e-06,0.09795400035430467
7278,2.457272727272727,0.4748484848484848,-0.000668715226827871,0.09800792553098552
7279,2.457272727272727,0.48080808080808074,-0.00018245470629460882,0.0992988301580301
7280,2.457272727272727,0.48676767676767674,-0.0009363276698233384,0.10075651905830518
7281,2.457272727272727,0.4927272727272727,-0.0007429123284050249,0.10304615718112632
7282,2.457272727272727,0.4986868686868686,-0.0007189079015588724,0.10270875758698889
7283,2.457272727272727,0.5046464646464646,-0.00201988185897667,0.10590878097420155
7284,2.457272727272727,0.5106060606060605,0.0006252271531032864,0.10713821476320065
7285,2.457272727272727,0.5165656565656566,-0.00112528353151851,0.1069545731664715
7286,2.457272727272727,0.5225252525252525,0.00036215538805740686,0.10858053591033603
7287,2.457272727272727,0.5284848484848484,-0.0007666327338876236,0.11070135875678576
7288,2.457272727272727,0.5344444444444444,-0.00045008429334020066,0.11202248494283652
7289,2.457272727272727,0.5404040404040403,0.0025644554014622573,0.11368112747668467
7290,2.457272727272727,0.5463636363636363,0.0003102806644966463,0.11437331003107126
7291,2.457272727272727,0.5523232323232323,-0.0003053988506422911,0.1149317066866215
7292,2.457272727272727,0.5582828282828283,-5.6949565396508285e-05,0.11616895545082603
7293,2.457272727272727,0.5642424242424242,-0.001661276593267456,0.11534070182547972
7294,2.457272727272727,0.5702020202020202,-0.002719523002828582,0.11726989798399048
7295,2.457272727272727,0.5761616161616161,-0.0004930159988664234,0.11974424341692343
7296,2.457272727272727,0.582121212121212,0.0008420189962815332,0.12098231578624256
7297,2.457272727272727,0.588080808080808,0.00036882793936496023,0.1225015224156561
7298,2.457272727272727,0.594040404040404,0.0021868777157165696,0.12601735769792374
7299,2.457272727272727,0.6,-0.0003327081231934191,0.12489556970584585
7300,2.4773737373737372,0.01,-1.0096104190963584e-05,0.002086565868255946
7301,2.4773737373737372,0.01595959595959596,-2.4312533450032405e-05,0.003327759652133975
7302,2.4773737373737372,0.021919191919191918,-4.211740517259713e-05,0.0045436030092109924
7303,2.4773737373737372,0.027878787878787878,-8.666137849843781e-05,0.005834294530868323
7304,2.4773737373737372,0.033838383838383834,0.0001874935102884845,0.007064020473595167
7305,2.4773737373737372,0.0397979797979798,-2.11167791083843e-05,0.008190623475638698
7306,2.4773737373737372,0.045757575757575754,-6.684503988840421e-05,0.009509083948474707
7307,2.4773737373737372,0.05171717171717172,-9.288942343205531e-05,0.010678519327792632
7308,2.4773737373737372,0.05767676767676767,7.44229789791595e-06,0.012030271656442644
7309,2.4773737373737372,0.06363636363636363,-8.958605475483194e-05,0.0130762706875122
7310,2.4773737373737372,0.06959595959595959,-1.4974977943041579e-05,0.014388259173144503
7311,2.4773737373737372,0.07555555555555554,-0.00014307139491712842,0.015790700268671916
7312,2.4773737373737372,0.0815151515151515,0.00014888924543922776,0.016915188906260408
7313,2.4773737373737372,0.08747474747474746,0.00021519216653924863,0.01820040488745099
7314,2.4773737373737372,0.09343434343434343,1.812787302830563e-05,0.01966763555681899
7315,2.4773737373737372,0.09939393939393938,0.0002204741461801187,0.02072727794757261
7316,2.4773737373737372,0.10535353535353534,0.00028686137754531816,0.022065922866417956
7317,2.4773737373737372,0.1113131313131313,0.00011775734965798925,0.023408096892653607
7318,2.4773737373737372,0.11727272727272725,0.0002053189137938072,0.024577148622448447
7319,2.4773737373737372,0.12323232323232322,0.00012953155498008612,0.025732023013304035
7320,2.4773737373737372,0.1291919191919192,0.0002980847029282653,0.027042079581867728
7321,2.4773737373737372,0.13515151515151513,-2.372822505264498e-05,0.028008926698633876
7322,2.4773737373737372,0.1411111111111111,-0.00013235224743690432,0.029270570071225157
7323,2.4773737373737372,0.14707070707070707,0.0001503541291178116,0.03088354539946883
7324,2.4773737373737372,0.15303030303030302,-0.0004240655807049535,0.031720093321817425
7325,2.4773737373737372,0.158989898989899,0.0004891987285088066,0.0331322777177419
7326,2.4773737373737372,0.16494949494949493,0.000816246805727301,0.03421072820831679
7327,2.4773737373737372,0.1709090909090909,-1.770234482073363e-07,0.03555340723793331
7328,2.4773737373737372,0.17686868686868687,0.0002675529711409792,0.03688526232720824
7329,2.4773737373737372,0.1828282828282828,0.0008712511821821499,0.03811570233776898
7330,2.4773737373737372,0.18878787878787878,0.00018471314791319374,0.03930735083064068
7331,2.4773737373737372,0.19474747474747472,-0.00046822519871339736,0.04017783690237718
7332,2.4773737373737372,0.2007070707070707,-0.0005026205879774993,0.042049236899848054
7333,2.4773737373737372,0.20666666666666667,3.927955384447248e-05,0.043733894782568894
7334,2.4773737373737372,0.2126262626262626,-0.000354485053781627,0.043981603108264475
7335,2.4773737373737372,0.21858585858585858,-0.0006370534760832561,0.04554882524434381
7336,2.4773737373737372,0.22454545454545452,-9.656582795218416e-06,0.04667749361742382
7337,2.4773737373737372,0.2305050505050505,-3.267856706429168e-05,0.048058018897294406
7338,2.4773737373737372,0.23646464646464646,0.0004629738805175485,0.049001846444274674
7339,2.4773737373737372,0.2424242424242424,2.667686784655521e-05,0.05064928502819666
7340,2.4773737373737372,0.24838383838383837,-0.0010351761355151293,0.05200928178119097
7341,2.4773737373737372,0.2543434343434343,-0.00036972620989516713,0.053294232069298494
7342,2.4773737373737372,0.26030303030303026,-0.00014799394614210736,0.054280376588216835
7343,2.4773737373737372,0.26626262626262626,-0.0005840955006110077,0.055088043289409826
7344,2.4773737373737372,0.2722222222222222,0.0003410527142223984,0.057501260050560735
7345,2.4773737373737372,0.27818181818181814,-0.0001355552129196996,0.05786779546760017
7346,2.4773737373737372,0.28414141414141414,3.897922850893543e-05,0.05962454950849105
7347,2.4773737373737372,0.2901010101010101,0.0004428683841365817,0.061053001507416084
7348,2.4773737373737372,0.296060606060606,0.0004753301550482792,0.06247166575599801
7349,2.4773737373737372,0.302020202020202,0.0003390609583571948,0.06288583494112253
7350,2.4773737373737372,0.30797979797979796,-0.0002750997022646071,0.06468013230797684
7351,2.4773737373737372,0.3139393939393939,-0.0007142343723425066,0.06625194847314429
7352,2.4773737373737372,0.31989898989898985,0.0003189629032860874,0.06691121700075543
7353,2.4773737373737372,0.32585858585858585,-0.00044808526943474494,0.06876533331830283
7354,2.4773737373737372,0.3318181818181818,-0.0006718811422653971,0.0692367395999631
7355,2.4773737373737372,0.33777777777777773,-0.00010789733548430439,0.07017190753879746
7356,2.4773737373737372,0.34373737373737373,0.0004625329942807466,0.07250810763201543
7357,2.4773737373737372,0.3496969696969697,0.00015889570376672539,0.07246203960025965
7358,2.4773737373737372,0.3556565656565656,0.00218798245264478,0.07530365608347758
7359,2.4773737373737372,0.3616161616161616,-0.0015187825595625556,0.07501096438241328
7360,2.4773737373737372,0.36757575757575756,0.0010351594251581623,0.07718109900975802
7361,2.4773737373737372,0.3735353535353535,-0.0002420191067572305,0.07807419492206973
7362,2.4773737373737372,0.37949494949494944,0.0001795981999808176,0.07967607756869738
7363,2.4773737373737372,0.38545454545454544,-0.00021116058407366989,0.07957413678105824
7364,2.4773737373737372,0.3914141414141414,0.0018783511655016693,0.08179024187542858
7365,2.4773737373737372,0.3973737373737373,-0.000723062338532285,0.08419055711397888
7366,2.4773737373737372,0.4033333333333333,0.00028836697348094453,0.08405223704414766
7367,2.4773737373737372,0.40929292929292926,-0.00016409877033753974,0.0868731440184996
7368,2.4773737373737372,0.4152525252525252,0.001016962984200821,0.08838934128172779
7369,2.4773737373737372,0.42121212121212115,-0.000267221105390459,0.08917939842402343
7370,2.4773737373737372,0.42717171717171715,-0.0001562428176791941,0.08915146270965049
7371,2.4773737373737372,0.4331313131313131,-0.0007239078330929681,0.09155119582877179
7372,2.4773737373737372,0.43909090909090903,0.0015060944156972162,0.0931270821881933
7373,2.4773737373737372,0.44505050505050503,0.0006843614103048138,0.09373478974422976
7374,2.4773737373737372,0.45101010101010097,0.00026688781456105933,0.09497996934234917
7375,2.4773737373737372,0.4569696969696969,-0.00043492399537448155,0.09578231606149323
7376,2.4773737373737372,0.4629292929292929,0.00033203720534053107,0.09725425394862337
7377,2.4773737373737372,0.46888888888888886,-0.0003262966522714139,0.0982320433199588
7378,2.4773737373737372,0.4748484848484848,0.0008018536610605334,0.10075312254482732
7379,2.4773737373737372,0.48080808080808074,-0.0004225815887157281,0.10198830571888776
7380,2.4773737373737372,0.48676767676767674,-0.0002672931851380938,0.102582376906913
7381,2.4773737373737372,0.4927272727272727,-0.0012012206644904655,0.10341134582532623
7382,2.4773737373737372,0.4986868686868686,0.0006853883949353699,0.10546753060701665
7383,2.4773737373737372,0.5046464646464646,0.00038966758423632095,0.10674853935068422
7384,2.4773737373737372,0.5106060606060605,-0.001237652162780647,0.10677194055494581
7385,2.4773737373737372,0.5165656565656566,0.000911067618298619,0.10908565215615784
7386,2.4773737373737372,0.5225252525252525,0.001378718983757873,0.11092708751004647
7387,2.4773737373737372,0.5284848484848484,0.0019539492855267897,0.11179117414744878
7388,2.4773737373737372,0.5344444444444444,-0.001699462884490191,0.11275589493317077
7389,2.4773737373737372,0.5404040404040403,0.001074399251045857,0.11479479844039622
7390,2.4773737373737372,0.5463636363636363,-0.0009665804229564575,0.11504355542586715
7391,2.4773737373737372,0.5523232323232323,0.00017754787782363657,0.11703520260933682
7392,2.4773737373737372,0.5582828282828283,0.000828278447743655,0.11680580573203578
7393,2.4773737373737372,0.5642424242424242,-0.000387756726893911,0.11873595192345618
7394,2.4773737373737372,0.5702020202020202,0.0015718025610421138,0.12057337404704647
7395,2.4773737373737372,0.5761616161616161,0.00011855033418840835,0.12210901620403163
7396,2.4773737373737372,0.582121212121212,-0.0014025819790018368,0.12270835972300768
7397,2.4773737373737372,0.588080808080808,0.0018296437255655065,0.1254798001149579
7398,2.4773737373737372,0.594040404040404,0.0009779158694803044,0.12485361359943205
7399,2.4773737373737372,0.6,0.0005258764403967759,0.12620823561856692
7400,2.4974747474747474,0.01,-2.105190273233701e-05,0.0021089258101702176
7401,2.4974747474747474,0.01595959595959596,-1.4496792480393028e-05,0.003363396270659854
7402,2.4974747474747474,0.021919191919191918,-2.23636924212668e-05,0.004677022649086393
7403,2.4974747474747474,0.027878787878787878,-9.66409783300498e-06,0.005962753848795686
7404,2.4974747474747474,0.033838383838383834,-0.00015428306235118635,0.007109802195910146
7405,2.4974747474747474,0.0397979797979798,-0.000125620192678033,0.008361953946637371
7406,2.4974747474747474,0.045757575757575754,-0.0001676575041313886,0.009800631475440268
7407,2.4974747474747474,0.05171717171717172,-0.0002432617255401805,0.010879251168426089
7408,2.4974747474747474,0.05767676767676767,2.221086828082116e-05,0.012036438572807374
7409,2.4974747474747474,0.06363636363636363,0.00016122331348081593,0.013577631007689942
7410,2.4974747474747474,0.06959595959595959,2.2371989810535187e-05,0.014772401935815263
7411,2.4974747474747474,0.07555555555555554,-7.173328340956186e-05,0.016022989284212887
7412,2.4974747474747474,0.0815151515151515,0.00022042192066171217,0.017086231168354758
7413,2.4974747474747474,0.08747474747474746,-4.54450674430004e-05,0.018402041583189296
7414,2.4974747474747474,0.09343434343434343,0.00011336054281659073,0.01964897952859359
7415,2.4974747474747474,0.09939393939393938,3.964234741284368e-05,0.020750343097434537
7416,2.4974747474747474,0.10535353535353534,-0.0001710080414554983,0.022198069961325832
7417,2.4974747474747474,0.1113131313131313,0.00011085294027682349,0.02351973137525704
7418,2.4974747474747474,0.11727272727272725,0.0004174230535062823,0.024832932758104678
7419,2.4974747474747474,0.12323232323232322,0.0003980890415584441,0.026035584186679513
7420,2.4974747474747474,0.1291919191919192,0.00020031164427471789,0.027096243338281187
7421,2.4974747474747474,0.13515151515151513,-9.562127000873411e-06,0.028078301425799337
7422,2.4974747474747474,0.1411111111111111,0.00038550494266423725,0.02977849751245905
7423,2.4974747474747474,0.14707070707070707,-0.0007081377773663753,0.03095490123682401
7424,2.4974747474747474,0.15303030303030302,-0.0003764586999325525,0.03219704932846824
7425,2.4974747474747474,0.158989898989899,7.519116321591667e-05,0.03387287407686924
7426,2.4974747474747474,0.16494949494949493,0.0004328194962600687,0.03477879491670363
7427,2.4974747474747474,0.1709090909090909,-0.00042325798868584095,0.036280187931724266
7428,2.4974747474747474,0.17686868686868687,0.00023840042129045865,0.03735989568715179
7429,2.4974747474747474,0.1828282828282828,-0.0002224722322535034,0.03816496169369515
7430,2.4974747474747474,0.18878787878787878,0.0005178230824979609,0.040318431708071596
7431,2.4974747474747474,0.19474747474747472,-7.824500087321114e-05,0.04091842263109192
7432,2.4974747474747474,0.2007070707070707,-8.169059110811603e-05,0.042181289282743985
7433,2.4974747474747474,0.20666666666666667,-0.00038935826561647616,0.04404738257870827
7434,2.4974747474747474,0.2126262626262626,-0.0008267027890987439,0.045414263903832006
7435,2.4974747474747474,0.21858585858585858,-0.0001219381462542866,0.04624706135834053
7436,2.4974747474747474,0.22454545454545452,0.0007842176901384594,0.04729252820585853
7437,2.4974747474747474,0.2305050505050505,-0.0001480715607109798,0.04825983070529011
7438,2.4974747474747474,0.23646464646464646,-0.00018839190189316466,0.04976302851269445
7439,2.4974747474747474,0.2424242424242424,-0.0001551807448194926,0.05122538294997667
7440,2.4974747474747474,0.24838383838383837,-0.0002506632536671811,0.05215274208180717
7441,2.4974747474747474,0.2543434343434343,0.0008289616941947208,0.05409235816827936
7442,2.4974747474747474,0.26030303030303026,-0.00030898562701220925,0.05605633526673614
7443,2.4974747474747474,0.26626262626262626,-0.0010807233005000814,0.056226316302646316
7444,2.4974747474747474,0.2722222222222222,4.667318624975998e-05,0.05807684822906602
7445,2.4974747474747474,0.27818181818181814,0.0008637932196919166,0.05964455922546421
7446,2.4974747474747474,0.28414141414141414,-0.0004989068808990155,0.06076572547463968
7447,2.4974747474747474,0.2901010101010101,0.00021506165213539487,0.061225178581790614
7448,2.4974747474747474,0.296060606060606,-0.0012309724630643324,0.062332189985829206
7449,2.4974747474747474,0.302020202020202,-0.00042735019355847096,0.06347215942293215
7450,2.4974747474747474,0.30797979797979796,0.0005249645523215373,0.06595223214685153
7451,2.4974747474747474,0.3139393939393939,0.00024652717707078286,0.06590037040041372
7452,2.4974747474747474,0.31989898989898985,0.00018865216273867977,0.06748067895860672
7453,2.4974747474747474,0.32585858585858585,-0.0006036751261537656,0.06955518300101014
7454,2.4974747474747474,0.3318181818181818,0.00011230795750674107,0.06958263415271868
7455,2.4974747474747474,0.33777777777777773,-0.0008798114238720361,0.0720287310672242
7456,2.4974747474747474,0.34373737373737373,0.0008027685686494476,0.07290829517280058
7457,2.4974747474747474,0.3496969696969697,-0.0002850059519772125,0.07523868085670045
7458,2.4974747474747474,0.3556565656565656,-0.00010981830128080015,0.07596198025189517
7459,2.4974747474747474,0.3616161616161616,-0.00015881641676010886,0.0761700430317478
7460,2.4974747474747474,0.36757575757575756,-0.0001435389121976957,0.07787831479594497
7461,2.4974747474747474,0.3735353535353535,-0.0005707731202052493,0.07768857415517127
7462,2.4974747474747474,0.37949494949494944,0.0006717543310706336,0.08137089630137624
7463,2.4974747474747474,0.38545454545454544,-7.067316334872945e-05,0.08176797839941573
7464,2.4974747474747474,0.3914141414141414,0.001295797814668931,0.08360474778366044
7465,2.4974747474747474,0.3973737373737373,0.0006802135622641184,0.08431128466389441
7466,2.4974747474747474,0.4033333333333333,-0.0003988912452456062,0.08586870258438563
7467,2.4974747474747474,0.40929292929292926,-0.002008620360645345,0.08589279436591746
7468,2.4974747474747474,0.4152525252525252,-0.00140514839063342,0.08862328690805821
7469,2.4974747474747474,0.42121212121212115,-0.0007291177129897344,0.08795816914545926
7470,2.4974747474747474,0.42717171717171715,0.0006441142881331706,0.09164711173710238
7471,2.4974747474747474,0.4331313131313131,0.000622532479508729,0.0925724852164818
7472,2.4974747474747474,0.43909090909090903,0.0023733751279289292,0.09258007718263832
7473,2.4974747474747474,0.44505050505050503,-0.00020031205417154102,0.09556687468643417
7474,2.4974747474747474,0.45101010101010097,0.00039385802134458096,0.09724626227969135
7475,2.4974747474747474,0.4569696969696969,-0.00025945501283559144,0.09696441143854355
7476,2.4974747474747474,0.4629292929292929,0.0015540718860092273,0.09794374769884386
7477,2.4974747474747474,0.46888888888888886,3.486326002626159e-05,0.09860056953907524
7478,2.4974747474747474,0.4748484848484848,0.00012192011738355086,0.10010515683363737
7479,2.4974747474747474,0.48080808080808074,-0.0015986585771950279,0.10131354965189987
7480,2.4974747474747474,0.48676767676767674,0.001216956100999715,0.10414236430677072
7481,2.4974747474747474,0.4927272727272727,0.001047474779695719,0.10536112475458397
7482,2.4974747474747474,0.4986868686868686,-0.00017525211271933512,0.10539503316852666
7483,2.4974747474747474,0.5046464646464646,-0.0014201206689891145,0.10839180683331015
7484,2.4974747474747474,0.5106060606060605,0.0004278182019094393,0.10771268706249242
7485,2.4974747474747474,0.5165656565656566,-0.0003303755386582393,0.11076762627690358
7486,2.4974747474747474,0.5225252525252525,0.0002681089057735784,0.11155440133569204
7487,2.4974747474747474,0.5284848484848484,-0.0018930229691132819,0.11226010202263799
7488,2.4974747474747474,0.5344444444444444,-0.0008498602396991601,0.1163037786163445
7489,2.4974747474747474,0.5404040404040403,0.0006177229166660555,0.11712221944225933
7490,2.4974747474747474,0.5463636363636363,-0.0006526128729985299,0.1172563615563247
7491,2.4974747474747474,0.5523232323232323,-0.0012279979057113347,0.11793809850797105
7492,2.4974747474747474,0.5582828282828283,-0.00016815365562572904,0.1193706381350806
7493,2.4974747474747474,0.5642424242424242,0.0007944652551582282,0.12033913201007658
7494,2.4974747474747474,0.5702020202020202,-0.0011955023662943323,0.12136881507114172
7495,2.4974747474747474,0.5761616161616161,-0.0008228714838310037,0.12349078129232877
7496,2.4974747474747474,0.582121212121212,-0.0004934066606745476,0.12423451222458541
7497,2.4974747474747474,0.588080808080808,-0.0007002213576221541,0.1250503506157547
7498,2.4974747474747474,0.594040404040404,0.00026839500252108327,0.12628796359459818
7499,2.4974747474747474,0.6,-0.00033345400406059513,0.1284087257089156
7500,2.5175757575757576,0.01,1.4623151067571284e-06,0.0021477321469583147
7501,2.5175757575757576,0.01595959595959596,2.038061953152859e-05,0.0034291730348685024
7502,2.5175757575757576,0.021919191919191918,-0.00011845331210384292,0.00468924627407851
7503,2.5175757575757576,0.027878787878787878,5.9409649724321856e-05,0.005960617275279565
7504,2.5175757575757576,0.033838383838383834,-0.00011219382918279708,0.0072636204259362664
7505,2.5175757575757576,0.0397979797979798,7.250735764483283e-05,0.008513756332444056
7506,2.5175757575757576,0.045757575757575754,-0.00014939299132928083,0.009839581768802544
7507,2.5175757575757576,0.05171717171717172,7.894298537318404e-05,0.011140980892649206
7508,2.5175757575757576,0.05767676767676767,0.00016488840267334765,0.012164144541175446
7509,2.5175757575757576,0.06363636363636363,-6.4152021645836224e-06,0.013627902528058317
7510,2.5175757575757576,0.06959595959595959,9.610222579977891e-05,0.01512625218158614
7511,2.5175757575757576,0.07555555555555554,-0.00035843053046886547,0.016018968752846283
7512,2.5175757575757576,0.0815151515151515,5.563942799207299e-05,0.01753659983838177
7513,2.5175757575757576,0.08747474747474746,-1.2633547294584624e-05,0.018712783672983995
7514,2.5175757575757576,0.09343434343434343,0.00020126281834887818,0.020182417302071355
7515,2.5175757575757576,0.09939393939393938,0.0003390732182046358,0.021210848361433512
7516,2.5175757575757576,0.10535353535353534,-0.00017956208001164255,0.02222399751242112
7517,2.5175757575757576,0.1113131313131313,-0.00030802031985067903,0.023494907841303092
7518,2.5175757575757576,0.11727272727272725,-0.0003628556473462045,0.024836733451756868
7519,2.5175757575757576,0.12323232323232322,-0.00023102554956055038,0.026046819004981944
7520,2.5175757575757576,0.1291919191919192,-0.00016689562626294373,0.027678053601192118
7521,2.5175757575757576,0.13515151515151513,0.0006101639206907281,0.028984268906493357
7522,2.5175757575757576,0.1411111111111111,-0.00013009089102117483,0.03019289164710899
7523,2.5175757575757576,0.14707070707070707,-0.0005174366750111749,0.03150684083827465
7524,2.5175757575757576,0.15303030303030302,-0.0005010869118600232,0.032856240090511586
7525,2.5175757575757576,0.158989898989899,2.15105310964118e-05,0.03369895453283878
7526,2.5175757575757576,0.16494949494949493,-0.0002353760243931999,0.03493006906901517
7527,2.5175757575757576,0.1709090909090909,0.0002994911547504012,0.03632632616050421
7528,2.5175757575757576,0.17686868686868687,0.0010103288041566874,0.03773219989348914
7529,2.5175757575757576,0.1828282828282828,0.0009494313628395423,0.03925451288770273
7530,2.5175757575757576,0.18878787878787878,-0.0006264490573460573,0.04031337490085937
7531,2.5175757575757576,0.19474747474747472,-0.0003834254862603216,0.04168722885095606
7532,2.5175757575757576,0.2007070707070707,-0.0008294216176502023,0.042486585697822106
7533,2.5175757575757576,0.20666666666666667,-0.0004674891653240197,0.04488298957748232
7534,2.5175757575757576,0.2126262626262626,0.0004179437398087388,0.04525881637630502
7535,2.5175757575757576,0.21858585858585858,-7.003725822617302e-06,0.04662853763840599
7536,2.5175757575757576,0.22454545454545452,-9.43440926376587e-05,0.04852857787032033
7537,2.5175757575757576,0.2305050505050505,-0.0006117787830170303,0.04941551312229597
7538,2.5175757575757576,0.23646464646464646,7.669859632738274e-05,0.05009885680434439
7539,2.5175757575757576,0.2424242424242424,-0.0004495502590951725,0.05239779941277046
7540,2.5175757575757576,0.24838383838383837,-1.337612512402786e-05,0.05345973739921326
7541,2.5175757575757576,0.2543434343434343,-0.00029008622395952513,0.05434441273378369
7542,2.5175757575757576,0.26030303030303026,-0.00017669053891880972,0.054995769528017456
7543,2.5175757575757576,0.26626262626262626,0.0003678099359607441,0.05738607608987272
7544,2.5175757575757576,0.2722222222222222,-0.0004592666766766681,0.05870120273651159
7545,2.5175757575757576,0.27818181818181814,0.000675413145331602,0.05972010728159119
7546,2.5175757575757576,0.28414141414141414,0.00031634672755089015,0.0614102760480241
7547,2.5175757575757576,0.2901010101010101,0.0004760623284138337,0.062174539632015816
7548,2.5175757575757576,0.296060606060606,0.0004300008763840575,0.06352393171156924
7549,2.5175757575757576,0.302020202020202,-0.0009528283882432588,0.06477700927557814
7550,2.5175757575757576,0.30797979797979796,-0.0003259385223836971,0.06590471741096364
7551,2.5175757575757576,0.3139393939393939,0.00041506775748284124,0.06760312968600563
7552,2.5175757575757576,0.31989898989898985,-0.00047100349693906266,0.06862359645262142
7553,2.5175757575757576,0.32585858585858585,0.0002824783148711301,0.0697877541644511
7554,2.5175757575757576,0.3318181818181818,0.0003612082320132648,0.07089389492621653
7555,2.5175757575757576,0.33777777777777773,-4.7232448862448707e-07,0.0728012649075403
7556,2.5175757575757576,0.34373737373737373,-0.0003262054401085008,0.07432709958788473
7557,2.5175757575757576,0.3496969696969697,0.0004594874357679295,0.0752680234785019
7558,2.5175757575757576,0.3556565656565656,-0.00046717197715486945,0.07710084317463446
7559,2.5175757575757576,0.3616161616161616,0.0002948755246055408,0.07802540285758112
7560,2.5175757575757576,0.36757575757575756,-0.0012053237780761989,0.07891495951512749
7561,2.5175757575757576,0.3735353535353535,0.001530274157293938,0.0812014432333733
7562,2.5175757575757576,0.37949494949494944,0.0014786919155332053,0.08266371848181325
7563,2.5175757575757576,0.38545454545454544,-0.0010988349235913103,0.08253963162311104
7564,2.5175757575757576,0.3914141414141414,-3.565326311061408e-05,0.08403694108330999
7565,2.5175757575757576,0.3973737373737373,-0.0006155533629595889,0.0858010522395443
7566,2.5175757575757576,0.4033333333333333,0.0004916292770887215,0.08626818202997062
7567,2.5175757575757576,0.40929292929292926,0.00018578741180400943,0.0892899982464756
7568,2.5175757575757576,0.4152525252525252,-3.101940708281576e-05,0.09050763529380572
7569,2.5175757575757576,0.42121212121212115,-7.982424623541906e-05,0.09262607249014593
7570,2.5175757575757576,0.42717171717171715,-0.0006223340251193977,0.09125075794004174
7571,2.5175757575757576,0.4331313131313131,-0.00042391804178357634,0.09317731240679408
7572,2.5175757575757576,0.43909090909090903,-0.0006991857846349934,0.0956502449492158
7573,2.5175757575757576,0.44505050505050503,0.0005062963438981949,0.09729061367752398
7574,2.5175757575757576,0.45101010101010097,0.0009285674232911225,0.09768567407938707
7575,2.5175757575757576,0.4569696969696969,-0.0016277538261838505,0.09809949949997278
7576,2.5175757575757576,0.4629292929292929,0.00046595416368020836,0.1006970379746662
7577,2.5175757575757576,0.46888888888888886,-0.00030473428621021804,0.10215946995993078
7578,2.5175757575757576,0.4748484848484848,0.0001786485512292698,0.10125663897291193
7579,2.5175757575757576,0.48080808080808074,-0.0009128772564193845,0.10361416163115138
7580,2.5175757575757576,0.48676767676767674,9.406657414480125e-05,0.10551163424027822
7581,2.5175757575757576,0.4927272727272727,7.384699726608091e-06,0.10643892269731933
7582,2.5175757575757576,0.4986868686868686,-0.001424300162981238,0.10770732081891503
7583,2.5175757575757576,0.5046464646464646,-0.001777104896637961,0.10834866987377487
7584,2.5175757575757576,0.5106060606060605,-0.0002332153649974508,0.1111828969641031
7585,2.5175757575757576,0.5165656565656566,0.0006196408290996341,0.11228978625097608
7586,2.5175757575757576,0.5225252525252525,0.0012551087660875601,0.11407942010803897
7587,2.5175757575757576,0.5284848484848484,-0.0007074641425520592,0.11377232508675918
7588,2.5175757575757576,0.5344444444444444,-0.0013937437838224007,0.11579984774335397
7589,2.5175757575757576,0.5404040404040403,-0.00047490067339725907,0.11755462424990547
7590,2.5175757575757576,0.5463636363636363,-0.001594039629209939,0.11888327253440865
7591,2.5175757575757576,0.5523232323232323,-0.0007358494066011099,0.1199049389128705
7592,2.5175757575757576,0.5582828282828283,-0.0023799497383644075,0.1213902176883872
7593,2.5175757575757576,0.5642424242424242,1.8626660118556694e-05,0.12262826835440271
7594,2.5175757575757576,0.5702020202020202,0.0009147742746584779,0.12643294094705484
7595,2.5175757575757576,0.5761616161616161,-0.001461317648993386,0.12474190797168747
7596,2.5175757575757576,0.582121212121212,0.0025072629317690978,0.1278019853551851
7597,2.5175757575757576,0.588080808080808,-0.00036998544097668727,0.12827104039494092
7598,2.5175757575757576,0.594040404040404,0.0003711044097516211,0.12838724650476244
7599,2.5175757575757576,0.6,-0.0012994249001623693,0.1301350281012907
7600,2.5376767676767678,0.01,1.4040325427567246e-05,0.0022013230137285468
7601,2.5376767676767678,0.01595959595959596,-2.752166637928619e-05,0.003454821813072197
7602,2.5376767676767678,0.021919191919191918,-5.9997547002694105e-05,0.004732918583916941
7603,2.5376767676767678,0.027878787878787878,-4.942338343191133e-07,0.006035457137748518
7604,2.5376767676767678,0.033838383838383834,-1.0330923139788562e-07,0.00732944158774489
7605,2.5376767676767678,0.0397979797979798,-6.668948938377868e-05,0.00847890736252741
7606,2.5376767676767678,0.045757575757575754,0.000112969242019556,0.009869787458312733
7607,2.5376767676767678,0.05171717171717172,9.070986984527447e-05,0.011210999128020522
7608,2.5376767676767678,0.05767676767676767,4.892572594510092e-05,0.012558639894995529
7609,2.5376767676767678,0.06363636363636363,-0.00021220900902626182,0.013870344226534834
7610,2.5376767676767678,0.06959595959595959,5.358750244416083e-05,0.015126307230600568
7611,2.5376767676767678,0.07555555555555554,0.0003342312449570014,0.01647026555717585
7612,2.5376767676767678,0.0815151515151515,-0.0001389954527115806,0.017448805546939207
7613,2.5376767676767678,0.08747474747474746,0.0003933765909336146,0.018978965595948784
7614,2.5376767676767678,0.09343434343434343,-0.00031216125483892897,0.020229695015215845
7615,2.5376767676767678,0.09939393939393938,-4.0791326619578703e-05,0.02158347965300946
7616,2.5376767676767678,0.10535353535353534,1.3047874607161924e-05,0.02294138079994014
7617,2.5376767676767678,0.1113131313131313,-6.245281480425264e-05,0.024231510062169902
7618,2.5376767676767678,0.11727272727272725,0.0001301086187960969,0.025362040934010645
7619,2.5376767676767678,0.12323232323232322,0.000565677353102332,0.026893810590789366
7620,2.5376767676767678,0.1291919191919192,9.07035089940207e-05,0.02817400144047107
7621,2.5376767676767678,0.13515151515151513,-0.0001868159475953656,0.02900356260578263
7622,2.5376767676767678,0.1411111111111111,-1.2610371672449893e-05,0.030766099581322648
7623,2.5376767676767678,0.14707070707070707,-7.538741864848311e-05,0.031977980948520376
7624,2.5376767676767678,0.15303030303030302,-0.00018553377672612768,0.033022096407977694
7625,2.5376767676767678,0.158989898989899,2.617298927485301e-06,0.034548955970890104
7626,2.5376767676767678,0.16494949494949493,-0.0006544371339847055,0.036032866015044
7627,2.5376767676767678,0.1709090909090909,0.00036921531945375825,0.0367492152264766
7628,2.5376767676767678,0.17686868686868687,-0.00012064164050959886,0.03833267510065001
7629,2.5376767676767678,0.1828282828282828,0.0009889339576129572,0.03958402789961788
7630,2.5376767676767678,0.18878787878787878,-0.0006940588544719267,0.040421864349058687
7631,2.5376767676767678,0.19474747474747472,0.00021706127620719232,0.0428412900406447
7632,2.5376767676767678,0.2007070707070707,0.0007417068582137395,0.04406217306640917
7633,2.5376767676767678,0.20666666666666667,-0.00021850277730558495,0.04426537040026569
7634,2.5376767676767678,0.2126262626262626,-0.0005570523529855508,0.04590658216082933
7635,2.5376767676767678,0.21858585858585858,-0.0005064254426807916,0.04834004692688924
7636,2.5376767676767678,0.22454545454545452,4.372218789941142e-05,0.04822125617877581
7637,2.5376767676767678,0.2305050505050505,-0.00022706793767868395,0.04981039304946919
7638,2.5376767676767678,0.23646464646464646,0.0004690892259294824,0.05045976548718614
7639,2.5376767676767678,0.2424242424242424,0.000893691773704475,0.05269705476003518
7640,2.5376767676767678,0.24838383838383837,0.000498893229048961,0.05402997794156123
7641,2.5376767676767678,0.2543434343434343,0.001036908460472014,0.05579685770173713
7642,2.5376767676767678,0.26030303030303026,7.190997846667457e-06,0.05634286083422659
7643,2.5376767676767678,0.26626262626262626,0.0005778706512213752,0.05795585436048938
7644,2.5376767676767678,0.2722222222222222,0.00041339231761777144,0.05926747633908418
7645,2.5376767676767678,0.27818181818181814,0.0005963789711428817,0.0597650317000835
7646,2.5376767676767678,0.28414141414141414,0.0009769871685923132,0.06217124611942839
7647,2.5376767676767678,0.2901010101010101,-0.0006870639998317708,0.062281856652009346
7648,2.5376767676767678,0.296060606060606,0.00038031157882385103,0.06367569189767289
7649,2.5376767676767678,0.302020202020202,0.00012345656693170062,0.06560838348225308
7650,2.5376767676767678,0.30797979797979796,-0.000565911198196456,0.06699644227092638
7651,2.5376767676767678,0.3139393939393939,-0.0008111039582938325,0.0674555571517745
7652,2.5376767676767678,0.31989898989898985,-0.0005297166867170864,0.06886290232000031
7653,2.5376767676767678,0.32585858585858585,5.326399576787328e-05,0.07139929859355498
7654,2.5376767676767678,0.3318181818181818,-0.0006565270809626263,0.07216619457161833
7655,2.5376767676767678,0.33777777777777773,-5.325220889996318e-05,0.0740114427785329
7656,2.5376767676767678,0.34373737373737373,3.1211749112428234e-05,0.07513558678879899
7657,2.5376767676767678,0.3496969696969697,0.0007171751068493938,0.07550337475041463
7658,2.5376767676767678,0.3556565656565656,0.0006650955563817347,0.07836331758965323
7659,2.5376767676767678,0.3616161616161616,0.0001858572214032458,0.0790814581176756
7660,2.5376767676767678,0.36757575757575756,-9.108932256343678e-05,0.08016384932213413
7661,2.5376767676767678,0.3735353535353535,-0.0006481479510381885,0.0812616757559932
7662,2.5376767676767678,0.37949494949494944,-0.0004269812196217669,0.08231029468830908
7663,2.5376767676767678,0.38545454545454544,0.000227560967180319,0.08366018143181932
7664,2.5376767676767678,0.3914141414141414,0.0004529403778602093,0.08589365463162867
7665,2.5376767676767678,0.3973737373737373,0.0004116379673672141,0.0870781983364394
7666,2.5376767676767678,0.4033333333333333,0.00046573399461474627,0.08943420552428322
7667,2.5376767676767678,0.40929292929292926,-0.0006338183510445466,0.08771277357956903
7668,2.5376767676767678,0.4152525252525252,-0.00032746395524512037,0.09031800161238429
7669,2.5376767676767678,0.42121212121212115,0.00042319800024382645,0.09207591813055756
7670,2.5376767676767678,0.42717171717171715,3.086380100854074e-05,0.09465107342596916
7671,2.5376767676767678,0.4331313131313131,-0.0002971432958658609,0.0943123514286751
7672,2.5376767676767678,0.43909090909090903,0.0012564965693162738,0.09685553299937999
7673,2.5376767676767678,0.44505050505050503,-0.0005301862342316946,0.09795189809855515
7674,2.5376767676767678,0.45101010101010097,-0.0004694937884331894,0.09878029112716422
7675,2.5376767676767678,0.4569696969696969,-0.0009557699297166305,0.09913234143513835
7676,2.5376767676767678,0.4629292929292929,-4.8883998734130255e-05,0.1004517784160789
7677,2.5376767676767678,0.46888888888888886,0.0017942527033651373,0.10259242764271292
7678,2.5376767676767678,0.4748484848484848,-0.0002557691004498917,0.10537953484636224
7679,2.5376767676767678,0.48080808080808074,0.0013139193890183273,0.10562525586661295
7680,2.5376767676767678,0.48676767676767674,-0.002147099728952831,0.10508247244744923
7681,2.5376767676767678,0.4927272727272727,0.002068519215437216,0.10813702040088138
7682,2.5376767676767678,0.4986868686868686,-0.0002806567133061275,0.10945600199297535
7683,2.5376767676767678,0.5046464646464646,-0.0003088950873755363,0.11124976764138746
7684,2.5376767676767678,0.5106060606060605,3.471136643106556e-05,0.11217074102683679
7685,2.5376767676767678,0.5165656565656566,-0.00018906068918119105,0.11374964475582056
7686,2.5376767676767678,0.5225252525252525,0.00046198557235621287,0.11513080526125313
7687,2.5376767676767678,0.5284848484848484,0.0009987220497720457,0.11657524059375683
7688,2.5376767676767678,0.5344444444444444,-0.0006838492880926431,0.117051934522885
7689,2.5376767676767678,0.5404040404040403,0.0012495214402812784,0.11921348251018532
7690,2.5376767676767678,0.5463636363636363,-0.0009543713993340455,0.11836099978012554
7691,2.5376767676767678,0.5523232323232323,-0.0005237857504055376,0.12063849912495928
7692,2.5376767676767678,0.5582828282828283,0.00011647432026976859,0.1261401715977229
7693,2.5376767676767678,0.5642424242424242,0.0010833905752657398,0.12601570696935205
7694,2.5376767676767678,0.5702020202020202,0.0002210232473269544,0.12629160198344938
7695,2.5376767676767678,0.5761616161616161,-0.0007700942437888262,0.12587984491663445
7696,2.5376767676767678,0.582121212121212,-0.0019074823529773642,0.12858280139344438
7697,2.5376767676767678,0.588080808080808,0.0010756296323359493,0.13039420790493875
7698,2.5376767676767678,0.594040404040404,-0.000519277957743979,0.13001300996801263
7699,2.5376767676767678,0.6,0.0010297796878831389,0.13183180806658082
7700,2.557777777777778,0.01,-1.4582744107131406e-05,0.0022086415996693818
7701,2.557777777777778,0.01595959595959596,-8.760591102869408e-06,0.0034949300917254313
7702,2.557777777777778,0.021919191919191918,2.5968191278016127e-05,0.00480481640494607
7703,2.557777777777778,0.027878787878787878,6.959796600285161e-05,0.006111822390364409
7704,2.557777777777778,0.033838383838383834,6.97817981438712e-05,0.007289075382133684
7705,2.557777777777778,0.0397979797979798,7.372612547957429e-05,0.00871187790161521
7706,2.557777777777778,0.045757575757575754,-0.00018210416762626897,0.010062000437475025
7707,2.557777777777778,0.05171717171717172,-3.50749885882046e-05,0.011352708464795762
7708,2.557777777777778,0.05767676767676767,-2.9643682158776285e-05,0.012629539524725647
7709,2.557777777777778,0.06363636363636363,-0.00025128247882875315,0.013835058575767925
7710,2.557777777777778,0.06959595959595959,-0.0001254788569860455,0.015193920020636784
7711,2.557777777777778,0.07555555555555554,3.6229024231794903e-05,0.016617218097244355
7712,2.557777777777778,0.0815151515151515,-0.00011252854605528258,0.017787636654740476
7713,2.557777777777778,0.08747474747474746,-0.00017517927277870392,0.01905315008948957
7714,2.557777777777778,0.09343434343434343,-0.0002605330712940058,0.02054040862982381
7715,2.557777777777778,0.09939393939393938,-7.907543497303197e-05,0.021951462498866543
7716,2.557777777777778,0.10535353535353534,-0.0001893309288077321,0.023392082051996596
7717,2.557777777777778,0.1113131313131313,0.0001756748087677354,0.024353421367603004
7718,2.557777777777778,0.11727272727272725,-0.00014874470785721693,0.025910498961496813
7719,2.557777777777778,0.12323232323232322,-0.0002081612701768063,0.026907992573202
7720,2.557777777777778,0.1291919191919192,-0.00021199091064593798,0.02815559231962791
7721,2.557777777777778,0.13515151515151513,0.0002615250334626397,0.029648326871938444
7722,2.557777777777778,0.1411111111111111,-0.00013286492380755005,0.03062454663180124
7723,2.557777777777778,0.14707070707070707,-4.690896596180707e-05,0.032299304522417284
7724,2.557777777777778,0.15303030303030302,-1.0188752831697956e-07,0.03353599534498235
7725,2.557777777777778,0.158989898989899,9.014602731265348e-05,0.03448048114391924
7726,2.557777777777778,0.16494949494949493,-0.00024298639537530625,0.03631808898482281
7727,2.557777777777778,0.1709090909090909,0.00014212399142211223,0.03732268332523137
7728,2.557777777777778,0.17686868686868687,-0.000289051120504651,0.038859011308081184
7729,2.557777777777778,0.1828282828282828,-0.0001592406291818306,0.03990096381940959
7730,2.557777777777778,0.18878787878787878,0.0002941280000849331,0.041009581339380305
7731,2.557777777777778,0.19474747474747472,0.0001243594645013492,0.042070105154333
7732,2.557777777777778,0.2007070707070707,0.0002737737050183297,0.043908595092541754
7733,2.557777777777778,0.20666666666666667,-0.001086326021665628,0.04562170445634788
7734,2.557777777777778,0.2126262626262626,-0.000627759285523411,0.04703104099921202
7735,2.557777777777778,0.21858585858585858,-0.00018234360601689995,0.04847063210728267
7736,2.557777777777778,0.22454545454545452,0.00044515170781006254,0.04983447145624556
7737,2.557777777777778,0.2305050505050505,-0.00016148002126854775,0.04993993918063655
7738,2.557777777777778,0.23646464646464646,0.0002611283917991841,0.05206954452265169
7739,2.557777777777778,0.2424242424242424,0.00033986923562475047,0.05320729183848037
7740,2.557777777777778,0.24838383838383837,-0.0005018733165445261,0.05456757518226269
7741,2.557777777777778,0.2543434343434343,-0.00023574072036714564,0.0559429730190192
7742,2.557777777777778,0.26030303030303026,0.0002544729173791523,0.05778406649766747
7743,2.557777777777778,0.26626262626262626,5.097240919267385e-05,0.05819894551793269
7744,2.557777777777778,0.2722222222222222,-0.0008861830396562185,0.06014478719982916
7745,2.557777777777778,0.27818181818181814,0.00017211672931526626,0.061706924642836766
7746,2.557777777777778,0.28414141414141414,-0.0009670502071119316,0.06268593563017334
7747,2.557777777777778,0.2901010101010101,0.00023421933123191625,0.0643854944921332
7748,2.557777777777778,0.296060606060606,-0.000381798017240409,0.06533136939666577
7749,2.557777777777778,0.302020202020202,-6.248599367743445e-05,0.06657971238519872
7750,2.557777777777778,0.30797979797979796,-0.0003763037973479489,0.06760061612526606
7751,2.557777777777778,0.3139393939393939,-0.0006443238492997447,0.06987640585993103
7752,2.557777777777778,0.31989898989898985,0.0008097971378459803,0.07046136811378638
7753,2.557777777777778,0.32585858585858585,0.0003008479240396108,0.07295346287223212
7754,2.557777777777778,0.3318181818181818,3.9597943227429336e-05,0.0724225072323809
7755,2.557777777777778,0.33777777777777773,0.0011004482929068097,0.07563236298946237
7756,2.557777777777778,0.34373737373737373,0.00012183889838080067,0.07557205062322707
7757,2.557777777777778,0.3496969696969697,-0.00014507408073154854,0.07757474779942199
7758,2.557777777777778,0.3556565656565656,-0.0011437930512543932,0.07842425566684007
7759,2.557777777777778,0.3616161616161616,-0.00010135420796218249,0.0813220611826218
7760,2.557777777777778,0.36757575757575756,0.00013538805356294747,0.08046845130850336
7761,2.557777777777778,0.3735353535353535,-0.0007542198428252037,0.08290315802222865
7762,2.557777777777778,0.37949494949494944,-0.000382433519953455,0.08316050620841335
7763,2.557777777777778,0.38545454545454544,-0.0001893209646957624,0.08599501284303936
7764,2.557777777777778,0.3914141414141414,0.0005228799580323392,0.0867691268751002
7765,2.557777777777778,0.3973737373737373,0.00302158242436481,0.0892108380437398
7766,2.557777777777778,0.4033333333333333,-0.00040586881185229246,0.08785179510722255
7767,2.557777777777778,0.40929292929292926,-0.000498250816387538,0.09086097840081876
7768,2.557777777777778,0.4152525252525252,-0.0003575141952519891,0.09148776688369954
7769,2.557777777777778,0.42121212121212115,0.0002915500316134883,0.09347568208767407
7770,2.557777777777778,0.42717171717171715,0.0009538742593836288,0.09542262229127618
7771,2.557777777777778,0.4331313131313131,0.0006012499397362168,0.09419731902797171
7772,2.557777777777778,0.43909090909090903,-0.0011198558810939943,0.09797958344003363
7773,2.557777777777778,0.44505050505050503,0.0005067329385682294,0.09868890714242701
7774,2.557777777777778,0.45101010101010097,0.00045136305959206895,0.09935211910236859
7775,2.557777777777778,0.4569696969696969,-0.0007439807697349835,0.10175104782527565
7776,2.557777777777778,0.4629292929292929,0.0003837969177868499,0.10336801660514774
7777,2.557777777777778,0.46888888888888886,-0.0017867332128334687,0.10461173504669943
7778,2.557777777777778,0.4748484848484848,-0.0007070847694638394,0.10514902491654525
7779,2.557777777777778,0.48080808080808074,0.001972183895876173,0.10744672289937338
7780,2.557777777777778,0.48676767676767674,-0.0002874351181865741,0.10872954388466828
7781,2.557777777777778,0.4927272727272727,2.3701492506802867e-05,0.10838576291928907
7782,2.557777777777778,0.4986868686868686,-0.0008380518590896314,0.1116083995552299
7783,2.557777777777778,0.5046464646464646,0.0005476049354435021,0.11175098026052808
7784,2.557777777777778,0.5106060606060605,0.0008822070017082289,0.11366360138127322
7785,2.557777777777778,0.5165656565656566,-8.582678949145794e-05,0.11558299108696414
7786,2.557777777777778,0.5225252525252525,-0.0003991250935115977,0.11686291433131368
7787,2.557777777777778,0.5284848484848484,-0.0012082388901160006,0.11825820246864532
7788,2.557777777777778,0.5344444444444444,0.0009972301896022623,0.12072299500967724
7789,2.557777777777778,0.5404040404040403,-0.0012687634230718274,0.11868859317944452
7790,2.557777777777778,0.5463636363636363,-0.000616903785284438,0.12211723698491193
7791,2.557777777777778,0.5523232323232323,-0.00019432062590890676,0.12289326927991726
7792,2.557777777777778,0.5582828282828283,-5.609005613394875e-05,0.12478049807093343
7793,2.557777777777778,0.5642424242424242,0.0017049546567398572,0.12652183842047
7794,2.557777777777778,0.5702020202020202,-0.00010944758927567398,0.12672339919418985
7795,2.557777777777778,0.5761616161616161,0.00020700204406087273,0.12539777620642076
7796,2.557777777777778,0.582121212121212,-0.00045002958742487557,0.13183470292502644
7797,2.557777777777778,0.588080808080808,-0.00032854804906115625,0.13264823444018636
7798,2.557777777777778,0.594040404040404,-0.00076467045331603,0.13325535867105692
7799,2.557777777777778,0.6,2.12888379113096e-05,0.13398526022750487
7800,2.577878787878788,0.01,-1.991654237837581e-06,0.002209468093893065
7801,2.577878787878788,0.01595959595959596,-4.260275221586577e-05,0.003512422902594096
7802,2.577878787878788,0.021919191919191918,4.586595035301503e-05,0.004882559859976007
7803,2.577878787878788,0.027878787878787878,4.381289647941339e-05,0.006249143809854822
7804,2.577878787878788,0.033838383838383834,2.8412399597467876e-05,0.007459143175226337
7805,2.577878787878788,0.0397979797979798,-0.00022093331938057226,0.008813649269656653
7806,2.577878787878788,0.045757575757575754,4.509366826828276e-05,0.010200764066790002
7807,2.577878787878788,0.05171717171717172,4.0653298490609066e-05,0.011516592762313012
7808,2.577878787878788,0.05767676767676767,4.407036611933801e-05,0.012806654772134394
7809,2.577878787878788,0.06363636363636363,-0.00016911254458513747,0.014154469140229399
7810,2.577878787878788,0.06959595959595959,6.068768228908305e-06,0.015504013809661814
7811,2.577878787878788,0.07555555555555554,-6.9040644663321e-05,0.01684218347878385
7812,2.577878787878788,0.0815151515151515,-0.0001947070090977178,0.018164864434854003
7813,2.577878787878788,0.08747474747474746,-0.00021441920482245265,0.019527419268313327
7814,2.577878787878788,0.09343434343434343,0.00017579085306912377,0.02089025970054508
7815,2.577878787878788,0.09939393939393938,9.370309943099258e-05,0.022185411568329372
7816,2.577878787878788,0.10535353535353534,-0.0003109708258675331,0.02312727269969022
7817,2.577878787878788,0.1113131313131313,-4.0816358171315256e-05,0.024757460987112477
7818,2.577878787878788,0.11727272727272725,-6.189330859377502e-05,0.02608356100440875
7819,2.577878787878788,0.12323232323232322,0.00014333108344883637,0.02728431554117285
7820,2.577878787878788,0.1291919191919192,-6.582845218004813e-05,0.02899991861600681
7821,2.577878787878788,0.13515151515151513,-0.00039487185529936744,0.030135499688283728
7822,2.577878787878788,0.1411111111111111,0.0008328877016825091,0.031494105323602146
7823,2.577878787878788,0.14707070707070707,-0.0002179588059957647,0.03261005463098542
7824,2.577878787878788,0.15303030303030302,0.00023580518639475159,0.033762919141969536
7825,2.577878787878788,0.158989898989899,0.00014485086187365358,0.03564523368463412
7826,2.577878787878788,0.16494949494949493,1.7790091370097094e-05,0.03699829548829205
7827,2.577878787878788,0.1709090909090909,0.0004986523718815463,0.03802839794920664
7828,2.577878787878788,0.17686868686868687,-0.00014552921245290676,0.03850581143036644
7829,2.577878787878788,0.1828282828282828,-0.000583330128873045,0.04073577399889234
7830,2.577878787878788,0.18878787878787878,-3.598775455016279e-06,0.04200887590666361
7831,2.577878787878788,0.19474747474747472,0.00013899939269225467,0.04367353819190764
7832,2.577878787878788,0.2007070707070707,0.00044684535864337435,0.04512836709065007
7833,2.577878787878788,0.20666666666666667,-0.0008916867472408267,0.04655040000026673
7834,2.577878787878788,0.2126262626262626,0.0003672590716416775,0.04792839629075981
7835,2.577878787878788,0.21858585858585858,0.0008925399012407406,0.04913775243544829
7836,2.577878787878788,0.22454545454545452,0.0006236119189689305,0.05017594663624721
7837,2.577878787878788,0.2305050505050505,0.0008261296643863837,0.052139841214046835
7838,2.577878787878788,0.23646464646464646,-0.00037259769062315037,0.052918295850570014
7839,2.577878787878788,0.2424242424242424,0.00020466921121460642,0.053774214842139456
7840,2.577878787878788,0.24838383838383837,-0.0002532107433043417,0.05469611987321926
7841,2.577878787878788,0.2543434343434343,0.00014465363710163416,0.056179227113922314
7842,2.577878787878788,0.26030303030303026,-0.00031997563762332286,0.05828214933695589
7843,2.577878787878788,0.26626262626262626,0.0002432090083199573,0.05967545796170869
7844,2.577878787878788,0.2722222222222222,-0.0010261130523003502,0.060385673301472396
7845,2.577878787878788,0.27818181818181814,0.000800503662956476,0.061960339050503244
7846,2.577878787878788,0.28414141414141414,0.0008586776848976612,0.06306108092743501
7847,2.577878787878788,0.2901010101010101,-0.0009128390108199641,0.06470924888511262
7848,2.577878787878788,0.296060606060606,0.000386788983747825,0.06554289957004025
7849,2.577878787878788,0.302020202020202,0.0005379002343222359,0.06715337118116964
7850,2.577878787878788,0.30797979797979796,0.0006920258670984608,0.06866558933748827
7851,2.577878787878788,0.3139393939393939,0.0002047688822971256,0.06961311292300734
7852,2.577878787878788,0.31989898989898985,0.0009573386895563971,0.07156862005922703
7853,2.577878787878788,0.32585858585858585,7.813008815506121e-05,0.07253828544245577
7854,2.577878787878788,0.3318181818181818,-0.000981526608381531,0.07419254903318445
7855,2.577878787878788,0.33777777777777773,0.0005231808367862772,0.07437508622062163
7856,2.577878787878788,0.34373737373737373,-0.001499636962498921,0.07645331923896127
7857,2.577878787878788,0.3496969696969697,-0.0007377007981981106,0.0782878951976394
7858,2.577878787878788,0.3556565656565656,0.002124629744180203,0.07988342186657564
7859,2.577878787878788,0.3616161616161616,0.0005214212247233104,0.08053646788274373
7860,2.577878787878788,0.36757575757575756,0.00021482832396190884,0.08155249516316922
7861,2.577878787878788,0.3735353535353535,0.0002975507540959132,0.08367562538819998
7862,2.577878787878788,0.37949494949494944,0.0001801126599373931,0.08469651127628522
7863,2.577878787878788,0.38545454545454544,-0.000131409251165349,0.08769486309779996
7864,2.577878787878788,0.3914141414141414,7.449094169683184e-05,0.08743462086844764
7865,2.577878787878788,0.3973737373737373,0.0006102763418094562,0.08848834997542025
7866,2.577878787878788,0.4033333333333333,0.00034994483905743294,0.09073296750059034
7867,2.577878787878788,0.40929292929292926,-0.00042583651337674977,0.0912287170945973
7868,2.577878787878788,0.4152525252525252,0.0004279204840340382,0.09360368798959882
7869,2.577878787878788,0.42121212121212115,-0.0013911722309534443,0.09339705166148375
7870,2.577878787878788,0.42717171717171715,-0.0004992498024696855,0.09563056864850417
7871,2.577878787878788,0.4331313131313131,0.000458481812352588,0.09707174672721113
7872,2.577878787878788,0.43909090909090903,-0.00021076103035829713,0.09810915452282182
7873,2.577878787878788,0.44505050505050503,-0.0022042381613143207,0.09912772198196872
7874,2.577878787878788,0.45101010101010097,0.0006688491959615381,0.10034196148629411
7875,2.577878787878788,0.4569696969696969,0.00125739302006269,0.10451616168077432
7876,2.577878787878788,0.4629292929292929,0.0005559497325605461,0.10407966743395228
7877,2.577878787878788,0.46888888888888886,-0.0003143376136529303,0.10627488605631369
7878,2.577878787878788,0.4748484848484848,-0.0009582667944832784,0.10740121003503178
7879,2.577878787878788,0.48080808080808074,-0.0009424939003062183,0.10755002190391229
7880,2.577878787878788,0.48676767676767674,0.0013431843722113584,0.11177557982608644
7881,2.577878787878788,0.4927272727272727,-0.0004736740225903822,0.10926950995593947
7882,2.577878787878788,0.4986868686868686,-0.0003960649131437348,0.11274569392754512
7883,2.577878787878788,0.5046464646464646,-0.0013237634560589134,0.11254837882008593
7884,2.577878787878788,0.5106060606060605,-0.0018824883504313195,0.11487339296530549
7885,2.577878787878788,0.5165656565656566,0.0010904448090638052,0.11711828174031104
7886,2.577878787878788,0.5225252525252525,-0.00012861833903630976,0.11655901889278472
7887,2.577878787878788,0.5284848484848484,0.0008809914139691811,0.11940096770258518
7888,2.577878787878788,0.5344444444444444,0.000707344898611014,0.12019425786708544
7889,2.577878787878788,0.5404040404040403,-0.0010193011234979187,0.12171770001859622
7890,2.577878787878788,0.5463636363636363,0.00032292311180367333,0.1230931514894584
7891,2.577878787878788,0.5523232323232323,0.0007152216790841698,0.12437947687288958
7892,2.577878787878788,0.5582828282828283,-0.0015345093337326109,0.12625814599960977
7893,2.577878787878788,0.5642424242424242,-0.0005634938534357057,0.12745522679172222
7894,2.577878787878788,0.5702020202020202,-0.0003800446353582187,0.12965640329574585
7895,2.577878787878788,0.5761616161616161,0.0010614608195761524,0.1308470843124333
7896,2.577878787878788,0.582121212121212,-9.5223202795548e-05,0.13319393615748673
7897,2.577878787878788,0.588080808080808,0.0029093208898659066,0.13374902234036207
7898,2.577878787878788,0.594040404040404,-0.0011264107277681652,0.13342432875215815
7899,2.577878787878788,0.6,-0.002748987187592829,0.1331393920639004
7900,2.5979797979797983,0.01,-3.001995116420929e-05,0.0022618165704790826
7901,2.5979797979797983,0.01595959595959596,5.599476772486965e-05,0.0035699717092647944
7902,2.5979797979797983,0.021919191919191918,-1.966761231436054e-06,0.004907733721962156
7903,2.5979797979797983,0.027878787878787878,4.821678852208623e-05,0.006219519962382307
7904,2.5979797979797983,0.033838383838383834,8.176047707423184e-06,0.007613598808153239
7905,2.5979797979797983,0.0397979797979798,-8.946836534179754e-05,0.00903213730406714
7906,2.5979797979797983,0.045757575757575754,7.961981744065822e-05,0.010360627604182233
7907,2.5979797979797983,0.05171717171717172,-6.486157614770396e-05,0.01167387959871504
7908,2.5979797979797983,0.05767676767676767,6.210037732336726e-06,0.013004943432793549
7909,2.5979797979797983,0.06363636363636363,1.1019226097796465e-05,0.014617766531530702
7910,2.5979797979797983,0.06959595959595959,0.00011947350706033637,0.01579553186678265
7911,2.5979797979797983,0.07555555555555554,9.522400785398133e-06,0.017129658093943432
7912,2.5979797979797983,0.0815151515151515,3.0539539545457e-05,0.018336602596014034
7913,2.5979797979797983,0.08747474747474746,0.00011171389796641285,0.019771285128269842
7914,2.5979797979797983,0.09343434343434343,-0.0002700540215848934,0.020942067797196876
7915,2.5979797979797983,0.09939393939393938,-0.00025652930137270367,0.02251971354162166
7916,2.5979797979797983,0.10535353535353534,-0.0002884833572330047,0.023597470942977147
7917,2.5979797979797983,0.1113131313131313,-9.014905581926434e-05,0.0251289053042548
7918,2.5979797979797983,0.11727272727272725,-0.0003137106281203554,0.026413143303726346
7919,2.5979797979797983,0.12323232323232322,-2.4686758913137852e-05,0.028229496064217284
7920,2.5979797979797983,0.1291919191919192,0.00033101992896700114,0.02904328022418999
7921,2.5979797979797983,0.13515151515151513,-0.00034224417786598747,0.03047465756233731
7922,2.5979797979797983,0.1411111111111111,-0.00041529167193051826,0.03153940831232884
7923,2.5979797979797983,0.14707070707070707,-0.00011445500367944415,0.03293368299011894
7924,2.5979797979797983,0.15303030303030302,0.00024755358312019245,0.034493205784648456
7925,2.5979797979797983,0.158989898989899,0.00023835603970856928,0.035610406886858514
7926,2.5979797979797983,0.16494949494949493,-0.00010086656888736512,0.03714065182920926
7927,2.5979797979797983,0.1709090909090909,0.00015789081162328794,0.037667445887234155
7928,2.5979797979797983,0.17686868686868687,-0.00043101651044233423,0.03974488975543507
7929,2.5979797979797983,0.1828282828282828,0.00044351070526084814,0.04145368830814687
7930,2.5979797979797983,0.18878787878787878,0.00015164283925006466,0.042772239083444484
7931,2.5979797979797983,0.19474747474747472,0.0013487074115547553,0.044799321131099995
7932,2.5979797979797983,0.2007070707070707,3.4987615185520935e-05,0.04474425188779813
7933,2.5979797979797983,0.20666666666666667,0.000972892848403111,0.046420842617040485
7934,2.5979797979797983,0.2126262626262626,0.00010302574828688665,0.04747985135412666
7935,2.5979797979797983,0.21858585858585858,0.0004814931087951743,0.049208419391180806
7936,2.5979797979797983,0.22454545454545452,0.0009986447813418965,0.05085483013145249
7937,2.5979797979797983,0.2305050505050505,0.0004735452892433426,0.05158567234897138
7938,2.5979797979797983,0.23646464646464646,0.0005551759191873461,0.05348703508166808
7939,2.5979797979797983,0.2424242424242424,0.00010707452859152873,0.05488963831904549
7940,2.5979797979797983,0.24838383838383837,0.0009675903078096826,0.05568079786111752
7941,2.5979797979797983,0.2543434343434343,-0.00022661029463773711,0.057603363690865314
7942,2.5979797979797983,0.26030303030303026,0.0006109436218705769,0.05873366983816838
7943,2.5979797979797983,0.26626262626262626,-0.000857421554062324,0.05970808086381607
7944,2.5979797979797983,0.2722222222222222,-0.0008259197771020294,0.06111094359650704
7945,2.5979797979797983,0.27818181818181814,-0.0007223350672020049,0.06311800797649937
7946,2.5979797979797983,0.28414141414141414,0.0012543663162377452,0.06379491024084434
7947,2.5979797979797983,0.2901010101010101,0.0001542168874115065,0.06547143927586904
7948,2.5979797979797983,0.296060606060606,-0.0009704185295860441,0.06623108035736973
7949,2.5979797979797983,0.302020202020202,0.0014423240904473907,0.06902926055531956
7950,2.5979797979797983,0.30797979797979796,0.000505207867084549,0.06968832472400179
7951,2.5979797979797983,0.3139393939393939,0.00034132348267760804,0.07163390209393353
7952,2.5979797979797983,0.31989898989898985,0.0003870602110524493,0.07174178632103707
7953,2.5979797979797983,0.32585858585858585,0.0005060552043134699,0.07358807372133479
7954,2.5979797979797983,0.3318181818181818,0.0010096185358272618,0.07564009516512234
7955,2.5979797979797983,0.33777777777777773,-2.64307131543422e-06,0.07641744906844915
7956,2.5979797979797983,0.34373737373737373,0.0007970895798512695,0.07793374477415073
7957,2.5979797979797983,0.3496969696969697,-1.9501603483632612e-05,0.0788697131929809
7958,2.5979797979797983,0.3556565656565656,0.0008210216763334062,0.07953086165821789
7959,2.5979797979797983,0.3616161616161616,-2.3326717467239177e-05,0.08061285292634274
7960,2.5979797979797983,0.36757575757575756,0.0006601883587780003,0.0836449202100852
7961,2.5979797979797983,0.3735353535353535,0.0002523377353940389,0.08453466947718595
7962,2.5979797979797983,0.37949494949494944,-0.0002804944934343801,0.08609263424016525
7963,2.5979797979797983,0.38545454545454544,0.0011246358152978814,0.08790541895730064
7964,2.5979797979797983,0.3914141414141414,0.00028765083240044965,0.09030317024059845
7965,2.5979797979797983,0.3973737373737373,0.0002769104742066319,0.08985839664941508
7966,2.5979797979797983,0.4033333333333333,0.00043583083781893636,0.09322553387084956
7967,2.5979797979797983,0.40929292929292926,9.520148475741559e-05,0.0938663432629774
7968,2.5979797979797983,0.4152525252525252,0.0004563238746326976,0.09528092824855966
7969,2.5979797979797983,0.42121212121212115,-0.0010767721674569445,0.09539967221148295
7970,2.5979797979797983,0.42717171717171715,-0.0011965157065938954,0.09767528777230004
7971,2.5979797979797983,0.4331313131313131,-0.0009657567017424803,0.09884434769360648
7972,2.5979797979797983,0.43909090909090903,0.0002847530939565031,0.10071080793884425
7973,2.5979797979797983,0.44505050505050503,0.00024495275320555765,0.10157384707722121
7974,2.5979797979797983,0.45101010101010097,0.0003402799217864753,0.10283623326922958
7975,2.5979797979797983,0.4569696969696969,-0.00045315559418923883,0.10396037560495458
7976,2.5979797979797983,0.4629292929292929,-0.001288632980761356,0.10656121104826813
7977,2.5979797979797983,0.46888888888888886,0.0008512447520963569,0.10659517425120874
7978,2.5979797979797983,0.4748484848484848,0.001903414339793192,0.10885869833003395
7979,2.5979797979797983,0.48080808080808074,9.849620304931875e-05,0.11056576457561632
7980,2.5979797979797983,0.48676767676767674,-0.0003403267607630377,0.11060402610956427
7981,2.5979797979797983,0.4927272727272727,-0.0007774200241864273,0.11148856113459987
7982,2.5979797979797983,0.4986868686868686,-0.0005305426864120024,0.11391386896991498
7983,2.5979797979797983,0.5046464646464646,0.0005143852545350218,0.11576573395946628
7984,2.5979797979797983,0.5106060606060605,-0.0015775044020692273,0.11678001245995073
7985,2.5979797979797983,0.5165656565656566,0.0014860758351115076,0.11906161934215892
7986,2.5979797979797983,0.5225252525252525,-0.0010150840217627967,0.1195068557511611
7987,2.5979797979797983,0.5284848484848484,0.0026279480592174055,0.1223079837914798
7988,2.5979797979797983,0.5344444444444444,-0.0004366787673913965,0.12159558467360149
7989,2.5979797979797983,0.5404040404040403,0.00020033523931109617,0.12323941408909514
7990,2.5979797979797983,0.5463636363636363,-0.0006387262785891171,0.12383849692027916
7991,2.5979797979797983,0.5523232323232323,0.0006178353741683791,0.12641509562515096
7992,2.5979797979797983,0.5582828282828283,-0.0016284527791305386,0.12540593258564817
7993,2.5979797979797983,0.5642424242424242,0.0006055242838636973,0.1301054811984707
7994,2.5979797979797983,0.5702020202020202,0.0005720061180783635,0.13177977265727317
7995,2.5979797979797983,0.5761616161616161,-0.0006879560986904462,0.1293195851852265
7996,2.5979797979797983,0.582121212121212,0.0006095382705304662,0.1341280746748432
7997,2.5979797979797983,0.588080808080808,-0.000332820339016449,0.13367151883548709
7998,2.5979797979797983,0.594040404040404,-0.0010871801353248725,0.13320667876278147
7999,2.5979797979797983,0.6,0.0005814886947872779,0.13772320460901435
8000,2.6180808080808085,0.01,3.030033654304569e-05,0.002299142984646808
8001,2.6180808080808085,0.01595959595959596,1.4241337345809867e-05,0.0036396458018660553
8002,2.6180808080808085,0.021919191919191918,3.5390591818183305e-05,0.004998680537301352
8003,2.6180808080808085,0.027878787878787878,-2.9521893029604808e-05,0.0063318413997172805
8004,2.6180808080808085,0.033838383838383834,1.1038261795337135e-05,0.0077433497104517695
8005,2.6180808080808085,0.0397979797979798,-4.315964604222968e-05,0.009052460832846379
8006,2.6180808080808085,0.045757575757575754,2.2307695573909426e-05,0.010452270517300634
8007,2.6180808080808085,0.05171717171717172,0.00015009001269340242,0.011774037851544034
8008,2.6180808080808085,0.05767676767676767,0.00028368275833959484,0.013162677156876622
8009,2.6180808080808085,0.06363636363636363,-1.5334732364331361e-06,0.014504875303705542
8010,2.6180808080808085,0.06959595959595959,0.00014763374024946794,0.015941019704863547
8011,2.6180808080808085,0.07555555555555554,-5.262654617524305e-05,0.0174680828827145
8012,2.6180808080808085,0.0815151515151515,0.0003567129532488539,0.018538405654750505
8013,2.6180808080808085,0.08747474747474746,0.00021227981706464875,0.019924272398328117
8014,2.6180808080808085,0.09343434343434343,-2.3425268797311995e-05,0.021209212692404063
8015,2.6180808080808085,0.09939393939393938,-0.0002149182890193286,0.022627153392873824
8016,2.6180808080808085,0.10535353535353534,-7.053717315037368e-05,0.023915730482534387
8017,2.6180808080808085,0.1113131313131313,-0.0002399931522947032,0.02538617769583984
8018,2.6180808080808085,0.11727272727272725,8.258007805191458e-05,0.02674042439918679
8019,2.6180808080808085,0.12323232323232322,1.0433528171221118e-05,0.027848631902417934
8020,2.6180808080808085,0.1291919191919192,7.504529577558748e-05,0.02936589538791278
8021,2.6180808080808085,0.13515151515151513,-0.000710407905314395,0.03067624604419466
8022,2.6180808080808085,0.1411111111111111,-0.00012972991313652105,0.03207747821639768
8023,2.6180808080808085,0.14707070707070707,-2.5922772643246573e-05,0.033232951212163915
8024,2.6180808080808085,0.15303030303030302,-0.00017513268320481067,0.035125937210278305
8025,2.6180808080808085,0.158989898989899,6.976149230586874e-05,0.036348574569833
8026,2.6180808080808085,0.16494949494949493,-2.1839337362834987e-05,0.03793054837026638
8027,2.6180808080808085,0.1709090909090909,-0.00020864203914723305,0.03935612546056645
8028,2.6180808080808085,0.17686868686868687,-2.0164693489005735e-05,0.04064245279445146
8029,2.6180808080808085,0.1828282828282828,0.000142191523246643,0.04175363004478815
8030,2.6180808080808085,0.18878787878787878,-0.00035878385032985855,0.042514000198668446
8031,2.6180808080808085,0.19474747474747472,-1.8779958968628228e-05,0.044255069756245546
8032,2.6180808080808085,0.2007070707070707,-0.0005772848595324153,0.045262116433808154
8033,2.6180808080808085,0.20666666666666667,-8.929361222996998e-05,0.04738599030128368
8034,2.6180808080808085,0.2126262626262626,-0.00031173939172579905,0.04812457172366521
8035,2.6180808080808085,0.21858585858585858,-0.0002842414893587915,0.0502171898630635
8036,2.6180808080808085,0.22454545454545452,0.00012539377415495014,0.05128101931156395
8037,2.6180808080808085,0.2305050505050505,-0.0004975809985488982,0.0521862158039851
8038,2.6180808080808085,0.23646464646464646,0.00045694388683410807,0.055017190187929735
8039,2.6180808080808085,0.2424242424242424,-0.0010123650339362007,0.05524556527586033
8040,2.6180808080808085,0.24838383838383837,-0.00030454665798684323,0.05604228185526456
8041,2.6180808080808085,0.2543434343434343,0.00029898325591908,0.05844184775839865
8042,2.6180808080808085,0.26030303030303026,0.0003890224982771005,0.05874721372821439
8043,2.6180808080808085,0.26626262626262626,-9.033650880155099e-05,0.06094175450104368
8044,2.6180808080808085,0.2722222222222222,-0.0002837384820924386,0.06189342380510801
8045,2.6180808080808085,0.27818181818181814,0.0001963094929734476,0.06444481223932488
8046,2.6180808080808085,0.28414141414141414,-0.0004254713209580353,0.06518073654759848
8047,2.6180808080808085,0.2901010101010101,0.0003601541162161086,0.06778401936567453
8048,2.6180808080808085,0.296060606060606,0.0004071967622818171,0.06799652599905147
8049,2.6180808080808085,0.302020202020202,0.0004116287940024853,0.06884720614040964
8050,2.6180808080808085,0.30797979797979796,-0.00010362878809673192,0.07168273083508268
8051,2.6180808080808085,0.3139393939393939,7.436778143284899e-05,0.07289554894661696
8052,2.6180808080808085,0.31989898989898985,0.000315649452714269,0.07317969574728568
8053,2.6180808080808085,0.32585858585858585,0.0006283935127672217,0.07490962352041536
8054,2.6180808080808085,0.3318181818181818,-0.0001870752819748015,0.07626632431756016
8055,2.6180808080808085,0.33777777777777773,0.0012659457526175565,0.07738939263744464
8056,2.6180808080808085,0.34373737373737373,9.056583995782086e-06,0.07842978386987756
8057,2.6180808080808085,0.3496969696969697,0.00034443210578542863,0.08113828265882023
8058,2.6180808080808085,0.3556565656565656,-0.000572370189424245,0.08122413476074392
8059,2.6180808080808085,0.3616161616161616,0.0005111507042350324,0.08413619360282004
8060,2.6180808080808085,0.36757575757575756,-0.001605598781697439,0.08282800379356732
8061,2.6180808080808085,0.3735353535353535,-0.0004232147874248284,0.08546822054360616
8062,2.6180808080808085,0.37949494949494944,0.0005095508903255677,0.08683230547178164
8063,2.6180808080808085,0.38545454545454544,-0.00048143485360781,0.08763208321797228
8064,2.6180808080808085,0.3914141414141414,0.0011200378978135665,0.0906751722248549
8065,2.6180808080808085,0.3973737373737373,-0.00038176790867468544,0.09131593828504353
8066,2.6180808080808085,0.4033333333333333,0.0010085774570904832,0.09272894732235516
8067,2.6180808080808085,0.40929292929292926,0.000699962511869086,0.09439688360142669
8068,2.6180808080808085,0.4152525252525252,0.0006426022592737662,0.09544572471665162
8069,2.6180808080808085,0.42121212121212115,-0.0004500271406811393,0.09696494363890908
8070,2.6180808080808085,0.42717171717171715,0.0009667960927389949,0.09801310014416148
8071,2.6180808080808085,0.4331313131313131,0.0003982119555788241,0.09997219768712229
8072,2.6180808080808085,0.43909090909090903,-0.000978511463002139,0.10115647770756019
8073,2.6180808080808085,0.44505050505050503,-0.0001843661596716963,0.10256916230378077
8074,2.6180808080808085,0.45101010101010097,-0.0004071369905962005,0.1039683919138966
8075,2.6180808080808085,0.4569696969696969,0.0008555207622577892,0.10435804846307925
8076,2.6180808080808085,0.4629292929292929,-0.0006221806468562342,0.1067155705661484
8077,2.6180808080808085,0.46888888888888886,0.0013128968305639085,0.10910826866786194
8078,2.6180808080808085,0.4748484848484848,0.00021171024990629479,0.108803221553936
8079,2.6180808080808085,0.48080808080808074,0.0009981679109948081,0.11024860216112393
8080,2.6180808080808085,0.48676767676767674,0.0004506017387833086,0.11225118948035821
8081,2.6180808080808085,0.4927272727272727,-0.0013697803727920118,0.11262482514158678
8082,2.6180808080808085,0.4986868686868686,0.00027130714980654053,0.1153712655547804
8083,2.6180808080808085,0.5046464646464646,1.8617156867721362e-06,0.11547312033041954
8084,2.6180808080808085,0.5106060606060605,0.0014713785341062015,0.11744696585677122
8085,2.6180808080808085,0.5165656565656566,0.002052728012759605,0.11976813557370017
8086,2.6180808080808085,0.5225252525252525,-0.0011268584779404872,0.12164741894031052
8087,2.6180808080808085,0.5284848484848484,8.648445499570299e-05,0.12276490536545147
8088,2.6180808080808085,0.5344444444444444,0.0010171724678775904,0.12405360305581235
8089,2.6180808080808085,0.5404040404040403,0.0001163935160002136,0.12514121908856668
8090,2.6180808080808085,0.5463636363636363,-0.0002289434978514679,0.12817087692272286
8091,2.6180808080808085,0.5523232323232323,0.0011719852189216264,0.12976343688975217
8092,2.6180808080808085,0.5582828282828283,-5.4017147705563405e-05,0.13026159591901043
8093,2.6180808080808085,0.5642424242424242,-0.00045941111903353136,0.13058521662171818
8094,2.6180808080808085,0.5702020202020202,-0.0021586091181853297,0.1300998358470573
8095,2.6180808080808085,0.5761616161616161,-4.788745738750677e-05,0.1342496230523857
8096,2.6180808080808085,0.582121212121212,0.0005380346324242543,0.1353811412597543
8097,2.6180808080808085,0.588080808080808,-0.0018880572181844701,0.13554654508408034
8098,2.6180808080808085,0.594040404040404,-0.0016951643916044404,0.1355597189268909
8099,2.6180808080808085,0.6,0.0013172472508062335,0.13915217893447737
8100,2.638181818181818,0.01,2.5956724045189117e-05,0.0022931983238441726
8101,2.638181818181818,0.01595959595959596,1.5079021814562966e-05,0.0036958505108814982
8102,2.638181818181818,0.021919191919191918,-2.2368642806209682e-05,0.005015339435549063
8103,2.638181818181818,0.027878787878787878,4.940358311488544e-05,0.0064529614036419455
8104,2.638181818181818,0.033838383838383834,-6.404155733152976e-05,0.007863192334641302
8105,2.638181818181818,0.0397979797979798,5.7123087823245877e-05,0.00926831811187374
8106,2.638181818181818,0.045757575757575754,-3.4696184666511555e-05,0.010633221481366797
8107,2.638181818181818,0.05171717171717172,-0.00022350699194542424,0.011986090792864139
8108,2.638181818181818,0.05767676767676767,5.990800709060369e-05,0.01329033419745875
8109,2.638181818181818,0.06363636363636363,0.00015072768508496542,0.014574406344713431
8110,2.638181818181818,0.06959595959595959,4.4365573508083356e-05,0.016156122716545363
8111,2.638181818181818,0.07555555555555554,-3.223135130643193e-05,0.017621418264838786
8112,2.638181818181818,0.0815151515151515,0.00024490982792684034,0.01897812392874062
8113,2.638181818181818,0.08747474747474746,-5.021262315624733e-05,0.020361555822847648
8114,2.638181818181818,0.09343434343434343,0.00023709084499543413,0.021539175432174436
8115,2.638181818181818,0.09939393939393938,-0.0002835518893336202,0.022919045814649024
8116,2.638181818181818,0.10535353535353534,-0.0005855648462473214,0.024509227288267158
8117,2.638181818181818,0.1113131313131313,0.00031600092336174734,0.025883406827354807
8118,2.638181818181818,0.11727272727272725,-0.00023812601728843253,0.02713737866396796
8119,2.638181818181818,0.12323232323232322,-9.34187008023287e-05,0.02838705125927036
8120,2.638181818181818,0.1291919191919192,0.00020336899194461737,0.02970869612023818
8121,2.638181818181818,0.13515151515151513,0.0003336406904872559,0.03146498327433243
8122,2.638181818181818,0.1411111111111111,0.0005073297875678008,0.032713491178287674
8123,2.638181818181818,0.14707070707070707,-0.0003264614945551876,0.03383196522085954
8124,2.638181818181818,0.15303030303030302,-0.0001654632802839172,0.03483818711085284
8125,2.638181818181818,0.158989898989899,0.00033235627543479304,0.03701222730418364
8126,2.638181818181818,0.16494949494949493,0.00040124850464388066,0.038214652218674275
8127,2.638181818181818,0.1709090909090909,0.00012220268698466573,0.0393358592614571
8128,2.638181818181818,0.17686868686868687,-0.0013016625349909342,0.04119421315838065
8129,2.638181818181818,0.1828282828282828,0.00037985153104478855,0.041588475934575965
8130,2.638181818181818,0.18878787878787878,-0.00014759978784585742,0.043940387535106935
8131,2.638181818181818,0.19474747474747472,-0.00026961565180680776,0.0449398651414093
8132,2.638181818181818,0.2007070707070707,-0.00019598735295557984,0.04630175592342167
8133,2.638181818181818,0.20666666666666667,0.0004783717766733281,0.047940183281881855
8134,2.638181818181818,0.2126262626262626,9.783621647215806e-05,0.04921286751757268
8135,2.638181818181818,0.21858585858585858,0.0006489165297917939,0.050643056480812784
8136,2.638181818181818,0.22454545454545452,0.0011127671310464276,0.0524823268633424
8137,2.638181818181818,0.2305050505050505,-0.0004010762084736322,0.05343669369404716
8138,2.638181818181818,0.23646464646464646,-1.5104710556145174e-05,0.05507398823044691
8139,2.638181818181818,0.2424242424242424,0.00010035793902424878,0.05596215022449725
8140,2.638181818181818,0.24838383838383837,0.0006632455270928556,0.05781508336462985
8141,2.638181818181818,0.2543434343434343,-0.0006088548104037909,0.05887180360672156
8142,2.638181818181818,0.26030303030303026,0.0002756620616903234,0.06152329515572166
8143,2.638181818181818,0.26626262626262626,0.0012010913126949843,0.06183367544159735
8144,2.638181818181818,0.2722222222222222,-0.0012681045073210675,0.06325278782421358
8145,2.638181818181818,0.27818181818181814,0.00086810615114282,0.06438210865100814
8146,2.638181818181818,0.28414141414141414,-0.0004134770251061841,0.06668726277164674
8147,2.638181818181818,0.2901010101010101,0.000348647434182808,0.06706979704202828
8148,2.638181818181818,0.296060606060606,-0.0010525856787677423,0.06821025571471219
8149,2.638181818181818,0.302020202020202,-0.0002538182764302886,0.06966696115730273
8150,2.638181818181818,0.30797979797979796,-0.0015132987473755269,0.07144787517657256
8151,2.638181818181818,0.3139393939393939,0.0003660184360628689,0.07317102287804188
8152,2.638181818181818,0.31989898989898985,0.0001457236065790142,0.07520003277354068
8153,2.638181818181818,0.32585858585858585,0.0012387136336985457,0.07570703139847579
8154,2.638181818181818,0.3318181818181818,0.0004884568641694657,0.07700729829044202
8155,2.638181818181818,0.33777777777777773,-0.0014895619194314814,0.07839314777209082
8156,2.638181818181818,0.34373737373737373,-0.001506106332093006,0.07931510024519585
8157,2.638181818181818,0.3496969696969697,-0.0015183318631861258,0.08119913158948806
8158,2.638181818181818,0.3556565656565656,-0.0009101907245417333,0.08284363773375462
8159,2.638181818181818,0.3616161616161616,-0.00028523856908351897,0.08394808672844827
8160,2.638181818181818,0.36757575757575756,-0.00043904574903040085,0.08440976748037216
8161,2.638181818181818,0.3735353535353535,0.0013505562165474186,0.08684133903129951
8162,2.638181818181818,0.37949494949494944,-0.0014632638136478512,0.0873475718395325
8163,2.638181818181818,0.38545454545454544,-0.0006229663338811645,0.08900935687170251
8164,2.638181818181818,0.3914141414141414,-6.598280946177501e-05,0.09216638260495019
8165,2.638181818181818,0.3973737373737373,-0.0005130812111368224,0.09304771071741699
8166,2.638181818181818,0.4033333333333333,-0.00098255823787285,0.09293676680645802
8167,2.638181818181818,0.40929292929292926,-0.000786824700607259,0.09562284955385231
8168,2.638181818181818,0.4152525252525252,0.0009514926517345913,0.09515365695928711
8169,2.638181818181818,0.42121212121212115,-0.0005074294081199965,0.09904908525012433
8170,2.638181818181818,0.42717171717171715,0.0014408397434979329,0.10156480782061739
8171,2.638181818181818,0.4331313131313131,-0.0004399335946894501,0.10002733094961433
8172,2.638181818181818,0.43909090909090903,-0.0005207786004702554,0.10256093660308692
8173,2.638181818181818,0.44505050505050503,-0.00025833224727781097,0.10428483954754375
8174,2.638181818181818,0.45101010101010097,0.002527234845394428,0.10512085025633065
8175,2.638181818181818,0.4569696969696969,-0.0007374218307076142,0.10523247161270721
8176,2.638181818181818,0.4629292929292929,-0.0012935966858652471,0.10783213947479091
8177,2.638181818181818,0.46888888888888886,0.0005408002861971681,0.11056864722868304
8178,2.638181818181818,0.4748484848484848,0.00017083813479278436,0.11165584976169117
8179,2.638181818181818,0.48080808080808074,0.0009018761434634666,0.11257009154271541
8180,2.638181818181818,0.48676767676767674,0.0004999869958602564,0.11457286078373767
8181,2.638181818181818,0.4927272727272727,-0.0004404011740103051,0.11461809974669962
8182,2.638181818181818,0.4986868686868686,-0.001546873046696075,0.11728126017266478
8183,2.638181818181818,0.5046464646464646,-7.064257133086588e-05,0.11786201258788431
8184,2.638181818181818,0.5106060606060605,0.001859188359025025,0.11875973908573319
8185,2.638181818181818,0.5165656565656566,0.00023872815195526725,0.1211527143317171
8186,2.638181818181818,0.5225252525252525,-0.0003695985627704843,0.12077013443344294
8187,2.638181818181818,0.5284848484848484,-0.00033947180213811384,0.12319073265191792
8188,2.638181818181818,0.5344444444444444,-0.00015793988315980777,0.12470582077354309
8189,2.638181818181818,0.5404040404040403,0.00033538474886763174,0.12542618795084529
8190,2.638181818181818,0.5463636363636363,0.0010244674775139009,0.12922472879475766
8191,2.638181818181818,0.5523232323232323,0.00042655671884117563,0.12966422790105941
8192,2.638181818181818,0.5582828282828283,0.0006005184788972269,0.1305771661108294
8193,2.638181818181818,0.5642424242424242,0.0007336323399043379,0.13451824454127226
8194,2.638181818181818,0.5702020202020202,0.00015863489909707988,0.1330563124085731
8195,2.638181818181818,0.5761616161616161,0.0009459815417628476,0.13530087761493875
8196,2.638181818181818,0.582121212121212,0.002269251938806058,0.13813057263122655
8197,2.638181818181818,0.588080808080808,-0.0006683824479006617,0.13858967258164379
8198,2.638181818181818,0.594040404040404,0.0012632003962649253,0.14280086103761805
8199,2.638181818181818,0.6,8.380489695869774e-05,0.14025785486884224
8200,2.6582828282828284,0.01,-2.0608415535276923e-06,0.002345024823869183
8201,2.6582828282828284,0.01595959595959596,6.808216692516733e-06,0.0037227311151817317
8202,2.6582828282828284,0.021919191919191918,-2.240684746924737e-07,0.005046765320033802
8203,2.6582828282828284,0.027878787878787878,-3.056869702000703e-05,0.0065245881563509535
8204,2.6582828282828284,0.033838383838383834,4.336367115692048e-05,0.007895740322146573
8205,2.6582828282828284,0.0397979797979798,0.00018906372737402272,0.00936166722113909
8206,2.6582828282828284,0.045757575757575754,-0.00010030730872905079,0.010617556573944661
8207,2.6582828282828284,0.05171717171717172,-5.037747253152108e-05,0.01210820056117229
8208,2.6582828282828284,0.05767676767676767,-0.00015258739700164272,0.013503622866060288
8209,2.6582828282828284,0.06363636363636363,-1.7339832982899028e-05,0.01483351990050347
8210,2.6582828282828284,0.06959595959595959,3.346868700605198e-05,0.016383996334837773
8211,2.6582828282828284,0.07555555555555554,-5.626199568320932e-05,0.017573682248120125
8212,2.6582828282828284,0.0815151515151515,6.403740138282655e-05,0.019233227722689962
8213,2.6582828282828284,0.08747474747474746,0.0001238954605400436,0.020387165778344627
8214,2.6582828282828284,0.09343434343434343,0.00019367272582064538,0.02170095614050958
8215,2.6582828282828284,0.09939393939393938,0.0001569839365555322,0.023178661320016072
8216,2.6582828282828284,0.10535353535353534,-0.000285229538623687,0.02463766044486328
8217,2.6582828282828284,0.1113131313131313,0.00017788619375535094,0.02650200807385135
8218,2.6582828282828284,0.11727272727272725,-0.0005423857773451992,0.027357011128958993
8219,2.6582828282828284,0.12323232323232322,0.0001006087715311292,0.02848849221969944
8220,2.6582828282828284,0.1291919191919192,0.00017232318175196983,0.030587940092030527
8221,2.6582828282828284,0.13515151515151513,-0.00017682729026262408,0.03157049641546394
8222,2.6582828282828284,0.1411111111111111,0.0002497356530176671,0.03327233437797677
8223,2.6582828282828284,0.14707070707070707,8.076880239310378e-05,0.0344868462241218
8224,2.6582828282828284,0.15303030303030302,-0.00018737851821389541,0.03570872643677257
8225,2.6582828282828284,0.158989898989899,0.000694780095369264,0.03771177839290219
8226,2.6582828282828284,0.16494949494949493,0.0003454436881576589,0.03882415095289636
8227,2.6582828282828284,0.1709090909090909,-1.1360989734903537e-05,0.03954476605739566
8228,2.6582828282828284,0.17686868686868687,-0.0004868327801046411,0.04114752443975471
8229,2.6582828282828284,0.1828282828282828,-0.0003202633555354757,0.04311688110766372
8230,2.6582828282828284,0.18878787878787878,0.0008275277460231763,0.04432735639061147
8231,2.6582828282828284,0.19474747474747472,0.0010244964292516648,0.04603458145335207
8232,2.6582828282828284,0.2007070707070707,0.0002870170504002919,0.0468507654431022
8233,2.6582828282828284,0.20666666666666667,-0.001020702736918782,0.04806006676332814
8234,2.6582828282828284,0.2126262626262626,0.0007547104041169927,0.05037600593505474
8235,2.6582828282828284,0.21858585858585858,-0.0004213760574655784,0.05109741198269405
8236,2.6582828282828284,0.22454545454545452,0.00042597860573041595,0.05253438545523076
8237,2.6582828282828284,0.2305050505050505,0.000527422413399531,0.05367427785748216
8238,2.6582828282828284,0.23646464646464646,-0.0005485923450200964,0.055730959292636016
8239,2.6582828282828284,0.2424242424242424,-1.5369617747838937e-05,0.05719997898277574
8240,2.6582828282828284,0.24838383838383837,0.0007570892004101767,0.057796156835195456
8241,2.6582828282828284,0.2543434343434343,3.860146898850196e-05,0.059287129556875
8242,2.6582828282828284,0.26030303030303026,2.5935220527383052e-05,0.06096050784630652
8243,2.6582828282828284,0.26626262626262626,0.00010251429872448601,0.06250088131728669
8244,2.6582828282828284,0.2722222222222222,-0.00023643268193711004,0.06397196276075982
8245,2.6582828282828284,0.27818181818181814,-0.0006253213632131522,0.06492505639936509
8246,2.6582828282828284,0.28414141414141414,-0.0005094718505981822,0.0669266222328143
8247,2.6582828282828284,0.2901010101010101,-0.0003227562627854544,0.06769935859153918
8248,2.6582828282828284,0.296060606060606,-0.00010782912534516384,0.06962583780708621
8249,2.6582828282828284,0.302020202020202,-6.263234336870305e-05,0.0708699029399087
8250,2.6582828282828284,0.30797979797979796,0.0006140838698435456,0.07285102040673211
8251,2.6582828282828284,0.3139393939393939,4.1692511295026425e-05,0.07316690161508335
8252,2.6582828282828284,0.31989898989898985,-0.0008041197171877709,0.07574312508918946
8253,2.6582828282828284,0.32585858585858585,2.9307597274704998e-05,0.07701037373661758
8254,2.6582828282828284,0.3318181818181818,-0.0005401163443596173,0.07738465377456194
8255,2.6582828282828284,0.33777777777777773,0.0007911045674781232,0.07929090193243539
8256,2.6582828282828284,0.34373737373737373,-0.0006732422125986189,0.08095011682630769
8257,2.6582828282828284,0.3496969696969697,-0.0005365142653955197,0.08205184774779094
8258,2.6582828282828284,0.3556565656565656,0.0003301421188645977,0.08315352801342069
8259,2.6582828282828284,0.3616161616161616,-0.0006692636540585624,0.08505882314563261
8260,2.6582828282828284,0.36757575757575756,-0.0002836230200652689,0.08660236830168169
8261,2.6582828282828284,0.3735353535353535,-0.0007893430229867874,0.08660847980676292
8262,2.6582828282828284,0.37949494949494944,-0.0015128643475124943,0.08811285001750635
8263,2.6582828282828284,0.38545454545454544,0.00014988511405429844,0.09161770977270525
8264,2.6582828282828284,0.3914141414141414,0.00014954294056284455,0.09300091355212305
8265,2.6582828282828284,0.3973737373737373,-0.0012542876997832298,0.09148852093224948
8266,2.6582828282828284,0.4033333333333333,-5.3068182262911145e-05,0.09425519525999564
8267,2.6582828282828284,0.40929292929292926,0.0013629090305546858,0.09731666566860907
8268,2.6582828282828284,0.4152525252525252,-0.0008060991551178402,0.09854468044268086
8269,2.6582828282828284,0.42121212121212115,-0.0003929592105344768,0.09911232117342257
8270,2.6582828282828284,0.42717171717171715,0.0009940223191278732,0.10163913214839472
8271,2.6582828282828284,0.4331313131313131,6.582741538023038e-05,0.1015656382011068
8272,2.6582828282828284,0.43909090909090903,-0.0009264831231583759,0.10302853748372721
8273,2.6582828282828284,0.44505050505050503,-0.00046319180311363316,0.10509536711761389
8274,2.6582828282828284,0.45101010101010097,0.0003960893538248836,0.10614921069245421
8275,2.6582828282828284,0.4569696969696969,0.0018612084864083993,0.10850237947880213
8276,2.6582828282828284,0.4629292929292929,-6.381858020715904e-05,0.1098454451108635
8277,2.6582828282828284,0.46888888888888886,0.0004225376267158294,0.11042130523646047
8278,2.6582828282828284,0.4748484848484848,0.0006607947386708471,0.11290737773513689
8279,2.6582828282828284,0.48080808080808074,0.0010452325462715546,0.11325648424101728
8280,2.6582828282828284,0.48676767676767674,-0.001030438332459108,0.1126496796150054
8281,2.6582828282828284,0.4927272727272727,0.0014454483422786338,0.1172655684791781
8282,2.6582828282828284,0.4986868686868686,0.0004425517420136969,0.11863812012131261
8283,2.6582828282828284,0.5046464646464646,0.000527785625051221,0.118324126367276
8284,2.6582828282828284,0.5106060606060605,3.910407403819125e-05,0.12169937855931175
8285,2.6582828282828284,0.5165656565656566,0.00041572354074850555,0.12170033118867288
8286,2.6582828282828284,0.5225252525252525,0.0005051503821300554,0.12404936720364278
8287,2.6582828282828284,0.5284848484848484,0.0028737612051538113,0.12816435615675342
8288,2.6582828282828284,0.5344444444444444,-0.0019225188312194043,0.12544402414712233
8289,2.6582828282828284,0.5404040404040403,0.0007555840331642559,0.12898097025811295
8290,2.6582828282828284,0.5463636363636363,-0.00038552669506410845,0.12940363263110985
8291,2.6582828282828284,0.5523232323232323,0.00043159548502920046,0.13110288844558488
8292,2.6582828282828284,0.5582828282828283,0.0011741728230539941,0.1336345618980613
8293,2.6582828282828284,0.5642424242424242,-0.0012946697455747623,0.13251360907320936
8294,2.6582828282828284,0.5702020202020202,-0.000536868316207027,0.13537692581740168
8295,2.6582828282828284,0.5761616161616161,-0.0020960022354464306,0.13638120545787083
8296,2.6582828282828284,0.582121212121212,0.001273214835756037,0.1390980942384088
8297,2.6582828282828284,0.588080808080808,0.0009252021318032453,0.14173222740577768
8298,2.6582828282828284,0.594040404040404,0.00039790281435423216,0.14402276704920927
8299,2.6582828282828284,0.6,0.001090517365028208,0.14314402938490903
8300,2.6783838383838385,0.01,1.5969618718157274e-06,0.0023645133621687155
8301,2.6783838383838385,0.01595959595959596,-1.7917738054220256e-06,0.0037663551236250654
8302,2.6783838383838385,0.021919191919191918,-6.85278995652463e-05,0.005186060890313269
8303,2.6783838383838385,0.027878787878787878,-0.00012705043729104997,0.006586583250545065
8304,2.6783838383838385,0.033838383838383834,9.980979340325707e-05,0.008068847748873164
8305,2.6783838383838385,0.0397979797979798,-2.006744984809987e-05,0.009443989087320429
8306,2.6783838383838385,0.045757575757575754,9.664809011829512e-05,0.01070469716695175
8307,2.6783838383838385,0.05171717171717172,0.00027575171401289056,0.012207579152115452
8308,2.6783838383838385,0.05767676767676767,0.0002308783739688817,0.013566632534166895
8309,2.6783838383838385,0.06363636363636363,0.00010588858137664587,0.01491006747811341
8310,2.6783838383838385,0.06959595959595959,0.00014388414314814304,0.01655066547739293
8311,2.6783838383838385,0.07555555555555554,0.00013068313282236054,0.017790939112395054
8312,2.6783838383838385,0.0815151515151515,0.00028517764158113887,0.019337470244566165
8313,2.6783838383838385,0.08747474747474746,-0.00014852358250788206,0.020803991808562596
8314,2.6783838383838385,0.09343434343434343,-7.150564948592473e-05,0.02211585781667996
8315,2.6783838383838385,0.09939393939393938,0.000203035308876501,0.02320942273828759
8316,2.6783838383838385,0.10535353535353534,0.00033519759897977916,0.02488430259685263
8317,2.6783838383838385,0.1113131313131313,-0.00011814617940151215,0.025917587394652445
8318,2.6783838383838385,0.11727272727272725,0.00011726088056197064,0.027743571887982484
8319,2.6783838383838385,0.12323232323232322,7.233539211936996e-05,0.029054443380339696
8320,2.6783838383838385,0.1291919191919192,0.00016629550894823973,0.030608155424482003
8321,2.6783838383838385,0.13515151515151513,0.00028763804551205105,0.031903625375243334
8322,2.6783838383838385,0.1411111111111111,-0.00019346869019147577,0.03289103071623617
8323,2.6783838383838385,0.14707070707070707,0.0002893300108141114,0.03474993023406336
8324,2.6783838383838385,0.15303030303030302,8.958943424940457e-06,0.03636652288364319
8325,2.6783838383838385,0.158989898989899,5.317768829534155e-05,0.037668780142761746
8326,2.6783838383838385,0.16494949494949493,-0.0002851628748450921,0.03891631464485482
8327,2.6783838383838385,0.1709090909090909,-1.781808486385934e-05,0.041122064291552844
8328,2.6783838383838385,0.17686868686868687,-2.0735662135228816e-06,0.042100327517735056
8329,2.6783838383838385,0.1828282828282828,-0.000639730685055252,0.04304505895660784
8330,2.6783838383838385,0.18878787878787878,2.547604358596014e-05,0.04466508389243249
8331,2.6783838383838385,0.19474747474747472,-0.0003261223403759534,0.04617548338638632
8332,2.6783838383838385,0.2007070707070707,0.00017785681034946226,0.0473164182654412
8333,2.6783838383838385,0.20666666666666667,-0.0007729209727982514,0.04863301053162338
8334,2.6783838383838385,0.2126262626262626,-0.0007579737483463541,0.05025058417077534
8335,2.6783838383838385,0.21858585858585858,0.0005362741645455203,0.0519069102078981
8336,2.6783838383838385,0.22454545454545452,-0.00012352652802634817,0.05299674872082536
8337,2.6783838383838385,0.2305050505050505,-0.000633875864809316,0.05469528436074809
8338,2.6783838383838385,0.23646464646464646,0.00038732704359087947,0.056035394803269016
8339,2.6783838383838385,0.2424242424242424,-6.65767294392336e-05,0.056983202988353764
8340,2.6783838383838385,0.24838383838383837,0.0008338029894147141,0.05857757751216503
8341,2.6783838383838385,0.2543434343434343,-0.0011730046794230615,0.05992609378397173
8342,2.6783838383838385,0.26030303030303026,0.0004170451360541719,0.061683722528000216
8343,2.6783838383838385,0.26626262626262626,0.0004981201226372256,0.06317852207894079
8344,2.6783838383838385,0.2722222222222222,-0.00025266222298549364,0.0654907291569333
8345,2.6783838383838385,0.27818181818181814,3.157621110942861e-05,0.06584892501373012
8346,2.6783838383838385,0.28414141414141414,0.0004247317904720325,0.06751928036682259
8347,2.6783838383838385,0.2901010101010101,-0.0001428557671131025,0.06854747833473814
8348,2.6783838383838385,0.296060606060606,-0.0006505240698528646,0.07016506396509192
8349,2.6783838383838385,0.302020202020202,-0.000777368797700501,0.07134201954792302
8350,2.6783838383838385,0.30797979797979796,0.0005012099397118316,0.07285395205168231
8351,2.6783838383838385,0.3139393939393939,-0.0005019626344524718,0.07456197980013857
8352,2.6783838383838385,0.31989898989898985,0.0003891724373286085,0.07593918187251604
8353,2.6783838383838385,0.32585858585858585,-0.00013023799159887667,0.07880298026537935
8354,2.6783838383838385,0.3318181818181818,-0.0007374001378735221,0.07841744893022738
8355,2.6783838383838385,0.33777777777777773,0.00023304122229391057,0.07943683657481498
8356,2.6783838383838385,0.34373737373737373,-0.001331025770828532,0.08022880176279694
8357,2.6783838383838385,0.3496969696969697,-0.0007347977257426925,0.08283622580064279
8358,2.6783838383838385,0.3556565656565656,0.0004209312928411082,0.08447418610407095
8359,2.6783838383838385,0.3616161616161616,-0.00047829562704605354,0.08663100562589969
8360,2.6783838383838385,0.36757575757575756,-0.0008794865638059214,0.08752184309299255
8361,2.6783838383838385,0.3735353535353535,0.0017882679948412062,0.09063296204863368
8362,2.6783838383838385,0.37949494949494944,-0.0015619512669664201,0.09074697240266127
8363,2.6783838383838385,0.38545454545454544,0.0007262892845898107,0.09155202379695271
8364,2.6783838383838385,0.3914141414141414,-0.001038169758244805,0.09329045051996716
8365,2.6783838383838385,0.3973737373737373,1.6745545688056305e-05,0.09488030839123311
8366,2.6783838383838385,0.4033333333333333,-0.0002002735030132948,0.0954273266735131
8367,2.6783838383838385,0.40929292929292926,0.00030091065374994745,0.09770500781267848
8368,2.6783838383838385,0.4152525252525252,0.0007516518895591327,0.09981226711250432
8369,2.6783838383838385,0.42121212121212115,0.0010260758212109482,0.10237687194835418
8370,2.6783838383838385,0.42717171717171715,-0.0012652141801126951,0.10143603785264918
8371,2.6783838383838385,0.4331313131313131,0.0009513775647155662,0.10374615182975785
8372,2.6783838383838385,0.43909090909090903,0.00045881422744503144,0.10586602389411344
8373,2.6783838383838385,0.44505050505050503,-0.0007407504261641887,0.10638470691811702
8374,2.6783838383838385,0.45101010101010097,0.00024915963744824023,0.10916374479347427
8375,2.6783838383838385,0.4569696969696969,-0.00036952431822064497,0.11008400753517605
8376,2.6783838383838385,0.4629292929292929,-0.00023029032318382022,0.11116999969048204
8377,2.6783838383838385,0.46888888888888886,0.0016374773636710941,0.11192834027759493
8378,2.6783838383838385,0.4748484848484848,-6.431093012571165e-05,0.11377978262356943
8379,2.6783838383838385,0.48080808080808074,-0.0005980933193680826,0.11451122517014166
8380,2.6783838383838385,0.48676767676767674,0.0026148172663557744,0.1166843372726736
8381,2.6783838383838385,0.4927272727272727,0.0019115793113888013,0.11746326236011405
8382,2.6783838383838385,0.4986868686868686,0.0014836069651915345,0.12004461003867484
8383,2.6783838383838385,0.5046464646464646,-0.001733905596475747,0.12129543184467023
8384,2.6783838383838385,0.5106060606060605,0.0004871133448417311,0.1233781222820904
8385,2.6783838383838385,0.5165656565656566,-0.0007103373090254863,0.12222886209856164
8386,2.6783838383838385,0.5225252525252525,0.000816918966072363,0.1260606634638167
8387,2.6783838383838385,0.5284848484848484,-0.000604489079804369,0.1276116525490685
8388,2.6783838383838385,0.5344444444444444,-0.0012206102085851656,0.1297800765068262
8389,2.6783838383838385,0.5404040404040403,-0.0018106306758173517,0.128920395269642
8390,2.6783838383838385,0.5463636363636363,0.001043122478103991,0.1302398153321861
8391,2.6783838383838385,0.5523232323232323,-0.00016652241031073434,0.13183360472133004
8392,2.6783838383838385,0.5582828282828283,0.0011667904521953953,0.1350725261899672
8393,2.6783838383838385,0.5642424242424242,-0.0012881661670303848,0.13417477884466134
8394,2.6783838383838385,0.5702020202020202,0.0015166580071089755,0.13663476175032097
8395,2.6783838383838385,0.5761616161616161,-1.635324523610704e-05,0.1388449286162481
8396,2.6783838383838385,0.582121212121212,-0.0009357510144382217,0.13956311918241562
8397,2.6783838383838385,0.588080808080808,-0.0015932212004297723,0.14183131372937757
8398,2.6783838383838385,0.594040404040404,0.0022367233585807314,0.14519392876943465
8399,2.6783838383838385,0.6,0.0027726085039728164,0.14494742986097672
8400,2.6984848484848483,0.01,-2.2391581330529653e-05,0.002388901677340516
8401,2.6984848484848483,0.01595959595959596,5.746827973987002e-05,0.00380799871891296
8402,2.6984848484848483,0.021919191919191918,1.2572074982453175e-05,0.005228407297211612
8403,2.6984848484848483,0.027878787878787878,9.437834567114027e-05,0.006660420427452968
8404,2.6984848484848483,0.033838383838383834,-6.037407130307887e-05,0.00829396802418696
8405,2.6984848484848483,0.0397979797979798,-0.000223085330331886,0.009568757032726185
8406,2.6984848484848483,0.045757575757575754,-1.2981228866160599e-06,0.011070205140347874
8407,2.6984848484848483,0.05171717171717172,2.3081754304280612e-05,0.012540738896989612
8408,2.6984848484848483,0.05767676767676767,-6.335123042660355e-05,0.013944375583932774
8409,2.6984848484848483,0.06363636363636363,-3.872043729894245e-05,0.015226605748318134
8410,2.6984848484848483,0.06959595959595959,-9.887836883803357e-05,0.016689196537778773
8411,2.6984848484848483,0.07555555555555554,-0.00016463443584451465,0.018121296145177285
8412,2.6984848484848483,0.0815151515151515,0.00010726316623818955,0.019514343648890892
8413,2.6984848484848483,0.08747474747474746,-0.0001011162756361035,0.020850330684553654
8414,2.6984848484848483,0.09343434343434343,-0.00032836098922611707,0.02260935527831444
8415,2.6984848484848483,0.09939393939393938,-8.215304362203556e-05,0.023641391480689795
8416,2.6984848484848483,0.10535353535353534,0.00018338731995835115,0.02540551390065067
8417,2.6984848484848483,0.1113131313131313,-4.946251870280183e-05,0.02646799233726193
8418,2.6984848484848483,0.11727272727272725,0.0005535094100410065,0.028337237960922863
8419,2.6984848484848483,0.12323232323232322,-0.00013213562036749074,0.029369199869281694
8420,2.6984848484848483,0.1291919191919192,1.6091674754782558e-05,0.03083823954193627
8421,2.6984848484848483,0.13515151515151513,0.0003737292190842654,0.032805341689221064
8422,2.6984848484848483,0.1411111111111111,-0.0009499050431305408,0.03349700829994027
8423,2.6984848484848483,0.14707070707070707,8.931172761716159e-05,0.03521579409721191
8424,2.6984848484848483,0.15303030303030302,0.000653649503088096,0.03661532939283423
8425,2.6984848484848483,0.158989898989899,5.631652336783026e-05,0.03810415680675375
8426,2.6984848484848483,0.16494949494949493,0.0005705095618895177,0.03937018613467361
8427,2.6984848484848483,0.1709090909090909,-7.57321906242403e-07,0.041456387281525515
8428,2.6984848484848483,0.17686868686868687,0.0007027649417932266,0.04216564615771895
8429,2.6984848484848483,0.1828282828282828,-0.00014513587591245773,0.0438618304411601
8430,2.6984848484848483,0.18878787878787878,-0.0006529353816576469,0.0452209649540489
8431,2.6984848484848483,0.19474747474747472,-0.00018050633858364984,0.04641925848977604
8432,2.6984848484848483,0.2007070707070707,0.0003837871369025167,0.04869305345633052
8433,2.6984848484848483,0.20666666666666667,-0.00011934388900553179,0.04956908952989119
8434,2.6984848484848483,0.2126262626262626,0.00029560096733738595,0.05079917980752892
8435,2.6984848484848483,0.21858585858585858,0.0002677643035664499,0.052531949761627623
8436,2.6984848484848483,0.22454545454545452,0.0009582313588142103,0.053707689347148875
8437,2.6984848484848483,0.2305050505050505,-0.00026263484734505613,0.05536130951266776
8438,2.6984848484848483,0.23646464646464646,-0.0006121270358217474,0.057175187957952726
8439,2.6984848484848483,0.2424242424242424,8.110689546290422e-05,0.05830457011616336
8440,2.6984848484848483,0.24838383838383837,-0.000454100819977698,0.05894373953400263
8441,2.6984848484848483,0.2543434343434343,-0.0004623404512559951,0.06048469737509821
8442,2.6984848484848483,0.26030303030303026,8.140544724473892e-05,0.06266591979076927
8443,2.6984848484848483,0.26626262626262626,0.0011731529371785013,0.06421054447615053
8444,2.6984848484848483,0.2722222222222222,-0.0015522271391012823,0.06530985672373325
8445,2.6984848484848483,0.27818181818181814,0.0009961798922395204,0.06684541376011836
8446,2.6984848484848483,0.28414141414141414,-0.0004335546660820129,0.06703730649653217
8447,2.6984848484848483,0.2901010101010101,8.162894504985045e-05,0.06937900508235122
8448,2.6984848484848483,0.296060606060606,0.0008501474418399788,0.07238558487588334
8449,2.6984848484848483,0.302020202020202,-0.0007209103178853963,0.0723222400235674
8450,2.6984848484848483,0.30797979797979796,0.0009547417451267943,0.07387048592734899
8451,2.6984848484848483,0.3139393939393939,0.002157086116361673,0.07563293076290499
8452,2.6984848484848483,0.31989898989898985,-0.0006534462602710257,0.07658247988760376
8453,2.6984848484848483,0.32585858585858585,0.0005824381332850669,0.07917276810884306
8454,2.6984848484848483,0.3318181818181818,0.0017754814177915253,0.07930159611326018
8455,2.6984848484848483,0.33777777777777773,-0.00164950610237222,0.08020632007050166
8456,2.6984848484848483,0.34373737373737373,-0.00010711360412941265,0.08207940915609861
8457,2.6984848484848483,0.3496969696969697,0.000553712883721934,0.0837973203789041
8458,2.6984848484848483,0.3556565656565656,9.7378942578906e-05,0.08641682024323781
8459,2.6984848484848483,0.3616161616161616,-0.000788810167747789,0.08709883421448876
8460,2.6984848484848483,0.36757575757575756,0.0010876161600624466,0.0894858360946247
8461,2.6984848484848483,0.3735353535353535,-0.000716280294681021,0.08940925538076501
8462,2.6984848484848483,0.37949494949494944,-0.00042296361867860617,0.09257416903151396
8463,2.6984848484848483,0.38545454545454544,0.0012140933277341062,0.09215894104078076
8464,2.6984848484848483,0.3914141414141414,0.0006153734630281075,0.0934395960387052
8465,2.6984848484848483,0.3973737373737373,-0.0025255007749898145,0.09390946470708343
8466,2.6984848484848483,0.4033333333333333,-0.001804869520386101,0.09705534360743164
8467,2.6984848484848483,0.40929292929292926,-0.0011866665098835512,0.09813799068325
8468,2.6984848484848483,0.4152525252525252,0.0001228299479259521,0.10052907738881692
8469,2.6984848484848483,0.42121212121212115,0.0007010321152679875,0.1013452873117683
8470,2.6984848484848483,0.42717171717171715,-0.0010120036461786985,0.10298875776221446
8471,2.6984848484848483,0.4331313131313131,0.0008407016906404008,0.10409570578024063
8472,2.6984848484848483,0.43909090909090903,0.0007657842649905892,0.1054300495308761
8473,2.6984848484848483,0.44505050505050503,0.0011211281839994835,0.10896683403550891
8474,2.6984848484848483,0.45101010101010097,-0.0010349169436477386,0.10914094470728121
8475,2.6984848484848483,0.4569696969696969,0.0010303166754685486,0.11174612992750776
8476,2.6984848484848483,0.4629292929292929,0.000500847987127724,0.11291756513677445
8477,2.6984848484848483,0.46888888888888886,0.0004784292393604712,0.11249716644744054
8478,2.6984848484848483,0.4748484848484848,0.0009961841272892334,0.11423064156485829
8479,2.6984848484848483,0.48080808080808074,-0.00048178122814333785,0.11679254790329098
8480,2.6984848484848483,0.48676767676767674,-0.001595175822338751,0.11652937357147954
8481,2.6984848484848483,0.4927272727272727,1.6463682749869334e-05,0.11931895688209931
8482,2.6984848484848483,0.4986868686868686,-0.0005362261271358238,0.12105470641232109
8483,2.6984848484848483,0.5046464646464646,-0.00019793957891982563,0.12314685698008758
8484,2.6984848484848483,0.5106060606060605,0.0016372743712452906,0.12607063933672466
8485,2.6984848484848483,0.5165656565656566,-0.0016000024875949482,0.12376060316715834
8486,2.6984848484848483,0.5225252525252525,0.0006502156662874462,0.12723786398763534
8487,2.6984848484848483,0.5284848484848484,0.0010799315321068828,0.12880666536548088
8488,2.6984848484848483,0.5344444444444444,-0.0010991158846999991,0.12979979304376305
8489,2.6984848484848483,0.5404040404040403,0.0007589861039369029,0.1321592660505547
8490,2.6984848484848483,0.5463636363636363,-0.0010618663352744992,0.13135637612292209
8491,2.6984848484848483,0.5523232323232323,-0.00022119488696832344,0.1345566765642093
8492,2.6984848484848483,0.5582828282828283,0.0029104477731930153,0.1375091473358532
8493,2.6984848484848483,0.5642424242424242,-0.001888883666697728,0.13670639673352003
8494,2.6984848484848483,0.5702020202020202,0.0021008084090673755,0.13943766389571643
8495,2.6984848484848483,0.5761616161616161,0.00011955987917050095,0.13960140247455013
8496,2.6984848484848483,0.582121212121212,-0.001640511356458569,0.14088942083822856
8497,2.6984848484848483,0.588080808080808,-0.0032425736733063737,0.1412844473266939
8498,2.6984848484848483,0.594040404040404,4.803846979540003e-05,0.14671740556683044
8499,2.6984848484848483,0.6,-0.0014034083449633557,0.14549043532674
8500,2.7185858585858584,0.01,-2.5098898341297515e-05,0.0024248781231458578
8501,2.7185858585858584,0.01595959595959596,6.755475897344456e-05,0.003924252070386938
8502,2.7185858585858584,0.021919191919191918,-1.3697889216856196e-05,0.005339749427218059
8503,2.7185858585858584,0.027878787878787878,-2.8981794607798074e-05,0.006693473241942056
8504,2.7185858585858584,0.033838383838383834,-0.00011426976403461844,0.008230181675532095
8505,2.7185858585858584,0.0397979797979798,4.936631639202813e-05,0.009652573358241663
8506,2.7185858585858584,0.045757575757575754,1.004790465248775e-05,0.011029057960676212
8507,2.7185858585858584,0.05171717171717172,1.7172855415318855e-05,0.012553281877265093
8508,2.7185858585858584,0.05767676767676767,-0.0002615396807688277,0.014057502055062718
8509,2.7185858585858584,0.06363636363636363,4.2464925329730786e-05,0.015544835893962725
8510,2.7185858585858584,0.06959595959595959,-0.0001366496277156476,0.01680936506828862
8511,2.7185858585858584,0.07555555555555554,0.00028309367248157004,0.018392755559477447
8512,2.7185858585858584,0.0815151515151515,-8.769410959380013e-05,0.019788391491252773
8513,2.7185858585858584,0.08747474747474746,0.00019932885958321854,0.021087248228567973
8514,2.7185858585858584,0.09343434343434343,0.00013702487042909221,0.022759610386515097
8515,2.7185858585858584,0.09939393939393938,-0.0002737520084339067,0.023811807850358496
8516,2.7185858585858584,0.10535353535353534,-0.00043076003978512645,0.025499377192173538
8517,2.7185858585858584,0.1113131313131313,0.0005009855908295714,0.02670274368724228
8518,2.7185858585858584,0.11727272727272725,-0.0001647419159980156,0.02814892854444175
8519,2.7185858585858584,0.12323232323232322,-0.00021990176345015896,0.029712672584203025
8520,2.7185858585858584,0.1291919191919192,0.0004219201053403843,0.031418031203931523
8521,2.7185858585858584,0.13515151515151513,-0.0004223162957757898,0.0328439578255805
8522,2.7185858585858584,0.1411111111111111,-0.0005037038574710928,0.034175967142824566
8523,2.7185858585858584,0.14707070707070707,-0.00014424872868897988,0.035640687813296885
8524,2.7185858585858584,0.15303030303030302,-0.0002645988627687376,0.03698305467867618
8525,2.7185858585858584,0.158989898989899,-3.8281249842697876e-05,0.03852413043196196
8526,2.7185858585858584,0.16494949494949493,-0.0014132071995285962,0.039891691330767386
8527,2.7185858585858584,0.1709090909090909,-0.0003560018362097718,0.041264175740305005
8528,2.7185858585858584,0.17686868686868687,-1.0259797915071056e-05,0.04319476450284968
8529,2.7185858585858584,0.1828282828282828,0.000822482542181719,0.044652918100637796
8530,2.7185858585858584,0.18878787878787878,0.0001675353488519943,0.04562647864773687
8531,2.7185858585858584,0.19474747474747472,0.0003995885596286767,0.0475413705692389
8532,2.7185858585858584,0.2007070707070707,9.559297219489896e-05,0.04757360425178635
8533,2.7185858585858584,0.20666666666666667,0.00028843452210373184,0.04991970786370336
8534,2.7185858585858584,0.2126262626262626,-0.00030964058949487167,0.05176687413436658
8535,2.7185858585858584,0.21858585858585858,0.0006733869992627677,0.05316812213003866
8536,2.7185858585858584,0.22454545454545452,0.0005917625146454903,0.05463811339140329
8537,2.7185858585858584,0.2305050505050505,0.0010822791674551706,0.055986189543400525
8538,2.7185858585858584,0.23646464646464646,-0.0006290292703714511,0.05803098376761717
8539,2.7185858585858584,0.2424242424242424,0.0011499251556109278,0.05836049463264344
8540,2.7185858585858584,0.24838383838383837,-0.0004120562592924641,0.06050915539592644
8541,2.7185858585858584,0.2543434343434343,-0.00089293646528381,0.06065355290952345
8542,2.7185858585858584,0.26030303030303026,0.00028833756141455655,0.06428454473149631
8543,2.7185858585858584,0.26626262626262626,0.0010426606321826827,0.06434301297365694
8544,2.7185858585858584,0.2722222222222222,0.0002677673554127611,0.06690906491673618
8545,2.7185858585858584,0.27818181818181814,-0.00043628731998887653,0.06730675553553983
8546,2.7185858585858584,0.28414141414141414,0.0005694410690241597,0.06861180277252023
8547,2.7185858585858584,0.2901010101010101,-0.0009064473052656362,0.06979692763285203
8548,2.7185858585858584,0.296060606060606,-9.415750777586491e-05,0.07190195927718558
8549,2.7185858585858584,0.302020202020202,-0.00021737464371409488,0.07448940718719015
8550,2.7185858585858584,0.30797979797979796,5.2797382727021214e-05,0.07494747825608733
8551,2.7185858585858584,0.3139393939393939,-0.0005277614627190557,0.07698246204411618
8552,2.7185858585858584,0.31989898989898985,-0.0012180288376814285,0.07848699728378093
8553,2.7185858585858584,0.32585858585858585,0.0003788577023082466,0.07800641042554375
8554,2.7185858585858584,0.3318181818181818,8.641226143935889e-05,0.08093426683671869
8555,2.7185858585858584,0.33777777777777773,0.00030855973339400007,0.08276838705621524
8556,2.7185858585858584,0.34373737373737373,-0.00032297688816147605,0.08355777288015304
8557,2.7185858585858584,0.3496969696969697,-0.0018605023853493516,0.08630498312492643
8558,2.7185858585858584,0.3556565656565656,-0.00018437410372725121,0.0865142056387493
8559,2.7185858585858584,0.3616161616161616,0.0005059720377860244,0.08837179099653697
8560,2.7185858585858584,0.36757575757575756,0.00017453315721072061,0.0890177474205217
8561,2.7185858585858584,0.3735353535353535,-0.0006139185074493611,0.09155390596556397
8562,2.7185858585858584,0.37949494949494944,0.000854836337772705,0.0914669586428078
8563,2.7185858585858584,0.38545454545454544,-0.0007456988472284632,0.09383853790701496
8564,2.7185858585858584,0.3914141414141414,-0.0005518928211157673,0.09559799608557601
8565,2.7185858585858584,0.3973737373737373,0.0004809549794994917,0.09702537544749683
8566,2.7185858585858584,0.4033333333333333,0.00022793059631703868,0.09841264760446056
8567,2.7185858585858584,0.40929292929292926,0.00020659694667158357,0.10020266864354856
8568,2.7185858585858584,0.4152525252525252,-0.0003509780867488662,0.10111705778453253
8569,2.7185858585858584,0.42121212121212115,-0.0005956308268379317,0.10323058702745196
8570,2.7185858585858584,0.42717171717171715,-0.0009983846228621995,0.10410665892089635
8571,2.7185858585858584,0.4331313131313131,0.00014336321277218044,0.10568104543581217
8572,2.7185858585858584,0.43909090909090903,0.0009546051172275039,0.10839449581242372
8573,2.7185858585858584,0.44505050505050503,0.0007214851605513711,0.10704137240778755
8574,2.7185858585858584,0.45101010101010097,0.0003084505655396877,0.11111129280659345
8575,2.7185858585858584,0.4569696969696969,0.00010596543742577555,0.11301242711160926
8576,2.7185858585858584,0.4629292929292929,0.0018616355876200767,0.11594841418886755
8577,2.7185858585858584,0.46888888888888886,-0.00019723418543117038,0.11368872684772578
8578,2.7185858585858584,0.4748484848484848,0.00039554120152231155,0.1160643037038706
8579,2.7185858585858584,0.48080808080808074,0.00027475165881567264,0.11789502912005544
8580,2.7185858585858584,0.48676767676767674,0.001992952768729573,0.12142457384523574
8581,2.7185858585858584,0.4927272727272727,0.000241821649699469,0.1203211859633431
8582,2.7185858585858584,0.4986868686868686,-0.0026459402841421866,0.12143589387888626
8583,2.7185858585858584,0.5046464646464646,0.00160283496734888,0.12436497190590777
8584,2.7185858585858584,0.5106060606060605,0.0003226995177694428,0.12571421468743443
8585,2.7185858585858584,0.5165656565656566,9.955362760855685e-05,0.12687700591563325
8586,2.7185858585858584,0.5225252525252525,-0.00010645985294006342,0.12656032028408995
8587,2.7185858585858584,0.5284848484848484,0.0004073778751664065,0.12882122979289715
8588,2.7185858585858584,0.5344444444444444,-0.0018429550236449743,0.12870190786961525
8589,2.7185858585858584,0.5404040404040403,-0.002549747363603514,0.1320006775622076
8590,2.7185858585858584,0.5463636363636363,0.0007485778749085117,0.1349890087008804
8591,2.7185858585858584,0.5523232323232323,-0.001005090840722804,0.13513700112137972
8592,2.7185858585858584,0.5582828282828283,0.00031845708034052115,0.1385972600699071
8593,2.7185858585858584,0.5642424242424242,-0.0008857435405596874,0.1400866309047566
8594,2.7185858585858584,0.5702020202020202,-0.002064982202256801,0.1410280985563195
8595,2.7185858585858584,0.5761616161616161,-0.0008366201049801552,0.14416697016947527
8596,2.7185858585858584,0.582121212121212,-0.0036590030042124213,0.14135916473953644
8597,2.7185858585858584,0.588080808080808,-0.0009752614553103804,0.14454746745730856
8598,2.7185858585858584,0.594040404040404,0.0019659626561029783,0.1462715373304295
8599,2.7185858585858584,0.6,-0.0004807634358191594,0.14579874949589203
8600,2.7386868686868686,0.01,-3.248126158606115e-05,0.002428084927052197
8601,2.7386868686868686,0.01595959595959596,5.369510096445864e-05,0.0039061269562920995
8602,2.7386868686868686,0.021919191919191918,-6.8027682636592424e-06,0.005370312628415654
8603,2.7386868686868686,0.027878787878787878,-6.56713588399657e-05,0.006841463078684741
8604,2.7386868686868686,0.033838383838383834,3.217631692297688e-05,0.008235365055333597
8605,2.7386868686868686,0.0397979797979798,-5.399219752501955e-05,0.0097631080089301
8606,2.7386868686868686,0.045757575757575754,-0.00010820505177332986,0.01130559356537613
8607,2.7386868686868686,0.05171717171717172,-2.4757802342153844e-05,0.012634996268295572
8608,2.7386868686868686,0.05767676767676767,-5.264011561967163e-06,0.014137692966327385
8609,2.7386868686868686,0.06363636363636363,1.732645930418948e-05,0.015472178319174298
8610,2.7386868686868686,0.06959595959595959,0.0001990836362368049,0.017310438578049883
8611,2.7386868686868686,0.07555555555555554,-0.00016051277902536364,0.01843658001237176
8612,2.7386868686868686,0.0815151515151515,0.00012610341016004067,0.02001527579104804
8613,2.7386868686868686,0.08747474747474746,-7.137177414277144e-05,0.02130927980451291
8614,2.7386868686868686,0.09343434343434343,-0.00042645220052316845,0.022883084791747565
8615,2.7386868686868686,0.09939393939393938,-0.00023899462181819703,0.02451423769792571
8616,2.7386868686868686,0.10535353535353534,0.00017048609381566018,0.026126413902642073
8617,2.7386868686868686,0.1113131313131313,-6.778669537248761e-05,0.02716446566997713
8618,2.7386868686868686,0.11727272727272725,-4.574820457780361e-05,0.028676753318451854
8619,2.7386868686868686,0.12323232323232322,8.52333590479351e-05,0.030477547349396904
8620,2.7386868686868686,0.1291919191919192,-3.841456116450215e-05,0.031743962160384144
8621,2.7386868686868686,0.13515151515151513,0.0002895813012607374,0.03312669904934003
8622,2.7386868686868686,0.1411111111111111,-0.00018912185937067165,0.03428446374393631
8623,2.7386868686868686,0.14707070707070707,-0.00038480373744898504,0.03612184853091207
8624,2.7386868686868686,0.15303030303030302,2.6576958528715666e-06,0.03748983803238029
8625,2.7386868686868686,0.158989898989899,-0.00023886950558915765,0.038910850301459694
8626,2.7386868686868686,0.16494949494949493,-3.2277947388740235e-05,0.04089774270699003
8627,2.7386868686868686,0.1709090909090909,-0.00035940182415737025,0.04107054519443702
8628,2.7386868686868686,0.17686868686868687,-0.0012675686122928644,0.04230445295266663
8629,2.7386868686868686,0.1828282828282828,-2.2319030422430818e-05,0.04498685241311496
8630,2.7386868686868686,0.18878787878787878,-0.0004968401714050374,0.04686292876345936
8631,2.7386868686868686,0.19474747474747472,-0.00035332295848391755,0.04783524261977561
8632,2.7386868686868686,0.2007070707070707,-7.215496715368741e-06,0.049640178268779575
8633,2.7386868686868686,0.20666666666666667,0.00023083096114819016,0.05056596005394465
8634,2.7386868686868686,0.2126262626262626,0.0004152428958182685,0.05266300612528163
8635,2.7386868686868686,0.21858585858585858,-0.0004928256148918266,0.05349885624780194
8636,2.7386868686868686,0.22454545454545452,0.0005871813507380618,0.05534297203688762
8637,2.7386868686868686,0.2305050505050505,0.0005165816597225652,0.05737710194535397
8638,2.7386868686868686,0.23646464646464646,0.00031063315681227756,0.05819283939872151
8639,2.7386868686868686,0.2424242424242424,-1.2679843929853617e-05,0.05969838414303351
8640,2.7386868686868686,0.24838383838383837,-0.000306180695171402,0.061253551367346476
8641,2.7386868686868686,0.2543434343434343,-5.3191550317957057e-05,0.061441463110169965
8642,2.7386868686868686,0.26030303030303026,-0.0008792925255076505,0.06414775671765575
8643,2.7386868686868686,0.26626262626262626,0.0004375021916981183,0.06519446017941692
8644,2.7386868686868686,0.2722222222222222,3.662085166647575e-05,0.06819882703700506
8645,2.7386868686868686,0.27818181818181814,-0.0008527566438420185,0.0685785786473448
8646,2.7386868686868686,0.28414141414141414,0.000750977786455641,0.06992293821488181
8647,2.7386868686868686,0.2901010101010101,-0.0002801872646383031,0.07079054652060433
8648,2.7386868686868686,0.296060606060606,-0.0005796385910315493,0.07257811331947249
8649,2.7386868686868686,0.302020202020202,0.00025395745333567924,0.07434968770993802
8650,2.7386868686868686,0.30797979797979796,-0.00023134682577226923,0.0759031572704381
8651,2.7386868686868686,0.3139393939393939,0.00015952302813587805,0.07751864737496354
8652,2.7386868686868686,0.31989898989898985,-0.0006970343825061204,0.0789580789988505
8653,2.7386868686868686,0.32585858585858585,-0.0007194768656092402,0.08037663980520943
8654,2.7386868686868686,0.3318181818181818,0.0003199104960907001,0.08215422109964908
8655,2.7386868686868686,0.33777777777777773,-0.0005850092876664214,0.08306177581841342
8656,2.7386868686868686,0.34373737373737373,0.0004306062294223116,0.08545234898027038
8657,2.7386868686868686,0.3496969696969697,-0.0007149769594672198,0.08639888352277161
8658,2.7386868686868686,0.3556565656565656,0.0005202188217572882,0.08831914688880717
8659,2.7386868686868686,0.3616161616161616,-0.0011636008434556143,0.08878014599727972
8660,2.7386868686868686,0.36757575757575756,-0.000847973743801216,0.09081237206689138
8661,2.7386868686868686,0.3735353535353535,0.0010147437076494595,0.09175053303698118
8662,2.7386868686868686,0.37949494949494944,-0.0003426732438518544,0.0934846299417484
8663,2.7386868686868686,0.38545454545454544,-0.0006457671533088944,0.09573000267561022
8664,2.7386868686868686,0.3914141414141414,-0.00047227516863862496,0.09487326887751778
8665,2.7386868686868686,0.3973737373737373,-8.802511281159476e-06,0.09782399658982632
8666,2.7386868686868686,0.4033333333333333,-0.0008843755090405292,0.10020461193789078
8667,2.7386868686868686,0.40929292929292926,0.00025990972969273853,0.10172241294755421
8668,2.7386868686868686,0.4152525252525252,-0.0001450500934751546,0.10379435845053464
8669,2.7386868686868686,0.42121212121212115,0.0006429337185364652,0.10582309208608244
8670,2.7386868686868686,0.42717171717171715,-8.883303972222087e-05,0.10693028925838247
8671,2.7386868686868686,0.4331313131313131,-0.0005047865473142728,0.10728887174615782
8672,2.7386868686868686,0.43909090909090903,0.0004295266087155589,0.10839402970440429
8673,2.7386868686868686,0.44505050505050503,0.00014404848235128486,0.10953888803815062
8674,2.7386868686868686,0.45101010101010097,0.0004535789514140898,0.11182069844824076
8675,2.7386868686868686,0.4569696969696969,-0.001439921457094496,0.11245797765801309
8676,2.7386868686868686,0.4629292929292929,0.0023648202272245136,0.11619407103736153
8677,2.7386868686868686,0.46888888888888886,7.497440405178378e-05,0.11738111569368384
8678,2.7386868686868686,0.4748484848484848,-0.0008668713038763297,0.11746762279782845
8679,2.7386868686868686,0.48080808080808074,0.0007841773744883853,0.11874321361707733
8680,2.7386868686868686,0.48676767676767674,-0.001234787684317211,0.12052155250629838
8681,2.7386868686868686,0.4927272727272727,-3.244448068602788e-05,0.12205678903930624
8682,2.7386868686868686,0.4986868686868686,0.00167575291600689,0.1242259319097827
8683,2.7386868686868686,0.5046464646464646,-0.0005851637861736187,0.1261346291273887
8684,2.7386868686868686,0.5106060606060605,-8.637095227458853e-05,0.12685875658402457
8685,2.7386868686868686,0.5165656565656566,-0.001457789933861969,0.12871996521800447
8686,2.7386868686868686,0.5225252525252525,0.0005084433720785486,0.13184931714958859
8687,2.7386868686868686,0.5284848484848484,0.001308324316626055,0.13332695104930023
8688,2.7386868686868686,0.5344444444444444,0.001542365179000919,0.13281690617169292
8689,2.7386868686868686,0.5404040404040403,0.0011061760005444574,0.13646367688518193
8690,2.7386868686868686,0.5463636363636363,-0.001293371467877158,0.1350752451388638
8691,2.7386868686868686,0.5523232323232323,0.001836338933462594,0.13620604331751862
8692,2.7386868686868686,0.5582828282828283,0.0007686817726655681,0.13901048776643776
8693,2.7386868686868686,0.5642424242424242,-0.0021651765098951252,0.13816330485784295
8694,2.7386868686868686,0.5702020202020202,0.0017072628693880112,0.14171051993262274
8695,2.7386868686868686,0.5761616161616161,0.0004190433043499973,0.14180965075458304
8696,2.7386868686868686,0.582121212121212,-0.00196714759076873,0.14546719575667375
8697,2.7386868686868686,0.588080808080808,-0.0014021888264443912,0.14466573693773752
8698,2.7386868686868686,0.594040404040404,-0.0025942691688564962,0.14630017818771313
8699,2.7386868686868686,0.6,0.0007214755876416936,0.14911306921252548
8700,2.758787878787879,0.01,2.4995700975619073e-05,0.002498526845017864
8701,2.758787878787879,0.01595959595959596,2.6346798491936327e-07,0.003952404606492
8702,2.758787878787879,0.021919191919191918,4.022357267766999e-05,0.005492697956598156
8703,2.758787878787879,0.027878787878787878,-5.3767048029017384e-05,0.006950975160065083
8704,2.758787878787879,0.033838383838383834,-4.810474551013745e-05,0.00846760535293194
8705,2.758787878787879,0.0397979797979798,0.00012828461158157758,0.009906600113379307
8706,2.758787878787879,0.045757575757575754,7.504091224935654e-05,0.011235498332376513
8707,2.758787878787879,0.05171717171717172,-4.7889767080315095e-05,0.012937405475306096
8708,2.758787878787879,0.05767676767676767,-9.493381033643155e-05,0.014459204930672077
8709,2.758787878787879,0.06363636363636363,-0.00014054561836577891,0.015894462169138958
8710,2.758787878787879,0.06959595959595959,2.805215150546103e-05,0.017066544270645426
8711,2.758787878787879,0.07555555555555554,-6.521586760901499e-05,0.0188845239325141
8712,2.758787878787879,0.0815151515151515,-0.00018352459548781378,0.02028508323834559
8713,2.758787878787879,0.08747474747474746,0.0001613493524987633,0.021691499200345975
8714,2.758787878787879,0.09343434343434343,0.0002799270135435236,0.022825371390131497
8715,2.758787878787879,0.09939393939393938,-0.00036267649388966894,0.024480119525943932
8716,2.758787878787879,0.10535353535353534,-0.000238449931083369,0.025950831608522976
8717,2.758787878787879,0.1113131313131313,0.00010845078562051926,0.027487440573543125
8718,2.758787878787879,0.11727272727272725,-0.00021574231722977237,0.02904699136177156
8719,2.758787878787879,0.12323232323232322,0.00045537764217518805,0.030552771919474565
8720,2.758787878787879,0.1291919191919192,-0.0007649794462374443,0.032283695298092115
8721,2.758787878787879,0.13515151515151513,-7.886124749800701e-05,0.03362147195804391
8722,2.758787878787879,0.1411111111111111,0.0006249029219513865,0.03504109219272776
8723,2.758787878787879,0.14707070707070707,0.00011965066976511843,0.03658981270772906
8724,2.758787878787879,0.15303030303030302,0.0008167666669385788,0.037871577046762764
8725,2.758787878787879,0.158989898989899,8.44575327050534e-05,0.03963197209929342
8726,2.758787878787879,0.16494949494949493,-0.0003051716200625181,0.040659789005258844
8727,2.758787878787879,0.1709090909090909,0.00034828459175180254,0.042470658398951845
8728,2.758787878787879,0.17686868686868687,-0.00013789104538915054,0.043846033120545774
8729,2.758787878787879,0.1828282828282828,0.0002137010174987494,0.04586148080814138
8730,2.758787878787879,0.18878787878787878,-0.0011032517212554225,0.046727067597187984
8731,2.758787878787879,0.19474747474747472,-1.6583063109098805e-05,0.048352059821378066
8732,2.758787878787879,0.2007070707070707,0.0008998938793508565,0.049945489880942016
8733,2.758787878787879,0.20666666666666667,-0.0003823844138916991,0.05174404587762505
8734,2.758787878787879,0.2126262626262626,0.00028589383427956655,0.05278825797946638
8735,2.758787878787879,0.21858585858585858,-0.00024523300085875483,0.05486071634306943
8736,2.758787878787879,0.22454545454545452,3.732618101099758e-05,0.05590178688472086
8737,2.758787878787879,0.2305050505050505,0.00018530072545498176,0.05691339523246555
8738,2.758787878787879,0.23646464646464646,0.001008714870027555,0.05926880868238659
8739,2.758787878787879,0.2424242424242424,-0.0004413899058517497,0.06009869237995549
8740,2.758787878787879,0.24838383838383837,-0.0005732907623793872,0.06233757170673851
8741,2.758787878787879,0.2543434343434343,-3.70909675305767e-05,0.06326229925283476
8742,2.758787878787879,0.26030303030303026,-0.0006804236543078215,0.06490151847309492
8743,2.758787878787879,0.26626262626262626,0.00020319539818704403,0.06644011870920609
8744,2.758787878787879,0.2722222222222222,3.72043905641287e-05,0.06861644730001357
8745,2.758787878787879,0.27818181818181814,0.00040791091817245526,0.06941170215783946
8746,2.758787878787879,0.28414141414141414,0.0003019853834774202,0.07042660710943238
8747,2.758787878787879,0.2901010101010101,0.00024002916773755754,0.07279463653489977
8748,2.758787878787879,0.296060606060606,0.0020401260882799517,0.07404482904132256
8749,2.758787878787879,0.302020202020202,-0.00028121042364691263,0.07421057612080478
8750,2.758787878787879,0.30797979797979796,-0.0014268054659115695,0.07792053244976553
8751,2.758787878787879,0.3139393939393939,-0.0005781271021086673,0.07763079797434128
8752,2.758787878787879,0.31989898989898985,-0.000185015276903559,0.07926974969721841
8753,2.758787878787879,0.32585858585858585,0.000826175288711066,0.08141612083135323
8754,2.758787878787879,0.3318181818181818,-0.0002903605086158176,0.08295387513710048
8755,2.758787878787879,0.33777777777777773,-0.0006128532184203136,0.08437207824220377
8756,2.758787878787879,0.34373737373737373,-0.0005343985516096847,0.08598730553511812
8757,2.758787878787879,0.3496969696969697,-0.0006146288445037097,0.0877013373951918
8758,2.758787878787879,0.3556565656565656,-0.0010507008248147797,0.08792963084519143
8759,2.758787878787879,0.3616161616161616,0.0009243716786522944,0.09005740939895698
8760,2.758787878787879,0.36757575757575756,3.1707523772300325e-05,0.09149805056414627
8761,2.758787878787879,0.3735353535353535,0.00017637338763375253,0.09348523738258739
8762,2.758787878787879,0.37949494949494944,0.0005035286131779397,0.09397068663203849
8763,2.758787878787879,0.38545454545454544,2.244744125213236e-05,0.09716688183328479
8764,2.758787878787879,0.3914141414141414,-0.001219489172872253,0.09780845945805772
8765,2.758787878787879,0.3973737373737373,-0.0010134972069021791,0.09970120915852504
8766,2.758787878787879,0.4033333333333333,-0.0012523134629966826,0.10105094756743406
8767,2.758787878787879,0.40929292929292926,0.0004560031899372593,0.10209601946899603
8768,2.758787878787879,0.4152525252525252,0.0011170867252733615,0.10472283906514616
8769,2.758787878787879,0.42121212121212115,0.0009388328813825801,0.10517654973740924
8770,2.758787878787879,0.42717171717171715,0.002572608140880589,0.10671910981444761
8771,2.758787878787879,0.4331313131313131,-0.0023163215710245645,0.10850455290753837
8772,2.758787878787879,0.43909090909090903,0.0006203787888094519,0.10936137306155624
8773,2.758787878787879,0.44505050505050503,-0.001113136411142073,0.11059209243073016
8774,2.758787878787879,0.45101010101010097,0.0013459517667759246,0.11384592837358566
8775,2.758787878787879,0.4569696969696969,0.00097293719689108,0.11498484188577938
8776,2.758787878787879,0.4629292929292929,0.0016499102884463667,0.11615504067385299
8777,2.758787878787879,0.46888888888888886,-0.0007852802826627399,0.11689379573559247
8778,2.758787878787879,0.4748484848484848,0.0011603036049102735,0.12049562167225693
8779,2.758787878787879,0.48080808080808074,-0.0010745831478000836,0.11781945619537874
8780,2.758787878787879,0.48676767676767674,0.0011759710417821073,0.12280712759900703
8781,2.758787878787879,0.4927272727272727,-0.0011758169857395795,0.12304666807715232
8782,2.758787878787879,0.4986868686868686,0.001372268348064264,0.1260416378599936
8783,2.758787878787879,0.5046464646464646,0.0013410840098184965,0.12514223813719652
8784,2.758787878787879,0.5106060606060605,0.000538217917033137,0.1288972406238509
8785,2.758787878787879,0.5165656565656566,0.0021400375415204266,0.1296205820741806
8786,2.758787878787879,0.5225252525252525,0.00017161534337012635,0.1316901809999496
8787,2.758787878787879,0.5284848484848484,0.0008419768680977207,0.13235618979096345
8788,2.758787878787879,0.5344444444444444,-0.0006761140918513762,0.13390764728431837
8789,2.758787878787879,0.5404040404040403,0.0012489555038109738,0.1362870540378946
8790,2.758787878787879,0.5463636363636363,-0.000838367028571767,0.13759301713352903
8791,2.758787878787879,0.5523232323232323,0.0008562047316535093,0.13975443608992164
8792,2.758787878787879,0.5582828282828283,-0.0019804359040580238,0.14018928562472713
8793,2.758787878787879,0.5642424242424242,-0.0006617728444211738,0.14075097458501035
8794,2.758787878787879,0.5702020202020202,0.0016611826320334785,0.14514339546463365
8795,2.758787878787879,0.5761616161616161,0.001217299107657227,0.14546005651702085
8796,2.758787878787879,0.582121212121212,-0.0026461300191729462,0.14716158315093064
8797,2.758787878787879,0.588080808080808,0.0029684081255139374,0.1487248610967222
8798,2.758787878787879,0.594040404040404,-0.0014308870023469246,0.14986773709604267
8799,2.758787878787879,0.6,0.0018248975634406691,0.1521205781671729
8800,2.778888888888889,0.01,-3.4918544023128107e-07,0.002532634719709371
8801,2.778888888888889,0.01595959595959596,1.7050714148641178e-05,0.003991754672015627
8802,2.778888888888889,0.021919191919191918,8.833932896316596e-05,0.005502298729747277
8803,2.778888888888889,0.027878787878787878,-3.609659967830443e-05,0.00693562006504545
8804,2.778888888888889,0.033838383838383834,-0.00013905717973992462,0.008612712732770193
8805,2.778888888888889,0.0397979797979798,-0.000133583814416822,0.009949599073367767
8806,2.778888888888889,0.045757575757575754,-0.00011583073626314371,0.011209279265716446
8807,2.778888888888889,0.05171717171717172,0.0002624814753095399,0.013021623690875684
8808,2.778888888888889,0.05767676767676767,-8.91094753908254e-05,0.014618736856427242
8809,2.778888888888889,0.06363636363636363,-3.106807245423675e-05,0.016000744368061037
8810,2.778888888888889,0.06959595959595959,-8.230720708322184e-05,0.017346489209588256
8811,2.778888888888889,0.07555555555555554,0.00023920131166239744,0.018807070912947296
8812,2.778888888888889,0.0815151515151515,0.0003590384363925117,0.02043692743952794
8813,2.778888888888889,0.08747474747474746,0.00013465923372754757,0.02205818889442224
8814,2.778888888888889,0.09343434343434343,0.0001604561405243034,0.023433971260441958
8815,2.778888888888889,0.09939393939393938,0.00028809040676671917,0.025075967017895447
8816,2.778888888888889,0.10535353535353534,-0.00010338974665303047,0.02660797655483174
8817,2.778888888888889,0.1113131313131313,-0.00011967365184153373,0.027833875594521128
8818,2.778888888888889,0.11727272727272725,-4.45105802167301e-05,0.02958134542066623
8819,2.778888888888889,0.12323232323232322,-0.00028227435103458226,0.03072649175758515
8820,2.778888888888889,0.1291919191919192,0.00046502721523388965,0.0324445827735021
8821,2.778888888888889,0.13515151515151513,-9.189887612566138e-05,0.03378992528076111
8822,2.778888888888889,0.1411111111111111,-0.00028756903292411113,0.035293159179824556
8823,2.778888888888889,0.14707070707070707,-7.984125880210899e-05,0.03695957222873367
8824,2.778888888888889,0.15303030303030302,-0.00034008459285606144,0.03810540697856246
8825,2.778888888888889,0.158989898989899,-0.00034999553602428434,0.04004970917570937
8826,2.778888888888889,0.16494949494949493,-0.00026121562034113444,0.041346303701211236
8827,2.778888888888889,0.1709090909090909,0.0005319367346745246,0.04282010829551442
8828,2.778888888888889,0.17686868686868687,0.00026832774504028213,0.04418516953560365
8829,2.778888888888889,0.1828282828282828,0.0002578712445497154,0.04578564059688575
8830,2.778888888888889,0.18878787878787878,-8.495565877693368e-05,0.047657863687119904
8831,2.778888888888889,0.19474747474747472,0.0003696294414282713,0.04921465898176571
8832,2.778888888888889,0.2007070707070707,0.00028329045778349704,0.05019422851907437
8833,2.778888888888889,0.20666666666666667,0.00013648275984360421,0.05178906012538326
8834,2.778888888888889,0.2126262626262626,-0.0006302978065030493,0.05314043678091432
8835,2.778888888888889,0.21858585858585858,-0.0009821136937696235,0.054507970391654184
8836,2.778888888888889,0.22454545454545452,-0.0007689548784273447,0.056638209995162794
8837,2.778888888888889,0.2305050505050505,0.0006678284915039381,0.05755012731580837
8838,2.778888888888889,0.23646464646464646,0.0004345777638084142,0.059139239621626656
8839,2.778888888888889,0.2424242424242424,0.0007351669695565944,0.06088841732433056
8840,2.778888888888889,0.24838383838383837,-0.0005188372327934746,0.062263319754703235
8841,2.778888888888889,0.2543434343434343,0.0011320489489758797,0.06384033224396492
8842,2.778888888888889,0.26030303030303026,-0.0011811893506522178,0.06484104031802354
8843,2.778888888888889,0.26626262626262626,0.0006673519525230681,0.06777030865795965
8844,2.778888888888889,0.2722222222222222,-0.0007427202100157436,0.06869254369889838
8845,2.778888888888889,0.27818181818181814,-0.00018943171795485512,0.07015386190978955
8846,2.778888888888889,0.28414141414141414,0.00014743863117886745,0.072480424055234
8847,2.778888888888889,0.2901010101010101,-0.0014312440302027924,0.07340676603392629
8848,2.778888888888889,0.296060606060606,0.0007750320531402984,0.0737169182042644
8849,2.778888888888889,0.302020202020202,-0.0009038775340066206,0.0763944377663256
8850,2.778888888888889,0.30797979797979796,0.0012680210087838515,0.0777013617066015
8851,2.778888888888889,0.3139393939393939,-0.0004207881062171815,0.07882777208260147
8852,2.778888888888889,0.31989898989898985,0.002114763325950225,0.0801060007820508
8853,2.778888888888889,0.32585858585858585,-0.0013033649083525997,0.08117290064829673
8854,2.778888888888889,0.3318181818181818,0.000737737119118033,0.08416873473417656
8855,2.778888888888889,0.33777777777777773,0.0002848379543288115,0.08506865292458692
8856,2.778888888888889,0.34373737373737373,-0.000440422470656729,0.08770540068514082
8857,2.778888888888889,0.3496969696969697,0.0009688751595371091,0.0890470328947421
8858,2.778888888888889,0.3556565656565656,0.0008290158855906121,0.09065432139187032
8859,2.778888888888889,0.3616161616161616,0.0002897944464084075,0.09084144766889327
8860,2.778888888888889,0.36757575757575756,-0.0007251276521487448,0.09243760167917592
8861,2.778888888888889,0.3735353535353535,0.00028263746468685206,0.09420425588530944
8862,2.778888888888889,0.37949494949494944,0.0012741014289988665,0.0954808109929539
8863,2.778888888888889,0.38545454545454544,0.000925870870768732,0.0982340099281785
8864,2.778888888888889,0.3914141414141414,0.0006303238609151278,0.10079262389263213
8865,2.778888888888889,0.3973737373737373,0.0011951844744833612,0.10028625172796674
8866,2.778888888888889,0.4033333333333333,-6.424616788632518e-05,0.10141665177753133
8867,2.778888888888889,0.40929292929292926,-8.842569988762338e-05,0.10399525703274039
8868,2.778888888888889,0.4152525252525252,0.0009059455479688246,0.1052971060432606
8869,2.778888888888889,0.42121212121212115,0.001791043424099254,0.10807446504041669
8870,2.778888888888889,0.42717171717171715,-0.0004665930487031824,0.10718879645123335
8871,2.778888888888889,0.4331313131313131,0.0008373159770972814,0.11013002627896205
8872,2.778888888888889,0.43909090909090903,0.0007614862318753033,0.1111099038542444
8873,2.778888888888889,0.44505050505050503,-0.0002519928471739116,0.1124827417891809
8874,2.778888888888889,0.45101010101010097,0.0013900272897744569,0.11375824608499466
8875,2.778888888888889,0.4569696969696969,-0.0012789318994986206,0.1160266303163553
8876,2.778888888888889,0.4629292929292929,-0.0010386955041343994,0.11696114475579553
8877,2.778888888888889,0.46888888888888886,0.0008018678627501664,0.11780828759443301
8878,2.778888888888889,0.4748484848484848,-0.0009329268717431248,0.11958370858968802
8879,2.778888888888889,0.48080808080808074,-0.0008184569116889776,0.12060450839287074
8880,2.778888888888889,0.48676767676767674,0.0015672906276836755,0.12380419440323968
8881,2.778888888888889,0.4927272727272727,0.0006686705792160127,0.1251651107478
8882,2.778888888888889,0.4986868686868686,-0.0011232588560748742,0.12474458078531234
8883,2.778888888888889,0.5046464646464646,0.0003699586405043421,0.12691659872700728
8884,2.778888888888889,0.5106060606060605,0.00021071404262759633,0.12921261426151806
8885,2.778888888888889,0.5165656565656566,-0.00040334759089329114,0.13215891652510414
8886,2.778888888888889,0.5225252525252525,0.0034568940758443146,0.1349045120114917
8887,2.778888888888889,0.5284848484848484,0.00044303899870620127,0.13436860403602696
8888,2.778888888888889,0.5344444444444444,0.0008877032625244372,0.13670498809132384
8889,2.778888888888889,0.5404040404040403,0.0008548506264978279,0.13793170015647255
8890,2.778888888888889,0.5463636363636363,-0.0006536045179710815,0.1401330096228727
8891,2.778888888888889,0.5523232323232323,-0.002450233339424688,0.13794411058290887
8892,2.778888888888889,0.5582828282828283,0.0012069014440267796,0.1414694779954779
8893,2.778888888888889,0.5642424242424242,0.000165986724094401,0.14404825354530343
8894,2.778888888888889,0.5702020202020202,-0.002714969048990407,0.14592810106514745
8895,2.778888888888889,0.5761616161616161,-0.0035899312260720437,0.14666587141719672
8896,2.778888888888889,0.582121212121212,0.0004458860773079422,0.1480662753800522
8897,2.778888888888889,0.588080808080808,-0.0026195587958300274,0.14918067612192165
8898,2.778888888888889,0.594040404040404,-2.5703737592436582e-05,0.15278112080175826
8899,2.778888888888889,0.6,-0.000963674665302684,0.15100838169002473
8900,2.798989898989899,0.01,-1.959752314449259e-06,0.0025058656074513483
8901,2.798989898989899,0.01595959595959596,5.363441027299879e-05,0.004036086867544538
8902,2.798989898989899,0.021919191919191918,-5.256128359209491e-05,0.005530889378928736
8903,2.798989898989899,0.027878787878787878,1.8497592262127217e-06,0.0070908078388282475
8904,2.798989898989899,0.033838383838383834,4.70496536285824e-05,0.008594502280741507
8905,2.798989898989899,0.0397979797979798,2.906658808353252e-05,0.009976974068088494
8906,2.798989898989899,0.045757575757575754,7.501989274949216e-05,0.011649708572354991
8907,2.798989898989899,0.05171717171717172,-6.686350411218738e-05,0.012986982461782507
8908,2.798989898989899,0.05767676767676767,8.950548775358746e-05,0.014397380162866116
8909,2.798989898989899,0.06363636363636363,4.690871373517865e-05,0.016198455587143574
8910,2.798989898989899,0.06959595959595959,0.00018696843119861886,0.01752825818139164
8911,2.798989898989899,0.07555555555555554,6.53177323867474e-05,0.019080045293255445
8912,2.798989898989899,0.0815151515151515,0.0003740613158178359,0.020598640662715485
8913,2.798989898989899,0.08747474747474746,8.384422058852961e-05,0.022282421978599774
8914,2.798989898989899,0.09343434343434343,-0.00030986012030543355,0.023640315707587338
8915,2.798989898989899,0.09939393939393938,0.0004134422242002763,0.02501771405444002
8916,2.798989898989899,0.10535353535353534,0.0006000852098774949,0.026940992518466725
8917,2.798989898989899,0.1113131313131313,0.0003379875293659811,0.02807581809351942
8918,2.798989898989899,0.11727272727272725,-0.0002926330912513638,0.029434307958245285
8919,2.798989898989899,0.12323232323232322,6.057637981535495e-05,0.031034074404588753
8920,2.798989898989899,0.1291919191919192,0.0002222419583231165,0.03310883308730039
8921,2.798989898989899,0.13515151515151513,0.0005570385603312678,0.0342587244437786
8922,2.798989898989899,0.1411111111111111,-0.0007530705928731356,0.03585940081046121
8923,2.798989898989899,0.14707070707070707,-0.0001223703045881222,0.03733672160897121
8924,2.798989898989899,0.15303030303030302,0.0001879675772257888,0.03906758940534007
8925,2.798989898989899,0.158989898989899,0.0001340265531618819,0.04090697857036532
8926,2.798989898989899,0.16494949494949493,-0.00014554850662098224,0.04272374126324945
8927,2.798989898989899,0.1709090909090909,-5.676556171132998e-05,0.0437832488502865
8928,2.798989898989899,0.17686868686868687,8.226981549590702e-05,0.044932587910982064
8929,2.798989898989899,0.1828282828282828,-0.0003149358162254034,0.046717291961484796
8930,2.798989898989899,0.18878787878787878,0.00022254409349389413,0.04819663542284038
8931,2.798989898989899,0.19474747474747472,0.00012638868423178582,0.0490789936816734
8932,2.798989898989899,0.2007070707070707,6.921408091742215e-05,0.0511458960067611
8933,2.798989898989899,0.20666666666666667,-0.0007601011640654843,0.05221768484690824
8934,2.798989898989899,0.2126262626262626,-3.9103043292470874e-05,0.05399388528273208
8935,2.798989898989899,0.21858585858585858,0.0002763645384766342,0.05582404694350113
8936,2.798989898989899,0.22454545454545452,0.000870842765193836,0.05789488145525909
8937,2.798989898989899,0.2305050505050505,-0.0007131361210189152,0.058512817989840434
8938,2.798989898989899,0.23646464646464646,-0.0002840797840806796,0.05984310075752419
8939,2.798989898989899,0.2424242424242424,0.00037090981813232355,0.06151007063131078
8940,2.798989898989899,0.24838383838383837,-0.00013907674231480494,0.06314187579134352
8941,2.798989898989899,0.2543434343434343,-0.00015764267052052552,0.06488224470089446
8942,2.798989898989899,0.26030303030303026,-0.001578758030192866,0.0655597250200743
8943,2.798989898989899,0.26626262626262626,-0.00014595948874217157,0.06808735464057121
8944,2.798989898989899,0.2722222222222222,0.0015901356080292046,0.06896664675884517
8945,2.798989898989899,0.27818181818181814,0.0009226495054148455,0.07076626336699685
8946,2.798989898989899,0.28414141414141414,-0.0008854480077294785,0.07240359557596569
8947,2.798989898989899,0.2901010101010101,-0.0007932544123099692,0.07321324176534769
8948,2.798989898989899,0.296060606060606,0.0003322807916575844,0.0753385204726041
8949,2.798989898989899,0.302020202020202,-5.8697936605555514e-05,0.07672994506428224
8950,2.798989898989899,0.30797979797979796,0.0001657160889002999,0.0791321911581237
8951,2.798989898989899,0.3139393939393939,-4.6220621855994136e-05,0.08044232723672522
8952,2.798989898989899,0.31989898989898985,0.0006921241161405705,0.08226293035192248
8953,2.798989898989899,0.32585858585858585,0.000570626626557556,0.08329480011131617
8954,2.798989898989899,0.3318181818181818,-0.0013428841859790517,0.08464004662371154
8955,2.798989898989899,0.33777777777777773,-0.0015429585722837214,0.08594271133701109
8956,2.798989898989899,0.34373737373737373,0.0007085447858259422,0.08931429104444744
8957,2.798989898989899,0.3496969696969697,-0.001078505580533453,0.08734809416400097
8958,2.798989898989899,0.3556565656565656,-0.00016399595707900947,0.09139251969653801
8959,2.798989898989899,0.3616161616161616,-0.0006543722581472556,0.09238994010567243
8960,2.798989898989899,0.36757575757575756,0.0004745939124263991,0.0934634768495376
8961,2.798989898989899,0.3735353535353535,-0.0006598681098563306,0.0945135539312143
8962,2.798989898989899,0.37949494949494944,0.0012845721197019756,0.09812110904032141
8963,2.798989898989899,0.38545454545454544,0.00041564876552983263,0.09905972314764694
8964,2.798989898989899,0.3914141414141414,-0.00040915254234141985,0.1003489374557701
8965,2.798989898989899,0.3973737373737373,-0.00017036531027598642,0.10130315009030741
8966,2.798989898989899,0.4033333333333333,-0.0011272621241382526,0.10245570871761354
8967,2.798989898989899,0.40929292929292926,0.0005921338229394124,0.10493250765633703
8968,2.798989898989899,0.4152525252525252,-0.0008558842303164245,0.10668914230721217
8969,2.798989898989899,0.42121212121212115,-0.0009875258818646518,0.10700870672009256
8970,2.798989898989899,0.42717171717171715,-0.0001643902468415984,0.11104292214056108
8971,2.798989898989899,0.4331313131313131,0.0005646906472162184,0.11118722713145121
8972,2.798989898989899,0.43909090909090903,3.676582779812243e-05,0.11330242121381362
8973,2.798989898989899,0.44505050505050503,-0.0009440973318441614,0.11513708438101906
8974,2.798989898989899,0.45101010101010097,0.0003167936323849262,0.11604023583126115
8975,2.798989898989899,0.4569696969696969,-0.0003742622056665626,0.11761299438277882
8976,2.798989898989899,0.4629292929292929,0.0011088227792942736,0.11912307111460912
8977,2.798989898989899,0.46888888888888886,-3.0587219064073065e-05,0.12006625907010736
8978,2.798989898989899,0.4748484848484848,-0.0026018319168267484,0.11896375179303334
8979,2.798989898989899,0.48080808080808074,0.0002639629827832062,0.12111129906693417
8980,2.798989898989899,0.48676767676767674,0.00039071757881253735,0.12398455437219523
8981,2.798989898989899,0.4927272727272727,0.0014749189641048012,0.12620170947456377
8982,2.798989898989899,0.4986868686868686,-0.0012293213219294419,0.12824385564682614
8983,2.798989898989899,0.5046464646464646,0.0007846292001750452,0.13127348010092268
8984,2.798989898989899,0.5106060606060605,0.0017294344271310976,0.1339632044742673
8985,2.798989898989899,0.5165656565656566,-0.0011708718433380185,0.13474519473912924
8986,2.798989898989899,0.5225252525252525,-0.0010623379696411243,0.13321076059310244
8987,2.798989898989899,0.5284848484848484,0.0006021649358261821,0.13655605422566533
8988,2.798989898989899,0.5344444444444444,-8.736575555124765e-05,0.1373830421477088
8989,2.798989898989899,0.5404040404040403,0.001391184406817935,0.13944484085819583
8990,2.798989898989899,0.5463636363636363,-0.0018192276635550873,0.13827736365235352
8991,2.798989898989899,0.5523232323232323,-0.0016218336586022524,0.1437962261787693
8992,2.798989898989899,0.5582828282828283,0.0007057214100867587,0.1450170630713122
8993,2.798989898989899,0.5642424242424242,-2.072143811735945e-05,0.14787093440911628
8994,2.798989898989899,0.5702020202020202,-0.0007982519909465105,0.14612175814752787
8995,2.798989898989899,0.5761616161616161,-0.00010975699274755443,0.14974690675152832
8996,2.798989898989899,0.582121212121212,0.0013242769310766022,0.15261666088005452
8997,2.798989898989899,0.588080808080808,-0.0025201928287120028,0.14946260738408726
8998,2.798989898989899,0.594040404040404,-0.0004677325003804938,0.15333290126311036
8999,2.798989898989899,0.6,0.0011018874145287706,0.1583092819292427
9000,2.8190909090909093,0.01,-2.402395474094793e-05,0.0025596387564219736
9001,2.8190909090909093,0.01595959595959596,-3.201385763323109e-05,0.004110646048832807
9002,2.8190909090909093,0.021919191919191918,6.447540084632453e-06,0.005585096692043148
9003,2.8190909090909093,0.027878787878787878,0.00011937790802113745,0.007120324216571686
9004,2.8190909090909093,0.033838383838383834,-5.575332467783433e-06,0.00879602233509127
9005,2.8190909090909093,0.0397979797979798,-3.403525013047305e-05,0.010272298863950462
9006,2.8190909090909093,0.045757575757575754,0.0001748927619663731,0.011709956547788794
9007,2.8190909090909093,0.05171717171717172,-6.91329010613755e-05,0.013128847779510086
9008,2.8190909090909093,0.05767676767676767,-9.078863251737356e-05,0.014725705421740903
9009,2.8190909090909093,0.06363636363636363,0.00011788644478565948,0.016372727436989448
9010,2.8190909090909093,0.06959595959595959,1.2983822034391346e-05,0.01784514095689304
9011,2.8190909090909093,0.07555555555555554,0.00017425314482349255,0.019307895995948784
9012,2.8190909090909093,0.0815151515151515,-0.0001447142883796106,0.020874520789948024
9013,2.8190909090909093,0.08747474747474746,-0.0003115198848922793,0.022310798456232565
9014,2.8190909090909093,0.09343434343434343,0.0002372082913245352,0.02388941123230202
9015,2.8190909090909093,0.09939393939393938,5.416672779698426e-05,0.025362057950015865
9016,2.8190909090909093,0.10535353535353534,-0.00022004660818485437,0.027194531983314056
9017,2.8190909090909093,0.1113131313131313,0.00035393568734172265,0.028483433896789617
9018,2.8190909090909093,0.11727272727272725,1.1465447423569097e-05,0.03013457963854586
9019,2.8190909090909093,0.12323232323232322,-0.00011295480105628144,0.03190183679208388
9020,2.8190909090909093,0.1291919191919192,0.0001830620465540406,0.03300794608006264
9021,2.8190909090909093,0.13515151515151513,0.0001852919252757168,0.03465247024762856
9022,2.8190909090909093,0.1411111111111111,0.00039755188613997824,0.03630104250750072
9023,2.8190909090909093,0.14707070707070707,-0.00016092266045364615,0.037365557146116835
9024,2.8190909090909093,0.15303030303030302,0.0003459770110392427,0.039321806740294805
9025,2.8190909090909093,0.158989898989899,-0.0003600632091068086,0.040871856243596266
9026,2.8190909090909093,0.16494949494949493,-0.0003693410775948255,0.042510879478341604
9027,2.8190909090909093,0.1709090909090909,0.0001831759763351693,0.04375951616783363
9028,2.8190909090909093,0.17686868686868687,-0.0007632483471083307,0.04555639897786527
9029,2.8190909090909093,0.1828282828282828,-0.00020978892990182606,0.046897193374349284
9030,2.8190909090909093,0.18878787878787878,-0.0008017280230440998,0.048294359303812595
9031,2.8190909090909093,0.19474747474747472,0.0004991614149844616,0.05037426719783533
9032,2.8190909090909093,0.2007070707070707,0.0006516911236355881,0.052364423487899533
9033,2.8190909090909093,0.20666666666666667,-0.0005824027408925627,0.052164015721668934
9034,2.8190909090909093,0.2126262626262626,0.00015816370926143432,0.05503426767386039
9035,2.8190909090909093,0.21858585858585858,0.0005235146388352321,0.056376860823432046
9036,2.8190909090909093,0.22454545454545452,-0.00041821356281999906,0.05808939757577587
9037,2.8190909090909093,0.2305050505050505,-0.0011369476682043223,0.05873165225594992
9038,2.8190909090909093,0.23646464646464646,1.1125649220759025e-05,0.06122616838466089
9039,2.8190909090909093,0.2424242424242424,0.0005840712504173503,0.06236238077092432
9040,2.8190909090909093,0.24838383838383837,-0.00023908003350146578,0.06349382709734182
9041,2.8190909090909093,0.2543434343434343,-0.0003119073502662978,0.06552116737473718
9042,2.8190909090909093,0.26030303030303026,0.00013843573501398342,0.06612019612370572
9043,2.8190909090909093,0.26626262626262626,-0.0010381377673135844,0.06808083242705976
9044,2.8190909090909093,0.2722222222222222,0.0001309773355333896,0.07012624984584144
9045,2.8190909090909093,0.27818181818181814,-0.0011137178869570627,0.07150661888074271
9046,2.8190909090909093,0.28414141414141414,-0.00018631594757260287,0.07384111122686042
9047,2.8190909090909093,0.2901010101010101,-5.364417171199154e-06,0.0742976187829501
9048,2.8190909090909093,0.296060606060606,-0.0005954344833796317,0.07539439135315387
9049,2.8190909090909093,0.302020202020202,0.0014935977587748144,0.07793693889506656
9050,2.8190909090909093,0.30797979797979796,-0.0018711853581570956,0.07819407715743602
9051,2.8190909090909093,0.3139393939393939,-0.00024394370816417643,0.08197874996739746
9052,2.8190909090909093,0.31989898989898985,-0.0006804852718466832,0.08234431113114454
9053,2.8190909090909093,0.32585858585858585,-0.0009291537377084,0.08361606798179111
9054,2.8190909090909093,0.3318181818181818,0.0011230230569664954,0.08655595312267685
9055,2.8190909090909093,0.33777777777777773,-0.0001292921497250494,0.0879158508768895
9056,2.8190909090909093,0.34373737373737373,0.00065017046848777,0.08880285045088418
9057,2.8190909090909093,0.3496969696969697,-3.6147762666673255e-05,0.09095109238281612
9058,2.8190909090909093,0.3556565656565656,-0.00036230252653947066,0.09131489575093267
9059,2.8190909090909093,0.3616161616161616,0.0017055742852340658,0.09280664777770636
9060,2.8190909090909093,0.36757575757575756,-0.00019433835070582753,0.0948895484384143
9061,2.8190909090909093,0.3735353535353535,0.0002971420638075553,0.09657626755068965
9062,2.8190909090909093,0.37949494949494944,0.00030664589468997795,0.09795570755506507
9063,2.8190909090909093,0.38545454545454544,0.0013514343360198136,0.09966071299331605
9064,2.8190909090909093,0.3914141414141414,0.001556126692957757,0.10262904734433988
9065,2.8190909090909093,0.3973737373737373,0.0008037331417719908,0.10202236353896915
9066,2.8190909090909093,0.4033333333333333,-0.0011850581103493812,0.1039191652894865
9067,2.8190909090909093,0.40929292929292926,-0.0008973725071054336,0.10577840863039593
9068,2.8190909090909093,0.4152525252525252,0.0020866933182332914,0.10681406254521293
9069,2.8190909090909093,0.42121212121212115,0.0016973559853837813,0.11090296580875006
9070,2.8190909090909093,0.42717171717171715,-0.00019693389157240872,0.1108098358016319
9071,2.8190909090909093,0.4331313131313131,-0.0002672462958540738,0.11361857331142453
9072,2.8190909090909093,0.43909090909090903,2.68796624331344e-05,0.11467573361057028
9073,2.8190909090909093,0.44505050505050503,0.003164118392740362,0.1159699685254424
9074,2.8190909090909093,0.45101010101010097,0.00014767980453032133,0.11798239025164074
9075,2.8190909090909093,0.4569696969696969,0.001038654777514866,0.11982717503579189
9076,2.8190909090909093,0.4629292929292929,-0.0006427784517405653,0.11944514361380335
9077,2.8190909090909093,0.46888888888888886,0.0006119515692563793,0.12151547171791131
9078,2.8190909090909093,0.4748484848484848,0.0001272484621628198,0.12257545140015445
9079,2.8190909090909093,0.48080808080808074,-0.0002669910204337608,0.1254332870822808
9080,2.8190909090909093,0.48676767676767674,0.0005830449330904443,0.12616153045642028
9081,2.8190909090909093,0.4927272727272727,-0.001497403048804288,0.1267075662773993
9082,2.8190909090909093,0.4986868686868686,0.0007288871742990537,0.1296747812757223
9083,2.8190909090909093,0.5046464646464646,-0.0014342077091463175,0.1305014925978185
9084,2.8190909090909093,0.5106060606060605,-7.639996506046707e-05,0.13306744854488148
9085,2.8190909090909093,0.5165656565656566,-0.0015021194969982762,0.13290351376495252
9086,2.8190909090909093,0.5225252525252525,-0.0008591215083060021,0.13546340850783672
9087,2.8190909090909093,0.5284848484848484,0.0008061730783352015,0.14001651199444748
9088,2.8190909090909093,0.5344444444444444,0.0009330029862019835,0.1391981452180567
9089,2.8190909090909093,0.5404040404040403,-0.001563933121188262,0.13931858237216352
9090,2.8190909090909093,0.5463636363636363,-0.002121412026828641,0.14291161225083712
9091,2.8190909090909093,0.5523232323232323,-0.0014150725924473135,0.1432866427889775
9092,2.8190909090909093,0.5582828282828283,0.00019455698550095048,0.14822126160586696
9093,2.8190909090909093,0.5642424242424242,-0.0005607904837527758,0.14822262819995022
9094,2.8190909090909093,0.5702020202020202,0.0009889486739687668,0.15040627557499325
9095,2.8190909090909093,0.5761616161616161,-0.002235337335237333,0.14971050464008925
9096,2.8190909090909093,0.582121212121212,-0.0001974815318002534,0.1515012868264966
9097,2.8190909090909093,0.588080808080808,0.0023499209422088384,0.15529811503793617
9098,2.8190909090909093,0.594040404040404,0.00025216508301455036,0.15691562667342757
9099,2.8190909090909093,0.6,-0.0004522644813122477,0.15729509285811877
9100,2.8391919191919195,0.01,-1.9395814110463372e-05,0.0026163663889445608
9101,2.8391919191919195,0.01595959595959596,6.600001767934042e-05,0.004123505553199493
9102,2.8391919191919195,0.021919191919191918,4.7010988988314616e-05,0.005695865412633331
9103,2.8391919191919195,0.027878787878787878,3.635394062885727e-05,0.007266914536826804
9104,2.8391919191919195,0.033838383838383834,-0.0001241346848366305,0.008773989558294422
9105,2.8391919191919195,0.0397979797979798,4.860735373727883e-05,0.010431176010085159
9106,2.8391919191919195,0.045757575757575754,1.084450774902127e-05,0.011820241263874324
9107,2.8391919191919195,0.05171717171717172,6.946945205629297e-05,0.013418396776682209
9108,2.8391919191919195,0.05767676767676767,-6.370187731510791e-06,0.014977184158044488
9109,2.8391919191919195,0.06363636363636363,3.2971137093998805e-05,0.01629492066772114
9110,2.8391919191919195,0.06959595959595959,-3.407484474070421e-05,0.017927786443071535
9111,2.8391919191919195,0.07555555555555554,-0.0005777885814713398,0.019240008793230505
9112,2.8391919191919195,0.0815151515151515,-0.0003081394555508896,0.02119804879319831
9113,2.8391919191919195,0.08747474747474746,-0.00016554574070893867,0.022492232647503833
9114,2.8391919191919195,0.09343434343434343,0.00024274483584688173,0.024285911822025077
9115,2.8391919191919195,0.09939393939393938,-0.00030353506014182453,0.02565425533802167
9116,2.8391919191919195,0.10535353535353534,-0.0003833065851097171,0.02757185343567809
9117,2.8391919191919195,0.1113131313131313,0.00013768041302590641,0.028889299690200137
9118,2.8391919191919195,0.11727272727272725,0.00022198373966245377,0.030524813140290232
9119,2.8391919191919195,0.12323232323232322,0.00010965761650332067,0.03184851827296766
9120,2.8391919191919195,0.1291919191919192,-0.00018424995053059083,0.03376507551494323
9121,2.8391919191919195,0.13515151515151513,0.00023445494126868392,0.03516175142414733
9122,2.8391919191919195,0.1411111111111111,5.565920104528832e-07,0.03644133623410927
9123,2.8391919191919195,0.14707070707070707,0.0008630667872787192,0.03830957542502484
9124,2.8391919191919195,0.15303030303030302,-0.0005009655725985846,0.03967402500927712
9125,2.8391919191919195,0.158989898989899,-0.0003776826192516446,0.041687160894650646
9126,2.8391919191919195,0.16494949494949493,0.00017210341921828555,0.04213381099950449
9127,2.8391919191919195,0.1709090909090909,-0.00019356013335939567,0.04413485008706994
9128,2.8391919191919195,0.17686868686868687,0.00011539374059838606,0.0459301917747673
9129,2.8391919191919195,0.1828282828282828,0.00045668178115556446,0.04751879284858126
9130,2.8391919191919195,0.18878787878787878,-8.156972158016395e-05,0.04857436835617348
9131,2.8391919191919195,0.19474747474747472,-0.00027573923820311543,0.05051446653619411
9132,2.8391919191919195,0.2007070707070707,0.0002578687265431042,0.05176932109364919
9133,2.8391919191919195,0.20666666666666667,-0.0005164927314978855,0.05421333849746875
9134,2.8391919191919195,0.2126262626262626,0.00028302591531540307,0.05513598976526486
9135,2.8391919191919195,0.21858585858585858,0.0007749974216869349,0.05726723813616637
9136,2.8391919191919195,0.22454545454545452,1.304518016443189e-05,0.058586095544123105
9137,2.8391919191919195,0.2305050505050505,0.00045859855039754444,0.0598587983576399
9138,2.8391919191919195,0.23646464646464646,6.375754393753375e-05,0.06190863575348793
9139,2.8391919191919195,0.2424242424242424,0.0014941001952208258,0.06370062145267974
9140,2.8391919191919195,0.24838383838383837,-0.0003900322442524529,0.06473771038171876
9141,2.8391919191919195,0.2543434343434343,0.00044878411207775076,0.06746112863314876
9142,2.8391919191919195,0.26030303030303026,-1.8403081237350973e-05,0.06734670800405561
9143,2.8391919191919195,0.26626262626262626,-0.0005804276429438207,0.06953366065781656
9144,2.8391919191919195,0.2722222222222222,0.0009594083942759825,0.07060404454244898
9145,2.8391919191919195,0.27818181818181814,-0.0007372674334875473,0.07226863247299423
9146,2.8391919191919195,0.28414141414141414,0.00048106887129622963,0.07476810772452289
9147,2.8391919191919195,0.2901010101010101,0.00025842194095323904,0.0751114448065381
9148,2.8391919191919195,0.296060606060606,-0.00017652481389519118,0.07774166378288247
9149,2.8391919191919195,0.302020202020202,0.001343938700118564,0.07859673111367402
9150,2.8391919191919195,0.30797979797979796,0.0010243052589146689,0.07964950684713981
9151,2.8391919191919195,0.3139393939393939,-0.0013092052857525231,0.08132719693547856
9152,2.8391919191919195,0.31989898989898985,0.00028374885749270104,0.08436008416289201
9153,2.8391919191919195,0.32585858585858585,3.0081332889952605e-05,0.08469391820441
9154,2.8391919191919195,0.3318181818181818,-0.0010085065850063517,0.08690512823391168
9155,2.8391919191919195,0.33777777777777773,0.0006161559321083478,0.0874888847565025
9156,2.8391919191919195,0.34373737373737373,-0.0012117036761136912,0.0898581289624096
9157,2.8391919191919195,0.3496969696969697,-0.0006579089109665074,0.09175032013491845
9158,2.8391919191919195,0.3556565656565656,0.001281610845355082,0.09428370741898041
9159,2.8391919191919195,0.3616161616161616,-0.001407717437971565,0.09497203242021375
9160,2.8391919191919195,0.36757575757575756,-0.0003678295145431741,0.09580085691624508
9161,2.8391919191919195,0.3735353535353535,0.0007013759343538528,0.09794433701015877
9162,2.8391919191919195,0.37949494949494944,-0.00016367170832838217,0.09676896599241365
9163,2.8391919191919195,0.38545454545454544,0.0010248885673564824,0.10054012406794138
9164,2.8391919191919195,0.3914141414141414,0.00020710538204484567,0.10180914640150379
9165,2.8391919191919195,0.3973737373737373,-0.0005301273782954825,0.10362780756519384
9166,2.8391919191919195,0.4033333333333333,-0.001991583045346166,0.10508812020115042
9167,2.8391919191919195,0.40929292929292926,0.000766123053326555,0.10622468355396322
9168,2.8391919191919195,0.4152525252525252,-0.0008878584572461534,0.10687839247789521
9169,2.8391919191919195,0.42121212121212115,0.0022574267422481044,0.11099199329714386
9170,2.8391919191919195,0.42717171717171715,-0.0011313846570404358,0.11185084852346155
9171,2.8391919191919195,0.4331313131313131,0.0009274947999350099,0.11347403078769393
9172,2.8391919191919195,0.43909090909090903,0.000741282919314804,0.11602630691925621
9173,2.8391919191919195,0.44505050505050503,-0.0007734912887687765,0.11614708108337167
9174,2.8391919191919195,0.45101010101010097,0.002860125980039944,0.11868459544135355
9175,2.8391919191919195,0.4569696969696969,0.0011917019322518606,0.11986700322433061
9176,2.8391919191919195,0.4629292929292929,-8.305569590152695e-05,0.12214074541014265
9177,2.8391919191919195,0.46888888888888886,0.000924614879299019,0.12224713246409998
9178,2.8391919191919195,0.4748484848484848,0.00039477782300269216,0.1244895329443742
9179,2.8391919191919195,0.48080808080808074,-0.00044455517068542745,0.12452784762212588
9180,2.8391919191919195,0.48676767676767674,3.5925167354527154e-05,0.12775375325353774
9181,2.8391919191919195,0.4927272727272727,-0.0001682082813653306,0.1293635443773712
9182,2.8391919191919195,0.4986868686868686,0.0012528413457363321,0.13093383293972147
9183,2.8391919191919195,0.5046464646464646,-0.000649174667286874,0.1328668997502593
9184,2.8391919191919195,0.5106060606060605,-8.573771351888056e-05,0.1322376626927571
9185,2.8391919191919195,0.5165656565656566,-0.00142187546393074,0.1338211777297021
9186,2.8391919191919195,0.5225252525252525,-0.00032437001891744865,0.1370118112894495
9187,2.8391919191919195,0.5284848484848484,0.00024492581227106004,0.13792459240157695
9188,2.8391919191919195,0.5344444444444444,0.0007854779649422383,0.14170931319450225
9189,2.8391919191919195,0.5404040404040403,0.0005929179801885152,0.14186556103041725
9190,2.8391919191919195,0.5463636363636363,0.0020636103943230052,0.14548334176706304
9191,2.8391919191919195,0.5523232323232323,-0.0016554001967423965,0.1441152777400798
9192,2.8391919191919195,0.5582828282828283,-0.0005856139365970138,0.14818348530847933
9193,2.8391919191919195,0.5642424242424242,0.0026509923695660627,0.15053067078490512
9194,2.8391919191919195,0.5702020202020202,0.0006138086980262398,0.15101521624301112
9195,2.8391919191919195,0.5761616161616161,-0.00022102266260481054,0.15246729333100476
9196,2.8391919191919195,0.582121212121212,0.000261270738015246,0.1535876640310878
9197,2.8391919191919195,0.588080808080808,-2.948527070416116e-05,0.155361536490124
9198,2.8391919191919195,0.594040404040404,-6.731981765293682e-06,0.1556102518191159
9199,2.8391919191919195,0.6,0.0021896982350823988,0.16134911907815122
9200,2.8592929292929297,0.01,5.057971702739872e-05,0.0026135884895345787
9201,2.8592929292929297,0.01595959595959596,1.4091555979148785e-05,0.004168404784662334
9202,2.8592929292929297,0.021919191919191918,-0.00010625051691909078,0.005755729769117363
9203,2.8592929292929297,0.027878787878787878,6.2899632873013034e-06,0.007160149693347571
9204,2.8592929292929297,0.033838383838383834,-4.3536205819115784e-05,0.0089121652209458
9205,2.8592929292929297,0.0397979797979798,6.570299276547729e-05,0.01032561233410868
9206,2.8592929292929297,0.045757575757575754,-0.00012370655127942566,0.011977423770039037
9207,2.8592929292929297,0.05171717171717172,2.9077801384536618e-05,0.013604630515823045
9208,2.8592929292929297,0.05767676767676767,-0.0002457077544873129,0.01504620832058973
9209,2.8592929292929297,0.06363636363636363,2.6237205973161226e-05,0.016568313278650607
9210,2.8592929292929297,0.06959595959595959,2.0576225583553056e-05,0.0181433906083464
9211,2.8592929292929297,0.07555555555555554,-7.990714182382713e-05,0.019755395212347485
9212,2.8592929292929297,0.0815151515151515,0.0001536700954660097,0.02122716830166104
9213,2.8592929292929297,0.08747474747474746,3.5984018457556264e-05,0.023071603352447092
9214,2.8592929292929297,0.09343434343434343,-0.0001710660096533556,0.02421847845744836
9215,2.8592929292929297,0.09939393939393938,-3.1800992578409005e-05,0.026050935492737022
9216,2.8592929292929297,0.10535353535353534,0.00012059707644391437,0.0274473435782177
9217,2.8592929292929297,0.1113131313131313,-0.0005270269368544229,0.029114568776435704
9218,2.8592929292929297,0.11727272727272725,-0.00025434425766544295,0.031092698889977812
9219,2.8592929292929297,0.12323232323232322,0.00012403627531528847,0.032308261915003404
9220,2.8592929292929297,0.1291919191919192,-0.0001583158873378362,0.033932254098373554
9221,2.8592929292929297,0.13515151515151513,-0.0001622559544177464,0.03558809626926241
9222,2.8592929292929297,0.1411111111111111,-9.009000046810902e-05,0.037206539186769486
9223,2.8592929292929297,0.14707070707070707,-0.0005792106952448078,0.03844242086729173
9224,2.8592929292929297,0.15303030303030302,0.0005860408939962806,0.040036602814808364
9225,2.8592929292929297,0.158989898989899,-0.00017342303821867987,0.0419784646290418
9226,2.8592929292929297,0.16494949494949493,0.00025631621864739563,0.0428024460370871
9227,2.8592929292929297,0.1709090909090909,-7.370083306546737e-05,0.04483168692044752
9228,2.8592929292929297,0.17686868686868687,0.0006753194297938744,0.0467470564606904
9229,2.8592929292929297,0.1828282828282828,3.7296474159350465e-05,0.04827311183347307
9230,2.8592929292929297,0.18878787878787878,0.0010466771673575705,0.05004434755375242
9231,2.8592929292929297,0.19474747474747472,2.186217134854509e-05,0.0510996346148814
9232,2.8592929292929297,0.2007070707070707,0.000631402543844863,0.0527990967802308
9233,2.8592929292929297,0.20666666666666667,0.0005125101924247222,0.05504167693345121
9234,2.8592929292929297,0.2126262626262626,0.0007234651486268442,0.056166472487934695
9235,2.8592929292929297,0.21858585858585858,0.0003242296431567111,0.05666787479740678
9236,2.8592929292929297,0.22454545454545452,-4.4198296995502064e-05,0.059024774236909494
9237,2.8592929292929297,0.2305050505050505,0.0007903415919628691,0.061016395036370984
9238,2.8592929292929297,0.23646464646464646,-0.001523449344190782,0.062268694596029614
9239,2.8592929292929297,0.2424242424242424,0.0006739289886737347,0.06389157114941664
9240,2.8592929292929297,0.24838383838383837,9.298064658953668e-05,0.06556920070227061
9241,2.8592929292929297,0.2543434343434343,-0.00022908903009214422,0.06625762578833022
9242,2.8592929292929297,0.26030303030303026,0.0002659573244215179,0.06945537289139343
9243,2.8592929292929297,0.26626262626262626,0.001828680672103767,0.07008558678559043
9244,2.8592929292929297,0.2722222222222222,-0.00017462252169210847,0.07153269935273358
9245,2.8592929292929297,0.27818181818181814,0.0014466147817119121,0.07333038459510863
9246,2.8592929292929297,0.28414141414141414,-9.615200182693533e-05,0.07452986422303835
9247,2.8592929292929297,0.2901010101010101,0.0006701162462780899,0.07676455323701159
9248,2.8592929292929297,0.296060606060606,0.0020036526525207044,0.07887343870086237
9249,2.8592929292929297,0.302020202020202,0.00010700470904013804,0.08012319573787956
9250,2.8592929292929297,0.30797979797979796,-0.00025346128251998594,0.08108705639634563
9251,2.8592929292929297,0.3139393939393939,-0.0021361151813492907,0.08222435439942319
9252,2.8592929292929297,0.31989898989898985,-0.00011144427863152071,0.08347537521997597
9253,2.8592929292929297,0.32585858585858585,-0.0006432769603696676,0.08544227509214118
9254,2.8592929292929297,0.3318181818181818,-0.000426522198221899,0.08883202980837004
9255,2.8592929292929297,0.33777777777777773,-0.0007341965255814961,0.08977526367071559
9256,2.8592929292929297,0.34373737373737373,0.0007029343157298604,0.0902999250164811
9257,2.8592929292929297,0.3496969696969697,0.0002469171860718067,0.09231369875116917
9258,2.8592929292929297,0.3556565656565656,-0.0021667098587927745,0.09412200464881032
9259,2.8592929292929297,0.3616161616161616,0.0003795304418228762,0.09537103864723223
9260,2.8592929292929297,0.36757575757575756,0.0011761480343247606,0.09710869116054373
9261,2.8592929292929297,0.3735353535353535,0.00014878669924700937,0.0985138541420002
9262,2.8592929292929297,0.37949494949494944,-0.0009931261222050067,0.10067504319110641
9263,2.8592929292929297,0.38545454545454544,-0.00036494002239589,0.10202608874155192
9264,2.8592929292929297,0.3914141414141414,0.0021826851516825096,0.10457424073637954
9265,2.8592929292929297,0.3973737373737373,-0.001020727461310008,0.10442810705920293
9266,2.8592929292929297,0.4033333333333333,0.0021491112033863156,0.10873510506295737
9267,2.8592929292929297,0.40929292929292926,0.0011325867089309913,0.10902526083310601
9268,2.8592929292929297,0.4152525252525252,0.0020734132589482115,0.11050815873346923
9269,2.8592929292929297,0.42121212121212115,-0.0007007058986314678,0.11246708819692168
9270,2.8592929292929297,0.42717171717171715,0.00011823278334180389,0.11398817392051916
9271,2.8592929292929297,0.4331313131313131,-0.000723041333079259,0.11621185274138417
9272,2.8592929292929297,0.43909090909090903,-0.0003225387057534924,0.11560678519980218
9273,2.8592929292929297,0.44505050505050503,0.0009671570100423871,0.1181862655902183
9274,2.8592929292929297,0.45101010101010097,-0.0001706383669765324,0.11841751499019035
9275,2.8592929292929297,0.4569696969696969,-0.0013470742046798397,0.12094282472145053
9276,2.8592929292929297,0.4629292929292929,-0.0012643031332894015,0.12230635051444098
9277,2.8592929292929297,0.46888888888888886,0.0009176667498756331,0.12355788814472396
9278,2.8592929292929297,0.4748484848484848,0.001584323294372079,0.12738243548602013
9279,2.8592929292929297,0.48080808080808074,0.0005871311865370431,0.12765883214456714
9280,2.8592929292929297,0.48676767676767674,-0.0001270913392970904,0.13030837246114577
9281,2.8592929292929297,0.4927272727272727,-0.0007994980922921806,0.1302826296276628
9282,2.8592929292929297,0.4986868686868686,-0.0008324901527847683,0.1317275124645881
9283,2.8592929292929297,0.5046464646464646,0.00200119712259246,0.13549321342481316
9284,2.8592929292929297,0.5106060606060605,2.5788266755352485e-05,0.13636684596817852
9285,2.8592929292929297,0.5165656565656566,-0.0006577347760980615,0.13709447184151663
9286,2.8592929292929297,0.5225252525252525,0.0004544321626977876,0.14118007429913393
9287,2.8592929292929297,0.5284848484848484,0.00261606987049866,0.14120287726359373
9288,2.8592929292929297,0.5344444444444444,0.000977118706459712,0.1409080408372313
9289,2.8592929292929297,0.5404040404040403,-0.002174756045859811,0.14244257328339044
9290,2.8592929292929297,0.5463636363636363,0.0007843725186890887,0.1477481529710849
9291,2.8592929292929297,0.5523232323232323,-0.0027176647218099814,0.14730693753047047
9292,2.8592929292929297,0.5582828282828283,-0.0023233562592931746,0.14820492817643582
9293,2.8592929292929297,0.5642424242424242,0.0011944616814374789,0.15067478208702664
9294,2.8592929292929297,0.5702020202020202,0.001994744253980696,0.15324234082525412
9295,2.8592929292929297,0.5761616161616161,-0.0012243322070202157,0.15366535823057956
9296,2.8592929292929297,0.582121212121212,0.0005621422076156973,0.15558253508631922
9297,2.8592929292929297,0.588080808080808,0.004251734366505729,0.16038033854405528
9298,2.8592929292929297,0.594040404040404,-0.001369058908424271,0.1575074399836112
9299,2.8592929292929297,0.6,0.0024670729251859815,0.16220310968897458
9300,2.8793939393939394,0.01,6.974788003812069e-05,0.0026092544513035393
9301,2.8793939393939394,0.01595959595959596,-3.9058391571031545e-05,0.004186779782206288
9302,2.8793939393939394,0.021919191919191918,9.979941369053181e-05,0.005847766551216878
9303,2.8793939393939394,0.027878787878787878,-3.514596927146574e-05,0.00745701612856771
9304,2.8793939393939394,0.033838383838383834,7.91667839354121e-05,0.008822466607098598
9305,2.8793939393939394,0.0397979797979798,0.00010429039742045277,0.01059504907791979
9306,2.8793939393939394,0.045757575757575754,-0.0001839968022356193,0.01221984725685482
9307,2.8793939393939394,0.05171717171717172,-8.510536270822394e-05,0.013633159862713807
9308,2.8793939393939394,0.05767676767676767,-1.7773203996125053e-05,0.015203256248512894
9309,2.8793939393939394,0.06363636363636363,-7.627121858008967e-06,0.01678287255142588
9310,2.8793939393939394,0.06959595959595959,0.00014180653345155324,0.018455624484963917
9311,2.8793939393939394,0.07555555555555554,0.00010177912677856702,0.02014741748393638
9312,2.8793939393939394,0.0815151515151515,-0.00014053884612823638,0.02157597657029168
9313,2.8793939393939394,0.08747474747474746,-0.00012608589610536608,0.02332189827755862
9314,2.8793939393939394,0.09343434343434343,0.0003808607060593974,0.024952830816380635
9315,2.8793939393939394,0.09939393939393938,0.00032228343691121156,0.026368278282501885
9316,2.8793939393939394,0.10535353535353534,-0.0004918743641241961,0.02815366931946484
9317,2.8793939393939394,0.1113131313131313,8.106344245108206e-05,0.029163372585195472
9318,2.8793939393939394,0.11727272727272725,0.00018361849774731087,0.030848842961290292
9319,2.8793939393939394,0.12323232323232322,-0.00047529287142967965,0.03281164427246896
9320,2.8793939393939394,0.1291919191919192,-9.22091790350359e-05,0.03406734033151974
9321,2.8793939393939394,0.13515151515151513,-0.00025544428455790243,0.03551931111471211
9322,2.8793939393939394,0.1411111111111111,-3.524813854437503e-05,0.03775095312966215
9323,2.8793939393939394,0.14707070707070707,0.0003238124933540432,0.03892182099881307
9324,2.8793939393939394,0.15303030303030302,-0.00012502670589924753,0.04026426941255452
9325,2.8793939393939394,0.158989898989899,0.0005124078693929668,0.04256615081130965
9326,2.8793939393939394,0.16494949494949493,9.050551119128687e-05,0.04408853559224235
9327,2.8793939393939394,0.1709090909090909,-0.0010328923163768755,0.044757567589042015
9328,2.8793939393939394,0.17686868686868687,0.00030530602895516464,0.04689159347853084
9329,2.8793939393939394,0.1828282828282828,0.00018290416263720411,0.04804952288050901
9330,2.8793939393939394,0.18878787878787878,0.0009080906698022829,0.04950696342568467
9331,2.8793939393939394,0.19474747474747472,0.0006332920489676586,0.051748152788660476
9332,2.8793939393939394,0.2007070707070707,0.0005210637074588799,0.05325138525888523
9333,2.8793939393939394,0.20666666666666667,0.00159401760870495,0.05588191207335025
9334,2.8793939393939394,0.2126262626262626,0.00016112371577716074,0.05624520531868628
9335,2.8793939393939394,0.21858585858585858,0.0006162832669978137,0.05743447742733872
9336,2.8793939393939394,0.22454545454545452,1.6904588037978584e-05,0.05925843325958274
9337,2.8793939393939394,0.2305050505050505,-0.0006737353248878838,0.06083040982668384
9338,2.8793939393939394,0.23646464646464646,0.0016437680854332636,0.0629860206369322
9339,2.8793939393939394,0.2424242424242424,-0.00043488716619463863,0.06442220075997197
9340,2.8793939393939394,0.24838383838383837,0.00033087246891892833,0.06626308184812109
9341,2.8793939393939394,0.2543434343434343,0.001136345568381611,0.06787364645556905
9342,2.8793939393939394,0.26030303030303026,-0.0007489142737858378,0.06877819933166271
9343,2.8793939393939394,0.26626262626262626,-0.0010860083774488574,0.07106417211284963
9344,2.8793939393939394,0.2722222222222222,0.0006440509814933772,0.07263928759766698
9345,2.8793939393939394,0.27818181818181814,-0.000672312758241432,0.07438656490941184
9346,2.8793939393939394,0.28414141414141414,0.0015635762419061417,0.07504928359075595
9347,2.8793939393939394,0.2901010101010101,-0.0007004370322783608,0.07749775957252215
9348,2.8793939393939394,0.296060606060606,-0.0014640649607912022,0.07853166438018012
9349,2.8793939393939394,0.302020202020202,-6.092583473905444e-05,0.08033595086651675
9350,2.8793939393939394,0.30797979797979796,0.0002695046512205158,0.08073817587643924
9351,2.8793939393939394,0.3139393939393939,-0.00025115638147752274,0.08374627796435329
9352,2.8793939393939394,0.31989898989898985,-0.00041241533279595937,0.08553184205339064
9353,2.8793939393939394,0.32585858585858585,-5.72738144522102e-05,0.08685332074495976
9354,2.8793939393939394,0.3318181818181818,0.0018499898692228363,0.08833442723010321
9355,2.8793939393939394,0.33777777777777773,-2.3027991269869074e-05,0.08935681695724394
9356,2.8793939393939394,0.34373737373737373,-0.0006302221955186207,0.09141964398614004
9357,2.8793939393939394,0.3496969696969697,1.6374632450762761e-06,0.09287716340843112
9358,2.8793939393939394,0.3556565656565656,7.577490967167036e-05,0.0943876167559508
9359,2.8793939393939394,0.3616161616161616,-0.0004717628058972877,0.09714540797152217
9360,2.8793939393939394,0.36757575757575756,0.0008578969093025756,0.0977602366299855
9361,2.8793939393939394,0.3735353535353535,0.0004419099054323825,0.10037154123331249
9362,2.8793939393939394,0.37949494949494944,0.0003016296425481652,0.10067166759739565
9363,2.8793939393939394,0.38545454545454544,-9.397967216955382e-06,0.10334767620422493
9364,2.8793939393939394,0.3914141414141414,0.0011595039553964242,0.104205963719925
9365,2.8793939393939394,0.3973737373737373,-0.0001097824780406274,0.10650154537026156
9366,2.8793939393939394,0.4033333333333333,-0.0003782280528819653,0.10751055272605058
9367,2.8793939393939394,0.40929292929292926,0.0002069480118825746,0.1098635089963915
9368,2.8793939393939394,0.4152525252525252,-6.87529288510631e-05,0.11069418989537202
9369,2.8793939393939394,0.42121212121212115,0.0011309887168250018,0.1121251846824565
9370,2.8793939393939394,0.42717171717171715,-6.410018974369099e-05,0.11394816569206072
9371,2.8793939393939394,0.4331313131313131,-0.000399470779692514,0.11680101246919643
9372,2.8793939393939394,0.43909090909090903,-0.0016615940448812662,0.11647372669317473
9373,2.8793939393939394,0.44505050505050503,0.0004766569965272009,0.12174256313785287
9374,2.8793939393939394,0.45101010101010097,-0.0005999047780860654,0.12015689856605341
9375,2.8793939393939394,0.4569696969696969,-0.0014760247214185573,0.12321353194915734
9376,2.8793939393939394,0.4629292929292929,0.00015819673440084056,0.12309280921825905
9377,2.8793939393939394,0.46888888888888886,-0.0008309696796128475,0.12494495836742939
9378,2.8793939393939394,0.4748484848484848,0.0012897683785577467,0.12860607280826733
9379,2.8793939393939394,0.48080808080808074,0.001969934447089902,0.12938997661326468
9380,2.8793939393939394,0.48676767676767674,0.0005775314910642735,0.1303012138588127
9381,2.8793939393939394,0.4927272727272727,-0.0007792608249488128,0.13199171994530748
9382,2.8793939393939394,0.4986868686868686,0.0005675515523468613,0.13320576804732445
9383,2.8793939393939394,0.5046464646464646,0.0005655438576572727,0.13613051374424556
9384,2.8793939393939394,0.5106060606060605,-0.0002438861824299721,0.13837249576804012
9385,2.8793939393939394,0.5165656565656566,-0.0006643727665131699,0.13850428030459422
9386,2.8793939393939394,0.5225252525252525,0.002505367706145721,0.14181186513830085
9387,2.8793939393939394,0.5284848484848484,0.0015499895834916156,0.14324001010754334
9388,2.8793939393939394,0.5344444444444444,0.0004049934033772017,0.14288008538121785
9389,2.8793939393939394,0.5404040404040403,0.001470608338767126,0.14802650394709482
9390,2.8793939393939394,0.5463636363636363,-0.0016865129131728833,0.14681321948216303
9391,2.8793939393939394,0.5523232323232323,0.002863271742036378,0.15043766190452382
9392,2.8793939393939394,0.5582828282828283,-0.0013390944585839645,0.15279318494155517
9393,2.8793939393939394,0.5642424242424242,-0.001664566429446629,0.1514798984008378
9394,2.8793939393939394,0.5702020202020202,-0.0021232380212917582,0.1533629625099322
9395,2.8793939393939394,0.5761616161616161,0.00011739210658673178,0.1559134431315868
9396,2.8793939393939394,0.582121212121212,-0.002243446360706067,0.1557386057539343
9397,2.8793939393939394,0.588080808080808,-0.00040750223173776083,0.1590615250008782
9398,2.8793939393939394,0.594040404040404,-5.8582005796135127e-05,0.1603366856692049
9399,2.8793939393939394,0.6,0.0014570207764266335,0.16516788083363432
9400,2.8994949494949496,0.01,-1.3376888522514752e-05,0.0026754657934553905
9401,2.8994949494949496,0.01595959595959596,5.311083571963937e-06,0.0042137275281017616
9402,2.8994949494949496,0.021919191919191918,-6.583360544713757e-07,0.0058623109859166946
9403,2.8994949494949496,0.027878787878787878,0.00010296971482594568,0.007370279855116228
9404,2.8994949494949496,0.033838383838383834,-1.1885088823038826e-05,0.00917389769376949
9405,2.8994949494949496,0.0397979797979798,-0.00014157398378744648,0.010619162383052544
9406,2.8994949494949496,0.045757575757575754,0.00017234695923444926,0.012344136721649848
9407,2.8994949494949496,0.05171717171717172,-0.00032076146066509377,0.013725625534805233
9408,2.8994949494949496,0.05767676767676767,-9.782908469102661e-05,0.015547038870464809
9409,2.8994949494949496,0.06363636363636363,0.0002704895379424337,0.017098242851605334
9410,2.8994949494949496,0.06959595959595959,5.4688652247239924e-05,0.018628256197788115
9411,2.8994949494949496,0.07555555555555554,-0.00013678681694911137,0.02026666399705628
9412,2.8994949494949496,0.0815151515151515,-0.00037121725887911185,0.021701445177554242
9413,2.8994949494949496,0.08747474747474746,8.98921056848058e-05,0.02364961212297646
9414,2.8994949494949496,0.09343434343434343,0.00019779764415866788,0.02488232842732329
9415,2.8994949494949496,0.09939393939393938,0.0003991925583828438,0.02644088155563826
9416,2.8994949494949496,0.10535353535353534,-8.472898238093527e-05,0.027933594369469184
9417,2.8994949494949496,0.1113131313131313,-0.00021569361148674826,0.02949584951929599
9418,2.8994949494949496,0.11727272727272725,0.00010437261207768454,0.03128762042584172
9419,2.8994949494949496,0.12323232323232322,0.0002532952976467843,0.03275473412189833
9420,2.8994949494949496,0.1291919191919192,1.8712709148240414e-06,0.03490681268163314
9421,2.8994949494949496,0.13515151515151513,1.7139805569008625e-06,0.03608932463549756
9422,2.8994949494949496,0.1411111111111111,0.0004968073345621945,0.038063944961170326
9423,2.8994949494949496,0.14707070707070707,-0.0005611191090087171,0.039242795060766944
9424,2.8994949494949496,0.15303030303030302,5.083876529742075e-05,0.04098423062789419
9425,2.8994949494949496,0.158989898989899,-0.0002769270480757439,0.04216196162902687
9426,2.8994949494949496,0.16494949494949493,-2.6735216380954486e-05,0.04410857849445748
9427,2.8994949494949496,0.1709090909090909,0.0002840468264398277,0.045661738949220945
9428,2.8994949494949496,0.17686868686868687,-0.00039556462503660667,0.046858317444717565
9429,2.8994949494949496,0.1828282828282828,-1.1882099028116056e-05,0.048465059247495675
9430,2.8994949494949496,0.18878787878787878,0.00028055945603661493,0.0506319822409483
9431,2.8994949494949496,0.19474747474747472,-0.00026313150057091696,0.05181585674489251
9432,2.8994949494949496,0.2007070707070707,-0.00045574398770558186,0.0533092393154827
9433,2.8994949494949496,0.20666666666666667,0.0008325298180632954,0.05613849972673985
9434,2.8994949494949496,0.2126262626262626,-0.00020600969395059146,0.05726981365530752
9435,2.8994949494949496,0.21858585858585858,0.00015143276544041118,0.05862906635671224
9436,2.8994949494949496,0.22454545454545452,0.0006521568128329868,0.06043233371985877
9437,2.8994949494949496,0.2305050505050505,0.00029298304114317564,0.061551757275440565
9438,2.8994949494949496,0.23646464646464646,-0.002096540442170896,0.06343856288689788
9439,2.8994949494949496,0.2424242424242424,0.001078358137935831,0.06478523417514206
9440,2.8994949494949496,0.24838383838383837,-0.0006363658078105405,0.0659020853234738
9441,2.8994949494949496,0.2543434343434343,-0.0002495082901371409,0.06842644501223877
9442,2.8994949494949496,0.26030303030303026,-0.0011593763051412982,0.06932311120371684
9443,2.8994949494949496,0.26626262626262626,-0.0009953110870761588,0.07148670253593319
9444,2.8994949494949496,0.2722222222222222,0.0007133139008097069,0.07346487260707106
9445,2.8994949494949496,0.27818181818181814,0.0002843341653481083,0.07432624467647878
9446,2.8994949494949496,0.28414141414141414,0.0008144093501381053,0.07613022148405098
9447,2.8994949494949496,0.2901010101010101,-0.0002436015746849101,0.0782910777451193
9448,2.8994949494949496,0.296060606060606,-0.00013916150256588212,0.07987764416117583
9449,2.8994949494949496,0.302020202020202,-0.0007265693204247844,0.08100133599413592
9450,2.8994949494949496,0.30797979797979796,5.70163758557926e-05,0.08238776945217705
9451,2.8994949494949496,0.3139393939393939,1.8586084730936924e-06,0.08448937514260073
9452,2.8994949494949496,0.31989898989898985,0.0008515909482839074,0.08650576230489565
9453,2.8994949494949496,0.32585858585858585,0.00020623643763747164,0.08852127572552419
9454,2.8994949494949496,0.3318181818181818,2.1120334286995045e-05,0.08827105712838704
9455,2.8994949494949496,0.33777777777777773,-0.0005261622816455281,0.09172882530175262
9456,2.8994949494949496,0.34373737373737373,-0.001814227209260047,0.09252031221430182
9457,2.8994949494949496,0.3496969696969697,0.0009829988139334637,0.09436659718318323
9458,2.8994949494949496,0.3556565656565656,0.0013338673317332915,0.0968896093046642
9459,2.8994949494949496,0.3616161616161616,-0.00047786705699257286,0.09784834875953485
9460,2.8994949494949496,0.36757575757575756,-0.00019885725592710165,0.0983373196922398
9461,2.8994949494949496,0.3735353535353535,-0.0002478873390295935,0.10106804541930416
9462,2.8994949494949496,0.37949494949494944,-0.0012033824164066058,0.1012447842257703
9463,2.8994949494949496,0.38545454545454544,0.0009326745034112217,0.10325066170435437
9464,2.8994949494949496,0.3914141414141414,-0.00031509976572175293,0.10544053859746982
9465,2.8994949494949496,0.3973737373737373,0.00042398660806932797,0.10754890036761511
9466,2.8994949494949496,0.4033333333333333,0.0008722224674146986,0.1083815270700609
9467,2.8994949494949496,0.40929292929292926,0.00047600804409702284,0.11006830702115862
9468,2.8994949494949496,0.4152525252525252,-0.0011242103411344018,0.11151876920187499
9469,2.8994949494949496,0.42121212121212115,0.001151553587238936,0.11281702872220614
9470,2.8994949494949496,0.42717171717171715,-0.00019599920077678217,0.11539716704219556
9471,2.8994949494949496,0.4331313131313131,-0.00023094631305768535,0.11794120383134712
9472,2.8994949494949496,0.43909090909090903,0.0008856923871028343,0.12027813108645548
9473,2.8994949494949496,0.44505050505050503,-0.00036162931754133175,0.1219551942292114
9474,2.8994949494949496,0.45101010101010097,0.0019339263523302772,0.12236075058137491
9475,2.8994949494949496,0.4569696969696969,0.001766026450319303,0.12353196392335385
9476,2.8994949494949496,0.4629292929292929,0.00023335681097805033,0.12585492948895646
9477,2.8994949494949496,0.46888888888888886,0.0008902874323590414,0.12642818356784297
9478,2.8994949494949496,0.4748484848484848,2.749718979117799e-05,0.12878370880286238
9479,2.8994949494949496,0.48080808080808074,0.0026268797759208986,0.132537844862469
9480,2.8994949494949496,0.48676767676767674,-0.0008012652428558979,0.12962411823793252
9481,2.8994949494949496,0.4927272727272727,-0.00044341071317370524,0.13308187609562458
9482,2.8994949494949496,0.4986868686868686,0.0008490837354621938,0.13570569392818807
9483,2.8994949494949496,0.5046464646464646,0.0008818763380783897,0.13582669776657852
9484,2.8994949494949496,0.5106060606060605,0.000565150734402073,0.13836539886663868
9485,2.8994949494949496,0.5165656565656566,0.00014894528152740438,0.1404374365126003
9486,2.8994949494949496,0.5225252525252525,-0.0006755349143985759,0.14155087649055703
9487,2.8994949494949496,0.5284848484848484,0.0002083891259167519,0.1433731786484331
9488,2.8994949494949496,0.5344444444444444,0.0019443026026281906,0.1466541495017687
9489,2.8994949494949496,0.5404040404040403,0.003868977000161311,0.14866718376107851
9490,2.8994949494949496,0.5463636363636363,0.0007751486765652635,0.14722087520032234
9491,2.8994949494949496,0.5523232323232323,0.0014754422384513082,0.15177867837630002
9492,2.8994949494949496,0.5582828282828283,1.6197657194807835e-05,0.15198941154745368
9493,2.8994949494949496,0.5642424242424242,-0.0028142158988505527,0.15274164488903486
9494,2.8994949494949496,0.5702020202020202,-0.0025147305638711665,0.1545175561283739
9495,2.8994949494949496,0.5761616161616161,-0.0019963119455580053,0.15707012863564526
9496,2.8994949494949496,0.582121212121212,-0.0004060342149322599,0.15858359577152223
9497,2.8994949494949496,0.588080808080808,-0.000628884485138754,0.16017140008576145
9498,2.8994949494949496,0.594040404040404,-0.00164872343828607,0.16057718420264233
9499,2.8994949494949496,0.6,-0.0003384355163725364,0.16337198276639273
9500,2.9195959595959597,0.01,3.265420261247436e-05,0.0027128050034432127
9501,2.9195959595959597,0.01595959595959596,-0.00011508874685212511,0.004280711452139039
9502,2.9195959595959597,0.021919191919191918,-0.00011089740740617735,0.005938753871933618
9503,2.9195959595959597,0.027878787878787878,-7.629690734663899e-05,0.007426698326410985
9504,2.9195959595959597,0.033838383838383834,-1.8630126372284293e-05,0.009144878766885816
9505,2.9195959595959597,0.0397979797979798,-0.00010243733078074171,0.010575868797608357
9506,2.9195959595959597,0.045757575757575754,-4.0180081021821154e-05,0.012286785003250755
9507,2.9195959595959597,0.05171717171717172,-9.568036305390644e-05,0.013910285672203157
9508,2.9195959595959597,0.05767676767676767,9.709448119847635e-05,0.015728539038363215
9509,2.9195959595959597,0.06363636363636363,4.257110423408278e-05,0.017347111600032127
9510,2.9195959595959597,0.06959595959595959,5.199553990774286e-06,0.01883140378556789
9511,2.9195959595959597,0.07555555555555554,-0.0002263243090502411,0.02044709347718115
9512,2.9195959595959597,0.0815151515151515,-0.0002620594110495837,0.022022995446646473
9513,2.9195959595959597,0.08747474747474746,0.0004527455952310211,0.02411015318723278
9514,2.9195959595959597,0.09343434343434343,-5.748039138059152e-05,0.025340406833558312
9515,2.9195959595959597,0.09939393939393938,-0.00012157056355917298,0.026763279882882754
9516,2.9195959595959597,0.10535353535353534,0.0002136111766134123,0.028504923096269126
9517,2.9195959595959597,0.1113131313131313,9.537064801165141e-06,0.03008415208266958
9518,2.9195959595959597,0.11727272727272725,0.00027002993091993264,0.03161163865132432
9519,2.9195959595959597,0.12323232323232322,-0.00031843453845306483,0.03336473754554144
9520,2.9195959595959597,0.1291919191919192,-0.0003094473574700612,0.03514282516009917
9521,2.9195959595959597,0.13515151515151513,0.0004622578449688784,0.037076041453872076
9522,2.9195959595959597,0.1411111111111111,-1.4217430818227062e-05,0.03843340502688782
9523,2.9195959595959597,0.14707070707070707,0.00019379425532381323,0.03977371549724095
9524,2.9195959595959597,0.15303030303030302,0.0002766519170158969,0.04164486988561149
9525,2.9195959595959597,0.158989898989899,0.00023455672453867954,0.043204028183475275
9526,2.9195959595959597,0.16494949494949493,-0.0005188438489142717,0.04435239280712532
9527,2.9195959595959597,0.1709090909090909,0.0005753778306019984,0.046665732304246366
9528,2.9195959595959597,0.17686868686868687,-5.043779109348741e-05,0.048109912838356673
9529,2.9195959595959597,0.1828282828282828,-0.0004171640354990222,0.04963385925077759
9530,2.9195959595959597,0.18878787878787878,-0.00029204774161367377,0.051812990109470936
9531,2.9195959595959597,0.19474747474747472,0.0001893247348238654,0.053086851647230836
9532,2.9195959595959597,0.2007070707070707,-0.0005462453490327151,0.054380878042160366
9533,2.9195959595959597,0.20666666666666667,0.00022000672467546454,0.05632038115382767
9534,2.9195959595959597,0.2126262626262626,-0.0005568389090470912,0.05768189404224972
9535,2.9195959595959597,0.21858585858585858,-9.834411084450104e-05,0.05947651410683507
9536,2.9195959595959597,0.22454545454545452,-0.0003862681402116125,0.06060560101082968
9537,2.9195959595959597,0.2305050505050505,-0.0004324309233625359,0.06197035254950665
9538,2.9195959595959597,0.23646464646464646,0.0004950512263469512,0.06422475913561278
9539,2.9195959595959597,0.2424242424242424,0.0002157723087912959,0.06600992311752732
9540,2.9195959595959597,0.24838383838383837,0.000462623085384512,0.06739473411595565
9541,2.9195959595959597,0.2543434343434343,0.0007721515649415689,0.06893010840818177
9542,2.9195959595959597,0.26030303030303026,-0.0004717688310543623,0.07041516451034195
9543,2.9195959595959597,0.26626262626262626,0.0007226609354866428,0.07189559878290852
9544,2.9195959595959597,0.2722222222222222,-0.0003992775485054738,0.07264839832157792
9545,2.9195959595959597,0.27818181818181814,-0.0001788747321816397,0.07558309283850592
9546,2.9195959595959597,0.28414141414141414,-0.0008370029160237847,0.07680554923886015
9547,2.9195959595959597,0.2901010101010101,0.0005269190069178961,0.0793280038460599
9548,2.9195959595959597,0.296060606060606,0.0006360319271040412,0.07990909220275934
9549,2.9195959595959597,0.302020202020202,-0.0009302117566872297,0.08272248242468819
9550,2.9195959595959597,0.30797979797979796,0.0009048447437683609,0.08391339207461569
9551,2.9195959595959597,0.3139393939393939,0.00010168138045071377,0.08603709830891851
9552,2.9195959595959597,0.31989898989898985,-0.0012406842828666675,0.08767679638069746
9553,2.9195959595959597,0.32585858585858585,-0.0008118492132266477,0.08762298548178707
9554,2.9195959595959597,0.3318181818181818,0.001452522187458022,0.09186008386597055
9555,2.9195959595959597,0.33777777777777773,-3.4678977688917546e-05,0.09245567905706664
9556,2.9195959595959597,0.34373737373737373,0.00010168476536376047,0.09397445800788055
9557,2.9195959595959597,0.3496969696969697,-0.0007600612164116519,0.09473469478013437
9558,2.9195959595959597,0.3556565656565656,-0.0005519708228652056,0.09590883095495452
9559,2.9195959595959597,0.3616161616161616,0.00012749911181883302,0.10013259449575834
9560,2.9195959595959597,0.36757575757575756,0.0012838861288516665,0.10016839979617133
9561,2.9195959595959597,0.3735353535353535,0.0004076116892234064,0.10200601022054182
9562,2.9195959595959597,0.37949494949494944,0.0008690029293557672,0.104765670386649
9563,2.9195959595959597,0.38545454545454544,-0.0003133317770017492,0.10681435126809766
9564,2.9195959595959597,0.3914141414141414,-0.0013853049649624578,0.10685992098010814
9565,2.9195959595959597,0.3973737373737373,-0.0016019508196975856,0.10850357371456329
9566,2.9195959595959597,0.4033333333333333,-0.0010547646441402194,0.11200172474098412
9567,2.9195959595959597,0.40929292929292926,0.0021702904393596273,0.11050639403469396
9568,2.9195959595959597,0.4152525252525252,-0.00022465561120045305,0.11476001027869512
9569,2.9195959595959597,0.42121212121212115,0.00046375785704961175,0.11441995215927085
9570,2.9195959595959597,0.42717171717171715,-0.00013336391686964434,0.11705542216839963
9571,2.9195959595959597,0.4331313131313131,0.0008366546862629154,0.11854062382625617
9572,2.9195959595959597,0.43909090909090903,-0.0014573707320549745,0.11856945243785647
9573,2.9195959595959597,0.44505050505050503,-0.0004523563191289644,0.12215979333579491
9574,2.9195959595959597,0.45101010101010097,-0.0008787689771074839,0.12276464586797733
9575,2.9195959595959597,0.4569696969696969,-0.0007045349520749909,0.12382483789064873
9576,2.9195959595959597,0.4629292929292929,0.0012380611925485454,0.12644465372683358
9577,2.9195959595959597,0.46888888888888886,8.514474204110378e-05,0.13071141674379233
9578,2.9195959595959597,0.4748484848484848,-0.000522349179609395,0.13050878210526057
9579,2.9195959595959597,0.48080808080808074,-0.0017346663487622872,0.13138191925250478
9580,2.9195959595959597,0.48676767676767674,0.00035581463288859877,0.13330674622682068
9581,2.9195959595959597,0.4927272727272727,0.0005359865583070569,0.13499027083915188
9582,2.9195959595959597,0.4986868686868686,-0.0002963331364788585,0.13797323597356057
9583,2.9195959595959597,0.5046464646464646,0.0013546235875022401,0.13818683813204133
9584,2.9195959595959597,0.5106060606060605,0.00012597600264891275,0.13962788943056045
9585,2.9195959595959597,0.5165656565656566,0.0010419860416190098,0.14263345939601677
9586,2.9195959595959597,0.5225252525252525,-0.0018629294076300124,0.14225619464551334
9587,2.9195959595959597,0.5284848484848484,-0.001775796309062633,0.14391653067483454
9588,2.9195959595959597,0.5344444444444444,0.00020279353296844755,0.1483210888674629
9589,2.9195959595959597,0.5404040404040403,0.002411474187538983,0.1480562818178488
9590,2.9195959595959597,0.5463636363636363,0.00016336816253319233,0.15023644925359367
9591,2.9195959595959597,0.5523232323232323,0.0014256992974847466,0.15336167137522472
9592,2.9195959595959597,0.5582828282828283,-0.002890366844048886,0.15110326078007227
9593,2.9195959595959597,0.5642424242424242,-0.0014563483376523122,0.15826887951109966
9594,2.9195959595959597,0.5702020202020202,-0.002146916316390834,0.15674178111843678
9595,2.9195959595959597,0.5761616161616161,0.0029884585224596275,0.16052724292493167
9596,2.9195959595959597,0.582121212121212,-0.0014490944512050177,0.16040632809993524
9597,2.9195959595959597,0.588080808080808,0.00022334170531983447,0.1625024224501835
9598,2.9195959595959597,0.594040404040404,-0.0005222154353166348,0.16384339756369423
9599,2.9195959595959597,0.6,0.0015946899697049871,0.16693845652368214
9600,2.9396969696969695,0.01,2.6500978005761012e-05,0.0027376490380129305
9601,2.9396969696969695,0.01595959595959596,7.011558367138023e-05,0.004359720826358488
9602,2.9396969696969695,0.021919191919191918,2.2326540767173698e-05,0.005956304730956666
9603,2.9396969696969695,0.027878787878787878,3.394885044603162e-05,0.007601416947524972
9604,2.9396969696969695,0.033838383838383834,2.120538335208866e-07,0.009238100465518753
9605,2.9396969696969695,0.0397979797979798,-0.00013881634542065556,0.01084866839185619
9606,2.9396969696969695,0.045757575757575754,0.00013154703935248433,0.012587953945408584
9607,2.9396969696969695,0.05171717171717172,1.5185962973263134e-07,0.01416840616084907
9608,2.9396969696969695,0.05767676767676767,4.252237801201606e-05,0.0156479522715496
9609,2.9396969696969695,0.06363636363636363,0.00014359702237475176,0.01755385791125405
9610,2.9396969696969695,0.06959595959595959,-0.00013482364672219195,0.019027028142982377
9611,2.9396969696969695,0.07555555555555554,-0.0001583410770406672,0.020369301838259544
9612,2.9396969696969695,0.0815151515151515,0.0001711038892262204,0.022412104699683938
9613,2.9396969696969695,0.08747474747474746,-0.00016167633923970938,0.023965397020766385
9614,2.9396969696969695,0.09343434343434343,7.947697922002021e-05,0.025556404183750187
9615,2.9396969696969695,0.09939393939393938,0.00039328741797316,0.026964196988241776
9616,2.9396969696969695,0.10535353535353534,-0.00010548482517146643,0.02888051130125539
9617,2.9396969696969695,0.1113131313131313,0.0008515055040010002,0.030704351405053783
9618,2.9396969696969695,0.11727272727272725,-0.00018072908602996386,0.03214996042140215
9619,2.9396969696969695,0.12323232323232322,-0.00022380726155400864,0.03405981657559277
9620,2.9396969696969695,0.1291919191919192,-0.0002100964741387816,0.035027807795382504
9621,2.9396969696969695,0.13515151515151513,-0.00032212175849002884,0.036771372174262906
9622,2.9396969696969695,0.1411111111111111,-0.0004819580653730296,0.039028039210163644
9623,2.9396969696969695,0.14707070707070707,-7.074615926156795e-05,0.04038580465230207
9624,2.9396969696969695,0.15303030303030302,-0.00013172539332371094,0.042132997177975307
9625,2.9396969696969695,0.158989898989899,-5.563878829933233e-05,0.043395432550032864
9626,2.9396969696969695,0.16494949494949493,-0.0007597863791802727,0.04480547099899025
9627,2.9396969696969695,0.1709090909090909,0.0004583186306073842,0.04655271488184068
9628,2.9396969696969695,0.17686868686868687,0.0006978944150891912,0.04848585326448205
9629,2.9396969696969695,0.1828282828282828,0.00046109562740388553,0.05047105668573362
9630,2.9396969696969695,0.18878787878787878,-0.0003875060269666862,0.05092786389932999
9631,2.9396969696969695,0.19474747474747472,-0.0006931023580809526,0.05295671507668026
9632,2.9396969696969695,0.2007070707070707,-0.0003072621379704658,0.055483918662552416
9633,2.9396969696969695,0.20666666666666667,0.0005776289093385289,0.05722220057170106
9634,2.9396969696969695,0.2126262626262626,0.0008496902511668921,0.05891529494610965
9635,2.9396969696969695,0.21858585858585858,-0.00012223995514433383,0.05814141376975937
9636,2.9396969696969695,0.22454545454545452,0.0009980698422782251,0.06105626073600808
9637,2.9396969696969695,0.2305050505050505,0.0008625378016679918,0.06338359138788206
9638,2.9396969696969695,0.23646464646464646,0.00016146409089714923,0.06474804451121224
9639,2.9396969696969695,0.2424242424242424,0.0005580308944765766,0.06639883032571878
9640,2.9396969696969695,0.24838383838383837,-0.00019031518473990925,0.06756577604443278
9641,2.9396969696969695,0.2543434343434343,-0.00021585606676957178,0.06990750679663726
9642,2.9396969696969695,0.26030303030303026,-0.0004825102500006308,0.0706086590326814
9643,2.9396969696969695,0.26626262626262626,-0.0004934283690834825,0.07226525326657203
9644,2.9396969696969695,0.2722222222222222,0.0006484315129716904,0.07511415860346415
9645,2.9396969696969695,0.27818181818181814,-1.832576729629265e-05,0.07728836340085339
9646,2.9396969696969695,0.28414141414141414,0.0008864570588761651,0.0799252521189014
9647,2.9396969696969695,0.2901010101010101,0.0009005872952945282,0.08045475060033361
9648,2.9396969696969695,0.296060606060606,2.5463545138879916e-05,0.07999573178156481
9649,2.9396969696969695,0.302020202020202,0.0006030768154786921,0.08350194006334027
9650,2.9396969696969695,0.30797979797979796,-0.00018464132236838964,0.08449351318913903
9651,2.9396969696969695,0.3139393939393939,0.00016180422887851029,0.08516442832377646
9652,2.9396969696969695,0.31989898989898985,7.058162677499e-05,0.08674709628770873
9653,2.9396969696969695,0.32585858585858585,-0.0003080275558042554,0.08956717679627584
9654,2.9396969696969695,0.3318181818181818,0.0006757526413173635,0.09163452420310324
9655,2.9396969696969695,0.33777777777777773,-0.00029366629818448865,0.09342979291889181
9656,2.9396969696969695,0.34373737373737373,0.00014932167385069392,0.09466471510988225
9657,2.9396969696969695,0.3496969696969697,-0.0020986871984470233,0.09643636819956307
9658,2.9396969696969695,0.3556565656565656,-0.00034578089422789883,0.09825636571772606
9659,2.9396969696969695,0.3616161616161616,0.0005132364931359418,0.09953460529091034
9660,2.9396969696969695,0.36757575757575756,-0.0010316800687618264,0.10064469507572588
9661,2.9396969696969695,0.3735353535353535,8.873134876172972e-05,0.10300709617885423
9662,2.9396969696969695,0.37949494949494944,0.001066184484437435,0.10514579908429297
9663,2.9396969696969695,0.38545454545454544,-0.0008235885482298469,0.10640506153457346
9664,2.9396969696969695,0.3914141414141414,-0.00048591153844318436,0.10744059495316996
9665,2.9396969696969695,0.3973737373737373,0.0011034925002761306,0.1094495240578845
9666,2.9396969696969695,0.4033333333333333,-0.0015177617769821998,0.11328416478045666
9667,2.9396969696969695,0.40929292929292926,-0.0005873713624304254,0.1134178867870652
9668,2.9396969696969695,0.4152525252525252,-0.00042019197579300834,0.11491174061122499
9669,2.9396969696969695,0.42121212121212115,-0.002018108642492351,0.11605401168222497
9670,2.9396969696969695,0.42717171717171715,-0.0012735006669377686,0.11791432400462401
9671,2.9396969696969695,0.4331313131313131,-0.001531753910002908,0.12071790967347457
9672,2.9396969696969695,0.43909090909090903,0.0015371356512522698,0.12247122093329885
9673,2.9396969696969695,0.44505050505050503,0.0003114413397163288,0.12365935543033986
9674,2.9396969696969695,0.45101010101010097,-0.0019250057711298037,0.12423499551069607
9675,2.9396969696969695,0.4569696969696969,-0.0005197558252864236,0.12763220628482996
9676,2.9396969696969695,0.4629292929292929,3.6888854555282036e-05,0.1281826279666471
9677,2.9396969696969695,0.46888888888888886,-0.0008442241695693599,0.12809469227980722
9678,2.9396969696969695,0.4748484848484848,0.0005788869709712925,0.12964545829344476
9679,2.9396969696969695,0.48080808080808074,-0.0002111592738863319,0.1332932675703433
9680,2.9396969696969695,0.48676767676767674,-0.00124107267239435,0.13450359295207007
9681,2.9396969696969695,0.4927272727272727,-0.00024347092906725417,0.13649323530654908
9682,2.9396969696969695,0.4986868686868686,0.00018033103754322717,0.13863098527542497
9683,2.9396969696969695,0.5046464646464646,-0.00043698577279149874,0.13925269362089304
9684,2.9396969696969695,0.5106060606060605,2.8648347005224116e-05,0.14091190353447386
9685,2.9396969696969695,0.5165656565656566,-0.0031301448242378477,0.14320406324086862
9686,2.9396969696969695,0.5225252525252525,-0.0010356151844909277,0.1460333706215685
9687,2.9396969696969695,0.5284848484848484,0.0013864481570656023,0.14733581464926104
9688,2.9396969696969695,0.5344444444444444,0.0012780761242508578,0.14801227501472997
9689,2.9396969696969695,0.5404040404040403,0.00026915428501987664,0.14940312534535685
9690,2.9396969696969695,0.5463636363636363,0.0009698596720380713,0.15183246748598217
9691,2.9396969696969695,0.5523232323232323,0.0005344336261933753,0.1549483700032092
9692,2.9396969696969695,0.5582828282828283,0.003088378262177243,0.15690799067476804
9693,2.9396969696969695,0.5642424242424242,-0.0015569656797127874,0.15644395837397054
9694,2.9396969696969695,0.5702020202020202,-0.00010706469551425286,0.1576206528834494
9695,2.9396969696969695,0.5761616161616161,0.0020172394203340415,0.16047100743913748
9696,2.9396969696969695,0.582121212121212,-0.0032465325611430508,0.1591823878034467
9697,2.9396969696969695,0.588080808080808,-0.0005666885481340264,0.16521735684265543
9698,2.9396969696969695,0.594040404040404,0.0021125327339465132,0.16696624765822154
9699,2.9396969696969695,0.6,-0.001888550508710226,0.16659384247149953
9700,2.9597979797979797,0.01,-2.5566534804805153e-05,0.0027672523063775848
9701,2.9597979797979797,0.01595959595959596,-4.171226454995709e-05,0.004373725011767235
9702,2.9597979797979797,0.021919191919191918,3.216996213604164e-05,0.005971039268124867
9703,2.9597979797979797,0.027878787878787878,-5.542554773206497e-05,0.007741964143823546
9704,2.9597979797979797,0.033838383838383834,2.7491108227690743e-07,0.009388857534286043
9705,2.9597979797979797,0.0397979797979798,5.206389656586492e-05,0.010939428161094217
9706,2.9597979797979797,0.045757575757575754,2.443934330593467e-05,0.012585651150477875
9707,2.9597979797979797,0.05171717171717172,-1.698126221487788e-05,0.014378587704615265
9708,2.9597979797979797,0.05767676767676767,1.1308848951419293e-05,0.01600490463140047
9709,2.9597979797979797,0.06363636363636363,0.00010904501668051147,0.017527370737297397
9710,2.9597979797979797,0.06959595959595959,-8.066254289288471e-05,0.01928763050940012
9711,2.9597979797979797,0.07555555555555554,-2.635912420300689e-05,0.020939167021410642
9712,2.9597979797979797,0.0815151515151515,-0.00026932379482295465,0.022481095661440832
9713,2.9597979797979797,0.08747474747474746,-4.09552546662651e-05,0.02427337289471484
9714,2.9597979797979797,0.09343434343434343,2.4716068325449413e-05,0.026048129862255815
9715,2.9597979797979797,0.09939393939393938,5.4604506608497483e-05,0.027423206294627644
9716,2.9597979797979797,0.10535353535353534,-9.162561204447332e-05,0.029149977682607554
9717,2.9597979797979797,0.1113131313131313,0.00024117395607692492,0.03092435553091768
9718,2.9597979797979797,0.11727272727272725,-0.00021816642673053773,0.03221643607583909
9719,2.9597979797979797,0.12323232323232322,0.00027684004223525515,0.0341153493234722
9720,2.9597979797979797,0.1291919191919192,-0.00022743143306995357,0.03584200737302951
9721,2.9597979797979797,0.13515151515151513,0.000202101128262627,0.03754224295338723
9722,2.9597979797979797,0.1411111111111111,0.00026038149851669067,0.038365218556706694
9723,2.9597979797979797,0.14707070707070707,-0.0008554219406091539,0.04098122078895877
9724,2.9597979797979797,0.15303030303030302,-0.0008809952460376666,0.04243107784724363
9725,2.9597979797979797,0.158989898989899,-0.00065000303618164,0.04342783641753063
9726,2.9597979797979797,0.16494949494949493,0.00023749970345583784,0.04505431702610296
9727,2.9597979797979797,0.1709090909090909,-0.0006184146207389541,0.04743176405993013
9728,2.9597979797979797,0.17686868686868687,0.0005573599540674425,0.04942321689704982
9729,2.9597979797979797,0.1828282828282828,0.00042132646008322236,0.05058931684690411
9730,2.9597979797979797,0.18878787878787878,0.0004690285179197266,0.05220874410699778
9731,2.9597979797979797,0.19474747474747472,-0.00126750835821102,0.053906496276328965
9732,2.9597979797979797,0.2007070707070707,-0.0008928603738552782,0.05523972891346143
9733,2.9597979797979797,0.20666666666666667,-0.0005639661547269705,0.05688477898253596
9734,2.9597979797979797,0.2126262626262626,0.000618918547830398,0.05925914935900631
9735,2.9597979797979797,0.21858585858585858,0.000596252405067231,0.060556544068105164
9736,2.9597979797979797,0.22454545454545452,-0.0005319867680385062,0.06245689894875248
9737,2.9597979797979797,0.2305050505050505,0.0006525503686361974,0.06341785209435456
9738,2.9597979797979797,0.23646464646464646,-0.0006345269387185501,0.06470786334780282
9739,2.9597979797979797,0.2424242424242424,-0.0005586384093772583,0.06562538309026725
9740,2.9597979797979797,0.24838383838383837,-0.0010783285191765038,0.06889563144098287
9741,2.9597979797979797,0.2543434343434343,0.0007608160818889378,0.07019366472096703
9742,2.9597979797979797,0.26030303030303026,0.0009808554518352867,0.0721255355633457
9743,2.9597979797979797,0.26626262626262626,0.00027381344147922766,0.07374265261933327
9744,2.9597979797979797,0.2722222222222222,8.13201603858551e-05,0.0751377538305271
9745,2.9597979797979797,0.27818181818181814,-1.440872820658239e-05,0.07672165745625738
9746,2.9597979797979797,0.28414141414141414,4.3878555138471856e-05,0.07858561617019477
9747,2.9597979797979797,0.2901010101010101,0.0003951321857869846,0.08041421452259997
9748,2.9597979797979797,0.296060606060606,2.4086418240712292e-05,0.08272837129402351
9749,2.9597979797979797,0.302020202020202,-0.0007337402223113941,0.08429483751558015
9750,2.9597979797979797,0.30797979797979796,0.0008018668078859452,0.08570625338604895
9751,2.9597979797979797,0.3139393939393939,0.0019738863396724974,0.08807121004403545
9752,2.9597979797979797,0.31989898989898985,0.000274470311728769,0.0885283062399406
9753,2.9597979797979797,0.32585858585858585,5.240895100777072e-05,0.09067324702148757
9754,2.9597979797979797,0.3318181818181818,-0.0007306833608867562,0.09170444812227137
9755,2.9597979797979797,0.33777777777777773,-0.001642732263605359,0.0938093964142145
9756,2.9597979797979797,0.34373737373737373,-1.0070556825823472e-06,0.09594353008507188
9757,2.9597979797979797,0.3496969696969697,0.0007236313416444135,0.09674155852149428
9758,2.9597979797979797,0.3556565656565656,0.0009791575278532332,0.09814923629317641
9759,2.9597979797979797,0.3616161616161616,-0.0006764679576222851,0.10003006577327733
9760,2.9597979797979797,0.36757575757575756,0.00031727042394570876,0.10126642185605389
9761,2.9597979797979797,0.3735353535353535,-7.298421944456494e-05,0.10374751333001142
9762,2.9597979797979797,0.37949494949494944,0.0007343618128889324,0.10539314787036878
9763,2.9597979797979797,0.38545454545454544,-0.0014759827173165781,0.10903018138754035
9764,2.9597979797979797,0.3914141414141414,0.00042164501082472654,0.10925010595722075
9765,2.9597979797979797,0.3973737373737373,-0.00011773751110175024,0.1110898364575206
9766,2.9597979797979797,0.4033333333333333,-0.0002647747384767988,0.1128985584954603
9767,2.9597979797979797,0.40929292929292926,0.0017613145740348094,0.11614474050704762
9768,2.9597979797979797,0.4152525252525252,-0.0005697954482498802,0.11541529005194516
9769,2.9597979797979797,0.42121212121212115,0.0015730477376230097,0.11769390751603809
9770,2.9597979797979797,0.42717171717171715,0.0003884551184751099,0.12096105271301608
9771,2.9597979797979797,0.4331313131313131,-0.0009411961061958597,0.11904602851492463
9772,2.9597979797979797,0.43909090909090903,0.0030487681991163314,0.12482386980582884
9773,2.9597979797979797,0.44505050505050503,-0.0013379648662728311,0.12459667536441793
9774,2.9597979797979797,0.45101010101010097,0.0006928954350595948,0.12674677616796662
9775,2.9597979797979797,0.4569696969696969,-0.00033731294354632596,0.12890237634092577
9776,2.9597979797979797,0.4629292929292929,0.0025235163589957415,0.13027538921906115
9777,2.9597979797979797,0.46888888888888886,-0.0004531263296634006,0.13159211581334213
9778,2.9597979797979797,0.4748484848484848,0.0006723908660069784,0.13362336829426147
9779,2.9597979797979797,0.48080808080808074,-0.0006735032127760177,0.13500497197319355
9780,2.9597979797979797,0.48676767676767674,-0.0001268178902936401,0.13646727849212092
9781,2.9597979797979797,0.4927272727272727,0.0006244288607410098,0.1378475649457174
9782,2.9597979797979797,0.4986868686868686,0.0010327574880123309,0.14121844966946456
9783,2.9597979797979797,0.5046464646464646,0.0008136527609741906,0.142141136603969
9784,2.9597979797979797,0.5106060606060605,-0.0023768882105994604,0.14154986833713518
9785,2.9597979797979797,0.5165656565656566,-0.00017084277618734307,0.1428220316971363
9786,2.9597979797979797,0.5225252525252525,0.0025534667291253273,0.1472894206076397
9787,2.9597979797979797,0.5284848484848484,0.0011190088360345022,0.1496297595004779
9788,2.9597979797979797,0.5344444444444444,0.00012825097111070924,0.1495542048375062
9789,2.9597979797979797,0.5404040404040403,0.0011011230464626886,0.15146768147469516
9790,2.9597979797979797,0.5463636363636363,0.000320748581045539,0.15375501495800334
9791,2.9597979797979797,0.5523232323232323,0.0003368044086881843,0.15590883676137243
9792,2.9597979797979797,0.5582828282828283,-0.0014122938576483707,0.15538517324854928
9793,2.9597979797979797,0.5642424242424242,0.0010367663573296105,0.15937003593306828
9794,2.9597979797979797,0.5702020202020202,-0.0015200408395363517,0.16194190340525158
9795,2.9597979797979797,0.5761616161616161,-0.0009114205672735339,0.16126637446318212
9796,2.9597979797979797,0.582121212121212,-0.0013083093432921516,0.1633934599867744
9797,2.9597979797979797,0.588080808080808,-0.001763817884683529,0.163772144887739
9798,2.9597979797979797,0.594040404040404,-0.0005071031863671241,0.16538716161331696
9799,2.9597979797979797,0.6,0.0015664213643461543,0.17237713214230946
9800,2.97989898989899,0.01,-1.031685980757462e-05,0.0027821229918803102
9801,2.97989898989899,0.01595959595959596,-5.771028076185707e-05,0.004448268197348442
9802,2.97989898989899,0.021919191919191918,1.858431786823159e-05,0.006029428581666255
9803,2.97989898989899,0.027878787878787878,-9.53166178577888e-05,0.007787097065488033
9804,2.97989898989899,0.033838383838383834,0.0001595892872739301,0.009508269115439583
9805,2.97989898989899,0.0397979797979798,-9.805622402785659e-05,0.01109950509271849
9806,2.97989898989899,0.045757575757575754,-0.00015752286865069546,0.01278168234780072
9807,2.97989898989899,0.05171717171717172,8.88072603710173e-05,0.014433594147464304
9808,2.97989898989899,0.05767676767676767,-9.615320747315756e-05,0.015973523967831332
9809,2.97989898989899,0.06363636363636363,-8.970429019034732e-05,0.017696000667329504
9810,2.97989898989899,0.06959595959595959,-3.811201050518043e-05,0.019749733549936515
9811,2.97989898989899,0.07555555555555554,-3.479105482758099e-05,0.020893148044649396
9812,2.97989898989899,0.0815151515151515,0.0001614616340961216,0.022617718968030918
9813,2.97989898989899,0.08747474747474746,-1.2620606969350679e-05,0.0244926303416866
9814,2.97989898989899,0.09343434343434343,-0.0006446361177037472,0.02587961869826913
9815,2.97989898989899,0.09939393939393938,-6.20088265576363e-05,0.027731859918581583
9816,2.97989898989899,0.10535353535353534,0.00013886157786463974,0.029434358662893397
9817,2.97989898989899,0.1113131313131313,-0.00039033436200283964,0.03077828468746591
9818,2.97989898989899,0.11727272727272725,0.00014890841652321984,0.03284071908800063
9819,2.97989898989899,0.12323232323232322,-0.0006763190832252797,0.034545536219164744
9820,2.97989898989899,0.1291919191919192,0.0001619110197181233,0.035664581119928825
9821,2.97989898989899,0.13515151515151513,0.00041900695650584315,0.03792203353766386
9822,2.97989898989899,0.1411111111111111,0.00048188868182514,0.039611174671781386
9823,2.97989898989899,0.14707070707070707,-0.00014472091952178072,0.04105415577746409
9824,2.97989898989899,0.15303030303030302,-4.443569451159006e-05,0.042518991093675046
9825,2.97989898989899,0.158989898989899,5.816747702790854e-05,0.04405416362785128
9826,2.97989898989899,0.16494949494949493,0.0006960584649094463,0.0461695191480377
9827,2.97989898989899,0.1709090909090909,-0.0005230820718480867,0.04836308799221314
9828,2.97989898989899,0.17686868686868687,0.0004364986333684856,0.04914126562479066
9829,2.97989898989899,0.1828282828282828,0.00031008108198433206,0.05049614936393597
9830,2.97989898989899,0.18878787878787878,-0.0005041391014672443,0.05336230328460142
9831,2.97989898989899,0.19474747474747472,0.0012292129216543934,0.054755304065285136
9832,2.97989898989899,0.2007070707070707,0.0003011310947076347,0.05627721311284233
9833,2.97989898989899,0.20666666666666667,0.0006433245257374574,0.058223971886914194
9834,2.97989898989899,0.2126262626262626,0.00042987597308928913,0.059601718587685176
9835,2.97989898989899,0.21858585858585858,-0.0008542945918010608,0.06128169638551194
9836,2.97989898989899,0.22454545454545452,-0.0002581237908007255,0.062322627668700885
9837,2.97989898989899,0.2305050505050505,-6.197366634341043e-05,0.06488590646432146
9838,2.97989898989899,0.23646464646464646,-0.0012031183080590264,0.06626509802221264
9839,2.97989898989899,0.2424242424242424,0.0005216676900897207,0.06786794272731153
9840,2.97989898989899,0.24838383838383837,-0.0005278874969625799,0.0691723114462503
9841,2.97989898989899,0.2543434343434343,0.0007978842927832861,0.0705321768202029
9842,2.97989898989899,0.26030303030303026,0.00012715487036118987,0.07268920545333504
9843,2.97989898989899,0.26626262626262626,-0.002017351503723698,0.07473237859769509
9844,2.97989898989899,0.2722222222222222,0.00015272083235799098,0.07633174485030945
9845,2.97989898989899,0.27818181818181814,4.190595796016985e-05,0.0783346675148648
9846,2.97989898989899,0.28414141414141414,0.00039166862426543537,0.08010744344198098
9847,2.97989898989899,0.2901010101010101,0.0002116656770789808,0.08101677578446147
9848,2.97989898989899,0.296060606060606,0.0006441673553091662,0.08246364563768405
9849,2.97989898989899,0.302020202020202,0.00014341658085206642,0.08452439694628788
9850,2.97989898989899,0.30797979797979796,-0.0011297048670323526,0.08682658329589824
9851,2.97989898989899,0.3139393939393939,-0.0006569781821104091,0.08808566473576072
9852,2.97989898989899,0.31989898989898985,-2.8527884668303027e-05,0.09105786359579209
9853,2.97989898989899,0.32585858585858585,5.9270609931538584e-05,0.0919075012271503
9854,2.97989898989899,0.3318181818181818,0.0011115498936454331,0.09302561486185046
9855,2.97989898989899,0.33777777777777773,-0.0008197830275328716,0.09448459279225084
9856,2.97989898989899,0.34373737373737373,0.00032819716461564,0.096696650574579
9857,2.97989898989899,0.3496969696969697,-0.0021980767633178323,0.09742715310881347
9858,2.97989898989899,0.3556565656565656,-0.0007189294961886557,0.09949318360197114
9859,2.97989898989899,0.3616161616161616,0.00034525862387345494,0.10207907614047294
9860,2.97989898989899,0.36757575757575756,0.0003434488066445372,0.10375138748929463
9861,2.97989898989899,0.3735353535353535,0.0009317359002871449,0.1056115323894057
9862,2.97989898989899,0.37949494949494944,0.002375525291069035,0.10674848915803714
9863,2.97989898989899,0.38545454545454544,9.712326069447271e-05,0.10798439752297145
9864,2.97989898989899,0.3914141414141414,-0.0014856521895537092,0.11113655304900127
9865,2.97989898989899,0.3973737373737373,-0.000770917559864042,0.11222327056568161
9866,2.97989898989899,0.4033333333333333,-0.0002122832199259554,0.11350842192773855
9867,2.97989898989899,0.40929292929292926,-0.00044848427245241406,0.11543611973500018
9868,2.97989898989899,0.4152525252525252,0.001464389973557122,0.1186322690446756
9869,2.97989898989899,0.42121212121212115,8.144860548713399e-05,0.11853505761405642
9870,2.97989898989899,0.42717171717171715,0.00019696078007275583,0.12046977001348196
9871,2.97989898989899,0.4331313131313131,0.0021330334199468927,0.12082753017696797
9872,2.97989898989899,0.43909090909090903,0.001242432861527253,0.12499712236524538
9873,2.97989898989899,0.44505050505050503,0.00024064552912131666,0.12551239425581975
9874,2.97989898989899,0.45101010101010097,6.478802876593832e-05,0.127432377231342
9875,2.97989898989899,0.4569696969696969,0.0004997702585873966,0.12901811207310543
9876,2.97989898989899,0.4629292929292929,0.002003744191550897,0.13175651719133427
9877,2.97989898989899,0.46888888888888886,0.0003775835823622999,0.1325306679091067
9878,2.97989898989899,0.4748484848484848,-0.001708135593926692,0.132572864128467
9879,2.97989898989899,0.48080808080808074,-0.0018815320798683814,0.13490605680245207
9880,2.97989898989899,0.48676767676767674,-0.0014798656636593108,0.13874115648351112
9881,2.97989898989899,0.4927272727272727,2.999602696558128e-05,0.142062127729433
9882,2.97989898989899,0.4986868686868686,0.0017461194200904544,0.14025387870219552
9883,2.97989898989899,0.5046464646464646,0.0016657426606352089,0.14365464675673034
9884,2.97989898989899,0.5106060606060605,0.0025485093484530204,0.145172118695708
9885,2.97989898989899,0.5165656565656566,-0.0006524295233498161,0.1472738699195232
9886,2.97989898989899,0.5225252525252525,0.0024224499702100786,0.14771146742954944
9887,2.97989898989899,0.5284848484848484,0.0009299435148392616,0.15079132094231165
9888,2.97989898989899,0.5344444444444444,0.0029385114625088363,0.15270442821723426
9889,2.97989898989899,0.5404040404040403,-0.0003862055027260377,0.15306666712601655
9890,2.97989898989899,0.5463636363636363,-0.00012134920591199312,0.154561557642405
9891,2.97989898989899,0.5523232323232323,0.00012608763528804232,0.15490387711134856
9892,2.97989898989899,0.5582828282828283,-0.0007049145791117435,0.15795817072208565
9893,2.97989898989899,0.5642424242424242,-0.0008746223534429051,0.16071367702310915
9894,2.97989898989899,0.5702020202020202,0.0007814087638380972,0.16204902333196367
9895,2.97989898989899,0.5761616161616161,-0.0010782444878370708,0.16558636062277715
9896,2.97989898989899,0.582121212121212,-0.0018219030531634224,0.1649766909644113
9897,2.97989898989899,0.588080808080808,0.0006439378989533024,0.1664037383759647
9898,2.97989898989899,0.594040404040404,-4.147557827676884e-05,0.16746126730498248
9899,2.97989898989899,0.6,0.0014623745939552236,0.17215636941693196
9900,3.0,0.01,-4.3591383472412404e-05,0.002795916491765933
9901,3.0,0.01595959595959596,2.2117112488372124e-05,0.004490510617622549
9902,3.0,0.021919191919191918,8.811408118224672e-07,0.006137659137975817
9903,3.0,0.027878787878787878,-7.182375551125299e-05,0.007739615978288375
9904,3.0,0.033838383838383834,3.914502487470137e-05,0.00957337800654211
9905,3.0,0.0397979797979798,-2.7492415136216043e-05,0.011166464903383098
9906,3.0,0.045757575757575754,-4.735283738384117e-05,0.012841017740628633
9907,3.0,0.05171717171717172,0.00015469734705011965,0.01466412911778978
9908,3.0,0.05767676767676767,-0.0001617303527089815,0.016273730406066406
9909,3.0,0.06363636363636363,-0.00012903230900456118,0.017966103478853822
9910,3.0,0.06959595959595959,-0.0001381893146597349,0.019405540133429704
9911,3.0,0.07555555555555554,-2.09042105062339e-05,0.02130284865062986
9912,3.0,0.0815151515151515,0.0002658290792272468,0.02292783880448423
9913,3.0,0.08747474747474746,-9.021464574680713e-05,0.024211898729755155
9914,3.0,0.09343434343434343,0.00020530312621947148,0.02632863329561339
9915,3.0,0.09939393939393938,-8.039967549629765e-05,0.027859338534869035
9916,3.0,0.10535353535353534,-2.7043598213992958e-05,0.029560753370567624
9917,3.0,0.1113131313131313,-4.9066395039598195e-05,0.03142172782648814
9918,3.0,0.11727272727272725,0.00012014935118444112,0.03323641817570151
9919,3.0,0.12323232323232322,-0.0003293892049148109,0.03450318803627857
9920,3.0,0.1291919191919192,-0.00046876388378746923,0.036153002869853026
9921,3.0,0.13515151515151513,4.732299945584981e-05,0.03778528423816
9922,3.0,0.1411111111111111,-7.545080520441916e-06,0.03993443645220477
9923,3.0,0.14707070707070707,5.350355445261512e-06,0.04130489361924466
9924,3.0,0.15303030303030302,0.0011412310208832072,0.04291732055566238
9925,3.0,0.158989898989899,0.001295288844684639,0.04476572020875237
9926,3.0,0.16494949494949493,0.0007820604688856713,0.04658403526631027
9927,3.0,0.1709090909090909,0.00033818776428879495,0.04836860216509301
9928,3.0,0.17686868686868687,-5.8497833512403296e-05,0.049492703755481315
9929,3.0,0.1828282828282828,-0.0002109860335991045,0.05276186777335291
9930,3.0,0.18878787878787878,0.0006798431095219376,0.05347872007376352
9931,3.0,0.19474747474747472,0.00020623158320959227,0.05473321794919509
9932,3.0,0.2007070707070707,-0.0002590685697084597,0.05757183765099877
9933,3.0,0.20666666666666667,-0.000283844471400646,0.05841000168787615
9934,3.0,0.2126262626262626,0.0004440972050932518,0.06002603774481974
9935,3.0,0.21858585858585858,0.0003582601079855319,0.06145353310847959
9936,3.0,0.22454545454545452,0.0005526602042112731,0.06358327151189898
9937,3.0,0.2305050505050505,0.0006107686391131534,0.06444774846134697
9938,3.0,0.23646464646464646,0.0007886641305572303,0.06770135086043674
9939,3.0,0.2424242424242424,-0.0006699243223886157,0.06822076243184506
9940,3.0,0.24838383838383837,-0.001528507685250586,0.07150004467036862
9941,3.0,0.2543434343434343,-0.0005531555180589513,0.07228080403814163
9942,3.0,0.26030303030303026,-0.0020726340009245858,0.07423412969091679
9943,3.0,0.26626262626262626,0.00039439487414088913,0.07498723014260462
9944,3.0,0.2722222222222222,-0.00042736244014510383,0.07631559537106594
9945,3.0,0.27818181818181814,-0.00042706008375475204,0.07831309145139223
9946,3.0,0.28414141414141414,-0.0008492042289606063,0.07996224869044313
9947,3.0,0.2901010101010101,-0.0005767732537857472,0.08262087204411775
9948,3.0,0.296060606060606,0.0007500823639779336,0.08467001222077955
9949,3.0,0.302020202020202,0.0001646358374515951,0.08688021922825061
9950,3.0,0.30797979797979796,-0.0014109493852169223,0.08691642898604
9951,3.0,0.3139393939393939,-0.0016825373497155098,0.08815208240403441
9952,3.0,0.31989898989898985,0.0007541916752789936,0.09126456459982339
9953,3.0,0.32585858585858585,0.0004398647779543171,0.09222489100700035
9954,3.0,0.3318181818181818,-0.0005361310095571353,0.09304206451757197
9955,3.0,0.33777777777777773,0.0013190663401739559,0.09545629472819635
9956,3.0,0.34373737373737373,0.000808370352915081,0.09794596779065141
9957,3.0,0.3496969696969697,0.0006592196953307502,0.09944051434595375
9958,3.0,0.3556565656565656,-0.0006822328252118436,0.10088080892559581
9959,3.0,0.3616161616161616,0.0009495561844110141,0.10325564858372237
9960,3.0,0.36757575757575756,-0.0015331750103405788,0.10396065836335736
9961,3.0,0.3735353535353535,5.5954468888879824e-05,0.10588012328205985
9962,3.0,0.37949494949494944,-0.0009533346249321219,0.1069946317437001
9963,3.0,0.38545454545454544,-0.0010920074897912534,0.10825956907641392
9964,3.0,0.3914141414141414,-0.0008053064883675774,0.11272956295027939
9965,3.0,0.3973737373737373,0.00038691410504646884,0.11235272009722869
9966,3.0,0.4033333333333333,-0.0032683508197398604,0.11397879562237104
9967,3.0,0.40929292929292926,-0.0002056892675347579,0.11609505864942007
9968,3.0,0.4152525252525252,0.001037197781025815,0.11837522327939762
9969,3.0,0.42121212121212115,0.0016632263216386984,0.12105713066041048
9970,3.0,0.42717171717171715,-0.0008943620887048061,0.12253173772630611
9971,3.0,0.4331313131313131,-0.0009995616205296057,0.12445030256397767
9972,3.0,0.43909090909090903,0.002648122104145819,0.12583461502909132
9973,3.0,0.44505050505050503,-0.0011755374779177342,0.1263769702670746
9974,3.0,0.45101010101010097,-0.001596491971313323,0.12780725453033454
9975,3.0,0.4569696969696969,0.0010712692450016242,0.12942041542566762
9976,3.0,0.4629292929292929,-4.9379651978855143e-05,0.1331298327327855
9977,3.0,0.46888888888888886,-7.084043647254495e-05,0.13379692014947292
9978,3.0,0.4748484848484848,0.00033062587872919425,0.1353961990440042
9979,3.0,0.48080808080808074,-0.0004605503970183257,0.13639281190832098
9980,3.0,0.48676767676767674,-0.0008087147684501133,0.1394369831554982
9981,3.0,0.4927272727272727,0.0021379963040203537,0.1425886614295378
9982,3.0,0.4986868686868686,0.001964548831656116,0.1448242291053435
9983,3.0,0.5046464646464646,0.0004556396396884831,0.14726551500456636
9984,3.0,0.5106060606060605,0.0007436863386451691,0.1453567463670904
9985,3.0,0.5165656565656566,-0.000441454616624182,0.14895377176431568
9986,3.0,0.5225252525252525,0.0003389689974115074,0.14906515314431903
9987,3.0,0.5284848484848484,0.00119996723984158,0.152755936942138
9988,3.0,0.5344444444444444,0.0007033109015036534,0.15162977678374992
9989,3.0,0.5404040404040403,0.0012889235964162879,0.15446397063082853
9990,3.0,0.5463636363636363,-0.002010323245267512,0.15660244149162003
9991,3.0,0.5523232323232323,-0.000366070557316948,0.15767984196843035
9992,3.0,0.5582828282828283,-0.0018707931304693748,0.15956617131371975
9993,3.0,0.5642424242424242,0.00048031054830062665,0.1635087192326434
9994,3.0,0.5702020202020202,0.0003690276883642374,0.16389769317857458
9995,3.0,0.5761616161616161,-0.0014603398065777533,0.16571032393398688
9996,3.0,0.582121212121212,-0.0003418988798211345,0.16854716637209208
9997,3.0,0.588080808080808,-0.0002048390655409012,0.1698835092662221
9998,3.0,0.594040404040404,0.0024429207178134843,0.1721295353644168
9999,3.0,0.6,-0.0012618232197281341,0.17119835766468983
