,leverage,sigma,mean,std
0,1.01,0.01,-1.680641916814718e-08,1.4044215748181723e-05
1,1.01,0.01595959595959596,1.709871676613961e-07,2.250620689538443e-05
2,1.01,0.021919191919191918,-1.4190211714988354e-07,3.124431930901863e-05
3,1.01,0.027878787878787878,2.4159546462496627e-07,3.9397211655394006e-05
4,1.01,0.033838383838383834,5.154628151198603e-07,4.7434245260494985e-05
5,1.01,0.0397979797979798,4.1334033497397723e-08,5.698501287645307e-05
6,1.01,0.045757575757575754,1.0992835160249626e-06,6.410971050597498e-05
7,1.01,0.05171717171717172,-5.030124996394991e-07,7.225677345323335e-05
8,1.01,0.05767676767676767,6.571453423425133e-07,8.069885045500714e-05
9,1.01,0.06363636363636363,-2.1938641542795565e-06,8.909251974119699e-05
10,1.01,0.06959595959595959,1.510908659566068e-06,9.724884627516911e-05
11,1.01,0.07555555555555554,-2.0969433872657373e-07,0.00010550138395556231
12,1.01,0.0815151515151515,2.2678553710761884e-06,0.00011610373273453889
13,1.01,0.08747474747474746,3.3046082822980826e-06,0.00012371166152864337
14,1.01,0.09343434343434343,-4.135369077892692e-07,0.00013290874053940768
15,1.01,0.09939393939393938,-1.3137677768357947e-06,0.00014207682380846333
16,1.01,0.10535353535353534,1.0310161394997408e-07,0.0001485659894633231
17,1.01,0.1113131313131313,-2.535338641472906e-06,0.00015447866248467293
18,1.01,0.11727272727272725,2.316209371328448e-06,0.0001672532574967269
19,1.01,0.12323232323232322,-8.080984063737695e-07,0.00017450693875041475
20,1.01,0.1291919191919192,-9.915735220279443e-07,0.0001821049822330925
21,1.01,0.13515151515151513,-7.298368693886559e-08,0.00018984271950563537
22,1.01,0.1411111111111111,2.5649600093950677e-06,0.00019819322945307952
23,1.01,0.14707070707070707,6.808451583709862e-06,0.0002091967859875666
24,1.01,0.15303030303030302,-2.846163079357811e-06,0.00021261896364457758
25,1.01,0.158989898989899,4.879123134356089e-06,0.00022492879612724494
26,1.01,0.16494949494949493,1.7203068456270509e-06,0.00023322007385779807
27,1.01,0.1709090909090909,4.584094934515037e-06,0.00024444613836078116
28,1.01,0.17686868686868687,-4.199250331983295e-06,0.00024767961929082256
29,1.01,0.1828282828282828,-8.931741699980678e-07,0.0002569136711051275
30,1.01,0.18878787878787878,-3.8024890370502493e-06,0.00026722056675282835
31,1.01,0.19474747474747472,-2.855348461700169e-06,0.00027455488562842236
32,1.01,0.2007070707070707,-2.4637332871967454e-06,0.0002825327962034191
33,1.01,0.20666666666666667,2.1110737642524913e-06,0.00029213336655940753
34,1.01,0.2126262626262626,2.0339921048285304e-06,0.0003016912891276584
35,1.01,0.21858585858585858,2.630455613417015e-07,0.0003086199861503023
36,1.01,0.22454545454545452,1.0453972954335144e-06,0.0003180959117969652
37,1.01,0.2305050505050505,2.120240008898977e-06,0.00032381248266379184
38,1.01,0.23646464646464646,2.7393048771912067e-06,0.00033325740525184206
39,1.01,0.2424242424242424,-1.421744263597735e-06,0.00034377460002292894
40,1.01,0.24838383838383837,-1.4317755737043968e-06,0.0003455292400270684
41,1.01,0.2543434343434343,4.050438580323612e-06,0.0003616849130544241
42,1.01,0.26030303030303026,1.7929082468214675e-06,0.0003691212095759561
43,1.01,0.26626262626262626,-4.273194258698187e-06,0.00037408328240648106
44,1.01,0.2722222222222222,-1.7625986776790725e-06,0.0003885764799949098
45,1.01,0.27818181818181814,8.675490946858167e-06,0.000390684372473688
46,1.01,0.28414141414141414,-4.305756306242303e-07,0.0004003420432591173
47,1.01,0.2901010101010101,1.9346863605313124e-06,0.00040752575009300897
48,1.01,0.296060606060606,1.4504996755760225e-06,0.00041712079277580745
49,1.01,0.302020202020202,-1.58823789408864e-06,0.0004305783690034661
50,1.01,0.30797979797979796,1.1471554382249005e-06,0.00043845838744163923
51,1.01,0.3139393939393939,-6.7257190786068955e-06,0.00044330122106056043
52,1.01,0.31989898989898985,2.0839296279245967e-06,0.0004561969002985713
53,1.01,0.32585858585858585,5.692004456612965e-06,0.00045793118154130463
54,1.01,0.3318181818181818,3.080045942505938e-06,0.0004683725929829125
55,1.01,0.33777777777777773,3.293219250735768e-06,0.0004753271493844089
56,1.01,0.34373737373737373,1.6509544279971421e-06,0.0004782127268416913
57,1.01,0.3496969696969697,-1.9571230100509983e-06,0.0004916683878827757
58,1.01,0.3556565656565656,4.891723541016191e-08,0.0005031412325797526
59,1.01,0.3616161616161616,1.2766328937727611e-05,0.0005101354160038315
60,1.01,0.36757575757575756,-2.393807748841481e-06,0.0005147660414909705
61,1.01,0.3735353535353535,6.939605771000723e-07,0.0005241439157715351
62,1.01,0.37949494949494944,5.869646838936127e-06,0.000533106947612101
63,1.01,0.38545454545454544,-4.614315686868009e-06,0.0005396944957449277
64,1.01,0.3914141414141414,4.4331620521755215e-06,0.0005509345025661723
65,1.01,0.3973737373737373,-1.4947099408782028e-06,0.0005599464758402349
66,1.01,0.4033333333333333,-7.728518024560892e-06,0.0005731119438925978
67,1.01,0.40929292929292926,2.8120549969348986e-06,0.0005711651489022785
68,1.01,0.4152525252525252,2.141062435535668e-06,0.0005837821725977565
69,1.01,0.42121212121212115,8.788816331008808e-07,0.000601310143517429
70,1.01,0.42717171717171715,5.147507189223566e-06,0.0006044222211374656
71,1.01,0.4331313131313131,3.626206576418711e-06,0.000611157644405477
72,1.01,0.43909090909090903,3.978294053316722e-06,0.0006180348438642149
73,1.01,0.44505050505050503,4.388854126440256e-06,0.0006316358999197253
74,1.01,0.45101010101010097,9.225501784481461e-06,0.0006387817033757177
75,1.01,0.4569696969696969,5.475395213757339e-06,0.0006481732387821012
76,1.01,0.4629292929292929,1.93382531070081e-06,0.0006506695891727532
77,1.01,0.46888888888888886,6.495911834556345e-06,0.000656919127180428
78,1.01,0.4748484848484848,-9.813428859341278e-06,0.0006704066694153656
79,1.01,0.48080808080808074,5.08555895004702e-06,0.000685995673704329
80,1.01,0.48676767676767674,-1.001903371833235e-05,0.0006901497530095372
81,1.01,0.4927272727272727,6.3805852566837684e-06,0.0007055295001771715
82,1.01,0.4986868686868686,-1.9166971400627618e-06,0.0006950021710192673
83,1.01,0.5046464646464646,3.940338111952279e-06,0.0007087773562483988
84,1.01,0.5106060606060605,-2.7160805103615183e-06,0.0007265622836491207
85,1.01,0.5165656565656566,-7.660030594796041e-06,0.0007215895481848787
86,1.01,0.5225252525252525,1.4564074435626362e-05,0.0007482494301193694
87,1.01,0.5284848484848484,1.2955352104959229e-05,0.0007558520993361038
88,1.01,0.5344444444444444,4.323143326129264e-06,0.000762449634368286
89,1.01,0.5404040404040403,-8.312425627214793e-07,0.0007601880728440656
90,1.01,0.5463636363636363,-6.743852100969894e-06,0.0007767308269652522
91,1.01,0.5523232323232323,1.4090165997608261e-06,0.0007827870109671073
92,1.01,0.5582828282828283,1.0019361792836412e-05,0.0007856390807091895
93,1.01,0.5642424242424242,8.884462045134778e-06,0.0008039866524426903
94,1.01,0.5702020202020202,-5.303413869005247e-06,0.0008035598700704456
95,1.01,0.5761616161616161,4.117631429257173e-06,0.000816171958175498
96,1.01,0.582121212121212,1.4589953718167625e-06,0.000825146381448085
97,1.01,0.588080808080808,6.38543799461051e-06,0.0008452195209680127
98,1.01,0.594040404040404,7.58722132343681e-07,0.0008318507042358784
99,1.01,0.6,-2.3355394135691986e-06,0.0008490231426411234
100,1.0301010101010102,0.01,3.4873616685761054e-07,4.2652180489079145e-05
101,1.0301010101010102,0.01595959595959596,6.11989780310529e-07,6.828241394420272e-05
102,1.0301010101010102,0.021919191919191918,7.774699180086774e-07,9.310468994042381e-05
103,1.0301010101010102,0.027878787878787878,5.030411603201946e-07,0.00011812369398940862
104,1.0301010101010102,0.033838383838383834,-9.98823875564936e-07,0.000143476757663367
105,1.0301010101010102,0.0397979797979798,-1.358190085584432e-06,0.0001680138051034802
106,1.0301010101010102,0.045757575757575754,2.1989330765416093e-06,0.000194162203284847
107,1.0301010101010102,0.05171717171717172,1.418759613821241e-06,0.0002183117809618384
108,1.0301010101010102,0.05767676767676767,-2.10138822892183e-06,0.00024581742783327484
109,1.0301010101010102,0.06363636363636363,1.8027863364781237e-06,0.0002710333455033487
110,1.0301010101010102,0.06959595959595959,6.866467117759045e-06,0.0002967477194744997
111,1.0301010101010102,0.07555555555555554,-2.6450412436429093e-06,0.0003221986722787541
112,1.0301010101010102,0.0815151515151515,-4.390622823161805e-06,0.0003433637616585402
113,1.0301010101010102,0.08747474747474746,-5.345850106864503e-07,0.0003642750160421079
114,1.0301010101010102,0.09343434343434343,3.874584137993608e-06,0.0003970511653109169
115,1.0301010101010102,0.09939393939393938,-6.177190375029007e-06,0.0004178123092384656
116,1.0301010101010102,0.10535353535353534,-8.195107157621728e-07,0.00044460734589386533
117,1.0301010101010102,0.1113131313131313,-4.5635470777749545e-08,0.0004660053641621938
118,1.0301010101010102,0.11727272727272725,5.158319712199044e-07,0.0004906732476333732
119,1.0301010101010102,0.12323232323232322,3.156494201715032e-06,0.0005217306246448703
120,1.0301010101010102,0.1291919191919192,9.913356152190467e-06,0.0005529437235599293
121,1.0301010101010102,0.13515151515151513,-9.3180527029052e-07,0.0005752802498677994
122,1.0301010101010102,0.1411111111111111,-7.047242800479025e-06,0.0006033334320414681
123,1.0301010101010102,0.14707070707070707,3.642591420553809e-06,0.0006254948807219862
124,1.0301010101010102,0.15303030303030302,-9.060029229405076e-07,0.0006420381272316028
125,1.0301010101010102,0.158989898989899,-3.7543095785696144e-06,0.0006772857911148662
126,1.0301010101010102,0.16494949494949493,1.3065704977980375e-05,0.0007029593560774085
127,1.0301010101010102,0.1709090909090909,5.410034892769633e-06,0.000725557772415899
128,1.0301010101010102,0.17686868686868687,-8.626590041970361e-06,0.0007401035323028203
129,1.0301010101010102,0.1828282828282828,4.398757907754613e-06,0.0007770760810889331
130,1.0301010101010102,0.18878787878787878,8.995421108192736e-07,0.0008095710836125756
131,1.0301010101010102,0.19474747474747472,7.262820505923972e-07,0.0008160389249909383
132,1.0301010101010102,0.2007070707070707,-3.980162291279321e-06,0.0008498800785427468
133,1.0301010101010102,0.20666666666666667,-2.8928218392587857e-06,0.0008728003557928512
134,1.0301010101010102,0.2126262626262626,9.942976209138066e-06,0.0009008114695757189
135,1.0301010101010102,0.21858585858585858,2.103193259525149e-06,0.0009231444022648758
136,1.0301010101010102,0.22454545454545452,-5.636700693369945e-06,0.0009453706417742313
137,1.0301010101010102,0.2305050505050505,1.1420389278148545e-05,0.0009736349489478985
138,1.0301010101010102,0.23646464646464646,6.289939560858892e-06,0.0010035364849890482
139,1.0301010101010102,0.2424242424242424,3.365081044073648e-06,0.001037462088863625
140,1.0301010101010102,0.24838383838383837,9.333520065421385e-06,0.0010616319504034974
141,1.0301010101010102,0.2543434343434343,-1.3022679717924302e-05,0.001090833886275707
142,1.0301010101010102,0.26030303030303026,-8.918896867119098e-06,0.001109091577877602
143,1.0301010101010102,0.26626262626262626,-1.4256465273808427e-05,0.0011354001678398648
144,1.0301010101010102,0.2722222222222222,-2.9244049686598884e-06,0.001165199023291941
145,1.0301010101010102,0.27818181818181814,-2.1780525730601407e-07,0.0011865278423555115
146,1.0301010101010102,0.28414141414141414,1.3722894577650802e-05,0.0012180753045129826
147,1.0301010101010102,0.2901010101010101,-5.2705348212794825e-06,0.0012427225327314713
148,1.0301010101010102,0.296060606060606,-8.780514382942806e-07,0.00125171601356516
149,1.0301010101010102,0.302020202020202,-2.099486865288578e-05,0.0013028651469562092
150,1.0301010101010102,0.30797979797979796,-2.056889845384694e-05,0.0013097810851112456
151,1.0301010101010102,0.3139393939393939,-1.0988375775560166e-05,0.0013356410299542373
152,1.0301010101010102,0.31989898989898985,7.4869614595066245e-06,0.0013519093555429157
153,1.0301010101010102,0.32585858585858585,4.896290280731363e-06,0.0013737651189677878
154,1.0301010101010102,0.3318181818181818,1.0066129466409612e-06,0.0014130380024239446
155,1.0301010101010102,0.33777777777777773,2.1739669573857266e-05,0.0014316550174148508
156,1.0301010101010102,0.34373737373737373,6.1269443056986e-07,0.0014519236225539864
157,1.0301010101010102,0.3496969696969697,-5.98949646926934e-06,0.00146281353313456
158,1.0301010101010102,0.3556565656565656,-6.8288611228383925e-06,0.0015109801811700543
159,1.0301010101010102,0.3616161616161616,-2.8483316200284904e-05,0.0015471287746344126
160,1.0301010101010102,0.36757575757575756,-5.383322842565618e-06,0.0015526433658136455
161,1.0301010101010102,0.3735353535353535,-3.1964229548536394e-06,0.0015709240534390158
162,1.0301010101010102,0.37949494949494944,-1.2610675457850884e-06,0.001622595070444874
163,1.0301010101010102,0.38545454545454544,-9.772525944422893e-06,0.0016370068420247423
164,1.0301010101010102,0.3914141414141414,-2.8546451378205508e-05,0.001661689392022138
165,1.0301010101010102,0.3973737373737373,5.375184181792894e-05,0.0016798062976297254
166,1.0301010101010102,0.4033333333333333,-3.8066732116475154e-06,0.0017198532786722122
167,1.0301010101010102,0.40929292929292926,-3.4903582577928027e-06,0.001745785817583467
168,1.0301010101010102,0.4152525252525252,-1.6395958487155538e-05,0.0017526008014006416
169,1.0301010101010102,0.42121212121212115,-3.3964250248800456e-06,0.0017810516201428993
170,1.0301010101010102,0.42717171717171715,6.134450965576952e-05,0.0018581854290308886
171,1.0301010101010102,0.4331313131313131,-4.4748017940243305e-06,0.0018531263725705671
172,1.0301010101010102,0.43909090909090903,-3.641520518429142e-07,0.001865850276069041
173,1.0301010101010102,0.44505050505050503,-1.1484935208586156e-05,0.0018713965660058552
174,1.0301010101010102,0.45101010101010097,1.4968640179655268e-06,0.0019174212318965364
175,1.0301010101010102,0.4569696969696969,6.163001289740244e-06,0.001953437533578744
176,1.0301010101010102,0.4629292929292929,-6.660497656074949e-06,0.0019600031016574534
177,1.0301010101010102,0.46888888888888886,-5.227351929866164e-06,0.0019907731694786923
178,1.0301010101010102,0.4748484848484848,-2.2630846955020045e-05,0.0020031010796750645
179,1.0301010101010102,0.48080808080808074,-2.6546253860288994e-05,0.002031998665781076
180,1.0301010101010102,0.48676767676767674,-8.854030522322354e-06,0.0020765192803415215
181,1.0301010101010102,0.4927272727272727,2.1743708381125438e-05,0.002096748654135519
182,1.0301010101010102,0.4986868686868686,2.2021608863122322e-05,0.002102110102712408
183,1.0301010101010102,0.5046464646464646,2.110872838829926e-05,0.0021595259193221347
184,1.0301010101010102,0.5106060606060605,-4.140228358262085e-05,0.002170056248205268
185,1.0301010101010102,0.5165656565656566,-2.252809944254738e-05,0.002209067459519655
186,1.0301010101010102,0.5225252525252525,3.149694329999941e-06,0.0022088017900093737
187,1.0301010101010102,0.5284848484848484,1.8147398235243394e-05,0.002264636252665444
188,1.0301010101010102,0.5344444444444444,8.740662178355018e-06,0.0022686463492220983
189,1.0301010101010102,0.5404040404040403,1.0211438659442184e-06,0.0022779464481955916
190,1.0301010101010102,0.5463636363636363,-3.884509178586293e-07,0.002323877826369745
191,1.0301010101010102,0.5523232323232323,-2.4219002733996477e-05,0.002355542712367148
192,1.0301010101010102,0.5582828282828283,-2.316299193201883e-05,0.002370786615634724
193,1.0301010101010102,0.5642424242424242,-2.5331414920980056e-05,0.002403074586073432
194,1.0301010101010102,0.5702020202020202,-2.791709825229317e-05,0.0024249933496285152
195,1.0301010101010102,0.5761616161616161,-1.039901421733126e-05,0.002431565992675037
196,1.0301010101010102,0.582121212121212,1.8207672275376552e-05,0.002509708669915
197,1.0301010101010102,0.588080808080808,-1.306574572952619e-05,0.002509604341980583
198,1.0301010101010102,0.594040404040404,-1.809949908269225e-05,0.002524818500370109
199,1.0301010101010102,0.6,-1.4918942106224442e-05,0.002496904153326568
200,1.0502020202020201,0.01,-8.941613630300659e-07,7.041741509659126e-05
201,1.0502020202020201,0.01595959595959596,-8.638235854563914e-07,0.00011277425705998067
202,1.0502020202020201,0.021919191919191918,-2.447365738677765e-07,0.00015400800985835352
203,1.0502020202020201,0.027878787878787878,7.968466504838734e-07,0.0001969208309184835
204,1.0502020202020201,0.033838383838383834,1.6684538751851386e-06,0.0002394632069663233
205,1.0502020202020201,0.0397979797979798,3.017244749515169e-06,0.00028130140305053524
206,1.0502020202020201,0.045757575757575754,3.332671024528333e-06,0.00032409095104571546
207,1.0502020202020201,0.05171717171717172,-9.408875998180355e-06,0.00037184774569913175
208,1.0502020202020201,0.05767676767676767,-7.855735912142314e-06,0.0004008826561747191
209,1.0502020202020201,0.06363636363636363,-6.222759397556288e-06,0.00044976509313959584
210,1.0502020202020201,0.06959595959595959,1.0140822267896698e-06,0.0004961644629557857
211,1.0502020202020201,0.07555555555555554,1.0813933554224308e-05,0.0005352114415796118
212,1.0502020202020201,0.0815151515151515,-6.293756280970564e-06,0.0005759965581868257
213,1.0502020202020201,0.08747474747474746,1.3150354961655996e-05,0.0006186183772818522
214,1.0502020202020201,0.09343434343434343,-2.33938077917526e-06,0.0006572581315134239
215,1.0502020202020201,0.09939393939393938,4.135528899719121e-06,0.0007033086607417225
216,1.0502020202020201,0.10535353535353534,-4.931410368914057e-06,0.0007512283617094421
217,1.0502020202020201,0.1113131313131313,1.2748599744849353e-05,0.0007886773758204172
218,1.0502020202020201,0.11727272727272725,2.399836464326466e-06,0.0008244768877284771
219,1.0502020202020201,0.12323232323232322,-5.26989967428304e-07,0.0008796953320160451
220,1.0502020202020201,0.1291919191919192,-3.7814781359706508e-06,0.0009023579077144792
221,1.0502020202020201,0.13515151515151513,1.9089802468832516e-06,0.000959953611185166
222,1.0502020202020201,0.1411111111111111,-1.4822321961702466e-05,0.0010037179684692964
223,1.0502020202020201,0.14707070707070707,1.481790442552411e-06,0.0010384115855191663
224,1.0502020202020201,0.15303030303030302,1.7396612787061915e-05,0.001070190998958072
225,1.0502020202020201,0.158989898989899,-1.7146008004088497e-06,0.0011194829543799464
226,1.0502020202020201,0.16494949494949493,6.973052336452667e-06,0.001161824920558735
227,1.0502020202020201,0.1709090909090909,-3.634129433168609e-06,0.001208313498967861
228,1.0502020202020201,0.17686868686868687,-1.7695674461755474e-05,0.0012524216377417141
229,1.0502020202020201,0.1828282828282828,-1.2780428842928316e-05,0.0012795402853817783
230,1.0502020202020201,0.18878787878787878,-1.3155218512728906e-05,0.0013234689827734032
231,1.0502020202020201,0.19474747474747472,9.925779107905208e-06,0.0013905254793051321
232,1.0502020202020201,0.2007070707070707,2.78347613938712e-06,0.001424893256287438
233,1.0502020202020201,0.20666666666666667,2.190956125971499e-06,0.0014694646970653737
234,1.0502020202020201,0.2126262626262626,-1.3401882343715731e-05,0.001512782625095926
235,1.0502020202020201,0.21858585858585858,2.5803116412533635e-06,0.0015494734326735723
236,1.0502020202020201,0.22454545454545452,-2.68059789675551e-06,0.0015916413618226107
237,1.0502020202020201,0.2305050505050505,-1.1143804178407491e-05,0.0016427027717015317
238,1.0502020202020201,0.23646464646464646,-1.03274371972914e-05,0.00167103936847465
239,1.0502020202020201,0.2424242424242424,1.0868015909099304e-05,0.0017313868353592285
240,1.0502020202020201,0.24838383838383837,9.604382519199373e-08,0.0017503375842487735
241,1.0502020202020201,0.2543434343434343,-2.069019327695496e-05,0.001786296675739463
242,1.0502020202020201,0.26030303030303026,1.3392549418657674e-05,0.0018448532473214286
243,1.0502020202020201,0.26626262626262626,1.7657687063130423e-06,0.001889135738542273
244,1.0502020202020201,0.2722222222222222,-3.10101985326598e-05,0.0019237624105320644
245,1.0502020202020201,0.27818181818181814,-2.260675948674732e-05,0.0019898187616379432
246,1.0502020202020201,0.28414141414141414,2.7379644034542585e-05,0.002036571100521021
247,1.0502020202020201,0.2901010101010101,2.9755279423460158e-05,0.0020289054430150193
248,1.0502020202020201,0.296060606060606,-9.667940873279868e-06,0.002111560101111985
249,1.0502020202020201,0.302020202020202,-9.962157049817411e-06,0.002175842713947222
250,1.0502020202020201,0.30797979797979796,-8.158028255180905e-06,0.0021915660473318214
251,1.0502020202020201,0.3139393939393939,1.5740575324737803e-05,0.0022265616553293122
252,1.0502020202020201,0.31989898989898985,1.4285306798742693e-05,0.0022791428924963113
253,1.0502020202020201,0.32585858585858585,3.057995237433819e-06,0.0022997161655945635
254,1.0502020202020201,0.3318181818181818,2.4397871242734214e-05,0.0023619089798186687
255,1.0502020202020201,0.33777777777777773,-2.3119197087737596e-05,0.0023945404280159154
256,1.0502020202020201,0.34373737373737373,1.6861887067343727e-05,0.0024562333203779507
257,1.0502020202020201,0.3496969696969697,5.609421343472887e-06,0.00247367641484129
258,1.0502020202020201,0.3556565656565656,2.5166746710280664e-05,0.002515187328419894
259,1.0502020202020201,0.3616161616161616,-3.1119105651755017e-06,0.002562049479311468
260,1.0502020202020201,0.36757575757575756,-6.275951252543988e-07,0.002623265796429184
261,1.0502020202020201,0.3735353535353535,3.2116428720211223e-05,0.002631237267661215
262,1.0502020202020201,0.37949494949494944,-2.4211839920168687e-05,0.0026870806625226193
263,1.0502020202020201,0.38545454545454544,-1.956954832817037e-06,0.0027297369926724394
264,1.0502020202020201,0.3914141414141414,-2.1101889288426e-05,0.002769980115582658
265,1.0502020202020201,0.3973737373737373,-5.913917525563162e-06,0.0028048987160843204
266,1.0502020202020201,0.4033333333333333,5.492358997807268e-06,0.00287373297842777
267,1.0502020202020201,0.40929292929292926,4.8468173051842134e-05,0.002906552279361631
268,1.0502020202020201,0.4152525252525252,3.240893247157689e-05,0.002922966309291782
269,1.0502020202020201,0.42121212121212115,3.696503655107799e-05,0.0030148080072746673
270,1.0502020202020201,0.42717171717171715,9.161608951797429e-06,0.00300303364831361
271,1.0502020202020201,0.4331313131313131,2.994872581839747e-06,0.0030733647426595657
272,1.0502020202020201,0.43909090909090903,2.2493401181125748e-06,0.0031463296188528585
273,1.0502020202020201,0.44505050505050503,5.828724659087925e-06,0.003185943757148787
274,1.0502020202020201,0.45101010101010097,-1.7995391475356194e-05,0.0032032388877493495
275,1.0502020202020201,0.4569696969696969,1.228427080884964e-05,0.003255062235695316
276,1.0502020202020201,0.4629292929292929,-8.001871893917267e-06,0.003295066247430907
277,1.0502020202020201,0.46888888888888886,-1.8669474593454028e-05,0.0033630103219580063
278,1.0502020202020201,0.4748484848484848,-2.770152334772591e-06,0.0033774085926823274
279,1.0502020202020201,0.48080808080808074,1.60507708421047e-05,0.0034092161902206774
280,1.0502020202020201,0.48676767676767674,5.614714236053269e-05,0.0034635715171479954
281,1.0502020202020201,0.4927272727272727,-5.72266587088142e-05,0.0034736131073001605
282,1.0502020202020201,0.4986868686868686,-9.43421649960171e-06,0.0035402013021817677
283,1.0502020202020201,0.5046464646464646,3.959520796369339e-05,0.0035927357787608532
284,1.0502020202020201,0.5106060606060605,4.215748640516088e-05,0.0036359289156910964
285,1.0502020202020201,0.5165656565656566,-6.215220047775244e-05,0.003668876199475686
286,1.0502020202020201,0.5225252525252525,1.4680412609363914e-05,0.003703806681855651
287,1.0502020202020201,0.5284848484848484,2.7740946430091218e-05,0.003749883727570954
288,1.0502020202020201,0.5344444444444444,-3.184043380367371e-05,0.0037724935468307053
289,1.0502020202020201,0.5404040404040403,-2.6207582795295582e-05,0.0038643339690901026
290,1.0502020202020201,0.5463636363636363,5.0307508625586925e-05,0.0038719057642223127
291,1.0502020202020201,0.5523232323232323,1.721508198022137e-05,0.003933332759699233
292,1.0502020202020201,0.5582828282828283,-3.0887769833210096e-05,0.0039735194768946635
293,1.0502020202020201,0.5642424242424242,3.4114986133382166e-05,0.004003030733972297
294,1.0502020202020201,0.5702020202020202,-1.2135484860085698e-05,0.004017460078086891
295,1.0502020202020201,0.5761616161616161,-5.601140679866906e-05,0.004085086012126373
296,1.0502020202020201,0.582121212121212,7.238083335529244e-06,0.00409821737208274
297,1.0502020202020201,0.588080808080808,2.8959413674221612e-05,0.004157158911850868
298,1.0502020202020201,0.594040404040404,-2.1742868203924704e-05,0.004227988853037344
299,1.0502020202020201,0.6,4.353477624030406e-05,0.004313577717923544
300,1.0703030303030303,0.01,6.605162147548582e-07,9.911097981813153e-05
301,1.0703030303030303,0.01595959595959596,-1.8097182573310055e-06,0.0001562128954407996
302,1.0703030303030303,0.021919191919191918,-3.122904187576947e-06,0.0002194305553371486
303,1.0703030303030303,0.027878787878787878,-6.731924861783755e-07,0.00027285967391932255
304,1.0703030303030303,0.033838383838383834,-1.4206725032088418e-06,0.0003364586148431531
305,1.0703030303030303,0.0397979797979798,7.46774630576289e-06,0.0003943879852515066
306,1.0703030303030303,0.045757575757575754,6.996126762562116e-07,0.00045283598602940213
307,1.0703030303030303,0.05171717171717172,9.133074475260439e-06,0.000504151389758732
308,1.0703030303030303,0.05767676767676767,1.0243783907890013e-05,0.0005719288373799562
309,1.0703030303030303,0.06363636363636363,2.0709785482537434e-06,0.0006281163520707835
310,1.0703030303030303,0.06959595959595959,-1.0153056445287623e-05,0.00068938228778366
311,1.0703030303030303,0.07555555555555554,4.188495402952975e-06,0.0007410292984304924
312,1.0703030303030303,0.0815151515151515,3.6393364083632916e-06,0.0008161015284611637
313,1.0703030303030303,0.08747474747474746,-8.572178749387738e-06,0.0008713176240276951
314,1.0703030303030303,0.09343434343434343,-3.886744569073308e-06,0.0009385045965011278
315,1.0703030303030303,0.09939393939393938,-1.39166138595881e-05,0.0009981555596676275
316,1.0703030303030303,0.10535353535353534,4.210215326200417e-06,0.001046382530006871
317,1.0703030303030303,0.1113131313131313,1.21165276421911e-05,0.0011046983940062273
318,1.0703030303030303,0.11727272727272725,1.9074546520832967e-05,0.0011631508253234987
319,1.0703030303030303,0.12323232323232322,1.1043480161938124e-05,0.001229022593693069
320,1.0703030303030303,0.1291919191919192,1.3095581840297377e-05,0.0012700818351200217
321,1.0703030303030303,0.13515151515151513,-1.842361780972175e-05,0.0013280096767644982
322,1.0703030303030303,0.1411111111111111,-1.7053264768252185e-05,0.0013997240823653374
323,1.0703030303030303,0.14707070707070707,-1.5026931030869084e-05,0.0014613918906949152
324,1.0703030303030303,0.15303030303030302,-2.4445442307731247e-05,0.001533685468459977
325,1.0703030303030303,0.158989898989899,3.0953156096558356e-06,0.0015789299347596082
326,1.0703030303030303,0.16494949494949493,-1.0179083587941807e-05,0.0016564261405958539
327,1.0703030303030303,0.1709090909090909,-4.462347105840359e-06,0.0016840091260615342
328,1.0703030303030303,0.17686868686868687,2.6119420031735662e-05,0.0017473998304085982
329,1.0703030303030303,0.1828282828282828,-1.743072765297813e-05,0.0018226260556637262
330,1.0703030303030303,0.18878787878787878,2.0265894097764413e-05,0.0018923826204323756
331,1.0703030303030303,0.19474747474747472,1.6114157566316923e-05,0.001924653836190622
332,1.0703030303030303,0.2007070707070707,-1.9551240018686068e-05,0.002012424125243036
333,1.0703030303030303,0.20666666666666667,2.6858439805241497e-05,0.0020299186423421932
334,1.0703030303030303,0.2126262626262626,-1.636863156961125e-05,0.0021165869538512963
335,1.0703030303030303,0.21858585858585858,2.844206444515002e-05,0.0021648967857363704
336,1.0703030303030303,0.22454545454545452,1.1933647614970188e-05,0.0022294463029934077
337,1.0703030303030303,0.2305050505050505,-2.2984491930622196e-05,0.0023012446869900604
338,1.0703030303030303,0.23646464646464646,-2.2720932654549997e-06,0.002358358337965679
339,1.0703030303030303,0.2424242424242424,2.529880940972501e-05,0.0023939721760818963
340,1.0703030303030303,0.24838383838383837,9.031385489738164e-06,0.002442695685028473
341,1.0703030303030303,0.2543434343434343,-2.763931245442801e-05,0.0024995421179261766
342,1.0703030303030303,0.26030303030303026,-1.4575841726965611e-05,0.0025656491445300933
343,1.0703030303030303,0.26626262626262626,-1.2992455523881574e-05,0.0026398660517874474
344,1.0703030303030303,0.2722222222222222,6.722426308570007e-07,0.0027262932122255907
345,1.0703030303030303,0.27818181818181814,9.364684127791124e-06,0.0027455518771157994
346,1.0703030303030303,0.28414141414141414,2.4573297985051822e-05,0.002858011258384639
347,1.0703030303030303,0.2901010101010101,5.256534756157344e-05,0.002869637411022083
348,1.0703030303030303,0.296060606060606,2.767440325188151e-05,0.0029096496316122914
349,1.0703030303030303,0.302020202020202,-1.5868604211206616e-06,0.002977213907377073
350,1.0703030303030303,0.30797979797979796,8.925147824030221e-06,0.0030542886687190047
351,1.0703030303030303,0.3139393939393939,-9.691574932877683e-05,0.003094765802678496
352,1.0703030303030303,0.31989898989898985,-1.0946688854392417e-05,0.0031791269416474315
353,1.0703030303030303,0.32585858585858585,-3.092934094700715e-05,0.0032183511772758268
354,1.0703030303030303,0.3318181818181818,2.675398237948644e-05,0.003325503918907713
355,1.0703030303030303,0.33777777777777773,7.097342107339999e-06,0.0033329044803424297
356,1.0703030303030303,0.34373737373737373,4.864821042800238e-06,0.0034369418250989737
357,1.0703030303030303,0.3496969696969697,8.003525272126029e-05,0.0034689060109915053
358,1.0703030303030303,0.3556565656565656,-6.43187743340839e-05,0.003519473201843853
359,1.0703030303030303,0.3616161616161616,-1.9872162331564347e-05,0.0036185888106861877
360,1.0703030303030303,0.36757575757575756,7.75799236458633e-06,0.003637691880553831
361,1.0703030303030303,0.3735353535353535,3.405501338752449e-05,0.0036731903898293596
362,1.0703030303030303,0.37949494949494944,-0.000110501285547137,0.003770646506816994
363,1.0703030303030303,0.38545454545454544,-8.709278667014075e-06,0.00382285136818421
364,1.0703030303030303,0.3914141414141414,-1.8676894238625764e-05,0.0038882000110063097
365,1.0703030303030303,0.3973737373737373,-4.7153436242020576e-05,0.003937432082105386
366,1.0703030303030303,0.4033333333333333,-5.871508276750186e-05,0.003993712707564296
367,1.0703030303030303,0.40929292929292926,2.6693328580750353e-05,0.004062909114725233
368,1.0703030303030303,0.4152525252525252,5.492304839858609e-06,0.0041604066335191835
369,1.0703030303030303,0.42121212121212115,-3.116414042532552e-05,0.004249639478237332
370,1.0703030303030303,0.42717171717171715,-1.0068204549276416e-05,0.004239146094323123
371,1.0703030303030303,0.4331313131313131,2.6219756628230194e-05,0.004301648340575417
372,1.0703030303030303,0.43909090909090903,-3.1808930847267116e-05,0.00435397145035985
373,1.0703030303030303,0.44505050505050503,6.142830777923306e-05,0.004469516733848337
374,1.0703030303030303,0.45101010101010097,-1.7454944530415516e-05,0.004473178937813877
375,1.0703030303030303,0.4569696969696969,-5.39195464881863e-05,0.004455395526280371
376,1.0703030303030303,0.4629292929292929,4.165689345976605e-05,0.00459030270036025
377,1.0703030303030303,0.46888888888888886,2.2654195195000825e-05,0.0046145397451156514
378,1.0703030303030303,0.4748484848484848,-6.320954587826486e-05,0.0046688893023156455
379,1.0703030303030303,0.48080808080808074,3.362803742720615e-05,0.004840545812038593
380,1.0703030303030303,0.48676767676767674,8.667068524964173e-06,0.004838526869391743
381,1.0703030303030303,0.4927272727272727,2.344441335286359e-05,0.004880783831119951
382,1.0703030303030303,0.4986868686868686,1.4327864493902443e-06,0.004927841437226332
383,1.0703030303030303,0.5046464646464646,0.00010497427221053925,0.004989756196269181
384,1.0703030303030303,0.5106060606060605,-1.3971183592112757e-05,0.005084526630333275
385,1.0703030303030303,0.5165656565656566,-2.7277087297292547e-05,0.005138801501628884
386,1.0703030303030303,0.5225252525252525,7.905311438230612e-05,0.005187847704234188
387,1.0703030303030303,0.5284848484848484,-3.4108773279125356e-05,0.005321989600688125
388,1.0703030303030303,0.5344444444444444,-3.5580719545571246e-05,0.00529072656431382
389,1.0703030303030303,0.5404040404040403,4.0416418459812334e-05,0.005343045894161053
390,1.0703030303030303,0.5463636363636363,-5.342457648908683e-05,0.005390990822023043
391,1.0703030303030303,0.5523232323232323,-5.344922475140699e-05,0.005568393005506919
392,1.0703030303030303,0.5582828282828283,2.235326008779068e-05,0.005438974395340938
393,1.0703030303030303,0.5642424242424242,2.7160151093671425e-07,0.005639971684953008
394,1.0703030303030303,0.5702020202020202,3.737356643266263e-05,0.0056768335953698255
395,1.0703030303030303,0.5761616161616161,6.822377713563983e-05,0.005790859959609077
396,1.0703030303030303,0.582121212121212,2.2174380435559948e-05,0.005796271254045611
397,1.0703030303030303,0.588080808080808,-0.00013536598454020682,0.005876440073317911
398,1.0703030303030303,0.594040404040404,3.14564016290938e-06,0.00595467414019599
399,1.0703030303030303,0.6,-6.649557275979853e-05,0.005926564262787894
400,1.0904040404040405,0.01,-2.0239730894175077e-06,0.00012572655084728008
401,1.0904040404040405,0.01595959595959596,1.5644348771666205e-06,0.00020368521789892948
402,1.0904040404040405,0.021919191919191918,-1.8996358305106708e-07,0.000282256813613718
403,1.0904040404040405,0.027878787878787878,4.893501551804425e-06,0.0003558203661708302
404,1.0904040404040405,0.033838383838383834,-3.6216395819709257e-07,0.0004309978637098227
405,1.0904040404040405,0.0397979797979798,1.2196866177197285e-06,0.000507110069114797
406,1.0904040404040405,0.045757575757575754,-2.548265099454683e-06,0.0005856313087356545
407,1.0904040404040405,0.05171717171717172,1.466630141710501e-06,0.0006582607901114789
408,1.0904040404040405,0.05767676767676767,1.6322320510335331e-06,0.0007378790519646115
409,1.0904040404040405,0.06363636363636363,5.882866728845038e-06,0.0008136974319456717
410,1.0904040404040405,0.06959595959595959,1.7859279690370734e-05,0.0008898610711556033
411,1.0904040404040405,0.07555555555555554,-8.747002919831092e-06,0.0009623614461287666
412,1.0904040404040405,0.0815151515151515,4.111317099718259e-06,0.001054143064136101
413,1.0904040404040405,0.08747474747474746,-3.06039350767503e-06,0.00111386995582667
414,1.0904040404040405,0.09343434343434343,-3.4964906009683273e-06,0.001180820599050539
415,1.0904040404040405,0.09939393939393938,2.813023213408341e-05,0.0012819482347088712
416,1.0904040404040405,0.10535353535353534,-1.2869544506379416e-05,0.0013308326697154791
417,1.0904040404040405,0.1113131313131313,1.2410319432419626e-05,0.0014414905478410118
418,1.0904040404040405,0.11727272727272725,6.226591288096794e-06,0.0015006708129035038
419,1.0904040404040405,0.12323232323232322,1.0710243651884698e-05,0.0015843770187144962
420,1.0904040404040405,0.1291919191919192,-8.278645776258375e-06,0.0016586862248060938
421,1.0904040404040405,0.13515151515151513,-1.048498668200475e-05,0.0017196640759196205
422,1.0904040404040405,0.1411111111111111,-1.5350074186902217e-05,0.0017925884278637894
423,1.0904040404040405,0.14707070707070707,5.1805196484017154e-06,0.0018872082602478604
424,1.0904040404040405,0.15303030303030302,5.403239318528564e-05,0.001959762698416103
425,1.0904040404040405,0.158989898989899,3.434261920516113e-06,0.0020197875178245427
426,1.0904040404040405,0.16494949494949493,-3.2161122919534324e-06,0.0020928448950976674
427,1.0904040404040405,0.1709090909090909,-1.813258407884125e-05,0.0021735388375385086
428,1.0904040404040405,0.17686868686868687,-3.0005659306387278e-05,0.0022440392638235565
429,1.0904040404040405,0.1828282828282828,-1.0975731098972575e-05,0.0023513907241716416
430,1.0904040404040405,0.18878787878787878,-1.549465647892826e-05,0.002418902790783768
431,1.0904040404040405,0.19474747474747472,9.70667646273372e-06,0.002464860441435789
432,1.0904040404040405,0.2007070707070707,-2.5773205860508363e-05,0.0025292523559635833
433,1.0904040404040405,0.20666666666666667,-2.1520454869701432e-05,0.0026214558261315347
434,1.0904040404040405,0.2126262626262626,-2.4622432451741726e-05,0.0027063106495558284
435,1.0904040404040405,0.21858585858585858,-1.3120020641929463e-05,0.00277233529708597
436,1.0904040404040405,0.22454545454545452,2.1665731318589908e-05,0.0028699275810239824
437,1.0904040404040405,0.2305050505050505,3.796456586806879e-05,0.0029413071859317455
438,1.0904040404040405,0.23646464646464646,1.1425039346227272e-05,0.003037165708984818
439,1.0904040404040405,0.2424242424242424,-7.24954556007813e-05,0.003045416260970184
440,1.0904040404040405,0.24838383838383837,5.728754430913175e-05,0.0031644723655919957
441,1.0904040404040405,0.2543434343434343,-1.881883865169942e-06,0.0032463121403526764
442,1.0904040404040405,0.26030303030303026,3.049968429350566e-05,0.0033087898467425627
443,1.0904040404040405,0.26626262626262626,2.635617713273142e-05,0.0034176346900228398
444,1.0904040404040405,0.2722222222222222,-5.111347510179519e-05,0.0034420981344223706
445,1.0904040404040405,0.27818181818181814,-9.235620625040184e-05,0.0035131005915989126
446,1.0904040404040405,0.28414141414141414,6.675931714158115e-05,0.0036179527385237355
447,1.0904040404040405,0.2901010101010101,-3.799132672836216e-05,0.0036766328328125355
448,1.0904040404040405,0.296060606060606,3.401193360447229e-05,0.0037890781283402065
449,1.0904040404040405,0.302020202020202,-4.66671131598828e-05,0.0038082680916456755
450,1.0904040404040405,0.30797979797979796,1.3323854752222475e-05,0.003966051344156658
451,1.0904040404040405,0.3139393939393939,2.512392396763381e-05,0.003962294158537141
452,1.0904040404040405,0.31989898989898985,5.2556101941657206e-05,0.004013568706114495
453,1.0904040404040405,0.32585858585858585,6.962762132455991e-06,0.004127771643684536
454,1.0904040404040405,0.3318181818181818,-1.480902622483764e-05,0.004202142950040649
455,1.0904040404040405,0.33777777777777773,-1.566099752302521e-05,0.00432573454163473
456,1.0904040404040405,0.34373737373737373,-3.263796856532297e-06,0.00436103083103013
457,1.0904040404040405,0.3496969696969697,1.94005911587929e-05,0.004449551894570371
458,1.0904040404040405,0.3556565656565656,-2.593432589736082e-05,0.004586911743746703
459,1.0904040404040405,0.3616161616161616,-8.505071250388838e-05,0.004565370779307431
460,1.0904040404040405,0.36757575757575756,4.099761833009663e-06,0.004649149010650605
461,1.0904040404040405,0.3735353535353535,6.968729758811187e-06,0.004737205543487967
462,1.0904040404040405,0.37949494949494944,6.069528469772954e-05,0.0047673632297108885
463,1.0904040404040405,0.38545454545454544,-0.00010564970723111515,0.004928365926453999
464,1.0904040404040405,0.3914141414141414,-2.9809450971783058e-05,0.005033321273523123
465,1.0904040404040405,0.3973737373737373,-6.56069593466037e-05,0.005046308494901004
466,1.0904040404040405,0.4033333333333333,-2.115185473510831e-05,0.005113236925255839
467,1.0904040404040405,0.40929292929292926,-4.115242003941079e-05,0.005261563849576537
468,1.0904040404040405,0.4152525252525252,3.6588784241461135e-05,0.0053688519897962484
469,1.0904040404040405,0.42121212121212115,-0.00010177935661937432,0.005353429093602188
470,1.0904040404040405,0.42717171717171715,-4.880061879564116e-05,0.005418003851255558
471,1.0904040404040405,0.4331313131313131,4.3688693011342986e-05,0.005503931718653006
472,1.0904040404040405,0.43909090909090903,-1.563413326512999e-05,0.0056045387586507196
473,1.0904040404040405,0.44505050505050503,1.3094446435486373e-05,0.005714174929284751
474,1.0904040404040405,0.45101010101010097,4.4906149020354115e-05,0.005794717564786951
475,1.0904040404040405,0.4569696969696969,-4.453707136274199e-06,0.005856019416673805
476,1.0904040404040405,0.4629292929292929,-1.4206759179037687e-05,0.005881562736066244
477,1.0904040404040405,0.46888888888888886,8.371828613073457e-05,0.00606189571220616
478,1.0904040404040405,0.4748484848484848,3.958908436288252e-05,0.006069862460824994
479,1.0904040404040405,0.48080808080808074,-6.717213061648944e-05,0.006192266018131507
480,1.0904040404040405,0.48676767676767674,4.693053683236879e-05,0.006238365835664305
481,1.0904040404040405,0.4927272727272727,-1.804029144123259e-05,0.00625447677461798
482,1.0904040404040405,0.4986868686868686,-8.780106789398053e-05,0.006350539190641903
483,1.0904040404040405,0.5046464646464646,0.00011228276596521028,0.00651920362320051
484,1.0904040404040405,0.5106060606060605,-1.3004708691864987e-07,0.00641647267242004
485,1.0904040404040405,0.5165656565656566,6.021803780326265e-05,0.006599048810169975
486,1.0904040404040405,0.5225252525252525,-3.6794647895972867e-06,0.006668897454758753
487,1.0904040404040405,0.5284848484848484,-8.418752472864886e-05,0.006811966529448234
488,1.0904040404040405,0.5344444444444444,0.0001335638811740973,0.0068562774076184295
489,1.0904040404040405,0.5404040404040403,-0.00014519339621446467,0.006928266612420657
490,1.0904040404040405,0.5463636363636363,-9.889576184770588e-06,0.006917758847924519
491,1.0904040404040405,0.5523232323232323,0.00011065034585568463,0.007085044682469237
492,1.0904040404040405,0.5582828282828283,9.542611633878327e-05,0.007136310554183819
493,1.0904040404040405,0.5642424242424242,1.7620960897813843e-05,0.007242492041709308
494,1.0904040404040405,0.5702020202020202,-1.0360569217649784e-05,0.007341551783909783
495,1.0904040404040405,0.5761616161616161,1.6155808088639644e-05,0.007439019893640844
496,1.0904040404040405,0.582121212121212,4.2957696260106e-05,0.007528198641606607
497,1.0904040404040405,0.588080808080808,8.077739127297978e-06,0.007590007868511028
498,1.0904040404040405,0.594040404040404,3.292513409873879e-05,0.007557416317560762
499,1.0904040404040405,0.6,6.810748533853472e-05,0.007649243650451396
500,1.1105050505050504,0.01,2.89670971869449e-07,0.00015504346480468625
501,1.1105050505050504,0.01595959595959596,-3.0547089834951245e-06,0.0002486815433290099
502,1.1105050505050504,0.021919191919191918,5.47286329204999e-06,0.00034375729317810683
503,1.1105050505050504,0.027878787878787878,-2.6801127102306866e-06,0.00043010564277063415
504,1.1105050505050504,0.033838383838383834,6.358223872498336e-06,0.0005216607864573823
505,1.1105050505050504,0.0397979797979798,-2.2698086707887755e-06,0.0006194785669359249
506,1.1105050505050504,0.045757575757575754,1.1272417203977015e-05,0.0007139317970466217
507,1.1105050505050504,0.05171717171717172,-7.604664204878331e-06,0.0008032873382687526
508,1.1105050505050504,0.05767676767676767,-3.2514929345690445e-06,0.0008876944961366564
509,1.1105050505050504,0.06363636363636363,-6.086240968727719e-06,0.000997434856638904
510,1.1105050505050504,0.06959595959595959,6.944244019990087e-06,0.0010780918415762566
511,1.1105050505050504,0.07555555555555554,3.148778295675192e-06,0.0011642625351970211
512,1.1105050505050504,0.0815151515151515,-6.958458251697231e-06,0.0012864170915195656
513,1.1105050505050504,0.08747474747474746,-9.363609518487714e-06,0.0013614282715786194
514,1.1105050505050504,0.09343434343434343,-9.160110750591032e-06,0.0014591962614763636
515,1.1105050505050504,0.09939393939393938,-7.733719876733414e-06,0.0015637552606606606
516,1.1105050505050504,0.10535353535353534,9.045276313004258e-06,0.0016569220529499913
517,1.1105050505050504,0.1113131313131313,-1.1552489535519428e-05,0.0017132546404240825
518,1.1105050505050504,0.11727272727272725,-8.569512258151791e-06,0.0018167909954950067
519,1.1105050505050504,0.12323232323232322,-7.187971874019538e-07,0.0019297062188772215
520,1.1105050505050504,0.1291919191919192,-6.439018014771058e-06,0.002005072054595427
521,1.1105050505050504,0.13515151515151513,1.0465270858018417e-05,0.0021010327843886405
522,1.1105050505050504,0.1411111111111111,-3.833455615666847e-06,0.0022379405513628624
523,1.1105050505050504,0.14707070707070707,-1.845825007446422e-05,0.002280307959452492
524,1.1105050505050504,0.15303030303030302,-4.965548086520832e-06,0.002366825985801288
525,1.1105050505050504,0.158989898989899,1.1518169329581073e-05,0.0024412977422031516
526,1.1105050505050504,0.16494949494949493,-5.2007284367809145e-05,0.002553619454818265
527,1.1105050505050504,0.1709090909090909,-1.57279280074326e-05,0.002665000096456397
528,1.1105050505050504,0.17686868686868687,-1.2030244372538301e-06,0.0027465842425379292
529,1.1105050505050504,0.1828282828282828,-1.6399335162169282e-05,0.0028734219106756843
530,1.1105050505050504,0.18878787878787878,-2.388805798972948e-06,0.0029474694158335892
531,1.1105050505050504,0.19474747474747472,-1.8571394969512333e-05,0.0030296207387948576
532,1.1105050505050504,0.2007070707070707,1.2876892361310821e-05,0.003093673611457061
533,1.1105050505050504,0.20666666666666667,5.0102444959383604e-05,0.0032482461511061734
534,1.1105050505050504,0.2126262626262626,2.3507784521553153e-05,0.003303314533914844
535,1.1105050505050504,0.21858585858585858,-2.5562807077184235e-05,0.00342517270509533
536,1.1105050505050504,0.22454545454545452,5.469562039009368e-06,0.003495763595446685
537,1.1105050505050504,0.2305050505050505,3.5853270928328604e-05,0.0035662932022072985
538,1.1105050505050504,0.23646464646464646,-4.585891198634774e-05,0.003702469017408719
539,1.1105050505050504,0.2424242424242424,-5.162132990360493e-05,0.0037813527206024067
540,1.1105050505050504,0.24838383838383837,1.5962820829826806e-07,0.0038872686032519303
541,1.1105050505050504,0.2543434343434343,-5.03600583052921e-05,0.003984417100409614
542,1.1105050505050504,0.26030303030303026,2.88493194256205e-05,0.004023275744826855
543,1.1105050505050504,0.26626262626262626,8.414629881084769e-05,0.004134503415022318
544,1.1105050505050504,0.2722222222222222,-0.0001005694955402505,0.004200881865930447
545,1.1105050505050504,0.27818181818181814,2.060253825613395e-05,0.004360016201508525
546,1.1105050505050504,0.28414141414141414,-5.745683004544222e-06,0.004475457470725712
547,1.1105050505050504,0.2901010101010101,-1.767411338577496e-05,0.004589104557162163
548,1.1105050505050504,0.296060606060606,4.0213510928618325e-05,0.004623963187258281
549,1.1105050505050504,0.302020202020202,2.5876449162874016e-05,0.004751723255720934
550,1.1105050505050504,0.30797979797979796,-1.3046915619924481e-05,0.004841541427602388
551,1.1105050505050504,0.3139393939393939,6.624920834214182e-05,0.004890784629029775
552,1.1105050505050504,0.31989898989898985,7.169172326912381e-05,0.005022925977160443
553,1.1105050505050504,0.32585858585858585,0.00012708188933629466,0.005134449564679864
554,1.1105050505050504,0.3318181818181818,4.113566171953528e-05,0.005140718033346506
555,1.1105050505050504,0.33777777777777773,1.042018815373249e-05,0.0052290102480910825
556,1.1105050505050504,0.34373737373737373,-7.496474045808821e-06,0.0053908604738091516
557,1.1105050505050504,0.3496969696969697,3.297437024818617e-05,0.005485624236207385
558,1.1105050505050504,0.3556565656565656,5.2294328098976825e-05,0.005545989302980809
559,1.1105050505050504,0.3616161616161616,3.3591635092743685e-05,0.005622987336420848
560,1.1105050505050504,0.36757575757575756,-3.971679366798191e-05,0.005698117554713057
561,1.1105050505050504,0.3735353535353535,-2.7410127801936745e-05,0.005912649175168749
562,1.1105050505050504,0.37949494949494944,-4.991401958479729e-05,0.005916484995674166
563,1.1105050505050504,0.38545454545454544,3.647751263398047e-05,0.006015982450968157
564,1.1105050505050504,0.3914141414141414,-1.6178646962188736e-06,0.006079606340338768
565,1.1105050505050504,0.3973737373737373,4.0283595959231976e-05,0.006208385157633775
566,1.1105050505050504,0.4033333333333333,-1.4077725026404974e-05,0.006291250791948345
567,1.1105050505050504,0.40929292929292926,7.767469346626219e-05,0.0064776339415014
568,1.1105050505050504,0.4152525252525252,-3.4636470387130246e-05,0.006441387844037434
569,1.1105050505050504,0.42121212121212115,4.9891428755708347e-05,0.0065826347235189405
570,1.1105050505050504,0.42717171717171715,6.396876939872204e-05,0.006699859692720132
571,1.1105050505050504,0.4331313131313131,-3.2927281157256126e-05,0.006837689601361771
572,1.1105050505050504,0.43909090909090903,1.1339598763553427e-05,0.006830339846534799
573,1.1105050505050504,0.44505050505050503,3.431635630862256e-05,0.006897070685169799
574,1.1105050505050504,0.45101010101010097,-8.282989199092363e-05,0.0070328360695570795
575,1.1105050505050504,0.4569696969696969,-2.2648924166254324e-05,0.0070949498919200245
576,1.1105050505050504,0.4629292929292929,2.278417648800418e-05,0.007272555927948877
577,1.1105050505050504,0.46888888888888886,1.841801393307051e-05,0.0072493553046373985
578,1.1105050505050504,0.4748484848484848,0.0001344715664150976,0.007458665052825332
579,1.1105050505050504,0.48080808080808074,3.277300930882151e-05,0.007549259827019834
580,1.1105050505050504,0.48676767676767674,2.9341916074827102e-05,0.007580560257458011
581,1.1105050505050504,0.4927272727272727,-6.023630599467212e-05,0.007754464980489674
582,1.1105050505050504,0.4986868686868686,-1.7857586753681675e-05,0.00782539061081649
583,1.1105050505050504,0.5046464646464646,7.392064136973242e-07,0.00787915512878746
584,1.1105050505050504,0.5106060606060605,5.9062235407841005e-05,0.008027066057367494
585,1.1105050505050504,0.5165656565656566,-7.731389328952535e-05,0.007926979791915877
586,1.1105050505050504,0.5225252525252525,-1.8152112961150157e-05,0.008269722763972132
587,1.1105050505050504,0.5284848484848484,1.919263574502045e-05,0.008336930916127135
588,1.1105050505050504,0.5344444444444444,6.550819279916664e-05,0.008448126769382888
589,1.1105050505050504,0.5404040404040403,-1.8438025261838132e-06,0.008396548138835228
590,1.1105050505050504,0.5463636363636363,-9.397082650908804e-05,0.008523967933487694
591,1.1105050505050504,0.5523232323232323,-0.0002197222535822972,0.008585020619683727
592,1.1105050505050504,0.5582828282828283,-5.679251735446659e-05,0.008715012930850995
593,1.1105050505050504,0.5642424242424242,9.780538589808427e-05,0.00883484999669386
594,1.1105050505050504,0.5702020202020202,0.00010013999018428526,0.008846054236746868
595,1.1105050505050504,0.5761616161616161,0.00011760892726170084,0.009102424447722567
596,1.1105050505050504,0.582121212121212,8.12039838042251e-05,0.009136137552925642
597,1.1105050505050504,0.588080808080808,0.0001601283314510984,0.009358710410562028
598,1.1105050505050504,0.594040404040404,2.403252630076943e-05,0.009293888178529828
599,1.1105050505050504,0.6,-0.000245973999865929,0.00924071715303772
600,1.1306060606060606,0.01,-1.8575311114075843e-06,0.00018437572337650672
601,1.1306060606060606,0.01595959595959596,-4.37015569628707e-06,0.00029071566506788063
602,1.1306060606060606,0.021919191919191918,2.437471084475484e-06,0.0004038447426790955
603,1.1306060606060606,0.027878787878787878,-2.892602921284415e-06,0.0005161434589223182
604,1.1306060606060606,0.033838383838383834,1.475723406831283e-05,0.0006223292099347793
605,1.1306060606060606,0.0397979797979798,-2.9109843403994473e-06,0.0007255428923201983
606,1.1306060606060606,0.045757575757575754,1.101527081862621e-05,0.0008402411910832633
607,1.1306060606060606,0.05171717171717172,1.77116637327564e-05,0.0009528595626858591
608,1.1306060606060606,0.05767676767676767,7.752636042585292e-06,0.001045654613970503
609,1.1306060606060606,0.06363636363636363,-3.372464582903412e-07,0.0011683874429241656
610,1.1306060606060606,0.06959595959595959,-2.3735744029813287e-05,0.0012892312014676775
611,1.1306060606060606,0.07555555555555554,-2.885660747279497e-05,0.0014030847716550866
612,1.1306060606060606,0.0815151515151515,2.5720694442948354e-05,0.0014889782934887628
613,1.1306060606060606,0.08747474747474746,-1.716884553911413e-06,0.001613876614985397
614,1.1306060606060606,0.09343434343434343,5.054564719115551e-06,0.001714671569701478
615,1.1306060606060606,0.09939393939393938,-6.930006135584821e-06,0.0018210164459449016
616,1.1306060606060606,0.10535353535353534,-2.2185782405983933e-05,0.0019458164185985436
617,1.1306060606060606,0.1113131313131313,1.0480929838492248e-07,0.002033915007197853
618,1.1306060606060606,0.11727272727272725,1.1486453077956593e-05,0.0021577907098335805
619,1.1306060606060606,0.12323232323232322,-1.795793686351206e-05,0.002258572188980722
620,1.1306060606060606,0.1291919191919192,1.9838365605117082e-05,0.0024070096738024282
621,1.1306060606060606,0.13515151515151513,7.602978096371993e-06,0.0024882390405738036
622,1.1306060606060606,0.1411111111111111,1.4673143407557876e-06,0.0025895123070745715
623,1.1306060606060606,0.14707070707070707,-4.319938202390572e-06,0.0027216766186166845
624,1.1306060606060606,0.15303030303030302,1.0165948503293288e-05,0.0028198790121846075
625,1.1306060606060606,0.158989898989899,-4.49533414084583e-06,0.00291444118016598
626,1.1306060606060606,0.16494949494949493,-1.6390322975363536e-05,0.003000615657744304
627,1.1306060606060606,0.1709090909090909,1.4225918770750112e-05,0.003180919156142613
628,1.1306060606060606,0.17686868686868687,3.248050044713506e-05,0.0032579636135826157
629,1.1306060606060606,0.1828282828282828,-2.7497850502076136e-05,0.003369526019586303
630,1.1306060606060606,0.18878787878787878,1.594732889231091e-05,0.003429627516564552
631,1.1306060606060606,0.19474747474747472,-4.0387853403645465e-05,0.003618632576305591
632,1.1306060606060606,0.2007070707070707,1.3932465222884848e-05,0.0037529823319628762
633,1.1306060606060606,0.20666666666666667,-3.375405037540595e-05,0.003781035076923666
634,1.1306060606060606,0.2126262626262626,2.8949067437626108e-05,0.003918631381036281
635,1.1306060606060606,0.21858585858585858,-6.162336875471026e-05,0.004042381231149379
636,1.1306060606060606,0.22454545454545452,-2.528178125945998e-05,0.004142094302196517
637,1.1306060606060606,0.2305050505050505,-1.7775522189498405e-06,0.0042309935511276675
638,1.1306060606060606,0.23646464646464646,-3.670180496653445e-05,0.004374509871226483
639,1.1306060606060606,0.2424242424242424,1.7980465015256187e-06,0.0044220837245543
640,1.1306060606060606,0.24838383838383837,3.061329272420211e-05,0.004607334550557878
641,1.1306060606060606,0.2543434343434343,-1.607308215785236e-05,0.004604456000595024
642,1.1306060606060606,0.26030303030303026,4.105240536893871e-05,0.004819334795412743
643,1.1306060606060606,0.26626262626262626,-1.7054509924597705e-05,0.004945769103068777
644,1.1306060606060606,0.2722222222222222,-8.302800860632287e-08,0.0050098527816343765
645,1.1306060606060606,0.27818181818181814,2.8542012498063994e-05,0.005107780653809508
646,1.1306060606060606,0.28414141414141414,-4.3781943404267134e-05,0.005217852889833095
647,1.1306060606060606,0.2901010101010101,8.42074125838959e-05,0.005423019109437285
648,1.1306060606060606,0.296060606060606,8.278673124349924e-05,0.005499651001564169
649,1.1306060606060606,0.302020202020202,-4.0726766857136124e-05,0.005536219765181137
650,1.1306060606060606,0.30797979797979796,-5.947959391167995e-05,0.005671063007035624
651,1.1306060606060606,0.3139393939393939,-3.719060052150502e-05,0.005857959492205102
652,1.1306060606060606,0.31989898989898985,7.211767599877093e-05,0.005863151500218823
653,1.1306060606060606,0.32585858585858585,-1.4573656756233611e-05,0.0059385742806785475
654,1.1306060606060606,0.3318181818181818,7.166780532753769e-07,0.006093662680713718
655,1.1306060606060606,0.33777777777777773,-8.040006371470731e-06,0.006264601155460286
656,1.1306060606060606,0.34373737373737373,9.436849191078583e-05,0.006305748116075428
657,1.1306060606060606,0.3496969696969697,6.218662775341535e-05,0.006432892986798879
658,1.1306060606060606,0.3556565656565656,2.7811147768306853e-05,0.006538063822248341
659,1.1306060606060606,0.3616161616161616,-3.889624056570166e-05,0.006653848598257823
660,1.1306060606060606,0.36757575757575756,7.2760461735260295e-06,0.006766344630054591
661,1.1306060606060606,0.3735353535353535,9.646552089348026e-06,0.0068250892566015554
662,1.1306060606060606,0.37949494949494944,2.2921996909717025e-05,0.006971468527809868
663,1.1306060606060606,0.38545454545454544,5.2952887024128794e-05,0.00720057314141064
664,1.1306060606060606,0.3914141414141414,-2.828428432540968e-05,0.007337370707298585
665,1.1306060606060606,0.3973737373737373,-0.0001337597508517154,0.007356978999952947
666,1.1306060606060606,0.4033333333333333,9.424140909739681e-05,0.0074946104407808585
667,1.1306060606060606,0.40929292929292926,-3.520528259035854e-05,0.007634784105580154
668,1.1306060606060606,0.4152525252525252,6.629539130364377e-05,0.007658796048954935
669,1.1306060606060606,0.42121212121212115,-7.08028153727706e-05,0.0078019385867050236
670,1.1306060606060606,0.42717171717171715,8.783076145711006e-05,0.007899933100359888
671,1.1306060606060606,0.4331313131313131,-1.8157054020156894e-05,0.008015393846705191
672,1.1306060606060606,0.43909090909090903,-6.726788594926669e-06,0.008133050722646105
673,1.1306060606060606,0.44505050505050503,-7.55839827649978e-05,0.008207794256873445
674,1.1306060606060606,0.45101010101010097,-7.098662313264939e-05,0.00825630399859077
675,1.1306060606060606,0.4569696969696969,0.00013460348424535574,0.008501266667931372
676,1.1306060606060606,0.4629292929292929,-4.773293726318575e-05,0.008563214033008634
677,1.1306060606060606,0.46888888888888886,7.554155233502003e-06,0.008661375265321184
678,1.1306060606060606,0.4748484848484848,-0.00024471895094366143,0.008615364692047519
679,1.1306060606060606,0.48080808080808074,7.610621743938328e-05,0.008944841912242159
680,1.1306060606060606,0.48676767676767674,7.474110352508951e-05,0.009000036116322207
681,1.1306060606060606,0.4927272727272727,5.1038225885918275e-05,0.00903452679230761
682,1.1306060606060606,0.4986868686868686,0.00014117973331478518,0.009249085904546556
683,1.1306060606060606,0.5046464646464646,-9.769836793803655e-06,0.009308650313956687
684,1.1306060606060606,0.5106060606060605,-0.0001939784314141482,0.009372013138932286
685,1.1306060606060606,0.5165656565656566,-0.00018207149148857397,0.009468382643205249
686,1.1306060606060606,0.5225252525252525,8.992004738586814e-05,0.009771595669473585
687,1.1306060606060606,0.5284848484848484,-6.032799356874373e-05,0.009612001294981614
688,1.1306060606060606,0.5344444444444444,0.000144622145428478,0.009957734223302761
689,1.1306060606060606,0.5404040404040403,-3.861455104581659e-05,0.009861207460985946
690,1.1306060606060606,0.5463636363636363,6.702202533054938e-05,0.010152688321365282
691,1.1306060606060606,0.5523232323232323,-0.0001241655915085877,0.010298486319430651
692,1.1306060606060606,0.5582828282828283,0.00016496576386338085,0.010389290749866798
693,1.1306060606060606,0.5642424242424242,4.9782421325029334e-05,0.01038949694110345
694,1.1306060606060606,0.5702020202020202,4.9861743553929496e-05,0.010549243366918926
695,1.1306060606060606,0.5761616161616161,6.730849357987992e-05,0.010679802141115417
696,1.1306060606060606,0.582121212121212,-3.904864950210064e-05,0.010867179147335829
697,1.1306060606060606,0.588080808080808,0.00011614087499566321,0.010881145894063589
698,1.1306060606060606,0.594040404040404,-9.022732156377736e-05,0.011009960340836678
699,1.1306060606060606,0.6,-0.00018018440233789006,0.011089035830766076
700,1.1507070707070708,0.01,-7.117269752752175e-08,0.0002134827865300583
701,1.1507070707070708,0.01595959595959596,1.3504767304331255e-06,0.00033758723522229653
702,1.1507070707070708,0.021919191919191918,-1.5751655415674026e-06,0.0004639381254193791
703,1.1507070707070708,0.027878787878787878,8.138559977586724e-07,0.0005940285468942406
704,1.1507070707070708,0.033838383838383834,8.673861194802624e-07,0.0007225133789604218
705,1.1507070707070708,0.0397979797979798,-1.0115736369007e-05,0.0008419069892318692
706,1.1507070707070708,0.045757575757575754,-7.338372446876484e-06,0.0009712499250013777
707,1.1507070707070708,0.05171717171717172,6.5955404539843276e-06,0.001095142662630692
708,1.1507070707070708,0.05767676767676767,1.4610168057587524e-05,0.00122163853076744
709,1.1507070707070708,0.06363636363636363,4.338344375244829e-06,0.0013566510160429235
710,1.1507070707070708,0.06959595959595959,-1.4921568573588816e-05,0.0014877376842414418
711,1.1507070707070708,0.07555555555555554,-1.093123957406602e-05,0.0015934380613926618
712,1.1507070707070708,0.0815151515151515,3.330999312964552e-05,0.001732534283222348
713,1.1507070707070708,0.08747474747474746,-2.7767996085793512e-05,0.0018778133210524072
714,1.1507070707070708,0.09343434343434343,1.542987491074843e-05,0.001998558597757201
715,1.1507070707070708,0.09939393939393938,-4.556994384866793e-05,0.002099956180662901
716,1.1507070707070708,0.10535353535353534,-9.835332881685766e-06,0.002228035329035216
717,1.1507070707070708,0.1113131313131313,-1.563641584202594e-05,0.0023438705327595982
718,1.1507070707070708,0.11727272727272725,-2.108019043857864e-05,0.002497121195544334
719,1.1507070707070708,0.12323232323232322,-1.6104072679748793e-05,0.0026077443366736685
720,1.1507070707070708,0.1291919191919192,-1.653709179670122e-05,0.002747343674699485
721,1.1507070707070708,0.13515151515151513,4.101597369538668e-06,0.0028081528392066364
722,1.1507070707070708,0.1411111111111111,-3.424448621931325e-05,0.002990095821166569
723,1.1507070707070708,0.14707070707070707,-3.686098616021314e-05,0.0031223807908060657
724,1.1507070707070708,0.15303030303030302,-3.4755979784995814e-05,0.003269926700798875
725,1.1507070707070708,0.158989898989899,6.079849010564886e-06,0.0033904597632611745
726,1.1507070707070708,0.16494949494949493,6.15686826474707e-05,0.003473748852351417
727,1.1507070707070708,0.1709090909090909,-1.09550713759619e-05,0.0035725884763372147
728,1.1507070707070708,0.17686868686868687,-3.420852470442261e-05,0.0037855898794266316
729,1.1507070707070708,0.1828282828282828,7.651097314973376e-06,0.003883904701466823
730,1.1507070707070708,0.18878787878787878,-2.2583745299383695e-05,0.0039717913400644225
731,1.1507070707070708,0.19474747474747472,9.411405835183517e-06,0.004153200310844896
732,1.1507070707070708,0.2007070707070707,2.0980605416227827e-05,0.004214176370105613
733,1.1507070707070708,0.20666666666666667,2.4374385331243585e-05,0.004449108872128193
734,1.1507070707070708,0.2126262626262626,4.066621198067807e-05,0.004545826004815183
735,1.1507070707070708,0.21858585858585858,-2.285390319612981e-05,0.004714415666684901
736,1.1507070707070708,0.22454545454545452,-1.2972592781891023e-05,0.004798221893194093
737,1.1507070707070708,0.2305050505050505,-3.476531605695202e-05,0.004946725512732942
738,1.1507070707070708,0.23646464646464646,-1.5974873969091108e-05,0.004994541713100527
739,1.1507070707070708,0.2424242424242424,3.1959662099941364e-05,0.005114445154842506
740,1.1507070707070708,0.24838383838383837,-4.6904275130966434e-05,0.005267079996092839
741,1.1507070707070708,0.2543434343434343,5.917121113370416e-05,0.0055368475003256465
742,1.1507070707070708,0.26030303030303026,5.705037173464223e-06,0.005519463314775029
743,1.1507070707070708,0.26626262626262626,-9.239994334691617e-05,0.005606783814547153
744,1.1507070707070708,0.2722222222222222,2.0922170398465422e-05,0.005729968776528538
745,1.1507070707070708,0.27818181818181814,-3.733508059687433e-05,0.0059559874910079455
746,1.1507070707070708,0.28414141414141414,4.281060650767027e-05,0.005989674809526414
747,1.1507070707070708,0.2901010101010101,-5.131668132573942e-05,0.0060985947147852715
748,1.1507070707070708,0.296060606060606,-5.533901445560809e-05,0.006402101417154074
749,1.1507070707070708,0.302020202020202,-2.4913873303045164e-05,0.006371294131899415
750,1.1507070707070708,0.30797979797979796,-6.495572086254216e-05,0.006514773478025492
751,1.1507070707070708,0.3139393939393939,0.00012217231834910875,0.006651394865532515
752,1.1507070707070708,0.31989898989898985,-1.0407298393563368e-05,0.006842826851425045
753,1.1507070707070708,0.32585858585858585,-8.657938642927084e-05,0.006936396398909038
754,1.1507070707070708,0.3318181818181818,0.00011535783483381732,0.007160405072664929
755,1.1507070707070708,0.33777777777777773,2.0354725055900626e-05,0.007185043521705096
756,1.1507070707070708,0.34373737373737373,-0.00010537053646492194,0.007272895533404729
757,1.1507070707070708,0.3496969696969697,-1.6728130087345006e-05,0.007361613123778864
758,1.1507070707070708,0.3556565656565656,-8.722976286166826e-05,0.007593878350045532
759,1.1507070707070708,0.3616161616161616,9.654665828806889e-05,0.0077393063280306144
760,1.1507070707070708,0.36757575757575756,2.301091228359533e-05,0.00774589155505319
761,1.1507070707070708,0.3735353535353535,-5.119219792158668e-05,0.0079579125942198
762,1.1507070707070708,0.37949494949494944,-0.00013179100107648688,0.007928985786415968
763,1.1507070707070708,0.38545454545454544,-7.720577060769985e-06,0.008111078488426985
764,1.1507070707070708,0.3914141414141414,-0.0001666020902469675,0.008299804867873892
765,1.1507070707070708,0.3973737373737373,-0.00010768817240641979,0.00843493677171326
766,1.1507070707070708,0.4033333333333333,0.00014564141302327518,0.008560992299363055
767,1.1507070707070708,0.40929292929292926,-8.653444565794586e-05,0.008661358217718771
768,1.1507070707070708,0.4152525252525252,-2.8278665904439072e-05,0.008777229701834362
769,1.1507070707070708,0.42121212121212115,-8.674549683868617e-05,0.00900163495902134
770,1.1507070707070708,0.42717171717171715,5.4949444334434296e-05,0.009001027639120434
771,1.1507070707070708,0.4331313131313131,7.337139285245486e-07,0.009265453475828354
772,1.1507070707070708,0.43909090909090903,-5.564498717413326e-05,0.009373862587991815
773,1.1507070707070708,0.44505050505050503,1.186660786010807e-06,0.009666535118972733
774,1.1507070707070708,0.45101010101010097,9.95185112579574e-05,0.00963158224173366
775,1.1507070707070708,0.4569696969696969,8.129632394578035e-06,0.00968618167617819
776,1.1507070707070708,0.4629292929292929,0.00017654127596409972,0.009929236488667328
777,1.1507070707070708,0.46888888888888886,4.909739734952866e-05,0.01005604372914802
778,1.1507070707070708,0.4748484848484848,3.07844695668002e-05,0.010073934421176649
779,1.1507070707070708,0.48080808080808074,7.844853100654691e-05,0.010237282361070644
780,1.1507070707070708,0.48676767676767674,-0.00015214359117542213,0.010329071795790835
781,1.1507070707070708,0.4927272727272727,-1.792603849358758e-05,0.010542123709044953
782,1.1507070707070708,0.4986868686868686,0.00014005656557016059,0.01073654159036565
783,1.1507070707070708,0.5046464646464646,1.0234425125646196e-05,0.010747570234047021
784,1.1507070707070708,0.5106060606060605,-0.0001289687409136894,0.010779774022869512
785,1.1507070707070708,0.5165656565656566,-7.960156899672589e-05,0.0109426841998632
786,1.1507070707070708,0.5225252525252525,0.00011456475657643401,0.011067041737332833
787,1.1507070707070708,0.5284848484848484,-9.813077900494585e-05,0.011131752680085483
788,1.1507070707070708,0.5344444444444444,-4.3038980305692765e-05,0.011472160472841438
789,1.1507070707070708,0.5404040404040403,3.19422706587663e-05,0.011541167946245746
790,1.1507070707070708,0.5463636363636363,3.0148555525519337e-05,0.01173652949106973
791,1.1507070707070708,0.5523232323232323,-9.849598001896009e-05,0.011977421605910522
792,1.1507070707070708,0.5582828282828283,-7.0549132090735e-05,0.011957384095767583
793,1.1507070707070708,0.5642424242424242,1.8241332982190927e-05,0.012014145944465577
794,1.1507070707070708,0.5702020202020202,9.088471660849672e-05,0.012235587816850418
795,1.1507070707070708,0.5761616161616161,-0.00024027427070235304,0.012180558241172838
796,1.1507070707070708,0.582121212121212,0.00019816210214980429,0.012678596304281387
797,1.1507070707070708,0.588080808080808,0.00013706542299351285,0.012594531301054996
798,1.1507070707070708,0.594040404040404,-0.00023695064348834425,0.012669621823128837
799,1.1507070707070708,0.6,-5.178111315852496e-06,0.012831394137142692
800,1.1708080808080807,0.01,1.189946391589969e-06,0.00023967649063063811
801,1.1708080808080807,0.01595959595959596,3.4283156619260846e-06,0.00038289003891899724
802,1.1708080808080807,0.021919191919191918,-3.164960029963626e-06,0.0005290678740035245
803,1.1708080808080807,0.027878787878787878,1.12382989045835e-06,0.0006738957162905092
804,1.1708080808080807,0.033838383838383834,3.6732884850833926e-06,0.0008188075443617468
805,1.1708080808080807,0.0397979797979798,-5.652613528881045e-06,0.0009544129985079013
806,1.1708080808080807,0.045757575757575754,7.892969757225387e-06,0.0010962438081772881
807,1.1708080808080807,0.05171717171717172,-1.3452044374079875e-05,0.0012493501626323336
808,1.1708080808080807,0.05767676767676767,4.0181979666312917e-05,0.0014096113591087582
809,1.1708080808080807,0.06363636363636363,-5.547510117255405e-06,0.0015355287387155336
810,1.1708080808080807,0.06959595959595959,-2.0133771276197797e-05,0.0016706202164973297
811,1.1708080808080807,0.07555555555555554,-3.273142085500701e-05,0.0018321235859347935
812,1.1708080808080807,0.0815151515151515,-3.1248519238619165e-05,0.0019737558467092676
813,1.1708080808080807,0.08747474747474746,1.1830311163130613e-05,0.0020990103860554304
814,1.1708080808080807,0.09343434343434343,8.232748411074498e-06,0.0022527856597771945
815,1.1708080808080807,0.09939393939393938,3.1415101356007446e-05,0.002404939628714049
816,1.1708080808080807,0.10535353535353534,-1.4990957573531415e-06,0.0025335904206262865
817,1.1708080808080807,0.1113131313131313,-1.5107595708462762e-06,0.0026495936488708134
818,1.1708080808080807,0.11727272727272725,8.347240613090534e-06,0.0028314626174805444
819,1.1708080808080807,0.12323232323232322,3.106053784463274e-05,0.0029667814862874655
820,1.1708080808080807,0.1291919191919192,1.5326625424792497e-05,0.003138727301482221
821,1.1708080808080807,0.13515151515151513,0.00010618310375817121,0.0032095800826830636
822,1.1708080808080807,0.1411111111111111,5.106371051497375e-05,0.0033988273423173295
823,1.1708080808080807,0.14707070707070707,-2.8554061305525978e-05,0.003500040733923208
824,1.1708080808080807,0.15303030303030302,1.0189847444345878e-05,0.003717722215407684
825,1.1708080808080807,0.158989898989899,2.6625557221229946e-05,0.003814061680280385
826,1.1708080808080807,0.16494949494949493,7.427437973950535e-06,0.003959841611062645
827,1.1708080808080807,0.1709090909090909,-6.83311107536154e-05,0.004128730969169521
828,1.1708080808080807,0.17686868686868687,-4.204087523750073e-05,0.004284298490160519
829,1.1708080808080807,0.1828282828282828,-4.156150915008927e-05,0.004388629325684951
830,1.1708080808080807,0.18878787878787878,4.322713951088145e-05,0.004532399948840265
831,1.1708080808080807,0.19474747474747472,-0.00010793282280210375,0.004660235155947579
832,1.1708080808080807,0.2007070707070707,1.0518952343340237e-05,0.00483599533725851
833,1.1708080808080807,0.20666666666666667,-2.4192694224915335e-05,0.004970714050661277
834,1.1708080808080807,0.2126262626262626,-0.00011721702722852778,0.005137761061672324
835,1.1708080808080807,0.21858585858585858,-0.00015106957943542863,0.005266411038272477
836,1.1708080808080807,0.22454545454545452,-5.4636026090619625e-05,0.005434966344740841
837,1.1708080808080807,0.2305050505050505,9.469258875443053e-06,0.005584039598365957
838,1.1708080808080807,0.23646464646464646,4.0082724614240904e-05,0.005707210705378728
839,1.1708080808080807,0.2424242424242424,3.850963970126178e-05,0.005829737827148333
840,1.1708080808080807,0.24838383838383837,3.927237663460596e-05,0.0059561512223389535
841,1.1708080808080807,0.2543434343434343,-7.324104522024947e-05,0.00612890679907509
842,1.1708080808080807,0.26030303030303026,2.6733762412777272e-05,0.0062942974314858895
843,1.1708080808080807,0.26626262626262626,1.528820567909076e-05,0.006373934731725176
844,1.1708080808080807,0.2722222222222222,3.759325698388441e-05,0.006605470834061348
845,1.1708080808080807,0.27818181818181814,3.89336150555345e-05,0.00669507230611464
846,1.1708080808080807,0.28414141414141414,7.061189337108873e-05,0.006957331712031838
847,1.1708080808080807,0.2901010101010101,8.096075091192812e-05,0.006922673682492516
848,1.1708080808080807,0.296060606060606,-0.00010396303730674188,0.007165000378699964
849,1.1708080808080807,0.302020202020202,2.4101060852706292e-05,0.007220986325217342
850,1.1708080808080807,0.30797979797979796,-7.552947086117734e-06,0.007508667910670632
851,1.1708080808080807,0.3139393939393939,3.0170689120599913e-05,0.00762493562637422
852,1.1708080808080807,0.31989898989898985,1.41801106938646e-05,0.007723630465694063
853,1.1708080808080807,0.32585858585858585,0.00010461523063930021,0.007833666971999456
854,1.1708080808080807,0.3318181818181818,-5.215402561763872e-05,0.007904822924289808
855,1.1708080808080807,0.33777777777777773,1.6258232441623167e-06,0.008203431476128072
856,1.1708080808080807,0.34373737373737373,-0.00010326401915845922,0.008240463111617052
857,1.1708080808080807,0.3496969696969697,-2.2281980331844988e-05,0.008272611400338806
858,1.1708080808080807,0.3556565656565656,1.6859745191956165e-05,0.008624352480458779
859,1.1708080808080807,0.3616161616161616,-6.740374607065159e-05,0.008720293483529573
860,1.1708080808080807,0.36757575757575756,-0.00023939661135128138,0.008880940696145269
861,1.1708080808080807,0.3735353535353535,2.081172952195227e-05,0.008963206490663426
862,1.1708080808080807,0.37949494949494944,-8.469029464698512e-05,0.009205276092185874
863,1.1708080808080807,0.38545454545454544,3.137002551615307e-05,0.00928872859964937
864,1.1708080808080807,0.3914141414141414,1.630517599385657e-05,0.009315996837431825
865,1.1708080808080807,0.3973737373737373,4.345685390732504e-05,0.009648220769780384
866,1.1708080808080807,0.4033333333333333,-8.678629402196126e-05,0.009674258555750192
867,1.1708080808080807,0.40929292929292926,1.0334252037791036e-05,0.0098195794923759
868,1.1708080808080807,0.4152525252525252,8.80488948961866e-05,0.010033963350847847
869,1.1708080808080807,0.42121212121212115,-0.00017938830271985097,0.010050244819519749
870,1.1708080808080807,0.42717171717171715,-8.11309538587605e-05,0.010214290741586024
871,1.1708080808080807,0.4331313131313131,6.0686126406702666e-05,0.010557618635773796
872,1.1708080808080807,0.43909090909090903,6.784915417723192e-06,0.01052275993128397
873,1.1708080808080807,0.44505050505050503,2.2920945084674803e-05,0.01079830048192251
874,1.1708080808080807,0.45101010101010097,-1.939708174024368e-05,0.010929752235069165
875,1.1708080808080807,0.4569696969696969,-1.127369859103262e-05,0.011072092876523693
876,1.1708080808080807,0.4629292929292929,1.0733523506980259e-05,0.01110476500237863
877,1.1708080808080807,0.46888888888888886,0.00014183208487590995,0.0112709093375275
878,1.1708080808080807,0.4748484848484848,-0.00011841578659484031,0.011561232477595306
879,1.1708080808080807,0.48080808080808074,6.815661861726049e-05,0.011784459988865258
880,1.1708080808080807,0.48676767676767674,8.441260350229805e-05,0.011785738561921466
881,1.1708080808080807,0.4927272727272727,-0.00016382011151600074,0.011872574248900607
882,1.1708080808080807,0.4986868686868686,-4.041998378685436e-05,0.012119570790353293
883,1.1708080808080807,0.5046464646464646,1.674679772119241e-05,0.01223843538157352
884,1.1708080808080807,0.5106060606060605,-0.00013185780729103785,0.012354913971439485
885,1.1708080808080807,0.5165656565656566,-4.180522322009258e-05,0.01245095652208264
886,1.1708080808080807,0.5225252525252525,8.519677239287926e-05,0.012623912787152303
887,1.1708080808080807,0.5284848484848484,-0.00010289212344794931,0.012839374853975656
888,1.1708080808080807,0.5344444444444444,-6.980880361801639e-05,0.012882786511190023
889,1.1708080808080807,0.5404040404040403,-4.7096630254821833e-05,0.012946058787212224
890,1.1708080808080807,0.5463636363636363,0.0001307238986696271,0.013216449096459535
891,1.1708080808080807,0.5523232323232323,-2.691962052520157e-05,0.01322303729954594
892,1.1708080808080807,0.5582828282828283,0.00010470001841725285,0.013509126982962812
893,1.1708080808080807,0.5642424242424242,-9.055073439065752e-05,0.013599641715308376
894,1.1708080808080807,0.5702020202020202,0.00013036365685121628,0.013771492828942088
895,1.1708080808080807,0.5761616161616161,0.00013666785825895366,0.013909688493676823
896,1.1708080808080807,0.582121212121212,-0.0002460233752931181,0.01397501724292244
897,1.1708080808080807,0.588080808080808,9.909537212983804e-05,0.014250930370363764
898,1.1708080808080807,0.594040404040404,-0.00010934841961588839,0.014403029422766783
899,1.1708080808080807,0.6,0.00022890699863975189,0.014655523275565699
900,1.190909090909091,0.01,-2.394364765619206e-06,0.00027013467040677344
901,1.190909090909091,0.01595959595959596,-5.754157024191908e-07,0.00042665074919755305
902,1.190909090909091,0.021919191919191918,-6.430720093187337e-06,0.0005909193247910409
903,1.190909090909091,0.027878787878787878,2.078143351208417e-06,0.0007498675341633853
904,1.190909090909091,0.033838383838383834,1.8477214268965648e-05,0.0009063647521364687
905,1.190909090909091,0.0397979797979798,5.459385660760574e-06,0.0010679369114425573
906,1.190909090909091,0.045757575757575754,-1.2605786337077951e-05,0.0012321027220739988
907,1.190909090909091,0.05171717171717172,-1.8738422302596703e-06,0.0013934442223813889
908,1.190909090909091,0.05767676767676767,1.5082206820822486e-05,0.001556800800334311
909,1.190909090909091,0.06363636363636363,6.802827004966072e-06,0.0017342657669003492
910,1.190909090909091,0.06959595959595959,-3.068742934965586e-05,0.001840538423268658
911,1.190909090909091,0.07555555555555554,-5.605383463025071e-06,0.002024925471286548
912,1.190909090909091,0.0815151515151515,-3.3694344326692825e-06,0.0021906431425007373
913,1.190909090909091,0.08747474747474746,5.4699813102955774e-05,0.002328910555875787
914,1.190909090909091,0.09343434343434343,-5.489170487362805e-06,0.0025388179679429524
915,1.190909090909091,0.09939393939393938,4.249127573363748e-05,0.002660570135312199
916,1.190909090909091,0.10535353535353534,2.5422119838129042e-05,0.002821300901251344
917,1.190909090909091,0.1113131313131313,-1.6521559675623175e-05,0.002977692633593612
918,1.190909090909091,0.11727272727272725,9.66231195772782e-07,0.0031204449533541894
919,1.190909090909091,0.12323232323232322,-4.8487612219895905e-05,0.003311560392139823
920,1.190909090909091,0.1291919191919192,1.813166656236379e-05,0.003488747319127995
921,1.190909090909091,0.13515151515151513,6.721207627494997e-05,0.0036394067857547186
922,1.190909090909091,0.1411111111111111,1.8948058481856743e-05,0.0038023122481966962
923,1.190909090909091,0.14707070707070707,1.1755900635363913e-06,0.003905702513582865
924,1.190909090909091,0.15303030303030302,-2.2562194497570754e-05,0.004105728576727507
925,1.190909090909091,0.158989898989899,-3.531617098154216e-06,0.004274049180174035
926,1.190909090909091,0.16494949494949493,7.608480913990323e-06,0.004451981026965665
927,1.190909090909091,0.1709090909090909,-1.4644997184036446e-05,0.004596721197439264
928,1.190909090909091,0.17686868686868687,2.4165067395856277e-05,0.004725159789259744
929,1.190909090909091,0.1828282828282828,5.945369952199431e-06,0.004908830331247656
930,1.190909090909091,0.18878787878787878,-7.506276710229459e-05,0.005113471202295065
931,1.190909090909091,0.19474747474747472,-3.0346276651247518e-05,0.005228148863620001
932,1.190909090909091,0.2007070707070707,4.608897753452367e-05,0.005365184470638745
933,1.190909090909091,0.20666666666666667,2.29422378073021e-05,0.005502716729179225
934,1.190909090909091,0.2126262626262626,8.017045277049589e-05,0.0057616043970014725
935,1.190909090909091,0.21858585858585858,3.17684727686258e-05,0.005842135783717278
936,1.190909090909091,0.22454545454545452,7.867541377720002e-05,0.0060187906988772725
937,1.190909090909091,0.2305050505050505,3.5484044140014216e-05,0.006178566640181995
938,1.190909090909091,0.23646464646464646,6.189025596068954e-05,0.0063192273761509855
939,1.190909090909091,0.2424242424242424,-4.89418279096423e-06,0.006517245821261983
940,1.190909090909091,0.24838383838383837,-2.7841676612307408e-05,0.006687783877997924
941,1.190909090909091,0.2543434343434343,-7.371741934560905e-06,0.006851224997248346
942,1.190909090909091,0.26030303030303026,-2.8597273488013995e-06,0.007022890573306349
943,1.190909090909091,0.26626262626262626,2.4585978044547395e-05,0.007215485713851231
944,1.190909090909091,0.2722222222222222,6.618044409411586e-05,0.00735939474697384
945,1.190909090909091,0.27818181818181814,-7.067398768833e-07,0.007419614835034714
946,1.190909090909091,0.28414141414141414,6.31934586327785e-05,0.007713720374586818
947,1.190909090909091,0.2901010101010101,4.3238691767544135e-06,0.00785482802306962
948,1.190909090909091,0.296060606060606,-7.937630956457731e-05,0.007930866295555884
949,1.190909090909091,0.302020202020202,-0.000125343247308779,0.008133726503877548
950,1.190909090909091,0.30797979797979796,0.00013522892800149822,0.008256427147816782
951,1.190909090909091,0.3139393939393939,-2.6239704636100157e-05,0.00845779672805897
952,1.190909090909091,0.31989898989898985,-3.000945150837684e-05,0.008690755930476624
953,1.190909090909091,0.32585858585858585,1.283490703111061e-05,0.008882445495911927
954,1.190909090909091,0.3318181818181818,-0.00010692924419660085,0.008978534115152178
955,1.190909090909091,0.33777777777777773,1.1204588804686189e-05,0.009097867638210955
956,1.190909090909091,0.34373737373737373,-1.3350130470368704e-06,0.009311795468645162
957,1.190909090909091,0.3496969696969697,-2.8086738778679588e-05,0.009454137063899177
958,1.190909090909091,0.3556565656565656,-3.296974312276216e-05,0.009624823957158019
959,1.190909090909091,0.3616161616161616,1.4818198469170795e-05,0.009791738954407277
960,1.190909090909091,0.36757575757575756,0.00013694721816463043,0.00996205351950024
961,1.190909090909091,0.3735353535353535,-5.198320622337009e-05,0.01018047153848934
962,1.190909090909091,0.37949494949494944,-6.583661934048753e-05,0.010338192638382645
963,1.190909090909091,0.38545454545454544,5.995748640596512e-05,0.010344515467787025
964,1.190909090909091,0.3914141414141414,-0.00020171479064132628,0.01057361859655407
965,1.190909090909091,0.3973737373737373,-3.3702861289016228e-06,0.010714503559147234
966,1.190909090909091,0.4033333333333333,0.00014125299480805356,0.010980683367282045
967,1.190909090909091,0.40929292929292926,4.4321167909288475e-05,0.010992628808706049
968,1.190909090909091,0.4152525252525252,4.5429119228116165e-05,0.011177352213371603
969,1.190909090909091,0.42121212121212115,4.2799362457593414e-05,0.011333539794510662
970,1.190909090909091,0.42717171717171715,3.786166489270246e-05,0.011559180589512316
971,1.190909090909091,0.4331313131313131,2.338737401653411e-05,0.011827831234684658
972,1.190909090909091,0.43909090909090903,0.00015096958251350625,0.01191557155391178
973,1.190909090909091,0.44505050505050503,-1.6973462292674514e-05,0.012100315694838203
974,1.190909090909091,0.45101010101010097,-7.134995230919994e-06,0.012096098005612779
975,1.190909090909091,0.4569696969696969,-3.8081164146755484e-05,0.012338303776651795
976,1.190909090909091,0.4629292929292929,-2.8620487417904185e-05,0.012414486609305383
977,1.190909090909091,0.46888888888888886,0.0002575934563242036,0.012597785854793092
978,1.190909090909091,0.4748484848484848,8.897242347039212e-05,0.012802666078479071
979,1.190909090909091,0.48080808080808074,-0.0002815341544553621,0.012845456329400214
980,1.190909090909091,0.48676767676767674,-0.00014554071180158032,0.013058384063826077
981,1.190909090909091,0.4927272727272727,-5.2539068534916437e-05,0.013114755258562419
982,1.190909090909091,0.4986868686868686,-0.00015197624435191087,0.013620926505538746
983,1.190909090909091,0.5046464646464646,-7.114747686092637e-05,0.013566215170351479
984,1.190909090909091,0.5106060606060605,-0.00010678249626664434,0.013888655063406702
985,1.190909090909091,0.5165656565656566,7.072874366377323e-05,0.013880760679999276
986,1.190909090909091,0.5225252525252525,-3.32457439580084e-05,0.014229651028820456
987,1.190909090909091,0.5284848484848484,-0.00011505364523266135,0.014307078701142367
988,1.190909090909091,0.5344444444444444,-9.644734074279042e-05,0.014376785473916957
989,1.190909090909091,0.5404040404040403,0.00026543183719454817,0.014830584972552324
990,1.190909090909091,0.5463636363636363,-9.83145446671249e-05,0.014803831949369616
991,1.190909090909091,0.5523232323232323,3.909618137028643e-05,0.015039342693392523
992,1.190909090909091,0.5582828282828283,-7.842985400794066e-05,0.01518225289926337
993,1.190909090909091,0.5642424242424242,0.00028815451360683815,0.015311545840697285
994,1.190909090909091,0.5702020202020202,7.991162965181272e-05,0.015583454353794155
995,1.190909090909091,0.5761616161616161,-1.6048197928687813e-05,0.01574907160310716
996,1.190909090909091,0.582121212121212,0.00013596642055653936,0.015982660839814176
997,1.190909090909091,0.588080808080808,-0.00039873180832725934,0.01587784039430834
998,1.190909090909091,0.594040404040404,3.7190821693060396e-05,0.01623520470434875
999,1.190909090909091,0.6,0.00019406294597765477,0.016190779882915687
1000,1.211010101010101,0.01,-5.833135959458491e-06,0.00029723188570034636
1001,1.211010101010101,0.01595959595959596,4.452302911890382e-06,0.0004698702795396603
1002,1.211010101010101,0.021919191919191918,-4.386923878179883e-06,0.0006523866029182699
1003,1.211010101010101,0.027878787878787878,2.769167358812852e-06,0.0008327581355200304
1004,1.211010101010101,0.033838383838383834,-1.060627358669719e-05,0.0010112080216579864
1005,1.211010101010101,0.0397979797979798,3.0347787092686707e-06,0.0011747519992485662
1006,1.211010101010101,0.045757575757575754,-5.730361670063133e-07,0.0013531695428833476
1007,1.211010101010101,0.05171717171717172,-1.5488253208241542e-06,0.001539006690158705
1008,1.211010101010101,0.05767676767676767,1.3011067931306786e-05,0.0016967678618163174
1009,1.211010101010101,0.06363636363636363,1.2846859591273962e-06,0.0018846748675357431
1010,1.211010101010101,0.06959595959595959,4.650606422561687e-06,0.002085502571599923
1011,1.211010101010101,0.07555555555555554,-3.4474734321812825e-05,0.002232796363348973
1012,1.211010101010101,0.0815151515151515,3.190425615225702e-05,0.0023986993022070053
1013,1.211010101010101,0.08747474747474746,5.595741227060574e-05,0.0026056870859629787
1014,1.211010101010101,0.09343434343434343,-5.535466575539149e-06,0.002769301364186155
1015,1.211010101010101,0.09939393939393938,-5.1226895614664334e-05,0.002923267402214718
1016,1.211010101010101,0.10535353535353534,7.541201708937417e-06,0.0031596321747119774
1017,1.211010101010101,0.1113131313131313,1.7183944326014976e-05,0.003268278118438737
1018,1.211010101010101,0.11727272727272725,2.3482324544211397e-06,0.0034472165217661064
1019,1.211010101010101,0.12323232323232322,1.937682285181057e-05,0.0036026358729307944
1020,1.211010101010101,0.1291919191919192,6.3780526894037795e-06,0.003836140942197119
1021,1.211010101010101,0.13515151515151513,7.148863256224606e-05,0.004037681864873819
1022,1.211010101010101,0.1411111111111111,5.154462588874695e-05,0.004166412196387658
1023,1.211010101010101,0.14707070707070707,-4.638614700742779e-05,0.004391534222309621
1024,1.211010101010101,0.15303030303030302,-5.106484531735908e-05,0.004574194474360954
1025,1.211010101010101,0.158989898989899,7.151665936442447e-05,0.00468751864221105
1026,1.211010101010101,0.16494949494949493,3.895600365404281e-05,0.004885538800800905
1027,1.211010101010101,0.1709090909090909,3.2274097841888173e-06,0.0050062235155601395
1028,1.211010101010101,0.17686868686868687,9.260267891156854e-05,0.005353866663589666
1029,1.211010101010101,0.1828282828282828,9.553393160631474e-05,0.005463579902422635
1030,1.211010101010101,0.18878787878787878,-3.971382648107247e-05,0.00555433369964822
1031,1.211010101010101,0.19474747474747472,-1.67856826774056e-05,0.005841313371931113
1032,1.211010101010101,0.2007070707070707,2.4811651582592244e-05,0.005962642623473494
1033,1.211010101010101,0.20666666666666667,1.3531630302735875e-05,0.006101013900501113
1034,1.211010101010101,0.2126262626262626,-4.6457668648364805e-05,0.006291440283110317
1035,1.211010101010101,0.21858585858585858,1.1415613152340099e-05,0.006490044743248105
1036,1.211010101010101,0.22454545454545452,4.810626555056949e-05,0.006628298545001645
1037,1.211010101010101,0.2305050505050505,8.713051133575623e-06,0.006876388017952084
1038,1.211010101010101,0.23646464646464646,-7.626807162538547e-05,0.007083651619885778
1039,1.211010101010101,0.2424242424242424,-2.551752546252083e-05,0.007277914596175546
1040,1.211010101010101,0.24838383838383837,4.252828313069609e-05,0.007366087966693662
1041,1.211010101010101,0.2543434343434343,-6.141651851059257e-05,0.007660048852801047
1042,1.211010101010101,0.26030303030303026,-7.466675465698175e-05,0.007702365022762105
1043,1.211010101010101,0.26626262626262626,0.00033847389067822946,0.0079374502559174
1044,1.211010101010101,0.2722222222222222,1.0164075553958541e-05,0.008049630337454745
1045,1.211010101010101,0.27818181818181814,-2.5419305996957497e-05,0.008278237721279223
1046,1.211010101010101,0.28414141414141414,-1.803368615809646e-05,0.008528138935218687
1047,1.211010101010101,0.2901010101010101,3.889675484428871e-05,0.008587459209840371
1048,1.211010101010101,0.296060606060606,0.00010256547232685409,0.008836091301406838
1049,1.211010101010101,0.302020202020202,5.852886435613912e-05,0.00901008820539624
1050,1.211010101010101,0.30797979797979796,6.271981597016729e-06,0.009142394582334096
1051,1.211010101010101,0.3139393939393939,9.415820831838562e-06,0.009466018357257893
1052,1.211010101010101,0.31989898989898985,2.3535507829579695e-06,0.009441170252625057
1053,1.211010101010101,0.32585858585858585,-5.480372556439924e-05,0.009673035281748912
1054,1.211010101010101,0.3318181818181818,0.00011446162695178092,0.009986944372854134
1055,1.211010101010101,0.33777777777777773,0.00013066440871363166,0.010161137936139772
1056,1.211010101010101,0.34373737373737373,-9.408916697507722e-05,0.01036496806441902
1057,1.211010101010101,0.3496969696969697,1.4930671460364653e-05,0.010392603828825786
1058,1.211010101010101,0.3556565656565656,-2.442827859931156e-05,0.010531836059046205
1059,1.211010101010101,0.3616161616161616,-8.056434546738084e-05,0.01077901505200794
1060,1.211010101010101,0.36757575757575756,4.373935477718728e-05,0.011003981809864524
1061,1.211010101010101,0.3735353535353535,-5.020551401159622e-05,0.011219422599870483
1062,1.211010101010101,0.37949494949494944,-2.3962658699189454e-05,0.011252925532133654
1063,1.211010101010101,0.38545454545454544,7.514062195090477e-05,0.011673821328399956
1064,1.211010101010101,0.3914141414141414,-6.524008152770446e-05,0.011724555759682807
1065,1.211010101010101,0.3973737373737373,0.00015439778882114937,0.011943838885492025
1066,1.211010101010101,0.4033333333333333,-5.3367974504519254e-05,0.012163040239836387
1067,1.211010101010101,0.40929292929292926,-0.0001434235956756456,0.012192479123469002
1068,1.211010101010101,0.4152525252525252,0.00016917945229655694,0.012416512574004635
1069,1.211010101010101,0.42121212121212115,-0.0001572451004708348,0.012459509477048773
1070,1.211010101010101,0.42717171717171715,0.00022997711473696735,0.012703516657129675
1071,1.211010101010101,0.4331313131313131,0.0001595803248029649,0.012858435079973984
1072,1.211010101010101,0.43909090909090903,5.604553079174661e-05,0.013263782408277905
1073,1.211010101010101,0.44505050505050503,-6.923713382597963e-06,0.013355344894302571
1074,1.211010101010101,0.45101010101010097,-0.00015298680102517962,0.013565694087513463
1075,1.211010101010101,0.4569696969696969,0.00024898311930373446,0.013804266039762453
1076,1.211010101010101,0.4629292929292929,9.244418055502035e-05,0.013770278012663811
1077,1.211010101010101,0.46888888888888886,-0.00015529925310660785,0.013897261026347005
1078,1.211010101010101,0.4748484848484848,-5.429233493415505e-05,0.01430256812224412
1079,1.211010101010101,0.48080808080808074,0.00020374943491274612,0.014367078488867077
1080,1.211010101010101,0.48676767676767674,-0.00020030421833543174,0.014593344407633475
1081,1.211010101010101,0.4927272727272727,5.619156197799191e-05,0.01473847537382291
1082,1.211010101010101,0.4986868686868686,0.00014343561106286727,0.014932811159921273
1083,1.211010101010101,0.5046464646464646,5.7023052400673305e-05,0.015139679362041194
1084,1.211010101010101,0.5106060606060605,-0.00015605356176610287,0.015182222486271645
1085,1.211010101010101,0.5165656565656566,0.000108930567457849,0.015543301039692427
1086,1.211010101010101,0.5225252525252525,0.00011368505588039492,0.015569403326156821
1087,1.211010101010101,0.5284848484848484,-0.00035823270605632793,0.015567177251519838
1088,1.211010101010101,0.5344444444444444,0.00011356508587446683,0.01594877732927455
1089,1.211010101010101,0.5404040404040403,-0.00014608492452285228,0.016123181737775685
1090,1.211010101010101,0.5463636363636363,-0.0002977459771634326,0.016133507824652855
1091,1.211010101010101,0.5523232323232323,-0.00013535322024220138,0.016454983902861195
1092,1.211010101010101,0.5582828282828283,0.00036284062775775096,0.016616477180941305
1093,1.211010101010101,0.5642424242424242,3.9812599607984044e-05,0.01666484017391428
1094,1.211010101010101,0.5702020202020202,-0.00025224540251659477,0.01670630469708224
1095,1.211010101010101,0.5761616161616161,-0.00022204467640939233,0.01720237403752471
1096,1.211010101010101,0.582121212121212,0.0001267480405517958,0.017423060914627923
1097,1.211010101010101,0.588080808080808,-0.00016937931819038592,0.017513912404880674
1098,1.211010101010101,0.594040404040404,0.00012206288402401114,0.017747384066313588
1099,1.211010101010101,0.6,-7.316745260337924e-05,0.017925015939698353
1100,1.231111111111111,0.01,4.10474617549561e-07,0.00032271641833961465
1101,1.231111111111111,0.01595959595959596,-1.2455576566063275e-05,0.0005218012821553002
1102,1.231111111111111,0.021919191919191918,-9.497184995357667e-06,0.0007140982629037645
1103,1.231111111111111,0.027878787878787878,2.0658147328838974e-06,0.0009033053019783561
1104,1.231111111111111,0.033838383838383834,1.2014962201050706e-05,0.0011055286068350388
1105,1.231111111111111,0.0397979797979798,-1.6208209581431953e-05,0.001290208152703688
1106,1.231111111111111,0.045757575757575754,-1.2723111373894558e-05,0.0014796384148958006
1107,1.231111111111111,0.05171717171717172,6.611858023264117e-06,0.0016824822403080926
1108,1.231111111111111,0.05767676767676767,-7.018847888634272e-06,0.0018685302471159247
1109,1.231111111111111,0.06363636363636363,-1.7496486316930903e-06,0.0020878527741595514
1110,1.231111111111111,0.06959595959595959,2.3099731567633587e-05,0.0022298344179409375
1111,1.231111111111111,0.07555555555555554,5.443717125505478e-05,0.002477748455341952
1112,1.231111111111111,0.0815151515151515,-2.2960279335275248e-05,0.0026453285412552027
1113,1.231111111111111,0.08747474747474746,1.4305598090694427e-05,0.002870458284363601
1114,1.231111111111111,0.09343434343434343,4.995828945831018e-05,0.0030135406802549616
1115,1.231111111111111,0.09939393939393938,1.893790310692455e-05,0.0032597683874991176
1116,1.231111111111111,0.10535353535353534,7.652004251713581e-05,0.0034849489974100247
1117,1.231111111111111,0.1113131313131313,8.0148907611418e-05,0.0036782362694658703
1118,1.231111111111111,0.11727272727272725,2.721997697234135e-06,0.0038007156937748697
1119,1.231111111111111,0.12323232323232322,-1.1743643299783135e-05,0.0039892234801155654
1120,1.231111111111111,0.1291919191919192,-7.131624679124351e-05,0.004245620741980606
1121,1.231111111111111,0.13515151515151513,6.57155103526593e-05,0.004420391409827908
1122,1.231111111111111,0.1411111111111111,-2.739705265898146e-05,0.004596367489458636
1123,1.231111111111111,0.14707070707070707,-1.0203755188328412e-05,0.004744136308580777
1124,1.231111111111111,0.15303030303030302,-0.00012211575709524016,0.004872065459887851
1125,1.231111111111111,0.158989898989899,-8.374911037879307e-05,0.005236956029044038
1126,1.231111111111111,0.16494949494949493,7.782548493368013e-05,0.005375356148499596
1127,1.231111111111111,0.1709090909090909,-6.567288827555773e-05,0.005564060411694778
1128,1.231111111111111,0.17686868686868687,3.343099564183621e-05,0.005821366283130976
1129,1.231111111111111,0.1828282828282828,1.8585879092841374e-06,0.005949076338551207
1130,1.231111111111111,0.18878787878787878,3.479810449059817e-05,0.006232370036388712
1131,1.231111111111111,0.19474747474747472,-0.00015708824534984078,0.006271325084363266
1132,1.231111111111111,0.2007070707070707,-0.00015504440743377385,0.006495030500449035
1133,1.231111111111111,0.20666666666666667,-7.686297699758738e-05,0.006747693884315821
1134,1.231111111111111,0.2126262626262626,9.061432563490555e-05,0.006892956167867945
1135,1.231111111111111,0.21858585858585858,-3.93377752624148e-05,0.007107316812566255
1136,1.231111111111111,0.22454545454545452,-3.370875217867256e-05,0.007281402584702674
1137,1.231111111111111,0.2305050505050505,-2.2962800986903064e-06,0.0075171727552565465
1138,1.231111111111111,0.23646464646464646,-4.34711367399151e-06,0.007648899787473414
1139,1.231111111111111,0.2424242424242424,-3.192833826270995e-05,0.007865589845416866
1140,1.231111111111111,0.24838383838383837,6.11984076699869e-05,0.008162988060897868
1141,1.231111111111111,0.2543434343434343,4.1663028708358374e-05,0.00828382021229675
1142,1.231111111111111,0.26030303030303026,-0.0002001192334969478,0.008469384215265125
1143,1.231111111111111,0.26626262626262626,-8.358719856113685e-05,0.008679661811511707
1144,1.231111111111111,0.2722222222222222,-9.690025464152041e-06,0.008816883584915464
1145,1.231111111111111,0.27818181818181814,1.9526847002678817e-07,0.00911127642313471
1146,1.231111111111111,0.28414141414141414,-0.0001473031404517672,0.00927790108249254
1147,1.231111111111111,0.2901010101010101,-5.32769047865301e-05,0.009542875090450086
1148,1.231111111111111,0.296060606060606,0.00011540046218806497,0.00960487485870085
1149,1.231111111111111,0.302020202020202,-2.509576001708237e-05,0.009999273570927246
1150,1.231111111111111,0.30797979797979796,8.969298377592794e-06,0.010039020252665834
1151,1.231111111111111,0.3139393939393939,3.310627995786801e-05,0.010307326416775689
1152,1.231111111111111,0.31989898989898985,6.290892743202769e-05,0.01035769743069135
1153,1.231111111111111,0.32585858585858585,0.0001751119812878856,0.010711809613159191
1154,1.231111111111111,0.3318181818181818,4.210387739182487e-05,0.010721122145288314
1155,1.231111111111111,0.33777777777777773,-5.963419880942129e-05,0.0109421204072968
1156,1.231111111111111,0.34373737373737373,-2.9590591302192858e-05,0.011230034562283933
1157,1.231111111111111,0.3496969696969697,-1.0900669257725914e-05,0.01145736748363946
1158,1.231111111111111,0.3556565656565656,-0.00011410544634623332,0.011828334228564427
1159,1.231111111111111,0.3616161616161616,0.00013055416561491803,0.011621763141673916
1160,1.231111111111111,0.36757575757575756,1.186084656600026e-05,0.012000833935014072
1161,1.231111111111111,0.3735353535353535,2.727803991322101e-05,0.012152126291838037
1162,1.231111111111111,0.37949494949494944,0.0001630217212548367,0.012472968154824765
1163,1.231111111111111,0.38545454545454544,0.00015031027967905998,0.012609096031517344
1164,1.231111111111111,0.3914141414141414,-7.820147214343654e-05,0.012670391723418434
1165,1.231111111111111,0.3973737373737373,-0.00010592691863461723,0.013046320513000927
1166,1.231111111111111,0.4033333333333333,0.00010109756872800447,0.013166194534389076
1167,1.231111111111111,0.40929292929292926,-2.721420349739655e-05,0.013302069124484703
1168,1.231111111111111,0.4152525252525252,0.00032909036415071407,0.013593704684232082
1169,1.231111111111111,0.42121212121212115,-1.2316125044507088e-05,0.013651608956689262
1170,1.231111111111111,0.42717171717171715,-0.00018457151546504496,0.014071361231062163
1171,1.231111111111111,0.4331313131313131,3.8792860690464006e-05,0.01424244107171535
1172,1.231111111111111,0.43909090909090903,0.00024304428554261599,0.014416622480366327
1173,1.231111111111111,0.44505050505050503,-1.7680182532478038e-05,0.014640147379582438
1174,1.231111111111111,0.45101010101010097,0.0001235349865381672,0.014844926029523486
1175,1.231111111111111,0.4569696969696969,1.243549944710377e-05,0.015037523917686705
1176,1.231111111111111,0.4629292929292929,-0.00021655516839435998,0.015289491529747063
1177,1.231111111111111,0.46888888888888886,-7.194642282010668e-05,0.015393888338742764
1178,1.231111111111111,0.4748484848484848,-0.0002896306753461645,0.015469058665929673
1179,1.231111111111111,0.48080808080808074,-1.807804074721825e-05,0.015572004570643781
1180,1.231111111111111,0.48676767676767674,0.00033606088692341205,0.01593491757557599
1181,1.231111111111111,0.4927272727272727,0.0001327523400027294,0.016155318450468668
1182,1.231111111111111,0.4986868686868686,-5.6580641542519626e-05,0.01617245341720192
1183,1.231111111111111,0.5046464646464646,-0.00018733344888634246,0.016748755313290068
1184,1.231111111111111,0.5106060606060605,2.751720414862271e-05,0.016643370386376487
1185,1.231111111111111,0.5165656565656566,8.195396923309541e-05,0.01697902344663027
1186,1.231111111111111,0.5225252525252525,6.882431150159174e-06,0.017036246688580527
1187,1.231111111111111,0.5284848484848484,4.445416218353883e-05,0.0172891886189982
1188,1.231111111111111,0.5344444444444444,3.89839368292761e-05,0.017443611930519493
1189,1.231111111111111,0.5404040404040403,0.00022365625078812012,0.017880150624595366
1190,1.231111111111111,0.5463636363636363,-0.00022454305812597157,0.017756910832484096
1191,1.231111111111111,0.5523232323232323,-0.00013051366815586038,0.01813325485349286
1192,1.231111111111111,0.5582828282828283,-8.316182703661648e-05,0.018092719007244296
1193,1.231111111111111,0.5642424242424242,8.210796619580884e-06,0.01847405751038753
1194,1.231111111111111,0.5702020202020202,-1.915886615035518e-05,0.018763346426682148
1195,1.231111111111111,0.5761616161616161,9.260691637863477e-05,0.01897510613763278
1196,1.231111111111111,0.582121212121212,0.00028150106972453574,0.01918806279444176
1197,1.231111111111111,0.588080808080808,-6.549547130404779e-05,0.019244690898700872
1198,1.231111111111111,0.594040404040404,-5.4653870954674775e-05,0.019363855645953085
1199,1.231111111111111,0.6,5.032387336567301e-06,0.019986960134424456
1200,1.2512121212121212,0.01,-1.2960820114029548e-06,0.0003507908199798342
1201,1.2512121212121212,0.01595959595959596,-3.1263409298447842e-06,0.0005592924349917949
1202,1.2512121212121212,0.021919191919191918,1.812129643591842e-06,0.0007774683885088625
1203,1.2512121212121212,0.027878787878787878,6.706361330147792e-06,0.0009906822123805627
1204,1.2512121212121212,0.033838383838383834,3.451282979633519e-06,0.001189385230583031
1205,1.2512121212121212,0.0397979797979798,1.2893977518599575e-05,0.001412965131267022
1206,1.2512121212121212,0.045757575757575754,-2.0992844204124515e-05,0.0016137458582696797
1207,1.2512121212121212,0.05171717171717172,1.3586348324470287e-05,0.0018235811307103333
1208,1.2512121212121212,0.05767676767676767,-2.023731649899063e-05,0.0020450945184128395
1209,1.2512121212121212,0.06363636363636363,3.941659357465963e-05,0.002242305058006808
1210,1.2512121212121212,0.06959595959595959,-3.302122014438128e-05,0.002456334982577172
1211,1.2512121212121212,0.07555555555555554,-2.7799304646296917e-05,0.002663626770071032
1212,1.2512121212121212,0.0815151515151515,1.7905592154077965e-05,0.002839603758370346
1213,1.2512121212121212,0.08747474747474746,7.2728473034855636e-06,0.0031044597181317615
1214,1.2512121212121212,0.09343434343434343,3.0745413842821114e-05,0.0033320909217542357
1215,1.2512121212121212,0.09939393939393938,-7.744507637507559e-07,0.003521186461958528
1216,1.2512121212121212,0.10535353535353534,7.6900865906941e-06,0.0037703986703624933
1217,1.2512121212121212,0.1113131313131313,2.0866034262960687e-05,0.003943806132805235
1218,1.2512121212121212,0.11727272727272725,-2.081298839668485e-05,0.004176649346167903
1219,1.2512121212121212,0.12323232323232322,-2.1494905459528635e-05,0.004384395521959295
1220,1.2512121212121212,0.1291919191919192,-1.2121101770218278e-05,0.0045790409330080184
1221,1.2512121212121212,0.13515151515151513,1.92978789705747e-05,0.004797790626016661
1222,1.2512121212121212,0.1411111111111111,-1.3605597336636654e-05,0.004998246127371274
1223,1.2512121212121212,0.14707070707070707,-6.426563573892941e-06,0.005195360203661263
1224,1.2512121212121212,0.15303030303030302,-1.3326315816402722e-05,0.005416257445750184
1225,1.2512121212121212,0.158989898989899,-3.1935993784392826e-06,0.005606779511390853
1226,1.2512121212121212,0.16494949494949493,-3.8224496269471676e-05,0.0058893137059457725
1227,1.2512121212121212,0.1709090909090909,5.957159485122987e-07,0.0059974070347596714
1228,1.2512121212121212,0.17686868686868687,-8.74044593134915e-06,0.006277458421803392
1229,1.2512121212121212,0.1828282828282828,-3.209501983317983e-05,0.006532849301020212
1230,1.2512121212121212,0.18878787878787878,1.2309058731194823e-05,0.006639344453040111
1231,1.2512121212121212,0.19474747474747472,6.362698633332143e-05,0.0068966185316402745
1232,1.2512121212121212,0.2007070707070707,-8.124230135149346e-05,0.0071857653313100525
1233,1.2512121212121212,0.20666666666666667,-6.971926412721272e-05,0.0072484354130980975
1234,1.2512121212121212,0.2126262626262626,-8.753642285062353e-05,0.00758031711855738
1235,1.2512121212121212,0.21858585858585858,-0.00010838287308756624,0.007767178533143046
1236,1.2512121212121212,0.22454545454545452,6.430154233023345e-05,0.00800918002041096
1237,1.2512121212121212,0.2305050505050505,0.00014845221030581834,0.008201531796008178
1238,1.2512121212121212,0.23646464646464646,3.214837931240559e-05,0.008408578246629217
1239,1.2512121212121212,0.2424242424242424,0.00012958867830308314,0.008547913945335916
1240,1.2512121212121212,0.24838383838383837,3.931671802695893e-05,0.008853227207113885
1241,1.2512121212121212,0.2543434343434343,0.00024227513970941336,0.00910581853134925
1242,1.2512121212121212,0.26030303030303026,1.8730805257326723e-05,0.009204971510170296
1243,1.2512121212121212,0.26626262626262626,-0.00010839817168582022,0.009392437552252027
1244,1.2512121212121212,0.2722222222222222,7.592976952610027e-05,0.009605527145033672
1245,1.2512121212121212,0.27818181818181814,-1.1519668722189447e-05,0.009919602999812645
1246,1.2512121212121212,0.28414141414141414,-9.900389962660062e-05,0.009948824290438753
1247,1.2512121212121212,0.2901010101010101,4.503199556447991e-05,0.010169720160163051
1248,1.2512121212121212,0.296060606060606,-5.61881625650932e-05,0.010454789424334318
1249,1.2512121212121212,0.302020202020202,9.880357859243446e-05,0.010635043088854953
1250,1.2512121212121212,0.30797979797979796,-8.00691908190578e-05,0.010856560641372701
1251,1.2512121212121212,0.3139393939393939,4.946617974184341e-05,0.011291681085035551
1252,1.2512121212121212,0.31989898989898985,-9.612347525642386e-05,0.011440301611054178
1253,1.2512121212121212,0.32585858585858585,-1.643099594959164e-05,0.011784295633758192
1254,1.2512121212121212,0.3318181818181818,1.787390343407641e-05,0.011852099461222513
1255,1.2512121212121212,0.33777777777777773,7.4188348264634e-05,0.01199418141698498
1256,1.2512121212121212,0.34373737373737373,-0.00012010668146017527,0.012249140043235076
1257,1.2512121212121212,0.3496969696969697,-0.00020977913857455127,0.012404434536181081
1258,1.2512121212121212,0.3556565656565656,-4.3509590973260284e-05,0.012545851791151261
1259,1.2512121212121212,0.3616161616161616,-0.00012999984803668019,0.012853789644627134
1260,1.2512121212121212,0.36757575757575756,3.385969533613937e-05,0.013213848310181327
1261,1.2512121212121212,0.3735353535353535,2.6334814212665835e-05,0.013227323357311218
1262,1.2512121212121212,0.37949494949494944,2.7931507200839356e-05,0.013514725981064334
1263,1.2512121212121212,0.38545454545454544,-0.0002656176921104784,0.013556905123960373
1264,1.2512121212121212,0.3914141414141414,-6.389969918789974e-05,0.013796216434477508
1265,1.2512121212121212,0.3973737373737373,-0.0001931154103380803,0.0139499757729325
1266,1.2512121212121212,0.4033333333333333,-0.00020805120312854762,0.014477110067723651
1267,1.2512121212121212,0.40929292929292926,-0.0002204719398759627,0.014451776057652304
1268,1.2512121212121212,0.4152525252525252,-7.084633937364153e-05,0.014751032805972631
1269,1.2512121212121212,0.42121212121212115,-9.526475557493317e-05,0.014952289596588774
1270,1.2512121212121212,0.42717171717171715,0.0002500000158549772,0.015178069125922919
1271,1.2512121212121212,0.4331313131313131,9.428706949802528e-05,0.01540747359451065
1272,1.2512121212121212,0.43909090909090903,-4.845278208353919e-05,0.015503707003170756
1273,1.2512121212121212,0.44505050505050503,0.000211437432894137,0.015718248326971464
1274,1.2512121212121212,0.45101010101010097,0.00013655430523402186,0.015994259679610268
1275,1.2512121212121212,0.4569696969696969,-0.0002472383001318416,0.016196514142267936
1276,1.2512121212121212,0.4629292929292929,-2.474424866355617e-05,0.016596214086911296
1277,1.2512121212121212,0.46888888888888886,-0.00017013885872681043,0.016710624706157508
1278,1.2512121212121212,0.4748484848484848,-1.503811209334247e-05,0.016797347587338935
1279,1.2512121212121212,0.48080808080808074,0.0002914024338613721,0.017092541490776145
1280,1.2512121212121212,0.48676767676767674,-5.181881124299533e-05,0.01731842443267326
1281,1.2512121212121212,0.4927272727272727,0.0001111562016666475,0.017315006481601183
1282,1.2512121212121212,0.4986868686868686,4.616420244359298e-06,0.017816217610544288
1283,1.2512121212121212,0.5046464646464646,-0.0001610534192094538,0.017808058684718218
1284,1.2512121212121212,0.5106060606060605,0.00024785970952731674,0.018379106905938487
1285,1.2512121212121212,0.5165656565656566,-0.0002934715690395935,0.018151263658691023
1286,1.2512121212121212,0.5225252525252525,0.00017914238188321735,0.018726292683137576
1287,1.2512121212121212,0.5284848484848484,-8.706963032023232e-05,0.018892258979817934
1288,1.2512121212121212,0.5344444444444444,9.414369980256954e-05,0.018788765987814142
1289,1.2512121212121212,0.5404040404040403,-0.00013276565656872224,0.019121117070777658
1290,1.2512121212121212,0.5463636363636363,0.00016026013933448719,0.019374456571948553
1291,1.2512121212121212,0.5523232323232323,-1.9601243495496723e-05,0.019749974414003398
1292,1.2512121212121212,0.5582828282828283,-0.0003802291066995952,0.019698219402079904
1293,1.2512121212121212,0.5642424242424242,-6.312142950488587e-05,0.020182944493259095
1294,1.2512121212121212,0.5702020202020202,0.000195478775517266,0.020394087648736372
1295,1.2512121212121212,0.5761616161616161,5.5199459591053655e-05,0.02039590946978662
1296,1.2512121212121212,0.582121212121212,-0.00035104741572393846,0.02062010908371996
1297,1.2512121212121212,0.588080808080808,0.00026128095333957896,0.020929284085799086
1298,1.2512121212121212,0.594040404040404,0.0002085714684567831,0.021261357898644744
1299,1.2512121212121212,0.6,8.840730992009105e-07,0.02140713883548071
1300,1.2713131313131314,0.01,-2.4948914239571573e-06,0.00038250328382003965
1301,1.2713131313131314,0.01595959595959596,1.2824188805455272e-05,0.0006115663372756441
1302,1.2713131313131314,0.021919191919191918,-1.2859919741655235e-06,0.0008473048188477624
1303,1.2713131313131314,0.027878787878787878,6.222464055972143e-06,0.0010696551666076989
1304,1.2713131313131314,0.033838383838383834,-2.7475074814038436e-06,0.0012830295004033153
1305,1.2713131313131314,0.0397979797979798,5.750654327644877e-06,0.0015239315751867557
1306,1.2713131313131314,0.045757575757575754,1.1606170055766529e-05,0.0017526411175360834
1307,1.2713131313131314,0.05171717171717172,-1.431180318736569e-07,0.0019814016023443357
1308,1.2713131313131314,0.05767676767676767,-1.1821558434896696e-05,0.0022054604338948036
1309,1.2713131313131314,0.06363636363636363,3.119904949963146e-05,0.0024250006195385165
1310,1.2713131313131314,0.06959595959595959,-2.538757101547593e-05,0.0026962255308689686
1311,1.2713131313131314,0.07555555555555554,-7.189444993549488e-05,0.0028855653489903315
1312,1.2713131313131314,0.0815151515151515,3.38464328344394e-05,0.0031257310347960338
1313,1.2713131313131314,0.08747474747474746,-3.548692380392785e-05,0.0033626473723572933
1314,1.2713131313131314,0.09343434343434343,5.199445999054066e-05,0.00355234228399405
1315,1.2713131313131314,0.09939393939393938,-6.196230842942958e-05,0.0037690271085711142
1316,1.2713131313131314,0.10535353535353534,5.04649718232539e-05,0.004004984115362584
1317,1.2713131313131314,0.1113131313131313,6.752683032062312e-05,0.004267660164426712
1318,1.2713131313131314,0.11727272727272725,1.9621091340121465e-05,0.004464851437378665
1319,1.2713131313131314,0.12323232323232322,-7.467474306725953e-05,0.004692492102182148
1320,1.2713131313131314,0.1291919191919192,-2.8745573190289876e-05,0.00496362313482844
1321,1.2713131313131314,0.13515151515151513,-4.3686899783593114e-05,0.005191453215928145
1322,1.2713131313131314,0.1411111111111111,-9.143477625863527e-06,0.005378432277706674
1323,1.2713131313131314,0.14707070707070707,1.4817648369320902e-05,0.0056206992772940495
1324,1.2713131313131314,0.15303030303030302,-5.0412215537741265e-05,0.005874731632129309
1325,1.2713131313131314,0.158989898989899,1.6278563000627854e-05,0.006085142601329476
1326,1.2713131313131314,0.16494949494949493,-2.9240795235098405e-05,0.006340541829000759
1327,1.2713131313131314,0.1709090909090909,-0.00010415692003141306,0.006541233141819081
1328,1.2713131313131314,0.17686868686868687,9.6910165395233e-06,0.006744769445683909
1329,1.2713131313131314,0.1828282828282828,0.00013336627044017722,0.0069453118549788915
1330,1.2713131313131314,0.18878787878787878,-0.0001764958838974343,0.0071993083383684355
1331,1.2713131313131314,0.19474747474747472,-0.00015549867874835842,0.0075216890594614165
1332,1.2713131313131314,0.2007070707070707,7.950618783084684e-06,0.007675755186920969
1333,1.2713131313131314,0.20666666666666667,0.00011696790322436507,0.007957446220983164
1334,1.2713131313131314,0.2126262626262626,3.908986708298528e-05,0.008108529546128531
1335,1.2713131313131314,0.21858585858585858,-1.5838621968992995e-05,0.00833174154495104
1336,1.2713131313131314,0.22454545454545452,-2.0687957146032885e-06,0.00854752755252005
1337,1.2713131313131314,0.2305050505050505,-7.180283168632849e-05,0.008813551685232793
1338,1.2713131313131314,0.23646464646464646,2.492099677932458e-05,0.00910040985026998
1339,1.2713131313131314,0.2424242424242424,-5.615848324406152e-05,0.009233655707630262
1340,1.2713131313131314,0.24838383838383837,-7.520812223023478e-05,0.009499334312108032
1341,1.2713131313131314,0.2543434343434343,0.00010116413629251462,0.0097354179294658
1342,1.2713131313131314,0.26030303030303026,-2.408162751798082e-05,0.01007510033112336
1343,1.2713131313131314,0.26626262626262626,8.59043149263904e-06,0.01013204116015201
1344,1.2713131313131314,0.2722222222222222,-0.00010341510958501772,0.010421547266458775
1345,1.2713131313131314,0.27818181818181814,-8.841594822266263e-06,0.010681412025769289
1346,1.2713131313131314,0.28414141414141414,-7.569670517613558e-06,0.010956715845849098
1347,1.2713131313131314,0.2901010101010101,0.00010767201099914861,0.01123127286069787
1348,1.2713131313131314,0.296060606060606,-2.1109204262659244e-05,0.01145789249424585
1349,1.2713131313131314,0.302020202020202,-0.00017381161819782603,0.01143558097250711
1350,1.2713131313131314,0.30797979797979796,-6.007845611243619e-05,0.011784141746364633
1351,1.2713131313131314,0.3139393939393939,7.096527519689709e-05,0.012089681938453258
1352,1.2713131313131314,0.31989898989898985,-0.00017170438729673595,0.01231414642365096
1353,1.2713131313131314,0.32585858585858585,-3.547808429483384e-05,0.01251989610914084
1354,1.2713131313131314,0.3318181818181818,2.3173745086721764e-06,0.012565173900477039
1355,1.2713131313131314,0.33777777777777773,-0.00014169536661521928,0.012972262306678107
1356,1.2713131313131314,0.34373737373737373,0.00010450354872547021,0.013093609796518456
1357,1.2713131313131314,0.3496969696969697,-9.830947362186994e-05,0.013289029527193307
1358,1.2713131313131314,0.3556565656565656,9.68444059042452e-05,0.013753987403015373
1359,1.2713131313131314,0.3616161616161616,5.3326667846454026e-05,0.01394325567347797
1360,1.2713131313131314,0.36757575757575756,0.00042212611606628954,0.01409723966988
1361,1.2713131313131314,0.3735353535353535,-5.330348033229571e-05,0.014381430868428607
1362,1.2713131313131314,0.37949494949494944,-3.747239757294727e-05,0.014495561503406348
1363,1.2713131313131314,0.38545454545454544,-0.00017584907071155456,0.014674356204489331
1364,1.2713131313131314,0.3914141414141414,-0.00010104580798221817,0.015130109806900207
1365,1.2713131313131314,0.3973737373737373,-5.7413994697055735e-05,0.015265285275739247
1366,1.2713131313131314,0.4033333333333333,0.00010400979371336244,0.015347764135832826
1367,1.2713131313131314,0.40929292929292926,0.00011877225898462104,0.01571169903743256
1368,1.2713131313131314,0.4152525252525252,-4.832260356471441e-07,0.01609849243621053
1369,1.2713131313131314,0.42121212121212115,-1.925031388845366e-06,0.016084847443689175
1370,1.2713131313131314,0.42717171717171715,-0.00010902983572422079,0.016337389171125198
1371,1.2713131313131314,0.4331313131313131,-0.00024002701689136848,0.016529472566581216
1372,1.2713131313131314,0.43909090909090903,0.0005100603959124735,0.016841857058003572
1373,1.2713131313131314,0.44505050505050503,-0.00017138642431455765,0.01713432244123559
1374,1.2713131313131314,0.45101010101010097,-0.0001716813317171812,0.017391324236927925
1375,1.2713131313131314,0.4569696969696969,-2.3220412173712622e-05,0.01748318253147723
1376,1.2713131313131314,0.4629292929292929,-0.0002208405511944719,0.01779973973098459
1377,1.2713131313131314,0.46888888888888886,0.00011722436397669651,0.01794422759555567
1378,1.2713131313131314,0.4748484848484848,0.00025244910351264027,0.01828870767377462
1379,1.2713131313131314,0.48080808080808074,0.00023311389368160307,0.018599246319404877
1380,1.2713131313131314,0.48676767676767674,7.542230369410019e-06,0.018691285203446567
1381,1.2713131313131314,0.4927272727272727,-0.0004361946275315371,0.019102167806789968
1382,1.2713131313131314,0.4986868686868686,9.323240418648452e-05,0.01946628370873667
1383,1.2713131313131314,0.5046464646464646,0.0001248277472459003,0.019479458528801414
1384,1.2713131313131314,0.5106060606060605,-8.820452148911403e-05,0.019671712165800336
1385,1.2713131313131314,0.5165656565656566,-0.00024196464367727096,0.01998021626892905
1386,1.2713131313131314,0.5225252525252525,-5.8942043048090496e-05,0.02003185730266611
1387,1.2713131313131314,0.5284848484848484,-0.00013575235689995726,0.02018647272079318
1388,1.2713131313131314,0.5344444444444444,0.0001438052764845503,0.020563773752296222
1389,1.2713131313131314,0.5404040404040403,-6.892811137372616e-05,0.020774249318544397
1390,1.2713131313131314,0.5463636363636363,0.0003570300979500718,0.021176984403268057
1391,1.2713131313131314,0.5523232323232323,-0.00032705897827457883,0.021205718805161297
1392,1.2713131313131314,0.5582828282828283,8.306901871043647e-05,0.021540236994815665
1393,1.2713131313131314,0.5642424242424242,-0.0005144691629896763,0.021475799659296704
1394,1.2713131313131314,0.5702020202020202,-0.00015233391696153412,0.021661411421537203
1395,1.2713131313131314,0.5761616161616161,0.00010784452036135259,0.022072824756156195
1396,1.2713131313131314,0.582121212121212,-6.096454158543164e-05,0.022329359908520575
1397,1.2713131313131314,0.588080808080808,6.929187013713162e-05,0.022915388088486015
1398,1.2713131313131314,0.594040404040404,0.0005724583925883973,0.022917510718161775
1399,1.2713131313131314,0.6,0.0001707375273195064,0.023024285941938775
1400,1.2914141414141413,0.01,-3.1747740056665694e-07,0.00041642638181349154
1401,1.2914141414141413,0.01595959595959596,1.0714104047902883e-05,0.0006569457478278675
1402,1.2914141414141413,0.021919191919191918,1.3328565304820628e-06,0.0009083619418323192
1403,1.2914141414141413,0.027878787878787878,3.9447450610564314e-06,0.0011356974001275385
1404,1.2914141414141413,0.033838383838383834,1.1143693621078754e-05,0.0013801548078066289
1405,1.2914141414141413,0.0397979797979798,6.921929105728652e-06,0.0016071779449584392
1406,1.2914141414141413,0.045757575757575754,-8.652841785123777e-06,0.0018552602003775016
1407,1.2914141414141413,0.05171717171717172,1.091618807725495e-05,0.002100864074599447
1408,1.2914141414141413,0.05767676767676767,3.2449123002905686e-05,0.0023668530995753032
1409,1.2914141414141413,0.06363636363636363,2.64154935844063e-05,0.002609119020149467
1410,1.2914141414141413,0.06959595959595959,4.007008970660744e-05,0.002841852669232176
1411,1.2914141414141413,0.07555555555555554,-1.039819896901607e-05,0.0030883057560012594
1412,1.2914141414141413,0.0815151515151515,-1.1958408194206394e-05,0.003331925551055077
1413,1.2914141414141413,0.08747474747474746,-2.3948140663564633e-05,0.0035858257743308984
1414,1.2914141414141413,0.09343434343434343,4.4390379230051143e-05,0.003853298522133942
1415,1.2914141414141413,0.09939393939393938,1.8424367737116364e-05,0.004093910220034834
1416,1.2914141414141413,0.10535353535353534,-2.382030895716002e-05,0.004242578213552965
1417,1.2914141414141413,0.1113131313131313,7.073202697558697e-05,0.004535965390409501
1418,1.2914141414141413,0.11727272727272725,8.987832671715594e-05,0.004805586022011124
1419,1.2914141414141413,0.12323232323232322,-3.507336228345448e-06,0.005117917358976634
1420,1.2914141414141413,0.1291919191919192,-1.7510395411950643e-05,0.005366927096770491
1421,1.2914141414141413,0.13515151515151513,4.9536910744882824e-05,0.005549800567060134
1422,1.2914141414141413,0.1411111111111111,2.406425783510946e-06,0.005780196670727114
1423,1.2914141414141413,0.14707070707070707,9.419504895419363e-05,0.006088470844844043
1424,1.2914141414141413,0.15303030303030302,-5.704873385161661e-05,0.006225725809601129
1425,1.2914141414141413,0.158989898989899,3.0510479202420547e-05,0.006587737953022249
1426,1.2914141414141413,0.16494949494949493,4.2158221348008565e-05,0.006666619548464288
1427,1.2914141414141413,0.1709090909090909,-3.6037112752495213e-06,0.007048634254013118
1428,1.2914141414141413,0.17686868686868687,1.9841306884408448e-05,0.0072547007271872984
1429,1.2914141414141413,0.1828282828282828,0.00011286003289695033,0.007516099081895293
1430,1.2914141414141413,0.18878787878787878,-9.165445612364797e-05,0.00773649278605142
1431,1.2914141414141413,0.19474747474747472,-0.0001142713356466904,0.008030291078845857
1432,1.2914141414141413,0.2007070707070707,-0.00013531490972633545,0.008266173991034732
1433,1.2914141414141413,0.20666666666666667,-0.0001400777133761015,0.008649080668262163
1434,1.2914141414141413,0.2126262626262626,6.270066495935625e-05,0.008751512867314225
1435,1.2914141414141413,0.21858585858585858,0.00028883219403866105,0.009082600657109842
1436,1.2914141414141413,0.22454545454545452,0.00018625885748231073,0.009273561899627983
1437,1.2914141414141413,0.2305050505050505,-9.067487018527882e-05,0.009501655815798534
1438,1.2914141414141413,0.23646464646464646,4.074873357974479e-05,0.009652036787778415
1439,1.2914141414141413,0.2424242424242424,5.668502015346663e-05,0.010030361804790893
1440,1.2914141414141413,0.24838383838383837,-1.1628436680667642e-05,0.010150694413532495
1441,1.2914141414141413,0.2543434343434343,4.610534069658363e-05,0.010438724140999354
1442,1.2914141414141413,0.26030303030303026,6.688900951967888e-05,0.01063665755175593
1443,1.2914141414141413,0.26626262626262626,-7.131260930569983e-05,0.011069536304419703
1444,1.2914141414141413,0.2722222222222222,-1.931987394789525e-06,0.011278048926258952
1445,1.2914141414141413,0.27818181818181814,0.00013762337844217055,0.011419547142182296
1446,1.2914141414141413,0.28414141414141414,-1.0363165158372878e-05,0.01161792180514239
1447,1.2914141414141413,0.2901010101010101,0.00011587301096835695,0.011898214634333727
1448,1.2914141414141413,0.296060606060606,1.0867633894100504e-05,0.012137499173045857
1449,1.2914141414141413,0.302020202020202,1.6928613141003703e-05,0.012393680014138432
1450,1.2914141414141413,0.30797979797979796,-1.8868826856435917e-05,0.012529802303034571
1451,1.2914141414141413,0.3139393939393939,-3.06469588023489e-05,0.012836285720663525
1452,1.2914141414141413,0.31989898989898985,3.0367061037952235e-05,0.013101072965021292
1453,1.2914141414141413,0.32585858585858585,-9.712813008565821e-05,0.013607883035705164
1454,1.2914141414141413,0.3318181818181818,3.277832124928067e-05,0.013734093030200801
1455,1.2914141414141413,0.33777777777777773,-0.00017581138007388198,0.013919393156494368
1456,1.2914141414141413,0.34373737373737373,6.294126787820526e-05,0.01428903463964202
1457,1.2914141414141413,0.3496969696969697,0.00018407578511299937,0.014387698736885062
1458,1.2914141414141413,0.3556565656565656,-0.00020092837829262052,0.014639005510135542
1459,1.2914141414141413,0.3616161616161616,6.332317235847865e-05,0.01482718357849167
1460,1.2914141414141413,0.36757575757575756,-0.00015330268021549959,0.014875786941933982
1461,1.2914141414141413,0.3735353535353535,-6.919840333797982e-05,0.015424020278747293
1462,1.2914141414141413,0.37949494949494944,-0.0002686605214343917,0.015604831349892557
1463,1.2914141414141413,0.38545454545454544,0.00017661935249506117,0.015970228138211973
1464,1.2914141414141413,0.3914141414141414,7.146561603386759e-06,0.016052405559380197
1465,1.2914141414141413,0.3973737373737373,-0.00023872173622733363,0.01654389387527006
1466,1.2914141414141413,0.4033333333333333,-6.652129538118563e-05,0.016677510281983183
1467,1.2914141414141413,0.40929292929292926,9.286616829374117e-05,0.016976704803567295
1468,1.2914141414141413,0.4152525252525252,0.00015810747385253126,0.017142140154190043
1469,1.2914141414141413,0.42121212121212115,0.00016935841544045695,0.01730226801616433
1470,1.2914141414141413,0.42717171717171715,4.45667431061185e-05,0.017590519617111992
1471,1.2914141414141413,0.4331313131313131,-0.00021685793257044718,0.017846569248243745
1472,1.2914141414141413,0.43909090909090903,-0.0001349135942023483,0.018228103641045688
1473,1.2914141414141413,0.44505050505050503,-0.0001053412952660443,0.018274661321558607
1474,1.2914141414141413,0.45101010101010097,0.0005594230705013408,0.018663633537162806
1475,1.2914141414141413,0.4569696969696969,0.0002310231514142938,0.018945787172104208
1476,1.2914141414141413,0.4629292929292929,-0.0001746647498595801,0.019121720959268552
1477,1.2914141414141413,0.46888888888888886,0.000508954500577057,0.019485013913100927
1478,1.2914141414141413,0.4748484848484848,2.04392773605529e-05,0.019627857076170027
1479,1.2914141414141413,0.48080808080808074,-0.00011284258776041495,0.01978141397461965
1480,1.2914141414141413,0.48676767676767674,-4.7487576885680984e-05,0.02027931410719005
1481,1.2914141414141413,0.4927272727272727,-0.0002354820383169901,0.02041181598840754
1482,1.2914141414141413,0.4986868686868686,0.0001283440998220671,0.02046607619756889
1483,1.2914141414141413,0.5046464646464646,6.92258152495568e-05,0.020985209909723582
1484,1.2914141414141413,0.5106060606060605,-0.00025921310238298816,0.02073798452710012
1485,1.2914141414141413,0.5165656565656566,-7.034562136418988e-05,0.02120479456590094
1486,1.2914141414141413,0.5225252525252525,-0.0003442146427375718,0.021463521715201363
1487,1.2914141414141413,0.5284848484848484,-0.00010516573359471575,0.021849838305692905
1488,1.2914141414141413,0.5344444444444444,-0.0002025913492209475,0.022020224282881466
1489,1.2914141414141413,0.5404040404040403,0.00028864423758180764,0.02239146578739315
1490,1.2914141414141413,0.5463636363636363,-0.0003829658096613161,0.02240915645731087
1491,1.2914141414141413,0.5523232323232323,-0.00027850444512920986,0.02261394400705143
1492,1.2914141414141413,0.5582828282828283,-0.0002294627530793242,0.023051125453836276
1493,1.2914141414141413,0.5642424242424242,-0.00035823333331253356,0.02313257418936908
1494,1.2914141414141413,0.5702020202020202,-0.0005608748775784258,0.023599196619082663
1495,1.2914141414141413,0.5761616161616161,-0.00022604119523290023,0.02397984877633973
1496,1.2914141414141413,0.582121212121212,-0.0002688932888761308,0.024123206050526643
1497,1.2914141414141413,0.588080808080808,-0.0001255809560775159,0.02450094082300083
1498,1.2914141414141413,0.594040404040404,7.32006314097265e-05,0.024596154522608157
1499,1.2914141414141413,0.6,0.00026084069250973654,0.0248101598595563
1500,1.3115151515151515,0.01,4.69383542530144e-07,0.0004451600949476661
1501,1.3115151515151515,0.01595959595959596,5.976727981998997e-07,0.0007078663367832565
1502,1.3115151515151515,0.021919191919191918,-1.7996558218775615e-05,0.0009568688517958535
1503,1.3115151515151515,0.027878787878787878,8.149817914336833e-06,0.0012284909792778641
1504,1.3115151515151515,0.033838383838383834,-1.738546276799742e-05,0.0014794524037788064
1505,1.3115151515151515,0.0397979797979798,-2.934306981619883e-06,0.0017386625105388223
1506,1.3115151515151515,0.045757575757575754,1.4651841860189075e-05,0.0020236441354142378
1507,1.3115151515151515,0.05171717171717172,-8.52399868909045e-06,0.002292132159572636
1508,1.3115151515151515,0.05767676767676767,-3.277210514546327e-05,0.0024909676947178563
1509,1.3115151515151515,0.06363636363636363,1.9774485016823085e-05,0.002778182909747086
1510,1.3115151515151515,0.06959595959595959,1.7326033865804624e-05,0.0030796682988255266
1511,1.3115151515151515,0.07555555555555554,1.3752622684868121e-05,0.0032921265144497205
1512,1.3115151515151515,0.0815151515151515,-8.23344037500232e-06,0.003608328911414545
1513,1.3115151515151515,0.08747474747474746,-4.551333342497852e-05,0.0038528672438309856
1514,1.3115151515151515,0.09343434343434343,-1.4973633866082336e-05,0.0040999083628244165
1515,1.3115151515151515,0.09939393939393938,2.9160625861581936e-05,0.004373412364431714
1516,1.3115151515151515,0.10535353535353534,-3.6362896751759934e-05,0.00462452858848044
1517,1.3115151515151515,0.1113131313131313,2.8432879132461397e-05,0.004891673151490501
1518,1.3115151515151515,0.11727272727272725,3.648732291695408e-05,0.005096596974048975
1519,1.3115151515151515,0.12323232323232322,3.900947553371148e-06,0.005441735185568132
1520,1.3115151515151515,0.1291919191919192,7.781537398523822e-05,0.005700827243948299
1521,1.3115151515151515,0.13515151515151513,-2.3489696939024505e-05,0.005858107427781785
1522,1.3115151515151515,0.1411111111111111,2.5640991396959524e-05,0.006193807238076413
1523,1.3115151515151515,0.14707070707070707,5.700599316310917e-06,0.0064384331930507615
1524,1.3115151515151515,0.15303030303030302,8.59639746355944e-05,0.006723072426523582
1525,1.3115151515151515,0.158989898989899,8.059745651800771e-05,0.007003947524282236
1526,1.3115151515151515,0.16494949494949493,9.981168791725003e-05,0.007294372191214731
1527,1.3115151515151515,0.1709090909090909,6.979376211819782e-05,0.007596657560468298
1528,1.3115151515151515,0.17686868686868687,0.00016781710615303882,0.007721779511889069
1529,1.3115151515151515,0.1828282828282828,8.260321018497394e-05,0.008060947797951145
1530,1.3115151515151515,0.18878787878787878,1.942043600679636e-05,0.008298339663819411
1531,1.3115151515151515,0.19474747474747472,2.2896579020548104e-05,0.0085812776586456
1532,1.3115151515151515,0.2007070707070707,4.1960732438982605e-05,0.008817913592673565
1533,1.3115151515151515,0.20666666666666667,-1.5456480976085497e-05,0.009065266723675807
1534,1.3115151515151515,0.2126262626262626,0.00020597614181824494,0.00934851334857957
1535,1.3115151515151515,0.21858585858585858,9.772516909945203e-05,0.009679348852003571
1536,1.3115151515151515,0.22454545454545452,-0.0002378751320525409,0.009935275879821345
1537,1.3115151515151515,0.2305050505050505,7.588037901999373e-05,0.010111822243831671
1538,1.3115151515151515,0.23646464646464646,8.185194189550786e-05,0.010470964500963005
1539,1.3115151515151515,0.2424242424242424,-9.409104718430339e-06,0.010736198050484922
1540,1.3115151515151515,0.24838383838383837,9.67215388614271e-05,0.010950359451398484
1541,1.3115151515151515,0.2543434343434343,0.00011059601813845288,0.011090660335160547
1542,1.3115151515151515,0.26030303030303026,3.931368068113679e-05,0.011470073042936403
1543,1.3115151515151515,0.26626262626262626,7.613416485724287e-05,0.011728119625758851
1544,1.3115151515151515,0.2722222222222222,-5.172969207517826e-05,0.011910670650237624
1545,1.3115151515151515,0.27818181818181814,-7.549248466680241e-05,0.01211601309720875
1546,1.3115151515151515,0.28414141414141414,6.783554117461054e-05,0.012459438129396757
1547,1.3115151515151515,0.2901010101010101,8.05310214850291e-05,0.012818782332914638
1548,1.3115151515151515,0.296060606060606,-5.0843393041033125e-05,0.013000360828154022
1549,1.3115151515151515,0.302020202020202,-0.00018212223139321785,0.013399503752384152
1550,1.3115151515151515,0.30797979797979796,0.00020573395229143165,0.013545291837934667
1551,1.3115151515151515,0.3139393939393939,-2.956593536166657e-05,0.01391353151779481
1552,1.3115151515151515,0.31989898989898985,1.1348896460948143e-05,0.014080427318258218
1553,1.3115151515151515,0.32585858585858585,-0.0001100877732451357,0.01441708869928585
1554,1.3115151515151515,0.3318181818181818,-7.820955339651246e-05,0.014459621262632524
1555,1.3115151515151515,0.33777777777777773,-7.242933012795237e-05,0.014684159398351871
1556,1.3115151515151515,0.34373737373737373,4.0768247395822524e-05,0.014950364737365558
1557,1.3115151515151515,0.3496969696969697,1.0784832632204566e-05,0.015351198337818693
1558,1.3115151515151515,0.3556565656565656,0.00016402293914326646,0.015595237846007087
1559,1.3115151515151515,0.3616161616161616,1.564329354490187e-05,0.015827674828860407
1560,1.3115151515151515,0.36757575757575756,0.0003192668226298852,0.016516144780366306
1561,1.3115151515151515,0.3735353535353535,-0.00039837477127313656,0.01640972600197236
1562,1.3115151515151515,0.37949494949494944,-0.00032470739260127,0.01672308418480092
1563,1.3115151515151515,0.38545454545454544,6.599366147441611e-05,0.016788186128982252
1564,1.3115151515151515,0.3914141414141414,-0.0001716847028932111,0.017355372907097256
1565,1.3115151515151515,0.3973737373737373,5.836961275964121e-05,0.017628026617735916
1566,1.3115151515151515,0.4033333333333333,1.9878562699025025e-05,0.017724610827482605
1567,1.3115151515151515,0.40929292929292926,0.00016801565918002378,0.017952203356848377
1568,1.3115151515151515,0.4152525252525252,-0.00024519284769988704,0.018466058575065784
1569,1.3115151515151515,0.42121212121212115,-3.138099562012676e-05,0.018546710252993554
1570,1.3115151515151515,0.42717171717171715,0.00019238260108144617,0.019044118393115334
1571,1.3115151515151515,0.4331313131313131,-0.00019793306766624358,0.019196571475416334
1572,1.3115151515151515,0.43909090909090903,0.0001759444271574182,0.019657151893830493
1573,1.3115151515151515,0.44505050505050503,-0.00018772377031830092,0.019652721158276182
1574,1.3115151515151515,0.45101010101010097,-0.00022147180338694504,0.019845718986395276
1575,1.3115151515151515,0.4569696969696969,0.00030989120854724053,0.020085597057184042
1576,1.3115151515151515,0.4629292929292929,-0.00016083935685347618,0.02024420890141467
1577,1.3115151515151515,0.46888888888888886,-3.738013506154172e-05,0.020564416181725425
1578,1.3115151515151515,0.4748484848484848,-0.00013306310935424443,0.02052513755962026
1579,1.3115151515151515,0.48080808080808074,-0.00011245212330303164,0.02129492485165612
1580,1.3115151515151515,0.48676767676767674,0.00029251733674230364,0.021609247008676336
1581,1.3115151515151515,0.4927272727272727,7.271841935261816e-05,0.021844264308609404
1582,1.3115151515151515,0.4986868686868686,0.0002494389691188925,0.021944708493159683
1583,1.3115151515151515,0.5046464646464646,-5.176189805871454e-05,0.0221877615971153
1584,1.3115151515151515,0.5106060606060605,3.731439913648558e-05,0.022550666241818364
1585,1.3115151515151515,0.5165656565656566,0.0005182394664608063,0.022917518550139786
1586,1.3115151515151515,0.5225252525252525,-0.0002151359661509219,0.022926594224722992
1587,1.3115151515151515,0.5284848484848484,-0.00017312357512062432,0.023234017691685805
1588,1.3115151515151515,0.5344444444444444,-0.0004317316707440236,0.0233411486744249
1589,1.3115151515151515,0.5404040404040403,-0.0006777021869505619,0.023850106050001634
1590,1.3115151515151515,0.5463636363636363,0.00016753222139370423,0.024378921990410793
1591,1.3115151515151515,0.5523232323232323,-0.00016978024043813575,0.024435449357336103
1592,1.3115151515151515,0.5582828282828283,-5.202836034443037e-05,0.02484082545719408
1593,1.3115151515151515,0.5642424242424242,-0.00016327670593802566,0.024946428950276295
1594,1.3115151515151515,0.5702020202020202,0.00014821854281304572,0.025097604781275464
1595,1.3115151515151515,0.5761616161616161,0.00022515640290544128,0.02563882508003897
1596,1.3115151515151515,0.582121212121212,0.00019708592500608242,0.02568136925017201
1597,1.3115151515151515,0.588080808080808,0.00023325689623282178,0.02616464885662603
1598,1.3115151515151515,0.594040404040404,0.0001339093151872624,0.026283587037575103
1599,1.3115151515151515,0.6,-0.0005423641034218117,0.02660326766021989
1600,1.3316161616161617,0.01,6.860764159061161e-06,0.00047112954255947275
1601,1.3316161616161617,0.01595959595959596,-4.2619313205658594e-06,0.0007557165036399861
1602,1.3316161616161617,0.021919191919191918,2.2963530607969485e-05,0.0010239526271781144
1603,1.3316161616161617,0.027878787878787878,1.7519670867228797e-05,0.001300286010724049
1604,1.3316161616161617,0.033838383838383834,1.1812771275496403e-06,0.001574980781598348
1605,1.3316161616161617,0.0397979797979798,1.451088938459203e-05,0.0018647337394050167
1606,1.3316161616161617,0.045757575757575754,-2.219655540972225e-05,0.0021376521072357163
1607,1.3316161616161617,0.05171717171717172,-2.542544264735348e-05,0.002399588253063484
1608,1.3316161616161617,0.05767676767676767,1.8350177356878206e-05,0.0026937537765028647
1609,1.3316161616161617,0.06363636363636363,-3.967292020059219e-05,0.0029748294254987122
1610,1.3316161616161617,0.06959595959595959,-2.2234103204236455e-05,0.003235557592745893
1611,1.3316161616161617,0.07555555555555554,-1.8389748419472663e-05,0.003509018039339154
1612,1.3316161616161617,0.0815151515151515,-1.3365061214600293e-05,0.003823970594506535
1613,1.3316161616161617,0.08747474747474746,-7.276640077371888e-06,0.004113439861665627
1614,1.3316161616161617,0.09343434343434343,-6.455018759892802e-05,0.004400167121306297
1615,1.3316161616161617,0.09939393939393938,4.187600546280756e-06,0.004600484092765025
1616,1.3316161616161617,0.10535353535353534,4.470071521007097e-05,0.0049307223656799536
1617,1.3316161616161617,0.1113131313131313,-6.744341520988268e-05,0.0051077319473094305
1618,1.3316161616161617,0.11727272727272725,3.987541962955019e-05,0.005543005823176413
1619,1.3316161616161617,0.12323232323232322,-5.898467954154729e-06,0.005709627185879307
1620,1.3316161616161617,0.1291919191919192,6.761149736405826e-05,0.006057414646645355
1621,1.3316161616161617,0.13515151515151513,-1.988696848687811e-05,0.006285859043384698
1622,1.3316161616161617,0.1411111111111111,-3.2800150386708834e-05,0.006522019108825964
1623,1.3316161616161617,0.14707070707070707,2.7602550697603202e-05,0.0068112951875158355
1624,1.3316161616161617,0.15303030303030302,0.00010491676726109392,0.007145722299529205
1625,1.3316161616161617,0.158989898989899,2.4468020730610364e-05,0.007503731977322888
1626,1.3316161616161617,0.16494949494949493,7.208975891692528e-05,0.0077351774996966115
1627,1.3316161616161617,0.1709090909090909,-4.079706092626001e-06,0.007947411293020838
1628,1.3316161616161617,0.17686868686868687,-1.698715942580652e-05,0.008260187389911947
1629,1.3316161616161617,0.1828282828282828,-2.5420567746339285e-05,0.008493516880014236
1630,1.3316161616161617,0.18878787878787878,1.3881616817335008e-05,0.00877126378881463
1631,1.3316161616161617,0.19474747474747472,-3.2689182604677024e-05,0.009130544241135416
1632,1.3316161616161617,0.2007070707070707,-9.891472525953667e-05,0.009414310521590969
1633,1.3316161616161617,0.20666666666666667,2.7560697859969374e-05,0.009587023647838604
1634,1.3316161616161617,0.2126262626262626,0.0001426693698836253,0.009952835346189065
1635,1.3316161616161617,0.21858585858585858,-0.00018667440694156317,0.010245600697919015
1636,1.3316161616161617,0.22454545454545452,-2.134631753480972e-05,0.010514080923571275
1637,1.3316161616161617,0.2305050505050505,0.00011080331454110004,0.010803055615903613
1638,1.3316161616161617,0.23646464646464646,5.949828150732922e-05,0.011060412564019203
1639,1.3316161616161617,0.2424242424242424,-0.00019690825315098515,0.011173804995826306
1640,1.3316161616161617,0.24838383838383837,-5.775602790118436e-05,0.011621878322644282
1641,1.3316161616161617,0.2543434343434343,-0.00013968972540444528,0.01190198430533455
1642,1.3316161616161617,0.26030303030303026,-2.3796482066972868e-05,0.01231289912964434
1643,1.3316161616161617,0.26626262626262626,-0.00011902293172974505,0.012599336309690014
1644,1.3316161616161617,0.2722222222222222,-5.953186270001226e-05,0.012642323678669534
1645,1.3316161616161617,0.27818181818181814,-0.00019222262509264234,0.012903326587535461
1646,1.3316161616161617,0.28414141414141414,-0.0001984855172391489,0.013215624391292322
1647,1.3316161616161617,0.2901010101010101,0.00013329990910837585,0.013432868481214133
1648,1.3316161616161617,0.296060606060606,0.00019728287970451647,0.013864773387595874
1649,1.3316161616161617,0.302020202020202,-0.00011087259063980066,0.01404934693543507
1650,1.3316161616161617,0.30797979797979796,0.0001262384167006146,0.014432810471203287
1651,1.3316161616161617,0.3139393939393939,7.273243126020906e-05,0.01460503557832663
1652,1.3316161616161617,0.31989898989898985,4.52962694963863e-05,0.01506930199768396
1653,1.3316161616161617,0.32585858585858585,-0.0002749075134430893,0.015137360660860733
1654,1.3316161616161617,0.3318181818181818,4.631683300416003e-05,0.015404694600781359
1655,1.3316161616161617,0.33777777777777773,-0.00010069699722347236,0.015744928976524165
1656,1.3316161616161617,0.34373737373737373,-0.00015580554361778066,0.0158776960843586
1657,1.3316161616161617,0.3496969696969697,0.00018863270273618445,0.016471808554074055
1658,1.3316161616161617,0.3556565656565656,-0.00032246676080662754,0.016446812488760162
1659,1.3316161616161617,0.3616161616161616,0.0002832039680535882,0.016890576581107288
1660,1.3316161616161617,0.36757575757575756,0.00011345120398366104,0.01717250289843749
1661,1.3316161616161617,0.3735353535353535,0.00013327731222714912,0.017638029531949012
1662,1.3316161616161617,0.37949494949494944,-0.00014670084208656765,0.017741245549323836
1663,1.3316161616161617,0.38545454545454544,-0.00013669949821001786,0.017949626497971476
1664,1.3316161616161617,0.3914141414141414,-0.00015023151457307208,0.01831876205196571
1665,1.3316161616161617,0.3973737373737373,-0.00018572543019849472,0.01878333729526439
1666,1.3316161616161617,0.4033333333333333,0.0004021644335306844,0.019187266561183695
1667,1.3316161616161617,0.40929292929292926,8.653823472751506e-05,0.019213155070077488
1668,1.3316161616161617,0.4152525252525252,-5.651749353890354e-05,0.01935414993024613
1669,1.3316161616161617,0.42121212121212115,-0.0003050538578463971,0.019719645678864913
1670,1.3316161616161617,0.42717171717171715,-0.00027806660286226623,0.019907341793830618
1671,1.3316161616161617,0.4331313131313131,7.556738777431196e-05,0.020435478267761424
1672,1.3316161616161617,0.43909090909090903,0.00015980889991551678,0.020584832581843664
1673,1.3316161616161617,0.44505050505050503,0.00025831908051314803,0.020726502915860607
1674,1.3316161616161617,0.45101010101010097,0.00021099438640996074,0.021203193349313584
1675,1.3316161616161617,0.4569696969696969,-6.52971662984097e-05,0.02128027478402545
1676,1.3316161616161617,0.4629292929292929,-1.151005683102685e-05,0.021774390483719794
1677,1.3316161616161617,0.46888888888888886,0.00017967279226931696,0.022073363404446482
1678,1.3316161616161617,0.4748484848484848,-0.00025043310705002774,0.022009269166806258
1679,1.3316161616161617,0.48080808080808074,-8.468962006259503e-05,0.022654223944577945
1680,1.3316161616161617,0.48676767676767674,6.065039039990158e-05,0.022742107306652996
1681,1.3316161616161617,0.4927272727272727,9.00301903380316e-06,0.02281636433673027
1682,1.3316161616161617,0.4986868686868686,0.000195777194250799,0.02325960968906619
1683,1.3316161616161617,0.5046464646464646,-0.00020498679878933475,0.023623122352921435
1684,1.3316161616161617,0.5106060606060605,8.293880996950427e-05,0.024075303756427777
1685,1.3316161616161617,0.5165656565656566,-6.016899269385787e-05,0.024557410518442555
1686,1.3316161616161617,0.5225252525252525,8.745584063955093e-05,0.024375925023100077
1687,1.3316161616161617,0.5284848484848484,0.00014956673599006093,0.024896054890973802
1688,1.3316161616161617,0.5344444444444444,6.025223512883635e-05,0.025431595809410634
1689,1.3316161616161617,0.5404040404040403,-0.0001358311707272073,0.025346910217697922
1690,1.3316161616161617,0.5463636363636363,6.42910098361129e-05,0.025837490876542257
1691,1.3316161616161617,0.5523232323232323,0.00023820693011433573,0.02600847783786748
1692,1.3316161616161617,0.5582828282828283,-0.000110284842280981,0.026200440022255942
1693,1.3316161616161617,0.5642424242424242,0.00044677120665791197,0.026370036864045647
1694,1.3316161616161617,0.5702020202020202,-8.594173715466394e-05,0.027167567704903594
1695,1.3316161616161617,0.5761616161616161,-0.0006452985494941974,0.026962652875757845
1696,1.3316161616161617,0.582121212121212,-0.00031583140847283095,0.027246838687528117
1697,1.3316161616161617,0.588080808080808,0.00020869990482232304,0.027892993352817523
1698,1.3316161616161617,0.594040404040404,-4.8515165802829886e-05,0.02785873761426104
1699,1.3316161616161617,0.6,-0.0003008404368572551,0.028041024258388513
1700,1.3517171717171719,0.01,4.490671817476288e-06,0.0004961365827261925
1701,1.3517171717171719,0.01595959595959596,1.3002407273796968e-05,0.0007995464984615594
1702,1.3517171717171719,0.021919191919191918,-1.8220817202462047e-05,0.0010812696527448295
1703,1.3517171717171719,0.027878787878787878,3.261898304708373e-05,0.0013926989114007684
1704,1.3517171717171719,0.033838383838383834,2.5669242892848445e-07,0.0016715864129147827
1705,1.3517171717171719,0.0397979797979798,4.7485893602967174e-06,0.0019572397743216606
1706,1.3517171717171719,0.045757575757575754,-1.8341069503466367e-06,0.0022581451555061566
1707,1.3517171717171719,0.05171717171717172,-1.6750299487426345e-06,0.0025882948109237076
1708,1.3517171717171719,0.05767676767676767,-2.689878891559738e-06,0.002845243379197463
1709,1.3517171717171719,0.06363636363636363,3.159632401120568e-05,0.003153308030766513
1710,1.3517171717171719,0.06959595959595959,-1.8956178246373746e-05,0.003458548752555999
1711,1.3517171717171719,0.07555555555555554,-1.757196977574166e-05,0.0037298946698220677
1712,1.3517171717171719,0.0815151515151515,7.757175589812837e-06,0.004009931501119833
1713,1.3517171717171719,0.08747474747474746,-3.370092800104916e-05,0.004319571334929504
1714,1.3517171717171719,0.09343434343434343,-2.144870916136181e-05,0.004661694252923174
1715,1.3517171717171719,0.09939393939393938,-5.811473643694787e-06,0.004954256065244721
1716,1.3517171717171719,0.10535353535353534,0.00010267617106415754,0.005187903639921268
1717,1.3517171717171719,0.1113131313131313,4.7849495269227596e-05,0.0054672712635629225
1718,1.3517171717171719,0.11727272727272725,-4.045510180443601e-06,0.005825191373224818
1719,1.3517171717171719,0.12323232323232322,4.918304600244583e-06,0.006121841387316944
1720,1.3517171717171719,0.1291919191919192,-9.560310491005643e-05,0.006407347904246549
1721,1.3517171717171719,0.13515151515151513,-3.6835117491276415e-05,0.006699576960233664
1722,1.3517171717171719,0.1411111111111111,-1.2021495361874923e-05,0.006942090046597312
1723,1.3517171717171719,0.14707070707070707,1.658684183900785e-05,0.007310342741653561
1724,1.3517171717171719,0.15303030303030302,-5.5910403868619074e-05,0.007586750046409363
1725,1.3517171717171719,0.158989898989899,-3.401733688565154e-05,0.007936903736663345
1726,1.3517171717171719,0.16494949494949493,-8.501179441299333e-05,0.008103293432758975
1727,1.3517171717171719,0.1709090909090909,9.904849918929934e-05,0.008378584660208719
1728,1.3517171717171719,0.17686868686868687,-0.00014810363398041186,0.008827753981551917
1729,1.3517171717171719,0.1828282828282828,-6.337181664685286e-05,0.009078056192795572
1730,1.3517171717171719,0.18878787878787878,-2.0791214653418844e-05,0.009368417400662634
1731,1.3517171717171719,0.19474747474747472,-4.001080887760493e-05,0.009594641447213312
1732,1.3517171717171719,0.2007070707070707,-2.1909842788715938e-05,0.009968317944939655
1733,1.3517171717171719,0.20666666666666667,-7.568518102985002e-05,0.01034055945185948
1734,1.3517171717171719,0.2126262626262626,-7.783100849278922e-05,0.01044629568085355
1735,1.3517171717171719,0.21858585858585858,4.367956446579327e-05,0.010822793102525163
1736,1.3517171717171719,0.22454545454545452,-0.00014125989633163023,0.011148010499048696
1737,1.3517171717171719,0.2305050505050505,-0.00010412215433123834,0.01133728420526969
1738,1.3517171717171719,0.23646464646464646,7.992906470713779e-06,0.011848238921896643
1739,1.3517171717171719,0.2424242424242424,7.081047011439355e-05,0.0119216325996699
1740,1.3517171717171719,0.24838383838383837,3.083092360904993e-05,0.01244211245374733
1741,1.3517171717171719,0.2543434343434343,-2.8332983553833212e-05,0.01249542826889042
1742,1.3517171717171719,0.26030303030303026,5.9162967594029436e-05,0.012747235633018383
1743,1.3517171717171719,0.26626262626262626,-0.0003516429550044007,0.013101866209576951
1744,1.3517171717171719,0.2722222222222222,-0.0001535503337282364,0.013428957313519481
1745,1.3517171717171719,0.27818181818181814,-7.799569177389965e-05,0.013743965936004953
1746,1.3517171717171719,0.28414141414141414,-0.00018546639694600153,0.01401932190588758
1747,1.3517171717171719,0.2901010101010101,-8.805857195683338e-05,0.014416173088449422
1748,1.3517171717171719,0.296060606060606,-0.00013315765136220377,0.01456057577720765
1749,1.3517171717171719,0.302020202020202,-0.00013060333961590484,0.014870934568979043
1750,1.3517171717171719,0.30797979797979796,-1.1734940247729364e-06,0.015275526006088162
1751,1.3517171717171719,0.3139393939393939,-0.00015577467469932312,0.01563567962330109
1752,1.3517171717171719,0.31989898989898985,8.341183566634141e-05,0.01604765874355852
1753,1.3517171717171719,0.32585858585858585,0.0004641813764870973,0.016133206979605307
1754,1.3517171717171719,0.3318181818181818,5.095358395671845e-05,0.016557851910277407
1755,1.3517171717171719,0.33777777777777773,4.831800909116135e-05,0.016670191737149162
1756,1.3517171717171719,0.34373737373737373,-7.760074513325153e-05,0.016842865667742953
1757,1.3517171717171719,0.3496969696969697,-1.7752053593001214e-05,0.017370611137991137
1758,1.3517171717171719,0.3556565656565656,1.0278622299294415e-05,0.018036851723477642
1759,1.3517171717171719,0.3616161616161616,9.871671813363332e-05,0.017890763761180484
1760,1.3517171717171719,0.36757575757575756,0.00011846175398142211,0.018179000752163665
1761,1.3517171717171719,0.3735353535353535,-1.3356824668013267e-05,0.018424832395274808
1762,1.3517171717171719,0.37949494949494944,-0.00031590158502913646,0.01866110555296833
1763,1.3517171717171719,0.38545454545454544,-0.0004585741349292201,0.019057029587067658
1764,1.3517171717171719,0.3914141414141414,-0.0002901063502148513,0.019275064930103815
1765,1.3517171717171719,0.3973737373737373,-7.86754489819215e-05,0.019731283302287645
1766,1.3517171717171719,0.4033333333333333,-0.00016396652607892593,0.02002018895099284
1767,1.3517171717171719,0.40929292929292926,6.940835019987837e-05,0.020464626290019307
1768,1.3517171717171719,0.4152525252525252,0.00014361730216221432,0.02075294990253732
1769,1.3517171717171719,0.42121212121212115,8.401179927914399e-05,0.021175112280541235
1770,1.3517171717171719,0.42717171717171715,8.55901527494362e-05,0.02133466041698064
1771,1.3517171717171719,0.4331313131313131,-5.1124513889483335e-05,0.021731205390160813
1772,1.3517171717171719,0.43909090909090903,-6.058500192760352e-06,0.022046553020154076
1773,1.3517171717171719,0.44505050505050503,-4.484029777137732e-06,0.022245475617341092
1774,1.3517171717171719,0.45101010101010097,-0.00016322905776283326,0.022378842033622368
1775,1.3517171717171719,0.4569696969696969,-0.0003894882202610575,0.022381048967757406
1776,1.3517171717171719,0.4629292929292929,0.0006279651286029708,0.02304468215683207
1777,1.3517171717171719,0.46888888888888886,0.00020530994501281264,0.023245307533461965
1778,1.3517171717171719,0.4748484848484848,-0.00036658158748857156,0.023487386089896256
1779,1.3517171717171719,0.48080808080808074,-0.000473000500561607,0.02385478184239357
1780,1.3517171717171719,0.48676767676767674,0.0006428069400428061,0.02410240198070269
1781,1.3517171717171719,0.4927272727272727,0.00021100033905399417,0.02443275657359971
1782,1.3517171717171719,0.4986868686868686,-2.9171829628366954e-05,0.02503019607639746
1783,1.3517171717171719,0.5046464646464646,0.0003029488363037773,0.02510917720902699
1784,1.3517171717171719,0.5106060606060605,0.00017573855275601792,0.025692655537506676
1785,1.3517171717171719,0.5165656565656566,-0.00026659446291104504,0.025795382296349034
1786,1.3517171717171719,0.5225252525252525,-2.4601626946594514e-05,0.026085550119501703
1787,1.3517171717171719,0.5284848484848484,5.7195995972304294e-05,0.026294620851203213
1788,1.3517171717171719,0.5344444444444444,9.419203576456975e-05,0.026626264142437277
1789,1.3517171717171719,0.5404040404040403,-0.00010868707017348635,0.026845603467793407
1790,1.3517171717171719,0.5463636363636363,-0.0004944045367462636,0.027076556316170158
1791,1.3517171717171719,0.5523232323232323,0.00019894007395039758,0.027651613333847688
1792,1.3517171717171719,0.5582828282828283,-0.00010870706237983536,0.0280583105408685
1793,1.3517171717171719,0.5642424242424242,0.0006286196607645767,0.028419186239572368
1794,1.3517171717171719,0.5702020202020202,-0.0002436747665541646,0.028426600120907364
1795,1.3517171717171719,0.5761616161616161,0.00037641322076040575,0.028476217175009196
1796,1.3517171717171719,0.582121212121212,0.0004312351627945935,0.029175451058491658
1797,1.3517171717171719,0.588080808080808,0.00016102229859606433,0.029732798207334727
1798,1.3517171717171719,0.594040404040404,0.00027792023420488777,0.029514917349552215
1799,1.3517171717171719,0.6,5.3986703372100074e-05,0.030021626218865116
1800,1.3718181818181818,0.01,-2.9246868892594537e-06,0.0005225900492373634
1801,1.3718181818181818,0.01595959595959596,-1.5031596511859658e-05,0.0008481522271087979
1802,1.3718181818181818,0.021919191919191918,3.5000073540381924e-06,0.0011516041716843495
1803,1.3718181818181818,0.027878787878787878,7.761915566854027e-06,0.0014777258295827589
1804,1.3718181818181818,0.033838383838383834,-2.9627930851296915e-05,0.001775699365562387
1805,1.3718181818181818,0.0397979797979798,-7.427320832122963e-06,0.0020679049049637114
1806,1.3718181818181818,0.045757575757575754,-2.4571931819626602e-05,0.0024122357939621803
1807,1.3718181818181818,0.05171717171717172,1.0402870850223444e-05,0.0026798528425470707
1808,1.3718181818181818,0.05767676767676767,2.926546779950142e-05,0.0030344119956427877
1809,1.3718181818181818,0.06363636363636363,-3.752082322274615e-05,0.0033127764375476872
1810,1.3718181818181818,0.06959595959595959,2.232235413015664e-05,0.003628294967538078
1811,1.3718181818181818,0.07555555555555554,-4.606072919488046e-05,0.003974696346305227
1812,1.3718181818181818,0.0815151515151515,-8.09354197832901e-06,0.004263644505432141
1813,1.3718181818181818,0.08747474747474746,-6.216648620290042e-05,0.004614032134274392
1814,1.3718181818181818,0.09343434343434343,1.4684268751063145e-05,0.004869189974962349
1815,1.3718181818181818,0.09939393939393938,9.956534542419005e-06,0.005231003551463703
1816,1.3718181818181818,0.10535353535353534,8.763980243148417e-06,0.005556524564562261
1817,1.3718181818181818,0.1113131313131313,-8.387564229786534e-05,0.005917071358129911
1818,1.3718181818181818,0.11727272727272725,8.765519405247838e-05,0.006195974539855543
1819,1.3718181818181818,0.12323232323232322,5.032815748385496e-05,0.006417690418061382
1820,1.3718181818181818,0.1291919191919192,3.105996532892461e-05,0.006755043117024883
1821,1.3718181818181818,0.13515151515151513,-4.847899940291979e-05,0.007109317201213532
1822,1.3718181818181818,0.1411111111111111,-1.726064746169339e-05,0.0073674765866126295
1823,1.3718181818181818,0.14707070707070707,4.939913013688669e-05,0.007765096185070339
1824,1.3718181818181818,0.15303030303030302,-8.602812669067372e-09,0.00805218497543981
1825,1.3718181818181818,0.158989898989899,-2.045944003398429e-05,0.008357174715450465
1826,1.3718181818181818,0.16494949494949493,8.149375839692645e-05,0.008623904670951196
1827,1.3718181818181818,0.1709090909090909,0.00010981514078608536,0.008886166123623395
1828,1.3718181818181818,0.17686868686868687,7.928241986509211e-06,0.00930092745298888
1829,1.3718181818181818,0.1828282828282828,3.955295089998145e-07,0.009640748980952725
1830,1.3718181818181818,0.18878787878787878,2.1757724918786723e-05,0.009968498795478392
1831,1.3718181818181818,0.19474747474747472,0.00012372991670985103,0.010347662894605852
1832,1.3718181818181818,0.2007070707070707,3.08554404834399e-05,0.010393586172380856
1833,1.3718181818181818,0.20666666666666667,0.0001108944119374351,0.010740828482283225
1834,1.3718181818181818,0.2126262626262626,4.128352417055551e-05,0.01121948126094
1835,1.3718181818181818,0.21858585858585858,-3.4972535572383524e-05,0.011457005093666478
1836,1.3718181818181818,0.22454545454545452,-0.00010566895697950609,0.011974777220049656
1837,1.3718181818181818,0.2305050505050505,8.567092185370908e-05,0.012186752913450439
1838,1.3718181818181818,0.23646464646464646,1.7859218363022667e-05,0.012482822046019608
1839,1.3718181818181818,0.2424242424242424,-4.8203756737376625e-05,0.012672732502187202
1840,1.3718181818181818,0.24838383838383837,-0.0001475788378367905,0.013088253426662446
1841,1.3718181818181818,0.2543434343434343,3.629427823040241e-05,0.013343297866168816
1842,1.3718181818181818,0.26030303030303026,0.00024051830727117376,0.013669104839262017
1843,1.3718181818181818,0.26626262626262626,0.0002627881387744859,0.013990892608467573
1844,1.3718181818181818,0.2722222222222222,-0.00030293233870770084,0.014343520015565868
1845,1.3718181818181818,0.27818181818181814,-0.00022301218535637318,0.014423010167924284
1846,1.3718181818181818,0.28414141414141414,0.00031705901942253586,0.014888279008543016
1847,1.3718181818181818,0.2901010101010101,-0.0001599727357396422,0.01525306569142116
1848,1.3718181818181818,0.296060606060606,0.00013865785521949235,0.015661554840120214
1849,1.3718181818181818,0.302020202020202,-0.00010317264364086038,0.01592044988947663
1850,1.3718181818181818,0.30797979797979796,3.522775720762008e-05,0.01619595456410968
1851,1.3718181818181818,0.3139393939393939,-5.7070819596860744e-05,0.016472776110001655
1852,1.3718181818181818,0.31989898989898985,0.0001550328899465657,0.016830256950980987
1853,1.3718181818181818,0.32585858585858585,-9.634855279801073e-05,0.017086799464153063
1854,1.3718181818181818,0.3318181818181818,-0.0003918086703357669,0.017318565366406302
1855,1.3718181818181818,0.33777777777777773,0.00015267122010594153,0.01761761257922134
1856,1.3718181818181818,0.34373737373737373,-0.00033697431394257005,0.0179963235975015
1857,1.3718181818181818,0.3496969696969697,-0.0001398869714856083,0.01827434972756859
1858,1.3718181818181818,0.3556565656565656,0.00027535524194173474,0.018904005454247617
1859,1.3718181818181818,0.3616161616161616,-0.0002530237123186414,0.0189105506536367
1860,1.3718181818181818,0.36757575757575756,-0.00020067511907775445,0.01926146543760629
1861,1.3718181818181818,0.3735353535353535,-0.00019600854374821357,0.019665441670155555
1862,1.3718181818181818,0.37949494949494944,-0.0004928607797602284,0.019852206688857576
1863,1.3718181818181818,0.38545454545454544,-2.4101189349521612e-05,0.02016277843999921
1864,1.3718181818181818,0.3914141414141414,-4.5658629032069375e-05,0.02069036536555675
1865,1.3718181818181818,0.3973737373737373,-0.00033653486373486243,0.020773747041198255
1866,1.3718181818181818,0.4033333333333333,0.00011777452489711641,0.02112972068446152
1867,1.3718181818181818,0.40929292929292926,-0.00011614102964482453,0.02155623514280965
1868,1.3718181818181818,0.4152525252525252,0.00030432336171239756,0.021918277624004806
1869,1.3718181818181818,0.42121212121212115,-0.00011054757507192465,0.02188910603550691
1870,1.3718181818181818,0.42717171717171715,3.194696576553018e-05,0.022268475066882985
1871,1.3718181818181818,0.4331313131313131,-0.00037028895743193823,0.022617891286336227
1872,1.3718181818181818,0.43909090909090903,0.0004192757544535783,0.023379575038308967
1873,1.3718181818181818,0.44505050505050503,-8.135368387052577e-06,0.023319831918236618
1874,1.3718181818181818,0.45101010101010097,-2.0083933243811636e-06,0.023816472007976403
1875,1.3718181818181818,0.4569696969696969,-0.00011738962046757302,0.023974336420942877
1876,1.3718181818181818,0.4629292929292929,-0.0001877208131011631,0.024274763412585467
1877,1.3718181818181818,0.46888888888888886,-9.722318725114448e-05,0.024802959641078336
1878,1.3718181818181818,0.4748484848484848,0.0006589159614689724,0.025339076747675944
1879,1.3718181818181818,0.48080808080808074,5.4128634393227905e-05,0.025101024230159537
1880,1.3718181818181818,0.48676767676767674,-0.0001379631057566685,0.025446679753054584
1881,1.3718181818181818,0.4927272727272727,0.0003133382426028685,0.025992401078983523
1882,1.3718181818181818,0.4986868686868686,-0.00015944349841737264,0.026227559044155576
1883,1.3718181818181818,0.5046464646464646,-0.00026149703252756795,0.026456954999981908
1884,1.3718181818181818,0.5106060606060605,-0.00030276805529776005,0.027111853093669726
1885,1.3718181818181818,0.5165656565656566,-7.416957866170288e-05,0.027181156958869322
1886,1.3718181818181818,0.5225252525252525,-0.0002806921021161354,0.027417865172862092
1887,1.3718181818181818,0.5284848484848484,-0.00010923037417926146,0.027849085295983296
1888,1.3718181818181818,0.5344444444444444,0.00013906009458164093,0.028413074761836028
1889,1.3718181818181818,0.5404040404040403,3.736241118426951e-05,0.028429911518090708
1890,1.3718181818181818,0.5463636363636363,0.00039713484483678814,0.028696141565878026
1891,1.3718181818181818,0.5523232323232323,0.00017913182121506187,0.029379570017214317
1892,1.3718181818181818,0.5582828282828283,0.0004866438690599547,0.02961515014362813
1893,1.3718181818181818,0.5642424242424242,-0.0002099670365573453,0.02964167456874691
1894,1.3718181818181818,0.5702020202020202,8.996670988227244e-05,0.03020732354312711
1895,1.3718181818181818,0.5761616161616161,0.0002972924424350134,0.030396394534299834
1896,1.3718181818181818,0.582121212121212,-6.803787784676102e-05,0.030746604886500894
1897,1.3718181818181818,0.588080808080808,-0.00046634564433433655,0.030974135781106592
1898,1.3718181818181818,0.594040404040404,0.00020510938328222164,0.031380059527402464
1899,1.3718181818181818,0.6,0.00010276390845310814,0.031932657132505725
1900,1.391919191919192,0.01,7.94682110718814e-07,0.0005516073564700911
1901,1.391919191919192,0.01595959595959596,7.1775041416685555e-06,0.000881157814862432
1902,1.391919191919192,0.021919191919191918,-2.2352173244737074e-05,0.0012090793153628524
1903,1.391919191919192,0.027878787878787878,-3.074900257800879e-05,0.0015418437914099126
1904,1.391919191919192,0.033838383838383834,7.105005246562512e-06,0.0018867070972420448
1905,1.391919191919192,0.0397979797979798,8.62075578444218e-06,0.0021910634308872556
1906,1.391919191919192,0.045757575757575754,-1.489112560681003e-05,0.00252595070278186
1907,1.391919191919192,0.05171717171717172,-1.6770482881201032e-05,0.002861438681641567
1908,1.391919191919192,0.05767676767676767,1.1105264972727235e-06,0.0031774241695720637
1909,1.391919191919192,0.06363636363636363,1.1066032186059284e-06,0.0035127409721085637
1910,1.391919191919192,0.06959595959595959,-4.185550684952214e-05,0.0038517742871686947
1911,1.391919191919192,0.07555555555555554,-5.64956964491837e-05,0.004178808668618052
1912,1.391919191919192,0.0815151515151515,5.897232032610013e-05,0.004467012685529772
1913,1.391919191919192,0.08747474747474746,-1.009780602290864e-05,0.004851013625273217
1914,1.391919191919192,0.09343434343434343,2.2515406974857965e-05,0.00516578939115416
1915,1.391919191919192,0.09939393939393938,2.7348417638062994e-05,0.005488797358644191
1916,1.391919191919192,0.10535353535353534,-2.6790083862416082e-05,0.0058316224934096186
1917,1.391919191919192,0.1113131313131313,0.00010261789290784335,0.006167147205379494
1918,1.391919191919192,0.11727272727272725,0.00011058729981954704,0.006509971510578025
1919,1.391919191919192,0.12323232323232322,-4.5996763742680235e-05,0.006956041195843413
1920,1.391919191919192,0.1291919191919192,-0.00013043394292000084,0.007064482200215839
1921,1.391919191919192,0.13515151515151513,1.3613851471573834e-05,0.0073922556893109585
1922,1.391919191919192,0.1411111111111111,-6.941188223576791e-05,0.007797333125418728
1923,1.391919191919192,0.14707070707070707,-6.4809199296928635e-06,0.0081378035500144
1924,1.391919191919192,0.15303030303030302,7.681184667657303e-06,0.008433705926105655
1925,1.391919191919192,0.158989898989899,8.53479002800406e-05,0.00879932384543832
1926,1.391919191919192,0.16494949494949493,1.1034843699217911e-05,0.009102896751419
1927,1.391919191919192,0.1709090909090909,3.8584774831580396e-05,0.009407281440036714
1928,1.391919191919192,0.17686868686868687,-0.00010481003581119737,0.009647288449710103
1929,1.391919191919192,0.1828282828282828,-8.482603480857664e-06,0.010178602150871864
1930,1.391919191919192,0.18878787878787878,-0.00012403539674550975,0.010371578113428054
1931,1.391919191919192,0.19474747474747472,0.0001584720274248571,0.01072708218618714
1932,1.391919191919192,0.2007070707070707,-0.00015098907385393883,0.011175663933400198
1933,1.391919191919192,0.20666666666666667,-2.5753755319586636e-05,0.011426992242953364
1934,1.391919191919192,0.2126262626262626,-0.00011933279575043309,0.011893407988580849
1935,1.391919191919192,0.21858585858585858,-0.0001094558332328139,0.01207224019065346
1936,1.391919191919192,0.22454545454545452,6.412451101147718e-05,0.012404844536726922
1937,1.391919191919192,0.2305050505050505,-0.00010009648778212963,0.01277047566422605
1938,1.391919191919192,0.23646464646464646,-0.00014454917868525624,0.01291117349133288
1939,1.391919191919192,0.2424242424242424,0.0003534090625310256,0.013408395532293798
1940,1.391919191919192,0.24838383838383837,-3.556822409571576e-05,0.01368875634253173
1941,1.391919191919192,0.2543434343434343,-0.00010111114848914284,0.014074788161816431
1942,1.391919191919192,0.26030303030303026,0.00013578457105076428,0.014555001591269155
1943,1.391919191919192,0.26626262626262626,-9.397333313282397e-06,0.014398491392093236
1944,1.391919191919192,0.2722222222222222,8.699547623677054e-05,0.014969668723046864
1945,1.391919191919192,0.27818181818181814,1.755616822046524e-05,0.015319991280056016
1946,1.391919191919192,0.28414141414141414,0.0001013810676205233,0.015844850397885114
1947,1.391919191919192,0.2901010101010101,-0.00015958239589509017,0.01588066321334397
1948,1.391919191919192,0.296060606060606,-0.00012006890560647574,0.01624387248101913
1949,1.391919191919192,0.302020202020202,-7.235171296155069e-05,0.016691026084051687
1950,1.391919191919192,0.30797979797979796,-7.792463555333778e-05,0.017136566931356765
1951,1.391919191919192,0.3139393939393939,4.389808851649161e-05,0.017377544861334162
1952,1.391919191919192,0.31989898989898985,-0.00021142350859749864,0.017643743429483803
1953,1.391919191919192,0.32585858585858585,-0.0001849669791691998,0.018043872746574735
1954,1.391919191919192,0.3318181818181818,0.0002975812888821417,0.018192732447760547
1955,1.391919191919192,0.33777777777777773,6.684203189937666e-05,0.018736591379391626
1956,1.391919191919192,0.34373737373737373,-2.958953974037425e-05,0.01898016307688734
1957,1.391919191919192,0.3496969696969697,-8.701580382435592e-05,0.019537246145744622
1958,1.391919191919192,0.3556565656565656,-9.790174394757651e-05,0.01959151619001772
1959,1.391919191919192,0.3616161616161616,-0.000282548245538324,0.020077917545644464
1960,1.391919191919192,0.36757575757575756,0.00025569875136593177,0.02040492867001739
1961,1.391919191919192,0.3735353535353535,8.416952641072783e-07,0.020828853484113768
1962,1.391919191919192,0.37949494949494944,-8.069925863863255e-05,0.021066861714334546
1963,1.391919191919192,0.38545454545454544,0.00023215256782828391,0.021671467504316016
1964,1.391919191919192,0.3914141414141414,-9.247656891625541e-05,0.021670898044030884
1965,1.391919191919192,0.3973737373737373,-0.00011017253237131186,0.021974885546985432
1966,1.391919191919192,0.4033333333333333,0.00031269570959666895,0.022018871267044667
1967,1.391919191919192,0.40929292929292926,-9.996525436546835e-05,0.022683494962192435
1968,1.391919191919192,0.4152525252525252,1.3980669721395777e-05,0.023022864962648052
1969,1.391919191919192,0.42121212121212115,0.0002096743129710564,0.023384399805272283
1970,1.391919191919192,0.42717171717171715,-5.289869747210685e-06,0.023804291465518254
1971,1.391919191919192,0.4331313131313131,-2.6927001425572427e-05,0.023835537746015163
1972,1.391919191919192,0.43909090909090903,0.00016951794379323597,0.024350633737915784
1973,1.391919191919192,0.44505050505050503,-0.0001968184286447152,0.024420225162864236
1974,1.391919191919192,0.45101010101010097,0.0003256578020433302,0.024578971387661644
1975,1.391919191919192,0.4569696969696969,-0.00019024791758277945,0.025640571658182176
1976,1.391919191919192,0.4629292929292929,0.0007835252127479299,0.025795898290853273
1977,1.391919191919192,0.46888888888888886,0.00010327421298443369,0.025957344900277273
1978,1.391919191919192,0.4748484848484848,0.00015865781004558704,0.026256312216411917
1979,1.391919191919192,0.48080808080808074,0.00045610210120022236,0.026865029634344072
1980,1.391919191919192,0.48676767676767674,0.0004363230453148703,0.02708488247299113
1981,1.391919191919192,0.4927272727272727,1.3926489682971987e-05,0.027820193520147345
1982,1.391919191919192,0.4986868686868686,0.00020044721565232502,0.0277725863190063
1983,1.391919191919192,0.5046464646464646,-0.00010228313072318507,0.02837622835563501
1984,1.391919191919192,0.5106060606060605,-5.195253111838052e-05,0.028524270144269323
1985,1.391919191919192,0.5165656565656566,3.904202578511154e-05,0.028890601272540888
1986,1.391919191919192,0.5225252525252525,0.0006676104793558257,0.02905130922484929
1987,1.391919191919192,0.5284848484848484,-0.0003426990755097391,0.029622066239401206
1988,1.391919191919192,0.5344444444444444,0.0001971666561851135,0.02976665757784767
1989,1.391919191919192,0.5404040404040403,0.00032975529650615084,0.030094456712972346
1990,1.391919191919192,0.5463636363636363,-0.0008830083113159922,0.030289669782416203
1991,1.391919191919192,0.5523232323232323,-5.05402652585006e-05,0.030534375155084278
1992,1.391919191919192,0.5582828282828283,0.00012564018097109474,0.030814098938561116
1993,1.391919191919192,0.5642424242424242,6.569273853909774e-06,0.031537611954439666
1994,1.391919191919192,0.5702020202020202,-0.0001718479990848211,0.031519010271089005
1995,1.391919191919192,0.5761616161616161,-0.00015698645624883802,0.03220742020641135
1996,1.391919191919192,0.582121212121212,-5.479761693459595e-06,0.03218513146863108
1997,1.391919191919192,0.588080808080808,2.237727824618665e-05,0.03284390761400261
1998,1.391919191919192,0.594040404040404,7.148358360425063e-05,0.033339090992335806
1999,1.391919191919192,0.6,-0.00040383987917957535,0.03307928669105279
2000,1.412020202020202,0.01,3.5442982917928135e-07,0.0005840743877307754
2001,1.412020202020202,0.01595959595959596,1.6770566338212278e-06,0.0009246549562951599
2002,1.412020202020202,0.021919191919191918,-1.9835931090329774e-06,0.0012707896830312865
2003,1.412020202020202,0.027878787878787878,3.830879044449309e-06,0.0016136904002673088
2004,1.412020202020202,0.033838383838383834,-6.401868153202105e-05,0.0019376021484179674
2005,1.412020202020202,0.0397979797979798,-2.301218255790045e-05,0.002307918209143041
2006,1.412020202020202,0.045757575757575754,-1.5251122066790902e-05,0.0026898446035357876
2007,1.412020202020202,0.05171717171717172,2.5395484308677553e-05,0.002979836476671159
2008,1.412020202020202,0.05767676767676767,3.0796562091454105e-05,0.003387200195669694
2009,1.412020202020202,0.06363636363636363,-4.065582064522267e-05,0.0036965579161813917
2010,1.412020202020202,0.06959595959595959,7.469417004514802e-05,0.004033935858243062
2011,1.412020202020202,0.07555555555555554,-2.9392109659478037e-05,0.004407476900660258
2012,1.412020202020202,0.0815151515151515,-5.723378861531886e-05,0.004714270322717282
2013,1.412020202020202,0.08747474747474746,-5.310299200332933e-05,0.005094536188006042
2014,1.412020202020202,0.09343434343434343,-6.021581096363339e-05,0.0054952279120439144
2015,1.412020202020202,0.09939393939393938,6.211183693314841e-05,0.005736474884796986
2016,1.412020202020202,0.10535353535353534,-5.687131174771354e-06,0.006124641408899763
2017,1.412020202020202,0.1113131313131313,-4.531363492170891e-05,0.006445505942236987
2018,1.412020202020202,0.11727272727272725,1.7173990291438112e-05,0.006788430830444873
2019,1.412020202020202,0.12323232323232322,6.759105546224268e-05,0.007179129829688482
2020,1.412020202020202,0.1291919191919192,-5.471449386637004e-05,0.0075237006479165645
2021,1.412020202020202,0.13515151515151513,8.633134387107484e-05,0.007878937484332467
2022,1.412020202020202,0.1411111111111111,9.781328680573698e-06,0.00819655860474457
2023,1.412020202020202,0.14707070707070707,0.0001720932444252456,0.008591501505833437
2024,1.412020202020202,0.15303030303030302,-4.7026054258162355e-05,0.008909551174940262
2025,1.412020202020202,0.158989898989899,-1.4726141584885944e-06,0.009153484624017404
2026,1.412020202020202,0.16494949494949493,-4.986429203896283e-05,0.00950469396887541
2027,1.412020202020202,0.1709090909090909,0.00014308973178850333,0.009874832875391362
2028,1.412020202020202,0.17686868686868687,-4.261187240745484e-05,0.010351433355457898
2029,1.412020202020202,0.1828282828282828,-5.3755524985458856e-05,0.01060586397220552
2030,1.412020202020202,0.18878787878787878,8.633621077388533e-05,0.011144567811795621
2031,1.412020202020202,0.19474747474747472,3.976776220096834e-06,0.011296094787868614
2032,1.412020202020202,0.2007070707070707,0.00015230441095579245,0.011733654628731027
2033,1.412020202020202,0.20666666666666667,2.4897724778113494e-05,0.012131159250772875
2034,1.412020202020202,0.2126262626262626,0.00012521757614602187,0.01237731856378491
2035,1.412020202020202,0.21858585858585858,-0.00020500973852750968,0.01269260336557018
2036,1.412020202020202,0.22454545454545452,0.00011954982458104104,0.013121516688788725
2037,1.412020202020202,0.2305050505050505,-0.00015003185360378164,0.013449825159133934
2038,1.412020202020202,0.23646464646464646,6.887932023402669e-05,0.013784838406656098
2039,1.412020202020202,0.2424242424242424,-5.469452370131627e-05,0.013806723488970295
2040,1.412020202020202,0.24838383838383837,-7.180031132904403e-05,0.014481048971279463
2041,1.412020202020202,0.2543434343434343,-0.00014876579955704173,0.01470177951331833
2042,1.412020202020202,0.26030303030303026,-7.241685337940919e-05,0.015064806982613223
2043,1.412020202020202,0.26626262626262626,2.356352540066142e-06,0.015307311070256421
2044,1.412020202020202,0.2722222222222222,-6.215485414440065e-05,0.015765197619467763
2045,1.412020202020202,0.27818181818181814,0.00016544969121852566,0.016349085465009544
2046,1.412020202020202,0.28414141414141414,-0.00026126924672339243,0.016447299321663465
2047,1.412020202020202,0.2901010101010101,8.524786812315163e-05,0.017344303623254675
2048,1.412020202020202,0.296060606060606,0.0001493041758082315,0.017344878934167512
2049,1.412020202020202,0.302020202020202,1.1067943398456159e-05,0.017512036851922937
2050,1.412020202020202,0.30797979797979796,-6.681675542904361e-05,0.018029397922352464
2051,1.412020202020202,0.3139393939393939,-0.0005073306360790285,0.01813271633372895
2052,1.412020202020202,0.31989898989898985,3.9990561688457507e-05,0.01846425484644085
2053,1.412020202020202,0.32585858585858585,-0.00031679286247515915,0.018927110181747645
2054,1.412020202020202,0.3318181818181818,0.0002797517789328336,0.01942537105691388
2055,1.412020202020202,0.33777777777777773,0.00012272366174772328,0.019696828366009434
2056,1.412020202020202,0.34373737373737373,-0.000200004797047901,0.01979124332769042
2057,1.412020202020202,0.3496969696969697,-0.00022337919326005334,0.020309416744315197
2058,1.412020202020202,0.3556565656565656,3.8987517535134754e-05,0.02068564165094781
2059,1.412020202020202,0.3616161616161616,-0.000253676619022108,0.021179029650315463
2060,1.412020202020202,0.36757575757575756,-0.0002427831715266555,0.021613663052089855
2061,1.412020202020202,0.3735353535353535,-0.00035875694124027025,0.021596585661551697
2062,1.412020202020202,0.37949494949494944,-0.0004995247017177783,0.02190714568882882
2063,1.412020202020202,0.38545454545454544,-0.00026971183521942884,0.022613817967760443
2064,1.412020202020202,0.3914141414141414,-0.0003490815886444919,0.02277543400221877
2065,1.412020202020202,0.3973737373737373,0.0001890467484634693,0.02308645988122166
2066,1.412020202020202,0.4033333333333333,0.00040871645030797195,0.023439654527573368
2067,1.412020202020202,0.40929292929292926,2.1669437442925797e-05,0.024021961665467627
2068,1.412020202020202,0.4152525252525252,0.0004077918308221887,0.02400893303819421
2069,1.412020202020202,0.42121212121212115,0.0001121292019848338,0.024975768545268062
2070,1.412020202020202,0.42717171717171715,-0.00012258379509012628,0.024899079638772154
2071,1.412020202020202,0.4331313131313131,0.0001927541858576612,0.025131871875816506
2072,1.412020202020202,0.43909090909090903,-0.0002543308707444628,0.025225315805369
2073,1.412020202020202,0.44505050505050503,-0.00035761945562863974,0.02573597779922209
2074,1.412020202020202,0.45101010101010097,0.00033035283130751296,0.026170119243457902
2075,1.412020202020202,0.4569696969696969,0.00020325325308669746,0.026570585072754716
2076,1.412020202020202,0.4629292929292929,-0.0002298752130646506,0.02707763197836785
2077,1.412020202020202,0.46888888888888886,-0.000540410616263215,0.02704218740386492
2078,1.412020202020202,0.4748484848484848,3.837302936478146e-05,0.027623867821301964
2079,1.412020202020202,0.48080808080808074,-0.00010916133425267656,0.028230168863652934
2080,1.412020202020202,0.48676767676767674,-0.0004745038475869093,0.028131639462146012
2081,1.412020202020202,0.4927272727272727,-0.0003224700216813976,0.02850567591191114
2082,1.412020202020202,0.4986868686868686,-0.00028864264417655317,0.028978414981519044
2083,1.412020202020202,0.5046464646464646,0.0004514694589458796,0.02960171858637236
2084,1.412020202020202,0.5106060606060605,-0.00039121049752311663,0.02999028652851273
2085,1.412020202020202,0.5165656565656566,-0.000172841628885626,0.029766936731335722
2086,1.412020202020202,0.5225252525252525,2.4085288471783926e-05,0.030608625897250087
2087,1.412020202020202,0.5284848484848484,0.00016346227113759424,0.03140557351794257
2088,1.412020202020202,0.5344444444444444,0.0002402314502404384,0.031154372352426154
2089,1.412020202020202,0.5404040404040403,0.0003823787379961578,0.03200701678883806
2090,1.412020202020202,0.5463636363636363,-0.0003827582382785968,0.03232854334407457
2091,1.412020202020202,0.5523232323232323,-0.00016555294960268082,0.032418602599927855
2092,1.412020202020202,0.5582828282828283,4.501897831207581e-05,0.03237911571992158
2093,1.412020202020202,0.5642424242424242,-0.0004807608556656131,0.032552463135976845
2094,1.412020202020202,0.5702020202020202,0.0005178470647956555,0.033547614077690156
2095,1.412020202020202,0.5761616161616161,-0.0004613916454285652,0.03378890605806312
2096,1.412020202020202,0.582121212121212,4.022420834683391e-05,0.033974045808709726
2097,1.412020202020202,0.588080808080808,0.0003027143931251507,0.03426534584045572
2098,1.412020202020202,0.594040404040404,-0.00015842481077686505,0.03527279522596854
2099,1.412020202020202,0.6,-2.2535115591829725e-05,0.035659913660576706
2100,1.4321212121212121,0.01,-5.61550162031127e-06,0.0006066051616737489
2101,1.4321212121212121,0.01595959595959596,3.1860143243272355e-06,0.0009747404100344995
2102,1.4321212121212121,0.021919191919191918,8.010504749387314e-06,0.001349753007631095
2103,1.4321212121212121,0.027878787878787878,-7.318180066165292e-06,0.001701370245949528
2104,1.4321212121212121,0.033838383838383834,1.77718175281401e-05,0.0020825425513888475
2105,1.4321212121212121,0.0397979797979798,2.083429295380873e-05,0.002403881576427647
2106,1.4321212121212121,0.045757575757575754,-1.5816586644611262e-05,0.0027956975943845045
2107,1.4321212121212121,0.05171717171717172,-1.1349204780681344e-05,0.0031918716936596946
2108,1.4321212121212121,0.05767676767676767,-3.2016866238440786e-05,0.0035103874892047963
2109,1.4321212121212121,0.06363636363636363,5.7195282749047836e-06,0.0038584018632270233
2110,1.4321212121212121,0.06959595959595959,2.2020407914700056e-06,0.0042223874439884495
2111,1.4321212121212121,0.07555555555555554,7.185231825924703e-05,0.004575540718502855
2112,1.4321212121212121,0.0815151515151515,3.649874369355075e-05,0.004969587223403188
2113,1.4321212121212121,0.08747474747474746,-1.602414910341543e-06,0.005331388612470869
2114,1.4321212121212121,0.09343434343434343,-3.6772405485738793e-07,0.005712025361840213
2115,1.4321212121212121,0.09939393939393938,0.00010822472480364076,0.006080467326945079
2116,1.4321212121212121,0.10535353535353534,9.002230620288735e-05,0.006388630234938423
2117,1.4321212121212121,0.1113131313131313,-1.933465016464594e-05,0.006746051404455156
2118,1.4321212121212121,0.11727272727272725,6.624102391509094e-05,0.007093688151171005
2119,1.4321212121212121,0.12323232323232322,8.549565129493619e-06,0.0074095405913549165
2120,1.4321212121212121,0.1291919191919192,2.662166958710389e-05,0.00787035230871522
2121,1.4321212121212121,0.13515151515151513,2.08255160900362e-05,0.008180769742384828
2122,1.4321212121212121,0.1411111111111111,8.31932115367795e-06,0.008639804988455336
2123,1.4321212121212121,0.14707070707070707,6.194732371551792e-06,0.00897770875668442
2124,1.4321212121212121,0.15303030303030302,-9.944007534094257e-06,0.009418409852162623
2125,1.4321212121212121,0.158989898989899,-8.966304405424866e-05,0.009671008611625682
2126,1.4321212121212121,0.16494949494949493,8.947773490411988e-05,0.010027988207546077
2127,1.4321212121212121,0.1709090909090909,8.560678910451354e-05,0.01053348370962882
2128,1.4321212121212121,0.17686868686868687,-6.967824222088287e-05,0.010910930651498564
2129,1.4321212121212121,0.1828282828282828,4.301315922583775e-05,0.011009852998635375
2130,1.4321212121212121,0.18878787878787878,6.813841254206578e-05,0.011529101426847837
2131,1.4321212121212121,0.19474747474747472,-3.5907547698152876e-05,0.011828064458261142
2132,1.4321212121212121,0.2007070707070707,-2.3137348620934362e-05,0.012148825402447303
2133,1.4321212121212121,0.20666666666666667,-0.00013671694775321293,0.012557882513716841
2134,1.4321212121212121,0.2126262626262626,0.000153369717508548,0.012955955058834408
2135,1.4321212121212121,0.21858585858585858,-4.231639082486541e-05,0.01329510884492226
2136,1.4321212121212121,0.22454545454545452,8.694243009653179e-05,0.013852950335495846
2137,1.4321212121212121,0.2305050505050505,0.00015137803624677595,0.014128186297112282
2138,1.4321212121212121,0.23646464646464646,-4.37224368801008e-06,0.014457403923060726
2139,1.4321212121212121,0.2424242424242424,-0.0003015099014203021,0.014675646617045632
2140,1.4321212121212121,0.24838383838383837,-9.107013046001721e-05,0.015113130265438746
2141,1.4321212121212121,0.2543434343434343,2.1983795755539715e-05,0.015364096943881595
2142,1.4321212121212121,0.26030303030303026,-0.0003547151474660117,0.01571255261439224
2143,1.4321212121212121,0.26626262626262626,-0.00020207645927070746,0.016188030733631016
2144,1.4321212121212121,0.2722222222222222,-4.01496017869989e-05,0.016441540375629927
2145,1.4321212121212121,0.27818181818181814,1.5664452447604615e-06,0.016955290971791034
2146,1.4321212121212121,0.28414141414141414,-8.299974251455529e-05,0.017223727567982502
2147,1.4321212121212121,0.2901010101010101,9.752330031924066e-05,0.017794377300251803
2148,1.4321212121212121,0.296060606060606,2.8603975627408486e-05,0.01808140602420779
2149,1.4321212121212121,0.302020202020202,8.724050585441982e-05,0.018377201060698862
2150,1.4321212121212121,0.30797979797979796,2.1244576990454745e-05,0.018851190960881753
2151,1.4321212121212121,0.3139393939393939,-0.00040978913649807947,0.019260004714588042
2152,1.4321212121212121,0.31989898989898985,-7.25805803433667e-05,0.01954682921379218
2153,1.4321212121212121,0.32585858585858585,-0.0002740161217663373,0.02014625535243417
2154,1.4321212121212121,0.3318181818181818,1.1001293014853509e-05,0.020325623998290354
2155,1.4321212121212121,0.33777777777777773,5.902634339303341e-05,0.020609258863128237
2156,1.4321212121212121,0.34373737373737373,-3.408534970048221e-05,0.02060503576469441
2157,1.4321212121212121,0.3496969696969697,-0.00017624380715708105,0.021418088199689968
2158,1.4321212121212121,0.3556565656565656,-6.43486013672059e-05,0.021982559227884037
2159,1.4321212121212121,0.3616161616161616,1.7581948716235773e-05,0.021680623947873647
2160,1.4321212121212121,0.36757575757575756,9.319645748580632e-05,0.022445182252184198
2161,1.4321212121212121,0.3735353535353535,0.00011388152208540779,0.0227333490534347
2162,1.4321212121212121,0.37949494949494944,-0.00012826856839531547,0.02315737123441635
2163,1.4321212121212121,0.38545454545454544,1.2918886337027824e-05,0.02376907527645027
2164,1.4321212121212121,0.3914141414141414,0.00019693603273083352,0.024013757988028635
2165,1.4321212121212121,0.3973737373737373,-0.00026423189318867235,0.024001748148564525
2166,1.4321212121212121,0.4033333333333333,-0.00035279781201382995,0.024498052616869305
2167,1.4321212121212121,0.40929292929292926,0.00034030557539061265,0.02510320630970679
2168,1.4321212121212121,0.4152525252525252,0.00024143319347455568,0.025162032023579424
2169,1.4321212121212121,0.42121212121212115,0.00028359764412371125,0.02564732712842845
2170,1.4321212121212121,0.42717171717171715,0.0002144131614303011,0.02590739897401291
2171,1.4321212121212121,0.4331313131313131,-0.0001711415294573186,0.026397262150408298
2172,1.4321212121212121,0.43909090909090903,-8.611307214461154e-05,0.026747925931866222
2173,1.4321212121212121,0.44505050505050503,-0.00027185056802647126,0.026964216245784173
2174,1.4321212121212121,0.45101010101010097,-0.00021911086261088372,0.02739578227249244
2175,1.4321212121212121,0.4569696969696969,-0.00011520600010747732,0.028090836674874838
2176,1.4321212121212121,0.4629292929292929,8.101082700212014e-05,0.02831269324907263
2177,1.4321212121212121,0.46888888888888886,0.00015677954465755664,0.028649141595224026
2178,1.4321212121212121,0.4748484848484848,0.00010585781468490145,0.02897093391953481
2179,1.4321212121212121,0.48080808080808074,0.0004253490560664102,0.029587509061969382
2180,1.4321212121212121,0.48676767676767674,-7.395530014614275e-05,0.029642669013673358
2181,1.4321212121212121,0.4927272727272727,-0.00048705976750287796,0.03046616660762971
2182,1.4321212121212121,0.4986868686868686,7.623723643193785e-05,0.030254228015928152
2183,1.4321212121212121,0.5046464646464646,5.31680681900137e-05,0.030801263314949485
2184,1.4321212121212121,0.5106060606060605,-0.0005299268048812923,0.03079216122541702
2185,1.4321212121212121,0.5165656565656566,0.00021640513932147233,0.03138587150337266
2186,1.4321212121212121,0.5225252525252525,-0.000142122162526191,0.032062377648848575
2187,1.4321212121212121,0.5284848484848484,-7.564193075230668e-05,0.031911953387953655
2188,1.4321212121212121,0.5344444444444444,-5.0071135651433976e-05,0.03254972469383136
2189,1.4321212121212121,0.5404040404040403,7.0382690341277e-05,0.03272350732493672
2190,1.4321212121212121,0.5463636363636363,8.607794617404087e-05,0.03374403087337687
2191,1.4321212121212121,0.5523232323232323,-8.324528738230988e-05,0.034041977100811215
2192,1.4321212121212121,0.5582828282828283,-0.0004492437086678002,0.034509493782895515
2193,1.4321212121212121,0.5642424242424242,-0.0002978273966592469,0.03460379789688757
2194,1.4321212121212121,0.5702020202020202,-9.022258522445576e-05,0.03534012358269581
2195,1.4321212121212121,0.5761616161616161,-8.31488941536782e-06,0.035255003979082586
2196,1.4321212121212121,0.582121212121212,0.0007049073140220605,0.036068744423184154
2197,1.4321212121212121,0.588080808080808,0.0005604806082313393,0.03608112646276193
2198,1.4321212121212121,0.594040404040404,6.335196368837939e-05,0.03632747401361139
2199,1.4321212121212121,0.6,0.0002231078145461929,0.0367373447528474
2200,1.4522222222222223,0.01,-5.917272380177696e-06,0.0006382322062953189
2201,1.4522222222222223,0.01595959595959596,1.544170630863282e-05,0.001003494727376125
2202,1.4522222222222223,0.021919191919191918,-6.910921653828894e-07,0.0013755354684458028
2203,1.4522222222222223,0.027878787878787878,2.2424199887424677e-05,0.0017750373711380985
2204,1.4522222222222223,0.033838383838383834,-3.198756469424797e-05,0.0021520305216433883
2205,1.4522222222222223,0.0397979797979798,-9.067293340177462e-06,0.002512276502594177
2206,1.4522222222222223,0.045757575757575754,8.593586081796012e-06,0.0029409984129033094
2207,1.4522222222222223,0.05171717171717172,5.753646242572802e-05,0.0032968467869202507
2208,1.4522222222222223,0.05767676767676767,-1.0187993017022778e-06,0.003713355024674998
2209,1.4522222222222223,0.06363636363636363,8.488980663309506e-05,0.00405333471596971
2210,1.4522222222222223,0.06959595959595959,-1.4209405516688633e-05,0.004437056184351739
2211,1.4522222222222223,0.07555555555555554,-9.3090608935202e-05,0.0047748265103018175
2212,1.4522222222222223,0.0815151515151515,-1.1903424658587425e-05,0.005219744769566952
2213,1.4522222222222223,0.08747474747474746,4.3090751890105105e-05,0.005578650084870367
2214,1.4522222222222223,0.09343434343434343,-0.0001119523266990456,0.005943274932913061
2215,1.4522222222222223,0.09939393939393938,-1.0543375921731424e-05,0.006335840541046871
2216,1.4522222222222223,0.10535353535353534,0.0002132102205295987,0.006782903635099429
2217,1.4522222222222223,0.1113131313131313,-9.341079403664133e-05,0.00710833113583824
2218,1.4522222222222223,0.11727272727272725,5.5305519848318573e-05,0.0075062234252493455
2219,1.4522222222222223,0.12323232323232322,-4.813554589670394e-05,0.007897443879211527
2220,1.4522222222222223,0.1291919191919192,0.0001315418130224639,0.008227122644695536
2221,1.4522222222222223,0.13515151515151513,-3.6974451485045214e-05,0.008621435257444356
2222,1.4522222222222223,0.1411111111111111,7.681836462747716e-05,0.008971968226564661
2223,1.4522222222222223,0.14707070707070707,-9.562810494708407e-06,0.009472191001047875
2224,1.4522222222222223,0.15303030303030302,9.87469583717274e-05,0.009720748051327206
2225,1.4522222222222223,0.158989898989899,0.000100660020947571,0.010133698184363675
2226,1.4522222222222223,0.16494949494949493,4.0543449620016614e-05,0.01044566086526408
2227,1.4522222222222223,0.1709090909090909,7.753633484758992e-05,0.011010544462047906
2228,1.4522222222222223,0.17686868686868687,6.164017106571393e-05,0.011153887404506457
2229,1.4522222222222223,0.1828282828282828,5.088787323123153e-05,0.01168182132651216
2230,1.4522222222222223,0.18878787878787878,-8.876332207252152e-05,0.011959399924826893
2231,1.4522222222222223,0.19474747474747472,7.008785563134099e-05,0.012361527649798512
2232,1.4522222222222223,0.2007070707070707,0.000148354903716334,0.012763767881764582
2233,1.4522222222222223,0.20666666666666667,-0.00016441078465212597,0.013193066716171894
2234,1.4522222222222223,0.2126262626262626,-0.00011879398549207809,0.013677984713680072
2235,1.4522222222222223,0.21858585858585858,-0.00016475097261722726,0.013789418798839138
2236,1.4522222222222223,0.22454545454545452,-0.00017242615944829568,0.014393238557289006
2237,1.4522222222222223,0.2305050505050505,0.00011141188481973734,0.014546428698912707
2238,1.4522222222222223,0.23646464646464646,1.2502100829302842e-05,0.015142319315331039
2239,1.4522222222222223,0.2424242424242424,-0.00012042180777326816,0.015480795958204131
2240,1.4522222222222223,0.24838383838383837,5.48287182864994e-05,0.016022981863858296
2241,1.4522222222222223,0.2543434343434343,-3.6514559275291656e-05,0.016417164566413036
2242,1.4522222222222223,0.26030303030303026,-0.00032386565317416173,0.01652579076337399
2243,1.4522222222222223,0.26626262626262626,-0.00014096912102552363,0.016901463761278043
2244,1.4522222222222223,0.2722222222222222,8.076755174239696e-05,0.01763106331876764
2245,1.4522222222222223,0.27818181818181814,0.00027098020761864,0.01787446764679637
2246,1.4522222222222223,0.28414141414141414,0.0002798692206798084,0.01823247350664533
2247,1.4522222222222223,0.2901010101010101,-8.691573392787802e-05,0.018447061906704573
2248,1.4522222222222223,0.296060606060606,0.0002529269013268343,0.018936784770753147
2249,1.4522222222222223,0.302020202020202,-0.00013108848546946908,0.019107311070546768
2250,1.4522222222222223,0.30797979797979796,-2.7031002106644373e-05,0.01965467391001982
2251,1.4522222222222223,0.3139393939393939,-0.00022277967563917483,0.020053149009013733
2252,1.4522222222222223,0.31989898989898985,0.0002849888091249938,0.0204217496305465
2253,1.4522222222222223,0.32585858585858585,-0.00018429208455317362,0.02094380269945582
2254,1.4522222222222223,0.3318181818181818,0.00021460088989187973,0.020954521567628618
2255,1.4522222222222223,0.33777777777777773,-0.00031326799013536497,0.021411011200699125
2256,1.4522222222222223,0.34373737373737373,0.00025697783958096175,0.021674991538815667
2257,1.4522222222222223,0.3496969696969697,-0.00015750756714178905,0.02237605461585243
2258,1.4522222222222223,0.3556565656565656,-0.0004705239401842299,0.02266087446976846
2259,1.4522222222222223,0.3616161616161616,-0.00024855423810663316,0.02306706518615047
2260,1.4522222222222223,0.36757575757575756,0.00011218989395843002,0.023711076118043642
2261,1.4522222222222223,0.3735353535353535,8.452710868546126e-05,0.02385593525583261
2262,1.4522222222222223,0.37949494949494944,2.46557882432646e-05,0.024102212683546294
2263,1.4522222222222223,0.38545454545454544,0.00010453377398399075,0.024743332275161886
2264,1.4522222222222223,0.3914141414141414,4.265561897827023e-05,0.025335107831867765
2265,1.4522222222222223,0.3973737373737373,0.000513450429416473,0.025718195988539642
2266,1.4522222222222223,0.4033333333333333,9.306410658030132e-05,0.02599167384327561
2267,1.4522222222222223,0.40929292929292926,0.0002444226089379958,0.0261627845877591
2268,1.4522222222222223,0.4152525252525252,0.0005190999633961329,0.026601371240397072
2269,1.4522222222222223,0.42121212121212115,-0.00014085979205133892,0.02692223932380231
2270,1.4522222222222223,0.42717171717171715,-0.00019421485998686463,0.026954293080861825
2271,1.4522222222222223,0.4331313131313131,0.0008388243331666443,0.027694675529861296
2272,1.4522222222222223,0.43909090909090903,-0.00011512962902070427,0.02816936143366153
2273,1.4522222222222223,0.44505050505050503,-0.00036748692152717356,0.0284287020224606
2274,1.4522222222222223,0.45101010101010097,-0.00014347006903627632,0.028946375400015052
2275,1.4522222222222223,0.4569696969696969,1.830760380505152e-05,0.029190991345525732
2276,1.4522222222222223,0.4629292929292929,-0.00018900686339290695,0.02983065112558064
2277,1.4522222222222223,0.46888888888888886,-6.403260916241688e-05,0.030171914103330637
2278,1.4522222222222223,0.4748484848484848,2.9214743855649594e-05,0.030502779517760644
2279,1.4522222222222223,0.48080808080808074,-0.00017825323905469332,0.030827289378027443
2280,1.4522222222222223,0.48676767676767674,0.00040437596060655015,0.03096951322374895
2281,1.4522222222222223,0.4927272727272727,-0.0001929037432075754,0.030967459986307837
2282,1.4522222222222223,0.4986868686868686,-0.00036269197123047864,0.032116702321437
2283,1.4522222222222223,0.5046464646464646,0.0001167662640831441,0.03245408947833362
2284,1.4522222222222223,0.5106060606060605,0.0004405500023062049,0.03269932079007942
2285,1.4522222222222223,0.5165656565656566,-0.0003649146598092186,0.03296361855427346
2286,1.4522222222222223,0.5225252525252525,0.0005009429601889722,0.033373230529323776
2287,1.4522222222222223,0.5284848484848484,-0.00011752611106109722,0.033821403740634616
2288,1.4522222222222223,0.5344444444444444,-0.00030412354936929073,0.03424818873289632
2289,1.4522222222222223,0.5404040404040403,-0.000315862352258749,0.034918446576147684
2290,1.4522222222222223,0.5463636363636363,6.348971700448596e-05,0.03527010803839193
2291,1.4522222222222223,0.5523232323232323,0.0004425461653878944,0.0354427148338681
2292,1.4522222222222223,0.5582828282828283,-0.00014828158060101095,0.03584010402870777
2293,1.4522222222222223,0.5642424242424242,-0.00024578027569474494,0.036044002007334985
2294,1.4522222222222223,0.5702020202020202,-0.00041916626629444256,0.036345790998968286
2295,1.4522222222222223,0.5761616161616161,-0.0002441953739151166,0.03739349144313475
2296,1.4522222222222223,0.582121212121212,0.0004789254657197957,0.037528029816302884
2297,1.4522222222222223,0.588080808080808,-0.0003687525337797532,0.03768982271500857
2298,1.4522222222222223,0.594040404040404,-0.0004737295173584945,0.03838068816822184
2299,1.4522222222222223,0.6,0.0003926959042321156,0.03889858379234784
2300,1.4723232323232325,0.01,-3.897502182756562e-06,0.0006690620386920755
2301,1.4723232323232325,0.01595959595959596,-1.5006800181653345e-06,0.0010677038461202582
2302,1.4723232323232325,0.021919191919191918,2.1392223815265843e-06,0.0014412084991124892
2303,1.4723232323232325,0.027878787878787878,-4.758830576225826e-06,0.001863582545892106
2304,1.4723232323232325,0.033838383838383834,-1.0983931406790715e-05,0.0022381486419967237
2305,1.4723232323232325,0.0397979797979798,1.0261274664234221e-05,0.0026315684834197265
2306,1.4723232323232325,0.045757575757575754,2.8304102767763072e-05,0.0030371800475521666
2307,1.4723232323232325,0.05171717171717172,-2.97842085447241e-05,0.0034657282209222848
2308,1.4723232323232325,0.05767676767676767,3.127901939577393e-05,0.003866053993339781
2309,1.4723232323232325,0.06363636363636363,-1.9303133829748144e-05,0.004200134676562008
2310,1.4723232323232325,0.06959595959595959,-5.843275163038487e-05,0.004592040762848572
2311,1.4723232323232325,0.07555555555555554,-5.5930615840698915e-06,0.005011211511339235
2312,1.4723232323232325,0.0815151515151515,-3.966937295227114e-05,0.005452516660924564
2313,1.4723232323232325,0.08747474747474746,2.446112480345668e-05,0.005873961336821692
2314,1.4723232323232325,0.09343434343434343,8.945117484699305e-06,0.0062424736780618785
2315,1.4723232323232325,0.09939393939393938,-1.9177211368337444e-05,0.006617835826379968
2316,1.4723232323232325,0.10535353535353534,-8.41353810415001e-05,0.007007233854381755
2317,1.4723232323232325,0.1113131313131313,3.5814426472102776e-05,0.007427815602444059
2318,1.4723232323232325,0.11727272727272725,-3.2683767321525545e-05,0.007864851861037081
2319,1.4723232323232325,0.12323232323232322,-7.552098594898612e-05,0.008205785554764122
2320,1.4723232323232325,0.1291919191919192,-7.006858695664058e-05,0.00849670272816694
2321,1.4723232323232325,0.13515151515151513,-1.7198238711701407e-05,0.008961577411650408
2322,1.4723232323232325,0.1411111111111111,-5.2930729235617035e-06,0.009375915521552423
2323,1.4723232323232325,0.14707070707070707,0.00012856476924374386,0.00979514071105238
2324,1.4723232323232325,0.15303030303030302,0.00013713340731128204,0.010331986584894606
2325,1.4723232323232325,0.158989898989899,-8.181894853628758e-06,0.010675791875099679
2326,1.4723232323232325,0.16494949494949493,-6.0941014185710185e-06,0.010987725728091457
2327,1.4723232323232325,0.1709090909090909,6.263377622976185e-05,0.01138215768572147
2328,1.4723232323232325,0.17686868686868687,2.3784743186211466e-05,0.01169890506149963
2329,1.4723232323232325,0.1828282828282828,5.09603745993428e-05,0.012158494101708786
2330,1.4723232323232325,0.18878787878787878,-6.162111457877973e-06,0.012635258265703084
2331,1.4723232323232325,0.19474747474747472,-0.00015295880432448356,0.01288957341833928
2332,1.4723232323232325,0.2007070707070707,-8.576177842627352e-05,0.01333698814501239
2333,1.4723232323232325,0.20666666666666667,-5.2667203737970026e-05,0.013846238988211756
2334,1.4723232323232325,0.2126262626262626,-0.00011127618501956842,0.014286333863899435
2335,1.4723232323232325,0.21858585858585858,5.295798656370828e-05,0.014655557182709606
2336,1.4723232323232325,0.22454545454545452,-0.00015305944133148035,0.01495532732957329
2337,1.4723232323232325,0.2305050505050505,-9.262084163324296e-05,0.015425442886393121
2338,1.4723232323232325,0.23646464646464646,-2.2199652111944944e-05,0.0158825506770668
2339,1.4723232323232325,0.2424242424242424,0.00011345385883738999,0.016325021687963397
2340,1.4723232323232325,0.24838383838383837,0.00014245125207458184,0.016379423466472327
2341,1.4723232323232325,0.2543434343434343,0.00017254310833362464,0.01699563447845956
2342,1.4723232323232325,0.26030303030303026,7.090976351814067e-05,0.016998712025225866
2343,1.4723232323232325,0.26626262626262626,8.143256164771607e-06,0.0177873883305307
2344,1.4723232323232325,0.2722222222222222,8.662214746477796e-05,0.018305570967234414
2345,1.4723232323232325,0.27818181818181814,3.0186389568477702e-05,0.01848587054030425
2346,1.4723232323232325,0.28414141414141414,0.00011029763056989044,0.018868767236177107
2347,1.4723232323232325,0.2901010101010101,-0.00013485766616245734,0.01959982536879405
2348,1.4723232323232325,0.296060606060606,-7.526690327767161e-06,0.019750500321137825
2349,1.4723232323232325,0.302020202020202,8.61592201819583e-05,0.020199936045819652
2350,1.4723232323232325,0.30797979797979796,-0.0001588492267082436,0.02041597127734584
2351,1.4723232323232325,0.3139393939393939,-0.00014151984498295093,0.020960394494775065
2352,1.4723232323232325,0.31989898989898985,-0.00012089458609650241,0.021700855750879336
2353,1.4723232323232325,0.32585858585858585,0.00021524348548874412,0.021724786401775463
2354,1.4723232323232325,0.3318181818181818,1.3588350654176029e-05,0.022242411599995474
2355,1.4723232323232325,0.33777777777777773,-1.6349551893942716e-06,0.022626191077704347
2356,1.4723232323232325,0.34373737373737373,0.00031821086389863343,0.023198599646911688
2357,1.4723232323232325,0.3496969696969697,0.00016267123123600626,0.023366115976625947
2358,1.4723232323232325,0.3556565656565656,-0.00039638952305236664,0.02390699275474961
2359,1.4723232323232325,0.3616161616161616,0.0002805673494180825,0.02378228368237042
2360,1.4723232323232325,0.36757575757575756,0.0001914562201401106,0.02474304244664927
2361,1.4723232323232325,0.3735353535353535,0.00020647143795316737,0.024751159460845662
2362,1.4723232323232325,0.37949494949494944,0.00024384941555328444,0.025365712526978383
2363,1.4723232323232325,0.38545454545454544,-0.00023849803072834415,0.025626610256214467
2364,1.4723232323232325,0.3914141414141414,0.00011274409366555074,0.026046796536973678
2365,1.4723232323232325,0.3973737373737373,2.5072892841418738e-05,0.026636305373243217
2366,1.4723232323232325,0.4033333333333333,0.0001797144704131042,0.027131219296508163
2367,1.4723232323232325,0.40929292929292926,-0.00011221299157019333,0.027715346852731033
2368,1.4723232323232325,0.4152525252525252,0.000341491877313141,0.02789519464823014
2369,1.4723232323232325,0.42121212121212115,-0.0004377166137068133,0.027954162264475613
2370,1.4723232323232325,0.42717171717171715,-0.0003103615031364178,0.028377518323741417
2371,1.4723232323232325,0.4331313131313131,-7.859223530677939e-05,0.028853278397739355
2372,1.4723232323232325,0.43909090909090903,0.00026464717473938276,0.029266320225020903
2373,1.4723232323232325,0.44505050505050503,-0.00026210376585655577,0.03003911758697588
2374,1.4723232323232325,0.45101010101010097,-0.0003892789460286656,0.03006702123412526
2375,1.4723232323232325,0.4569696969696969,-0.00031778809110205434,0.0302914484471468
2376,1.4723232323232325,0.4629292929292929,0.0003236606679539589,0.03073437949578793
2377,1.4723232323232325,0.46888888888888886,-6.941801274331109e-05,0.03163318992061978
2378,1.4723232323232325,0.4748484848484848,5.693087218900785e-05,0.032020137071859335
2379,1.4723232323232325,0.48080808080808074,-8.697270380471256e-06,0.032117115677224424
2380,1.4723232323232325,0.48676767676767674,-0.0001450970754164185,0.03259524872694821
2381,1.4723232323232325,0.4927272727272727,-0.0003507306684432419,0.03264881661251615
2382,1.4723232323232325,0.4986868686868686,-0.0002720239151345188,0.03390628751108454
2383,1.4723232323232325,0.5046464646464646,0.0002575782944848542,0.03359647808586618
2384,1.4723232323232325,0.5106060606060605,-0.00016168954997971044,0.03406935514696899
2385,1.4723232323232325,0.5165656565656566,0.00016857611852177636,0.035237892562060155
2386,1.4723232323232325,0.5225252525252525,0.000351103122506626,0.0349647166813937
2387,1.4723232323232325,0.5284848484848484,-0.00032608329476104756,0.03551219717727945
2388,1.4723232323232325,0.5344444444444444,0.0006068984754701161,0.035739804322499305
2389,1.4723232323232325,0.5404040404040403,0.0004102089638462755,0.03640708569334825
2390,1.4723232323232325,0.5463636363636363,0.00035496165988089227,0.03697794021598529
2391,1.4723232323232325,0.5523232323232323,0.0004377390165103968,0.037015100835885904
2392,1.4723232323232325,0.5582828282828283,-0.00020978589292088029,0.03719739418001801
2393,1.4723232323232325,0.5642424242424242,-0.0004749226713192263,0.037485302975869945
2394,1.4723232323232325,0.5702020202020202,0.0002922451689029564,0.03854062612823229
2395,1.4723232323232325,0.5761616161616161,-0.00025515516147569297,0.038417644272036436
2396,1.4723232323232325,0.582121212121212,5.345369547475607e-05,0.03885199472175139
2397,1.4723232323232325,0.588080808080808,0.0005022105883178902,0.03999644235759848
2398,1.4723232323232325,0.594040404040404,-0.00019542220276005953,0.03970522513733668
2399,1.4723232323232325,0.6,0.00012030781883740145,0.0400153992927709
2400,1.4924242424242424,0.01,-6.629478973578206e-06,0.00068747802658474
2401,1.4924242424242424,0.01595959595959596,-3.234860221394176e-06,0.001108387551821157
2402,1.4924242424242424,0.021919191919191918,-1.513632004660852e-05,0.0015244197178205664
2403,1.4924242424242424,0.027878787878787878,-2.583215437866092e-05,0.001952961830477771
2404,1.4924242424242424,0.033838383838383834,1.9515495840290564e-05,0.0023268397270758997
2405,1.4924242424242424,0.0397979797979798,-1.914369252886676e-05,0.002782572774555281
2406,1.4924242424242424,0.045757575757575754,-1.2650328622855533e-05,0.0031810432236876384
2407,1.4924242424242424,0.05171717171717172,1.2484540165849312e-05,0.0036082987350634526
2408,1.4924242424242424,0.05767676767676767,-2.8655705387014518e-05,0.004016583847636166
2409,1.4924242424242424,0.06363636363636363,2.061933577751689e-05,0.004409408561004083
2410,1.4924242424242424,0.06959595959595959,-3.5560045979234344e-06,0.004816899474916814
2411,1.4924242424242424,0.07555555555555554,3.6548247387415135e-05,0.005303400914757605
2412,1.4924242424242424,0.0815151515151515,-5.6152020223860374e-05,0.0057125425311797895
2413,1.4924242424242424,0.08747474747474746,-5.811870030757538e-05,0.006137813374680452
2414,1.4924242424242424,0.09343434343434343,-2.924225974945577e-05,0.0064817332434957756
2415,1.4924242424242424,0.09939393939393938,-6.545619050172898e-05,0.006919362097532553
2416,1.4924242424242424,0.10535353535353534,7.346128266262313e-05,0.007319960470244534
2417,1.4924242424242424,0.1113131313131313,5.939767950670242e-05,0.007685091015553343
2418,1.4924242424242424,0.11727272727272725,0.00013859745187462297,0.008124949693511865
2419,1.4924242424242424,0.12323232323232322,-5.0052704099505555e-05,0.008615901559552053
2420,1.4924242424242424,0.1291919191919192,-7.798090503160768e-05,0.008992194750627023
2421,1.4924242424242424,0.13515151515151513,3.5271904780911713e-05,0.009339199609065428
2422,1.4924242424242424,0.1411111111111111,-0.0001087590405328424,0.009722072611256747
2423,1.4924242424242424,0.14707070707070707,5.2125109964200655e-05,0.010302751783854857
2424,1.4924242424242424,0.15303030303030302,-1.1611377209101204e-05,0.010682611374021196
2425,1.4924242424242424,0.158989898989899,-2.7633522576158918e-05,0.010960222534418286
2426,1.4924242424242424,0.16494949494949493,1.6269339529261073e-05,0.011354598121099608
2427,1.4924242424242424,0.1709090909090909,-1.3210028857992939e-06,0.011836730751452192
2428,1.4924242424242424,0.17686868686868687,0.0001450313792785372,0.012342094196151078
2429,1.4924242424242424,0.1828282828282828,-1.2993687208846661e-05,0.01271229902348534
2430,1.4924242424242424,0.18878787878787878,-0.0001197234112093637,0.012989043340130688
2431,1.4924242424242424,0.19474747474747472,0.00016876575329152654,0.013510724718081653
2432,1.4924242424242424,0.2007070707070707,-4.820786635581258e-05,0.013962360094773864
2433,1.4924242424242424,0.20666666666666667,-0.0001337760274331548,0.014283194783292263
2434,1.4924242424242424,0.2126262626262626,-0.00016254097681957314,0.01473191043992318
2435,1.4924242424242424,0.21858585858585858,0.000217133240437856,0.01511111070771089
2436,1.4924242424242424,0.22454545454545452,-0.0001233331074356663,0.015645076902719914
2437,1.4924242424242424,0.2305050505050505,-0.000250245978831328,0.01592090088131784
2438,1.4924242424242424,0.23646464646464646,2.2241208817096392e-05,0.016514552045256915
2439,1.4924242424242424,0.2424242424242424,-0.0001235403465433249,0.01676364990190274
2440,1.4924242424242424,0.24838383838383837,-4.668593488469547e-05,0.017163495610571414
2441,1.4924242424242424,0.2543434343434343,0.00010633196735538389,0.017729603827030663
2442,1.4924242424242424,0.26030303030303026,7.877246586474305e-05,0.01804343777445128
2443,1.4924242424242424,0.26626262626262626,0.00020354079836757614,0.01888790011796126
2444,1.4924242424242424,0.2722222222222222,0.00019230996260229577,0.01915280643904151
2445,1.4924242424242424,0.27818181818181814,-0.00021639093175878664,0.019286663210626484
2446,1.4924242424242424,0.28414141414141414,-1.084191300971682e-06,0.019756725138332144
2447,1.4924242424242424,0.2901010101010101,-7.178332248796695e-05,0.020083298469795927
2448,1.4924242424242424,0.296060606060606,-9.635507457087912e-05,0.02053738461890115
2449,1.4924242424242424,0.302020202020202,-4.2449231927406465e-06,0.021008228608261077
2450,1.4924242424242424,0.30797979797979796,-0.00011456902968874856,0.021623289070482415
2451,1.4924242424242424,0.3139393939393939,-0.000230581929504319,0.021536084452245266
2452,1.4924242424242424,0.31989898989898985,-0.0002065944777557945,0.0223176825036652
2453,1.4924242424242424,0.32585858585858585,-0.00028485653030392273,0.02266499492762268
2454,1.4924242424242424,0.3318181818181818,-0.00011116955724220197,0.022952081965839755
2455,1.4924242424242424,0.33777777777777773,-0.0004571334322105401,0.02328929241827602
2456,1.4924242424242424,0.34373737373737373,0.0003119071719047803,0.023917906384409757
2457,1.4924242424242424,0.3496969696969697,0.0003270563323088483,0.024763451588800365
2458,1.4924242424242424,0.3556565656565656,-8.01599074581328e-05,0.024721375000901623
2459,1.4924242424242424,0.3616161616161616,-0.0004784780168575466,0.024580225897771816
2460,1.4924242424242424,0.36757575757575756,0.00025010254225597866,0.025485270049100162
2461,1.4924242424242424,0.3735353535353535,-3.498295831605991e-06,0.025941224696307164
2462,1.4924242424242424,0.37949494949494944,0.0005410593202440936,0.02672494097890074
2463,1.4924242424242424,0.38545454545454544,0.00029096400011803427,0.0266903392920104
2464,1.4924242424242424,0.3914141414141414,3.909499468822862e-05,0.02724966195804289
2465,1.4924242424242424,0.3973737373737373,0.00033719626982863107,0.027297266804734478
2466,1.4924242424242424,0.4033333333333333,0.00034436425253441287,0.028154989081277323
2467,1.4924242424242424,0.40929292929292926,-0.0002976931959224883,0.028658397323614276
2468,1.4924242424242424,0.4152525252525252,0.00026876928102226836,0.028887465674177475
2469,1.4924242424242424,0.42121212121212115,-0.00025123278863034034,0.02927656395536711
2470,1.4924242424242424,0.42717171717171715,-0.00031128165763430113,0.029912785284475465
2471,1.4924242424242424,0.4331313131313131,0.0001995139482050798,0.030227950844216273
2472,1.4924242424242424,0.43909090909090903,7.491590194025711e-05,0.030734232842369476
2473,1.4924242424242424,0.44505050505050503,0.00013549026099567268,0.031191448426590627
2474,1.4924242424242424,0.45101010101010097,-1.6342302054700497e-05,0.03135488464322147
2475,1.4924242424242424,0.4569696969696969,-0.00032372645404121645,0.03139445775222209
2476,1.4924242424242424,0.4629292929292929,-0.0001088684741080057,0.0321676603213411
2477,1.4924242424242424,0.46888888888888886,-1.1400565887168534e-05,0.03246105127587275
2478,1.4924242424242424,0.4748484848484848,0.00021107489103827092,0.03356517256302692
2479,1.4924242424242424,0.48080808080808074,-0.0003698527584523283,0.03354200797530256
2480,1.4924242424242424,0.48676767676767674,6.64180758113706e-06,0.0338106667104661
2481,1.4924242424242424,0.4927272727272727,-1.5930355694821595e-06,0.03409191500997913
2482,1.4924242424242424,0.4986868686868686,2.639901451655382e-05,0.03475795044718372
2483,1.4924242424242424,0.5046464646464646,0.00040068344247037624,0.0352046442986149
2484,1.4924242424242424,0.5106060606060605,0.00032195005137035,0.035471009010074064
2485,1.4924242424242424,0.5165656565656566,0.0004000602813157286,0.035913033654035684
2486,1.4924242424242424,0.5225252525252525,-0.0004590638795203323,0.036147404116903474
2487,1.4924242424242424,0.5284848484848484,2.524143688317526e-06,0.037724177909067
2488,1.4924242424242424,0.5344444444444444,7.527755938807978e-05,0.037595908052775004
2489,1.4924242424242424,0.5404040404040403,-2.102409929796347e-05,0.0376726341762601
2490,1.4924242424242424,0.5463636363636363,-0.00029179823490854575,0.03785250126367722
2491,1.4924242424242424,0.5523232323232323,-0.00037078998551410896,0.03835291938520254
2492,1.4924242424242424,0.5582828282828283,-0.00016089296677251568,0.03877770643200125
2493,1.4924242424242424,0.5642424242424242,-3.1925841068941744e-05,0.040153396264365475
2494,1.4924242424242424,0.5702020202020202,-5.113293505076093e-05,0.03979938924749768
2495,1.4924242424242424,0.5761616161616161,-0.000300962217026613,0.04062384979064107
2496,1.4924242424242424,0.582121212121212,0.00032721066959192935,0.04051525042421784
2497,1.4924242424242424,0.588080808080808,-0.0006706839610547968,0.0413171895601687
2498,1.4924242424242424,0.594040404040404,0.00046801547078939316,0.04148086506063837
2499,1.4924242424242424,0.6,-0.0008009934953071913,0.0416867385090526
2500,1.5125252525252526,0.01,2.998688574906161e-06,0.0007217090081759736
2501,1.5125252525252526,0.01595959595959596,2.6377236638974845e-06,0.0011614920298388676
2502,1.5125252525252526,0.021919191919191918,6.607527676049829e-06,0.0015941445737028606
2503,1.5125252525252526,0.027878787878787878,2.4200408948474983e-05,0.002032566054987624
2504,1.5125252525252526,0.033838383838383834,-5.1528436703945445e-05,0.002452202456615007
2505,1.5125252525252526,0.0397979797979798,3.3608127041184e-05,0.0028497447819883274
2506,1.5125252525252526,0.045757575757575754,1.711613886637304e-05,0.00333768211913969
2507,1.5125252525252526,0.05171717171717172,1.1420462442231827e-06,0.00373021344916488
2508,1.5125252525252526,0.05767676767676767,1.7899129856967267e-05,0.004156027206388931
2509,1.5125252525252526,0.06363636363636363,5.074090665951454e-05,0.004589826293472616
2510,1.5125252525252526,0.06959595959595959,8.336318005943115e-05,0.0050111092337466285
2511,1.5125252525252526,0.07555555555555554,1.1480108305595849e-05,0.005446658712412723
2512,1.5125252525252526,0.0815151515151515,2.653432240560264e-05,0.005836099327774082
2513,1.5125252525252526,0.08747474747474746,6.10217325495308e-06,0.006323313153113864
2514,1.5125252525252526,0.09343434343434343,-2.9566611895421648e-06,0.006749117675944957
2515,1.5125252525252526,0.09939393939393938,-1.654099064536082e-05,0.0071907716648162865
2516,1.5125252525252526,0.10535353535353534,-7.874541822587299e-05,0.00760469075606626
2517,1.5125252525252526,0.1113131313131313,-6.564247529115509e-05,0.008069801748098057
2518,1.5125252525252526,0.11727272727272725,-5.8357607841182515e-05,0.008382995089842821
2519,1.5125252525252526,0.12323232323232322,-3.712941146727254e-05,0.008879361168774821
2520,1.5125252525252526,0.1291919191919192,0.0001302481156740115,0.009309340309952983
2521,1.5125252525252526,0.13515151515151513,0.00016277361515126248,0.00981787994815168
2522,1.5125252525252526,0.1411111111111111,-0.00015733845398286216,0.010183291387653727
2523,1.5125252525252526,0.14707070707070707,-7.708267846076106e-05,0.010691633487468842
2524,1.5125252525252526,0.15303030303030302,0.00011437182038812751,0.01104460446147555
2525,1.5125252525252526,0.158989898989899,1.085693856864336e-05,0.011456193585687446
2526,1.5125252525252526,0.16494949494949493,-0.0001508741552918578,0.011920914253494539
2527,1.5125252525252526,0.1709090909090909,0.00017392445183147596,0.012400577210830436
2528,1.5125252525252526,0.17686868686868687,4.009610674870304e-05,0.012710376540105641
2529,1.5125252525252526,0.1828282828282828,-8.046843134781329e-05,0.013148044419488943
2530,1.5125252525252526,0.18878787878787878,-0.00021064177102445033,0.013640818582168509
2531,1.5125252525252526,0.19474747474747472,0.0002058314390519482,0.014052692800131985
2532,1.5125252525252526,0.2007070707070707,0.00019019729313332433,0.01451984827029305
2533,1.5125252525252526,0.20666666666666667,0.00014701920013749894,0.015028255086538938
2534,1.5125252525252526,0.2126262626262626,-0.0002608836593313604,0.015242919505938394
2535,1.5125252525252526,0.21858585858585858,2.5799720324347765e-05,0.015817959702169263
2536,1.5125252525252526,0.22454545454545452,0.00012691741425100052,0.01604352938056355
2537,1.5125252525252526,0.2305050505050505,0.00017307531585645548,0.01660269899717351
2538,1.5125252525252526,0.23646464646464646,-2.025481502607227e-05,0.01711898925316778
2539,1.5125252525252526,0.2424242424242424,6.353969411562677e-06,0.017741321791526446
2540,1.5125252525252526,0.24838383838383837,6.454901912143735e-05,0.017708970030855538
2541,1.5125252525252526,0.2543434343434343,-9.51913451000943e-05,0.018183381051634116
2542,1.5125252525252526,0.26030303030303026,7.235882063692358e-05,0.01886159684114679
2543,1.5125252525252526,0.26626262626262626,0.0005292622892754377,0.01919590446651463
2544,1.5125252525252526,0.2722222222222222,-0.00015318191169017107,0.019659083956652588
2545,1.5125252525252526,0.27818181818181814,0.0001401899776747312,0.019974893879647473
2546,1.5125252525252526,0.28414141414141414,0.00010784782400504627,0.02066685642320999
2547,1.5125252525252526,0.2901010101010101,-0.00019818874660462228,0.02098647554947809
2548,1.5125252525252526,0.296060606060606,8.017777956092202e-05,0.021627308521920137
2549,1.5125252525252526,0.302020202020202,-9.522718235015683e-05,0.02212394448747278
2550,1.5125252525252526,0.30797979797979796,0.00018586093549635425,0.022429044231808224
2551,1.5125252525252526,0.3139393939393939,-0.0001230538886788035,0.022702246336069508
2552,1.5125252525252526,0.31989898989898985,0.0004671930218478564,0.023178708861231818
2553,1.5125252525252526,0.32585858585858585,-0.0002232969909924404,0.023442604680138437
2554,1.5125252525252526,0.3318181818181818,0.00022560075768035559,0.023810206090183188
2555,1.5125252525252526,0.33777777777777773,-0.00019164123928780224,0.024481529314647917
2556,1.5125252525252526,0.34373737373737373,0.000159400872195005,0.024737941158088462
2557,1.5125252525252526,0.3496969696969697,-0.000139567171802633,0.025490359550028114
2558,1.5125252525252526,0.3556565656565656,0.00026249220172530575,0.02590328455520093
2559,1.5125252525252526,0.3616161616161616,-0.00015873801074571482,0.026227784109706966
2560,1.5125252525252526,0.36757575757575756,-0.00041110847282502114,0.02663060005071942
2561,1.5125252525252526,0.3735353535353535,-0.000306819389880532,0.026975781651518344
2562,1.5125252525252526,0.37949494949494944,7.516574790901521e-05,0.02767867197899452
2563,1.5125252525252526,0.38545454545454544,0.00038224641619916106,0.027709744806967113
2564,1.5125252525252526,0.3914141414141414,-0.0002574127112949013,0.02829892168859524
2565,1.5125252525252526,0.3973737373737373,-3.6431949413270993e-05,0.028724206299346914
2566,1.5125252525252526,0.4033333333333333,-5.408337342846417e-05,0.029308936690895165
2567,1.5125252525252526,0.40929292929292926,5.6251461441907045e-05,0.029766795874004597
2568,1.5125252525252526,0.4152525252525252,5.8063083390526326e-05,0.030145116100778007
2569,1.5125252525252526,0.42121212121212115,0.00010380655221020075,0.03045441350891308
2570,1.5125252525252526,0.42717171717171715,0.00033820377910681625,0.03089704381048429
2571,1.5125252525252526,0.4331313131313131,5.836411526298766e-05,0.031653270698364204
2572,1.5125252525252526,0.43909090909090903,-0.0005416159762991155,0.031419015301927235
2573,1.5125252525252526,0.44505050505050503,-0.0005552224447804301,0.03201964472827278
2574,1.5125252525252526,0.45101010101010097,-0.0002514365333496732,0.03258643846945827
2575,1.5125252525252526,0.4569696969696969,0.00026021710563162994,0.03346305194072581
2576,1.5125252525252526,0.4629292929292929,8.077662012562308e-05,0.03330628196684157
2577,1.5125252525252526,0.46888888888888886,-0.00038122423977093785,0.03433541666049632
2578,1.5125252525252526,0.4748484848484848,0.0007059087420660397,0.034410682354638754
2579,1.5125252525252526,0.48080808080808074,0.00023728352528034615,0.03548926582626323
2580,1.5125252525252526,0.48676767676767674,0.0003277406536358613,0.035307150806177
2581,1.5125252525252526,0.4927272727272727,-0.00047133242892014347,0.03595747663016415
2582,1.5125252525252526,0.4986868686868686,3.078248610446945e-05,0.03598384149433099
2583,1.5125252525252526,0.5046464646464646,0.00021900136709337677,0.03704350052823963
2584,1.5125252525252526,0.5106060606060605,-0.00015453757491999968,0.03726415333744304
2585,1.5125252525252526,0.5165656565656566,-0.0005057743134278792,0.03767686612876653
2586,1.5125252525252526,0.5225252525252525,0.00047763635097830174,0.038540728386390714
2587,1.5125252525252526,0.5284848484848484,0.0008919719178106431,0.03899197378283499
2588,1.5125252525252526,0.5344444444444444,7.752960159279028e-05,0.038721704934822646
2589,1.5125252525252526,0.5404040404040403,0.0007145879305037096,0.03932772177996874
2590,1.5125252525252526,0.5463636363636363,-0.0009555732761120062,0.039608915534621494
2591,1.5125252525252526,0.5523232323232323,4.260330700207907e-05,0.04009717187898877
2592,1.5125252525252526,0.5582828282828283,-7.121979132194872e-05,0.040708805524523606
2593,1.5125252525252526,0.5642424242424242,-9.828273727125844e-05,0.04158829912588447
2594,1.5125252525252526,0.5702020202020202,0.00036285681829209505,0.04173774031764313
2595,1.5125252525252526,0.5761616161616161,0.0003227758780105106,0.041867712525445376
2596,1.5125252525252526,0.582121212121212,0.00020082523912171978,0.042109816839445625
2597,1.5125252525252526,0.588080808080808,0.0004180264963316584,0.04312412637332576
2598,1.5125252525252526,0.594040404040404,1.5174777578500809e-05,0.04411903988933577
2599,1.5125252525252526,0.6,0.00048717528349368476,0.043665292955256674
2600,1.5326262626262626,0.01,6.135495909481226e-06,0.0007420916896697078
2601,1.5326262626262626,0.01595959595959596,-1.9128903280678344e-05,0.0011847920499470917
2602,1.5326262626262626,0.021919191919191918,1.5444821776471772e-06,0.0016387745009683683
2603,1.5326262626262626,0.027878787878787878,-4.004873801302047e-05,0.0020909089196860793
2604,1.5326262626262626,0.033838383838383834,-5.248955320005625e-05,0.0025470353739907147
2605,1.5326262626262626,0.0397979797979798,-1.0603118080622864e-05,0.00297325362649847
2606,1.5326262626262626,0.045757575757575754,-6.887778488092547e-05,0.0034764546663763256
2607,1.5326262626262626,0.05171717171717172,6.682758109576215e-06,0.0038685402793887007
2608,1.5326262626262626,0.05767676767676767,-9.967881479113671e-06,0.004280347022092794
2609,1.5326262626262626,0.06363636363636363,5.504770349558708e-05,0.004765299704614509
2610,1.5326262626262626,0.06959595959595959,-9.64810640659298e-05,0.005197815653525577
2611,1.5326262626262626,0.07555555555555554,-6.587292881481364e-05,0.0056691085191513954
2612,1.5326262626262626,0.0815151515151515,0.00016466549826867145,0.006077415759122073
2613,1.5326262626262626,0.08747474747474746,4.6218530853601695e-05,0.006557629037014839
2614,1.5326262626262626,0.09343434343434343,6.0867300265579726e-05,0.0069595709303870955
2615,1.5326262626262626,0.09939393939393938,-2.1654462372573158e-05,0.007565795368894843
2616,1.5326262626262626,0.10535353535353534,4.4850827761176713e-05,0.007876696407311147
2617,1.5326262626262626,0.1113131313131313,0.00012190995426510867,0.00836058389239122
2618,1.5326262626262626,0.11727272727272725,-5.6845975725925256e-05,0.008836123646203665
2619,1.5326262626262626,0.12323232323232322,4.18075168293847e-05,0.009178588872395163
2620,1.5326262626262626,0.1291919191919192,2.697297835332091e-06,0.009737531308599313
2621,1.5326262626262626,0.13515151515151513,-4.556134036259731e-05,0.010332768746494142
2622,1.5326262626262626,0.1411111111111111,-0.00026523204190808547,0.010597170587096747
2623,1.5326262626262626,0.14707070707070707,-4.216950699702514e-05,0.011010289752124298
2624,1.5326262626262626,0.15303030303030302,6.658528691194497e-05,0.01162521673985192
2625,1.5326262626262626,0.158989898989899,-6.456209105233987e-05,0.01194224908166056
2626,1.5326262626262626,0.16494949494949493,7.394769974786302e-05,0.012423600288318811
2627,1.5326262626262626,0.1709090909090909,1.7123285328028415e-05,0.013079484009262525
2628,1.5326262626262626,0.17686868686868687,-1.8530863166180266e-05,0.013243462611736754
2629,1.5326262626262626,0.1828282828282828,4.6844203523327254e-05,0.013686779848387754
2630,1.5326262626262626,0.18878787878787878,-8.416904075843523e-06,0.014128931577570952
2631,1.5326262626262626,0.19474747474747472,-0.00012183132976040123,0.01460907775909935
2632,1.5326262626262626,0.2007070707070707,-0.00012759430430669982,0.015071408366046462
2633,1.5326262626262626,0.20666666666666667,0.00027334439339911414,0.01552236716194986
2634,1.5326262626262626,0.2126262626262626,-9.013498442599606e-05,0.016096382313767695
2635,1.5326262626262626,0.21858585858585858,-0.00016038422778542262,0.01649081251560986
2636,1.5326262626262626,0.22454545454545452,0.00011172956176892497,0.016949761754550333
2637,1.5326262626262626,0.2305050505050505,3.972443564471196e-05,0.017577599168407083
2638,1.5326262626262626,0.23646464646464646,-7.586970619439575e-05,0.017563294836633103
2639,1.5326262626262626,0.2424242424242424,-0.00014799570081392363,0.018160634438994794
2640,1.5326262626262626,0.24838383838383837,-3.924782524516871e-05,0.0185361175285793
2641,1.5326262626262626,0.2543434343434343,8.741979476478684e-05,0.0193479960146539
2642,1.5326262626262626,0.26030303030303026,9.869312373036715e-05,0.019522532354370993
2643,1.5326262626262626,0.26626262626262626,-0.0003103305761156496,0.019679979398136427
2644,1.5326262626262626,0.2722222222222222,0.00038314068620830255,0.020837346875722588
2645,1.5326262626262626,0.27818181818181814,6.177516710482966e-05,0.0211126665880664
2646,1.5326262626262626,0.28414141414141414,-0.0002467033643906827,0.021470863165890905
2647,1.5326262626262626,0.2901010101010101,-0.0001509009294256146,0.021805847959613642
2648,1.5326262626262626,0.296060606060606,4.9771461785613825e-05,0.022054327080019604
2649,1.5326262626262626,0.302020202020202,0.00025937798075595424,0.022804836153105173
2650,1.5326262626262626,0.30797979797979796,-5.639946771885218e-06,0.023365271358100834
2651,1.5326262626262626,0.3139393939393939,1.3372266662448995e-05,0.02348675891507089
2652,1.5326262626262626,0.31989898989898985,-0.00014421646856631,0.02415669111129413
2653,1.5326262626262626,0.32585858585858585,0.0005255592527897359,0.024670910143881286
2654,1.5326262626262626,0.3318181818181818,2.1846796904605416e-05,0.02503455301113247
2655,1.5326262626262626,0.33777777777777773,-0.00022856620396996042,0.025208880670529742
2656,1.5326262626262626,0.34373737373737373,0.00022224652203638957,0.026026639967015843
2657,1.5326262626262626,0.3496969696969697,-0.00035038317326767463,0.02612331333726138
2658,1.5326262626262626,0.3556565656565656,-4.335178578539982e-05,0.02689501764434598
2659,1.5326262626262626,0.3616161616161616,0.00019936494755748774,0.02723337540342493
2660,1.5326262626262626,0.36757575757575756,0.00012601013685764197,0.027758289372848965
2661,1.5326262626262626,0.3735353535353535,0.00040406373949071917,0.028063059688562587
2662,1.5326262626262626,0.37949494949494944,-0.00012105131324654728,0.028605957009663785
2663,1.5326262626262626,0.38545454545454544,0.0001596543966926124,0.029474944343707916
2664,1.5326262626262626,0.3914141414141414,0.0005272433893352826,0.029271473554294183
2665,1.5326262626262626,0.3973737373737373,0.00024418447050382854,0.029730747951057138
2666,1.5326262626262626,0.4033333333333333,2.5943315208787563e-06,0.030719353124986363
2667,1.5326262626262626,0.40929292929292926,0.00021351386597601927,0.030659104159323085
2668,1.5326262626262626,0.4152525252525252,-0.00011811432799764756,0.031368687678705244
2669,1.5326262626262626,0.42121212121212115,0.0002887096807726742,0.03196285800593138
2670,1.5326262626262626,0.42717171717171715,-0.00020827206328854624,0.03241155700953587
2671,1.5326262626262626,0.4331313131313131,-0.00033912669583900456,0.032410750775559286
2672,1.5326262626262626,0.43909090909090903,-0.00023939511992694188,0.033214983303618446
2673,1.5326262626262626,0.44505050505050503,-0.00033111151498867495,0.03367456068211289
2674,1.5326262626262626,0.45101010101010097,-0.0006081548094844649,0.03379543309059314
2675,1.5326262626262626,0.4569696969696969,0.00017546051522824622,0.034326987186633406
2676,1.5326262626262626,0.4629292929292929,-0.00010014289755019998,0.03494277285818062
2677,1.5326262626262626,0.46888888888888886,0.00020489857676068515,0.03550114075404152
2678,1.5326262626262626,0.4748484848484848,-0.00027267191077421624,0.035798303427899435
2679,1.5326262626262626,0.48080808080808074,-0.00038005580603335385,0.03611146677443871
2680,1.5326262626262626,0.48676767676767674,-0.0003505252666279252,0.036548126016333206
2681,1.5326262626262626,0.4927272727272727,-0.0003492845140285627,0.037058479445010374
2682,1.5326262626262626,0.4986868686868686,0.0006204520050623931,0.03765245282357996
2683,1.5326262626262626,0.5046464646464646,-0.0004556296933363962,0.03774879920129452
2684,1.5326262626262626,0.5106060606060605,-0.0002439450575816966,0.03885415421719275
2685,1.5326262626262626,0.5165656565656566,-0.0007838537712574991,0.03804209326067733
2686,1.5326262626262626,0.5225252525252525,0.00039319685935833445,0.039488931983607437
2687,1.5326262626262626,0.5284848484848484,9.410470088638314e-05,0.04015838507404098
2688,1.5326262626262626,0.5344444444444444,-5.942380173487105e-05,0.0406165723687848
2689,1.5326262626262626,0.5404040404040403,-0.00036030069926375294,0.04124441001742159
2690,1.5326262626262626,0.5463636363636363,0.0004589723559049599,0.04134004849036052
2691,1.5326262626262626,0.5523232323232323,0.0001058134913944217,0.041531576067966564
2692,1.5326262626262626,0.5582828282828283,-0.00011365064637042845,0.04261465031209515
2693,1.5326262626262626,0.5642424242424242,0.0005978068713480167,0.04336152484552887
2694,1.5326262626262626,0.5702020202020202,-0.00045440960191094943,0.04332006152272918
2695,1.5326262626262626,0.5761616161616161,0.0002988251511923713,0.043761543754206635
2696,1.5326262626262626,0.582121212121212,-0.00023383518870172376,0.04376806192027164
2697,1.5326262626262626,0.588080808080808,-0.000670301497416898,0.04503050721382805
2698,1.5326262626262626,0.594040404040404,-9.355320641987908e-05,0.04446988757713575
2699,1.5326262626262626,0.6,0.00014594449638133825,0.04564323193065828
2700,1.5527272727272727,0.01,-1.6409080633633665e-06,0.0007850950745161034
2701,1.5527272727272727,0.01595959595959596,-1.2377059396048684e-05,0.0012483141619027789
2702,1.5527272727272727,0.021919191919191918,5.301229424866838e-06,0.0017085220329425162
2703,1.5527272727272727,0.027878787878787878,3.0880424580710544e-05,0.002207436236460389
2704,1.5527272727272727,0.033838383838383834,1.818186516229695e-05,0.0026388470998548364
2705,1.5527272727272727,0.0397979797979798,1.1320253069857522e-05,0.0030857821839027854
2706,1.5527272727272727,0.045757575757575754,3.4900168448688796e-05,0.003560785785166454
2707,1.5527272727272727,0.05171717171717172,-4.882901806648342e-05,0.003979155635065564
2708,1.5527272727272727,0.05767676767676767,-7.746601384176746e-05,0.004466830347881187
2709,1.5527272727272727,0.06363636363636363,-3.261056472868001e-05,0.004961104886477483
2710,1.5527272727272727,0.06959595959595959,1.1566978846557163e-05,0.00537497580086512
2711,1.5527272727272727,0.07555555555555554,1.4552025993937435e-05,0.005849571682191742
2712,1.5527272727272727,0.0815151515151515,-0.0001622965372662656,0.006405325513831514
2713,1.5527272727272727,0.08747474747474746,6.201225479198836e-05,0.0067766723684294814
2714,1.5527272727272727,0.09343434343434343,0.00014982589320303044,0.007359520532388735
2715,1.5527272727272727,0.09939393939393938,-1.7316728636569967e-06,0.007729606125473342
2716,1.5527272727272727,0.10535353535353534,-0.00014103359959056306,0.008115805023729994
2717,1.5527272727272727,0.1113131313131313,0.00017178947891710242,0.008682253612006143
2718,1.5527272727272727,0.11727272727272725,-8.132029407820905e-05,0.009060519642787519
2719,1.5527272727272727,0.12323232323232322,4.469919794911159e-06,0.009556986069577972
2720,1.5527272727272727,0.1291919191919192,-3.8761572737653714e-05,0.009941391683114465
2721,1.5527272727272727,0.13515151515151513,-3.49110462562924e-05,0.010527377879746778
2722,1.5527272727272727,0.1411111111111111,2.0841954428508424e-05,0.01107620904897698
2723,1.5527272727272727,0.14707070707070707,4.299016936925309e-05,0.011576644406772769
2724,1.5527272727272727,0.15303030303030302,-8.916990298105909e-05,0.012081918501880971
2725,1.5527272727272727,0.158989898989899,-9.613112982652958e-05,0.012393737320719375
2726,1.5527272727272727,0.16494949494949493,8.547827754886537e-05,0.012895367805862696
2727,1.5527272727272727,0.1709090909090909,-7.111103463877587e-05,0.013240953661686128
2728,1.5527272727272727,0.17686868686868687,-5.039099076277923e-05,0.013700662840492187
2729,1.5527272727272727,0.1828282828282828,3.414637599300663e-05,0.014154760176039881
2730,1.5527272727272727,0.18878787878787878,0.00013253241564660905,0.014687884252346078
2731,1.5527272727272727,0.19474747474747472,0.0002457629706880829,0.015272178335520114
2732,1.5527272727272727,0.2007070707070707,-0.00044799170100942457,0.015591907664479212
2733,1.5527272727272727,0.20666666666666667,-6.800321599232406e-06,0.016032336922134238
2734,1.5527272727272727,0.2126262626262626,0.00019439403803276975,0.016491325233839605
2735,1.5527272727272727,0.21858585858585858,-0.0002957748084040892,0.01687099848925659
2736,1.5527272727272727,0.22454545454545452,-0.0001655239236749925,0.017426837614332613
2737,1.5527272727272727,0.2305050505050505,-0.00026642798896870794,0.018203449992827338
2738,1.5527272727272727,0.23646464646464646,-2.4802405342578913e-05,0.01840023608724402
2739,1.5527272727272727,0.2424242424242424,0.00011833926630007401,0.018978906649812825
2740,1.5527272727272727,0.24838383838383837,1.1659747896384209e-05,0.019265736894892735
2741,1.5527272727272727,0.2543434343434343,0.0002514843418157117,0.019905570642956744
2742,1.5527272727272727,0.26030303030303026,0.00013186505638953535,0.02026055714756934
2743,1.5527272727272727,0.26626262626262626,8.922063265241276e-05,0.020965711066839914
2744,1.5527272727272727,0.2722222222222222,0.0001139841373353802,0.021110514579862717
2745,1.5527272727272727,0.27818181818181814,0.000434115635521697,0.021620719050304757
2746,1.5527272727272727,0.28414141414141414,0.00011418180258635444,0.022171398076377257
2747,1.5527272727272727,0.2901010101010101,-4.346229497342452e-05,0.022739865613905196
2748,1.5527272727272727,0.296060606060606,8.714664048426316e-05,0.022923507018157478
2749,1.5527272727272727,0.302020202020202,-0.0003692331977179807,0.023486444070846234
2750,1.5527272727272727,0.30797979797979796,-1.675618834748702e-05,0.024182427907930112
2751,1.5527272727272727,0.3139393939393939,-9.507910050424852e-05,0.024394198807729833
2752,1.5527272727272727,0.31989898989898985,1.3350142828815193e-06,0.02490227934113034
2753,1.5527272727272727,0.32585858585858585,-0.00019608420014309244,0.025504413388946733
2754,1.5527272727272727,0.3318181818181818,0.00011246257359638532,0.026063881437041712
2755,1.5527272727272727,0.33777777777777773,-0.000571737862694862,0.026182429054400803
2756,1.5527272727272727,0.34373737373737373,-0.0004476781943010486,0.026538714866755877
2757,1.5527272727272727,0.3496969696969697,-0.00044848406875022884,0.02700356825370236
2758,1.5527272727272727,0.3556565656565656,0.0003321242825401107,0.02790766940323922
2759,1.5527272727272727,0.3616161616161616,-0.00022400595979906384,0.028376615251628004
2760,1.5527272727272727,0.36757575757575756,0.000539282021643657,0.02906765533411499
2761,1.5527272727272727,0.3735353535353535,-0.00037199316299661955,0.02947026952248745
2762,1.5527272727272727,0.37949494949494944,-4.943154287891258e-05,0.029746981015002425
2763,1.5527272727272727,0.38545454545454544,-0.00010326617336615076,0.029938773993198234
2764,1.5527272727272727,0.3914141414141414,-0.00024576245721362813,0.03025013011395512
2765,1.5527272727272727,0.3973737373737373,2.55494222086742e-05,0.030933694090577946
2766,1.5527272727272727,0.4033333333333333,6.376379205650584e-06,0.031961937914891145
2767,1.5527272727272727,0.40929292929292926,-0.00012399325118676378,0.03223007126588258
2768,1.5527272727272727,0.4152525252525252,0.00020747184957748695,0.03216247634794785
2769,1.5527272727272727,0.42121212121212115,6.974644024039844e-06,0.033267028301135204
2770,1.5527272727272727,0.42717171717171715,-0.000243223221792862,0.03316949023790136
2771,1.5527272727272727,0.4331313131313131,-0.00011161362687527839,0.034233615895536064
2772,1.5527272727272727,0.43909090909090903,0.00010928695306020741,0.03430190673577272
2773,1.5527272727272727,0.44505050505050503,5.215226852487495e-05,0.03480784762973338
2774,1.5527272727272727,0.45101010101010097,0.0003870895963104748,0.03536882861443442
2775,1.5527272727272727,0.4569696969696969,-7.179728072588361e-05,0.035866529250362225
2776,1.5527272727272727,0.4629292929292929,-0.0001927291216616852,0.03578895190109978
2777,1.5527272727272727,0.46888888888888886,0.000318633030856777,0.0368264225768661
2778,1.5527272727272727,0.4748484848484848,0.0001531451073198461,0.03732185399967176
2779,1.5527272727272727,0.48080808080808074,4.340440279925399e-05,0.037709707924485955
2780,1.5527272727272727,0.48676767676767674,0.00028612939913197106,0.038439069239052465
2781,1.5527272727272727,0.4927272727272727,-0.000563701772829905,0.0386414992864515
2782,1.5527272727272727,0.4986868686868686,5.5464279177731405e-05,0.038973124383049895
2783,1.5527272727272727,0.5046464646464646,0.0002380680773467825,0.03953461820416387
2784,1.5527272727272727,0.5106060606060605,-0.0009686362740136531,0.039711465867673636
2785,1.5527272727272727,0.5165656565656566,0.0002872212214105813,0.040668538653352286
2786,1.5527272727272727,0.5225252525252525,0.00033032731677248465,0.04078169764688202
2787,1.5527272727272727,0.5284848484848484,-3.475782297680019e-06,0.04078860240462985
2788,1.5527272727272727,0.5344444444444444,-0.0008348643263121554,0.04166054953813131
2789,1.5527272727272727,0.5404040404040403,-0.0007045731172892707,0.042064871408392844
2790,1.5527272727272727,0.5463636363636363,-0.00032920164654704945,0.04309544833844832
2791,1.5527272727272727,0.5523232323232323,-0.0001315706392926658,0.04423265389644835
2792,1.5527272727272727,0.5582828282828283,-0.0003114855780467564,0.04372157995150629
2793,1.5527272727272727,0.5642424242424242,0.0012690273000492847,0.04444492412345104
2794,1.5527272727272727,0.5702020202020202,0.0003205362955788175,0.045079883376005055
2795,1.5527272727272727,0.5761616161616161,0.0004393481468103451,0.04536370300128818
2796,1.5527272727272727,0.582121212121212,2.6284335407619208e-06,0.04533837229129057
2797,1.5527272727272727,0.588080808080808,0.0010548636744368272,0.046951691457025865
2798,1.5527272727272727,0.594040404040404,-7.702786059661797e-05,0.047208875177246305
2799,1.5527272727272727,0.6,-0.0005010270481582323,0.04731270077837074
2800,1.572828282828283,0.01,2.6632290005923707e-06,0.0008054621862555173
2801,1.572828282828283,0.01595959595959596,7.285491281862589e-06,0.0012951765728135033
2802,1.572828282828283,0.021919191919191918,3.0530741017591425e-05,0.0017845125340459967
2803,1.572828282828283,0.027878787878787878,2.7121383446766735e-06,0.0022514247617101595
2804,1.572828282828283,0.033838383838383834,5.701874943469653e-06,0.0027583842221624373
2805,1.572828282828283,0.0397979797979798,8.478271600178023e-06,0.003210272264479981
2806,1.572828282828283,0.045757575757575754,4.601881736818919e-05,0.003711945322952774
2807,1.572828282828283,0.05171717171717172,-2.3425890238915348e-05,0.00410766239835254
2808,1.572828282828283,0.05767676767676767,-1.3587622263788723e-05,0.0046401294189131895
2809,1.572828282828283,0.06363636363636363,-3.0795050993086214e-06,0.0051485057081214645
2810,1.572828282828283,0.06959595959595959,8.022632970615683e-05,0.005667857482731568
2811,1.572828282828283,0.07555555555555554,7.77744207149519e-05,0.006046550582351016
2812,1.572828282828283,0.0815151515151515,-1.2531040017936157e-05,0.006594411342274221
2813,1.572828282828283,0.08747474747474746,-7.000527375705967e-06,0.007086681947988114
2814,1.572828282828283,0.09343434343434343,-3.756298048365344e-05,0.007619238246666625
2815,1.572828282828283,0.09939393939393938,4.534273209175826e-05,0.008000558334050244
2816,1.572828282828283,0.10535353535353534,-7.657763481565512e-05,0.008517495026077642
2817,1.572828282828283,0.1113131313131313,0.00020253269823443092,0.009008390446296312
2818,1.572828282828283,0.11727272727272725,-0.00011797444275819493,0.009516994430410017
2819,1.572828282828283,0.12323232323232322,-6.233797903712276e-05,0.01002094754949301
2820,1.572828282828283,0.1291919191919192,-4.059645703289472e-05,0.010443331258942984
2821,1.572828282828283,0.13515151515151513,-0.00023382354519932322,0.010971914083423228
2822,1.572828282828283,0.1411111111111111,7.48055229443884e-05,0.011283525381243399
2823,1.572828282828283,0.14707070707070707,5.781955698929727e-05,0.011931072303884663
2824,1.572828282828283,0.15303030303030302,-0.00015113785952193347,0.01221202697573327
2825,1.572828282828283,0.158989898989899,0.00014822137361297005,0.012828283046725095
2826,1.572828282828283,0.16494949494949493,-4.5138644194916954e-05,0.01326967535899227
2827,1.572828282828283,0.1709090909090909,-0.00010334382502605206,0.013732753464639246
2828,1.572828282828283,0.17686868686868687,-4.8614348919499175e-05,0.01422306056618934
2829,1.572828282828283,0.1828282828282828,7.972460662772537e-05,0.014628391088011514
2830,1.572828282828283,0.18878787878787878,-0.00010813460096802967,0.015331299664979627
2831,1.572828282828283,0.19474747474747472,-8.349961171827899e-05,0.015879470465618842
2832,1.572828282828283,0.2007070707070707,-5.5818000164288254e-05,0.016051948222530674
2833,1.572828282828283,0.20666666666666667,4.2530896748823846e-05,0.01686120832563564
2834,1.572828282828283,0.2126262626262626,-2.0364020122643433e-05,0.01711061709468558
2835,1.572828282828283,0.21858585858585858,0.00048110422990766625,0.017632533497486114
2836,1.572828282828283,0.22454545454545452,-0.00016233771465850956,0.01808914059364219
2837,1.572828282828283,0.2305050505050505,-0.00017132871478961804,0.01845700301052094
2838,1.572828282828283,0.23646464646464646,-0.0003915273464056655,0.019168713321104154
2839,1.572828282828283,0.2424242424242424,4.426502304387725e-06,0.01975928262573821
2840,1.572828282828283,0.24838383838383837,-0.0004155104251334253,0.020026350524851192
2841,1.572828282828283,0.2543434343434343,-7.938886461811501e-05,0.02060951061225052
2842,1.572828282828283,0.26030303030303026,9.330562379015439e-06,0.02121012040999504
2843,1.572828282828283,0.26626262626262626,0.00023229332802440528,0.021370848717247724
2844,1.572828282828283,0.2722222222222222,0.0003562797640681291,0.022000538709276714
2845,1.572828282828283,0.27818181818181814,-6.860727881385493e-05,0.022782168314184652
2846,1.572828282828283,0.28414141414141414,-4.153727992634625e-05,0.023082982281241702
2847,1.572828282828283,0.2901010101010101,0.00019402466497805688,0.023386100435460105
2848,1.572828282828283,0.296060606060606,-0.0002989006669492212,0.024238943643179217
2849,1.572828282828283,0.302020202020202,-8.324805477590133e-05,0.024417149958006625
2850,1.572828282828283,0.30797979797979796,9.887547937224072e-06,0.024894188543512365
2851,1.572828282828283,0.3139393939393939,0.0005121137332159155,0.02563482433522699
2852,1.572828282828283,0.31989898989898985,-1.6173229205392946e-05,0.025781972845531482
2853,1.572828282828283,0.32585858585858585,0.0002681424031492247,0.02613359656678798
2854,1.572828282828283,0.3318181818181818,0.0002529159938293092,0.02641314320862013
2855,1.572828282828283,0.33777777777777773,0.0004956610253715264,0.027575966223823228
2856,1.572828282828283,0.34373737373737373,5.467614026222383e-05,0.02742645594688674
2857,1.572828282828283,0.3496969696969697,-0.00013374054808642228,0.028330369059032003
2858,1.572828282828283,0.3556565656565656,0.0002688851250523162,0.02881301022180935
2859,1.572828282828283,0.3616161616161616,4.601211765870023e-05,0.029130445496500828
2860,1.572828282828283,0.36757575757575756,-0.000326432804247909,0.029800665919546273
2861,1.572828282828283,0.3735353535353535,-0.0002181065866802429,0.029864402203914033
2862,1.572828282828283,0.37949494949494944,3.9744869745105036e-05,0.030543845975335052
2863,1.572828282828283,0.38545454545454544,0.00023428287608168245,0.03129608148994951
2864,1.572828282828283,0.3914141414141414,0.00040151831782288185,0.0318941705316998
2865,1.572828282828283,0.3973737373737373,-0.0005475634176584628,0.032234445300446044
2866,1.572828282828283,0.4033333333333333,-0.00048569245113540624,0.032289055514462886
2867,1.572828282828283,0.40929292929292926,4.762001479586786e-06,0.03337559016192353
2868,1.572828282828283,0.4152525252525252,0.0007155307348306122,0.03352935576158163
2869,1.572828282828283,0.42121212121212115,-0.000445868703088849,0.03429983964873499
2870,1.572828282828283,0.42717171717171715,-1.238142357969143e-05,0.03466898763360253
2871,1.572828282828283,0.4331313131313131,-0.00022067681016880685,0.035036018203312994
2872,1.572828282828283,0.43909090909090903,-0.0003918742785767709,0.03573808530973935
2873,1.572828282828283,0.44505050505050503,7.228875016611897e-05,0.036270253963081873
2874,1.572828282828283,0.45101010101010097,-0.00016852318002869753,0.03669533756987644
2875,1.572828282828283,0.4569696969696969,-0.00010247022671852842,0.03671904769180012
2876,1.572828282828283,0.4629292929292929,-4.238497274711841e-05,0.03729811402474393
2877,1.572828282828283,0.46888888888888886,0.00019791971412272242,0.038149209445063066
2878,1.572828282828283,0.4748484848484848,-0.0004127369119338779,0.038358817496444444
2879,1.572828282828283,0.48080808080808074,-0.00021950634046686687,0.03869393153910316
2880,1.572828282828283,0.48676767676767674,-2.6903962602749853e-05,0.03951381219647506
2881,1.572828282828283,0.4927272727272727,-0.000972349164267186,0.04033431715429377
2882,1.572828282828283,0.4986868686868686,0.000720222632454308,0.04062181336392767
2883,1.572828282828283,0.5046464646464646,-0.0004855701744455696,0.04141487097366664
2884,1.572828282828283,0.5106060606060605,-0.00031185612478981585,0.042031219908169354
2885,1.572828282828283,0.5165656565656566,-0.00017444383037793572,0.04186585641729961
2886,1.572828282828283,0.5225252525252525,3.947066922687985e-05,0.04249679206103797
2887,1.572828282828283,0.5284848484848484,0.00040331799520969296,0.042885745720680615
2888,1.572828282828283,0.5344444444444444,0.0008144734154643146,0.04348071274930086
2889,1.572828282828283,0.5404040404040403,0.0004614540240803697,0.04409235178316676
2890,1.572828282828283,0.5463636363636363,0.00021423564571440505,0.04554120246052638
2891,1.572828282828283,0.5523232323232323,0.00040051610670433196,0.04465518178895702
2892,1.572828282828283,0.5582828282828283,1.8522636112676903e-05,0.045632949149657195
2893,1.572828282828283,0.5642424242424242,0.0001180574799113205,0.04555830318074342
2894,1.572828282828283,0.5702020202020202,-0.0005423151342118199,0.04647977529231543
2895,1.572828282828283,0.5761616161616161,-0.0001790927313293005,0.046740652294922136
2896,1.572828282828283,0.582121212121212,-0.0002686876492246629,0.04770635792388305
2897,1.572828282828283,0.588080808080808,0.00037998444752143667,0.0476898106540559
2898,1.572828282828283,0.594040404040404,6.601904465585689e-05,0.04820433930653891
2899,1.572828282828283,0.6,-0.00021666282683624393,0.04844626140193323
2900,1.592929292929293,0.01,-1.8737276286074833e-05,0.0008427905681068075
2901,1.592929292929293,0.01595959595959596,8.128259876598154e-06,0.001342996556376299
2902,1.592929292929293,0.021919191919191918,-2.877510761026425e-06,0.00183470616188709
2903,1.592929292929293,0.027878787878787878,5.978826982835306e-06,0.0023221714919071166
2904,1.592929292929293,0.033838383838383834,4.7319346292847234e-05,0.0028439187184357327
2905,1.592929292929293,0.0397979797979798,-2.8924147652987174e-05,0.0033046010677474694
2906,1.592929292929293,0.045757575757575754,-5.878084310022013e-07,0.003794417814668084
2907,1.592929292929293,0.05171717171717172,1.758040895633285e-05,0.004335754261701586
2908,1.592929292929293,0.05767676767676767,-6.955497501790689e-05,0.004786328830000956
2909,1.592929292929293,0.06363636363636363,1.8117990638321113e-05,0.0053429407153318
2910,1.592929292929293,0.06959595959595959,2.885386302644919e-05,0.0058547502386320305
2911,1.592929292929293,0.07555555555555554,-3.045061236344321e-05,0.00635939653886514
2912,1.592929292929293,0.0815151515151515,1.9928135300473394e-05,0.006854899747636138
2913,1.592929292929293,0.08747474747474746,0.0001365525736804569,0.0073528500636521315
2914,1.592929292929293,0.09343434343434343,-0.00016510393391657542,0.007845834368799222
2915,1.592929292929293,0.09939393939393938,-6.712400866323943e-05,0.008337704470003426
2916,1.592929292929293,0.10535353535353534,0.0001171924620007038,0.008780048731321342
2917,1.592929292929293,0.1113131313131313,0.00014330295075837927,0.009403322868301122
2918,1.592929292929293,0.11727272727272725,-8.784685558944073e-05,0.009849909944391154
2919,1.592929292929293,0.12323232323232322,0.00014021569053222397,0.0102879292533032
2920,1.592929292929293,0.1291919191919192,0.00016419109146494825,0.010755466637282373
2921,1.592929292929293,0.13515151515151513,0.00021413392392200973,0.011273857873746719
2922,1.592929292929293,0.1411111111111111,-0.0001405399458563703,0.011805013569401532
2923,1.592929292929293,0.14707070707070707,-1.6459538844725787e-05,0.012342231007159246
2924,1.592929292929293,0.15303030303030302,6.638818441078971e-05,0.012631524802074356
2925,1.592929292929293,0.158989898989899,-2.9564330965490227e-05,0.013216608021429157
2926,1.592929292929293,0.16494949494949493,-0.0001248394048566222,0.01365672081330568
2927,1.592929292929293,0.1709090909090909,3.689952345872441e-05,0.014178545391485468
2928,1.592929292929293,0.17686868686868687,0.00014435581507716913,0.014922853462912616
2929,1.592929292929293,0.1828282828282828,9.646927260221478e-05,0.015382230552040695
2930,1.592929292929293,0.18878787878787878,-0.0002545018956643151,0.015826287057211487
2931,1.592929292929293,0.19474747474747472,-0.00015741575760066273,0.01592320634287306
2932,1.592929292929293,0.2007070707070707,0.00028664149058571026,0.01689797156903576
2933,1.592929292929293,0.20666666666666667,2.6571871471404318e-05,0.017602374383241474
2934,1.592929292929293,0.2126262626262626,-8.600449984444478e-05,0.017927558051994353
2935,1.592929292929293,0.21858585858585858,-0.0002278386272827322,0.018320272962304585
2936,1.592929292929293,0.22454545454545452,9.179903457011697e-05,0.01898853681124545
2937,1.592929292929293,0.2305050505050505,2.3712629793958083e-05,0.019219694317091515
2938,1.592929292929293,0.23646464646464646,-0.0004859203479458456,0.019488800911818163
2939,1.592929292929293,0.2424242424242424,-0.00028202022709269275,0.020481290741997157
2940,1.592929292929293,0.24838383838383837,-0.00034629593052113437,0.020744186549102313
2941,1.592929292929293,0.2543434343434343,-5.448954850662324e-06,0.021276669996170183
2942,1.592929292929293,0.26030303030303026,0.0001865850994648081,0.02194815407676829
2943,1.592929292929293,0.26626262626262626,-0.00036462964141452744,0.022429484674881414
2944,1.592929292929293,0.2722222222222222,0.00030196511397241436,0.022728915499823362
2945,1.592929292929293,0.27818181818181814,6.460772746858523e-06,0.023430881426975754
2946,1.592929292929293,0.28414141414141414,3.9296619382019684e-05,0.023715533011078198
2947,1.592929292929293,0.2901010101010101,0.0005106466922692281,0.024218932353368305
2948,1.592929292929293,0.296060606060606,0.00024993408464120723,0.02473728944116162
2949,1.592929292929293,0.302020202020202,-0.00018241570260612327,0.02530891288883421
2950,1.592929292929293,0.30797979797979796,-1.7138974995686818e-05,0.025510021938208546
2951,1.592929292929293,0.3139393939393939,-0.00017847304254474668,0.026189764325707184
2952,1.592929292929293,0.31989898989898985,-0.0002231887462485775,0.026887150502222373
2953,1.592929292929293,0.32585858585858585,4.381233102669563e-05,0.027422267097410198
2954,1.592929292929293,0.3318181818181818,-0.00022693769001629432,0.027810490365658004
2955,1.592929292929293,0.33777777777777773,-0.00013303450812907145,0.028434385860844683
2956,1.592929292929293,0.34373737373737373,0.00016392131281434838,0.028806992784129726
2957,1.592929292929293,0.3496969696969697,-0.0004989175245221626,0.029467700533946324
2958,1.592929292929293,0.3556565656565656,-0.0004903247045676752,0.0298816694533338
2959,1.592929292929293,0.3616161616161616,0.00044133902169836626,0.030396870275726247
2960,1.592929292929293,0.36757575757575756,-0.00010928338887961138,0.03090792428005698
2961,1.592929292929293,0.3735353535353535,-0.0005185792511911059,0.031375161841080856
2962,1.592929292929293,0.37949494949494944,0.00023420884943336384,0.03183085004913712
2963,1.592929292929293,0.38545454545454544,-0.0002901496224480931,0.03195599131480246
2964,1.592929292929293,0.3914141414141414,-0.00024784668104744394,0.032542668890012415
2965,1.592929292929293,0.3973737373737373,8.226976739401001e-05,0.03350613489885273
2966,1.592929292929293,0.4033333333333333,0.00038563985532630133,0.03410053284302793
2967,1.592929292929293,0.40929292929292926,0.0001759859884018843,0.03453405697133271
2968,1.592929292929293,0.4152525252525252,0.0003924601999547932,0.03487471933390927
2969,1.592929292929293,0.42121212121212115,-0.00015689053530491378,0.03561670829856475
2970,1.592929292929293,0.42717171717171715,0.0001066726647292891,0.035668050948767134
2971,1.592929292929293,0.4331313131313131,-0.0002902856833782849,0.03639653406440493
2972,1.592929292929293,0.43909090909090903,0.00041425812013785494,0.037019157029163315
2973,1.592929292929293,0.44505050505050503,0.0003314723418049476,0.03727764265822337
2974,1.592929292929293,0.45101010101010097,0.0001268422775257647,0.03772670143271078
2975,1.592929292929293,0.4569696969696969,-0.0008504444812250096,0.03810409646026296
2976,1.592929292929293,0.4629292929292929,0.00042717342514565066,0.039110779529868946
2977,1.592929292929293,0.46888888888888886,-0.00015129685486751514,0.03952908085269513
2978,1.592929292929293,0.4748484848484848,-0.000442972156961778,0.04016108720449849
2979,1.592929292929293,0.48080808080808074,-0.00022785790891005834,0.04011628976675788
2980,1.592929292929293,0.48676767676767674,-0.00011394882948336405,0.04131674379905378
2981,1.592929292929293,0.4927272727272727,-0.00010782270436061569,0.04140488822551037
2982,1.592929292929293,0.4986868686868686,6.740054829884267e-05,0.04220010351230939
2983,1.592929292929293,0.5046464646464646,0.0003861571923586949,0.04258265480327761
2984,1.592929292929293,0.5106060606060605,0.00019311886742477027,0.04266678056337205
2985,1.592929292929293,0.5165656565656566,0.00045897733952744257,0.04377939923454156
2986,1.592929292929293,0.5225252525252525,0.0002960152281382644,0.0440672686258476
2987,1.592929292929293,0.5284848484848484,-4.8423840055094145e-05,0.044536138875235776
2988,1.592929292929293,0.5344444444444444,-0.0002193922507017097,0.04519462441346881
2989,1.592929292929293,0.5404040404040403,-1.1106873346482627e-05,0.045254817612959346
2990,1.592929292929293,0.5463636363636363,0.0007003826524707685,0.04669273387111997
2991,1.592929292929293,0.5523232323232323,-0.0001538272300506603,0.0462885800589443
2992,1.592929292929293,0.5582828282828283,-0.0005894228517289808,0.04743087918268088
2993,1.592929292929293,0.5642424242424242,5.913845494042001e-05,0.04777498230103806
2994,1.592929292929293,0.5702020202020202,-0.0003151041445442478,0.046898909993416296
2995,1.592929292929293,0.5761616161616161,0.0007686016922795993,0.04916099585074302
2996,1.592929292929293,0.582121212121212,0.0007123026947472292,0.04959086021429854
2997,1.592929292929293,0.588080808080808,0.00018977564823383718,0.04955202397646983
2998,1.592929292929293,0.594040404040404,-0.0009930889009743672,0.049553641717883075
2999,1.592929292929293,0.6,0.00043971203937248247,0.05090600562137028
3000,1.613030303030303,0.01,1.2982981442890484e-05,0.0008669575496573615
3001,1.613030303030303,0.01595959595959596,-1.224939115071183e-05,0.0013657576242703613
3002,1.613030303030303,0.021919191919191918,1.5205845413387087e-05,0.0018869568699331554
3003,1.613030303030303,0.027878787878787878,-1.3993952321686387e-05,0.0024127798003056476
3004,1.613030303030303,0.033838383838383834,3.7663513091850686e-05,0.00295080299146146
3005,1.613030303030303,0.0397979797979798,-3.589556252752103e-05,0.0034492731095468686
3006,1.613030303030303,0.045757575757575754,4.7467284280856e-06,0.003986324599808068
3007,1.613030303030303,0.05171717171717172,-1.6786918266425953e-05,0.0044506476689529645
3008,1.613030303030303,0.05767676767676767,-9.797525745652969e-06,0.005025869951184791
3009,1.613030303030303,0.06363636363636363,-2.374284876386251e-05,0.005464396308172879
3010,1.613030303030303,0.06959595959595959,-3.329244073860389e-05,0.005976340246261627
3011,1.613030303030303,0.07555555555555554,2.493889757708967e-06,0.006491972753036412
3012,1.613030303030303,0.0815151515151515,1.2389519979184692e-05,0.0069854614673561044
3013,1.613030303030303,0.08747474747474746,-2.3733308160517775e-05,0.007564592979504846
3014,1.613030303030303,0.09343434343434343,-6.151214984131686e-05,0.007981003933191861
3015,1.613030303030303,0.09939393939393938,-3.20900294559842e-05,0.008561374673239157
3016,1.613030303030303,0.10535353535353534,0.00011831693559798504,0.009181415032181518
3017,1.613030303030303,0.1113131313131313,0.00015144180899319705,0.00955063572162238
3018,1.613030303030303,0.11727272727272725,-7.650585738578064e-06,0.010037672204871393
3019,1.613030303030303,0.12323232323232322,0.00010502199023178303,0.010456898332704592
3020,1.613030303030303,0.1291919191919192,-2.5861881525030894e-05,0.011074112971391593
3021,1.613030303030303,0.13515151515151513,-1.2232906350340732e-05,0.01168743393916149
3022,1.613030303030303,0.1411111111111111,-8.015990102639792e-05,0.012256308021385618
3023,1.613030303030303,0.14707070707070707,-3.6147403975121826e-05,0.01263868797000796
3024,1.613030303030303,0.15303030303030302,-7.525988877489555e-05,0.013229890435495092
3025,1.613030303030303,0.158989898989899,0.00011662956917070903,0.013743101339040924
3026,1.613030303030303,0.16494949494949493,7.459223472899435e-06,0.014267301543680172
3027,1.613030303030303,0.1709090909090909,-0.0004444002011418453,0.014613538614902813
3028,1.613030303030303,0.17686868686868687,-5.399125596929519e-05,0.015156452519234824
3029,1.613030303030303,0.1828282828282828,-1.7081445062221355e-05,0.01594486675277973
3030,1.613030303030303,0.18878787878787878,-9.535788645813892e-05,0.01639195404005266
3031,1.613030303030303,0.19474747474747472,9.811512940151342e-05,0.016933895396881702
3032,1.613030303030303,0.2007070707070707,-2.5434839221322546e-05,0.017221100187385315
3033,1.613030303030303,0.20666666666666667,-4.599468749961697e-05,0.01779770295123437
3034,1.613030303030303,0.2126262626262626,-0.00016308053501801705,0.01823433322955147
3035,1.613030303030303,0.21858585858585858,-6.663315832098826e-05,0.018841668958209885
3036,1.613030303030303,0.22454545454545452,-8.236313948071278e-05,0.01953912490895049
3037,1.613030303030303,0.2305050505050505,-0.00016181648507795855,0.019804006836622878
3038,1.613030303030303,0.23646464646464646,-7.145058440724039e-06,0.02058559406733972
3039,1.613030303030303,0.2424242424242424,7.660995917640441e-05,0.020956747637052867
3040,1.613030303030303,0.24838383838383837,1.469782376617107e-05,0.021686003012052736
3041,1.613030303030303,0.2543434343434343,-7.958541092004715e-05,0.02207677430469113
3042,1.613030303030303,0.26030303030303026,5.591538993716476e-05,0.02254579668696077
3043,1.613030303030303,0.26626262626262626,-0.0005544009817056481,0.022808214304069093
3044,1.613030303030303,0.2722222222222222,2.2299925489016893e-05,0.023600778889536527
3045,1.613030303030303,0.27818181818181814,0.0006002749153147691,0.02441554109833439
3046,1.613030303030303,0.28414141414141414,0.00022954968910213913,0.024692979492394945
3047,1.613030303030303,0.2901010101010101,-0.0004910508527645614,0.024732710007451017
3048,1.613030303030303,0.296060606060606,-0.00045051237989776946,0.02533423373804877
3049,1.613030303030303,0.302020202020202,0.00024752732949010105,0.026163848144836462
3050,1.613030303030303,0.30797979797979796,-7.366515835950522e-05,0.026458864633853486
3051,1.613030303030303,0.3139393939393939,-0.00032807599301015484,0.027354505438278234
3052,1.613030303030303,0.31989898989898985,-0.0004924921510493534,0.027518950642755412
3053,1.613030303030303,0.32585858585858585,-0.00033484797601341667,0.028036345908805205
3054,1.613030303030303,0.3318181818181818,2.4050144927979823e-05,0.028919483385765565
3055,1.613030303030303,0.33777777777777773,-2.9056388957899503e-05,0.029162605651808962
3056,1.613030303030303,0.34373737373737373,0.00017659077762244353,0.029427508805319084
3057,1.613030303030303,0.3496969696969697,9.913290576456562e-05,0.030237760270879058
3058,1.613030303030303,0.3556565656565656,0.00039703735549181186,0.031205240400629844
3059,1.613030303030303,0.3616161616161616,-0.0001586717121933021,0.031377549001668614
3060,1.613030303030303,0.36757575757575756,-4.3237214210927946e-05,0.03175057701951906
3061,1.613030303030303,0.3735353535353535,0.0002962150050151202,0.03238465164714504
3062,1.613030303030303,0.37949494949494944,0.0001329489141638922,0.03287116238322303
3063,1.613030303030303,0.38545454545454544,-0.00022216745846127478,0.033051190416368045
3064,1.613030303030303,0.3914141414141414,0.00047081053790873264,0.03347606271053122
3065,1.613030303030303,0.3973737373737373,5.004209964690969e-05,0.03442399484440268
3066,1.613030303030303,0.4033333333333333,-0.0002780457985021039,0.03464734151340092
3067,1.613030303030303,0.40929292929292926,0.0002721529417762837,0.035429484093717795
3068,1.613030303030303,0.4152525252525252,-0.0001777868207595993,0.0358456674694033
3069,1.613030303030303,0.42121212121212115,0.00018210588012518403,0.03678984659388104
3070,1.613030303030303,0.42717171717171715,-0.00011777864339976723,0.03747328626123645
3071,1.613030303030303,0.4331313131313131,0.0004844024211338801,0.03715456993934594
3072,1.613030303030303,0.43909090909090903,9.57209754332637e-05,0.03870812569575642
3073,1.613030303030303,0.44505050505050503,2.209127821772052e-05,0.03853478629845172
3074,1.613030303030303,0.45101010101010097,-0.0005061794355889426,0.039201891571558456
3075,1.613030303030303,0.4569696969696969,-0.00012723152243965114,0.03954620251042882
3076,1.613030303030303,0.4629292929292929,-0.0005697262429059775,0.040280197957308354
3077,1.613030303030303,0.46888888888888886,-0.00015935427260204636,0.04079261308557294
3078,1.613030303030303,0.4748484848484848,-0.0004394401121494874,0.0416718959627343
3079,1.613030303030303,0.48080808080808074,0.0008771653976667077,0.042462642168392795
3080,1.613030303030303,0.48676767676767674,-0.00019532542919978885,0.04240734189005431
3081,1.613030303030303,0.4927272727272727,0.0005653597985957126,0.0433651943094982
3082,1.613030303030303,0.4986868686868686,-0.00019441789504563565,0.04299291391301818
3083,1.613030303030303,0.5046464646464646,-0.00021531961486892731,0.043781992606949975
3084,1.613030303030303,0.5106060606060605,-0.0003628506634834111,0.04428186250325232
3085,1.613030303030303,0.5165656565656566,-0.00028843796677025766,0.04470178204517913
3086,1.613030303030303,0.5225252525252525,-0.0003128931057591588,0.045915063412715264
3087,1.613030303030303,0.5284848484848484,0.0006747018594377766,0.04594242129503497
3088,1.613030303030303,0.5344444444444444,0.0006592743738104445,0.046686607632649924
3089,1.613030303030303,0.5404040404040403,-0.00021641838915960682,0.047095107306034334
3090,1.613030303030303,0.5463636363636363,0.0003414776380691876,0.047825833516232034
3091,1.613030303030303,0.5523232323232323,-0.00040593506219092646,0.04867052191226248
3092,1.613030303030303,0.5582828282828283,-0.00027122816265755077,0.04820225626638162
3093,1.613030303030303,0.5642424242424242,0.0005820259870729989,0.04961406664755556
3094,1.613030303030303,0.5702020202020202,0.0007524097098326735,0.04985623381820604
3095,1.613030303030303,0.5761616161616161,0.00016760905189520215,0.05031831172171448
3096,1.613030303030303,0.582121212121212,0.0004110839426832376,0.05110495754844311
3097,1.613030303030303,0.588080808080808,-0.00040628801894614146,0.05065254660160507
3098,1.613030303030303,0.594040404040404,-0.00017239320346173096,0.05152931835177254
3099,1.613030303030303,0.6,0.0008730435832889348,0.0529201081938491
3100,1.6331313131313132,0.01,-1.1232622848869577e-05,0.0008847790918218281
3101,1.6331313131313132,0.01595959595959596,4.2520614161225544e-07,0.0014351979805782575
3102,1.6331313131313132,0.021919191919191918,-2.3342947647541413e-05,0.0019837942962129354
3103,1.6331313131313132,0.027878787878787878,-4.762869164867609e-05,0.002497418072285938
3104,1.6331313131313132,0.033838383838383834,1.9346918557236605e-05,0.0029974656348152368
3105,1.6331313131313132,0.0397979797979798,-3.849725920046422e-05,0.0035116205338973495
3106,1.6331313131313132,0.045757575757575754,-3.62006544388856e-05,0.0041009986868854875
3107,1.6331313131313132,0.05171717171717172,3.719661889878754e-05,0.004609562395166677
3108,1.6331313131313132,0.05767676767676767,-4.208227529571634e-05,0.005078616342971045
3109,1.6331313131313132,0.06363636363636363,-5.2738827092677855e-06,0.005608076351247597
3110,1.6331313131313132,0.06959595959595959,-8.209366672463609e-05,0.0062040600161606995
3111,1.6331313131313132,0.07555555555555554,-0.00013514863209731625,0.0067385924722338396
3112,1.6331313131313132,0.0815151515151515,2.564820876752165e-05,0.007233101088465595
3113,1.6331313131313132,0.08747474747474746,-1.0328469316277677e-05,0.007837904704487851
3114,1.6331313131313132,0.09343434343434343,-5.607365793762357e-05,0.008269960317267223
3115,1.6331313131313132,0.09939393939393938,-0.00013311681347550277,0.00878892794319661
3116,1.6331313131313132,0.10535353535353534,-4.348786553668926e-05,0.009416810730341544
3117,1.6331313131313132,0.1113131313131313,-5.294035258926955e-06,0.009889459337700402
3118,1.6331313131313132,0.11727272727272725,-2.2996766295869664e-07,0.010426826728550853
3119,1.6331313131313132,0.12323232323232322,-3.367976356052497e-05,0.011012128744554137
3120,1.6331313131313132,0.1291919191919192,6.991614286301715e-05,0.01156496298037667
3121,1.6331313131313132,0.13515151515151513,-5.584407223325536e-05,0.012087989520208304
3122,1.6331313131313132,0.1411111111111111,4.3132007060277276e-05,0.012654768010389164
3123,1.6331313131313132,0.14707070707070707,-0.00010388843494534483,0.013112587590900844
3124,1.6331313131313132,0.15303030303030302,7.940104672752123e-06,0.013856119798712811
3125,1.6331313131313132,0.158989898989899,5.0901707363388945e-05,0.014032518747072498
3126,1.6331313131313132,0.16494949494949493,7.275224051048158e-05,0.014713931478773699
3127,1.6331313131313132,0.1709090909090909,-2.0312325656596265e-05,0.015137925238318046
3128,1.6331313131313132,0.17686868686868687,-3.112212080613334e-05,0.0155166678104348
3129,1.6331313131313132,0.1828282828282828,0.00013187285567462805,0.016427338854646107
3130,1.6331313131313132,0.18878787878787878,1.7559891501852544e-05,0.0169843017410822
3131,1.6331313131313132,0.19474747474747472,-0.00011776925142135681,0.01741336692233481
3132,1.6331313131313132,0.2007070707070707,-0.0002308881164354636,0.01764285564688475
3133,1.6331313131313132,0.20666666666666667,-0.0001382117787349264,0.018439774528925194
3134,1.6331313131313132,0.2126262626262626,3.4777472216946924e-05,0.01896650368304475
3135,1.6331313131313132,0.21858585858585858,-0.00039097055057263813,0.019410264780600525
3136,1.6331313131313132,0.22454545454545452,-0.00018250582257456883,0.019762961732108262
3137,1.6331313131313132,0.2305050505050505,0.00017352093883614783,0.02101201061800052
3138,1.6331313131313132,0.23646464646464646,8.867115180627216e-06,0.021602839058118942
3139,1.6331313131313132,0.2424242424242424,-0.00030915236554413276,0.02151801284016136
3140,1.6331313131313132,0.24838383838383837,1.7894699495401457e-05,0.022407755332316717
3141,1.6331313131313132,0.2543434343434343,0.00018261120567518826,0.02284862653941312
3142,1.6331313131313132,0.26030303030303026,-2.718580133114752e-05,0.023363161534739715
3143,1.6331313131313132,0.26626262626262626,-0.0001233279018719442,0.023914258350035484
3144,1.6331313131313132,0.2722222222222222,-0.00019540419448217176,0.02415714566998721
3145,1.6331313131313132,0.27818181818181814,0.00022113529195094372,0.025144231848531144
3146,1.6331313131313132,0.28414141414141414,0.00021385500799804232,0.02560112257950406
3147,1.6331313131313132,0.2901010101010101,4.513931281459186e-05,0.026145529406240643
3148,1.6331313131313132,0.296060606060606,9.42341734527508e-05,0.026164976510287572
3149,1.6331313131313132,0.302020202020202,0.00012127745141265374,0.02717302611267417
3150,1.6331313131313132,0.30797979797979796,5.771222244137624e-05,0.02750733738767812
3151,1.6331313131313132,0.3139393939393939,-0.00015285265369657764,0.02776761109334461
3152,1.6331313131313132,0.31989898989898985,-2.0538043611754354e-05,0.028335419609273757
3153,1.6331313131313132,0.32585858585858585,1.3360502479192294e-06,0.029464249671881944
3154,1.6331313131313132,0.3318181818181818,0.0004279732096799739,0.029504548023157384
3155,1.6331313131313132,0.33777777777777773,-0.0001935730533551868,0.030466408704625216
3156,1.6331313131313132,0.34373737373737373,0.000398071766259926,0.03107992802505749
3157,1.6331313131313132,0.3496969696969697,-0.0004518554287608394,0.030964333545792762
3158,1.6331313131313132,0.3556565656565656,0.00019833426865748763,0.031901268106560875
3159,1.6331313131313132,0.3616161616161616,-0.00019491579411814097,0.03233105779912521
3160,1.6331313131313132,0.36757575757575756,0.00014918535578932463,0.03324537966421318
3161,1.6331313131313132,0.3735353535353535,-0.0003601223264132193,0.03352741295663897
3162,1.6331313131313132,0.37949494949494944,-0.0005232255742063355,0.03377901249021399
3163,1.6331313131313132,0.38545454545454544,-3.199075991212457e-05,0.034335666244325845
3164,1.6331313131313132,0.3914141414141414,-4.461365869985465e-05,0.03510328724337567
3165,1.6331313131313132,0.3973737373737373,0.00012568440365647086,0.03536401148536498
3166,1.6331313131313132,0.4033333333333333,0.0005582945558367623,0.03635057662091253
3167,1.6331313131313132,0.40929292929292926,0.00023285721358285274,0.03643191894181376
3168,1.6331313131313132,0.4152525252525252,-0.00033930757605838297,0.03707501561517015
3169,1.6331313131313132,0.42121212121212115,-0.0003588077531089548,0.037654759206067055
3170,1.6331313131313132,0.42717171717171715,-0.00030575918620709516,0.03876926860727019
3171,1.6331313131313132,0.4331313131313131,0.0005334667698624262,0.03893577232952937
3172,1.6331313131313132,0.43909090909090903,0.00047637835154739505,0.03915296733291745
3173,1.6331313131313132,0.44505050505050503,-0.0002313567360795729,0.03963225797231274
3174,1.6331313131313132,0.45101010101010097,0.0006884480891751902,0.04074367151088229
3175,1.6331313131313132,0.4569696969696969,0.000560330836828078,0.04086435630055011
3176,1.6331313131313132,0.4629292929292929,0.00020123634202610772,0.041361442688188234
3177,1.6331313131313132,0.46888888888888886,0.0002052906580537631,0.04189889950347755
3178,1.6331313131313132,0.4748484848484848,-1.1970948676579996e-06,0.04245217609299414
3179,1.6331313131313132,0.48080808080808074,0.00017258280086376998,0.043091253199796335
3180,1.6331313131313132,0.48676767676767674,-0.0005981228762942879,0.04358414222020518
3181,1.6331313131313132,0.4927272727272727,0.0003578947574022563,0.044045208012678735
3182,1.6331313131313132,0.4986868686868686,-0.000471920507357565,0.0447872950100737
3183,1.6331313131313132,0.5046464646464646,4.425738407186062e-05,0.04572989922464644
3184,1.6331313131313132,0.5106060606060605,-0.0001321707462708999,0.04621158740997918
3185,1.6331313131313132,0.5165656565656566,4.790375086243423e-05,0.04668483713948952
3186,1.6331313131313132,0.5225252525252525,-0.00043909724272317164,0.04676960325097992
3187,1.6331313131313132,0.5284848484848484,1.8508101914936637e-05,0.04829932152023709
3188,1.6331313131313132,0.5344444444444444,-8.430424618338348e-05,0.04774483934937498
3189,1.6331313131313132,0.5404040404040403,-2.5990686552298025e-05,0.048531763989311874
3190,1.6331313131313132,0.5463636363636363,-0.0003735112142765596,0.04933093925650972
3191,1.6331313131313132,0.5523232323232323,-0.000617660900583315,0.04832178887363513
3192,1.6331313131313132,0.5582828282828283,-0.0001260891129221616,0.04965711000471867
3193,1.6331313131313132,0.5642424242424242,9.140207055119929e-05,0.050461769478026705
3194,1.6331313131313132,0.5702020202020202,5.333371027388235e-05,0.05111158058450277
3195,1.6331313131313132,0.5761616161616161,0.0005587219670092335,0.051356656185352435
3196,1.6331313131313132,0.582121212121212,0.0003627420169989542,0.05221311552231119
3197,1.6331313131313132,0.588080808080808,-0.00028984039198654785,0.0527442246619176
3198,1.6331313131313132,0.594040404040404,0.00012872930317204786,0.053516743233359115
3199,1.6331313131313132,0.6,0.0012321188615731732,0.05466725027881063
3200,1.6532323232323232,0.01,7.2262983460626765e-06,0.000909478391146316
3201,1.6532323232323232,0.01595959595959596,2.165108676722689e-05,0.0014536973920778863
3202,1.6532323232323232,0.021919191919191918,1.3030211822846128e-05,0.0019919618386288764
3203,1.6532323232323232,0.027878787878787878,-1.7206625410966292e-06,0.002575408204299073
3204,1.6532323232323232,0.033838383838383834,7.121406475641536e-05,0.0030993965576367206
3205,1.6532323232323232,0.0397979797979798,-3.628980637281641e-05,0.003616989771784488
3206,1.6532323232323232,0.045757575757575754,-1.0775168142370128e-05,0.0042240520056977555
3207,1.6532323232323232,0.05171717171717172,4.498474600138155e-05,0.004747967485779846
3208,1.6532323232323232,0.05767676767676767,3.026263450823652e-05,0.00530671502284516
3209,1.6532323232323232,0.06363636363636363,9.102343532147766e-05,0.005821825290706589
3210,1.6532323232323232,0.06959595959595959,9.980559511639465e-05,0.006361236760269316
3211,1.6532323232323232,0.07555555555555554,5.09307076254108e-05,0.006992162761320453
3212,1.6532323232323232,0.0815151515151515,9.208446718557672e-05,0.00752106648403396
3213,1.6532323232323232,0.08747474747474746,-0.00016768314211378484,0.00802009804216495
3214,1.6532323232323232,0.09343434343434343,-8.743164404279357e-06,0.008492030099272683
3215,1.6532323232323232,0.09939393939393938,-1.8506381718829047e-05,0.00912044461518234
3216,1.6532323232323232,0.10535353535353534,3.537242409561512e-05,0.009590863842715007
3217,1.6532323232323232,0.1113131313131313,3.435254744293237e-05,0.01017429601474565
3218,1.6532323232323232,0.11727272727272725,-2.6738511145845136e-06,0.01078997082385103
3219,1.6532323232323232,0.12323232323232322,-1.3351247572586189e-05,0.011301695126810453
3220,1.6532323232323232,0.1291919191919192,0.00014056902597471002,0.011800226707917008
3221,1.6532323232323232,0.13515151515151513,-9.679067459795598e-06,0.012380604828935826
3222,1.6532323232323232,0.1411111111111111,0.00021871716764507965,0.013055188209321967
3223,1.6532323232323232,0.14707070707070707,1.9357792497186542e-05,0.01333335245260588
3224,1.6532323232323232,0.15303030303030302,-0.00016659342803386653,0.01407691328817719
3225,1.6532323232323232,0.158989898989899,2.901427500305499e-05,0.014565457972611608
3226,1.6532323232323232,0.16494949494949493,0.00014003161651373697,0.015225133871472523
3227,1.6532323232323232,0.1709090909090909,2.8600639110160085e-06,0.01572166341129639
3228,1.6532323232323232,0.17686868686868687,7.612297514547095e-06,0.016197036989692125
3229,1.6532323232323232,0.1828282828282828,1.2902447411782781e-05,0.016915640441099347
3230,1.6532323232323232,0.18878787878787878,0.0003293451531808643,0.017380237599797677
3231,1.6532323232323232,0.19474747474747472,7.880197728195354e-05,0.017763266556659153
3232,1.6532323232323232,0.2007070707070707,-1.9846516288005633e-05,0.018641831990588623
3233,1.6532323232323232,0.20666666666666667,0.00021871700752891749,0.018829560808471372
3234,1.6532323232323232,0.2126262626262626,-0.00017012540415500707,0.019668441420243668
3235,1.6532323232323232,0.21858585858585858,-7.383684880834006e-05,0.019985947272300294
3236,1.6532323232323232,0.22454545454545452,-0.00020084690512524003,0.020746822164554375
3237,1.6532323232323232,0.2305050505050505,-0.00012435871306020756,0.021207513404639552
3238,1.6532323232323232,0.23646464646464646,-0.00019147052084089727,0.02171482985287398
3239,1.6532323232323232,0.2424242424242424,0.00011364770945618358,0.022668549447017915
3240,1.6532323232323232,0.24838383838383837,-0.00021409257256584202,0.022794373426461092
3241,1.6532323232323232,0.2543434343434343,-0.00012109776565940423,0.023457899982880583
3242,1.6532323232323232,0.26030303030303026,8.501441225363188e-05,0.024379285467889696
3243,1.6532323232323232,0.26626262626262626,0.00042967278803574606,0.02451146361697014
3244,1.6532323232323232,0.2722222222222222,-0.0004667744674411406,0.024565919799248877
3245,1.6532323232323232,0.27818181818181814,0.00012576208120514687,0.025549048178670843
3246,1.6532323232323232,0.28414141414141414,7.13043786231085e-05,0.026325998134732256
3247,1.6532323232323232,0.2901010101010101,-0.0001740574311923773,0.026762266540716256
3248,1.6532323232323232,0.296060606060606,-0.000291124338583103,0.02692396155878875
3249,1.6532323232323232,0.302020202020202,0.00048720557560891534,0.027728124523183902
3250,1.6532323232323232,0.30797979797979796,7.112232556489214e-05,0.02866517414167989
3251,1.6532323232323232,0.3139393939393939,-0.0003478039676262194,0.028482570504883384
3252,1.6532323232323232,0.31989898989898985,0.00025268251721263975,0.029733587862954707
3253,1.6532323232323232,0.32585858585858585,-6.23061678419591e-05,0.029539109876282645
3254,1.6532323232323232,0.3318181818181818,0.00023367125563562353,0.030900986971995895
3255,1.6532323232323232,0.33777777777777773,6.887893117753277e-05,0.031131171782109675
3256,1.6532323232323232,0.34373737373737373,-0.00025744970961535555,0.03192604425007255
3257,1.6532323232323232,0.3496969696969697,6.251751169422621e-05,0.032248053670528215
3258,1.6532323232323232,0.3556565656565656,0.00017976591521125674,0.033052930946211576
3259,1.6532323232323232,0.3616161616161616,0.00015930273127406905,0.03329962753253979
3260,1.6532323232323232,0.36757575757575756,0.0002839852308074351,0.033978861704494115
3261,1.6532323232323232,0.3735353535353535,-0.00033873928844978176,0.03446866297149745
3262,1.6532323232323232,0.37949494949494944,0.00020496458768330347,0.03491972953750825
3263,1.6532323232323232,0.38545454545454544,-9.553358523669042e-05,0.035409003012689476
3264,1.6532323232323232,0.3914141414141414,4.139370383347627e-05,0.03603634072265164
3265,1.6532323232323232,0.3973737373737373,0.00016926036108791718,0.036856252924221594
3266,1.6532323232323232,0.4033333333333333,-0.00023015830970759334,0.03757130812599835
3267,1.6532323232323232,0.40929292929292926,-0.00018775455613980336,0.03788768444013495
3268,1.6532323232323232,0.4152525252525252,0.00022934362430823758,0.038791803261970216
3269,1.6532323232323232,0.42121212121212115,-0.00010231122561397999,0.03899496918043002
3270,1.6532323232323232,0.42717171717171715,0.0005535536163368522,0.03954120615688186
3271,1.6532323232323232,0.4331313131313131,7.715761600470374e-05,0.04013931889875039
3272,1.6532323232323232,0.43909090909090903,0.00013931689800903514,0.0410350212354884
3273,1.6532323232323232,0.44505050505050503,-0.00041019655488405904,0.04116834797416201
3274,1.6532323232323232,0.45101010101010097,-0.0002311658367355911,0.04143007725415119
3275,1.6532323232323232,0.4569696969696969,-0.00041602417237161636,0.04194633992449887
3276,1.6532323232323232,0.4629292929292929,0.0009441023307925777,0.04276846526200556
3277,1.6532323232323232,0.46888888888888886,0.0008703628859960961,0.043540950474370045
3278,1.6532323232323232,0.4748484848484848,-9.216301864579104e-05,0.043970908232672606
3279,1.6532323232323232,0.48080808080808074,0.00047268737269438594,0.04410380877571257
3280,1.6532323232323232,0.48676767676767674,0.0004681281245947152,0.04506012174969976
3281,1.6532323232323232,0.4927272727272727,0.0003456855676222749,0.04536289003197316
3282,1.6532323232323232,0.4986868686868686,-7.309018916558187e-05,0.046508418734816516
3283,1.6532323232323232,0.5046464646464646,-0.0005057500692297801,0.04701996305074363
3284,1.6532323232323232,0.5106060606060605,0.00021084958376088925,0.0474806658798092
3285,1.6532323232323232,0.5165656565656566,0.0005946971358518629,0.04834491160892182
3286,1.6532323232323232,0.5225252525252525,-0.0006891929878108733,0.047865281888986505
3287,1.6532323232323232,0.5284848484848484,-0.0004042993137479807,0.04942961496614709
3288,1.6532323232323232,0.5344444444444444,-6.524750691930974e-05,0.049458169580169624
3289,1.6532323232323232,0.5404040404040403,0.00022713587123438623,0.05067606081359061
3290,1.6532323232323232,0.5463636363636363,0.0006125159267349038,0.050489054653029074
3291,1.6532323232323232,0.5523232323232323,3.143492729586365e-05,0.051846379122191935
3292,1.6532323232323232,0.5582828282828283,6.94138928529016e-05,0.05108692715318397
3293,1.6532323232323232,0.5642424242424242,-0.0002374099027287936,0.0514943188189566
3294,1.6532323232323232,0.5702020202020202,-1.653386684191901e-05,0.05270104192696351
3295,1.6532323232323232,0.5761616161616161,0.0013525785624407434,0.0545740155947615
3296,1.6532323232323232,0.582121212121212,-0.0002125416436252748,0.05357422632895394
3297,1.6532323232323232,0.588080808080808,0.00029815158911486906,0.05391255164416292
3298,1.6532323232323232,0.594040404040404,-0.0003421518103701172,0.05501492768972102
3299,1.6532323232323232,0.6,0.0004275024016452088,0.055534063309719425
3300,1.6733333333333333,0.01,-9.163801954890282e-06,0.0009571654646156844
3301,1.6733333333333333,0.01595959595959596,2.8961359013136344e-05,0.0015113195501190715
3302,1.6733333333333333,0.021919191919191918,2.1808054890249462e-05,0.0021007729024273233
3303,1.6733333333333333,0.027878787878787878,-5.175275980989402e-06,0.0026475129847432655
3304,1.6733333333333333,0.033838383838383834,-5.7985727914562103e-05,0.00322138422726193
3305,1.6733333333333333,0.0397979797979798,-4.001475465145121e-06,0.0037943719634244634
3306,1.6733333333333333,0.045757575757575754,1.15817419821987e-05,0.004381943936969047
3307,1.6733333333333333,0.05171717171717172,-3.108375792391173e-05,0.004909720657249602
3308,1.6733333333333333,0.05767676767676767,-9.308575884420613e-05,0.0054587062573011455
3309,1.6733333333333333,0.06363636363636363,-9.38152353834257e-05,0.006026562315469469
3310,1.6733333333333333,0.06959595959595959,4.5067161481768435e-05,0.006566316913150561
3311,1.6733333333333333,0.07555555555555554,4.245026048436137e-05,0.007150401295142819
3312,1.6733333333333333,0.0815151515151515,9.378095745348104e-05,0.007770112923118214
3313,1.6733333333333333,0.08747474747474746,-3.9026310058520974e-05,0.008227775598804858
3314,1.6733333333333333,0.09343434343434343,0.000110928347838145,0.008959930454814937
3315,1.6733333333333333,0.09939393939393938,-5.83202023607398e-05,0.009385756851589506
3316,1.6733333333333333,0.10535353535353534,-0.00020181377706295311,0.009985504826206132
3317,1.6733333333333333,0.1113131313131313,0.00010471967255159025,0.010551529471636557
3318,1.6733333333333333,0.11727272727272725,-5.282455734969416e-06,0.011200042373598198
3319,1.6733333333333333,0.12323232323232322,-3.163783026287716e-05,0.011682679144904893
3320,1.6733333333333333,0.1291919191919192,2.4621184085700852e-05,0.012427719944704317
3321,1.6733333333333333,0.13515151515151513,-8.53951678929868e-05,0.012737183040062276
3322,1.6733333333333333,0.1411111111111111,0.00017215076428366233,0.013304223922446602
3323,1.6733333333333333,0.14707070707070707,-0.00038592236033023545,0.013980428857039586
3324,1.6733333333333333,0.15303030303030302,-1.3603336605289874e-05,0.01448054275443089
3325,1.6733333333333333,0.158989898989899,-0.0001366206414093491,0.015100361973958516
3326,1.6733333333333333,0.16494949494949493,7.99717176200404e-06,0.01569150768404309
3327,1.6733333333333333,0.1709090909090909,1.7546078853680558e-05,0.0162753371897291
3328,1.6733333333333333,0.17686868686868687,0.00013205849642789364,0.016637407763938655
3329,1.6733333333333333,0.1828282828282828,-6.971074985083326e-05,0.01727883469446636
3330,1.6733333333333333,0.18878787878787878,0.00027352153125203893,0.01790590963904595
3331,1.6733333333333333,0.19474747474747472,-1.0711115661677418e-05,0.01840859957256646
3332,1.6733333333333333,0.2007070707070707,-0.00013334856890587985,0.018889985611552532
3333,1.6733333333333333,0.20666666666666667,-0.0004228738308604548,0.01940759384668903
3334,1.6733333333333333,0.2126262626262626,0.00026384995954715774,0.020335066362281138
3335,1.6733333333333333,0.21858585858585858,4.716720387779527e-06,0.02081334544409658
3336,1.6733333333333333,0.22454545454545452,6.432764871014465e-05,0.021363366306726733
3337,1.6733333333333333,0.2305050505050505,-0.00018087961006046504,0.02213334415186714
3338,1.6733333333333333,0.23646464646464646,0.00018582297439145433,0.022279214853703395
3339,1.6733333333333333,0.2424242424242424,-2.8873469988468136e-05,0.022735482265972707
3340,1.6733333333333333,0.24838383838383837,5.270300618133783e-05,0.02395225569043734
3341,1.6733333333333333,0.2543434343434343,0.0003438694404872821,0.024573865357714643
3342,1.6733333333333333,0.26030303030303026,-0.00011463241797190602,0.025043108762547336
3343,1.6733333333333333,0.26626262626262626,-0.0002675634579983065,0.025138902306114368
3344,1.6733333333333333,0.2722222222222222,-7.869412376147926e-05,0.025851044623289986
3345,1.6733333333333333,0.27818181818181814,0.00045901222316101274,0.026550648740055242
3346,1.6733333333333333,0.28414141414141414,0.00027523559280684157,0.02698391060327497
3347,1.6733333333333333,0.2901010101010101,6.861273543649602e-05,0.027775765997920334
3348,1.6733333333333333,0.296060606060606,-0.0004059015873461533,0.028108382473832932
3349,1.6733333333333333,0.302020202020202,0.00020444021039895365,0.028945789982871103
3350,1.6733333333333333,0.30797979797979796,-0.0006034660278199228,0.0292917077861539
3351,1.6733333333333333,0.3139393939393939,-0.00023483203668660919,0.02988866401801098
3352,1.6733333333333333,0.31989898989898985,-0.00013917522939114105,0.03073932301504262
3353,1.6733333333333333,0.32585858585858585,0.00027771698420646205,0.030778372950746324
3354,1.6733333333333333,0.3318181818181818,-0.0001971678624070882,0.0316520610981814
3355,1.6733333333333333,0.33777777777777773,-0.0002991145846322623,0.031891752525534146
3356,1.6733333333333333,0.34373737373737373,-0.0003057713657557595,0.0326880055373918
3357,1.6733333333333333,0.3496969696969697,0.00028183778535464395,0.033227005966961105
3358,1.6733333333333333,0.3556565656565656,-3.6152250695722186e-05,0.03381575264337902
3359,1.6733333333333333,0.3616161616161616,-0.0002649175322200895,0.03421304720409532
3360,1.6733333333333333,0.36757575757575756,-0.0005156673971050587,0.03518846919545467
3361,1.6733333333333333,0.3735353535353535,-0.00017136479994775395,0.03569639402355363
3362,1.6733333333333333,0.37949494949494944,-0.0002664124990058688,0.03643389580753932
3363,1.6733333333333333,0.38545454545454544,-0.00011105858460351137,0.0368785536095237
3364,1.6733333333333333,0.3914141414141414,-0.00020888182188269963,0.037356188482008175
3365,1.6733333333333333,0.3973737373737373,9.809386954252735e-05,0.03776497962786808
3366,1.6733333333333333,0.4033333333333333,-0.00017174689811986178,0.038503457102064875
3367,1.6733333333333333,0.40929292929292926,-0.0004354309622543168,0.038798911950411075
3368,1.6733333333333333,0.4152525252525252,0.0005111394484337159,0.03995443405215344
3369,1.6733333333333333,0.42121212121212115,6.695770626057307e-06,0.040109744038930736
3370,1.6733333333333333,0.42717171717171715,0.0007555456005559359,0.0405817901197279
3371,1.6733333333333333,0.4331313131313131,-0.0002578182088932768,0.0411294701640757
3372,1.6733333333333333,0.43909090909090903,0.000345274105675234,0.041858725402509206
3373,1.6733333333333333,0.44505050505050503,0.0003224614147093064,0.042731443239608174
3374,1.6733333333333333,0.45101010101010097,-4.685666237082973e-05,0.042893066475218546
3375,1.6733333333333333,0.4569696969696969,-0.00015259179331697975,0.04329601976581867
3376,1.6733333333333333,0.4629292929292929,-0.00048740897724700017,0.044290693389701714
3377,1.6733333333333333,0.46888888888888886,0.0002386348433778143,0.044335779828801256
3378,1.6733333333333333,0.4748484848484848,-0.00015830445541596208,0.04570214278469331
3379,1.6733333333333333,0.48080808080808074,-0.0007044163586361236,0.045808466541777226
3380,1.6733333333333333,0.48676767676767674,4.064514850643848e-05,0.046001994754185274
3381,1.6733333333333333,0.4927272727272727,0.0001573755010481803,0.047355454628266076
3382,1.6733333333333333,0.4986868686868686,0.00012297859432157976,0.04762283319047906
3383,1.6733333333333333,0.5046464646464646,0.0008261801776574517,0.04864178774840057
3384,1.6733333333333333,0.5106060606060605,0.00015815416315973193,0.0493313818798587
3385,1.6733333333333333,0.5165656565656566,0.00022936460086632932,0.04903928156600314
3386,1.6733333333333333,0.5225252525252525,0.000406603711435225,0.05042069945495352
3387,1.6733333333333333,0.5284848484848484,-0.00010312207919011591,0.04980474388418229
3388,1.6733333333333333,0.5344444444444444,0.0006761697065699512,0.05148479497382796
3389,1.6733333333333333,0.5404040404040403,0.0011404934899666194,0.05155905081674663
3390,1.6733333333333333,0.5463636363636363,-0.00045462275646133613,0.05229661646916803
3391,1.6733333333333333,0.5523232323232323,-2.3965159512358046e-05,0.05256679347249357
3392,1.6733333333333333,0.5582828282828283,0.0008919538458003672,0.05359325665533806
3393,1.6733333333333333,0.5642424242424242,-0.00013302745675641364,0.05421737492387513
3394,1.6733333333333333,0.5702020202020202,0.00031972837018499575,0.05439750848802059
3395,1.6733333333333333,0.5761616161616161,0.0005005963819164831,0.05533395060182552
3396,1.6733333333333333,0.582121212121212,-0.00014523423526809377,0.05590582748228419
3397,1.6733333333333333,0.588080808080808,-7.062998403149523e-06,0.05686312244903963
3398,1.6733333333333333,0.594040404040404,0.0004731348431571673,0.0570782024362901
3399,1.6733333333333333,0.6,0.00012683575637315042,0.057190391632159714
3400,1.6934343434343435,0.01,9.066770362814836e-06,0.0009811093350578276
3401,1.6934343434343435,0.01595959595959596,2.0343741182678666e-05,0.001559632645900757
3402,1.6934343434343435,0.021919191919191918,-7.263234431097654e-06,0.0021763421726053553
3403,1.6934343434343435,0.027878787878787878,-1.5311770086896682e-05,0.0026821902049369646
3404,1.6934343434343435,0.033838383838383834,4.7249556516457024e-05,0.0033103138886638795
3405,1.6934343434343435,0.0397979797979798,2.976129450792986e-05,0.0038909060801779164
3406,1.6934343434343435,0.045757575757575754,-1.7352808269831042e-05,0.004473479106123409
3407,1.6934343434343435,0.05171717171717172,-5.6852669487793075e-05,0.0050346797317165825
3408,1.6934343434343435,0.05767676767676767,3.219803607352202e-05,0.005651829382581683
3409,1.6934343434343435,0.06363636363636363,2.7483074261254024e-05,0.006158712935166332
3410,1.6934343434343435,0.06959595959595959,5.321725441000987e-05,0.0068312835052133135
3411,1.6934343434343435,0.07555555555555554,6.0655383832079545e-05,0.007415273402419492
3412,1.6934343434343435,0.0815151515151515,8.769539397715886e-05,0.008016327220372732
3413,1.6934343434343435,0.08747474747474746,1.776670304482938e-05,0.008573822934697486
3414,1.6934343434343435,0.09343434343434343,-0.0001900352787203167,0.009096817363479658
3415,1.6934343434343435,0.09939393939393938,-0.0001685619118014106,0.009687394479789314
3416,1.6934343434343435,0.10535353535353534,5.5902025394417066e-05,0.010257658228723423
3417,1.6934343434343435,0.1113131313131313,4.1396991940295e-05,0.010934937339092898
3418,1.6934343434343435,0.11727272727272725,5.7521619344638875e-05,0.01138308704229108
3419,1.6934343434343435,0.12323232323232322,-0.0002841657974294211,0.012061987066992009
3420,1.6934343434343435,0.1291919191919192,-9.818439732014726e-05,0.012690215174806585
3421,1.6934343434343435,0.13515151515151513,-4.849377085236448e-05,0.013308060671291004
3422,1.6934343434343435,0.1411111111111111,-4.0428913258422546e-05,0.01385755484204713
3423,1.6934343434343435,0.14707070707070707,9.319353901993813e-05,0.014171223624252199
3424,1.6934343434343435,0.15303030303030302,0.00015968289347127173,0.015036449920348022
3425,1.6934343434343435,0.158989898989899,0.0004611618564527785,0.015463413484957719
3426,1.6934343434343435,0.16494949494949493,0.0004328643588108131,0.015973935715433877
3427,1.6934343434343435,0.1709090909090909,0.00012737180320651845,0.016656225187867597
3428,1.6934343434343435,0.17686868686868687,-0.00015167677331266036,0.01734505468977319
3429,1.6934343434343435,0.1828282828282828,1.955831571733946e-06,0.017815745013889144
3430,1.6934343434343435,0.18878787878787878,-0.0002925569168233105,0.018397740148015002
3431,1.6934343434343435,0.19474747474747472,0.00015284800210982983,0.01895959878684353
3432,1.6934343434343435,0.2007070707070707,-0.00012389131243616865,0.019492558297350315
3433,1.6934343434343435,0.20666666666666667,0.0001009329963639702,0.020233532864352484
3434,1.6934343434343435,0.2126262626262626,4.662322679368936e-05,0.020889853056769866
3435,1.6934343434343435,0.21858585858585858,0.000134485537461203,0.021529917651550108
3436,1.6934343434343435,0.22454545454545452,0.0002627093480848306,0.022153183336952733
3437,1.6934343434343435,0.2305050505050505,0.0001690721150708546,0.02272863176532282
3438,1.6934343434343435,0.23646464646464646,2.16333371352766e-05,0.023193194404576723
3439,1.6934343434343435,0.2424242424242424,2.5163711587289096e-05,0.023642662255284583
3440,1.6934343434343435,0.24838383838383837,-8.151855729966867e-05,0.024151666734943223
3441,1.6934343434343435,0.2543434343434343,-0.00021109754804523044,0.024833607417629328
3442,1.6934343434343435,0.26030303030303026,-0.00020013994157601882,0.025481910774735293
3443,1.6934343434343435,0.26626262626262626,0.0004656331813260406,0.02582079902415249
3444,1.6934343434343435,0.2722222222222222,-0.0005003426392856677,0.02636946320502853
3445,1.6934343434343435,0.27818181818181814,-6.368043190756444e-05,0.027223986215538773
3446,1.6934343434343435,0.28414141414141414,0.00048596101014635596,0.027740454379734512
3447,1.6934343434343435,0.2901010101010101,0.0004529819549626399,0.028320699548347233
3448,1.6934343434343435,0.296060606060606,0.00011678075740944007,0.028822865414379256
3449,1.6934343434343435,0.302020202020202,-7.33588814322271e-05,0.029652394325911928
3450,1.6934343434343435,0.30797979797979796,2.676576239401658e-05,0.030466595205725942
3451,1.6934343434343435,0.3139393939393939,-0.0001740566649263724,0.030604038291893492
3452,1.6934343434343435,0.31989898989898985,-0.0007950072120970649,0.031142769336958392
3453,1.6934343434343435,0.32585858585858585,0.00017211397429126097,0.032023680718088254
3454,1.6934343434343435,0.3318181818181818,-0.00016370870895496845,0.0325933063046505
3455,1.6934343434343435,0.33777777777777773,0.00022795559278406232,0.03331435757842001
3456,1.6934343434343435,0.34373737373737373,-6.548689488956905e-05,0.03398025620641843
3457,1.6934343434343435,0.3496969696969697,-0.00010193300345840224,0.034427850867764745
3458,1.6934343434343435,0.3556565656565656,0.00024337713599787577,0.034669345706301445
3459,1.6934343434343435,0.3616161616161616,-0.0002917435654072875,0.03552821744461267
3460,1.6934343434343435,0.36757575757575756,0.000218541748010706,0.03570324863741622
3461,1.6934343434343435,0.3735353535353535,0.00021863493063607539,0.03693471857295728
3462,1.6934343434343435,0.37949494949494944,0.0002965168256887091,0.03719446624351459
3463,1.6934343434343435,0.38545454545454544,-0.0003714964062932442,0.03783993593870141
3464,1.6934343434343435,0.3914141414141414,-1.1159755417855166e-05,0.03896468056364177
3465,1.6934343434343435,0.3973737373737373,-0.00021442429431068176,0.03889285210664435
3466,1.6934343434343435,0.4033333333333333,-0.00039601061505614547,0.0392572320620308
3467,1.6934343434343435,0.40929292929292926,-0.0003288979970283438,0.04058257439324313
3468,1.6934343434343435,0.4152525252525252,-0.0006683241403962284,0.04047560276574953
3469,1.6934343434343435,0.42121212121212115,0.0005522549732223308,0.04189170261547441
3470,1.6934343434343435,0.42717171717171715,0.00016674319168348336,0.041691687871995994
3471,1.6934343434343435,0.4331313131313131,0.00016530417826461364,0.04254382075684203
3472,1.6934343434343435,0.43909090909090903,-0.0005672163378316102,0.04323819056838154
3473,1.6934343434343435,0.44505050505050503,-0.00013398042482050689,0.04330716020186882
3474,1.6934343434343435,0.45101010101010097,0.00013360153517226006,0.04436710858248167
3475,1.6934343434343435,0.4569696969696969,-0.00016472499779007747,0.04473642995157963
3476,1.6934343434343435,0.4629292929292929,0.0005344853441806046,0.045922663749429715
3477,1.6934343434343435,0.46888888888888886,-1.472983590598731e-05,0.046132968733658644
3478,1.6934343434343435,0.4748484848484848,0.00033827800589923023,0.046800549271691166
3479,1.6934343434343435,0.48080808080808074,0.00030323111521088803,0.04699017941122578
3480,1.6934343434343435,0.48676767676767674,0.0005682514924867865,0.04814773033844262
3481,1.6934343434343435,0.4927272727272727,0.00013615776902749683,0.048290823877131836
3482,1.6934343434343435,0.4986868686868686,-0.0005541544073876996,0.049273475350694075
3483,1.6934343434343435,0.5046464646464646,-0.00015151818732318914,0.04957076420551814
3484,1.6934343434343435,0.5106060606060605,0.0005502919807902937,0.05091469080523228
3485,1.6934343434343435,0.5165656565656566,0.00011246807419283327,0.05084878273495372
3486,1.6934343434343435,0.5225252525252525,0.0007200776714658316,0.051380256484087165
3487,1.6934343434343435,0.5284848484848484,-5.771862040766913e-05,0.05195771200418354
3488,1.6934343434343435,0.5344444444444444,0.0002845781682784673,0.05276565738761565
3489,1.6934343434343435,0.5404040404040403,-8.738233186839538e-05,0.05356050918089799
3490,1.6934343434343435,0.5463636363636363,-0.0007090393273568545,0.053951298371117194
3491,1.6934343434343435,0.5523232323232323,-5.298493495860575e-05,0.0539154599078551
3492,1.6934343434343435,0.5582828282828283,0.0005974401669289283,0.05514884235667314
3493,1.6934343434343435,0.5642424242424242,-0.0005172796256006446,0.05544939425188751
3494,1.6934343434343435,0.5702020202020202,-0.0009205064084188505,0.05527644503954488
3495,1.6934343434343435,0.5761616161616161,0.00019282813664514624,0.05726994668536128
3496,1.6934343434343435,0.582121212121212,0.0001294708469742237,0.05706176648461747
3497,1.6934343434343435,0.588080808080808,0.0003517213789584132,0.05842083001360975
3498,1.6934343434343435,0.594040404040404,9.920334802339544e-05,0.0585338162049961
3499,1.6934343434343435,0.6,0.001000785562369973,0.059461781495759154
3500,1.7135353535353537,0.01,-1.605496647948036e-05,0.0010029087569512843
3501,1.7135353535353537,0.01595959595959596,1.3193003020231965e-06,0.001609403565110197
3502,1.7135353535353537,0.021919191919191918,-2.3274141247163326e-05,0.0022083336535121552
3503,1.7135353535353537,0.027878787878787878,2.5568955540577974e-05,0.002797585463262487
3504,1.7135353535353537,0.033838383838383834,5.40836122337776e-05,0.003393856894941307
3505,1.7135353535353537,0.0397979797979798,5.091889797952548e-05,0.003999874688976564
3506,1.7135353535353537,0.045757575757575754,4.783108892239566e-05,0.004577985297632192
3507,1.7135353535353537,0.05171717171717172,2.3981211613664434e-05,0.00520943901324913
3508,1.7135353535353537,0.05767676767676767,2.0033059110791785e-05,0.00572820246486425
3509,1.7135353535353537,0.06363636363636363,1.2759923515436444e-05,0.006444068404133818
3510,1.7135353535353537,0.06959595959595959,-0.00012136999112639483,0.006956974991053866
3511,1.7135353535353537,0.07555555555555554,-6.848802939982213e-06,0.007564983362697061
3512,1.7135353535353537,0.0815151515151515,-2.2371475864278324e-05,0.008258922011585665
3513,1.7135353535353537,0.08747474747474746,3.0739433338285514e-05,0.008731494258971908
3514,1.7135353535353537,0.09343434343434343,9.86098978550232e-05,0.0093390284299766
3515,1.7135353535353537,0.09939393939393938,-9.769661061231045e-05,0.010031895474726516
3516,1.7135353535353537,0.10535353535353534,0.00026950246977632355,0.010716015175291025
3517,1.7135353535353537,0.1113131313131313,-4.7290783836682704e-05,0.011160641199791753
3518,1.7135353535353537,0.11727272727272725,-6.220199613646532e-05,0.011798707826240911
3519,1.7135353535353537,0.12323232323232322,4.0171951672637287e-05,0.012516950438262125
3520,1.7135353535353537,0.1291919191919192,-0.00013504173729753387,0.012917625698764194
3521,1.7135353535353537,0.13515151515151513,-0.00011385011906469363,0.013600246823467926
3522,1.7135353535353537,0.1411111111111111,-3.0159754098273206e-05,0.0142332533838696
3523,1.7135353535353537,0.14707070707070707,-3.515583899699357e-05,0.014694081264103374
3524,1.7135353535353537,0.15303030303030302,9.436076919838664e-05,0.015431664601436407
3525,1.7135353535353537,0.158989898989899,0.00019427084786545387,0.01619196596967081
3526,1.7135353535353537,0.16494949494949493,0.0003153574036482829,0.016746155848818466
3527,1.7135353535353537,0.1709090909090909,-8.849953353166459e-05,0.01713818233514127
3528,1.7135353535353537,0.17686868686868687,-2.7246675445000844e-05,0.01794370707398635
3529,1.7135353535353537,0.1828282828282828,-0.0004869573841440971,0.01833590785735205
3530,1.7135353535353537,0.18878787878787878,0.00013501578640806315,0.018709432430744213
3531,1.7135353535353537,0.19474747474747472,1.672915306022762e-05,0.01943606025257405
3532,1.7135353535353537,0.2007070707070707,-0.00016779458718205518,0.020300356302005194
3533,1.7135353535353537,0.20666666666666667,-5.353239363815149e-05,0.020783734535707976
3534,1.7135353535353537,0.2126262626262626,-0.00018890893179235234,0.021246959057875388
3535,1.7135353535353537,0.21858585858585858,5.754911371535761e-05,0.021789280048404698
3536,1.7135353535353537,0.22454545454545452,0.00029391112199326363,0.022733311981305987
3537,1.7135353535353537,0.2305050505050505,0.00020017450077409614,0.02344073139117588
3538,1.7135353535353537,0.23646464646464646,0.00022848786590846953,0.023844610015721728
3539,1.7135353535353537,0.2424242424242424,9.153997764009458e-05,0.02452299841344664
3540,1.7135353535353537,0.24838383838383837,-0.00015724914264429377,0.024797862582365517
3541,1.7135353535353537,0.2543434343434343,-1.1035555628659844e-05,0.026105110180376746
3542,1.7135353535353537,0.26030303030303026,0.00013063026813837933,0.02593433592267141
3543,1.7135353535353537,0.26626262626262626,9.454838240195091e-05,0.02700653566865899
3544,1.7135353535353537,0.2722222222222222,-0.00031260241835319376,0.02772030294282267
3545,1.7135353535353537,0.27818181818181814,-6.927669751091619e-05,0.028159228957630195
3546,1.7135353535353537,0.28414141414141414,0.00015202070756040306,0.028291620760115006
3547,1.7135353535353537,0.2901010101010101,2.715466652994105e-05,0.02953115624184799
3548,1.7135353535353537,0.296060606060606,-0.0002617104833057437,0.029936561651718076
3549,1.7135353535353537,0.302020202020202,-0.00017389551146798006,0.030677769273377665
3550,1.7135353535353537,0.30797979797979796,0.0003183948377629628,0.031143152740963395
3551,1.7135353535353537,0.3139393939393939,-0.0005328541420818528,0.03136153960115382
3552,1.7135353535353537,0.31989898989898985,-0.0003846640086754225,0.0322057242154723
3553,1.7135353535353537,0.32585858585858585,5.092030184371481e-05,0.032889322791803906
3554,1.7135353535353537,0.3318181818181818,-0.00031495797056282655,0.03333346947031635
3555,1.7135353535353537,0.33777777777777773,5.437710814933982e-05,0.0342782816480431
3556,1.7135353535353537,0.34373737373737373,-0.0003165673457569762,0.034494136118569614
3557,1.7135353535353537,0.3496969696969697,0.00026424474726052577,0.03555178945532767
3558,1.7135353535353537,0.3556565656565656,-0.00019136018668905556,0.03581169166943477
3559,1.7135353535353537,0.3616161616161616,0.00011007038649507535,0.03670603630930474
3560,1.7135353535353537,0.36757575757575756,0.0002377776989786836,0.03691064562687241
3561,1.7135353535353537,0.3735353535353535,-0.0003518627520112589,0.03843599591279508
3562,1.7135353535353537,0.37949494949494944,-5.070047711537615e-05,0.03836648523635245
3563,1.7135353535353537,0.38545454545454544,-0.00010729237012923553,0.038546011517794396
3564,1.7135353535353537,0.3914141414141414,0.0005613311294341693,0.0399802838603663
3565,1.7135353535353537,0.3973737373737373,0.0003296186053396056,0.039790885765251915
3566,1.7135353535353537,0.4033333333333333,-0.00011810430932000202,0.04061789129793026
3567,1.7135353535353537,0.40929292929292926,0.00016667322326266025,0.041188662383163654
3568,1.7135353535353537,0.4152525252525252,1.5942250504666965e-05,0.04223030728252222
3569,1.7135353535353537,0.42121212121212115,-0.00013403760097247682,0.04204974271863342
3570,1.7135353535353537,0.42717171717171715,0.0002374344488652556,0.04347040820659152
3571,1.7135353535353537,0.4331313131313131,-0.00041481025011334144,0.04348006312309731
3572,1.7135353535353537,0.43909090909090903,0.000603500445032296,0.04480227771305395
3573,1.7135353535353537,0.44505050505050503,0.0001526272888196504,0.04567976988128439
3574,1.7135353535353537,0.45101010101010097,0.00037602566080003567,0.045609769299447676
3575,1.7135353535353537,0.4569696969696969,-0.00017341361746873147,0.04572189104392735
3576,1.7135353535353537,0.4629292929292929,0.000576390250215806,0.047072540509807054
3577,1.7135353535353537,0.46888888888888886,-9.460238600029594e-05,0.04700673919455413
3578,1.7135353535353537,0.4748484848484848,-0.0003862418226819424,0.04812929841163234
3579,1.7135353535353537,0.48080808080808074,-0.00042078602875488647,0.0483638520133385
3580,1.7135353535353537,0.48676767676767674,0.0004321291196358139,0.0491485407957434
3581,1.7135353535353537,0.4927272727272727,-0.0005016678791852828,0.049901011334753234
3582,1.7135353535353537,0.4986868686868686,0.0008454040667135613,0.05052726552815224
3583,1.7135353535353537,0.5046464646464646,0.00022091227080631927,0.051570176617615676
3584,1.7135353535353537,0.5106060606060605,-0.0014263116109176942,0.05114827233363878
3585,1.7135353535353537,0.5165656565656566,0.0006669170826990421,0.05232336518652664
3586,1.7135353535353537,0.5225252525252525,4.9230438255514474e-05,0.0539133190592742
3587,1.7135353535353537,0.5284848484848484,0.0004990920792134974,0.053950103925163646
3588,1.7135353535353537,0.5344444444444444,0.0007613765441646576,0.054430711047616764
3589,1.7135353535353537,0.5404040404040403,0.0004908584416590124,0.05480135615229001
3590,1.7135353535353537,0.5463636363636363,-0.0005890162248440389,0.055251449410835755
3591,1.7135353535353537,0.5523232323232323,-0.0012295527180809067,0.055541724019631665
3592,1.7135353535353537,0.5582828282828283,-0.00031093012918147027,0.05638035170948716
3593,1.7135353535353537,0.5642424242424242,0.000729293343007855,0.057437770017065154
3594,1.7135353535353537,0.5702020202020202,-0.00026868138035203,0.058281243980315
3595,1.7135353535353537,0.5761616161616161,0.00021259740162386914,0.05856574834266459
3596,1.7135353535353537,0.582121212121212,-0.00011687437472303733,0.05960642559275482
3597,1.7135353535353537,0.588080808080808,0.0008250171232968717,0.05971554536796649
3598,1.7135353535353537,0.594040404040404,-0.0008902327021923916,0.060590296414443606
3599,1.7135353535353537,0.6,-0.0004603044740238307,0.061365740338738275
3600,1.7336363636363636,0.01,2.0372624680243345e-05,0.0010265573191783714
3601,1.7336363636363636,0.01595959595959596,6.347086333776897e-06,0.0016529417786291685
3602,1.7336363636363636,0.021919191919191918,7.3733121447077555e-06,0.0022360352688985696
3603,1.7336363636363636,0.027878787878787878,7.032306571385078e-05,0.002903622742613746
3604,1.7336363636363636,0.033838383838383834,-9.251415998321055e-06,0.003527038408093814
3605,1.7336363636363636,0.0397979797979798,4.460053475792058e-05,0.004105688180608505
3606,1.7336363636363636,0.045757575757575754,0.0001276244981773588,0.0047223087597309255
3607,1.7336363636363636,0.05171717171717172,-2.8182522065410277e-06,0.005291954387963089
3608,1.7336363636363636,0.05767676767676767,-3.730412166791921e-05,0.006044898837869563
3609,1.7336363636363636,0.06363636363636363,-4.026816131404867e-05,0.006608655594116786
3610,1.7336363636363636,0.06959595959595959,1.036815490158367e-05,0.007240168848274051
3611,1.7336363636363636,0.07555555555555554,-8.872776278829694e-05,0.0077032934146799145
3612,1.7336363636363636,0.0815151515151515,-0.00013760832638607564,0.008440983590959635
3613,1.7336363636363636,0.08747474747474746,-8.850815574405791e-05,0.009027151779455518
3614,1.7336363636363636,0.09343434343434343,4.5315229757995265e-05,0.009617677718139803
3615,1.7336363636363636,0.09939393939393938,2.8522980361498097e-05,0.010259222974351865
3616,1.7336363636363636,0.10535353535353534,-0.00017342893561240685,0.010851656300272466
3617,1.7336363636363636,0.1113131313131313,9.581002915490186e-05,0.011585950555769619
3618,1.7336363636363636,0.11727272727272725,5.291761535360169e-05,0.012097031764393246
3619,1.7336363636363636,0.12323232323232322,-3.815801296732302e-05,0.012606168464472834
3620,1.7336363636363636,0.1291919191919192,2.4133935439847952e-05,0.013265556899477851
3621,1.7336363636363636,0.13515151515151513,0.00014223815285137217,0.013972026680088685
3622,1.7336363636363636,0.1411111111111111,-5.7515785591733613e-05,0.01473480024901616
3623,1.7336363636363636,0.14707070707070707,-9.343816743312616e-05,0.015160957528148403
3624,1.7336363636363636,0.15303030303030302,-0.0001742769705797969,0.015809372625147738
3625,1.7336363636363636,0.158989898989899,-0.00021490599033403463,0.01636190073044731
3626,1.7336363636363636,0.16494949494949493,-0.0001413276289173939,0.017123770192530415
3627,1.7336363636363636,0.1709090909090909,-0.0003352606223205383,0.017569532226723077
3628,1.7336363636363636,0.17686868686868687,-7.940329408456952e-05,0.01810628068157162
3629,1.7336363636363636,0.1828282828282828,-8.289072388748286e-05,0.01893106427083195
3630,1.7336363636363636,0.18878787878787878,0.00013882307618285562,0.019451511243064074
3631,1.7336363636363636,0.19474747474747472,-0.00019860951790441663,0.020268473045652713
3632,1.7336363636363636,0.2007070707070707,-0.0003495099869186306,0.020635125246014446
3633,1.7336363636363636,0.20666666666666667,0.000650365790937262,0.02153015430447906
3634,1.7336363636363636,0.2126262626262626,0.00011715099463440595,0.021899938789699567
3635,1.7336363636363636,0.21858585858585858,-0.00012107715066388827,0.0225087437148695
3636,1.7336363636363636,0.22454545454545452,-9.548276799172621e-05,0.023394423569892724
3637,1.7336363636363636,0.2305050505050505,0.00029284480789961787,0.023475490335039515
3638,1.7336363636363636,0.23646464646464646,0.0004645383599714587,0.023992445051416008
3639,1.7336363636363636,0.2424242424242424,0.00012167036565744487,0.025321949160675344
3640,1.7336363636363636,0.24838383838383837,-0.00024029895268811967,0.025707611538419602
3641,1.7336363636363636,0.2543434343434343,-9.764793923846292e-05,0.02573399333379928
3642,1.7336363636363636,0.26030303030303026,-0.00014707729617982013,0.026828096135035083
3643,1.7336363636363636,0.26626262626262626,-6.933222648893686e-05,0.027747865607541066
3644,1.7336363636363636,0.2722222222222222,-0.00028421880375822646,0.028325683536535372
3645,1.7336363636363636,0.27818181818181814,0.0003090439311660846,0.029208041513874933
3646,1.7336363636363636,0.28414141414141414,0.0004031345398392366,0.029261060031848224
3647,1.7336363636363636,0.2901010101010101,2.9762066299548307e-05,0.03011415583952281
3648,1.7336363636363636,0.296060606060606,-0.00022781055613987848,0.030422256417622903
3649,1.7336363636363636,0.302020202020202,-6.632721393939485e-05,0.03128524151537973
3650,1.7336363636363636,0.30797979797979796,0.00035684791433642367,0.03173687840802171
3651,1.7336363636363636,0.3139393939393939,-0.00018291161839835464,0.03285723644921722
3652,1.7336363636363636,0.31989898989898985,0.00011680629824620926,0.03307317221468894
3653,1.7336363636363636,0.32585858585858585,0.0001309175439955756,0.03420305356448766
3654,1.7336363636363636,0.3318181818181818,0.00017350766860777043,0.03497676346548332
3655,1.7336363636363636,0.33777777777777773,0.0004045481807870618,0.0355935355565256
3656,1.7336363636363636,0.34373737373737373,2.4584641487215998e-05,0.035845735846748814
3657,1.7336363636363636,0.3496969696969697,-8.33889829365948e-05,0.03623843859405249
3658,1.7336363636363636,0.3556565656565656,-0.00013719710900666265,0.036377192030234505
3659,1.7336363636363636,0.3616161616161616,0.00014100051724457132,0.03729595914749397
3660,1.7336363636363636,0.36757575757575756,0.0004083782474323133,0.03839807455163344
3661,1.7336363636363636,0.3735353535353535,-0.00015061891871960044,0.03846011309955042
3662,1.7336363636363636,0.37949494949494944,0.0003932549037510937,0.03974444297672048
3663,1.7336363636363636,0.38545454545454544,3.387988780912019e-05,0.03988096138478861
3664,1.7336363636363636,0.3914141414141414,-0.00028927645883880266,0.04014632636277635
3665,1.7336363636363636,0.3973737373737373,0.00037784269314193917,0.0409449333175448
3666,1.7336363636363636,0.4033333333333333,-3.887926637828088e-06,0.04172627314053493
3667,1.7336363636363636,0.40929292929292926,-0.00040452667758617895,0.042540440295297674
3668,1.7336363636363636,0.4152525252525252,-0.0005153337739013979,0.04238848498239384
3669,1.7336363636363636,0.42121212121212115,0.0004200155332113353,0.044111651382611375
3670,1.7336363636363636,0.42717171717171715,-0.0006477985291943957,0.04417681457858626
3671,1.7336363636363636,0.4331313131313131,-0.000869637465157823,0.04571104698827291
3672,1.7336363636363636,0.43909090909090903,-3.584504625037175e-05,0.04543981505399948
3673,1.7336363636363636,0.44505050505050503,5.021735852019402e-05,0.04578965886939944
3674,1.7336363636363636,0.45101010101010097,0.0004248287039635339,0.047152721741386586
3675,1.7336363636363636,0.4569696969696969,0.0001902598155051479,0.04774739258406577
3676,1.7336363636363636,0.4629292929292929,0.00020731342887844728,0.04785554904517532
3677,1.7336363636363636,0.46888888888888886,-0.0003431935382421741,0.04847850128206304
3678,1.7336363636363636,0.4748484848484848,0.00031965181588994627,0.049677226876886145
3679,1.7336363636363636,0.48080808080808074,-0.0006768619644149501,0.049688140953172644
3680,1.7336363636363636,0.48676767676767674,-9.863077646031524e-05,0.051045622299264556
3681,1.7336363636363636,0.4927272727272727,-5.353584581379199e-05,0.05074023623510232
3682,1.7336363636363636,0.4986868686868686,-0.0005267092822808201,0.051353233775085674
3683,1.7336363636363636,0.5046464646464646,-0.00010076072766167354,0.05303698900738751
3684,1.7336363636363636,0.5106060606060605,0.0006789853464124129,0.05319571230724458
3685,1.7336363636363636,0.5165656565656566,0.0006606680749881895,0.05429866788473537
3686,1.7336363636363636,0.5225252525252525,0.00022612392425075747,0.05448500457226163
3687,1.7336363636363636,0.5284848484848484,-0.00011056209277143163,0.05527754247874274
3688,1.7336363636363636,0.5344444444444444,0.00017533748900644514,0.055086039023278
3689,1.7336363636363636,0.5404040404040403,-2.377476653584334e-05,0.056278669178923685
3690,1.7336363636363636,0.5463636363636363,-0.00038441140090956556,0.05698315029300905
3691,1.7336363636363636,0.5523232323232323,-0.000272359707668471,0.05735732739330761
3692,1.7336363636363636,0.5582828282828283,-0.00028376708373370257,0.0575249752025851
3693,1.7336363636363636,0.5642424242424242,-0.00019471340421261613,0.05880052276342845
3694,1.7336363636363636,0.5702020202020202,0.00010748061231137045,0.059363298326741254
3695,1.7336363636363636,0.5761616161616161,-0.00016326868824527246,0.05951699778869643
3696,1.7336363636363636,0.582121212121212,-0.00030104742377705596,0.060267561512176875
3697,1.7336363636363636,0.588080808080808,-7.104271368630961e-05,0.061886139883885846
3698,1.7336363636363636,0.594040404040404,-0.0008662141664003794,0.061836173216228064
3699,1.7336363636363636,0.6,-0.00039140228495692736,0.06223992497908267
3700,1.7537373737373738,0.01,6.892074153982186e-07,0.0010517965077087008
3701,1.7537373737373738,0.01595959595959596,1.0080572112383879e-05,0.0016966880800222948
3702,1.7537373737373738,0.021919191919191918,-1.7040037369401694e-05,0.0023182840050073174
3703,1.7537373737373738,0.027878787878787878,-2.60286457535579e-05,0.002977819219684621
3704,1.7537373737373738,0.033838383838383834,9.44868175606486e-06,0.0036211303371028822
3705,1.7537373737373738,0.0397979797979798,4.4294544154101756e-05,0.004156413422642813
3706,1.7537373737373738,0.045757575757575754,-1.8447318150113735e-05,0.004838700989599616
3707,1.7537373737373738,0.05171717171717172,2.7881341300117403e-05,0.005472162744889841
3708,1.7537373737373738,0.05767676767676767,-1.100107990384872e-05,0.006166758591636914
3709,1.7537373737373738,0.06363636363636363,-1.355638932758042e-05,0.006813881842761635
3710,1.7537373737373738,0.06959595959595959,3.326183224946907e-05,0.007411644667475061
3711,1.7537373737373738,0.07555555555555554,-8.734149132785999e-05,0.008039696233734172
3712,1.7537373737373738,0.0815151515151515,-1.3479923345198885e-05,0.008681727279415158
3713,1.7537373737373738,0.08747474747474746,2.7702208877505495e-05,0.009314925032060748
3714,1.7537373737373738,0.09343434343434343,-0.00016859505036307846,0.009840834864267924
3715,1.7537373737373738,0.09939393939393938,-6.250951402642705e-05,0.01052617014173609
3716,1.7537373737373738,0.10535353535353534,-1.2912239852258112e-05,0.011144260769948861
3717,1.7537373737373738,0.1113131313131313,9.446902091176146e-06,0.011845283094619343
3718,1.7537373737373738,0.11727272727272725,2.167311416681872e-06,0.012476865158219939
3719,1.7537373737373738,0.12323232323232322,6.354404819591593e-05,0.012998815713328513
3720,1.7537373737373738,0.1291919191919192,-0.00018057998818496145,0.013693961822896067
3721,1.7537373737373738,0.13515151515151513,2.6143823777355856e-05,0.014295512658977121
3722,1.7537373737373738,0.1411111111111111,3.2949567097423436e-05,0.015108407705026444
3723,1.7537373737373738,0.14707070707070707,-0.0001836510851201249,0.015713279520448774
3724,1.7537373737373738,0.15303030303030302,-0.0002401314929696583,0.016512260537325428
3725,1.7537373737373738,0.158989898989899,1.845670452673892e-05,0.01672581511975971
3726,1.7537373737373738,0.16494949494949493,4.913160125564151e-05,0.017298195877468784
3727,1.7537373737373738,0.1709090909090909,-5.130623702719772e-05,0.018014849858297845
3728,1.7537373737373738,0.17686868686868687,-5.746015653253633e-05,0.018864420048498465
3729,1.7537373737373738,0.1828282828282828,5.57299195794247e-05,0.01961482598073728
3730,1.7537373737373738,0.18878787878787878,-0.00019368719211654552,0.020036755497030625
3731,1.7537373737373738,0.19474747474747472,-0.00010059649173836689,0.020704629236741264
3732,1.7537373737373738,0.2007070707070707,0.0001979467829587147,0.02144638640310968
3733,1.7537373737373738,0.20666666666666667,-4.7365486680169965e-05,0.021933405037036273
3734,1.7537373737373738,0.2126262626262626,-4.831699716776283e-06,0.022561528600306427
3735,1.7537373737373738,0.21858585858585858,9.93608821861984e-05,0.02325179716900467
3736,1.7537373737373738,0.22454545454545452,-5.3513335720239044e-05,0.023725136301294875
3737,1.7537373737373738,0.2305050505050505,-5.320749894467129e-05,0.02459314614468143
3738,1.7537373737373738,0.23646464646464646,-4.057708807771564e-05,0.02517764574888181
3739,1.7537373737373738,0.2424242424242424,-5.995649790112106e-05,0.02584715649010052
3740,1.7537373737373738,0.24838383838383837,-0.0005621792304476456,0.026329112453521954
3741,1.7537373737373738,0.2543434343434343,-0.0002804671670621131,0.027301638162841865
3742,1.7537373737373738,0.26030303030303026,0.0001164244452743765,0.027843936103656465
3743,1.7537373737373738,0.26626262626262626,7.834917069662334e-05,0.02861156183460611
3744,1.7537373737373738,0.2722222222222222,-0.00021437606749978566,0.029339823137788514
3745,1.7537373737373738,0.27818181818181814,-0.00034980469195294,0.029457501084645392
3746,1.7537373737373738,0.28414141414141414,-0.000250139559799414,0.03034319476105944
3747,1.7537373737373738,0.2901010101010101,0.00044427944558751183,0.03127464419692112
3748,1.7537373737373738,0.296060606060606,0.000400412018506003,0.031619405849290516
3749,1.7537373737373738,0.302020202020202,0.00036715725856083063,0.032051964868378975
3750,1.7537373737373738,0.30797979797979796,-9.025372858352534e-05,0.032812794737114
3751,1.7537373737373738,0.3139393939393939,-0.00024374746502677872,0.03319654127548786
3752,1.7537373737373738,0.31989898989898985,0.00026318770921428725,0.03422145794598547
3753,1.7537373737373738,0.32585858585858585,0.00048326642852664,0.03471107848271176
3754,1.7537373737373738,0.3318181818181818,-0.00012868600823439782,0.03575986446518283
3755,1.7537373737373738,0.33777777777777773,-6.875596861528707e-05,0.03619405390949637
3756,1.7537373737373738,0.34373737373737373,0.00023428544369399865,0.03696125525835749
3757,1.7537373737373738,0.3496969696969697,0.00013405707251839963,0.03703685988145642
3758,1.7537373737373738,0.3556565656565656,-0.0004352103351038379,0.03821005932949887
3759,1.7537373737373738,0.3616161616161616,0.0004930388656977076,0.03859829940181444
3760,1.7537373737373738,0.36757575757575756,0.00026814818815043366,0.03928846770711434
3761,1.7537373737373738,0.3735353535353535,-0.000525365505255208,0.03951594272558182
3762,1.7537373737373738,0.37949494949494944,-1.9520757949856683e-05,0.04064114103222087
3763,1.7537373737373738,0.38545454545454544,7.075819429967585e-05,0.041050530977895655
3764,1.7537373737373738,0.3914141414141414,0.00016870856390392906,0.0416983994076688
3765,1.7537373737373738,0.3973737373737373,0.0001627379626508814,0.04190732823655227
3766,1.7537373737373738,0.4033333333333333,-1.0971818880784134e-05,0.042759574335974014
3767,1.7537373737373738,0.40929292929292926,-0.0005020810924964657,0.04321525597998359
3768,1.7537373737373738,0.4152525252525252,-0.0005475161874382928,0.043919944230942164
3769,1.7537373737373738,0.42121212121212115,7.548340166324505e-05,0.04486758767027259
3770,1.7537373737373738,0.42717171717171715,0.00021272073269671527,0.045996131664602265
3771,1.7537373737373738,0.4331313131313131,-0.00041756057225552805,0.04601024939304746
3772,1.7537373737373738,0.43909090909090903,0.00018136006579625347,0.04707589456864347
3773,1.7537373737373738,0.44505050505050503,0.00040313627377297197,0.04746286082486453
3774,1.7537373737373738,0.45101010101010097,0.0001925000536359195,0.04793816474962912
3775,1.7537373737373738,0.4569696969696969,0.00019847170131494018,0.049344628124576774
3776,1.7537373737373738,0.4629292929292929,-9.056274408982687e-05,0.04969125965696277
3777,1.7537373737373738,0.46888888888888886,0.00011689486331748915,0.049998387165165116
3778,1.7537373737373738,0.4748484848484848,-0.000247077122358498,0.05126720131789127
3779,1.7537373737373738,0.48080808080808074,0.0002142849379476004,0.051336893695274576
3780,1.7537373737373738,0.48676767676767674,-0.0007835788621199415,0.051704692898684686
3781,1.7537373737373738,0.4927272727272727,-2.822406897878107e-05,0.052495144645055364
3782,1.7537373737373738,0.4986868686868686,0.00043294179789516303,0.05375115563844652
3783,1.7537373737373738,0.5046464646464646,0.0004188870204564771,0.054379293215546055
3784,1.7537373737373738,0.5106060606060605,0.0004760734240881632,0.05507032956059705
3785,1.7537373737373738,0.5165656565656566,0.0006429846909500005,0.05515884156637718
3786,1.7537373737373738,0.5225252525252525,-0.0005013267697236976,0.05662499917802229
3787,1.7537373737373738,0.5284848484848484,0.0005072980878305438,0.05691132119135276
3788,1.7537373737373738,0.5344444444444444,0.0007260817474269422,0.058173762291172104
3789,1.7537373737373738,0.5404040404040403,0.0005871764276422884,0.05832803893221696
3790,1.7537373737373738,0.5463636363636363,0.0007181775495913263,0.05889336709597883
3791,1.7537373737373738,0.5523232323232323,-0.0005469072820289473,0.05899396839010825
3792,1.7537373737373738,0.5582828282828283,0.0005942274820652692,0.059969701391473354
3793,1.7537373737373738,0.5642424242424242,-0.0003823699117396634,0.060292990075232235
3794,1.7537373737373738,0.5702020202020202,-0.0004382084964969646,0.061356041447566775
3795,1.7537373737373738,0.5761616161616161,-0.0007748992243354609,0.06188136052750621
3796,1.7537373737373738,0.582121212121212,0.0004587369884407521,0.062218586632360316
3797,1.7537373737373738,0.588080808080808,-0.0009411364987281069,0.06278328964153598
3798,1.7537373737373738,0.594040404040404,0.000249563694293207,0.06429621457695218
3799,1.7537373737373738,0.6,-0.001668524415073678,0.0642135829952387
3800,1.7738383838383838,0.01,-1.639813815537986e-05,0.001083902891624505
3801,1.7738383838383838,0.01595959595959596,5.9174204798980164e-06,0.0017381117573197439
3802,1.7738383838383838,0.021919191919191918,1.86568766861701e-05,0.002387080569873088
3803,1.7738383838383838,0.027878787878787878,1.0980040489789666e-05,0.0030264133727973827
3804,1.7738383838383838,0.033838383838383834,2.8572497278378306e-05,0.003706312701576517
3805,1.7738383838383838,0.0397979797979798,-1.0842828882714928e-06,0.004360426230787485
3806,1.7738383838383838,0.045757575757575754,-2.3292605980316294e-05,0.004967822900913601
3807,1.7738383838383838,0.05171717171717172,-5.250417160671692e-05,0.005584965972702914
3808,1.7738383838383838,0.05767676767676767,5.086901487218634e-05,0.006300481376541714
3809,1.7738383838383838,0.06363636363636363,2.0323874978378497e-05,0.006997869154171571
3810,1.7738383838383838,0.06959595959595959,0.00011948684548048508,0.0075668973704583736
3811,1.7738383838383838,0.07555555555555554,-5.1010323908723866e-05,0.008349812194649258
3812,1.7738383838383838,0.0815151515151515,-0.00010697737026978138,0.009032123045975803
3813,1.7738383838383838,0.08747474747474746,2.35250162844044e-05,0.00962322577906844
3814,1.7738383838383838,0.09343434343434343,1.918371002495558e-05,0.010259643704258506
3815,1.7738383838383838,0.09939393939393938,7.017810847149266e-05,0.010890581486666195
3816,1.7738383838383838,0.10535353535353534,-4.0651160358466795e-05,0.011405015800011874
3817,1.7738383838383838,0.1113131313131313,-0.00014509801861106814,0.012104537618551426
3818,1.7738383838383838,0.11727272727272725,-0.00011956970624019104,0.012730240570562297
3819,1.7738383838383838,0.12323232323232322,-1.4915512461131587e-05,0.01353307138887431
3820,1.7738383838383838,0.1291919191919192,0.00010286500585698684,0.014136884201684494
3821,1.7738383838383838,0.13515151515151513,1.66620598059805e-05,0.014725529262436195
3822,1.7738383838383838,0.1411111111111111,-8.811815274256141e-05,0.015495667701833835
3823,1.7738383838383838,0.14707070707070707,-9.033769172938772e-05,0.01604934796222109
3824,1.7738383838383838,0.15303030303030302,-0.00031174684946906937,0.016767349272037747
3825,1.7738383838383838,0.158989898989899,0.0002670342715450702,0.01725222835079747
3826,1.7738383838383838,0.16494949494949493,-0.0002042053232336766,0.01780011569547113
3827,1.7738383838383838,0.1709090909090909,-8.166625042340467e-05,0.01878853903183203
3828,1.7738383838383838,0.17686868686868687,0.00015887359255452714,0.01919035559810421
3829,1.7738383838383838,0.1828282828282828,0.0002649773956649805,0.01976595241056539
3830,1.7738383838383838,0.18878787878787878,-0.00010607171911366928,0.020396660559879414
3831,1.7738383838383838,0.19474747474747472,-0.00020494252325195346,0.021434781372854816
3832,1.7738383838383838,0.2007070707070707,-0.00024674881786067933,0.02193059909995099
3833,1.7738383838383838,0.20666666666666667,-0.00012369867628597787,0.022396122969045716
3834,1.7738383838383838,0.2126262626262626,7.51410811694429e-05,0.023468160393071782
3835,1.7738383838383838,0.21858585858585858,-6.207453721251166e-05,0.023639036708582275
3836,1.7738383838383838,0.22454545454545452,0.0001883139596331488,0.024529806015061714
3837,1.7738383838383838,0.2305050505050505,-0.0003038568907845692,0.025202914737362334
3838,1.7738383838383838,0.23646464646464646,-0.00010371796453397048,0.025813331511936707
3839,1.7738383838383838,0.2424242424242424,-0.0003438689896360313,0.026296602972065448
3840,1.7738383838383838,0.24838383838383837,-0.00030047270182972474,0.02742825013212384
3841,1.7738383838383838,0.2543434343434343,0.0005113437386238895,0.027851063863886232
3842,1.7738383838383838,0.26030303030303026,-0.00028702405512001476,0.0282988426395279
3843,1.7738383838383838,0.26626262626262626,-0.00017764081459332347,0.029127189222787987
3844,1.7738383838383838,0.2722222222222222,-0.0002237822773929806,0.02936827485369878
3845,1.7738383838383838,0.27818181818181814,-0.00020436508141461198,0.030840567557468328
3846,1.7738383838383838,0.28414141414141414,-0.0003171895869250403,0.03112758252553115
3847,1.7738383838383838,0.2901010101010101,0.0002158693945242719,0.03165523376054862
3848,1.7738383838383838,0.296060606060606,0.00043670407590174084,0.03271641386821153
3849,1.7738383838383838,0.302020202020202,-0.00046215416358541317,0.03319107462768602
3850,1.7738383838383838,0.30797979797979796,-0.0003124775159563882,0.034009005319620506
3851,1.7738383838383838,0.3139393939393939,-0.00011050810955002834,0.03399821540372608
3852,1.7738383838383838,0.31989898989898985,-0.00011906845576765595,0.03432105866576951
3853,1.7738383838383838,0.32585858585858585,0.00013093546540043617,0.03569711553592279
3854,1.7738383838383838,0.3318181818181818,-0.0005664133228784104,0.036774304977344574
3855,1.7738383838383838,0.33777777777777773,1.4004652984647236e-05,0.03717212492161745
3856,1.7738383838383838,0.34373737373737373,7.477924594317202e-05,0.03781557762273726
3857,1.7738383838383838,0.3496969696969697,-0.0007222641173332843,0.03817746906069592
3858,1.7738383838383838,0.3556565656565656,-0.00018347432401930982,0.03895572080705366
3859,1.7738383838383838,0.3616161616161616,0.0005319083229480977,0.039466609041462444
3860,1.7738383838383838,0.36757575757575756,-0.00031451725521751194,0.04040403208253236
3861,1.7738383838383838,0.3735353535353535,0.0001595605894759308,0.040952325294313585
3862,1.7738383838383838,0.37949494949494944,9.587725882294884e-05,0.04193855080583928
3863,1.7738383838383838,0.38545454545454544,0.00023755745414321864,0.04183377174122169
3864,1.7738383838383838,0.3914141414141414,-0.00035566772955872105,0.042370479441708686
3865,1.7738383838383838,0.3973737373737373,-0.0005664903468914664,0.043858879988380416
3866,1.7738383838383838,0.4033333333333333,-0.00010668517506817076,0.0446347552313018
3867,1.7738383838383838,0.40929292929292926,0.0005532377494969831,0.044902315538576966
3868,1.7738383838383838,0.4152525252525252,-2.043331081381219e-05,0.04544616023617862
3869,1.7738383838383838,0.42121212121212115,-0.0002810212617379864,0.04571627790639172
3870,1.7738383838383838,0.42717171717171715,0.0001533188667768054,0.047168946671708796
3871,1.7738383838383838,0.4331313131313131,2.376751089186502e-05,0.046919101988194364
3872,1.7738383838383838,0.43909090909090903,1.3141821191576163e-05,0.04829234467217151
3873,1.7738383838383838,0.44505050505050503,-0.0010254423420798184,0.04880685494898036
3874,1.7738383838383838,0.45101010101010097,-0.0004544021314081718,0.049194995042071664
3875,1.7738383838383838,0.4569696969696969,0.00029536494434157553,0.05038597153032248
3876,1.7738383838383838,0.4629292929292929,0.00027506443314581836,0.05107246178663308
3877,1.7738383838383838,0.46888888888888886,0.00012297761330021037,0.05164872433749705
3878,1.7738383838383838,0.4748484848484848,-0.00027993225739142115,0.05198074695045398
3879,1.7738383838383838,0.48080808080808074,-0.0002796207194408245,0.05367726801800691
3880,1.7738383838383838,0.48676767676767674,-0.0008143037090941406,0.053234725169831756
3881,1.7738383838383838,0.4927272727272727,-0.0004823876622337339,0.05422380270993961
3882,1.7738383838383838,0.4986868686868686,0.0011362522877735907,0.054349425016404475
3883,1.7738383838383838,0.5046464646464646,0.0004901439422224587,0.05554781189765037
3884,1.7738383838383838,0.5106060606060605,-0.000539572089230616,0.05596196590787844
3885,1.7738383838383838,0.5165656565656566,0.0002196923439729765,0.057009989115103826
3886,1.7738383838383838,0.5225252525252525,-0.0006400897404067674,0.05721085723236887
3887,1.7738383838383838,0.5284848484848484,0.0010591740810817775,0.05795968725552847
3888,1.7738383838383838,0.5344444444444444,0.0009721379792863246,0.05952060872490931
3889,1.7738383838383838,0.5404040404040403,0.0001290595323607767,0.059378578084271286
3890,1.7738383838383838,0.5463636363636363,0.0007727522583223281,0.059836131734103015
3891,1.7738383838383838,0.5523232323232323,6.839372073551173e-05,0.06031897376867814
3892,1.7738383838383838,0.5582828282828283,-0.0003922295150365811,0.061190090685393
3893,1.7738383838383838,0.5642424242424242,-0.0007899183674670146,0.061616307383463916
3894,1.7738383838383838,0.5702020202020202,-8.292885259217515e-05,0.06379144490626623
3895,1.7738383838383838,0.5761616161616161,-0.0002569951980676772,0.06327055497130517
3896,1.7738383838383838,0.582121212121212,-0.00025124404705875015,0.0646010070307717
3897,1.7738383838383838,0.588080808080808,0.00014079275972595954,0.06452814882080798
3898,1.7738383838383838,0.594040404040404,0.00031919909772586195,0.06551023242559832
3899,1.7738383838383838,0.6,9.380913610942509e-05,0.06534829823575976
3900,1.793939393939394,0.01,5.86335095879974e-06,0.0011190491950021637
3901,1.793939393939394,0.01595959595959596,3.18895935299048e-05,0.001787918875919163
3902,1.793939393939394,0.021919191919191918,-2.023329638390601e-05,0.002465791937863866
3903,1.793939393939394,0.027878787878787878,-6.771691294102071e-05,0.0031170512770198056
3904,1.793939393939394,0.033838383838383834,3.8894695147432825e-05,0.003798057731907907
3905,1.793939393939394,0.0397979797979798,3.5918990971927703e-05,0.0044510447512403906
3906,1.793939393939394,0.045757575757575754,1.5593299036392648e-05,0.005034553679607718
3907,1.793939393939394,0.05171717171717172,0.00012869494276605798,0.0057718154173821215
3908,1.793939393939394,0.05767676767676767,2.8879722450714574e-05,0.0064329929508675065
3909,1.793939393939394,0.06363636363636363,6.602253848341622e-05,0.0071833414030066205
3910,1.793939393939394,0.06959595959595959,-4.860903649315464e-05,0.007800089299425237
3911,1.793939393939394,0.07555555555555554,-8.011882874846938e-05,0.008467724533531779
3912,1.793939393939394,0.0815151515151515,-0.0001382115795576468,0.009032591363400991
3913,1.793939393939394,0.08747474747474746,-0.00011332162218416557,0.009798166121582744
3914,1.793939393939394,0.09343434343434343,-0.0002124648508832617,0.010381498500852583
3915,1.793939393939394,0.09939393939393938,3.6659454156405924e-06,0.011188356908981198
3916,1.793939393939394,0.10535353535353534,-0.00019477717722274338,0.011844442120295676
3917,1.793939393939394,0.1113131313131313,2.9966801955104683e-05,0.01241534770938044
3918,1.793939393939394,0.11727272727272725,-0.00032373690007568215,0.013063940231194424
3919,1.793939393939394,0.12323232323232322,8.507407313947224e-06,0.013732384497102778
3920,1.793939393939394,0.1291919191919192,-0.00014619849214659783,0.014548892446613353
3921,1.793939393939394,0.13515151515151513,8.261455579967968e-05,0.015179697937143593
3922,1.793939393939394,0.1411111111111111,-0.00038228337335059976,0.015687373038938815
3923,1.793939393939394,0.14707070707070707,1.8266696072312925e-05,0.016385026265227667
3924,1.793939393939394,0.15303030303030302,-0.00022478483631149397,0.01723796542134508
3925,1.793939393939394,0.158989898989899,0.00020157127368680724,0.01796413878421019
3926,1.793939393939394,0.16494949494949493,-0.0002061142370774959,0.018826174767192397
3927,1.793939393939394,0.1709090909090909,-8.868725183221524e-05,0.019178063432331208
3928,1.793939393939394,0.17686868686868687,0.00031041474130625543,0.020029135810458728
3929,1.793939393939394,0.1828282828282828,0.00010226916752586996,0.020418567545298943
3930,1.793939393939394,0.18878787878787878,0.00019878942788314626,0.0212416449238855
3931,1.793939393939394,0.19474747474747472,0.0001977868644680187,0.021794853021868187
3932,1.793939393939394,0.2007070707070707,0.00013317734677392216,0.02248770535147813
3933,1.793939393939394,0.20666666666666667,-7.959105017644281e-05,0.02313528061190685
3934,1.793939393939394,0.2126262626262626,-0.000302217328614458,0.023884542327415832
3935,1.793939393939394,0.21858585858585858,-0.0001575056937955758,0.024459597795877093
3936,1.793939393939394,0.22454545454545452,-0.0003260428515829867,0.024708792089566157
3937,1.793939393939394,0.2305050505050505,-1.2153133756556333e-05,0.025883835225304793
3938,1.793939393939394,0.23646464646464646,1.814841270075971e-05,0.026693112533858677
3939,1.793939393939394,0.2424242424242424,9.466036962074678e-05,0.027125261834920516
3940,1.793939393939394,0.24838383838383837,0.0006212073180826936,0.028180140569723032
3941,1.793939393939394,0.2543434343434343,-4.88992205861141e-05,0.02824739481130942
3942,1.793939393939394,0.26030303030303026,0.0004030426611905616,0.02945777597232562
3943,1.793939393939394,0.26626262626262626,4.865455226235561e-05,0.02987882769339216
3944,1.793939393939394,0.2722222222222222,0.00032225724077280436,0.03106063409515561
3945,1.793939393939394,0.27818181818181814,-6.547752318666875e-05,0.03125852355586934
3946,1.793939393939394,0.28414141414141414,0.0005514954592280721,0.03198058302655625
3947,1.793939393939394,0.2901010101010101,0.000844192449074519,0.03254045768409589
3948,1.793939393939394,0.296060606060606,5.779867605914366e-05,0.03314022372262654
3949,1.793939393939394,0.302020202020202,0.0003310862475069785,0.03424012310952388
3950,1.793939393939394,0.30797979797979796,0.0004168362978593249,0.03460763183719057
3951,1.793939393939394,0.3139393939393939,0.00021292737870557757,0.03530510033230251
3952,1.793939393939394,0.31989898989898985,5.625364265753411e-05,0.036129653738537576
3953,1.793939393939394,0.32585858585858585,0.0001995016024861379,0.036712582065461644
3954,1.793939393939394,0.3318181818181818,-2.7379880998857864e-05,0.036979711111234256
3955,1.793939393939394,0.33777777777777773,-0.00045855146099216303,0.03784688024385445
3956,1.793939393939394,0.34373737373737373,0.00020135174031813435,0.038432093515678625
3957,1.793939393939394,0.3496969696969697,-0.00032656532765541925,0.03914648239595526
3958,1.793939393939394,0.3556565656565656,0.0006221688538245819,0.03998444540231497
3959,1.793939393939394,0.3616161616161616,0.0004223106974496224,0.04096520776076746
3960,1.793939393939394,0.36757575757575756,0.0002914867034329345,0.04154169800974031
3961,1.793939393939394,0.3735353535353535,0.0005381397837312973,0.041814278046538755
3962,1.793939393939394,0.37949494949494944,0.00033573016794822245,0.04263645017770904
3963,1.793939393939394,0.38545454545454544,-0.0007942079042489499,0.04335140362804596
3964,1.793939393939394,0.3914141414141414,-0.0005504201465187998,0.044227446674329506
3965,1.793939393939394,0.3973737373737373,-2.080809549149034e-05,0.04486260034121858
3966,1.793939393939394,0.4033333333333333,-4.205268667639026e-05,0.04520292058181979
3967,1.793939393939394,0.40929292929292926,-4.0653938320258344e-05,0.04608621368057525
3968,1.793939393939394,0.4152525252525252,-0.00029604389759704754,0.04703598499878504
3969,1.793939393939394,0.42121212121212115,-0.0005084897141917651,0.04697211739725287
3970,1.793939393939394,0.42717171717171715,0.0005658801653834526,0.047821035976896485
3971,1.793939393939394,0.4331313131313131,0.00041703382548667525,0.04861201424837746
3972,1.793939393939394,0.43909090909090903,-0.000595923817782731,0.04963570514086751
3973,1.793939393939394,0.44505050505050503,0.00011510719326525246,0.05061003566258673
3974,1.793939393939394,0.45101010101010097,0.00022369134242594964,0.05048729508448041
3975,1.793939393939394,0.4569696969696969,-0.0005650824458626823,0.051344387516782046
3976,1.793939393939394,0.4629292929292929,-0.0005398279932106573,0.05190069598206613
3977,1.793939393939394,0.46888888888888886,0.001048160113385798,0.05214142598921914
3978,1.793939393939394,0.4748484848484848,0.001331998175844344,0.053549002065743985
3979,1.793939393939394,0.48080808080808074,0.0010413746725819128,0.05434999411386943
3980,1.793939393939394,0.48676767676767674,-0.00025407363201646933,0.054170434264944126
3981,1.793939393939394,0.4927272727272727,4.176946239253394e-05,0.05562071277810765
3982,1.793939393939394,0.4986868686868686,0.0008669373180065749,0.056621424841274
3983,1.793939393939394,0.5046464646464646,0.0004159098548316597,0.05742114912940179
3984,1.793939393939394,0.5106060606060605,-0.0005173026590686629,0.05773110682356354
3985,1.793939393939394,0.5165656565656566,4.3084515016816496e-05,0.05828986054379263
3986,1.793939393939394,0.5225252525252525,-0.00014927401475429647,0.058853303113545336
3987,1.793939393939394,0.5284848484848484,0.0007727217144429979,0.060698863965783785
3988,1.793939393939394,0.5344444444444444,-0.00020270198357954508,0.06044163911512035
3989,1.793939393939394,0.5404040404040403,-0.000756003233598837,0.060596420020498205
3990,1.793939393939394,0.5463636363636363,-0.0008472588208598843,0.06191882557729726
3991,1.793939393939394,0.5523232323232323,0.0004513703356806271,0.06310650054376875
3992,1.793939393939394,0.5582828282828283,-0.0011379456628673134,0.06251548259947451
3993,1.793939393939394,0.5642424242424242,-0.00032083069340337446,0.062474994554159315
3994,1.793939393939394,0.5702020202020202,0.0007124824073105158,0.0648741974729991
3995,1.793939393939394,0.5761616161616161,-0.00043759811686697533,0.06475633000690578
3996,1.793939393939394,0.582121212121212,-0.0006337226015297012,0.06607421220614618
3997,1.793939393939394,0.588080808080808,0.0003018409987943466,0.06550331857795277
3998,1.793939393939394,0.594040404040404,0.0001103293857580897,0.06732459131397235
3999,1.793939393939394,0.6,-0.0001041577538494106,0.06925053497040802
4000,1.8140404040404041,0.01,-9.212457484070924e-06,0.0011502732809868911
4001,1.8140404040404041,0.01595959595959596,-7.713848653060051e-06,0.0018478132669012218
4002,1.8140404040404041,0.021919191919191918,-1.492815850137219e-05,0.002512590757837303
4003,1.8140404040404041,0.027878787878787878,1.9056254375434543e-05,0.0031886386207142263
4004,1.8140404040404041,0.033838383838383834,-2.2469178248583822e-05,0.0038976325566147797
4005,1.8140404040404041,0.0397979797979798,7.138193442512659e-05,0.004574819988238715
4006,1.8140404040404041,0.045757575757575754,2.9228057261257502e-05,0.0052503774280259555
4007,1.8140404040404041,0.05171717171717172,-2.7845738517754114e-05,0.00595332768497266
4008,1.8140404040404041,0.05767676767676767,-6.085128794203925e-05,0.00648749885168518
4009,1.8140404040404041,0.06363636363636363,-0.00010652706066457027,0.007259331119939924
4010,1.8140404040404041,0.06959595959595959,-0.00010525549114623294,0.007893573263070037
4011,1.8140404040404041,0.07555555555555554,6.179718173745153e-06,0.008898571503140423
4012,1.8140404040404041,0.0815151515151515,-0.0001587249454753997,0.009285101208508556
4013,1.8140404040404041,0.08747474747474746,3.5369198604611685e-05,0.010103100320889917
4014,1.8140404040404041,0.09343434343434343,1.967803133513457e-05,0.010659313376057314
4015,1.8140404040404041,0.09939393939393938,5.12820383206013e-06,0.01149325058341734
4016,1.8140404040404041,0.10535353535353534,-0.00011177960353240666,0.012146161977197735
4017,1.8140404040404041,0.1113131313131313,0.000127011112425268,0.012945220583065593
4018,1.8140404040404041,0.11727272727272725,8.649134621804829e-05,0.013611030397956652
4019,1.8140404040404041,0.12323232323232322,-0.00010224263954938521,0.014213599725620807
4020,1.8140404040404041,0.1291919191919192,-1.457752423953087e-05,0.014891403165914655
4021,1.8140404040404041,0.13515151515151513,-0.00019489987518517965,0.015531257881305284
4022,1.8140404040404041,0.1411111111111111,-0.00011106013863510644,0.016084426681861566
4023,1.8140404040404041,0.14707070707070707,6.157154760061711e-05,0.016894253574079976
4024,1.8140404040404041,0.15303030303030302,-0.00019391858982874063,0.01755250360494533
4025,1.8140404040404041,0.158989898989899,-3.597612595464503e-05,0.018135833303293852
4026,1.8140404040404041,0.16494949494949493,7.980951473439144e-05,0.01871620429862906
4027,1.8140404040404041,0.1709090909090909,0.00041345061478855307,0.01983037067063838
4028,1.8140404040404041,0.17686868686868687,-0.0001708524435858694,0.020316002419366035
4029,1.8140404040404041,0.1828282828282828,7.037171029127211e-05,0.02085176044126499
4030,1.8140404040404041,0.18878787878787878,-8.082034292946755e-05,0.021764150885056448
4031,1.8140404040404041,0.19474747474747472,-0.0001573324872835161,0.022053303420564076
4032,1.8140404040404041,0.2007070707070707,-0.00035426179306967864,0.022802727879896737
4033,1.8140404040404041,0.20666666666666667,3.154331252792597e-05,0.023607311406506036
4034,1.8140404040404041,0.2126262626262626,-5.407086814441284e-05,0.02437096597499023
4035,1.8140404040404041,0.21858585858585858,-8.399086496653454e-05,0.025103000919104244
4036,1.8140404040404041,0.22454545454545452,-0.0003024463385297972,0.025549602415730843
4037,1.8140404040404041,0.2305050505050505,0.0004516690435031868,0.026745517632964455
4038,1.8140404040404041,0.23646464646464646,0.00030416372503367094,0.027430040833319767
4039,1.8140404040404041,0.2424242424242424,-0.00029524766221986125,0.02815906157652993
4040,1.8140404040404041,0.24838383838383837,0.0001244939147871051,0.02857082765332549
4041,1.8140404040404041,0.2543434343434343,-9.655651530062306e-05,0.029354035867304878
4042,1.8140404040404041,0.26030303030303026,-0.00015061380021043808,0.029838852767620168
4043,1.8140404040404041,0.26626262626262626,7.451582562041184e-05,0.030972740294322613
4044,1.8140404040404041,0.2722222222222222,0.00041070815882928205,0.031195376365072226
4045,1.8140404040404041,0.27818181818181814,0.00029593448003954954,0.03211892434969677
4046,1.8140404040404041,0.28414141414141414,0.00010474855268194618,0.032997437791683064
4047,1.8140404040404041,0.2901010101010101,0.0008338472144467028,0.03361069442100224
4048,1.8140404040404041,0.296060606060606,-0.0004268233426022695,0.03424270057394221
4049,1.8140404040404041,0.302020202020202,-0.00042795535640524927,0.03478014471161571
4050,1.8140404040404041,0.30797979797979796,0.00044965111900144506,0.03591889763360795
4051,1.8140404040404041,0.3139393939393939,9.41867060052001e-05,0.036107684093292104
4052,1.8140404040404041,0.31989898989898985,0.0013297469205783509,0.03707129010539643
4053,1.8140404040404041,0.32585858585858585,0.000248204183992687,0.037718799261513274
4054,1.8140404040404041,0.3318181818181818,-0.0004600593617093056,0.03808966309910096
4055,1.8140404040404041,0.33777777777777773,-0.00040600629939696874,0.038372748718901895
4056,1.8140404040404041,0.34373737373737373,-0.000299727030730335,0.038770876543354024
4057,1.8140404040404041,0.3496969696969697,-0.0004970349140272667,0.040010995848078164
4058,1.8140404040404041,0.3556565656565656,0.00010937619515497134,0.041058451317884326
4059,1.8140404040404041,0.3616161616161616,-0.00027382046422848663,0.04167472101947099
4060,1.8140404040404041,0.36757575757575756,-0.0005117053543901231,0.04202075200835715
4061,1.8140404040404041,0.3735353535353535,0.0002877366553464612,0.04323048712925055
4062,1.8140404040404041,0.37949494949494944,0.0007870755943038675,0.04331624601951498
4063,1.8140404040404041,0.38545454545454544,0.0003691645906346049,0.044769103575957314
4064,1.8140404040404041,0.3914141414141414,-0.0005826370325739391,0.04465696181393862
4065,1.8140404040404041,0.3973737373737373,0.00010740749801149954,0.04558479612174913
4066,1.8140404040404041,0.4033333333333333,-0.0005687989192993311,0.04652124796433638
4067,1.8140404040404041,0.40929292929292926,-0.0002223728366560854,0.047562789996674015
4068,1.8140404040404041,0.4152525252525252,4.700526575559314e-05,0.047930408182749414
4069,1.8140404040404041,0.42121212121212115,0.0005282028796855968,0.049292602517932424
4070,1.8140404040404041,0.42717171717171715,-0.00048248698596788195,0.04899964823825475
4071,1.8140404040404041,0.4331313131313131,8.854617542610637e-05,0.050084893247710295
4072,1.8140404040404041,0.43909090909090903,3.3413113432364894e-05,0.050699277227183155
4073,1.8140404040404041,0.44505050505050503,0.0008138411105013688,0.05123716942641776
4074,1.8140404040404041,0.45101010101010097,9.237955573307905e-05,0.052836455113474075
4075,1.8140404040404041,0.4569696969696969,0.0003310882358928592,0.05237690952824711
4076,1.8140404040404041,0.4629292929292929,-0.0006721147931696619,0.05299544109307828
4077,1.8140404040404041,0.46888888888888886,-0.0005379798445052856,0.054181559172791084
4078,1.8140404040404041,0.4748484848484848,0.0007497579283931671,0.055346053301788836
4079,1.8140404040404041,0.48080808080808074,0.0005578956070307913,0.05608005978565452
4080,1.8140404040404041,0.48676767676767674,-0.0007175152541687383,0.055664076364074444
4081,1.8140404040404041,0.4927272727272727,0.0006362540133632224,0.05640682142709954
4082,1.8140404040404041,0.4986868686868686,0.0010793182388556901,0.05813793048431076
4083,1.8140404040404041,0.5046464646464646,8.421102607502426e-05,0.05849483480313117
4084,1.8140404040404041,0.5106060606060605,0.0008405050330760204,0.05863975503506174
4085,1.8140404040404041,0.5165656565656566,0.0009462874379379403,0.05933630933831429
4086,1.8140404040404041,0.5225252525252525,0.00033151441213055547,0.06147903029333598
4087,1.8140404040404041,0.5284848484848484,-0.0003508954068901914,0.060746044107546734
4088,1.8140404040404041,0.5344444444444444,-4.419870721030752e-05,0.06068216140514695
4089,1.8140404040404041,0.5404040404040403,-0.00018007583687580908,0.06260299579390739
4090,1.8140404040404041,0.5463636363636363,0.0004281916538432279,0.06315779237617848
4091,1.8140404040404041,0.5523232323232323,0.0002658885579835573,0.06355721018422145
4092,1.8140404040404041,0.5582828282828283,-0.00021859918401518583,0.06445451156585841
4093,1.8140404040404041,0.5642424242424242,0.0007756143645607321,0.06516660115127693
4094,1.8140404040404041,0.5702020202020202,-0.0013141132922544116,0.06587275295067681
4095,1.8140404040404041,0.5761616161616161,0.00024874744462474523,0.06733165209137958
4096,1.8140404040404041,0.582121212121212,0.00017272430838335463,0.06764457514205002
4097,1.8140404040404041,0.588080808080808,-0.0006821531250702133,0.06822316635356754
4098,1.8140404040404041,0.594040404040404,0.000901621215783036,0.06945578925680203
4099,1.8140404040404041,0.6,-0.000333350258131773,0.06917821784551755
4100,1.8341414141414143,0.01,2.6737475561918822e-05,0.0011887851039956156
4101,1.8341414141414143,0.01595959595959596,5.0272971687898015e-06,0.0018541996722408285
4102,1.8341414141414143,0.021919191919191918,3.2725321220833157e-06,0.0025661568062502163
4103,1.8341414141414143,0.027878787878787878,9.45371910524353e-06,0.003286567053696019
4104,1.8341414141414143,0.033838383838383834,-3.689189835881239e-05,0.003997813086995214
4105,1.8341414141414143,0.0397979797979798,-9.927462403272878e-05,0.004690970425842671
4106,1.8341414141414143,0.045757575757575754,5.2890938256348365e-05,0.00538269619644537
4107,1.8341414141414143,0.05171717171717172,3.009648165455745e-05,0.0061759934628713275
4108,1.8341414141414143,0.05767676767676767,-7.9384250078081e-05,0.006782135431678891
4109,1.8341414141414143,0.06363636363636363,0.00013569943282966865,0.007554559577485758
4110,1.8341414141414143,0.06959595959595959,7.655465091128223e-05,0.008300215157946317
4111,1.8341414141414143,0.07555555555555554,0.00015933334575288187,0.008766709312352386
4112,1.8341414141414143,0.0815151515151515,-1.9131507399455927e-05,0.009532320622560422
4113,1.8341414141414143,0.08747474747474746,8.525428598056104e-05,0.010359466751477807
4114,1.8341414141414143,0.09343434343434343,-9.19961876337123e-05,0.011003675054937299
4115,1.8341414141414143,0.09939393939393938,7.583973097595586e-05,0.011712410370195983
4116,1.8341414141414143,0.10535353535353534,-0.0001592448484978722,0.012389614619650036
4117,1.8341414141414143,0.1113131313131313,0.0001310832642992336,0.013066357766755963
4118,1.8341414141414143,0.11727272727272725,-6.285281196165549e-05,0.013644037381135708
4119,1.8341414141414143,0.12323232323232322,-0.00017890401389086957,0.014349383092565213
4120,1.8341414141414143,0.1291919191919192,-1.2423202616106533e-05,0.01525767307018817
4121,1.8341414141414143,0.13515151515151513,-5.536218332833076e-06,0.0159876375452624
4122,1.8341414141414143,0.1411111111111111,-9.151012766874889e-05,0.01652610327699568
4123,1.8341414141414143,0.14707070707070707,-6.717826377359937e-06,0.01723599461518637
4124,1.8341414141414143,0.15303030303030302,0.00016925916414355202,0.01778683204701117
4125,1.8341414141414143,0.158989898989899,4.611963099632517e-05,0.01857450627112329
4126,1.8341414141414143,0.16494949494949493,-0.00012142117457857125,0.01945462150551719
4127,1.8341414141414143,0.1709090909090909,0.0002592028615184161,0.019964454650803015
4128,1.8341414141414143,0.17686868686868687,0.0004978363654657373,0.020916075369383155
4129,1.8341414141414143,0.1828282828282828,0.00020203158937284006,0.021495821579524406
4130,1.8341414141414143,0.18878787878787878,-0.00026579566811863804,0.02235161933975655
4131,1.8341414141414143,0.19474747474747472,0.00037092863180277684,0.023006427569879796
4132,1.8341414141414143,0.2007070707070707,0.00042425023675812226,0.023662162011146584
4133,1.8341414141414143,0.20666666666666667,3.8723640846748065e-05,0.02437376798167359
4134,1.8341414141414143,0.2126262626262626,0.0001693307529951547,0.025041842430525218
4135,1.8341414141414143,0.21858585858585858,0.0005101077581653552,0.025482759743478644
4136,1.8341414141414143,0.22454545454545452,3.7057579105940916e-05,0.026614085289037054
4137,1.8341414141414143,0.2305050505050505,-0.00033668808432099493,0.02716181670747607
4138,1.8341414141414143,0.23646464646464646,0.0009286375985891054,0.027961986100223452
4139,1.8341414141414143,0.2424242424242424,7.052646686904782e-05,0.028603524802921276
4140,1.8341414141414143,0.24838383838383837,0.0003959483398754813,0.02918817580459537
4141,1.8341414141414143,0.2543434343434343,-0.00016808153315286145,0.030096079444892947
4142,1.8341414141414143,0.26030303030303026,0.00016686459938373898,0.03055020670176572
4143,1.8341414141414143,0.26626262626262626,0.00023711423403345542,0.031342479001543695
4144,1.8341414141414143,0.2722222222222222,-8.859941585264298e-05,0.03162620068609178
4145,1.8341414141414143,0.27818181818181814,-0.0002332055516462412,0.033015791469174535
4146,1.8341414141414143,0.28414141414141414,0.00010903952737482858,0.03369482092621821
4147,1.8341414141414143,0.2901010101010101,-0.0006802984491791643,0.033827527070885724
4148,1.8341414141414143,0.296060606060606,0.0001396893923142585,0.035241262188187364
4149,1.8341414141414143,0.302020202020202,0.00021344137484154567,0.03553029327344485
4150,1.8341414141414143,0.30797979797979796,1.8358261064131077e-05,0.03638647284349815
4151,1.8341414141414143,0.3139393939393939,0.0004486356327213499,0.03708622643480592
4152,1.8341414141414143,0.31989898989898985,-7.39312698859119e-05,0.03790675277555317
4153,1.8341414141414143,0.32585858585858585,-0.00018382110065558497,0.03841287589035829
4154,1.8341414141414143,0.3318181818181818,-5.5610360077572805e-05,0.03944418032745733
4155,1.8341414141414143,0.33777777777777773,0.0003622906313482617,0.03960521752881104
4156,1.8341414141414143,0.34373737373737373,-5.204083895310692e-05,0.04041422562309709
4157,1.8341414141414143,0.3496969696969697,-7.109346116213446e-05,0.04114199891395074
4158,1.8341414141414143,0.3556565656565656,0.00011045226266851374,0.04214675803684395
4159,1.8341414141414143,0.3616161616161616,0.00016604280295403565,0.04252886333099365
4160,1.8341414141414143,0.36757575757575756,9.919498078058364e-06,0.04351865828104191
4161,1.8341414141414143,0.3735353535353535,-0.0007357952359935012,0.043766116294629134
4162,1.8341414141414143,0.37949494949494944,0.0001874328229214022,0.04437439654041892
4163,1.8341414141414143,0.38545454545454544,0.00010692760000313424,0.045677161158947904
4164,1.8341414141414143,0.3914141414141414,0.0007788621209121003,0.04607050828667902
4165,1.8341414141414143,0.3973737373737373,-1.5599913542736888e-05,0.0463424458637888
4166,1.8341414141414143,0.4033333333333333,0.00011809513913093523,0.04765148009005549
4167,1.8341414141414143,0.40929292929292926,-0.0009983500385544282,0.048154057238887174
4168,1.8341414141414143,0.4152525252525252,0.0008874712974408456,0.04931655316611351
4169,1.8341414141414143,0.42121212121212115,0.0007050311368758602,0.04974901672171853
4170,1.8341414141414143,0.42717171717171715,-6.367556398813913e-05,0.04994476959549492
4171,1.8341414141414143,0.4331313131313131,0.0006629806459270387,0.051273676273762954
4172,1.8341414141414143,0.43909090909090903,-0.00019370458195097745,0.0515432933662609
4173,1.8341414141414143,0.44505050505050503,-0.0001805977518412737,0.052698997719433906
4174,1.8341414141414143,0.45101010101010097,-0.0004015806668246296,0.052851148426442764
4175,1.8341414141414143,0.4569696969696969,-0.00032613877112535206,0.05438715239328339
4176,1.8341414141414143,0.4629292929292929,-0.001159387654025523,0.05404819655732886
4177,1.8341414141414143,0.46888888888888886,0.00015624297883324486,0.05611127206869593
4178,1.8341414141414143,0.4748484848484848,6.0366620490645285e-05,0.055628299419396114
4179,1.8341414141414143,0.48080808080808074,-0.0007452321082737838,0.0563238489025976
4180,1.8341414141414143,0.48676767676767674,3.119044558793949e-05,0.05734864936081748
4181,1.8341414141414143,0.4927272727272727,-0.0013135184238631519,0.05752810558598062
4182,1.8341414141414143,0.4986868686868686,0.0006977185055861487,0.059015726703319574
4183,1.8341414141414143,0.5046464646464646,0.0004411155370155522,0.06068399084313679
4184,1.8341414141414143,0.5106060606060605,0.00047904976621287787,0.05985319707021291
4185,1.8341414141414143,0.5165656565656566,0.00026945969926553257,0.06145708646487326
4186,1.8341414141414143,0.5225252525252525,-0.0001475070768529961,0.06174625553406444
4187,1.8341414141414143,0.5284848484848484,-3.893159195575624e-06,0.06261970305524522
4188,1.8341414141414143,0.5344444444444444,-0.0005318468149604826,0.06380108443673944
4189,1.8341414141414143,0.5404040404040403,-0.00037186876925079877,0.06447948388851207
4190,1.8341414141414143,0.5463636363636363,-0.0005877978828826096,0.0647082534598357
4191,1.8341414141414143,0.5523232323232323,0.0010219669604647008,0.06658178846765916
4192,1.8341414141414143,0.5582828282828283,0.00011730559493949695,0.06649351523168934
4193,1.8341414141414143,0.5642424242424242,-0.0009109327775328184,0.06541726630814375
4194,1.8341414141414143,0.5702020202020202,-0.0002373955393168798,0.06853017714817847
4195,1.8341414141414143,0.5761616161616161,0.00071860825658006,0.0680862088683785
4196,1.8341414141414143,0.582121212121212,-0.00037648636987531537,0.0701834354804688
4197,1.8341414141414143,0.588080808080808,5.734210354557407e-05,0.07049277722030257
4198,1.8341414141414143,0.594040404040404,-4.28191699693925e-05,0.0711952709160688
4199,1.8341414141414143,0.6,0.000868988815122259,0.07208215787565567
4200,1.8542424242424242,0.01,-2.0361325299734556e-06,0.0012069089809021963
4201,1.8542424242424242,0.01595959595959596,2.615589302391108e-06,0.0019062424952389224
4202,1.8542424242424242,0.021919191919191918,-2.1861703981585567e-05,0.0026662674531800477
4203,1.8542424242424242,0.027878787878787878,-4.548487809784415e-05,0.00334691019340507
4204,1.8542424242424242,0.033838383838383834,1.5078891844785503e-06,0.004099690056476381
4205,1.8542424242424242,0.0397979797979798,-6.369484399695829e-05,0.004824977354474572
4206,1.8542424242424242,0.045757575757575754,-8.82081491350468e-05,0.005553698783099733
4207,1.8542424242424242,0.05171717171717172,6.706889836642491e-05,0.006150781549094352
4208,1.8542424242424242,0.05767676767676767,6.515425227943586e-05,0.006973813527436043
4209,1.8542424242424242,0.06363636363636363,-9.061171113586172e-05,0.007690155679452571
4210,1.8542424242424242,0.06959595959595959,1.683464998850024e-05,0.008264255163867484
4211,1.8542424242424242,0.07555555555555554,0.00011948635562133014,0.009073668397189236
4212,1.8542424242424242,0.0815151515151515,1.9594187384043414e-05,0.009774883974755727
4213,1.8542424242424242,0.08747474747474746,0.00015333302631274697,0.01067316839813075
4214,1.8542424242424242,0.09343434343434343,0.0001321132089057144,0.011267703998084655
4215,1.8542424242424242,0.09939393939393938,-6.826453430305076e-05,0.011868947044399988
4216,1.8542424242424242,0.10535353535353534,-2.763300428361958e-05,0.012685995946197626
4217,1.8542424242424242,0.1113131313131313,-6.853163407163806e-05,0.013181347967023095
4218,1.8542424242424242,0.11727272727272725,4.788013994511251e-05,0.013922223462339008
4219,1.8542424242424242,0.12323232323232322,-1.2059636640463367e-05,0.014836748776308502
4220,1.8542424242424242,0.1291919191919192,-0.00014173449301579884,0.015681649320579485
4221,1.8542424242424242,0.13515151515151513,9.54560164896994e-05,0.016287361343343038
4222,1.8542424242424242,0.1411111111111111,-0.000309993500558254,0.016988605499029082
4223,1.8542424242424242,0.14707070707070707,-0.00035021415616990243,0.017812693460885515
4224,1.8542424242424242,0.15303030303030302,8.441690958439847e-05,0.018457373318108983
4225,1.8542424242424242,0.158989898989899,0.00019485623761452387,0.019277937075790532
4226,1.8542424242424242,0.16494949494949493,-0.000168056685343902,0.019791269656391015
4227,1.8542424242424242,0.1709090909090909,-0.0002218014978876556,0.020426737814773763
4228,1.8542424242424242,0.17686868686868687,0.00022083790907415448,0.021027188724740943
4229,1.8542424242424242,0.1828282828282828,4.820121327221084e-05,0.02185536906959118
4230,1.8542424242424242,0.18878787878787878,-0.00025028428987558,0.022656024638481036
4231,1.8542424242424242,0.19474747474747472,-0.00016921062360450434,0.023524746224619066
4232,1.8542424242424242,0.2007070707070707,-3.7871410086086336e-05,0.024364362647745635
4233,1.8542424242424242,0.20666666666666667,4.8638405512244895e-05,0.024930473338216047
4234,1.8542424242424242,0.2126262626262626,-2.066901625128326e-06,0.025355158597827988
4235,1.8542424242424242,0.21858585858585858,0.0005213746812880617,0.026925584926043147
4236,1.8542424242424242,0.22454545454545452,0.0002109726755139596,0.027011686754324048
4237,1.8542424242424242,0.2305050505050505,-8.462395099348465e-05,0.027677751511944727
4238,1.8542424242424242,0.23646464646464646,-0.00034146889190455595,0.02834595088058024
4239,1.8542424242424242,0.2424242424242424,7.952433498897023e-05,0.029123472719682252
4240,1.8542424242424242,0.24838383838383837,-0.00022457794834731995,0.02954793626737129
4241,1.8542424242424242,0.2543434343434343,-0.00022690311437119855,0.03084559595319501
4242,1.8542424242424242,0.26030303030303026,-6.857060667659343e-05,0.031785674864403486
4243,1.8542424242424242,0.26626262626262626,0.00030026198376038795,0.03210614837010899
4244,1.8542424242424242,0.2722222222222222,0.0004999785664284787,0.03315672711496083
4245,1.8542424242424242,0.27818181818181814,0.00031528390889153774,0.03364688882054544
4246,1.8542424242424242,0.28414141414141414,-0.00018915507229612562,0.03431318624377631
4247,1.8542424242424242,0.2901010101010101,0.0004178633592516711,0.03524407014780954
4248,1.8542424242424242,0.296060606060606,-0.00012589744320461716,0.03574914091060675
4249,1.8542424242424242,0.302020202020202,-0.0003500562454728447,0.03637340439351107
4250,1.8542424242424242,0.30797979797979796,-8.48558986604405e-05,0.03728214360007785
4251,1.8542424242424242,0.3139393939393939,0.0002089188266576741,0.038202001940484044
4252,1.8542424242424242,0.31989898989898985,0.0001087102369546007,0.038948046373723226
4253,1.8542424242424242,0.32585858585858585,-0.000190007461769324,0.039461064902799055
4254,1.8542424242424242,0.3318181818181818,1.8721239734633687e-05,0.040109447208914226
4255,1.8542424242424242,0.33777777777777773,-0.00028204318572159397,0.04062905348299732
4256,1.8542424242424242,0.34373737373737373,-9.372625027608694e-05,0.04149517533903732
4257,1.8542424242424242,0.3496969696969697,-0.0006083519274100685,0.04184622549687103
4258,1.8542424242424242,0.3556565656565656,0.0002902471431599362,0.042670251538449215
4259,1.8542424242424242,0.3616161616161616,-0.00036292977261245454,0.043709869196410026
4260,1.8542424242424242,0.36757575757575756,8.402656539576632e-05,0.04429577050258635
4261,1.8542424242424242,0.3735353535353535,-0.00020293267658262745,0.04511211535595027
4262,1.8542424242424242,0.37949494949494944,0.0007167011772676234,0.04595548670305747
4263,1.8542424242424242,0.38545454545454544,-0.0006293536683724165,0.04620638122254407
4264,1.8542424242424242,0.3914141414141414,-0.0004567657370948762,0.046961594276392245
4265,1.8542424242424242,0.3973737373737373,-0.0003938848406408697,0.04718193504181819
4266,1.8542424242424242,0.4033333333333333,-0.0001762121890114002,0.048549157073817184
4267,1.8542424242424242,0.40929292929292926,0.00037028714579062595,0.04972103611064394
4268,1.8542424242424242,0.4152525252525252,-0.0005982173436173168,0.0501381067992406
4269,1.8542424242424242,0.42121212121212115,-0.00035781269778532713,0.05044957400741575
4270,1.8542424242424242,0.42717171717171715,-3.0415426007127123e-05,0.052169648577720065
4271,1.8542424242424242,0.4331313131313131,-0.0003474767469191414,0.05222320074517316
4272,1.8542424242424242,0.43909090909090903,0.0003998357613660085,0.05375988348954852
4273,1.8542424242424242,0.44505050505050503,0.00038122523064605104,0.05438116020223632
4274,1.8542424242424242,0.45101010101010097,0.00010277517947271599,0.05442047653480501
4275,1.8542424242424242,0.4569696969696969,-0.001117960333622639,0.05405968123137152
4276,1.8542424242424242,0.4629292929292929,-0.0010422058347273934,0.05603352694104105
4277,1.8542424242424242,0.46888888888888886,5.407190504292929e-05,0.05762685909242296
4278,1.8542424242424242,0.4748484848484848,0.00045892793044499116,0.05808349194181415
4279,1.8542424242424242,0.48080808080808074,0.0007331189392207257,0.05915797507289794
4280,1.8542424242424242,0.48676767676767674,-0.0002535588321099881,0.0589438202083286
4281,1.8542424242424242,0.4927272727272727,-8.965862236410827e-06,0.05915598085260559
4282,1.8542424242424242,0.4986868686868686,-0.0004509447745171073,0.05993938613121324
4283,1.8542424242424242,0.5046464646464646,7.325972785919666e-05,0.0616348000923797
4284,1.8542424242424242,0.5106060606060605,0.0007091973235419695,0.06140726921243002
4285,1.8542424242424242,0.5165656565656566,-7.883405375246428e-05,0.06180988199360144
4286,1.8542424242424242,0.5225252525252525,-0.00046075024984041935,0.06259984425368688
4287,1.8542424242424242,0.5284848484848484,0.00011763426763707181,0.06356520301057374
4288,1.8542424242424242,0.5344444444444444,-0.0010186265171288995,0.06413953781372085
4289,1.8542424242424242,0.5404040404040403,-7.694563912084491e-05,0.06515798983141977
4290,1.8542424242424242,0.5463636363636363,-0.000891701995718469,0.06650245797447728
4291,1.8542424242424242,0.5523232323232323,0.0008551704476452779,0.06669395892107406
4292,1.8542424242424242,0.5582828282828283,0.0007909952220398283,0.06818317684893152
4293,1.8542424242424242,0.5642424242424242,0.0005458367678534955,0.06846427855130655
4294,1.8542424242424242,0.5702020202020202,0.0007758336950879045,0.0694134773827262
4295,1.8542424242424242,0.5761616161616161,0.000336397785051958,0.06990560748459887
4296,1.8542424242424242,0.582121212121212,-0.0005908378810709757,0.07107597873883367
4297,1.8542424242424242,0.588080808080808,-0.0004273647529883035,0.07182562079839107
4298,1.8542424242424242,0.594040404040404,3.8899909552410874e-05,0.07251731737992088
4299,1.8542424242424242,0.6,-0.0006903504804958503,0.07293347917762136
4300,1.8743434343434344,0.01,-1.6536132993829656e-05,0.0012388734619469249
4301,1.8743434343434344,0.01595959595959596,2.873107208053316e-05,0.001952895558220443
4302,1.8743434343434344,0.021919191919191918,1.9846273113231262e-05,0.0027177938747889514
4303,1.8743434343434344,0.027878787878787878,4.1427116196477734e-05,0.003480197118885834
4304,1.8743434343434344,0.033838383838383834,-2.7768882377456004e-06,0.004188098189884719
4305,1.8743434343434344,0.0397979797979798,-2.0869885501191642e-05,0.004889665815236741
4306,1.8743434343434344,0.045757575757575754,-7.989397962954204e-05,0.005633029597189769
4307,1.8743434343434344,0.05171717171717172,4.229960032195278e-05,0.006372733217767878
4308,1.8743434343434344,0.05767676767676767,-2.3990206516770752e-06,0.007059012129229684
4309,1.8743434343434344,0.06363636363636363,-4.052023161584317e-06,0.007769831681575149
4310,1.8743434343434344,0.06959595959595959,5.39882770184797e-05,0.00856682610503043
4311,1.8743434343434344,0.07555555555555554,-4.67543751988144e-05,0.009261495873967197
4312,1.8743434343434344,0.0815151515151515,7.74143381219912e-05,0.00999941179612827
4313,1.8743434343434344,0.08747474747474746,-0.00011853696283703408,0.010850282315295503
4314,1.8743434343434344,0.09343434343434343,-9.047057916006845e-05,0.011559113255150473
4315,1.8743434343434344,0.09939393939393938,-6.101720976555823e-05,0.012138252487388028
4316,1.8743434343434344,0.10535353535353534,-0.00021713848819191996,0.012985001803724014
4317,1.8743434343434344,0.1113131313131313,-2.695710478617659e-05,0.013794291625027674
4318,1.8743434343434344,0.11727272727272725,-1.3719735385771004e-05,0.01469306477101441
4319,1.8743434343434344,0.12323232323232322,2.474555349455865e-05,0.015330942925580411
4320,1.8743434343434344,0.1291919191919192,-0.00013505782706094523,0.015894191019949978
4321,1.8743434343434344,0.13515151515151513,-9.422016755745591e-05,0.016805659466031995
4322,1.8743434343434344,0.1411111111111111,2.3780267588101877e-05,0.017299282987681772
4323,1.8743434343434344,0.14707070707070707,0.00025243444919533165,0.01816676829005465
4324,1.8743434343434344,0.15303030303030302,0.0001066211413191636,0.019041475503950592
4325,1.8743434343434344,0.158989898989899,0.0002903171771551594,0.019469775160915345
4326,1.8743434343434344,0.16494949494949493,0.00014838807172536708,0.020191713266252846
4327,1.8743434343434344,0.1709090909090909,0.00022421380966935605,0.021208269195649356
4328,1.8743434343434344,0.17686868686868687,0.0003881277201498793,0.02174232129149427
4329,1.8743434343434344,0.1828282828282828,-0.00011124182072356996,0.022680621415743146
4330,1.8743434343434344,0.18878787878787878,0.0004254909981350487,0.023306749622570386
4331,1.8743434343434344,0.19474747474747472,1.6094484027655896e-05,0.024013130189786878
4332,1.8743434343434344,0.2007070707070707,0.0002126436494925839,0.024542561265829158
4333,1.8743434343434344,0.20666666666666667,-1.5945206032066595e-05,0.02526695890643688
4334,1.8743434343434344,0.2126262626262626,-3.7224037286690115e-05,0.026136482773565565
4335,1.8743434343434344,0.21858585858585858,-6.0426233379832285e-05,0.02710550454516147
4336,1.8743434343434344,0.22454545454545452,-0.0002721686960647682,0.02748551615818795
4337,1.8743434343434344,0.2305050505050505,-4.635006009508513e-05,0.028896893592680356
4338,1.8743434343434344,0.23646464646464646,-0.00022364064955101431,0.02891429243769799
4339,1.8743434343434344,0.2424242424242424,0.00010237139545051901,0.029902056805473677
4340,1.8743434343434344,0.24838383838383837,-1.9309342102023787e-05,0.03048806886499899
4341,1.8743434343434344,0.2543434343434343,0.0002367416715095173,0.031197739715743255
4342,1.8743434343434344,0.26030303030303026,-0.0002826946876159267,0.03225675025629373
4343,1.8743434343434344,0.26626262626262626,-0.00016314775124105907,0.032997979284676994
4344,1.8743434343434344,0.2722222222222222,-0.00010534450608943388,0.03389536867965256
4345,1.8743434343434344,0.27818181818181814,0.0005176684453391497,0.03457231353629323
4346,1.8743434343434344,0.28414141414141414,5.532190811506204e-05,0.034912025711874524
4347,1.8743434343434344,0.2901010101010101,-0.0002060110315331622,0.03611386538347496
4348,1.8743434343434344,0.296060606060606,-0.0001678672324203518,0.03669430104804948
4349,1.8743434343434344,0.302020202020202,0.0002495319418202012,0.03767203314769175
4350,1.8743434343434344,0.30797979797979796,0.0003225400997831903,0.03799154282129452
4351,1.8743434343434344,0.3139393939393939,0.00011525535092296866,0.039020435673424676
4352,1.8743434343434344,0.31989898989898985,0.0003647087229219576,0.04028886544816977
4353,1.8743434343434344,0.32585858585858585,-8.504461798149742e-06,0.0402202944568028
4354,1.8743434343434344,0.3318181818181818,-7.448508705259415e-06,0.04096287703509112
4355,1.8743434343434344,0.33777777777777773,1.4472670410570565e-05,0.042043757489546536
4356,1.8743434343434344,0.34373737373737373,0.00044889635099385297,0.04294645180447525
4357,1.8743434343434344,0.3496969696969697,-0.0002396792881785869,0.04322320975451873
4358,1.8743434343434344,0.3556565656565656,-0.00012229629387266983,0.04359714814577774
4359,1.8743434343434344,0.3616161616161616,0.0002511484658963187,0.044204537516121155
4360,1.8743434343434344,0.36757575757575756,0.0001556706746762234,0.04584685288727453
4361,1.8743434343434344,0.3735353535353535,-0.00016403681642814094,0.04659083130981537
4362,1.8743434343434344,0.37949494949494944,-0.00025757924200554,0.04715708184213124
4363,1.8743434343434344,0.38545454545454544,0.00033956839806902436,0.04731886827746255
4364,1.8743434343434344,0.3914141414141414,-0.0003990507578439771,0.04859867310097362
4365,1.8743434343434344,0.3973737373737373,0.0006213022285222326,0.04912233772160232
4366,1.8743434343434344,0.4033333333333333,0.0003501140493255,0.049643141573861356
4367,1.8743434343434344,0.40929292929292926,-1.947196371637525e-05,0.05053067098806819
4368,1.8743434343434344,0.4152525252525252,4.5469722655320234e-06,0.05112868018058732
4369,1.8743434343434344,0.42121212121212115,0.00020283375479396732,0.05272445404954918
4370,1.8743434343434344,0.42717171717171715,0.0014912283870181326,0.05302649068259297
4371,1.8743434343434344,0.4331313131313131,0.00015932697527616443,0.05403529154963064
4372,1.8743434343434344,0.43909090909090903,0.00013019476427437936,0.05552979927363124
4373,1.8743434343434344,0.44505050505050503,-0.0005559801774468763,0.055131751845450674
4374,1.8743434343434344,0.45101010101010097,-0.00010937287827572222,0.05603943810318541
4375,1.8743434343434344,0.4569696969696969,0.00022468111780619865,0.05674078653610967
4376,1.8743434343434344,0.4629292929292929,-8.155720134887199e-05,0.05829234292566864
4377,1.8743434343434344,0.46888888888888886,0.0001748184769321901,0.058129748085560505
4378,1.8743434343434344,0.4748484848484848,0.0005928185325004435,0.05911814049843926
4379,1.8743434343434344,0.48080808080808074,0.00020775216915896734,0.06019185211640604
4380,1.8743434343434344,0.48676767676767674,0.0009979116644911004,0.06053605759881701
4381,1.8743434343434344,0.4927272727272727,0.0004010529687648574,0.06139548987025285
4382,1.8743434343434344,0.4986868686868686,-0.0003974994741996172,0.062281108081843936
4383,1.8743434343434344,0.5046464646464646,-2.0877891866618457e-05,0.06255213344650687
4384,1.8743434343434344,0.5106060606060605,0.0004898293615243541,0.06303624389066394
4385,1.8743434343434344,0.5165656565656566,0.00016629944315807172,0.0646568280212522
4386,1.8743434343434344,0.5225252525252525,-0.0008249016424807298,0.06410883262408792
4387,1.8743434343434344,0.5284848484848484,-0.0003907664131454271,0.06522567492755939
4388,1.8743434343434344,0.5344444444444444,-0.0005148422481095562,0.066130514508841
4389,1.8743434343434344,0.5404040404040403,0.0006179386593224818,0.06753374143200545
4390,1.8743434343434344,0.5463636363636363,0.0007114665386514598,0.06876864356100376
4391,1.8743434343434344,0.5523232323232323,-0.0003109357163330688,0.06828153488456346
4392,1.8743434343434344,0.5582828282828283,9.150198208005713e-05,0.07022786705709617
4393,1.8743434343434344,0.5642424242424242,0.0004566105217612915,0.07006128797725165
4394,1.8743434343434344,0.5702020202020202,0.0009783769079310673,0.07147048648983884
4395,1.8743434343434344,0.5761616161616161,0.0004845967980051351,0.07147658686214677
4396,1.8743434343434344,0.582121212121212,0.0013432531568891163,0.07232939733578715
4397,1.8743434343434344,0.588080808080808,-0.0013041452192134458,0.07116815665647402
4398,1.8743434343434344,0.594040404040404,0.0005769538949591911,0.07432747254998445
4399,1.8743434343434344,0.6,0.0015761281128361707,0.07524224187830945
4400,1.8944444444444444,0.01,-1.735033326164066e-05,0.0012638506675296214
4401,1.8944444444444444,0.01595959595959596,-3.384497963877796e-05,0.002010247558532049
4402,1.8944444444444444,0.021919191919191918,1.7050361178030193e-05,0.0027681775618496516
4403,1.8944444444444444,0.027878787878787878,-2.1827545790902802e-05,0.0035468263217708095
4404,1.8944444444444444,0.033838383838383834,-6.138265012196986e-06,0.00428562537697639
4405,1.8944444444444444,0.0397979797979798,-2.5772535499256788e-05,0.005032719168995998
4406,1.8944444444444444,0.045757575757575754,5.678109730645042e-06,0.005832680709810295
4407,1.8944444444444444,0.05171717171717172,-8.789859230176032e-05,0.006476011300104051
4408,1.8944444444444444,0.05767676767676767,4.137459345070965e-05,0.0072034712053413415
4409,1.8944444444444444,0.06363636363636363,-5.812721694543425e-05,0.007957809415022398
4410,1.8944444444444444,0.06959595959595959,-2.3450993475207415e-05,0.008759286540550257
4411,1.8944444444444444,0.07555555555555554,-0.00012160401966043639,0.009422257016688544
4412,1.8944444444444444,0.0815151515151515,2.456322130308435e-05,0.010229461977173086
4413,1.8944444444444444,0.08747474747474746,1.4482760340919354e-05,0.011048882624035035
4414,1.8944444444444444,0.09343434343434343,-0.00011856937086767352,0.011906927337330885
4415,1.8944444444444444,0.09939393939393938,-2.9629623982078246e-06,0.012549700531516036
4416,1.8944444444444444,0.10535353535353534,7.081109789289714e-05,0.013385587652530334
4417,1.8944444444444444,0.1113131313131313,-0.00015206716372276815,0.013986233182126245
4418,1.8944444444444444,0.11727272727272725,-3.001411988516759e-05,0.01502238493030385
4419,1.8944444444444444,0.12323232323232322,5.822516723039578e-05,0.015512579308874362
4420,1.8944444444444444,0.1291919191919192,-0.00021348799539322875,0.01614329415244177
4421,1.8944444444444444,0.13515151515151513,0.00014630046325040457,0.01708350382038335
4422,1.8944444444444444,0.1411111111111111,7.724909530106758e-05,0.01770341637111402
4423,1.8944444444444444,0.14707070707070707,3.578677322441495e-05,0.018600291247040695
4424,1.8944444444444444,0.15303030303030302,-0.00024862437001433923,0.019273710322600147
4425,1.8944444444444444,0.158989898989899,-9.166085679200703e-05,0.020233020621687095
4426,1.8944444444444444,0.16494949494949493,0.00011231404409549259,0.020801819444345494
4427,1.8944444444444444,0.1709090909090909,0.0002321309525902026,0.02162165055840582
4428,1.8944444444444444,0.17686868686868687,-0.00020094721646978514,0.022251518837832825
4429,1.8944444444444444,0.1828282828282828,-8.995220244687413e-05,0.02282534431764195
4430,1.8944444444444444,0.18878787878787878,1.9825113599426548e-05,0.02403692058594204
4431,1.8944444444444444,0.19474747474747472,-0.0004781843105750221,0.024312337452073084
4432,1.8944444444444444,0.2007070707070707,-0.00033503570668400577,0.025502697620374458
4433,1.8944444444444444,0.20666666666666667,-0.00021772852730069046,0.026072330283816877
4434,1.8944444444444444,0.2126262626262626,0.00016281249020485923,0.026923895350979655
4435,1.8944444444444444,0.21858585858585858,-0.00010856077904614429,0.02769421337529319
4436,1.8944444444444444,0.22454545454545452,-8.216198369207514e-05,0.02827091571783529
4437,1.8944444444444444,0.2305050505050505,-0.00010840621333194726,0.029153425707540304
4438,1.8944444444444444,0.23646464646464646,-4.555547489333206e-05,0.03029113149574115
4439,1.8944444444444444,0.2424242424242424,-5.140618280533862e-05,0.030651238806902893
4440,1.8944444444444444,0.24838383838383837,0.00034861542126407265,0.03161880953251532
4441,1.8944444444444444,0.2543434343434343,-0.00012794891188209781,0.032203904193083506
4442,1.8944444444444444,0.26030303030303026,0.000431538619926173,0.032719977260215874
4443,1.8944444444444444,0.26626262626262626,4.884327230274464e-05,0.033965414934090964
4444,1.8944444444444444,0.2722222222222222,-0.0002904011525660641,0.0344109551739977
4445,1.8944444444444444,0.27818181818181814,-0.00019555475074491523,0.03507586345401483
4446,1.8944444444444444,0.28414141414141414,-9.466888790948716e-05,0.03636643332936106
4447,1.8944444444444444,0.2901010101010101,0.00017162285777453287,0.03658141212875931
4448,1.8944444444444444,0.296060606060606,0.00024738846643939283,0.03708588114178939
4449,1.8944444444444444,0.302020202020202,0.00043652456405822654,0.03777457920883394
4450,1.8944444444444444,0.30797979797979796,-0.000314787328945502,0.039716292749588655
4451,1.8944444444444444,0.3139393939393939,0.0001078831659606839,0.03974839609816104
4452,1.8944444444444444,0.31989898989898985,-0.0007779645544078313,0.04011337376136675
4453,1.8944444444444444,0.32585858585858585,0.0007187978581506062,0.04128826047421952
4454,1.8944444444444444,0.3318181818181818,0.00028943544678414364,0.04223850049367236
4455,1.8944444444444444,0.33777777777777773,-0.00012657743870878773,0.043129939309317446
4456,1.8944444444444444,0.34373737373737373,9.180407170605245e-05,0.04335050513831293
4457,1.8944444444444444,0.3496969696969697,0.0004923940999451648,0.04515136340336118
4458,1.8944444444444444,0.3556565656565656,-0.0004474791438285759,0.044564006195696435
4459,1.8944444444444444,0.3616161616161616,-0.0002873755216914637,0.045734629906748744
4460,1.8944444444444444,0.36757575757575756,0.0002580978699851138,0.045961969812886666
4461,1.8944444444444444,0.3735353535353535,-0.0006742138354919068,0.04737395041631096
4462,1.8944444444444444,0.37949494949494944,-1.6578482006630057e-05,0.04753010387831931
4463,1.8944444444444444,0.38545454545454544,0.00037246216583465585,0.04897244408224419
4464,1.8944444444444444,0.3914141414141414,9.327478792121782e-05,0.050334375844724444
4465,1.8944444444444444,0.3973737373737373,0.0005766083232780787,0.05074245429324808
4466,1.8944444444444444,0.4033333333333333,0.0007231839974537344,0.05125200249496082
4467,1.8944444444444444,0.40929292929292926,-0.00022492230878199315,0.05201217283981097
4468,1.8944444444444444,0.4152525252525252,-0.00017990192384621936,0.053017022315739425
4469,1.8944444444444444,0.42121212121212115,0.0005820642462970156,0.05317895098014912
4470,1.8944444444444444,0.42717171717171715,0.0003464596612627358,0.05415943444668656
4471,1.8944444444444444,0.4331313131313131,-9.622880420522883e-05,0.05528949918865343
4472,1.8944444444444444,0.43909090909090903,0.0007734138047945791,0.05599535270065549
4473,1.8944444444444444,0.44505050505050503,-1.8091276096237243e-05,0.055865427401015987
4474,1.8944444444444444,0.45101010101010097,0.00036433568539720175,0.056886341024966
4475,1.8944444444444444,0.4569696969696969,8.040597564450285e-05,0.058166643073717654
4476,1.8944444444444444,0.4629292929292929,0.0006031740546355882,0.059484954550866706
4477,1.8944444444444444,0.46888888888888886,3.732915538618786e-05,0.05922153658510782
4478,1.8944444444444444,0.4748484848484848,-1.473347567237031e-05,0.05962944166669095
4479,1.8944444444444444,0.48080808080808074,0.00020467142324229296,0.060719816157190624
4480,1.8944444444444444,0.48676767676767674,-0.0003737157853783669,0.060972039955275406
4481,1.8944444444444444,0.4927272727272727,-0.0003120874646022359,0.06275817878674589
4482,1.8944444444444444,0.4986868686868686,-0.0001385852283884706,0.06309860149785587
4483,1.8944444444444444,0.5046464646464646,-0.0004121499933974237,0.06418887297013065
4484,1.8944444444444444,0.5106060606060605,-0.0003760353900558357,0.06501441694504091
4485,1.8944444444444444,0.5165656565656566,-0.0011177892216794965,0.06498852439359186
4486,1.8944444444444444,0.5225252525252525,0.00041512837270140464,0.06639394025188776
4487,1.8944444444444444,0.5284848484848484,0.00034599224077474453,0.06744148284817093
4488,1.8944444444444444,0.5344444444444444,0.0006790811364985758,0.06811321601862215
4489,1.8944444444444444,0.5404040404040403,0.00011732075002841293,0.06870615945984097
4490,1.8944444444444444,0.5463636363636363,0.0002774340977597792,0.06978139775039512
4491,1.8944444444444444,0.5523232323232323,-0.0005720145258259224,0.07009519583762883
4492,1.8944444444444444,0.5582828282828283,1.1731008065933546e-05,0.07049622256138878
4493,1.8944444444444444,0.5642424242424242,3.500952990373891e-05,0.07197439825261771
4494,1.8944444444444444,0.5702020202020202,0.00034966724256749106,0.07256488987079668
4495,1.8944444444444444,0.5761616161616161,-0.000981285898977582,0.07360789282740436
4496,1.8944444444444444,0.582121212121212,0.0004172493657549875,0.07524835398034435
4497,1.8944444444444444,0.588080808080808,-0.0004818674533625809,0.07485045760343453
4498,1.8944444444444444,0.594040404040404,-0.0002804562364369763,0.07589632179793199
4499,1.8944444444444444,0.6,-0.0005308584891508629,0.07656570243876284
4500,1.9145454545454546,0.01,-4.060241619489902e-06,0.00128417573267248
4501,1.9145454545454546,0.01595959595959596,1.2717216962345735e-06,0.0020232328481117412
4502,1.9145454545454546,0.021919191919191918,1.655197081794556e-05,0.0028106225854913763
4503,1.9145454545454546,0.027878787878787878,-2.27537114593649e-05,0.003588053814553215
4504,1.9145454545454546,0.033838383838383834,-5.742386189869697e-06,0.0043837963540865315
4505,1.9145454545454546,0.0397979797979798,3.00190958030197e-05,0.005095540376920841
4506,1.9145454545454546,0.045757575757575754,-3.8503663353365294e-05,0.005793868205481686
4507,1.9145454545454546,0.05171717171717172,-3.098699248908108e-05,0.006593609298523695
4508,1.9145454545454546,0.05767676767676767,9.065679756931004e-05,0.007464211808753307
4509,1.9145454545454546,0.06363636363636363,8.380170481531925e-05,0.008117768786097549
4510,1.9145454545454546,0.06959595959595959,-4.5283212112734197e-05,0.009000043286075631
4511,1.9145454545454546,0.07555555555555554,0.00013338696241970086,0.009728480723774186
4512,1.9145454545454546,0.0815151515151515,0.00012580766665449086,0.0105208457808818
4513,1.9145454545454546,0.08747474747474746,-9.006983566311036e-05,0.011173234219104105
4514,1.9145454545454546,0.09343434343434343,1.854582815715916e-05,0.011913690783678137
4515,1.9145454545454546,0.09939393939393938,-0.00013523657229364921,0.012876240976816854
4516,1.9145454545454546,0.10535353535353534,5.556403305891799e-07,0.013474874614915965
4517,1.9145454545454546,0.1113131313131313,2.5922487455966725e-05,0.014333572235397758
4518,1.9145454545454546,0.11727272727272725,-0.00017863597093693807,0.015003171613902216
4519,1.9145454545454546,0.12323232323232322,-8.211437948276607e-05,0.015674543923519708
4520,1.9145454545454546,0.1291919191919192,0.0002343271530330025,0.01646017717923493
4521,1.9145454545454546,0.13515151515151513,0.0002320698459195282,0.017357947613958476
4522,1.9145454545454546,0.1411111111111111,-7.096370916136783e-05,0.018308338165759167
4523,1.9145454545454546,0.14707070707070707,-2.702420684293113e-05,0.018959298129379493
4524,1.9145454545454546,0.15303030303030302,0.00024898510362516803,0.019767276662810782
4525,1.9145454545454546,0.158989898989899,9.887849721883776e-05,0.020561498599115595
4526,1.9145454545454546,0.16494949494949493,-0.00012066797272980605,0.021044279255730974
4527,1.9145454545454546,0.1709090909090909,-7.972137763279625e-05,0.02181324544573969
4528,1.9145454545454546,0.17686868686868687,0.00010964828559032231,0.022645674042924037
4529,1.9145454545454546,0.1828282828282828,-0.00022735449646072638,0.02341162162574185
4530,1.9145454545454546,0.18878787878787878,3.615038045957696e-05,0.024540775430198725
4531,1.9145454545454546,0.19474747474747472,0.000414130789836047,0.025476952464541885
4532,1.9145454545454546,0.2007070707070707,0.00021582546838480176,0.025693091609437904
4533,1.9145454545454546,0.20666666666666667,0.00016418461876942738,0.026506837090401938
4534,1.9145454545454546,0.2126262626262626,0.0002521200498907443,0.02711049096784468
4535,1.9145454545454546,0.21858585858585858,-0.00019646757217538701,0.02815914775378084
4536,1.9145454545454546,0.22454545454545452,0.00029761055854130676,0.029378140881999977
4537,1.9145454545454546,0.2305050505050505,0.00033464555647273595,0.029849224089215573
4538,1.9145454545454546,0.23646464646464646,0.00037801104318578067,0.030471200555567082
4539,1.9145454545454546,0.2424242424242424,1.138533599279743e-05,0.03143011248182126
4540,1.9145454545454546,0.24838383838383837,-0.00015959217354031646,0.03202376690631911
4541,1.9145454545454546,0.2543434343434343,-0.0002650226118842555,0.03271526117429388
4542,1.9145454545454546,0.26030303030303026,-0.000506941595025011,0.03340944767690573
4543,1.9145454545454546,0.26626262626262626,0.00012964643957497632,0.03446074689988555
4544,1.9145454545454546,0.2722222222222222,0.0007022533980765495,0.03528930060143852
4545,1.9145454545454546,0.27818181818181814,0.0001813348768161824,0.03607256868127028
4546,1.9145454545454546,0.28414141414141414,-8.859443251557012e-05,0.03615613868912512
4547,1.9145454545454546,0.2901010101010101,0.00021547974096264926,0.037253108326214056
4548,1.9145454545454546,0.296060606060606,-0.00010218935724249688,0.03887870403705508
4549,1.9145454545454546,0.302020202020202,0.0010718693546775432,0.039599461706212806
4550,1.9145454545454546,0.30797979797979796,0.0007738943086903293,0.03961524776535218
4551,1.9145454545454546,0.3139393939393939,0.00011512857240412861,0.04041504416326401
4552,1.9145454545454546,0.31989898989898985,-2.1709627448747715e-05,0.04103871170520767
4553,1.9145454545454546,0.32585858585858585,-0.0011170977917668934,0.041737528521152124
4554,1.9145454545454546,0.3318181818181818,-0.00016188522075227715,0.04285029578957269
4555,1.9145454545454546,0.33777777777777773,-0.0007357782512553193,0.04374756590904418
4556,1.9145454545454546,0.34373737373737373,0.0001342187892394241,0.04444417419368389
4557,1.9145454545454546,0.3496969696969697,-0.00013810902407508551,0.04506617067598247
4558,1.9145454545454546,0.3556565656565656,-0.0002549524513524676,0.045508360913797806
4559,1.9145454545454546,0.3616161616161616,-0.0004510917350743369,0.04700767309967103
4560,1.9145454545454546,0.36757575757575756,-0.000607968070139546,0.04738855914868218
4561,1.9145454545454546,0.3735353535353535,2.7252331075754488e-05,0.04809046202762837
4562,1.9145454545454546,0.37949494949494944,-0.0004854620313008768,0.04858025751435324
4563,1.9145454545454546,0.38545454545454544,0.0001967814214558728,0.05051242271268975
4564,1.9145454545454546,0.3914141414141414,4.904340164324834e-05,0.05099550570509632
4565,1.9145454545454546,0.3973737373737373,-0.0008851917214420006,0.05138715249252941
4566,1.9145454545454546,0.4033333333333333,0.0002854322373142411,0.05282498789262016
4567,1.9145454545454546,0.40929292929292926,9.10203094843717e-05,0.05279075292005557
4568,1.9145454545454546,0.4152525252525252,0.0002426820251312697,0.05302038654316661
4569,1.9145454545454546,0.42121212121212115,-0.00012168025197617038,0.05442241290916203
4570,1.9145454545454546,0.42717171717171715,-0.0007964052080249854,0.05505485469682404
4571,1.9145454545454546,0.4331313131313131,0.000382057924537639,0.05599966832461438
4572,1.9145454545454546,0.43909090909090903,0.00033221172094550166,0.05727321053517686
4573,1.9145454545454546,0.44505050505050503,0.00010625527643272355,0.0583230149962257
4574,1.9145454545454546,0.45101010101010097,0.00041361498120300955,0.059050057489019855
4575,1.9145454545454546,0.4569696969696969,-4.6845008350323304e-05,0.0592177699312748
4576,1.9145454545454546,0.4629292929292929,-0.0004948579623037723,0.05966069291064243
4577,1.9145454545454546,0.46888888888888886,0.0006942546903167352,0.06082620463592584
4578,1.9145454545454546,0.4748484848484848,-0.0001877023540270306,0.0611353282009583
4579,1.9145454545454546,0.48080808080808074,-0.00041668089696695194,0.06173779677575964
4580,1.9145454545454546,0.48676767676767674,0.0016443770118792927,0.06423546372572632
4581,1.9145454545454546,0.4927272727272727,0.0005735856436544877,0.06455987385188021
4582,1.9145454545454546,0.4986868686868686,0.0011175864771699596,0.06495724063160743
4583,1.9145454545454546,0.5046464646464646,6.77500741141996e-05,0.0657143974838792
4584,1.9145454545454546,0.5106060606060605,-0.0003672702153241069,0.06525995462073783
4585,1.9145454545454546,0.5165656565656566,-0.0007138418742485177,0.06841812891814636
4586,1.9145454545454546,0.5225252525252525,0.00015676528073403534,0.06690457872881143
4587,1.9145454545454546,0.5284848484848484,-0.00044378167253716417,0.06949774653466867
4588,1.9145454545454546,0.5344444444444444,4.4127663854716113e-07,0.06993308059765706
4589,1.9145454545454546,0.5404040404040403,-0.0002611385606158014,0.0708253873205538
4590,1.9145454545454546,0.5463636363636363,0.0009537327285952708,0.07174550865817443
4591,1.9145454545454546,0.5523232323232323,0.00028237129071077485,0.07167947541215308
4592,1.9145454545454546,0.5582828282828283,0.0006540362972518283,0.07236393868667798
4593,1.9145454545454546,0.5642424242424242,-0.00024250314847017233,0.07280731932109935
4594,1.9145454545454546,0.5702020202020202,-0.0006551114066129216,0.07363765619884012
4595,1.9145454545454546,0.5761616161616161,0.0011622320138913707,0.07562427103208227
4596,1.9145454545454546,0.582121212121212,-0.00031858253700600876,0.07618119658269165
4597,1.9145454545454546,0.588080808080808,-0.00039067820469595316,0.07662085084499433
4598,1.9145454545454546,0.594040404040404,-5.2978147223979244e-05,0.07755787912140355
4599,1.9145454545454546,0.6,-0.0005433933139897379,0.0782193771945339
4600,1.9346464646464647,0.01,-1.0255310990275479e-05,0.0013032985043371589
4601,1.9346464646464647,0.01595959595959596,-1.1760430998975492e-05,0.0020981302037260726
4602,1.9346464646464647,0.021919191919191918,-2.5201209318945916e-05,0.0029047310561721965
4603,1.9346464646464647,0.027878787878787878,8.914883264827464e-05,0.003683255185585574
4604,1.9346464646464647,0.033838383838383834,6.044332784818823e-05,0.004450036638937945
4605,1.9346464646464647,0.0397979797979798,-4.032628532634458e-05,0.005248462814374467
4606,1.9346464646464647,0.045757575757575754,1.7847105737287826e-05,0.006000623894955442
4607,1.9346464646464647,0.05171717171717172,-7.083048879450641e-05,0.006849422126528088
4608,1.9346464646464647,0.05767676767676767,1.2639172445839476e-05,0.007610968645980205
4609,1.9346464646464647,0.06363636363636363,3.2189179249272204e-05,0.008368238154839017
4610,1.9346464646464647,0.06959595959595959,9.602427274315963e-05,0.009173035807375112
4611,1.9346464646464647,0.07555555555555554,-8.898768256602026e-05,0.00999723723013994
4612,1.9346464646464647,0.0815151515151515,-3.695300946530057e-05,0.010680503003247896
4613,1.9346464646464647,0.08747474747474746,2.8637184878117373e-05,0.011643455739233633
4614,1.9346464646464647,0.09343434343434343,-0.00022852789764399412,0.01222207296528477
4615,1.9346464646464647,0.09939393939393938,0.00012163260105029328,0.013209808750180166
4616,1.9346464646464647,0.10535353535353534,0.00022729449486525152,0.01395011807069281
4617,1.9346464646464647,0.1113131313131313,-0.00014877120076619673,0.0145515451292729
4618,1.9346464646464647,0.11727272727272725,-3.207593752864435e-06,0.015285929665713755
4619,1.9346464646464647,0.12323232323232322,0.00013163050249621514,0.01625018531115606
4620,1.9346464646464647,0.1291919191919192,-0.00017581783050850576,0.016985354381033584
4621,1.9346464646464647,0.13515151515151513,4.8847012516994374e-05,0.017797712800736998
4622,1.9346464646464647,0.1411111111111111,5.7542929905443696e-05,0.018683854237516975
4623,1.9346464646464647,0.14707070707070707,0.00010061668364149365,0.019288987020651367
4624,1.9346464646464647,0.15303030303030302,-2.7026208802718664e-05,0.02014755021456496
4625,1.9346464646464647,0.158989898989899,-0.0005377778726611048,0.020982664011445832
4626,1.9346464646464647,0.16494949494949493,2.8683246828495878e-05,0.02168720864398102
4627,1.9346464646464647,0.1709090909090909,-2.4048053807029857e-05,0.02242852793387669
4628,1.9346464646464647,0.17686868686868687,0.00025474190024849246,0.023365917443361504
4629,1.9346464646464647,0.1828282828282828,-0.00012641491491238762,0.023841100774372535
4630,1.9346464646464647,0.18878787878787878,0.0003962097586257382,0.02493848733146229
4631,1.9346464646464647,0.19474747474747472,-1.7414755881547783e-05,0.025550884122870352
4632,1.9346464646464647,0.2007070707070707,0.000397676756114916,0.026592780009010983
4633,1.9346464646464647,0.20666666666666667,-0.00036923443648088585,0.027273993361175735
4634,1.9346464646464647,0.2126262626262626,0.00011466317391034706,0.02825810672248909
4635,1.9346464646464647,0.21858585858585858,0.00014465391176964707,0.028992323642632496
4636,1.9346464646464647,0.22454545454545452,0.0004027747816111325,0.029232643794460104
4637,1.9346464646464647,0.2305050505050505,0.0003039469575452152,0.030765573368942797
4638,1.9346464646464647,0.23646464646464646,9.631031407241826e-05,0.030902353285898007
4639,1.9346464646464647,0.2424242424242424,0.0002138086948864336,0.03239037963633698
4640,1.9346464646464647,0.24838383838383837,-0.0003150641881055731,0.03239409683150393
4641,1.9346464646464647,0.2543434343434343,0.00027971812165807146,0.03419746151654194
4642,1.9346464646464647,0.26030303030303026,-0.00014551383462915878,0.03434713229722126
4643,1.9346464646464647,0.26626262626262626,0.00018119780217388897,0.034741476232054834
4644,1.9346464646464647,0.2722222222222222,0.00036821426549868267,0.03553567636818938
4645,1.9346464646464647,0.27818181818181814,0.00030756876639439785,0.03691604149773702
4646,1.9346464646464647,0.28414141414141414,-0.00010851784293320768,0.03753628045477926
4647,1.9346464646464647,0.2901010101010101,0.00022845795061149037,0.038769776301224385
4648,1.9346464646464647,0.296060606060606,-8.797444671988371e-05,0.038712368541700355
4649,1.9346464646464647,0.302020202020202,-9.52428203892913e-05,0.03965659012467526
4650,1.9346464646464647,0.30797979797979796,-4.040588606297926e-05,0.04086416993129191
4651,1.9346464646464647,0.3139393939393939,-0.0007772088371895544,0.04130270773547896
4652,1.9346464646464647,0.31989898989898985,0.0008840317777744392,0.04280891590807888
4653,1.9346464646464647,0.32585858585858585,0.0002543445720837438,0.04329007213619335
4654,1.9346464646464647,0.3318181818181818,6.698746055575677e-05,0.043639708291050634
4655,1.9346464646464647,0.33777777777777773,-0.0002902623578285605,0.04459660641628644
4656,1.9346464646464647,0.34373737373737373,0.0004117173374104286,0.045661424647864345
4657,1.9346464646464647,0.3496969696969697,-0.00018762938545818862,0.046564960737415215
4658,1.9346464646464647,0.3556565656565656,0.00080391098457207,0.04707252732997933
4659,1.9346464646464647,0.3616161616161616,-3.3952863900654914e-05,0.04741932438453658
4660,1.9346464646464647,0.36757575757575756,0.00023267866096151084,0.04874938829839949
4661,1.9346464646464647,0.3735353535353535,0.0001854749066596163,0.04932817884691273
4662,1.9346464646464647,0.37949494949494944,-0.00020168331177885203,0.05050256475631513
4663,1.9346464646464647,0.38545454545454544,0.000333219485219264,0.051117999707021376
4664,1.9346464646464647,0.3914141414141414,0.0007794014569544451,0.05182881544306349
4665,1.9346464646464647,0.3973737373737373,-0.0006668552624343021,0.05172248972317651
4666,1.9346464646464647,0.4033333333333333,0.00019114694137672695,0.05356760448097684
4667,1.9346464646464647,0.40929292929292926,-0.000924843198605557,0.053840495214455816
4668,1.9346464646464647,0.4152525252525252,-0.0006051463118145048,0.05460340637285923
4669,1.9346464646464647,0.42121212121212115,-0.000519437207850531,0.05588952918801594
4670,1.9346464646464647,0.42717171717171715,-8.158989350045691e-05,0.05616290921373493
4671,1.9346464646464647,0.4331313131313131,-0.0005433388134328777,0.05749555266310803
4672,1.9346464646464647,0.43909090909090903,0.0003956048173069246,0.05859985311869682
4673,1.9346464646464647,0.44505050505050503,0.00041730796548073866,0.059052982688502065
4674,1.9346464646464647,0.45101010101010097,0.0004280966886271466,0.05937401304659678
4675,1.9346464646464647,0.4569696969696969,-5.483341490992637e-05,0.060485123678445274
4676,1.9346464646464647,0.4629292929292929,0.0004028207171845513,0.06042788507624765
4677,1.9346464646464647,0.46888888888888886,-0.0005741193386802492,0.0623454011582366
4678,1.9346464646464647,0.4748484848484848,0.0012796393118713046,0.06337979583433398
4679,1.9346464646464647,0.48080808080808074,0.00037248327102429963,0.06452963422115729
4680,1.9346464646464647,0.48676767676767674,-0.0004983770939276883,0.06420046892939722
4681,1.9346464646464647,0.4927272727272727,-0.0003383561188697552,0.06508605946694992
4682,1.9346464646464647,0.4986868686868686,0.000835364806306796,0.06666327035264899
4683,1.9346464646464647,0.5046464646464646,-0.0013174138586806525,0.06655903390526809
4684,1.9346464646464647,0.5106060606060605,0.00045660224016120274,0.06831868732886529
4685,1.9346464646464647,0.5165656565656566,0.00035961652729706256,0.0690097458483943
4686,1.9346464646464647,0.5225252525252525,-0.00017315535088827704,0.0696666769040794
4687,1.9346464646464647,0.5284848484848484,0.0001893714664971863,0.07097227145608323
4688,1.9346464646464647,0.5344444444444444,-0.0005506857065737393,0.07003138263471792
4689,1.9346464646464647,0.5404040404040403,0.0002811956176185146,0.07114037451192391
4690,1.9346464646464647,0.5463636363636363,0.00013058377970659557,0.07236167547881601
4691,1.9346464646464647,0.5523232323232323,-0.0006114957438639712,0.07330552730890286
4692,1.9346464646464647,0.5582828282828283,-0.00013668889180969566,0.07435479153301602
4693,1.9346464646464647,0.5642424242424242,-0.0006084457125055268,0.07348888672455665
4694,1.9346464646464647,0.5702020202020202,0.00044389606337746093,0.07626657987307119
4695,1.9346464646464647,0.5761616161616161,2.8318179949048794e-05,0.07700187796764124
4696,1.9346464646464647,0.582121212121212,-0.0005959769709332196,0.07792744770715283
4697,1.9346464646464647,0.588080808080808,0.0009924929684281675,0.07996186757329053
4698,1.9346464646464647,0.594040404040404,0.0004238566759533602,0.07984263156736203
4699,1.9346464646464647,0.6,-0.0007919644153940025,0.07949752961563811
4700,1.954747474747475,0.01,1.8006750096215884e-05,0.0013431546280191547
4701,1.954747474747475,0.01595959595959596,1.8588962877556403e-06,0.0021270189489783074
4702,1.954747474747475,0.021919191919191918,1.4461264947892904e-05,0.002964039604031341
4703,1.954747474747475,0.027878787878787878,-4.412890086885246e-06,0.0037641326314717866
4704,1.954747474747475,0.033838383838383834,-1.7935009145012947e-05,0.004572420144208571
4705,1.954747474747475,0.0397979797979798,3.128341392633837e-05,0.0053732298826452765
4706,1.954747474747475,0.045757575757575754,-5.0055133025976506e-05,0.006197770648535289
4707,1.954747474747475,0.05171717171717172,4.112605294424223e-05,0.006872399716485158
4708,1.954747474747475,0.05767676767676767,-3.900304707695117e-05,0.007718469411587281
4709,1.954747474747475,0.06363636363636363,-7.570775203463918e-05,0.0085266870183021
4710,1.954747474747475,0.06959595959595959,-9.198252593817025e-06,0.009433468723169905
4711,1.954747474747475,0.07555555555555554,-0.00018715081700238244,0.010256970871145235
4712,1.954747474747475,0.0815151515151515,-9.539397869964143e-05,0.011039516012040696
4713,1.954747474747475,0.08747474747474746,4.931163041560387e-05,0.01175820855402465
4714,1.954747474747475,0.09343434343434343,0.00022997640237772457,0.012656712758828906
4715,1.954747474747475,0.09939393939393938,3.9264942286430174e-05,0.013423595433701974
4716,1.954747474747475,0.10535353535353534,-8.573874015346342e-05,0.014211539959864775
4717,1.954747474747475,0.1113131313131313,2.049466444460333e-05,0.015051626803930417
4718,1.954747474747475,0.11727272727272725,0.0001095750872963511,0.015653193261696605
4719,1.954747474747475,0.12323232323232322,-0.00011515008375150095,0.016729234227713486
4720,1.954747474747475,0.1291919191919192,-2.656077624695561e-05,0.01712634803530292
4721,1.954747474747475,0.13515151515151513,-4.012954177850692e-05,0.018151010277128173
4722,1.954747474747475,0.1411111111111111,0.00023912650629804831,0.019024936566256402
4723,1.954747474747475,0.14707070707070707,0.00018664745464188847,0.019692943842287508
4724,1.954747474747475,0.15303030303030302,0.0003583167973440777,0.020513981219024927
4725,1.954747474747475,0.158989898989899,0.0002341135429893005,0.021229224834960873
4726,1.954747474747475,0.16494949494949493,6.095767892215134e-05,0.02234018017139897
4727,1.954747474747475,0.1709090909090909,-0.00019003006864456697,0.023015529963370397
4728,1.954747474747475,0.17686868686868687,-0.00022381415984706266,0.023744406855827672
4729,1.954747474747475,0.1828282828282828,0.00025884916094427545,0.024910420297003376
4730,1.954747474747475,0.18878787878787878,0.0002015319110377227,0.02564477879689548
4731,1.954747474747475,0.19474747474747472,-0.0002169390552212879,0.026127694597660966
4732,1.954747474747475,0.2007070707070707,-5.987714475199524e-07,0.027362006336091125
4733,1.954747474747475,0.20666666666666667,-0.0004164861229940712,0.027864392913062964
4734,1.954747474747475,0.2126262626262626,-0.0002902980119366198,0.02835164384548385
4735,1.954747474747475,0.21858585858585858,-0.00014898883940181568,0.029207055704279086
4736,1.954747474747475,0.22454545454545452,-0.00029203769623905456,0.030097448421723544
4737,1.954747474747475,0.2305050505050505,-3.514508803565319e-05,0.031078220200442257
4738,1.954747474747475,0.23646464646464646,-0.00013947630250872174,0.03122876873123676
4739,1.954747474747475,0.2424242424242424,-8.583655498948134e-05,0.03285937415648306
4740,1.954747474747475,0.24838383838383837,-0.00044178568766820784,0.033563090761860856
4741,1.954747474747475,0.2543434343434343,-0.00019810289701704687,0.03412661064039265
4742,1.954747474747475,0.26030303030303026,0.00027994881046562037,0.0356749766525087
4743,1.954747474747475,0.26626262626262626,0.00028350431919039494,0.0358109270455676
4744,1.954747474747475,0.2722222222222222,0.0001356974854592664,0.03670832679543025
4745,1.954747474747475,0.27818181818181814,-5.0841606376826575e-05,0.03739132807793232
4746,1.954747474747475,0.28414141414141414,0.0003491946647910545,0.03790226512022926
4747,1.954747474747475,0.2901010101010101,-0.00025759496013867217,0.03897738458859608
4748,1.954747474747475,0.296060606060606,-8.855888322988855e-05,0.0396258809767385
4749,1.954747474747475,0.302020202020202,0.0009155793895126592,0.04142632951120127
4750,1.954747474747475,0.30797979797979796,0.0004742615652843147,0.04151363143384452
4751,1.954747474747475,0.3139393939393939,-0.00018783655896144577,0.042519649258341896
4752,1.954747474747475,0.31989898989898985,-7.904413094556597e-05,0.042981245092533975
4753,1.954747474747475,0.32585858585858585,5.6969069086952586e-05,0.04350738172052711
4754,1.954747474747475,0.3318181818181818,-0.00034625993769791125,0.04434776257761411
4755,1.954747474747475,0.33777777777777773,-0.00016279086267648348,0.04602870707443428
4756,1.954747474747475,0.34373737373737373,-0.0006193968361038542,0.04634907221531819
4757,1.954747474747475,0.3496969696969697,0.00015520846941064902,0.04686129040754279
4758,1.954747474747475,0.3556565656565656,5.130564518188618e-06,0.04798981410542604
4759,1.954747474747475,0.3616161616161616,0.0007342624411890042,0.04919319695609146
4760,1.954747474747475,0.36757575757575756,9.55398032293831e-05,0.04952594568054178
4761,1.954747474747475,0.3735353535353535,0.00029059309563052673,0.0502539359866106
4762,1.954747474747475,0.37949494949494944,0.0006177560149957796,0.05157019803989054
4763,1.954747474747475,0.38545454545454544,-0.00032912607477480034,0.05194912645850185
4764,1.954747474747475,0.3914141414141414,-0.00033266766412880174,0.05334472785151218
4765,1.954747474747475,0.3973737373737373,0.0002929208682421609,0.05411865249864344
4766,1.954747474747475,0.4033333333333333,0.0008771374301248322,0.05428122614303133
4767,1.954747474747475,0.40929292929292926,-0.0005118340828567251,0.0554281983354412
4768,1.954747474747475,0.4152525252525252,0.0004436784561042554,0.05721162062363944
4769,1.954747474747475,0.42121212121212115,-0.0006366160409171529,0.057276785724023976
4770,1.954747474747475,0.42717171717171715,0.00013325642597719191,0.05811693796422485
4771,1.954747474747475,0.4331313131313131,0.0004238616721916403,0.05855911832979899
4772,1.954747474747475,0.43909090909090903,-0.001032945134496669,0.059290155143320825
4773,1.954747474747475,0.44505050505050503,0.00021960341020840798,0.05980807845083516
4774,1.954747474747475,0.45101010101010097,0.0015491782250764271,0.06157213871300689
4775,1.954747474747475,0.4569696969696969,-0.0009623144184483632,0.061393938051749454
4776,1.954747474747475,0.4629292929292929,-0.0004398044878512348,0.06179539542785459
4777,1.954747474747475,0.46888888888888886,0.00022232962037907616,0.06366860266349354
4778,1.954747474747475,0.4748484848484848,-0.0001055293228012073,0.06464774431262178
4779,1.954747474747475,0.48080808080808074,-0.00014095249384851583,0.0653300725674931
4780,1.954747474747475,0.48676767676767674,0.00023409872802284006,0.06658069287054756
4781,1.954747474747475,0.4927272727272727,-0.0008731869805659162,0.06657207979135425
4782,1.954747474747475,0.4986868686868686,0.000869678952476316,0.06701405007564501
4783,1.954747474747475,0.5046464646464646,0.0008588410039564524,0.06811470113053082
4784,1.954747474747475,0.5106060606060605,0.0003433470014517513,0.06953231002899275
4785,1.954747474747475,0.5165656565656566,0.0012753347593755218,0.06993514795725216
4786,1.954747474747475,0.5225252525252525,-1.1686956599204046e-05,0.07139163620547767
4787,1.954747474747475,0.5284848484848484,0.0003661435347071977,0.07227022719303557
4788,1.954747474747475,0.5344444444444444,-0.0006760819923954094,0.07254626138935806
4789,1.954747474747475,0.5404040404040403,0.0007693270223123035,0.07390812603991587
4790,1.954747474747475,0.5463636363636363,0.0011673650518886508,0.07363482846600367
4791,1.954747474747475,0.5523232323232323,0.00023963383717312762,0.07547291203894241
4792,1.954747474747475,0.5582828282828283,0.00013220837226712322,0.07629178460363682
4793,1.954747474747475,0.5642424242424242,-0.0001311171350036799,0.07671975508079695
4794,1.954747474747475,0.5702020202020202,1.9849907200806172e-05,0.07659961573298198
4795,1.954747474747475,0.5761616161616161,-3.8502082295064445e-05,0.07850607222207368
4796,1.954747474747475,0.582121212121212,-0.0009415578574639349,0.07795386270548987
4797,1.954747474747475,0.588080808080808,1.5362323281824785e-05,0.07976678963766284
4798,1.954747474747475,0.594040404040404,-0.000707877595840614,0.08115059291066043
4799,1.954747474747475,0.6,-0.0015184634884096574,0.08189881310734262
4800,1.9748484848484849,0.01,-8.143284906824622e-06,0.001379304544727018
4801,1.9748484848484849,0.01595959595959596,4.193861465965587e-06,0.002185990036017917
4802,1.9748484848484849,0.021919191919191918,2.3333363903628614e-05,0.003002477643962531
4803,1.9748484848484849,0.027878787878787878,-2.305208510075063e-06,0.0038346705892217925
4804,1.9748484848484849,0.033838383838383834,9.139044176026168e-06,0.004659722435984528
4805,1.9748484848484849,0.0397979797979798,-1.1326641352382938e-05,0.005452344302910761
4806,1.9748484848484849,0.045757575757575754,2.8677540342300333e-05,0.006268813411085202
4807,1.9748484848484849,0.05171717171717172,1.2824378263876867e-05,0.007109597849544052
4808,1.9748484848484849,0.05767676767676767,3.6250868663403266e-05,0.007982868195032893
4809,1.9748484848484849,0.06363636363636363,2.8136250608399304e-05,0.008719526013341467
4810,1.9748484848484849,0.06959595959595959,-0.00011410574100802436,0.009566160181305199
4811,1.9748484848484849,0.07555555555555554,0.0002616405287763859,0.010338290933995166
4812,1.9748484848484849,0.0815151515151515,6.605773970308366e-05,0.011132371324021662
4813,1.9748484848484849,0.08747474747474746,9.715971818113014e-05,0.01211049044152956
4814,1.9748484848484849,0.09343434343434343,-0.00020892020053427996,0.012793831854264474
4815,1.9748484848484849,0.09939393939393938,2.2780950158430602e-05,0.013562191641611045
4816,1.9748484848484849,0.10535353535353534,3.8156066328519424e-05,0.014400156934017654
4817,1.9748484848484849,0.1113131313131313,-8.838204676961105e-05,0.015379151212649341
4818,1.9748484848484849,0.11727272727272725,6.852556189821353e-05,0.016209351679020236
4819,1.9748484848484849,0.12323232323232322,0.00012792128520874814,0.016634873141515384
4820,1.9748484848484849,0.1291919191919192,-5.094674193231019e-06,0.017730889773948023
4821,1.9748484848484849,0.13515151515151513,-0.00017613907196358284,0.018527060604041794
4822,1.9748484848484849,0.1411111111111111,-0.00018395931959368136,0.019263065188760534
4823,1.9748484848484849,0.14707070707070707,4.6947321807901686e-05,0.02029635651475973
4824,1.9748484848484849,0.15303030303030302,0.0002781300594965682,0.021226375910948968
4825,1.9748484848484849,0.158989898989899,-0.000188935482306494,0.02192804073223973
4826,1.9748484848484849,0.16494949494949493,5.809049830866462e-05,0.022704615502813448
4827,1.9748484848484849,0.1709090909090909,0.0002556423946755306,0.02384082644137235
4828,1.9748484848484849,0.17686868686868687,4.387830551498383e-05,0.02470148763639619
4829,1.9748484848484849,0.1828282828282828,0.000244394748003005,0.02495558184138255
4830,1.9748484848484849,0.18878787878787878,-9.471221904711107e-05,0.026344406577996308
4831,1.9748484848484849,0.19474747474747472,2.7129874750077766e-05,0.026855624185618824
4832,1.9748484848484849,0.2007070707070707,0.00021644752657997018,0.027609098699307586
4833,1.9748484848484849,0.20666666666666667,-8.747984112748241e-05,0.02834040529099065
4834,1.9748484848484849,0.2126262626262626,7.649541025518745e-05,0.029235291587840558
4835,1.9748484848484849,0.21858585858585858,-0.00029117210004746843,0.030425758796413852
4836,1.9748484848484849,0.22454545454545452,0.00037514156518200423,0.030828884496915822
4837,1.9748484848484849,0.2305050505050505,0.0005359993664398306,0.032219183432913544
4838,1.9748484848484849,0.23646464646464646,0.0003315092426938936,0.03255706462446615
4839,1.9748484848484849,0.2424242424242424,0.00020434654837535971,0.03330562134433617
4840,1.9748484848484849,0.24838383838383837,8.59328375309131e-05,0.03405954398263004
4841,1.9748484848484849,0.2543434343434343,9.135238259901335e-05,0.03527263830617014
4842,1.9748484848484849,0.26030303030303026,-4.187201332322376e-05,0.03564840767146608
4843,1.9748484848484849,0.26626262626262626,-0.00015446648197932285,0.03657917153658471
4844,1.9748484848484849,0.2722222222222222,-0.0003823097727993897,0.03693927898972489
4845,1.9748484848484849,0.27818181818181814,0.0005522014138528003,0.03813091327860252
4846,1.9748484848484849,0.28414141414141414,0.00011480946132760828,0.039469506140862844
4847,1.9748484848484849,0.2901010101010101,-0.00047111805515119104,0.039942606326300194
4848,1.9748484848484849,0.296060606060606,-0.0005927919056634112,0.0406057371278675
4849,1.9748484848484849,0.302020202020202,0.0007330790119519181,0.04176548205236669
4850,1.9748484848484849,0.30797979797979796,0.0008639488585787956,0.042684969696754754
4851,1.9748484848484849,0.3139393939393939,-0.0002756097955106374,0.042984799444271526
4852,1.9748484848484849,0.31989898989898985,0.00047457874500821904,0.04425096406006166
4853,1.9748484848484849,0.32585858585858585,-0.00014521039947383688,0.045214640546305376
4854,1.9748484848484849,0.3318181818181818,0.00011497225037898448,0.0453094265100026
4855,1.9748484848484849,0.33777777777777773,-0.0005316883368258045,0.04681987438502897
4856,1.9748484848484849,0.34373737373737373,-0.00019815639503971798,0.046695470672113944
4857,1.9748484848484849,0.3496969696969697,-0.0004098587437002095,0.048755304085336716
4858,1.9748484848484849,0.3556565656565656,-0.00026874074924524186,0.04948818526780568
4859,1.9748484848484849,0.3616161616161616,-2.5649608567376615e-05,0.04983429590031068
4860,1.9748484848484849,0.36757575757575756,6.766597892420156e-05,0.051427118861047394
4861,1.9748484848484849,0.3735353535353535,0.0002686774711919277,0.05169955466804718
4862,1.9748484848484849,0.37949494949494944,0.00013106788838214198,0.05248534594659241
4863,1.9748484848484849,0.38545454545454544,0.0005490043415653801,0.053158095857847434
4864,1.9748484848484849,0.3914141414141414,-0.00010922233909993402,0.05397321687202271
4865,1.9748484848484849,0.3973737373737373,-9.170651182878684e-05,0.05471661934234721
4866,1.9748484848484849,0.4033333333333333,0.00033253473458747174,0.05570789169098846
4867,1.9748484848484849,0.40929292929292926,-0.00010623391309694353,0.056988574555548795
4868,1.9748484848484849,0.4152525252525252,-0.00030247399843912016,0.05695293418279275
4869,1.9748484848484849,0.42121212121212115,4.672651559050771e-05,0.05751779215507184
4870,1.9748484848484849,0.42717171717171715,0.00014039237136081594,0.058471171049804975
4871,1.9748484848484849,0.4331313131313131,-8.635326472317135e-05,0.05921452986381688
4872,1.9748484848484849,0.43909090909090903,0.0003030986276051756,0.06104568294368395
4873,1.9748484848484849,0.44505050505050503,-0.00033179834002323815,0.061421589581809995
4874,1.9748484848484849,0.45101010101010097,0.00024425814172157167,0.062286353966610045
4875,1.9748484848484849,0.4569696969696969,0.000435869372850922,0.06411964416713034
4876,1.9748484848484849,0.4629292929292929,0.0004727833198034313,0.06396610492447133
4877,1.9748484848484849,0.46888888888888886,0.00010914131953204071,0.06475672571840575
4878,1.9748484848484849,0.4748484848484848,-0.0010972154867139713,0.06467013702656685
4879,1.9748484848484849,0.48080808080808074,0.0010166998476182475,0.06646956450335735
4880,1.9748484848484849,0.48676767676767674,0.00027370891970700945,0.06813508936692016
4881,1.9748484848484849,0.4927272727272727,0.00048295750191654056,0.06902646714793469
4882,1.9748484848484849,0.4986868686868686,-0.00016164459233910763,0.06915002613755164
4883,1.9748484848484849,0.5046464646464646,0.0007107729770468653,0.06988974288746251
4884,1.9748484848484849,0.5106060606060605,-0.00024400884036422673,0.07020687391029967
4885,1.9748484848484849,0.5165656565656566,0.0010360595560477256,0.07232905316800504
4886,1.9748484848484849,0.5225252525252525,0.0005955363259484663,0.07271683623408247
4887,1.9748484848484849,0.5284848484848484,0.0004723044601399165,0.07363448675873839
4888,1.9748484848484849,0.5344444444444444,0.00037108843924005925,0.07322852730805769
4889,1.9748484848484849,0.5404040404040403,-0.0009126666638615916,0.07398383125454568
4890,1.9748484848484849,0.5463636363636363,-0.00034677646233055446,0.07577696142659301
4891,1.9748484848484849,0.5523232323232323,-0.00044357437942906815,0.07647374467447828
4892,1.9748484848484849,0.5582828282828283,-0.0015056879308177618,0.077637845126691
4893,1.9748484848484849,0.5642424242424242,-0.00013899118920553808,0.07835203484194213
4894,1.9748484848484849,0.5702020202020202,0.0005079091504484979,0.0779556957414296
4895,1.9748484848484849,0.5761616161616161,-0.0015327973895826726,0.07872367028504693
4896,1.9748484848484849,0.582121212121212,-0.00018240997566063398,0.08072487469114731
4897,1.9748484848484849,0.588080808080808,0.0014932183681002737,0.08184714676659498
4898,1.9748484848484849,0.594040404040404,0.00021084582292700232,0.08282435640540856
4899,1.9748484848484849,0.6,-0.0012996564263193634,0.0821611392357264
4900,1.994949494949495,0.01,5.076288211690483e-07,0.0014066848436714175
4901,1.994949494949495,0.01595959595959596,1.8484945984796109e-06,0.0022349133815866232
4902,1.994949494949495,0.021919191919191918,-3.3332554672654526e-05,0.0030842730913367843
4903,1.994949494949495,0.027878787878787878,2.5302515750886588e-05,0.003924755943104839
4904,1.994949494949495,0.033838383838383834,-1.513500678254398e-05,0.004768649415034768
4905,1.994949494949495,0.0397979797979798,1.859977716814325e-05,0.005543837475771127
4906,1.994949494949495,0.045757575757575754,-4.1998784125092866e-05,0.0063298693579532045
4907,1.994949494949495,0.05171717171717172,3.3777173403693516e-05,0.007267950221275958
4908,1.994949494949495,0.05767676767676767,-9.84794602089954e-05,0.00809126612670376
4909,1.994949494949495,0.06363636363636363,9.937572396037935e-05,0.008988149056356682
4910,1.994949494949495,0.06959595959595959,5.716191505309991e-05,0.009732060601942804
4911,1.994949494949495,0.07555555555555554,0.00010037772351481413,0.010547302311636857
4912,1.994949494949495,0.0815151515151515,8.167356297000974e-05,0.01135125815860458
4913,1.994949494949495,0.08747474747474746,-4.202927882664217e-05,0.012118702252394128
4914,1.994949494949495,0.09343434343434343,-0.00016569124451610063,0.013143009413820267
4915,1.994949494949495,0.09939393939393938,8.210121636409362e-06,0.01405518159221488
4916,1.994949494949495,0.10535353535353534,0.00018472918385421992,0.014605717950029568
4917,1.994949494949495,0.1113131313131313,0.0001761330686095996,0.015580848316041594
4918,1.994949494949495,0.11727272727272725,-9.943001965285121e-05,0.01639977800502205
4919,1.994949494949495,0.12323232323232322,-0.0001621363490780253,0.017327148440622362
4920,1.994949494949495,0.1291919191919192,-6.833954149586643e-05,0.018474865661921615
4921,1.994949494949495,0.13515151515151513,0.000161390281563913,0.01896130192678532
4922,1.994949494949495,0.1411111111111111,8.252127398785359e-06,0.019589909307564216
4923,1.994949494949495,0.14707070707070707,0.00014618045109921686,0.020533492405399267
4924,1.994949494949495,0.15303030303030302,-0.00010788159868802016,0.02143932933310482
4925,1.994949494949495,0.158989898989899,0.00021251608604417233,0.022351493142742464
4926,1.994949494949495,0.16494949494949493,-3.8186321416150704e-05,0.02318698689685532
4927,1.994949494949495,0.1709090909090909,-5.789790648460264e-05,0.023753587870031442
4928,1.994949494949495,0.17686868686868687,0.00039922749446304315,0.024727396421829213
4929,1.994949494949495,0.1828282828282828,-4.8386916926871006e-05,0.02526374211940685
4930,1.994949494949495,0.18878787878787878,4.988134100610473e-05,0.026717421977535294
4931,1.994949494949495,0.19474747474747472,-1.6054829658758018e-05,0.02713776454332853
4932,1.994949494949495,0.2007070707070707,-0.00019451006502229772,0.027829031925915248
4933,1.994949494949495,0.20666666666666667,-0.00011043925712423402,0.029089400386594494
4934,1.994949494949495,0.2126262626262626,0.0001276581072468978,0.030038178718239807
4935,1.994949494949495,0.21858585858585858,-0.0002153132135190665,0.030503260011490035
4936,1.994949494949495,0.22454545454545452,-0.0003809200430531841,0.031527467829947725
4937,1.994949494949495,0.2305050505050505,-2.9356697356455718e-05,0.03247411784981382
4938,1.994949494949495,0.23646464646464646,-0.00031497057687645375,0.03337740655010942
4939,1.994949494949495,0.2424242424242424,0.00011966581265407206,0.03386986290453518
4940,1.994949494949495,0.24838383838383837,0.0004561439971217826,0.03472054438146505
4941,1.994949494949495,0.2543434343434343,0.00041667022017392055,0.03591959914021281
4942,1.994949494949495,0.26030303030303026,0.0001285403223089608,0.03646615688333524
4943,1.994949494949495,0.26626262626262626,-0.000489934541170032,0.03740474301410087
4944,1.994949494949495,0.2722222222222222,0.0006552085570420156,0.03874655150086214
4945,1.994949494949495,0.27818181818181814,-0.00019097509877960244,0.03849678639372498
4946,1.994949494949495,0.28414141414141414,-0.0002709731455156698,0.04002477530590416
4947,1.994949494949495,0.2901010101010101,-0.00016001936684382652,0.04126533170637462
4948,1.994949494949495,0.296060606060606,-0.00043539378348908937,0.0416319112905758
4949,1.994949494949495,0.302020202020202,-3.94707860515433e-06,0.04326494300458735
4950,1.994949494949495,0.30797979797979796,-0.00011718484791326374,0.04322832827888158
4951,1.994949494949495,0.3139393939393939,0.00015836853332542894,0.043972842156385444
4952,1.994949494949495,0.31989898989898985,-0.00032626869729955425,0.045302056050258985
4953,1.994949494949495,0.32585858585858585,-0.00044675941365635605,0.045939268026219254
4954,1.994949494949495,0.3318181818181818,-6.647375989632971e-05,0.04661701397326309
4955,1.994949494949495,0.33777777777777773,-0.0001965572866697336,0.04712913461604792
4956,1.994949494949495,0.34373737373737373,-0.0003623215038268907,0.04779689041662287
4957,1.994949494949495,0.3496969696969697,-0.0003200134843237064,0.04898195075607817
4958,1.994949494949495,0.3556565656565656,0.0007378288612365547,0.04993700730303914
4959,1.994949494949495,0.3616161616161616,0.0006501581346929539,0.051267519739620855
4960,1.994949494949495,0.36757575757575756,-0.00017442248879220425,0.051310988871517395
4961,1.994949494949495,0.3735353535353535,-0.00031690877020978974,0.052197908369601094
4962,1.994949494949495,0.37949494949494944,0.0009366817034391149,0.053821601687145525
4963,1.994949494949495,0.38545454545454544,8.310723480945182e-05,0.05463871057041713
4964,1.994949494949495,0.3914141414141414,-0.00035528184913940987,0.0547880056942148
4965,1.994949494949495,0.3973737373737373,-8.25430017751064e-05,0.05591552423959457
4966,1.994949494949495,0.4033333333333333,-0.0001938496977778768,0.05718683584134842
4967,1.994949494949495,0.40929292929292926,-0.0007725415043320938,0.0571876219956314
4968,1.994949494949495,0.4152525252525252,0.00035653693301708586,0.059093214915624755
4969,1.994949494949495,0.42121212121212115,6.239626351098945e-05,0.0596717994913327
4970,1.994949494949495,0.42717171717171715,0.000926007093426065,0.060368166079051634
4971,1.994949494949495,0.4331313131313131,0.0007874598888587413,0.061194318469684435
4972,1.994949494949495,0.43909090909090903,-1.3001512402555404e-05,0.06207303738718788
4973,1.994949494949495,0.44505050505050503,-0.0010189549595962604,0.061800537174932633
4974,1.994949494949495,0.45101010101010097,-0.00017149644490627852,0.06339860685589808
4975,1.994949494949495,0.4569696969696969,0.00016124114898561989,0.06471319405718406
4976,1.994949494949495,0.4629292929292929,0.0005270710404808828,0.06526664370251344
4977,1.994949494949495,0.46888888888888886,5.020750720822354e-05,0.06633950887907289
4978,1.994949494949495,0.4748484848484848,0.0005663936969516818,0.06679421230587834
4979,1.994949494949495,0.48080808080808074,0.00041022782611005047,0.06811614464069757
4980,1.994949494949495,0.48676767676767674,-0.0008429307637401831,0.06826357240223672
4981,1.994949494949495,0.4927272727272727,-0.0010447409812388308,0.0695700406061879
4982,1.994949494949495,0.4986868686868686,-0.00037884292149251516,0.07003982030895065
4983,1.994949494949495,0.5046464646464646,0.0008276431896826494,0.07199339042547014
4984,1.994949494949495,0.5106060606060605,0.00102827107772396,0.07194676476644972
4985,1.994949494949495,0.5165656565656566,-0.00041781690104385135,0.07307097680440014
4986,1.994949494949495,0.5225252525252525,-0.0007866408626088763,0.07324586554350888
4987,1.994949494949495,0.5284848484848484,1.10311255754159e-05,0.07470839161829848
4988,1.994949494949495,0.5344444444444444,-5.0047574924742786e-05,0.07527785195624614
4989,1.994949494949495,0.5404040404040403,0.0010852412348980093,0.07639491981939593
4990,1.994949494949495,0.5463636363636363,6.293132862838271e-05,0.0779450969346768
4991,1.994949494949495,0.5523232323232323,-0.0006916815755760217,0.07813320080958047
4992,1.994949494949495,0.5582828282828283,-0.00020624884326506248,0.08018471534458328
4993,1.994949494949495,0.5642424242424242,0.001076261310170853,0.0801460090814436
4994,1.994949494949495,0.5702020202020202,0.0007829992696330777,0.08104907011146292
4995,1.994949494949495,0.5761616161616161,-0.0011267494391806689,0.08128145015910981
4996,1.994949494949495,0.582121212121212,0.0004278383094252449,0.08352657038778517
4997,1.994949494949495,0.588080808080808,-0.00018406130762214763,0.08350551603064654
4998,1.994949494949495,0.594040404040404,-0.0004033083545044075,0.08404930019443904
4999,1.994949494949495,0.6,0.0006880495874477556,0.08628018019178127
5000,2.015050505050505,0.01,3.2769957295661456e-06,0.0014278354760742433
5001,2.015050505050505,0.01595959595959596,-1.170322604314512e-05,0.0022984435098360838
5002,2.015050505050505,0.021919191919191918,1.5239849888358304e-05,0.003110492366527048
5003,2.015050505050505,0.027878787878787878,1.5085199830767982e-05,0.003924964852541172
5004,2.015050505050505,0.033838383838383834,-1.539915863138207e-05,0.004800576493830189
5005,2.015050505050505,0.0397979797979798,-6.937553165359657e-05,0.00569749728366725
5006,2.015050505050505,0.045757575757575754,-2.910951679637004e-05,0.00651224804413371
5007,2.015050505050505,0.05171717171717172,-2.018956059026087e-05,0.007370804205234311
5008,2.015050505050505,0.05767676767676767,0.00015245113537864553,0.008328560340548212
5009,2.015050505050505,0.06363636363636363,1.8946771787015537e-05,0.009139547942719692
5010,2.015050505050505,0.06959595959595959,-4.172710448425887e-06,0.009969031639614526
5011,2.015050505050505,0.07555555555555554,-2.268318764713485e-05,0.010691845917721089
5012,2.015050505050505,0.0815151515151515,0.00013586202044170483,0.011547534697594645
5013,2.015050505050505,0.08747474747474746,-8.075301322527334e-05,0.012543053493698051
5014,2.015050505050505,0.09343434343434343,0.00020392235334433986,0.01323728109806961
5015,2.015050505050505,0.09939393939393938,0.0002591866832223478,0.01427613809393697
5016,2.015050505050505,0.10535353535353534,2.1284030027266197e-05,0.014858507763697779
5017,2.015050505050505,0.1113131313131313,-1.3350105789815958e-05,0.015996881937016368
5018,2.015050505050505,0.11727272727272725,0.00011628076344290867,0.01695593020359335
5019,2.015050505050505,0.12323232323232322,-2.6070896009298626e-05,0.017625689847659786
5020,2.015050505050505,0.1291919191919192,-2.4692263480660148e-05,0.018676477770486387
5021,2.015050505050505,0.13515151515151513,7.80639618561045e-05,0.019408526036500128
5022,2.015050505050505,0.1411111111111111,-4.34322403730306e-05,0.0200595642568278
5023,2.015050505050505,0.14707070707070707,-8.013665965250278e-05,0.021377753602014066
5024,2.015050505050505,0.15303030303030302,-0.00022021356160757764,0.02188624785103457
5025,2.015050505050505,0.158989898989899,-0.0001688674810352098,0.023272827202916374
5026,2.015050505050505,0.16494949494949493,-0.00035495457552693654,0.023417256983220763
5027,2.015050505050505,0.1709090909090909,-0.00016108589392511684,0.024595601043397915
5028,2.015050505050505,0.17686868686868687,4.132309058629109e-05,0.02569583622886266
5029,2.015050505050505,0.1828282828282828,2.062379079287834e-05,0.025762363826848024
5030,2.015050505050505,0.18878787878787878,-7.459119656349236e-05,0.026894657256995764
5031,2.015050505050505,0.19474747474747472,-0.00021023433547896487,0.0279892290510992
5032,2.015050505050505,0.2007070707070707,0.00040789769577409665,0.028639927694902513
5033,2.015050505050505,0.20666666666666667,-0.00042413177665931033,0.0295619327784447
5034,2.015050505050505,0.2126262626262626,0.00031325516591061204,0.030543629787073312
5035,2.015050505050505,0.21858585858585858,-0.0003451063467390756,0.031229249936697956
5036,2.015050505050505,0.22454545454545452,-0.00017324945581208246,0.03253721927943167
5037,2.015050505050505,0.2305050505050505,-5.553599196744645e-05,0.03276397868930252
5038,2.015050505050505,0.23646464646464646,0.0004128552936951959,0.034128665092959413
5039,2.015050505050505,0.2424242424242424,0.00019071567120777357,0.03481555101926906
5040,2.015050505050505,0.24838383838383837,0.0007107243989518689,0.03589949876185166
5041,2.015050505050505,0.2543434343434343,0.0002834025052193445,0.036670685865666526
5042,2.015050505050505,0.26030303030303026,0.00014049613976440295,0.03734343507783329
5043,2.015050505050505,0.26626262626262626,0.00014834327085246776,0.03814351149868468
5044,2.015050505050505,0.2722222222222222,-7.33793992665603e-05,0.03882757803771694
5045,2.015050505050505,0.27818181818181814,-0.0003783101544332422,0.039441543055640384
5046,2.015050505050505,0.28414141414141414,-0.0008164838010478627,0.04047161223309798
5047,2.015050505050505,0.2901010101010101,-0.00010426076065949636,0.041856257335461486
5048,2.015050505050505,0.296060606060606,0.0005567889212021201,0.04278676264412319
5049,2.015050505050505,0.302020202020202,0.00014414634456361904,0.04370973695140049
5050,2.015050505050505,0.30797979797979796,-0.00020674718019997041,0.044085007268639
5051,2.015050505050505,0.3139393939393939,0.0002083944510673496,0.044779440078898884
5052,2.015050505050505,0.31989898989898985,0.00043862934997838926,0.04586188477039819
5053,2.015050505050505,0.32585858585858585,0.0003710353117479274,0.046902057614169664
5054,2.015050505050505,0.3318181818181818,-0.00030011745526129744,0.047971551830167034
5055,2.015050505050505,0.33777777777777773,0.0008686056386124408,0.04901752658097604
5056,2.015050505050505,0.34373737373737373,-0.00040428536370101966,0.04963968520344997
5057,2.015050505050505,0.3496969696969697,-0.00018198707954617034,0.05037401811194929
5058,2.015050505050505,0.3556565656565656,5.65730204206349e-05,0.05158409644409424
5059,2.015050505050505,0.3616161616161616,-0.0002596281789395875,0.05194599945834875
5060,2.015050505050505,0.36757575757575756,-0.0006477795382799027,0.05237492593164556
5061,2.015050505050505,0.3735353535353535,0.0007695555696056681,0.053557486234988405
5062,2.015050505050505,0.37949494949494944,0.001013464226096681,0.05504969454239668
5063,2.015050505050505,0.38545454545454544,0.0002126777616835052,0.05577802746471567
5064,2.015050505050505,0.3914141414141414,0.0008040926985364862,0.05632344735480807
5065,2.015050505050505,0.3973737373737373,-0.0011244756166579033,0.05707352264582292
5066,2.015050505050505,0.4033333333333333,-0.0002281205270776732,0.05850069266517534
5067,2.015050505050505,0.40929292929292926,-0.0010643026096236923,0.058769309210297174
5068,2.015050505050505,0.4152525252525252,0.0003829145346068429,0.06004353631660494
5069,2.015050505050505,0.42121212121212115,0.00020951976630185617,0.0605331277601056
5070,2.015050505050505,0.42717171717171715,8.887569981580193e-05,0.06162472437793633
5071,2.015050505050505,0.4331313131313131,0.00017685390381839253,0.06240020986556126
5072,2.015050505050505,0.43909090909090903,0.0012017385692715016,0.06322795214584069
5073,2.015050505050505,0.44505050505050503,0.0007871112729108309,0.06456516503519195
5074,2.015050505050505,0.45101010101010097,0.0008597795330486645,0.06518751629895665
5075,2.015050505050505,0.4569696969696969,0.0003216264526263185,0.06548167291890714
5076,2.015050505050505,0.4629292929292929,-0.0010861600300821465,0.06714722100308934
5077,2.015050505050505,0.46888888888888886,7.729456960551611e-05,0.06775386380234519
5078,2.015050505050505,0.4748484848484848,-0.00033879394391864024,0.06812082273164069
5079,2.015050505050505,0.48080808080808074,-0.0002032425515174769,0.06924204698197653
5080,2.015050505050505,0.48676767676767674,0.0009658657712048107,0.07066979921232427
5081,2.015050505050505,0.4927272727272727,0.0002810443271718087,0.07125409290811575
5082,2.015050505050505,0.4986868686868686,-0.0010333357599348037,0.0716863469504169
5083,2.015050505050505,0.5046464646464646,-0.000770271610282496,0.07202706686575558
5084,2.015050505050505,0.5106060606060605,-0.00022853761714932403,0.07372095661482622
5085,2.015050505050505,0.5165656565656566,-5.148572889904276e-05,0.0752414174978893
5086,2.015050505050505,0.5225252525252525,-0.001123086266542382,0.0741873971985123
5087,2.015050505050505,0.5284848484848484,0.0005518132715037787,0.07622244230305347
5088,2.015050505050505,0.5344444444444444,-0.000782243328269688,0.07794405287645985
5089,2.015050505050505,0.5404040404040403,0.0006918151377162054,0.07796619814606043
5090,2.015050505050505,0.5463636363636363,-0.00029105688310858174,0.07819033201825436
5091,2.015050505050505,0.5523232323232323,0.0015426357409599849,0.07921543613468532
5092,2.015050505050505,0.5582828282828283,0.0006285234793503255,0.08074970848570534
5093,2.015050505050505,0.5642424242424242,-0.00046531424439811675,0.08193488969222897
5094,2.015050505050505,0.5702020202020202,-0.0003997619254181986,0.08330329096844258
5095,2.015050505050505,0.5761616161616161,0.0008124341798252127,0.08282840431331531
5096,2.015050505050505,0.582121212121212,0.0007928474929563439,0.08507819804778259
5097,2.015050505050505,0.588080808080808,0.0006517575840728954,0.0858158129586001
5098,2.015050505050505,0.594040404040404,0.0001313486260149788,0.08537218638576159
5099,2.015050505050505,0.6,0.0011583561704583702,0.08851388315315716
5100,2.035151515151515,0.01,-3.0350980705815445e-05,0.0014648583736906564
5101,2.035151515151515,0.01595959595959596,1.9101432605288715e-05,0.0023511498891492164
5102,2.035151515151515,0.021919191919191918,6.5870139456517096e-06,0.0031919386373409847
5103,2.035151515151515,0.027878787878787878,-7.031043626627143e-06,0.004032382397545697
5104,2.035151515151515,0.033838383838383834,-8.145711123328504e-05,0.004928841481288743
5105,2.035151515151515,0.0397979797979798,-4.9954021356247394e-05,0.005826964308945236
5106,2.035151515151515,0.045757575757575754,2.2195134139955952e-05,0.006671355433057263
5107,2.035151515151515,0.05171717171717172,-3.2381997422669563e-06,0.00752807970779216
5108,2.035151515151515,0.05767676767676767,-4.82632999254401e-05,0.008436059486964879
5109,2.035151515151515,0.06363636363636363,-0.00010629209814492633,0.009286845826704002
5110,2.035151515151515,0.06959595959595959,-4.470184962837157e-05,0.010193325998586232
5111,2.035151515151515,0.07555555555555554,0.0001964819154364175,0.011031360044388368
5112,2.035151515151515,0.0815151515151515,-8.541225061989353e-05,0.011838586817832052
5113,2.035151515151515,0.08747474747474746,-4.6039496591191776e-05,0.012727870573390108
5114,2.035151515151515,0.09343434343434343,-6.760320163716321e-05,0.01358175013373688
5115,2.035151515151515,0.09939393939393938,-2.0251132175435392e-06,0.014557459435196535
5116,2.035151515151515,0.10535353535353534,-8.618947845121815e-05,0.015367425889004378
5117,2.035151515151515,0.1113131313131313,-7.767992257310953e-05,0.016096286789256745
5118,2.035151515151515,0.11727272727272725,0.00012271627387006943,0.01725110373907255
5119,2.035151515151515,0.12323232323232322,-0.0003217021356908194,0.017961308935231242
5120,2.035151515151515,0.1291919191919192,-0.00020440519123832347,0.018765691551998923
5121,2.035151515151515,0.13515151515151513,-1.562616715480717e-05,0.01964954568472748
5122,2.035151515151515,0.1411111111111111,2.347924440605045e-05,0.020899356361069255
5123,2.035151515151515,0.14707070707070707,1.1325628353587147e-05,0.02137072585136012
5124,2.035151515151515,0.15303030303030302,4.712785386254126e-05,0.022128027273748848
5125,2.035151515151515,0.158989898989899,0.00012783417482782822,0.022941166982432478
5126,2.035151515151515,0.16494949494949493,-4.308569815057757e-05,0.02415068476786513
5127,2.035151515151515,0.1709090909090909,0.0003145001942688279,0.02513961172043267
5128,2.035151515151515,0.17686868686868687,0.0001613412798904097,0.025816329738548457
5129,2.035151515151515,0.1828282828282828,-1.7321081553953243e-05,0.02663579009275791
5130,2.035151515151515,0.18878787878787878,8.703523526083269e-05,0.02759343717034563
5131,2.035151515151515,0.19474747474747472,5.712899699295104e-05,0.028552130077067632
5132,2.035151515151515,0.2007070707070707,0.00011794466856301851,0.029354356540811605
5133,2.035151515151515,0.20666666666666667,0.00021049088285676797,0.03042707420047896
5134,2.035151515151515,0.2126262626262626,0.00021998123954099019,0.030992374563613048
5135,2.035151515151515,0.21858585858585858,-0.0008026712607126207,0.031514212775370934
5136,2.035151515151515,0.22454545454545452,0.00018373820725450752,0.03298505348690566
5137,2.035151515151515,0.2305050505050505,-0.00021502230958095488,0.03370709370791066
5138,2.035151515151515,0.23646464646464646,0.00046617322732850824,0.03452954513164417
5139,2.035151515151515,0.2424242424242424,-0.00020381541048039348,0.03554109982660852
5140,2.035151515151515,0.24838383838383837,-0.00040414754074893276,0.035954084894332335
5141,2.035151515151515,0.2543434343434343,0.0005671272763361471,0.03686708479745062
5142,2.035151515151515,0.26030303030303026,-0.0006501631159033522,0.03770264991609048
5143,2.035151515151515,0.26626262626262626,0.00023422340127473933,0.03890719311176016
5144,2.035151515151515,0.2722222222222222,6.644016091145581e-05,0.040204247145279814
5145,2.035151515151515,0.27818181818181814,-0.00020529182897318092,0.04065823733848933
5146,2.035151515151515,0.28414141414141414,-5.654032043537839e-05,0.04111933309310322
5147,2.035151515151515,0.2901010101010101,-0.00037805195302306743,0.04271084752110248
5148,2.035151515151515,0.296060606060606,0.0007672814302635818,0.04310551867963375
5149,2.035151515151515,0.302020202020202,-0.000696646929272542,0.044086948141853835
5150,2.035151515151515,0.30797979797979796,9.98055666180738e-05,0.04512234655466032
5151,2.035151515151515,0.3139393939393939,0.0002349080067490724,0.046497849848014965
5152,2.035151515151515,0.31989898989898985,0.0002677805223000608,0.046610027132081566
5153,2.035151515151515,0.32585858585858585,-0.0007020011454745533,0.047708514463127065
5154,2.035151515151515,0.3318181818181818,0.00018729230981270423,0.04796192029710787
5155,2.035151515151515,0.33777777777777773,0.0006619715220703336,0.049443212753869516
5156,2.035151515151515,0.34373737373737373,0.0005014797144565329,0.05096546026177734
5157,2.035151515151515,0.3496969696969697,-0.00046081558008857293,0.05041904448555969
5158,2.035151515151515,0.3556565656565656,0.00038825577921711157,0.051517709876649935
5159,2.035151515151515,0.3616161616161616,-0.0001076141261529815,0.05345386729329372
5160,2.035151515151515,0.36757575757575756,-0.0001619368951285319,0.05376805458992437
5161,2.035151515151515,0.3735353535353535,0.0005773132613890118,0.05527906059440259
5162,2.035151515151515,0.37949494949494944,-0.0005431041004586439,0.056232614301972336
5163,2.035151515151515,0.38545454545454544,0.00041588469315223645,0.05648099241847172
5164,2.035151515151515,0.3914141414141414,0.00019498837551677793,0.05717047663842276
5165,2.035151515151515,0.3973737373737373,-8.464969851906847e-05,0.05793679002480972
5166,2.035151515151515,0.4033333333333333,0.0004005012534401446,0.05928951181695771
5167,2.035151515151515,0.40929292929292926,0.0003324724617582847,0.05966000087529037
5168,2.035151515151515,0.4152525252525252,-0.0006254929218345714,0.060056737117979146
5169,2.035151515151515,0.42121212121212115,-0.0006801321923749203,0.06136094889295334
5170,2.035151515151515,0.42717171717171715,0.00015679323229076053,0.06273944382355547
5171,2.035151515151515,0.4331313131313131,0.0008533051484682251,0.06437200676860773
5172,2.035151515151515,0.43909090909090903,-0.00025287725756958636,0.06416918795902925
5173,2.035151515151515,0.44505050505050503,0.00012397767365469973,0.06493647383445943
5174,2.035151515151515,0.45101010101010097,-0.0003018626291467565,0.06613333447741196
5175,2.035151515151515,0.4569696969696969,0.0006988639434232129,0.0670088518713733
5176,2.035151515151515,0.4629292929292929,0.0009347159587273445,0.06938422919856027
5177,2.035151515151515,0.46888888888888886,-0.00010262113154083341,0.06947605401804956
5178,2.035151515151515,0.4748484848484848,-0.0003745995340034119,0.07042388812945564
5179,2.035151515151515,0.48080808080808074,0.0002909016928333167,0.07029472148531589
5180,2.035151515151515,0.48676767676767674,-0.0011096857841065148,0.07155676006806132
5181,2.035151515151515,0.4927272727272727,-0.000704079109992338,0.07308318506482396
5182,2.035151515151515,0.4986868686868686,-0.0003806593922314105,0.07402541126500141
5183,2.035151515151515,0.5046464646464646,-0.0005365983900302377,0.07443470601201167
5184,2.035151515151515,0.5106060606060605,0.0006949145698156273,0.07686268743076927
5185,2.035151515151515,0.5165656565656566,9.010150717032316e-05,0.07565632340511957
5186,2.035151515151515,0.5225252525252525,-0.0003100576668956341,0.07672821334992465
5187,2.035151515151515,0.5284848484848484,0.00012818700083578238,0.07870769436005283
5188,2.035151515151515,0.5344444444444444,-6.446094480990759e-05,0.07863929725800652
5189,2.035151515151515,0.5404040404040403,-0.00018964867551914867,0.07946208888770027
5190,2.035151515151515,0.5463636363636363,0.000827520406493082,0.08071463038938079
5191,2.035151515151515,0.5523232323232323,0.0003572627563972444,0.08112258627228548
5192,2.035151515151515,0.5582828282828283,-0.000916860863934496,0.08206817204671688
5193,2.035151515151515,0.5642424242424242,-0.0010977666478264243,0.08247904633886148
5194,2.035151515151515,0.5702020202020202,4.8016226967709176e-05,0.08514730056479565
5195,2.035151515151515,0.5761616161616161,0.0004956470315386871,0.08506996554386465
5196,2.035151515151515,0.582121212121212,0.001334179351117642,0.08574180841464453
5197,2.035151515151515,0.588080808080808,0.0010324282057324256,0.08716189009694339
5198,2.035151515151515,0.594040404040404,-3.711088024536808e-05,0.08839114020873451
5199,2.035151515151515,0.6,0.0008345664267378683,0.08994237673563873
5200,2.0552525252525253,0.01,-2.130492702205915e-05,0.001485986495171268
5201,2.0552525252525253,0.01595959595959596,-1.5511298245934224e-06,0.002345928686728885
5202,2.0552525252525253,0.021919191919191918,3.634903807748099e-05,0.0032654364097912687
5203,2.0552525252525253,0.027878787878787878,-3.6951468249222266e-05,0.004161153255591017
5204,2.0552525252525253,0.033838383838383834,-2.360518155744371e-05,0.0050044821583232115
5205,2.0552525252525253,0.0397979797979798,-5.54111029939244e-05,0.0058906910565455035
5206,2.0552525252525253,0.045757575757575754,-3.764398748265052e-05,0.006808000571227042
5207,2.0552525252525253,0.05171717171717172,-7.484763567040437e-05,0.007778769624724504
5208,2.0552525252525253,0.05767676767676767,-9.399941297389451e-05,0.008481872942605193
5209,2.0552525252525253,0.06363636363636363,-7.162936260660878e-05,0.009334158536614153
5210,2.0552525252525253,0.06959595959595959,0.00013546795931762686,0.010354915748663563
5211,2.0552525252525253,0.07555555555555554,-7.820050119854902e-05,0.011238496724443573
5212,2.0552525252525253,0.0815151515151515,-0.00012177942572121874,0.012135600672551393
5213,2.0552525252525253,0.08747474747474746,-7.887796130030455e-06,0.01306859713215087
5214,2.0552525252525253,0.09343434343434343,0.0002581970040554854,0.0139199157505036
5215,2.0552525252525253,0.09939393939393938,8.309137262253152e-06,0.014669289173697473
5216,2.0552525252525253,0.10535353535353534,2.207721497242514e-05,0.015505964155698947
5217,2.0552525252525253,0.1113131313131313,-0.00014596949164421506,0.016467154467599894
5218,2.0552525252525253,0.11727272727272725,-4.218120861815031e-05,0.017375041368461117
5219,2.0552525252525253,0.12323232323232322,0.00031485643717908733,0.018231187442436632
5220,2.0552525252525253,0.1291919191919192,0.00011628695990226887,0.019181904746134883
5221,2.0552525252525253,0.13515151515151513,-9.741623163735222e-05,0.020006923620307284
5222,2.0552525252525253,0.1411111111111111,0.00019371364062769866,0.021106386473008405
5223,2.0552525252525253,0.14707070707070707,0.00028057853676353653,0.02181029281384661
5224,2.0552525252525253,0.15303030303030302,-0.00030010617829359155,0.022468045234239165
5225,2.0552525252525253,0.158989898989899,-0.00019342238332442635,0.02375865919190595
5226,2.0552525252525253,0.16494949494949493,2.4105953670979274e-05,0.024418730226841216
5227,2.0552525252525253,0.1709090909090909,-3.4859818380420024e-05,0.02539425828200401
5228,2.0552525252525253,0.17686868686868687,0.00020468729790681602,0.026401215019200945
5229,2.0552525252525253,0.1828282828282828,-0.0001467933275716689,0.02719494447328868
5230,2.0552525252525253,0.18878787878787878,2.5550269550671457e-05,0.028012768943332
5231,2.0552525252525253,0.19474747474747472,1.8895143015783367e-05,0.029300022950485737
5232,2.0552525252525253,0.2007070707070707,0.00010270630647965085,0.029697339377921825
5233,2.0552525252525253,0.20666666666666667,0.0005748833689475871,0.03088380546025172
5234,2.0552525252525253,0.2126262626262626,0.00020827622680578717,0.03125501732171284
5235,2.0552525252525253,0.21858585858585858,-3.59963143390843e-05,0.03265477991640024
5236,2.0552525252525253,0.22454545454545452,0.0002624593791402952,0.033564371912091565
5237,2.0552525252525253,0.2305050505050505,-7.824203572752058e-05,0.034279949889218314
5238,2.0552525252525253,0.23646464646464646,0.000601759499011102,0.03525312731524049
5239,2.0552525252525253,0.2424242424242424,-3.461459381066451e-05,0.036378548078442915
5240,2.0552525252525253,0.24838383838383837,-0.00031991933249202675,0.03740823240800016
5241,2.0552525252525253,0.2543434343434343,4.655853706763182e-05,0.037792708310712374
5242,2.0552525252525253,0.26030303030303026,-0.0003950678380852025,0.03843358435436989
5243,2.0552525252525253,0.26626262626262626,-0.00041633477914677626,0.03987365451287203
5244,2.0552525252525253,0.2722222222222222,-0.00016896891835908322,0.04043533108245094
5245,2.0552525252525253,0.27818181818181814,0.00013724109079214406,0.0412339935694567
5246,2.0552525252525253,0.28414141414141414,-4.7292344371068215e-05,0.04225962199064787
5247,2.0552525252525253,0.2901010101010101,4.261122847432748e-05,0.04329081526227642
5248,2.0552525252525253,0.296060606060606,-0.0003798766774277086,0.0442352247195172
5249,2.0552525252525253,0.302020202020202,0.0008410512480642407,0.04554755608112827
5250,2.0552525252525253,0.30797979797979796,-0.00021327512266152739,0.046160814774678316
5251,2.0552525252525253,0.3139393939393939,3.314100746953459e-05,0.04655846139970053
5252,2.0552525252525253,0.31989898989898985,-0.000709339947187239,0.04752186912325478
5253,2.0552525252525253,0.32585858585858585,0.00021498778662858994,0.04856584044307857
5254,2.0552525252525253,0.3318181818181818,0.00039124416163400323,0.05002774233726387
5255,2.0552525252525253,0.33777777777777773,-0.0010387647212205082,0.049898477969479445
5256,2.0552525252525253,0.34373737373737373,0.0007472391594240564,0.051513529536197825
5257,2.0552525252525253,0.3496969696969697,-0.0005517978065430609,0.05256365332096676
5258,2.0552525252525253,0.3556565656565656,0.0001674729459008017,0.053741952916235985
5259,2.0552525252525253,0.3616161616161616,0.00010345344482554131,0.05340818915678605
5260,2.0552525252525253,0.36757575757575756,0.0002799880813444357,0.05511159554947998
5261,2.0552525252525253,0.3735353535353535,2.2596829721331435e-05,0.055075737256909514
5262,2.0552525252525253,0.37949494949494944,0.001178945328584012,0.05671673006472266
5263,2.0552525252525253,0.38545454545454544,-0.0012347634468712787,0.0573829239210921
5264,2.0552525252525253,0.3914141414141414,-0.00031230642248633133,0.05908556588520965
5265,2.0552525252525253,0.3973737373737373,-0.00014867356844580078,0.060176384973070596
5266,2.0552525252525253,0.4033333333333333,-0.0007777628948150982,0.05959718867467947
5267,2.0552525252525253,0.40929292929292926,-0.00036051695306691317,0.06197699223511979
5268,2.0552525252525253,0.4152525252525252,0.0005012735698983384,0.06226882024463013
5269,2.0552525252525253,0.42121212121212115,0.0010855411241134443,0.06387585322066668
5270,2.0552525252525253,0.42717171717171715,-0.0005948328542283226,0.06368843811366637
5271,2.0552525252525253,0.4331313131313131,0.00047150272617708434,0.06536596818983668
5272,2.0552525252525253,0.43909090909090903,-0.0007744367982374462,0.0647144807355466
5273,2.0552525252525253,0.44505050505050503,0.00029784267805525353,0.06687578606884573
5274,2.0552525252525253,0.45101010101010097,-0.0003891908075357521,0.06818707561359583
5275,2.0552525252525253,0.4569696969696969,0.00017163098805638265,0.0679327149424291
5276,2.0552525252525253,0.4629292929292929,-0.0016677407214235923,0.06859130338713504
5277,2.0552525252525253,0.46888888888888886,0.0002375732571161351,0.06912012128717232
5278,2.0552525252525253,0.4748484848484848,0.00013289993260693953,0.07068616910591671
5279,2.0552525252525253,0.48080808080808074,0.0007434945802073332,0.0729795962281846
5280,2.0552525252525253,0.48676767676767674,-0.00038977826254459904,0.0733176740884169
5281,2.0552525252525253,0.4927272727272727,0.001620726863710697,0.07474307593038816
5282,2.0552525252525253,0.4986868686868686,-0.0010750518807808975,0.07447375655449448
5283,2.0552525252525253,0.5046464646464646,0.00039550082861658183,0.07604489312687286
5284,2.0552525252525253,0.5106060606060605,0.000409488306465917,0.07709859357440771
5285,2.0552525252525253,0.5165656565656566,-1.8326881546395946e-06,0.07807991947619505
5286,2.0552525252525253,0.5225252525252525,-0.00042442948435415106,0.07789164629293929
5287,2.0552525252525253,0.5284848484848484,0.0010156563776773833,0.07947652179013091
5288,2.0552525252525253,0.5344444444444444,0.001115010143393852,0.07969090225806914
5289,2.0552525252525253,0.5404040404040403,0.00014525561174628322,0.08032395741260959
5290,2.0552525252525253,0.5463636363636363,-0.001496433025886223,0.08129665632364622
5291,2.0552525252525253,0.5523232323232323,-8.03132909582357e-05,0.08214457387000725
5292,2.0552525252525253,0.5582828282828283,0.0008318765475207588,0.08390878302543174
5293,2.0552525252525253,0.5642424242424242,-0.001019350090067475,0.08437633300958253
5294,2.0552525252525253,0.5702020202020202,-0.00036017023772058046,0.0854365964835656
5295,2.0552525252525253,0.5761616161616161,0.0009534112000211473,0.08752982530691694
5296,2.0552525252525253,0.582121212121212,0.0009618514393680499,0.08725253419363807
5297,2.0552525252525253,0.588080808080808,0.0004383385612849269,0.08951796179748359
5298,2.0552525252525253,0.594040404040404,0.0005288915950560124,0.08902117195724456
5299,2.0552525252525253,0.6,0.00034926237084702066,0.09083232998756677
5300,2.0753535353535355,0.01,-7.634970889418557e-08,0.001515420960218456
5301,2.0753535353535355,0.01595959595959596,1.0094449204948409e-05,0.0024111460050608865
5302,2.0753535353535355,0.021919191919191918,4.4572747276197776e-05,0.0033403439482291384
5303,2.0753535353535355,0.027878787878787878,-2.77279129794597e-05,0.004208622475569736
5304,2.0753535353535355,0.033838383838383834,6.322671059167912e-05,0.005109799837367959
5305,2.0753535353535355,0.0397979797979798,4.720041730629786e-05,0.006010597768198781
5306,2.0753535353535355,0.045757575757575754,1.128207758838643e-05,0.006878882670711299
5307,2.0753535353535355,0.05171717171717172,-6.752623342950786e-05,0.007769747094923777
5308,2.0753535353535355,0.05767676767676767,-5.764579454450992e-05,0.00879950693649113
5309,2.0753535353535355,0.06363636363636363,-0.00011319327344800234,0.009621711456521713
5310,2.0753535353535355,0.06959595959595959,-4.970958708088219e-05,0.010469233370467231
5311,2.0753535353535355,0.07555555555555554,-0.0001386664053692063,0.011401450907397128
5312,2.0753535353535355,0.0815151515151515,1.5448542790152575e-05,0.012393887796517447
5313,2.0753535353535355,0.08747474747474746,-4.763669189382882e-05,0.013387493605405521
5314,2.0753535353535355,0.09343434343434343,-0.00021355157277759017,0.014211079191701005
5315,2.0753535353535355,0.09939393939393938,0.00011206675071504702,0.015052974343056332
5316,2.0753535353535355,0.10535353535353534,-0.00016461373036729014,0.015855181930974096
5317,2.0753535353535355,0.1113131313131313,0.0001366606181150432,0.016964654645790216
5318,2.0753535353535355,0.11727272727272725,-8.132321020153282e-05,0.01782668180844138
5319,2.0753535353535355,0.12323232323232322,9.942983260435601e-05,0.018491711959624842
5320,2.0753535353535355,0.1291919191919192,0.00013564124438026725,0.019568816310880484
5321,2.0753535353535355,0.13515151515151513,-0.0001475532563013823,0.020596385804008636
5322,2.0753535353535355,0.1411111111111111,-0.00017590852697499192,0.021576135266501185
5323,2.0753535353535355,0.14707070707070707,0.0002922809329171445,0.022232820978729834
5324,2.0753535353535355,0.15303030303030302,0.00011636542934253811,0.023316316993373006
5325,2.0753535353535355,0.158989898989899,0.00013411541041949556,0.02419772367342045
5326,2.0753535353535355,0.16494949494949493,0.00014078386558106772,0.025049191671701384
5327,2.0753535353535355,0.1709090909090909,-0.00014904530330957043,0.026104593099705756
5328,2.0753535353535355,0.17686868686868687,8.908438140701158e-05,0.02655133132362125
5329,2.0753535353535355,0.1828282828282828,-2.3838815164798643e-05,0.02752288013523156
5330,2.0753535353535355,0.18878787878787878,3.044016856687859e-06,0.028231073866539856
5331,2.0753535353535355,0.19474747474747472,-0.00034306072571331346,0.029479777675363233
5332,2.0753535353535355,0.2007070707070707,-0.00013319586757389195,0.030405758015844383
5333,2.0753535353535355,0.20666666666666667,1.072921647950067e-05,0.03162969876263709
5334,2.0753535353535355,0.2126262626262626,0.0006154602545843797,0.0326017660370584
5335,2.0753535353535355,0.21858585858585858,-0.00022221175735554502,0.033533016999481316
5336,2.0753535353535355,0.22454545454545452,-0.0006345876909391384,0.0340081847337452
5337,2.0753535353535355,0.2305050505050505,0.0002240794826299398,0.03555616308132186
5338,2.0753535353535355,0.23646464646464646,-9.94199500842245e-05,0.03606807320769106
5339,2.0753535353535355,0.2424242424242424,-8.481144396806744e-05,0.036537138961781096
5340,2.0753535353535355,0.24838383838383837,8.419751415217923e-05,0.038020578748681574
5341,2.0753535353535355,0.2543434343434343,0.0005845526346116604,0.038516681663662025
5342,2.0753535353535355,0.26030303030303026,-1.626161186457058e-05,0.039736832130734166
5343,2.0753535353535355,0.26626262626262626,-0.0003813309336281846,0.0402240981484044
5344,2.0753535353535355,0.2722222222222222,-0.0007561914024253834,0.040773102970449275
5345,2.0753535353535355,0.27818181818181814,-0.000153423699791871,0.04246340853226537
5346,2.0753535353535355,0.28414141414141414,-6.516591567514314e-05,0.04294524133167151
5347,2.0753535353535355,0.2901010101010101,-0.00022546959140360266,0.04418211764935269
5348,2.0753535353535355,0.296060606060606,0.0004192724354253814,0.04532624980471959
5349,2.0753535353535355,0.302020202020202,-3.952339577153068e-05,0.04588762925811946
5350,2.0753535353535355,0.30797979797979796,-1.783604569100421e-05,0.04670472372106229
5351,2.0753535353535355,0.3139393939393939,8.161566488603693e-05,0.047448305457060365
5352,2.0753535353535355,0.31989898989898985,-0.001134293065011655,0.04815547321050821
5353,2.0753535353535355,0.32585858585858585,0.0007906162813329012,0.05002257192781137
5354,2.0753535353535355,0.3318181818181818,0.0004531076624433506,0.05127620736602304
5355,2.0753535353535355,0.33777777777777773,0.0006215929378841327,0.05155501768218412
5356,2.0753535353535355,0.34373737373737373,-0.00016475128776462507,0.052410605671791705
5357,2.0753535353535355,0.3496969696969697,0.0004225386161345158,0.05345679724389141
5358,2.0753535353535355,0.3556565656565656,0.00024175075854842234,0.054072988854958995
5359,2.0753535353535355,0.3616161616161616,-0.0004671145857311453,0.05536451568927049
5360,2.0753535353535355,0.36757575757575756,0.00034312407085008236,0.05633209555744059
5361,2.0753535353535355,0.3735353535353535,0.0006075320748134402,0.0575699964157667
5362,2.0753535353535355,0.37949494949494944,-0.00025700235800349793,0.05678143499081748
5363,2.0753535353535355,0.38545454545454544,0.0001391015171886327,0.05843480899172791
5364,2.0753535353535355,0.3914141414141414,-0.001310100317135268,0.059782006777388784
5365,2.0753535353535355,0.3973737373737373,0.00030576208007811493,0.060833014357289335
5366,2.0753535353535355,0.4033333333333333,-0.0008734473160560314,0.061578071952466944
5367,2.0753535353535355,0.40929292929292926,0.0003915025392096761,0.06272055992017535
5368,2.0753535353535355,0.4152525252525252,0.0003916482239177846,0.06338995839384652
5369,2.0753535353535355,0.42121212121212115,0.0007259504849350256,0.06539038302582464
5370,2.0753535353535355,0.42717171717171715,0.0003727329120901333,0.06517048213490706
5371,2.0753535353535355,0.4331313131313131,-0.0002629764068618186,0.06589973723687137
5372,2.0753535353535355,0.43909090909090903,-4.38033102545532e-07,0.06736087726451423
5373,2.0753535353535355,0.44505050505050503,-0.0006447137273179196,0.06768150550068397
5374,2.0753535353535355,0.45101010101010097,-0.0009498613757437778,0.06785899874133909
5375,2.0753535353535355,0.4569696969696969,0.000692623214425221,0.07146740430474108
5376,2.0753535353535355,0.4629292929292929,0.000120992616009553,0.07081242273998371
5377,2.0753535353535355,0.46888888888888886,-2.478954118261436e-05,0.0720435417263179
5378,2.0753535353535355,0.4748484848484848,-0.000865639592803887,0.0718882228274611
5379,2.0753535353535355,0.48080808080808074,-4.996904276535288e-05,0.07386988625716669
5380,2.0753535353535355,0.48676767676767674,-0.0011231988240700801,0.07548620521084219
5381,2.0753535353535355,0.4927272727272727,0.0008192353477826403,0.07593771386604964
5382,2.0753535353535355,0.4986868686868686,0.0011219421809949125,0.07643093404209972
5383,2.0753535353535355,0.5046464646464646,0.0004534998436885193,0.07778058746664997
5384,2.0753535353535355,0.5106060606060605,0.0002221253113936397,0.07791381601538869
5385,2.0753535353535355,0.5165656565656566,5.2308744187813174e-05,0.07799740791434519
5386,2.0753535353535355,0.5225252525252525,-0.0001843733155889751,0.08051843703201934
5387,2.0753535353535355,0.5284848484848484,0.0015240858951331238,0.08154003581661708
5388,2.0753535353535355,0.5344444444444444,0.0011973162508255517,0.08206161992041884
5389,2.0753535353535355,0.5404040404040403,0.000445242774007691,0.08215156738998576
5390,2.0753535353535355,0.5463636363636363,0.0008039030069706932,0.08489870524852351
5391,2.0753535353535355,0.5523232323232323,0.0006587216383562813,0.08337856975662183
5392,2.0753535353535355,0.5582828282828283,0.001367777508129798,0.08618460234844944
5393,2.0753535353535355,0.5642424242424242,0.0012342698935712605,0.08630251638877807
5394,2.0753535353535355,0.5702020202020202,0.001019824243123879,0.08696458095595781
5395,2.0753535353535355,0.5761616161616161,-0.0003258459948025493,0.08886139210170169
5396,2.0753535353535355,0.582121212121212,-0.0003545309152483086,0.09086687034589339
5397,2.0753535353535355,0.588080808080808,-0.0003018995213241781,0.08907537118478072
5398,2.0753535353535355,0.594040404040404,-0.00031721940688010777,0.09161074296977327
5399,2.0753535353535355,0.6,0.0008045715681023612,0.0916541234394429
5400,2.0954545454545457,0.01,-1.633930021018004e-05,0.0015586144044208708
5401,2.0954545454545457,0.01595959595959596,1.7652675554761287e-05,0.0024619526650564087
5402,2.0954545454545457,0.021919191919191918,-7.912635213015795e-06,0.0033351431146979855
5403,2.0954545454545457,0.027878787878787878,-4.369660596015107e-05,0.004325445064581027
5404,2.0954545454545457,0.033838383838383834,5.045865220113488e-06,0.005211770626665911
5405,2.0954545454545457,0.0397979797979798,0.00010101223447904877,0.0062777431472108075
5406,2.0954545454545457,0.045757575757575754,-5.096422676652963e-05,0.007062049289516468
5407,2.0954545454545457,0.05171717171717172,6.646040113261623e-05,0.0080300582040946
5408,2.0954545454545457,0.05767676767676767,-0.00012600419152027724,0.008797534142613401
5409,2.0954545454545457,0.06363636363636363,-9.73393409383294e-05,0.009806232453738498
5410,2.0954545454545457,0.06959595959595959,-1.962670589202239e-05,0.010874241314113272
5411,2.0954545454545457,0.07555555555555554,-1.0599457225545483e-05,0.011605282799704878
5412,2.0954545454545457,0.0815151515151515,-9.49849198643576e-05,0.012544343003887442
5413,2.0954545454545457,0.08747474747474746,0.000129541250117826,0.013369699838576703
5414,2.0954545454545457,0.09343434343434343,5.016106192537047e-05,0.01442386217605639
5415,2.0954545454545457,0.09939393939393938,-4.614295426640725e-05,0.015340754018458492
5416,2.0954545454545457,0.10535353535353534,0.00012614187865969776,0.01622606573512599
5417,2.0954545454545457,0.1113131313131313,7.510397699060828e-05,0.01730402850848042
5418,2.0954545454545457,0.11727272727272725,0.0005137957993725733,0.018114617471691005
5419,2.0954545454545457,0.12323232323232322,0.00010789523162740862,0.019072352936472636
5420,2.0954545454545457,0.1291919191919192,0.00027031417372737327,0.019741712632939872
5421,2.0954545454545457,0.13515151515151513,0.0003016451886538567,0.02082747794879333
5422,2.0954545454545457,0.1411111111111111,7.766973918878168e-05,0.021758391226302104
5423,2.0954545454545457,0.14707070707070707,-0.00012378733773982752,0.02255565433801675
5424,2.0954545454545457,0.15303030303030302,-3.0966831739742683e-07,0.02352741279093047
5425,2.0954545454545457,0.158989898989899,-5.4779090596652805e-05,0.024641868705046525
5426,2.0954545454545457,0.16494949494949493,-0.00045392237457110926,0.025557782951772832
5427,2.0954545454545457,0.1709090909090909,-0.0005900118826013324,0.026158481537365795
5428,2.0954545454545457,0.17686868686868687,0.00031373892963589033,0.02736377281703803
5429,2.0954545454545457,0.1828282828282828,-0.00019063437547192148,0.028351195945317133
5430,2.0954545454545457,0.18878787878787878,0.0006272786085642205,0.02911385416878721
5431,2.0954545454545457,0.19474747474747472,-0.0003790773831441287,0.03027472187219162
5432,2.0954545454545457,0.2007070707070707,-0.0002692025685873249,0.030669420705502
5433,2.0954545454545457,0.20666666666666667,0.00020181494059943713,0.03204552427237352
5434,2.0954545454545457,0.2126262626262626,-0.0005073930286049717,0.032879103295308854
5435,2.0954545454545457,0.21858585858585858,-0.0003986219229564398,0.033741891393137664
5436,2.0954545454545457,0.22454545454545452,-0.00032477753616048694,0.03462635754794982
5437,2.0954545454545457,0.2305050505050505,0.0004690305033342582,0.035660173910258545
5438,2.0954545454545457,0.23646464646464646,-0.00039045152773482117,0.03614930045214779
5439,2.0954545454545457,0.2424242424242424,-0.00031948189281590816,0.03760684665738837
5440,2.0954545454545457,0.24838383838383837,0.0006369954600177545,0.03870115769303738
5441,2.0954545454545457,0.2543434343434343,-8.403232843389054e-05,0.039272113586410806
5442,2.0954545454545457,0.26030303030303026,7.562312495640704e-05,0.04051870801800134
5443,2.0954545454545457,0.26626262626262626,0.00023367053487362085,0.04169652044511922
5444,2.0954545454545457,0.2722222222222222,-4.125116405616103e-06,0.04196577033482606
5445,2.0954545454545457,0.27818181818181814,-0.00024567079803605133,0.04281638466227346
5446,2.0954545454545457,0.28414141414141414,0.0004201619232512974,0.0444422425652991
5447,2.0954545454545457,0.2901010101010101,0.0002162167537276685,0.04501342649568823
5448,2.0954545454545457,0.296060606060606,0.00036435052505386653,0.04542431071161415
5449,2.0954545454545457,0.302020202020202,0.0008181365980707994,0.046852750853255895
5450,2.0954545454545457,0.30797979797979796,0.000828298488325439,0.04828613705418304
5451,2.0954545454545457,0.3139393939393939,-0.00028321925046685524,0.048892075443123524
5452,2.0954545454545457,0.31989898989898985,0.0006545087041048621,0.050157386696938096
5453,2.0954545454545457,0.32585858585858585,-0.00034302333777674036,0.05072377134212345
5454,2.0954545454545457,0.3318181818181818,-0.0010838851446011652,0.050915298345222564
5455,2.0954545454545457,0.33777777777777773,0.00036728917998520423,0.05252975046801828
5456,2.0954545454545457,0.34373737373737373,0.00019295286619278292,0.05384034789479108
5457,2.0954545454545457,0.3496969696969697,8.710804548202145e-06,0.05395642075817265
5458,2.0954545454545457,0.3556565656565656,-0.00014811456354909554,0.055418695490215185
5459,2.0954545454545457,0.3616161616161616,1.9624400046417678e-05,0.05660142579209953
5460,2.0954545454545457,0.36757575757575756,-0.0006528386359505306,0.05778695147368346
5461,2.0954545454545457,0.3735353535353535,1.5142155227247489e-05,0.05908385636206749
5462,2.0954545454545457,0.37949494949494944,0.0005084669533215649,0.058953691753749156
5463,2.0954545454545457,0.38545454545454544,-0.0004756507938054463,0.05939281713531963
5464,2.0954545454545457,0.3914141414141414,-0.0003069845946952324,0.060000815767080634
5465,2.0954545454545457,0.3973737373737373,-0.00026036485138079455,0.06121251696953602
5466,2.0954545454545457,0.4033333333333333,-0.0009903413624037971,0.0626633776138175
5467,2.0954545454545457,0.40929292929292926,7.1184799478692e-05,0.06383510731617838
5468,2.0954545454545457,0.4152525252525252,-0.0008777506935384807,0.06404874873453742
5469,2.0954545454545457,0.42121212121212115,-0.000344398287652738,0.06563067114005353
5470,2.0954545454545457,0.42717171717171715,-1.5092666557945033e-05,0.06651465923501312
5471,2.0954545454545457,0.4331313131313131,-3.075706601523558e-05,0.06738448729411632
5472,2.0954545454545457,0.43909090909090903,-0.0006349136049162667,0.06816281260542427
5473,2.0954545454545457,0.44505050505050503,-1.770883734062232e-05,0.06916178569142763
5474,2.0954545454545457,0.45101010101010097,0.00048723314180947394,0.07011444355847304
5475,2.0954545454545457,0.4569696969696969,0.0004326424268877107,0.0721218812958628
5476,2.0954545454545457,0.4629292929292929,-0.00031999362810931307,0.07186603614305885
5477,2.0954545454545457,0.46888888888888886,-0.0007306782165207705,0.0716217303467241
5478,2.0954545454545457,0.4748484848484848,0.0006457004160375744,0.07381201998065093
5479,2.0954545454545457,0.48080808080808074,0.0005287490102561835,0.0761715061033264
5480,2.0954545454545457,0.48676767676767674,-9.459193381517199e-05,0.07557465064660022
5481,2.0954545454545457,0.4927272727272727,-0.000770168541985908,0.07625724546633021
5482,2.0954545454545457,0.4986868686868686,-0.0005077171995851102,0.07717914096299117
5483,2.0954545454545457,0.5046464646464646,-0.0009206493911664402,0.07883584034484299
5484,2.0954545454545457,0.5106060606060605,0.0012388225932402851,0.08037826193637473
5485,2.0954545454545457,0.5165656565656566,-0.00020358191601896726,0.08071719815220987
5486,2.0954545454545457,0.5225252525252525,-2.5600307577117664e-05,0.08102193470224736
5487,2.0954545454545457,0.5284848484848484,-0.0011884264787555881,0.08216428793745112
5488,2.0954545454545457,0.5344444444444444,-0.0007178438508146726,0.08341028946718246
5489,2.0954545454545457,0.5404040404040403,0.000982397632755523,0.08533449195127908
5490,2.0954545454545457,0.5463636363636363,0.0006034223975549253,0.0859280723744083
5491,2.0954545454545457,0.5523232323232323,0.0011424899923227357,0.08569014327749566
5492,2.0954545454545457,0.5582828282828283,9.326086016456508e-05,0.08695792721666636
5493,2.0954545454545457,0.5642424242424242,-0.0005960983339045658,0.08823346839800734
5494,2.0954545454545457,0.5702020202020202,-0.0003572975043983877,0.08886158430118374
5495,2.0954545454545457,0.5761616161616161,-0.0013284735231832055,0.08930346332749835
5496,2.0954545454545457,0.582121212121212,0.0011673480509675972,0.09134905340361717
5497,2.0954545454545457,0.588080808080808,-0.0003570040574970078,0.09224486899685198
5498,2.0954545454545457,0.594040404040404,-0.0013916421183501528,0.09191930324291289
5499,2.0954545454545457,0.6,-0.0006468136626719264,0.09351088168055992
5500,2.115555555555556,0.01,1.339572681457124e-05,0.0015845749404763798
5501,2.115555555555556,0.01595959595959596,2.4223936832219095e-05,0.002491805589162266
5502,2.115555555555556,0.021919191919191918,9.006257746047109e-06,0.003457245169683312
5503,2.115555555555556,0.027878787878787878,8.422256499714953e-07,0.0043885041085482916
5504,2.115555555555556,0.033838383838383834,1.5609956050890584e-05,0.005376679900797471
5505,2.115555555555556,0.0397979797979798,3.3631535215298435e-05,0.006293036290632266
5506,2.115555555555556,0.045757575757575754,-4.339819790876326e-05,0.007245985915001981
5507,2.115555555555556,0.05171717171717172,-4.95952791814357e-05,0.008076103736054578
5508,2.115555555555556,0.05767676767676767,-7.200434608913112e-05,0.00900990886435921
5509,2.115555555555556,0.06363636363636363,-0.00010823752508509505,0.01004354739148699
5510,2.115555555555556,0.06959595959595959,6.0987620171531754e-05,0.010869475922022087
5511,2.115555555555556,0.07555555555555554,0.0001713063446894118,0.011750453918531807
5512,2.115555555555556,0.0815151515151515,6.206995437040802e-05,0.012785344903210606
5513,2.115555555555556,0.08747474747474746,-0.00012314660645816047,0.013693408140446256
5514,2.115555555555556,0.09343434343434343,0.000134173379972762,0.014848700841905385
5515,2.115555555555556,0.09939393939393938,0.00018903451073998436,0.015558364045965509
5516,2.115555555555556,0.10535353535353534,0.00012147454713847839,0.01644160399041402
5517,2.115555555555556,0.1113131313131313,0.00018890408758047954,0.0174926917926057
5518,2.115555555555556,0.11727272727272725,-4.0273061572536815e-05,0.018621741830775872
5519,2.115555555555556,0.12323232323232322,5.089882869695106e-06,0.019244308881612122
5520,2.115555555555556,0.1291919191919192,-0.000241869138232164,0.020188581765264144
5521,2.115555555555556,0.13515151515151513,-0.00011306951927299664,0.021324037234992564
5522,2.115555555555556,0.1411111111111111,-0.0003916146026559074,0.021994408566510797
5523,2.115555555555556,0.14707070707070707,-0.0001347504535772289,0.02315429239246899
5524,2.115555555555556,0.15303030303030302,0.00017064887220559065,0.024547512414085454
5525,2.115555555555556,0.158989898989899,0.00018698506373565128,0.024888530742789596
5526,2.115555555555556,0.16494949494949493,-0.00013768027139004655,0.02622875429738331
5527,2.115555555555556,0.1709090909090909,0.00012774736032337888,0.02691071824334236
5528,2.115555555555556,0.17686868686868687,-0.0004470953701501095,0.027777174244922386
5529,2.115555555555556,0.1828282828282828,-2.5885508099969735e-05,0.028840378842982833
5530,2.115555555555556,0.18878787878787878,-0.0001890829343776166,0.029863327636290845
5531,2.115555555555556,0.19474747474747472,3.5778063891622924e-05,0.030608564048477633
5532,2.115555555555556,0.2007070707070707,0.0004601783702239957,0.031529270859613
5533,2.115555555555556,0.20666666666666667,-0.0006440212096113389,0.032212510563913666
5534,2.115555555555556,0.2126262626262626,-0.00015345285128783072,0.033676369005542085
5535,2.115555555555556,0.21858585858585858,-7.178169655299138e-05,0.03456487081214391
5536,2.115555555555556,0.22454545454545452,-0.00023719844116737457,0.035546274788737606
5537,2.115555555555556,0.2305050505050505,0.00013404327520230659,0.035964682044871125
5538,2.115555555555556,0.23646464646464646,-0.00013219082288503593,0.037129261429123955
5539,2.115555555555556,0.2424242424242424,-7.844744872809003e-05,0.03842521106797787
5540,2.115555555555556,0.24838383838383837,8.687590628506944e-05,0.03934255337402461
5541,2.115555555555556,0.2543434343434343,-0.0004008469718721117,0.03990895189814883
5542,2.115555555555556,0.26030303030303026,0.00010079593426776325,0.040986944295426715
5543,2.115555555555556,0.26626262626262626,4.9037828339734524e-05,0.04169383750950231
5544,2.115555555555556,0.2722222222222222,0.00011482612904600095,0.04299119495806596
5545,2.115555555555556,0.27818181818181814,-0.0006056433294047955,0.043623955199179096
5546,2.115555555555556,0.28414141414141414,0.0005874752227355452,0.044976804988735714
5547,2.115555555555556,0.2901010101010101,0.00018798441916994114,0.045639793448475956
5548,2.115555555555556,0.296060606060606,-0.0006464942478153717,0.04659627229641737
5549,2.115555555555556,0.302020202020202,0.0008386102852111282,0.047680068821113246
5550,2.115555555555556,0.30797979797979796,1.8863892929255034e-05,0.0480861866641373
5551,2.115555555555556,0.3139393939393939,0.0002661015650105946,0.05011281139122817
5552,2.115555555555556,0.31989898989898985,-0.0004462976245258476,0.05056404911264476
5553,2.115555555555556,0.32585858585858585,-2.8406505167086072e-05,0.05041169160919936
5554,2.115555555555556,0.3318181818181818,1.191010425529584e-05,0.05258335810478707
5555,2.115555555555556,0.33777777777777773,0.0009499754806465023,0.05315106161105137
5556,2.115555555555556,0.34373737373737373,-0.00031819333198085137,0.05352237413441299
5557,2.115555555555556,0.3496969696969697,0.00030554282105647835,0.054753111987947314
5558,2.115555555555556,0.3556565656565656,-0.0003904634954772277,0.055654456591464854
5559,2.115555555555556,0.3616161616161616,0.00014027291041508817,0.05670757735684801
5560,2.115555555555556,0.36757575757575756,0.0008433519782069292,0.057942242589012836
5561,2.115555555555556,0.3735353535353535,-2.483081844459545e-05,0.05898232994846466
5562,2.115555555555556,0.37949494949494944,0.00025370037476448983,0.06051553093420738
5563,2.115555555555556,0.38545454545454544,-0.00036639204604615755,0.06027198667534389
5564,2.115555555555556,0.3914141414141414,-1.556248712099797e-05,0.06206416318077918
5565,2.115555555555556,0.3973737373737373,0.001060900112500481,0.06316006995773588
5566,2.115555555555556,0.4033333333333333,-0.0012797890361829407,0.06323994420630363
5567,2.115555555555556,0.40929292929292926,0.0007444971604331314,0.06487192579042951
5568,2.115555555555556,0.4152525252525252,-0.000130585330267568,0.0655287439311542
5569,2.115555555555556,0.42121212121212115,0.0006820967502661342,0.06632265769646493
5570,2.115555555555556,0.42717171717171715,-0.0006017517271319584,0.06725441342184031
5571,2.115555555555556,0.4331313131313131,-0.000474998621711984,0.06812088390305021
5572,2.115555555555556,0.43909090909090903,-0.0008797132320917594,0.06879153073589757
5573,2.115555555555556,0.44505050505050503,3.511891742023967e-05,0.07031447073622159
5574,2.115555555555556,0.45101010101010097,-0.0011848980300502008,0.07087734574035029
5575,2.115555555555556,0.4569696969696969,0.0011048150824623044,0.07185658586814395
5576,2.115555555555556,0.4629292929292929,-0.001477684697895181,0.07338784267943806
5577,2.115555555555556,0.46888888888888886,0.000248364356216208,0.07568649616404749
5578,2.115555555555556,0.4748484848484848,-0.0017543775360973353,0.07528985363705329
5579,2.115555555555556,0.48080808080808074,0.001492906582413492,0.0767643957062393
5580,2.115555555555556,0.48676767676767674,0.0009332634248778778,0.07765215411465903
5581,2.115555555555556,0.4927272727272727,-0.0005676188778497619,0.07796594812594657
5582,2.115555555555556,0.4986868686868686,0.0001473503066558933,0.07969813155448878
5583,2.115555555555556,0.5046464646464646,0.00039939430802126227,0.08017027779529325
5584,2.115555555555556,0.5106060606060605,-3.0217214293459803e-06,0.08067093951679134
5585,2.115555555555556,0.5165656565656566,0.00040244599037464484,0.08214146144226209
5586,2.115555555555556,0.5225252525252525,-0.0011147771224378328,0.08277348503259478
5587,2.115555555555556,0.5284848484848484,0.00024184251569294224,0.08370563412972575
5588,2.115555555555556,0.5344444444444444,0.0002756978033428979,0.08564616447401195
5589,2.115555555555556,0.5404040404040403,0.00034041603299944407,0.08627399367963981
5590,2.115555555555556,0.5463636363636363,0.00015686744451807595,0.08761572460414482
5591,2.115555555555556,0.5523232323232323,0.0005835071469493003,0.08770299489081212
5592,2.115555555555556,0.5582828282828283,-7.468779053890269e-05,0.09043669759366293
5593,2.115555555555556,0.5642424242424242,-0.0011312854895117923,0.09023757366352389
5594,2.115555555555556,0.5702020202020202,0.0018698434423625883,0.0909353407050532
5595,2.115555555555556,0.5761616161616161,0.00022590617759696822,0.09165177712467024
5596,2.115555555555556,0.582121212121212,0.0004524195001770797,0.09373148265893047
5597,2.115555555555556,0.588080808080808,-2.4517934135836272e-05,0.09293403066122213
5598,2.115555555555556,0.594040404040404,0.0005003765529555036,0.09573984751604193
5599,2.115555555555556,0.6,-0.00010003343695503975,0.09352578016164023
5600,2.135656565656566,0.01,3.5031172601615036e-07,0.0015986680180549542
5601,2.135656565656566,0.01595959595959596,-1.3428002994150312e-05,0.0025439569888059594
5602,2.135656565656566,0.021919191919191918,3.859098070436113e-05,0.0035256567242097072
5603,2.135656565656566,0.027878787878787878,-9.918342425795177e-05,0.004461000837516056
5604,2.135656565656566,0.033838383838383834,-7.515430478435182e-05,0.005422976274311842
5605,2.135656565656566,0.0397979797979798,2.5533529818468494e-05,0.006408019255278495
5606,2.135656565656566,0.045757575757575754,-2.917622870209985e-05,0.007350707922657645
5607,2.135656565656566,0.05171717171717172,0.00016102943704008842,0.008406588182552377
5608,2.135656565656566,0.05767676767676767,0.00015766477517033218,0.009259319299107205
5609,2.135656565656566,0.06363636363636363,0.0001115734955144974,0.010196422182469096
5610,2.135656565656566,0.06959595959595959,-0.00018404471114522253,0.011107891087148795
5611,2.135656565656566,0.07555555555555554,-5.66316588706683e-05,0.012118078480423056
5612,2.135656565656566,0.0815151515151515,0.0002441565709130619,0.013159971917377116
5613,2.135656565656566,0.08747474747474746,1.241282169176443e-05,0.013937943868163504
5614,2.135656565656566,0.09343434343434343,-5.909966609439364e-05,0.014940608852500441
5615,2.135656565656566,0.09939393939393938,-0.00014528208410796793,0.015861670910359688
5616,2.135656565656566,0.10535353535353534,-2.2990762579675918e-05,0.016750479499634287
5617,2.135656565656566,0.1113131313131313,2.2651334077799713e-05,0.017786111034353198
5618,2.135656565656566,0.11727272727272725,-7.52447786474999e-06,0.018916466898280446
5619,2.135656565656566,0.12323232323232322,0.00022211331627406935,0.019878928538692504
5620,2.135656565656566,0.1291919191919192,-2.0213225969910997e-05,0.020789118227558183
5621,2.135656565656566,0.13515151515151513,-0.0002630484106512297,0.021623655674338712
5622,2.135656565656566,0.1411111111111111,2.6033177861182033e-05,0.023014269532037848
5623,2.135656565656566,0.14707070707070707,0.0001343140546228489,0.023719950278025214
5624,2.135656565656566,0.15303030303030302,0.00022840307606734268,0.024475865080556984
5625,2.135656565656566,0.158989898989899,-6.440813343216195e-05,0.025522845343196918
5626,2.135656565656566,0.16494949494949493,-0.0003664559535618042,0.0265562224942756
5627,2.135656565656566,0.1709090909090909,0.00015029019325236718,0.027446969552744088
5628,2.135656565656566,0.17686868686868687,-0.0003178116484274786,0.028063732341687412
5629,2.135656565656566,0.1828282828282828,0.0003529154677668434,0.029370147271656228
5630,2.135656565656566,0.18878787878787878,9.657852099377964e-05,0.03000576413524186
5631,2.135656565656566,0.19474747474747472,-6.748893725395178e-05,0.030965675090476905
5632,2.135656565656566,0.2007070707070707,0.00015103727896886697,0.03233716690889503
5633,2.135656565656566,0.20666666666666667,0.0002986006891771124,0.033050054208237464
5634,2.135656565656566,0.2126262626262626,-0.0005921870820979593,0.033576076120664794
5635,2.135656565656566,0.21858585858585858,9.738908234214416e-06,0.0350196145415494
5636,2.135656565656566,0.22454545454545452,0.00011057416909692077,0.035787736956145594
5637,2.135656565656566,0.2305050505050505,0.0002423751157373328,0.0370611857860813
5638,2.135656565656566,0.23646464646464646,9.79703418272415e-06,0.037904858941303056
5639,2.135656565656566,0.2424242424242424,-0.0001704521215208756,0.03836236618196334
5640,2.135656565656566,0.24838383838383837,-0.00015609369143458135,0.039387125083681626
5641,2.135656565656566,0.2543434343434343,0.0009393546867822014,0.0409192723572519
5642,2.135656565656566,0.26030303030303026,-0.0002745263758639417,0.04188543704989021
5643,2.135656565656566,0.26626262626262626,-0.0002536572010922389,0.04235661150639832
5644,2.135656565656566,0.2722222222222222,-0.0002589381129679688,0.04360793926505738
5645,2.135656565656566,0.27818181818181814,-0.0005550718269560577,0.04487837329493566
5646,2.135656565656566,0.28414141414141414,-0.00041036977016024466,0.045539592503111
5647,2.135656565656566,0.2901010101010101,0.0009579980675669567,0.046363019369485614
5648,2.135656565656566,0.296060606060606,-6.471498053215072e-05,0.04787688845357848
5649,2.135656565656566,0.302020202020202,0.0002904735704372931,0.04865590631311172
5650,2.135656565656566,0.30797979797979796,-0.001120947780548019,0.049361640109490595
5651,2.135656565656566,0.3139393939393939,-8.030766628774731e-05,0.05084806327892986
5652,2.135656565656566,0.31989898989898985,9.623717804484286e-05,0.05209609046604567
5653,2.135656565656566,0.32585858585858585,-8.515865769280144e-05,0.05251792960162668
5654,2.135656565656566,0.3318181818181818,-0.00013925783681823076,0.05313556374570961
5655,2.135656565656566,0.33777777777777773,-0.00015702380423936906,0.0539358130260862
5656,2.135656565656566,0.34373737373737373,0.0005939425463559477,0.05510441971682292
5657,2.135656565656566,0.3496969696969697,-0.0008401280112710902,0.056065791829832595
5658,2.135656565656566,0.3556565656565656,0.0004517437853292472,0.057198641221956024
5659,2.135656565656566,0.3616161616161616,-0.0005857794944882452,0.05823747118418575
5660,2.135656565656566,0.36757575757575756,0.0007687486330355817,0.05946680174068658
5661,2.135656565656566,0.3735353535353535,0.00041461040497891427,0.05988118964789564
5662,2.135656565656566,0.37949494949494944,-0.0006777952292708953,0.060913111267656216
5663,2.135656565656566,0.38545454545454544,-0.0006784396597929,0.062420718103429175
5664,2.135656565656566,0.3914141414141414,-0.00045053314554498945,0.0628034715232559
5665,2.135656565656566,0.3973737373737373,4.50052362667293e-05,0.06331105923667303
5666,2.135656565656566,0.4033333333333333,9.158195318247322e-05,0.06526412617676035
5667,2.135656565656566,0.40929292929292926,-0.0005903567421814975,0.06533577127183081
5668,2.135656565656566,0.4152525252525252,-0.00033710471871920483,0.06655723744752207
5669,2.135656565656566,0.42121212121212115,-0.0008668082802120108,0.0676119885285698
5670,2.135656565656566,0.42717171717171715,-0.00011324703842355825,0.06910230236045135
5671,2.135656565656566,0.4331313131313131,0.0010636667607396148,0.06927691574013856
5672,2.135656565656566,0.43909090909090903,-0.0004085876190108136,0.07132996429493695
5673,2.135656565656566,0.44505050505050503,3.26088227094254e-05,0.0721204117745609
5674,2.135656565656566,0.45101010101010097,4.6756209992604215e-05,0.07249242267893333
5675,2.135656565656566,0.4569696969696969,-0.0007418401583543084,0.07293025812074976
5676,2.135656565656566,0.4629292929292929,-0.000991318311549742,0.07339440348493086
5677,2.135656565656566,0.46888888888888886,-0.00017414417458640153,0.0763256850767078
5678,2.135656565656566,0.4748484848484848,0.0005643524583400168,0.07712173034060875
5679,2.135656565656566,0.48080808080808074,0.0004591823571698891,0.07846307398710013
5680,2.135656565656566,0.48676767676767674,-0.0010467912879284914,0.07719267296684962
5681,2.135656565656566,0.4927272727272727,-0.0005219429357095368,0.07906960247563619
5682,2.135656565656566,0.4986868686868686,0.0007441542379673598,0.08006908244832124
5683,2.135656565656566,0.5046464646464646,-0.0013215831131434953,0.08161082778591834
5684,2.135656565656566,0.5106060606060605,0.0003788384050077291,0.08309519690637086
5685,2.135656565656566,0.5165656565656566,0.00020235818178086911,0.08383733634730578
5686,2.135656565656566,0.5225252525252525,0.001392550012190819,0.08502035017197417
5687,2.135656565656566,0.5284848484848484,-0.0009757517811702051,0.08523825274838503
5688,2.135656565656566,0.5344444444444444,-0.0025018833518895525,0.08627170000600959
5689,2.135656565656566,0.5404040404040403,-0.0006250158652368301,0.08585838431466426
5690,2.135656565656566,0.5463636363636363,0.0017614449324879437,0.08892508960104575
5691,2.135656565656566,0.5523232323232323,0.0004982262644004798,0.09063987056603785
5692,2.135656565656566,0.5582828282828283,-0.00035483101399488376,0.09028868716810769
5693,2.135656565656566,0.5642424242424242,0.00034682136398399646,0.0912988112737986
5694,2.135656565656566,0.5702020202020202,0.00020087421967290294,0.09213279278599208
5695,2.135656565656566,0.5761616161616161,0.0011940638401938043,0.09363648030323962
5696,2.135656565656566,0.582121212121212,-0.0010426853704663369,0.09428291232512528
5697,2.135656565656566,0.588080808080808,-0.0016177396178762586,0.09451212846697435
5698,2.135656565656566,0.594040404040404,-0.0011335206697668512,0.09620963991095224
5699,2.135656565656566,0.6,-0.0003403254265898209,0.09653261815544599
5700,2.1557575757575758,0.01,2.6347715286073594e-05,0.0016487486695128306
5701,2.1557575757575758,0.01595959595959596,-1.1436739952833908e-05,0.002584949426856074
5702,2.1557575757575758,0.021919191919191918,5.488454945758789e-05,0.0036005585516838833
5703,2.1557575757575758,0.027878787878787878,3.034334114440973e-05,0.004518883313563113
5704,2.1557575757575758,0.033838383838383834,-6.602581243302388e-05,0.0055257574411317865
5705,2.1557575757575758,0.0397979797979798,7.77362919858906e-05,0.0064742365662961475
5706,2.1557575757575758,0.045757575757575754,0.00011766119611083713,0.007434886365860514
5707,2.1557575757575758,0.05171717171717172,4.767201322020803e-05,0.008420418589707934
5708,2.1557575757575758,0.05767676767676767,-1.3302516433898359e-05,0.009408601152094766
5709,2.1557575757575758,0.06363636363636363,-3.701093433252911e-05,0.010217422186937683
5710,2.1557575757575758,0.06959595959595959,0.00021115066554335272,0.01130535901237177
5711,2.1557575757575758,0.07555555555555554,-0.00017422520372509096,0.012289580836764678
5712,2.1557575757575758,0.0815151515151515,6.599636620999067e-05,0.013362824217972722
5713,2.1557575757575758,0.08747474747474746,0.00027015277691494374,0.014255861090721203
5714,2.1557575757575758,0.09343434343434343,-0.00025436784182196004,0.015078955675132953
5715,2.1557575757575758,0.09939393939393938,6.669324923467274e-05,0.01625855095160914
5716,2.1557575757575758,0.10535353535353534,1.3033053633171221e-05,0.01736534442070789
5717,2.1557575757575758,0.1113131313131313,-1.7425823125067086e-05,0.01808861265051073
5718,2.1557575757575758,0.11727272727272725,-0.00022979608314660505,0.01912310550279246
5719,2.1557575757575758,0.12323232323232322,0.0002785681120563467,0.01986089312021257
5720,2.1557575757575758,0.1291919191919192,5.222899485493786e-05,0.021055759554414903
5721,2.1557575757575758,0.13515151515151513,-3.748265007121919e-05,0.02191616523998693
5722,2.1557575757575758,0.1411111111111111,8.228763280680646e-05,0.023070448383073712
5723,2.1557575757575758,0.14707070707070707,-0.0005484881281392079,0.023736836995953643
5724,2.1557575757575758,0.15303030303030302,0.0003152177478025196,0.02522450462359393
5725,2.1557575757575758,0.158989898989899,0.0003828727979326745,0.026543960988551118
5726,2.1557575757575758,0.16494949494949493,0.0003212131306610499,0.026674273328526395
5727,2.1557575757575758,0.1709090909090909,0.00017964901928077545,0.027962572247489093
5728,2.1557575757575758,0.17686868686868687,0.00012018346645904778,0.02891456579251946
5729,2.1557575757575758,0.1828282828282828,-0.00030164051869929824,0.029584656984112705
5730,2.1557575757575758,0.18878787878787878,7.525812443500384e-05,0.030891552448926926
5731,2.1557575757575758,0.19474747474747472,-0.00015483314399383042,0.031675758848867475
5732,2.1557575757575758,0.2007070707070707,-5.002031728364321e-05,0.032913629673109346
5733,2.1557575757575758,0.20666666666666667,-9.658317558711952e-05,0.03362746673524682
5734,2.1557575757575758,0.2126262626262626,0.00025544124228140086,0.03481618982200387
5735,2.1557575757575758,0.21858585858585858,-4.904664815020588e-06,0.035884820830818134
5736,2.1557575757575758,0.22454545454545452,-0.0006711301171727282,0.03642207899683724
5737,2.1557575757575758,0.2305050505050505,0.0006928464365286855,0.03818258230352014
5738,2.1557575757575758,0.23646464646464646,5.501896313438883e-05,0.03861592115087792
5739,2.1557575757575758,0.2424242424242424,0.00019599482094761878,0.039848098614343005
5740,2.1557575757575758,0.24838383838383837,-0.0004226544056692629,0.04053249493695573
5741,2.1557575757575758,0.2543434343434343,-0.0002204786706563845,0.04158601119936399
5742,2.1557575757575758,0.26030303030303026,9.347894651057565e-05,0.04248795427611341
5743,2.1557575757575758,0.26626262626262626,0.0009364640232023152,0.04364576104384497
5744,2.1557575757575758,0.2722222222222222,-3.5546381878417677e-05,0.044434063426143935
5745,2.1557575757575758,0.27818181818181814,4.014081467322439e-06,0.045222057775264134
5746,2.1557575757575758,0.28414141414141414,0.00039627660801424056,0.04657385332725568
5747,2.1557575757575758,0.2901010101010101,0.00045599774586492574,0.047862428589818255
5748,2.1557575757575758,0.296060606060606,-0.00020233446677498436,0.048137687704789
5749,2.1557575757575758,0.302020202020202,-0.00048120874198056087,0.049618899110756044
5750,2.1557575757575758,0.30797979797979796,0.0010328478948688458,0.050227726198108294
5751,2.1557575757575758,0.3139393939393939,-0.00015906966377800025,0.05090126195635858
5752,2.1557575757575758,0.31989898989898985,0.00040943085950729283,0.05211346952272818
5753,2.1557575757575758,0.32585858585858585,0.00017753837330132722,0.053363080763294615
5754,2.1557575757575758,0.3318181818181818,-0.0020490514775590813,0.053807164896512084
5755,2.1557575757575758,0.33777777777777773,0.00041475100641611497,0.05563621186697782
5756,2.1557575757575758,0.34373737373737373,-0.0007164217759209016,0.05637712082029001
5757,2.1557575757575758,0.3496969696969697,-0.0004983789241414747,0.05695046015573467
5758,2.1557575757575758,0.3556565656565656,0.0011978157667413764,0.05856342405524884
5759,2.1557575757575758,0.3616161616161616,-0.00017754591180863465,0.05962180272323614
5760,2.1557575757575758,0.36757575757575756,0.0007390412185364573,0.0607606247018245
5761,2.1557575757575758,0.3735353535353535,-0.000562762193691227,0.06068986507525745
5762,2.1557575757575758,0.37949494949494944,-0.0007548285382680592,0.06252852991697345
5763,2.1557575757575758,0.38545454545454544,-0.0009529282890180251,0.06318793383453007
5764,2.1557575757575758,0.3914141414141414,0.0013980847419467202,0.06358801889771959
5765,2.1557575757575758,0.3973737373737373,-0.0006583624307869779,0.06508490778711998
5766,2.1557575757575758,0.4033333333333333,-0.0012077075826666757,0.06657926290794286
5767,2.1557575757575758,0.40929292929292926,7.250609978423316e-05,0.06692012840719323
5768,2.1557575757575758,0.4152525252525252,0.000848776931780698,0.06847337682256763
5769,2.1557575757575758,0.42121212121212115,0.001034282150616733,0.06976637348811963
5770,2.1557575757575758,0.42717171717171715,-0.0013695830365428071,0.07039051203369073
5771,2.1557575757575758,0.4331313131313131,-0.0003149791804802115,0.07027302620112837
5772,2.1557575757575758,0.43909090909090903,-8.14153138369223e-05,0.07127510859984794
5773,2.1557575757575758,0.44505050505050503,-0.0011496505356079086,0.07293127078326395
5774,2.1557575757575758,0.45101010101010097,-4.499904741650722e-05,0.07396067296362485
5775,2.1557575757575758,0.4569696969696969,-0.0014526424328164755,0.07386435530804052
5776,2.1557575757575758,0.4629292929292929,-0.0014535681558675807,0.07574997675102792
5777,2.1557575757575758,0.46888888888888886,-0.000784324561041222,0.07735844345660481
5778,2.1557575757575758,0.4748484848484848,-1.0025618210371334e-05,0.07858796121236743
5779,2.1557575757575758,0.48080808080808074,-0.0018568596173482047,0.07789485897176286
5780,2.1557575757575758,0.48676767676767674,-8.137091118458955e-05,0.07903308386819642
5781,2.1557575757575758,0.4927272727272727,-0.0016219901745395291,0.07990981026716469
5782,2.1557575757575758,0.4986868686868686,5.4911112535667474e-05,0.08233952986455653
5783,2.1557575757575758,0.5046464646464646,-0.0007642647790514084,0.08185355366419711
5784,2.1557575757575758,0.5106060606060605,0.0012875598781156065,0.08463290182501945
5785,2.1557575757575758,0.5165656565656566,0.0010757840952766028,0.0850482414224663
5786,2.1557575757575758,0.5225252525252525,-0.0003208873303610231,0.08516716671492397
5787,2.1557575757575758,0.5284848484848484,0.00035557951300458946,0.0872666840587469
5788,2.1557575757575758,0.5344444444444444,0.00034870092162844334,0.08723962044075982
5789,2.1557575757575758,0.5404040404040403,-0.00021697446472578822,0.0892850852249041
5790,2.1557575757575758,0.5463636363636363,-0.0003111372803803471,0.08942357091292284
5791,2.1557575757575758,0.5523232323232323,-0.001210103513243316,0.09029746818168802
5792,2.1557575757575758,0.5582828282828283,0.0006284785711987386,0.09191568498030449
5793,2.1557575757575758,0.5642424242424242,-0.0007663701191582651,0.09263286075669862
5794,2.1557575757575758,0.5702020202020202,0.0008989027066245054,0.09301531891010646
5795,2.1557575757575758,0.5761616161616161,0.0012083541016520262,0.0967186320002697
5796,2.1557575757575758,0.582121212121212,-0.000568726251565832,0.0958675205279378
5797,2.1557575757575758,0.588080808080808,-0.0001861144069072065,0.09679957396339926
5798,2.1557575757575758,0.594040404040404,0.0017833961479745426,0.09989276803110834
5799,2.1557575757575758,0.6,0.0012969473451428758,0.10022720655924568
5800,2.175858585858586,0.01,1.7521900282213566e-05,0.001657908886761649
5801,2.175858585858586,0.01595959595959596,4.284336832176595e-05,0.0026516868142791032
5802,2.175858585858586,0.021919191919191918,-2.7999662117727275e-05,0.0036123287353944386
5803,2.175858585858586,0.027878787878787878,8.493519056988467e-05,0.004570884556690898
5804,2.175858585858586,0.033838383838383834,-2.9635165722432633e-06,0.00564206788667216
5805,2.175858585858586,0.0397979797979798,4.370090699427423e-05,0.0065835148561895485
5806,2.175858585858586,0.045757575757575754,-7.756890800935835e-05,0.007493798238611078
5807,2.175858585858586,0.05171717171717172,-0.00010115672204723658,0.008603365238242525
5808,2.175858585858586,0.05767676767676767,6.46852888409765e-05,0.009488793930626252
5809,2.175858585858586,0.06363636363636363,-0.00012165542043675872,0.010523308148898557
5810,2.175858585858586,0.06959595959595959,3.367485606832165e-05,0.011530632864256093
5811,2.175858585858586,0.07555555555555554,-1.584808599295533e-05,0.012521145204428532
5812,2.175858585858586,0.0815151515151515,9.024351698413817e-05,0.013499897305481756
5813,2.175858585858586,0.08747474747474746,9.109988774204825e-06,0.014522245712802345
5814,2.175858585858586,0.09343434343434343,-0.00014507066357224803,0.01542501357224449
5815,2.175858585858586,0.09939393939393938,-7.659694952882924e-05,0.016559189297630145
5816,2.175858585858586,0.10535353535353534,-8.495880051526564e-05,0.01742868009130682
5817,2.175858585858586,0.1113131313131313,0.000179936503278284,0.01848838535305444
5818,2.175858585858586,0.11727272727272725,-0.0001725893741817285,0.019502333694314734
5819,2.175858585858586,0.12323232323232322,3.5838519353174004e-05,0.02024847128631981
5820,2.175858585858586,0.1291919191919192,0.0003400966509425822,0.021574625962973167
5821,2.175858585858586,0.13515151515151513,-1.061104084436335e-05,0.022265742528418016
5822,2.175858585858586,0.1411111111111111,0.00046350541418422003,0.02314593064725313
5823,2.175858585858586,0.14707070707070707,-0.000214322462582428,0.024524811106280908
5824,2.175858585858586,0.15303030303030302,-0.0001684251067036108,0.02500952628793759
5825,2.175858585858586,0.158989898989899,-0.00030835088310641524,0.02663810195430526
5826,2.175858585858586,0.16494949494949493,7.27855157679587e-05,0.027248148965686395
5827,2.175858585858586,0.1709090909090909,0.000582822218010247,0.02830038576924446
5828,2.175858585858586,0.17686868686868687,-3.772118589639124e-05,0.029284497940797186
5829,2.175858585858586,0.1828282828282828,2.8287277640748343e-08,0.030506949136950852
5830,2.175858585858586,0.18878787878787878,0.00026127370573718757,0.03156518834859917
5831,2.175858585858586,0.19474747474747472,-3.0942803169566436e-06,0.03249389958779243
5832,2.175858585858586,0.2007070707070707,9.221132679637853e-05,0.03325894295116786
5833,2.175858585858586,0.20666666666666667,1.7261887134021547e-05,0.03456307135184468
5834,2.175858585858586,0.2126262626262626,3.6387176185709437e-05,0.034723817924397854
5835,2.175858585858586,0.21858585858585858,-0.0001692418477533337,0.03606666193220555
5836,2.175858585858586,0.22454545454545452,5.607103106630371e-05,0.037333024166320505
5837,2.175858585858586,0.2305050505050505,0.00021227350844331546,0.03843382342604171
5838,2.175858585858586,0.23646464646464646,0.0002842259144709776,0.039113464041173086
5839,2.175858585858586,0.2424242424242424,0.0004760599195667739,0.04003847574357136
5840,2.175858585858586,0.24838383838383837,2.6381906846870827e-05,0.04092810565822769
5841,2.175858585858586,0.2543434343434343,0.0003093502171818735,0.04265629855979616
5842,2.175858585858586,0.26030303030303026,-0.000637594732951162,0.04300013149545492
5843,2.175858585858586,0.26626262626262626,-0.00038323227074184735,0.04432984385625919
5844,2.175858585858586,0.2722222222222222,-0.00047320345396640684,0.04542469856549246
5845,2.175858585858586,0.27818181818181814,0.00011390420224958299,0.0462625424742081
5846,2.175858585858586,0.28414141414141414,-0.00016210647635077441,0.04697971753508315
5847,2.175858585858586,0.2901010101010101,-0.00011641098670277894,0.048073274598725894
5848,2.175858585858586,0.296060606060606,-0.0005417236361221023,0.048385236377458965
5849,2.175858585858586,0.302020202020202,0.00020339564359562546,0.05031033780678809
5850,2.175858585858586,0.30797979797979796,0.0003663548642262629,0.051552069693635454
5851,2.175858585858586,0.3139393939393939,0.0007108650411388271,0.05170018509639926
5852,2.175858585858586,0.31989898989898985,0.00010462968067669562,0.05288562475252201
5853,2.175858585858586,0.32585858585858585,0.0006867080301375592,0.05475398132203927
5854,2.175858585858586,0.3318181818181818,-0.0006235647937030963,0.05497378589857026
5855,2.175858585858586,0.33777777777777773,0.0004365495630844026,0.05633447839740405
5856,2.175858585858586,0.34373737373737373,0.0005308030149175522,0.05757882182335002
5857,2.175858585858586,0.3496969696969697,1.2321229199812044e-05,0.05845867718666443
5858,2.175858585858586,0.3556565656565656,-5.183707944524036e-05,0.059014398117117395
5859,2.175858585858586,0.3616161616161616,-0.00010473394619632756,0.060352184852679736
5860,2.175858585858586,0.36757575757575756,-0.000595253292120547,0.061337997980088335
5861,2.175858585858586,0.3735353535353535,0.0006703765657658443,0.062476328696084535
5862,2.175858585858586,0.37949494949494944,0.0005531117407312464,0.0630163148379501
5863,2.175858585858586,0.38545454545454544,0.0008655538446644812,0.06453393859598976
5864,2.175858585858586,0.3914141414141414,0.0005908364936279487,0.0654836687472281
5865,2.175858585858586,0.3973737373737373,-0.0012612011285301128,0.06636351588306034
5866,2.175858585858586,0.4033333333333333,-0.0009013619338385928,0.06696388603759672
5867,2.175858585858586,0.40929292929292926,0.0006531367888400069,0.06806156705252588
5868,2.175858585858586,0.4152525252525252,-3.167229917183141e-05,0.0690221834419563
5869,2.175858585858586,0.42121212121212115,-0.00012819329222378065,0.07014021532027848
5870,2.175858585858586,0.42717171717171715,7.625234821877199e-05,0.07107471658920109
5871,2.175858585858586,0.4331313131313131,0.00017210949296423078,0.07303970335464448
5872,2.175858585858586,0.43909090909090903,0.0009305093733164294,0.0730569211235213
5873,2.175858585858586,0.44505050505050503,-0.0002042022655411372,0.07452247621135286
5874,2.175858585858586,0.45101010101010097,-2.955191969134825e-05,0.07504007188131676
5875,2.175858585858586,0.4569696969696969,-0.00106244202092927,0.0761023304386658
5876,2.175858585858586,0.4629292929292929,0.0010252698092584464,0.0784562892601711
5877,2.175858585858586,0.46888888888888886,-0.0015656479061967377,0.07770741023169024
5878,2.175858585858586,0.4748484848484848,-0.001502144563321237,0.07837216524960419
5879,2.175858585858586,0.48080808080808074,-7.997080478733398e-06,0.08168142769485068
5880,2.175858585858586,0.48676767676767674,0.0002237116977980893,0.08059001498263238
5881,2.175858585858586,0.4927272727272727,0.00010730395955086127,0.08233117537746082
5882,2.175858585858586,0.4986868686868686,-0.0015899462605217323,0.0825285000168075
5883,2.175858585858586,0.5046464646464646,0.00035894228411529266,0.0845350272458051
5884,2.175858585858586,0.5106060606060605,-0.00044976069878454174,0.08482277435151679
5885,2.175858585858586,0.5165656565656566,-0.0020545630834702807,0.08669767551683613
5886,2.175858585858586,0.5225252525252525,-0.000448319834247153,0.08655054309132769
5887,2.175858585858586,0.5284848484848484,-0.0014057365270072025,0.08818961617125096
5888,2.175858585858586,0.5344444444444444,0.0009467381842050311,0.08943480511247633
5889,2.175858585858586,0.5404040404040403,0.0005198915599862252,0.09084980960993817
5890,2.175858585858586,0.5463636363636363,-0.000937496409872119,0.09206590845472284
5891,2.175858585858586,0.5523232323232323,0.00024225602848340836,0.09219238099620804
5892,2.175858585858586,0.5582828282828283,0.00040043382264476725,0.0932844990343418
5893,2.175858585858586,0.5642424242424242,0.00020922012319199475,0.09486482741499787
5894,2.175858585858586,0.5702020202020202,0.0007923862138043783,0.0951799824680282
5895,2.175858585858586,0.5761616161616161,-0.000173443497861227,0.09615448742119341
5896,2.175858585858586,0.582121212121212,0.0009726194049924441,0.09802851008275631
5897,2.175858585858586,0.588080808080808,-0.001617120372569839,0.09730480956958258
5898,2.175858585858586,0.594040404040404,-0.001058429019632012,0.09922513029908933
5899,2.175858585858586,0.6,-0.001260311050806972,0.10064176307725524
5900,2.195959595959596,0.01,1.0853221548850645e-05,0.0016906938304542122
5901,2.195959595959596,0.01595959595959596,3.410845142278518e-06,0.0026709573735948355
5902,2.195959595959596,0.021919191919191918,-1.2061216455040213e-06,0.0037513046526551686
5903,2.195959595959596,0.027878787878787878,3.531967002775349e-06,0.004674321752016019
5904,2.195959595959596,0.033838383838383834,1.0138345869860177e-05,0.005714773274278657
5905,2.195959595959596,0.0397979797979798,2.0967445304363365e-05,0.006679754445609693
5906,2.195959595959596,0.045757575757575754,0.00010279309771488636,0.00763694034211563
5907,2.195959595959596,0.05171717171717172,4.549147656936523e-05,0.008750412854026012
5908,2.195959595959596,0.05767676767676767,0.0002644093192427131,0.009609253011150697
5909,2.195959595959596,0.06363636363636363,-0.00014562998922255447,0.010676205619450952
5910,2.195959595959596,0.06959595959595959,3.4695234089265335e-06,0.011708846324078039
5911,2.195959595959596,0.07555555555555554,7.5003085033432e-05,0.012880788180977968
5912,2.195959595959596,0.0815151515151515,-0.00017274957040105065,0.013885773926665167
5913,2.195959595959596,0.08747474747474746,-2.8646643697385633e-05,0.014814189397034777
5914,2.195959595959596,0.09343434343434343,-1.8038040728152505e-05,0.015892739220816927
5915,2.195959595959596,0.09939393939393938,-0.00012695404758170778,0.016798748396350798
5916,2.195959595959596,0.10535353535353534,-0.0001105081010708452,0.017665825594720474
5917,2.195959595959596,0.1113131313131313,0.00024683960685635634,0.018720100370202768
5918,2.195959595959596,0.11727272727272725,0.00020231362586724862,0.019746855572173597
5919,2.195959595959596,0.12323232323232322,7.383891202865058e-05,0.020870380540243434
5920,2.195959595959596,0.1291919191919192,0.00022272197721629716,0.02166803952730467
5921,2.195959595959596,0.13515151515151513,0.0002551651257869506,0.02268320563300801
5922,2.195959595959596,0.1411111111111111,-0.00018606387418711027,0.02366355932716342
5923,2.195959595959596,0.14707070707070707,-0.0005193231145605454,0.024823193363006663
5924,2.195959595959596,0.15303030303030302,0.000106124469047271,0.025896351632767066
5925,2.195959595959596,0.158989898989899,0.0005027289867566875,0.026546935945077916
5926,2.195959595959596,0.16494949494949493,-0.00027430080280437755,0.027413982895558717
5927,2.195959595959596,0.1709090909090909,-0.0003822178662927118,0.028590905397959703
5928,2.195959595959596,0.17686868686868687,0.00019375736577624414,0.029811150610539305
5929,2.195959595959596,0.1828282828282828,0.0002307030117552702,0.03129082322309844
5930,2.195959595959596,0.18878787878787878,0.00028143659863874847,0.031910083779607294
5931,2.195959595959596,0.19474747474747472,-0.00022736096831490907,0.03246099293879545
5932,2.195959595959596,0.2007070707070707,0.0004062682647877891,0.03375803857034378
5933,2.195959595959596,0.20666666666666667,0.00015691776261829627,0.03491714157945635
5934,2.195959595959596,0.2126262626262626,0.00014352895408889597,0.03641823933360061
5935,2.195959595959596,0.21858585858585858,0.00015626788801800665,0.03666761751635432
5936,2.195959595959596,0.22454545454545452,-0.0008015892632984863,0.03764920347309236
5937,2.195959595959596,0.2305050505050505,7.050873442730392e-05,0.03836701144088963
5938,2.195959595959596,0.23646464646464646,9.804394962295983e-05,0.0399024140710728
5939,2.195959595959596,0.2424242424242424,-0.00043661307681852406,0.04156749079479587
5940,2.195959595959596,0.24838383838383837,0.00017880539777499012,0.04256018450045059
5941,2.195959595959596,0.2543434343434343,-0.00048393648616532146,0.043185944355037226
5942,2.195959595959596,0.26030303030303026,0.0002973920927037412,0.04422153197695936
5943,2.195959595959596,0.26626262626262626,-0.0007264450894011772,0.04468861901970283
5944,2.195959595959596,0.2722222222222222,8.7804408013251e-05,0.04612386724167627
5945,2.195959595959596,0.27818181818181814,-0.0007633924019286274,0.04665524935693379
5946,2.195959595959596,0.28414141414141414,-4.015528788274441e-05,0.04803345184879159
5947,2.195959595959596,0.2901010101010101,0.0003735977828523217,0.04957213452483402
5948,2.195959595959596,0.296060606060606,0.00011105025408034477,0.049671507795815056
5949,2.195959595959596,0.302020202020202,-0.000524086703549225,0.051152333636689425
5950,2.195959595959596,0.30797979797979796,0.0008800605213611106,0.05253615336138553
5951,2.195959595959596,0.3139393939393939,0.00014727439574593713,0.05258380341787912
5952,2.195959595959596,0.31989898989898985,0.00041677577044370507,0.054123457229922754
5953,2.195959595959596,0.32585858585858585,-0.00025566216426112096,0.05472673453928635
5954,2.195959595959596,0.3318181818181818,-0.000594307759828974,0.05591716653540698
5955,2.195959595959596,0.33777777777777773,8.344009821569109e-05,0.05677356584253822
5956,2.195959595959596,0.34373737373737373,0.0015796453660343983,0.05865221355236313
5957,2.195959595959596,0.3496969696969697,0.0003608191681137315,0.05914631668340051
5958,2.195959595959596,0.3556565656565656,-2.848117504970351e-05,0.05997352274690346
5959,2.195959595959596,0.3616161616161616,-0.00030218207716331297,0.06059139004943687
5960,2.195959595959596,0.36757575757575756,0.0007725120064459961,0.06264422352653709
5961,2.195959595959596,0.3735353535353535,-0.00034204680478887973,0.06330838061638257
5962,2.195959595959596,0.37949494949494944,0.00028511611720754545,0.06421421848498123
5963,2.195959595959596,0.38545454545454544,0.0005085531669348535,0.06577550358160904
5964,2.195959595959596,0.3914141414141414,0.0005947087039816165,0.06682279605437409
5965,2.195959595959596,0.3973737373737373,0.00063607374777252,0.06690273004179764
5966,2.195959595959596,0.4033333333333333,0.001104306296391955,0.0678968794263421
5967,2.195959595959596,0.40929292929292926,-0.00030241959369528104,0.06970829155791042
5968,2.195959595959596,0.4152525252525252,0.00041435749313206325,0.06941410780267551
5969,2.195959595959596,0.42121212121212115,0.000281812313810507,0.07150667794370662
5970,2.195959595959596,0.42717171717171715,0.00053445343843265,0.07328868384172242
5971,2.195959595959596,0.4331313131313131,0.00046519882475714545,0.07415295984345527
5972,2.195959595959596,0.43909090909090903,0.0006672586703097261,0.07360332197343539
5973,2.195959595959596,0.44505050505050503,-0.0004458518584948504,0.07560821228284564
5974,2.195959595959596,0.45101010101010097,0.0007076503017085786,0.07716998198593082
5975,2.195959595959596,0.4569696969696969,-0.0005209759134384954,0.07716592048963773
5976,2.195959595959596,0.4629292929292929,-0.000992018595623316,0.07815536196868506
5977,2.195959595959596,0.46888888888888886,5.082365738101231e-05,0.07938699905409231
5978,2.195959595959596,0.4748484848484848,0.000224764960126841,0.0800734896715933
5979,2.195959595959596,0.48080808080808074,-0.0008858564266424224,0.08123108426220255
5980,2.195959595959596,0.48676767676767674,-0.0010542351131668998,0.08318618671368692
5981,2.195959595959596,0.4927272727272727,0.0008557573267264969,0.08322579725716542
5982,2.195959595959596,0.4986868686868686,-0.000173811912395867,0.08402652554487056
5983,2.195959595959596,0.5046464646464646,-0.0012880808897339801,0.08566114200905989
5984,2.195959595959596,0.5106060606060605,0.0004229525561963884,0.08790931516603533
5985,2.195959595959596,0.5165656565656566,0.0015817741100962817,0.08895520771123311
5986,2.195959595959596,0.5225252525252525,0.00015706251566762464,0.09035068072052099
5987,2.195959595959596,0.5284848484848484,-0.0005567124820002433,0.0909907887362857
5988,2.195959595959596,0.5344444444444444,-0.0009451916558937653,0.09154929549212816
5989,2.195959595959596,0.5404040404040403,-0.0008987003183924828,0.09168317708072257
5990,2.195959595959596,0.5463636363636363,-0.00019284668209282188,0.09251740462983987
5991,2.195959595959596,0.5523232323232323,0.002093494228909573,0.09469603313863718
5992,2.195959595959596,0.5582828282828283,0.0007980500627791779,0.09612320265339623
5993,2.195959595959596,0.5642424242424242,-0.0007020707415588658,0.09669561463762787
5994,2.195959595959596,0.5702020202020202,0.0007512149949440493,0.09798573686928151
5995,2.195959595959596,0.5761616161616161,-0.0016367470844394307,0.09703588944076452
5996,2.195959595959596,0.582121212121212,-0.0007089604339657755,0.09893077687251246
5997,2.195959595959596,0.588080808080808,0.0005364070370916808,0.10149129852579114
5998,2.195959595959596,0.594040404040404,0.0007190173472716014,0.10121360560388215
5999,2.195959595959596,0.6,-0.00177780669542781,0.1008625070567339
6000,2.216060606060606,0.01,3.109310085587693e-05,0.0016946980743458122
6001,2.216060606060606,0.01595959595959596,5.456864686818119e-06,0.002733156921356033
6002,2.216060606060606,0.021919191919191918,-3.0178094402514067e-05,0.0037739270745679883
6003,2.216060606060606,0.027878787878787878,7.4763043329515e-06,0.004779028145299082
6004,2.216060606060606,0.033838383838383834,0.00010011674181930022,0.005840604387975896
6005,2.216060606060606,0.0397979797979798,3.287427161947745e-05,0.0067946187334435885
6006,2.216060606060606,0.045757575757575754,8.836519569964311e-05,0.007765933510574198
6007,2.216060606060606,0.05171717171717172,-3.7412692840872964e-05,0.008972561141026113
6008,2.216060606060606,0.05767676767676767,-0.00010980580710339994,0.009798569799177504
6009,2.216060606060606,0.06363636363636363,-0.00010995621706724241,0.010958307734812277
6010,2.216060606060606,0.06959595959595959,-5.49287851833391e-07,0.01189949207253426
6011,2.216060606060606,0.07555555555555554,-0.00017853483611512337,0.012812551307544275
6012,2.216060606060606,0.0815151515151515,0.00012391105064977958,0.014023753698890256
6013,2.216060606060606,0.08747474747474746,-0.00011570149991903183,0.015065965231305382
6014,2.216060606060606,0.09343434343434343,0.00016139849433421003,0.015811606694583067
6015,2.216060606060606,0.09939393939393938,0.0003277599415581566,0.016724375074618665
6016,2.216060606060606,0.10535353535353534,-3.3167124150295055e-05,0.01781162912627077
6017,2.216060606060606,0.1113131313131313,-4.140196473771911e-05,0.018999873523460865
6018,2.216060606060606,0.11727272727272725,5.437908974584025e-05,0.02007712129655777
6019,2.216060606060606,0.12323232323232322,0.00027242963072434453,0.021213783639312502
6020,2.216060606060606,0.1291919191919192,0.000412223799787394,0.022017757552832966
6021,2.216060606060606,0.13515151515151513,-0.00025498738296341356,0.02289449893690699
6022,2.216060606060606,0.1411111111111111,7.060580291343555e-05,0.02418980241725471
6023,2.216060606060606,0.14707070707070707,0.00024687239759216154,0.025284340191143593
6024,2.216060606060606,0.15303030303030302,-0.0006807290067801391,0.02608591464362856
6025,2.216060606060606,0.158989898989899,0.00027760786911329194,0.027155402012693588
6026,2.216060606060606,0.16494949494949493,0.000662216861564196,0.028299056255242566
6027,2.216060606060606,0.1709090909090909,-0.00015789097658494008,0.029325378233680297
6028,2.216060606060606,0.17686868686868687,0.00029400274549984547,0.03064508976835455
6029,2.216060606060606,0.1828282828282828,5.180697901378651e-07,0.031610847151253896
6030,2.216060606060606,0.18878787878787878,0.0004722142584994451,0.03248473958999315
6031,2.216060606060606,0.19474747474747472,-0.0002265104194968755,0.03339621974126829
6032,2.216060606060606,0.2007070707070707,0.00041498487727852974,0.03463200784260754
6033,2.216060606060606,0.20666666666666667,0.0003387620989360469,0.03502076588437589
6034,2.216060606060606,0.2126262626262626,0.00010528210539350473,0.0364486969771151
6035,2.216060606060606,0.21858585858585858,0.0008168905605330231,0.03754259841078977
6036,2.216060606060606,0.22454545454545452,-0.00039717659484079945,0.03820975390765556
6037,2.216060606060606,0.2305050505050505,-0.00041941091183158463,0.03976888102891097
6038,2.216060606060606,0.23646464646464646,0.0005457865936950275,0.040585360716749695
6039,2.216060606060606,0.2424242424242424,-0.0009610863230874314,0.041039915950721116
6040,2.216060606060606,0.24838383838383837,-0.0004197025251295801,0.0426904247875051
6041,2.216060606060606,0.2543434343434343,-5.0205087027593944e-05,0.043432104904676125
6042,2.216060606060606,0.26030303030303026,-5.621527489349134e-05,0.04497556006735595
6043,2.216060606060606,0.26626262626262626,-0.000144848003957076,0.045530334235475554
6044,2.216060606060606,0.2722222222222222,-0.0003749608330722162,0.0468220577384638
6045,2.216060606060606,0.27818181818181814,-0.00020047340571428522,0.04778220969869249
6046,2.216060606060606,0.28414141414141414,-0.000783008403610592,0.04831704944863575
6047,2.216060606060606,0.2901010101010101,-0.00038985965989892836,0.049075270461432785
6048,2.216060606060606,0.296060606060606,-1.1501628964656874e-05,0.05041225504482239
6049,2.216060606060606,0.302020202020202,0.00013174492085217974,0.05211576508879917
6050,2.216060606060606,0.30797979797979796,-0.0001697861318498269,0.05270985458139963
6051,2.216060606060606,0.3139393939393939,0.0002993841029347414,0.054080553330326284
6052,2.216060606060606,0.31989898989898985,0.0002223811323019617,0.05483591331701323
6053,2.216060606060606,0.32585858585858585,-0.00039054732304967017,0.05545660924667579
6054,2.216060606060606,0.3318181818181818,-0.0007689012510700429,0.0569194773879178
6055,2.216060606060606,0.33777777777777773,0.0002339142876936928,0.05768359560686096
6056,2.216060606060606,0.34373737373737373,4.664765734050667e-05,0.0592643112089641
6057,2.216060606060606,0.3496969696969697,0.0006605037734385387,0.05975307781255406
6058,2.216060606060606,0.3556565656565656,-0.0001089654082512709,0.0613449437860338
6059,2.216060606060606,0.3616161616161616,0.0002611892069790907,0.06299587623488756
6060,2.216060606060606,0.36757575757575756,-0.00010569017052723602,0.06337403128304135
6061,2.216060606060606,0.3735353535353535,-0.0003503930350826235,0.06392049400436356
6062,2.216060606060606,0.37949494949494944,0.0007061918560870374,0.06575666179890273
6063,2.216060606060606,0.38545454545454544,-1.4168916733554093e-05,0.06648961140013308
6064,2.216060606060606,0.3914141414141414,-0.0011424978193624923,0.06719150677417031
6065,2.216060606060606,0.3973737373737373,-0.0009300901281107858,0.06785277710495284
6066,2.216060606060606,0.4033333333333333,0.0008820167562559121,0.07007011273863328
6067,2.216060606060606,0.40929292929292926,0.0006917211152544382,0.07052749446995753
6068,2.216060606060606,0.4152525252525252,-8.343941416796951e-06,0.07051915329417692
6069,2.216060606060606,0.42121212121212115,-0.0015804951456230886,0.07189988922549756
6070,2.216060606060606,0.42717171717171715,-0.00033525902218787005,0.07335533749750953
6071,2.216060606060606,0.4331313131313131,0.0006085606792264707,0.07536445657275082
6072,2.216060606060606,0.43909090909090903,-0.0008613073172102248,0.07477648141133221
6073,2.216060606060606,0.44505050505050503,-2.8313509909358903e-05,0.07666816874925994
6074,2.216060606060606,0.45101010101010097,-0.00012164490306949713,0.07822818423355722
6075,2.216060606060606,0.4569696969696969,-0.0006732940142389202,0.0781265470274772
6076,2.216060606060606,0.4629292929292929,-0.00016500882166615503,0.0803608639226697
6077,2.216060606060606,0.46888888888888886,0.0007381441773956298,0.08175817426075678
6078,2.216060606060606,0.4748484848484848,-0.0006723737463750372,0.08222451620947589
6079,2.216060606060606,0.48080808080808074,0.0008868559979036799,0.08207275452096946
6080,2.216060606060606,0.48676767676767674,0.0014941202538564168,0.08531150881667904
6081,2.216060606060606,0.4927272727272727,-0.0006330320442687466,0.08495565746332844
6082,2.216060606060606,0.4986868686868686,0.0005685122380087215,0.08695985917846738
6083,2.216060606060606,0.5046464646464646,0.0002884647072524327,0.08743921092040927
6084,2.216060606060606,0.5106060606060605,2.913824176427884e-05,0.08894203205488244
6085,2.216060606060606,0.5165656565656566,0.00013727690253516122,0.088702464401296
6086,2.216060606060606,0.5225252525252525,-0.00048598303728236247,0.09137913679019975
6087,2.216060606060606,0.5284848484848484,-0.0004439009242511842,0.09219001449622403
6088,2.216060606060606,0.5344444444444444,-0.001726045108758681,0.09181362396159835
6089,2.216060606060606,0.5404040404040403,-0.0008066662448676425,0.09422137176211574
6090,2.216060606060606,0.5463636363636363,0.0015202586585186682,0.09576096296473467
6091,2.216060606060606,0.5523232323232323,0.0009786067219505292,0.0957398848954073
6092,2.216060606060606,0.5582828282828283,-1.0613209230901255e-06,0.09691954855874355
6093,2.216060606060606,0.5642424242424242,0.002022351961145243,0.09885558005177764
6094,2.216060606060606,0.5702020202020202,-0.0015433480818452423,0.09969142406805175
6095,2.216060606060606,0.5761616161616161,-0.0018160515179228448,0.09889359931125535
6096,2.216060606060606,0.582121212121212,0.0018622694732764078,0.10230981497619317
6097,2.216060606060606,0.588080808080808,0.00041431855897964664,0.10147154698544188
6098,2.216060606060606,0.594040404040404,-0.00046285623748421354,0.10283801514209419
6099,2.216060606060606,0.6,0.001009482509640898,0.1040264955099911
6100,2.236161616161616,0.01,-2.0656009724957635e-05,0.001729557305266072
6101,2.236161616161616,0.01595959595959596,-4.3519572713070085e-05,0.002775250190650903
6102,2.236161616161616,0.021919191919191918,9.702113852566544e-05,0.003835966923156915
6103,2.236161616161616,0.027878787878787878,3.860741059692735e-05,0.004832945917691529
6104,2.236161616161616,0.033838383838383834,1.4602017781505384e-06,0.005946515726745937
6105,2.236161616161616,0.0397979797979798,-1.2732137230650242e-05,0.0069353126957302155
6106,2.236161616161616,0.045757575757575754,2.401222428536375e-05,0.007856005240378387
6107,2.236161616161616,0.05171717171717172,0.0002602205302344333,0.008994332422054272
6108,2.236161616161616,0.05767676767676767,0.00013170052086904625,0.010033696838622019
6109,2.236161616161616,0.06363636363636363,9.75414776336976e-05,0.011103378624370996
6110,2.236161616161616,0.06959595959595959,-5.354148560938187e-05,0.012031166509755305
6111,2.236161616161616,0.07555555555555554,0.000139142168390477,0.013176915438764966
6112,2.236161616161616,0.0815151515151515,6.111339369607152e-05,0.014136755501701013
6113,2.236161616161616,0.08747474747474746,-1.912040252572609e-05,0.015285410355472935
6114,2.236161616161616,0.09343434343434343,-1.5812834434634715e-05,0.01643558230265221
6115,2.236161616161616,0.09939393939393938,-0.00016220144021697252,0.01758446433391234
6116,2.236161616161616,0.10535353535353534,0.00022522849847929737,0.018444314639713688
6117,2.236161616161616,0.1113131313131313,-0.00022778076271627042,0.01932164769024879
6118,2.236161616161616,0.11727272727272725,0.00027312962985586527,0.020508312997767057
6119,2.236161616161616,0.12323232323232322,-4.0375846329658914e-05,0.021594185335666816
6120,2.236161616161616,0.1291919191919192,7.392641781491888e-05,0.022584626429050677
6121,2.236161616161616,0.13515151515151513,-5.130540869507443e-05,0.02369987992048463
6122,2.236161616161616,0.1411111111111111,-0.00011701353495080391,0.02464298614493324
6123,2.236161616161616,0.14707070707070707,-0.00010039913994378418,0.025805987178055136
6124,2.236161616161616,0.15303030303030302,0.00030825314259550504,0.026624391517160572
6125,2.236161616161616,0.158989898989899,3.490986577786071e-05,0.027618486989157323
6126,2.236161616161616,0.16494949494949493,-5.0707861316866877e-05,0.02871892234154952
6127,2.236161616161616,0.1709090909090909,-0.0005406236981944461,0.029402930443402933
6128,2.236161616161616,0.17686868686868687,-0.0003796781628304637,0.030720661902491408
6129,2.236161616161616,0.1828282828282828,0.00043701707999372247,0.03199572540549228
6130,2.236161616161616,0.18878787878787878,0.00021415755264665698,0.03309867246351362
6131,2.236161616161616,0.19474747474747472,0.00027720298018543856,0.03374837822666859
6132,2.236161616161616,0.2007070707070707,0.0005917435057596021,0.03470161878138921
6133,2.236161616161616,0.20666666666666667,-5.2769998590175436e-05,0.036348396379078496
6134,2.236161616161616,0.2126262626262626,-0.00036614425919115383,0.03655305860602161
6135,2.236161616161616,0.21858585858585858,-4.356354361124111e-05,0.03781523890811675
6136,2.236161616161616,0.22454545454545452,-0.0001449107323857716,0.039252842359652734
6137,2.236161616161616,0.2305050505050505,9.839351385547994e-05,0.04023393268795479
6138,2.236161616161616,0.23646464646464646,-0.0004632986368970123,0.04110631940570109
6139,2.236161616161616,0.2424242424242424,-0.00017782833362176538,0.042620652815483176
6140,2.236161616161616,0.24838383838383837,0.0005263564827645481,0.04313456944900784
6141,2.236161616161616,0.2543434343434343,7.144465855998647e-05,0.04418611619318249
6142,2.236161616161616,0.26030303030303026,0.0005737609313173339,0.04561785655670273
6143,2.236161616161616,0.26626262626262626,-0.0001511109008978204,0.046775526133644774
6144,2.236161616161616,0.2722222222222222,-0.0005194690848469095,0.04722933784572007
6145,2.236161616161616,0.27818181818181814,-3.057967226442333e-05,0.04900281314626775
6146,2.236161616161616,0.28414141414141414,0.00042105034380019644,0.04978299987913087
6147,2.236161616161616,0.2901010101010101,-0.0002523641838291726,0.05116657074819709
6148,2.236161616161616,0.296060606060606,0.0011694198631324094,0.0516026344525504
6149,2.236161616161616,0.302020202020202,0.00010254177641116322,0.052433969065523375
6150,2.236161616161616,0.30797979797979796,7.311998032257834e-05,0.0531260014737027
6151,2.236161616161616,0.3139393939393939,-0.0002990210132004866,0.05469883675015713
6152,2.236161616161616,0.31989898989898985,0.000757398848820387,0.0557067614005456
6153,2.236161616161616,0.32585858585858585,-0.0014438062521493762,0.05639441549876446
6154,2.236161616161616,0.3318181818181818,0.0005047614643480565,0.0577644449625828
6155,2.236161616161616,0.33777777777777773,0.0009235687991454736,0.05935410588075451
6156,2.236161616161616,0.34373737373737373,-9.013043680833974e-05,0.060083237438782966
6157,2.236161616161616,0.3496969696969697,0.0006757422631240138,0.06122468739392751
6158,2.236161616161616,0.3556565656565656,-0.00038709796280276724,0.06155103339006498
6159,2.236161616161616,0.3616161616161616,-0.0010753603676011757,0.0626068258642109
6160,2.236161616161616,0.36757575757575756,0.00041400592424144727,0.06456473429158227
6161,2.236161616161616,0.3735353535353535,0.0003372782594611507,0.06514327615976036
6162,2.236161616161616,0.37949494949494944,0.0003281093993507746,0.0665963320549027
6163,2.236161616161616,0.38545454545454544,0.0005398470672038791,0.06755784367874998
6164,2.236161616161616,0.3914141414141414,0.00031109187390876783,0.06796053429657446
6165,2.236161616161616,0.3973737373737373,0.00017296146786206917,0.06947077646019914
6166,2.236161616161616,0.4033333333333333,-0.0005953809807467698,0.07035980788367341
6167,2.236161616161616,0.40929292929292926,0.00011319758656334068,0.07125567786111328
6168,2.236161616161616,0.4152525252525252,4.2546812158774696e-05,0.07371203339953623
6169,2.236161616161616,0.42121212121212115,-0.0016495045471277957,0.07299955881846945
6170,2.236161616161616,0.42717171717171715,-0.0008827575374556417,0.07394677026274167
6171,2.236161616161616,0.4331313131313131,0.0003525864476108019,0.0757830372075155
6172,2.236161616161616,0.43909090909090903,-0.0012106820937691075,0.0756712724174326
6173,2.236161616161616,0.44505050505050503,0.0018255575377803177,0.08022644677880464
6174,2.236161616161616,0.45101010101010097,-0.0005775761056921714,0.07928584440772096
6175,2.236161616161616,0.4569696969696969,1.825343995461113e-05,0.08060923872743957
6176,2.236161616161616,0.4629292929292929,-0.000987804435618138,0.08179957620244946
6177,2.236161616161616,0.46888888888888886,0.000916917276615675,0.08267754715415924
6178,2.236161616161616,0.4748484848484848,-0.0002663847633722557,0.0829716557959711
6179,2.236161616161616,0.48080808080808074,7.704821490382035e-05,0.08475797331023517
6180,2.236161616161616,0.48676767676767674,0.0002039199473478794,0.08493200104471925
6181,2.236161616161616,0.4927272727272727,-0.00033035496774958613,0.08785762751634037
6182,2.236161616161616,0.4986868686868686,-0.0001216188722517066,0.08738291887879643
6183,2.236161616161616,0.5046464646464646,-0.000495188451599775,0.08829418937148725
6184,2.236161616161616,0.5106060606060605,0.0003299432668424835,0.08891618954232457
6185,2.236161616161616,0.5165656565656566,0.0003604211508343589,0.0918328269656406
6186,2.236161616161616,0.5225252525252525,-0.00032320420654014843,0.09207910435282386
6187,2.236161616161616,0.5284848484848484,-0.00022724123457788496,0.09332253658127934
6188,2.236161616161616,0.5344444444444444,0.0005987779084971422,0.09488356268890188
6189,2.236161616161616,0.5404040404040403,-0.0007224055146805051,0.09522568022563861
6190,2.236161616161616,0.5463636363636363,0.0017921564226638469,0.09663071467394412
6191,2.236161616161616,0.5523232323232323,-0.000167978896240806,0.09738043047115567
6192,2.236161616161616,0.5582828282828283,0.0003827189726693192,0.09798777023643591
6193,2.236161616161616,0.5642424242424242,0.000990412845552433,0.10110176987044348
6194,2.236161616161616,0.5702020202020202,0.0014278811257324526,0.10262368170460517
6195,2.236161616161616,0.5761616161616161,-0.00033360944933054213,0.10251275778572272
6196,2.236161616161616,0.582121212121212,-0.0007428531852494177,0.10279552147238517
6197,2.236161616161616,0.588080808080808,-0.002610837558097257,0.10136706536506379
6198,2.236161616161616,0.594040404040404,-0.0010849499293541522,0.10432440483826275
6199,2.236161616161616,0.6,-0.0003529866840529834,0.10746961747752722
6200,2.256262626262626,0.01,3.0715885923875316e-05,0.0017660582836447896
6201,2.256262626262626,0.01595959595959596,1.5561307781537994e-05,0.0028488775587222925
6202,2.256262626262626,0.021919191919191918,2.6980566799400376e-05,0.0038919776812440217
6203,2.256262626262626,0.027878787878787878,-6.6558491497330504e-06,0.004866724517692046
6204,2.256262626262626,0.033838383838383834,-2.0719794188320928e-05,0.005931869942999016
6205,2.256262626262626,0.0397979797979798,-1.020400738331837e-05,0.007081775515037071
6206,2.256262626262626,0.045757575757575754,0.00013638105972519222,0.008094603088779897
6207,2.256262626262626,0.05171717171717172,-9.57015502264434e-05,0.009061692068756838
6208,2.256262626262626,0.05767676767676767,-1.9012044448449238e-05,0.010214504840750425
6209,2.256262626262626,0.06363636363636363,6.073135555105688e-05,0.011272463177354058
6210,2.256262626262626,0.06959595959595959,5.2237670454180273e-05,0.012342840515917691
6211,2.256262626262626,0.07555555555555554,-5.2112750290359774e-05,0.013406569431982906
6212,2.256262626262626,0.0815151515151515,0.00015744758502430543,0.014531769799592024
6213,2.256262626262626,0.08747474747474746,6.43332912721557e-06,0.015404672273581681
6214,2.256262626262626,0.09343434343434343,-3.916064087594905e-05,0.016600785380408583
6215,2.256262626262626,0.09939393939393938,9.18756141920479e-05,0.017536139154026742
6216,2.256262626262626,0.10535353535353534,-0.00014168664853957946,0.018727261519659696
6217,2.256262626262626,0.1113131313131313,6.160655927646366e-05,0.019808979398104193
6218,2.256262626262626,0.11727272727272725,-0.00027073653008470675,0.020786209714124756
6219,2.256262626262626,0.12323232323232322,0.0001412641380772933,0.021771570541349042
6220,2.256262626262626,0.1291919191919192,0.0003481775481071737,0.02277865437148434
6221,2.256262626262626,0.13515151515151513,5.358716445515039e-05,0.023817135758032532
6222,2.256262626262626,0.1411111111111111,0.00017819027126695242,0.024997208759491716
6223,2.256262626262626,0.14707070707070707,0.00029655836229844346,0.025928745003994835
6224,2.256262626262626,0.15303030303030302,0.00022595371520097975,0.02698171959545238
6225,2.256262626262626,0.158989898989899,0.0002431716337443718,0.028213171884946257
6226,2.256262626262626,0.16494949494949493,0.00037442385375187185,0.029367230599988345
6227,2.256262626262626,0.1709090909090909,-0.00023595908979988405,0.030125078390605332
6228,2.256262626262626,0.17686868686868687,-0.0001179922989783504,0.031605566091488076
6229,2.256262626262626,0.1828282828282828,-4.3503617493967864e-05,0.03238300808072059
6230,2.256262626262626,0.18878787878787878,-0.0001531321592877111,0.03338208692214882
6231,2.256262626262626,0.19474747474747472,-0.0002542724053864718,0.034364104771154515
6232,2.256262626262626,0.2007070707070707,-4.327946118527355e-05,0.03568572558681361
6233,2.256262626262626,0.20666666666666667,0.0005654635801059694,0.03680839489507811
6234,2.256262626262626,0.2126262626262626,0.0005541309916341456,0.03770555624132409
6235,2.256262626262626,0.21858585858585858,-0.00019207226303209133,0.038747399693265204
6236,2.256262626262626,0.22454545454545452,-0.00034836702323374146,0.03956886441619808
6237,2.256262626262626,0.2305050505050505,0.000684546579937251,0.04106726046670596
6238,2.256262626262626,0.23646464646464646,0.0008127964404534331,0.04220967027167105
6239,2.256262626262626,0.2424242424242424,0.00010731216309887946,0.043333760814238904
6240,2.256262626262626,0.24838383838383837,0.0002169041679739207,0.04404538410486604
6241,2.256262626262626,0.2543434343434343,0.0006507947428121781,0.045465174239810786
6242,2.256262626262626,0.26030303030303026,0.00026453737558472236,0.04657137695570713
6243,2.256262626262626,0.26626262626262626,1.62453738538634e-05,0.04684551290984448
6244,2.256262626262626,0.2722222222222222,0.0001258332128831708,0.048628669412174426
6245,2.256262626262626,0.27818181818181814,8.76365353641061e-05,0.04929934297844069
6246,2.256262626262626,0.28414141414141414,0.00034457719795843116,0.0502857414380508
6247,2.256262626262626,0.2901010101010101,0.0002851463815771615,0.052104828488327926
6248,2.256262626262626,0.296060606060606,-0.00021358962465584894,0.052943440930036785
6249,2.256262626262626,0.302020202020202,-9.526955038728825e-05,0.0535009748468593
6250,2.256262626262626,0.30797979797979796,0.0002526884254883368,0.055135537820648096
6251,2.256262626262626,0.3139393939393939,-0.0008233015174665678,0.056380150978960174
6252,2.256262626262626,0.31989898989898985,0.0005498284503778304,0.057426495919622574
6253,2.256262626262626,0.32585858585858585,-0.001055870354683586,0.05807185211238167
6254,2.256262626262626,0.3318181818181818,0.00015705541277345874,0.058428728624375065
6255,2.256262626262626,0.33777777777777773,-0.001146476089409525,0.06087525032077549
6256,2.256262626262626,0.34373737373737373,9.629927705436106e-05,0.061381073079579664
6257,2.256262626262626,0.3496969696969697,-0.0011875946616054112,0.06187310173793541
6258,2.256262626262626,0.3556565656565656,0.0010299202449702935,0.06368259904098002
6259,2.256262626262626,0.3616161616161616,-9.631631232728135e-05,0.0639019393507282
6260,2.256262626262626,0.36757575757575756,0.0012217191492308731,0.06500540727396023
6261,2.256262626262626,0.3735353535353535,0.0006617737756774561,0.06692952002883433
6262,2.256262626262626,0.37949494949494944,-0.00217191584057139,0.0673906887819378
6263,2.256262626262626,0.38545454545454544,0.00042790287680047985,0.0687124446829537
6264,2.256262626262626,0.3914141414141414,0.0016195592773232577,0.06995967724042858
6265,2.256262626262626,0.3973737373737373,0.0011228518042664158,0.07050180243650658
6266,2.256262626262626,0.4033333333333333,0.0005392532874000058,0.07222223571457492
6267,2.256262626262626,0.40929292929292926,0.000624004802251432,0.0728156789770666
6268,2.256262626262626,0.4152525252525252,0.000262871990098095,0.07407965381216265
6269,2.256262626262626,0.42121212121212115,0.0004801821996054651,0.07501285125157772
6270,2.256262626262626,0.42717171717171715,7.220581217207534e-05,0.07569804597545103
6271,2.256262626262626,0.4331313131313131,0.00027073354993556985,0.07704678799711014
6272,2.256262626262626,0.43909090909090903,0.0003608124148525154,0.07876830216712276
6273,2.256262626262626,0.44505050505050503,-0.0006425992338041341,0.07893720430252522
6274,2.256262626262626,0.45101010101010097,-0.001516149124325588,0.07891943864421269
6275,2.256262626262626,0.4569696969696969,-0.00017793271862698065,0.08057520036633453
6276,2.256262626262626,0.4629292929292929,-0.00044601404787805325,0.08155614855098849
6277,2.256262626262626,0.46888888888888886,0.0013303875121943786,0.08464332635158035
6278,2.256262626262626,0.4748484848484848,0.0010906609359855603,0.08454410844374725
6279,2.256262626262626,0.48080808080808074,0.00015043338290267962,0.08670871261826531
6280,2.256262626262626,0.48676767676767674,-3.2323939768470564e-05,0.08657026763513977
6281,2.256262626262626,0.4927272727272727,0.000531235405430544,0.08755274720632313
6282,2.256262626262626,0.4986868686868686,-0.00047341071143194695,0.0880614616071658
6283,2.256262626262626,0.5046464646464646,0.0006134677513155765,0.09051498170909159
6284,2.256262626262626,0.5106060606060605,0.0012380107712693068,0.09104931452596572
6285,2.256262626262626,0.5165656565656566,0.00034533558154322053,0.09317578600388059
6286,2.256262626262626,0.5225252525252525,-0.0006542349083974296,0.09357927549613625
6287,2.256262626262626,0.5284848484848484,7.01414139475025e-05,0.09338572213074141
6288,2.256262626262626,0.5344444444444444,0.0004900449145088947,0.0956263255991206
6289,2.256262626262626,0.5404040404040403,-0.00039096209928976203,0.09672910549175917
6290,2.256262626262626,0.5463636363636363,0.0016213764281645868,0.09828866060463441
6291,2.256262626262626,0.5523232323232323,0.0012976180424480715,0.09949561971123747
6292,2.256262626262626,0.5582828282828283,-0.0005189591512724314,0.10033728810350807
6293,2.256262626262626,0.5642424242424242,0.0002876184277278116,0.10082069060058801
6294,2.256262626262626,0.5702020202020202,0.0005280873689858332,0.102063266228062
6295,2.256262626262626,0.5761616161616161,-0.0006563247622965311,0.1020082231762688
6296,2.256262626262626,0.582121212121212,-0.002038374170297023,0.1043932124605647
6297,2.256262626262626,0.588080808080808,0.0022344687155850464,0.10562566005074868
6298,2.256262626262626,0.594040404040404,-0.0033261500676368926,0.10688189331687152
6299,2.256262626262626,0.6,-0.0005692390059439525,0.10912908341702869
6300,2.2763636363636364,0.01,-5.931940236735844e-06,0.0018045938409508426
6301,2.2763636363636364,0.01595959595959596,-2.5452019922145506e-05,0.0028741488624191725
6302,2.2763636363636364,0.021919191919191918,1.624352797495635e-05,0.003964613614021517
6303,2.2763636363636364,0.027878787878787878,-3.840039229402629e-05,0.005022501287119066
6304,2.2763636363636364,0.033838383838383834,-6.888353683279226e-05,0.006117431200900556
6305,2.2763636363636364,0.0397979797979798,-1.4367518012059943e-05,0.007191446113754778
6306,2.2763636363636364,0.045757575757575754,-4.5183952744084646e-05,0.008159450624885035
6307,2.2763636363636364,0.05171717171717172,8.729707057654794e-05,0.009314061127440112
6308,2.2763636363636364,0.05767676767676767,-4.469275609245349e-06,0.010285618067090104
6309,2.2763636363636364,0.06363636363636363,3.834569528106169e-06,0.01149936620291155
6310,2.2763636363636364,0.06959595959595959,2.36274898712991e-05,0.012429002015641488
6311,2.2763636363636364,0.07555555555555554,-5.018715285414166e-06,0.01363299560657064
6312,2.2763636363636364,0.0815151515151515,9.721846253031857e-05,0.014693761056409932
6313,2.2763636363636364,0.08747474747474746,0.0001205056621219627,0.015736904453256845
6314,2.2763636363636364,0.09343434343434343,-0.0003870051677562618,0.016656882697807237
6315,2.2763636363636364,0.09939393939393938,0.0001735743813130595,0.017894589120062396
6316,2.2763636363636364,0.10535353535353534,8.406813326683116e-06,0.019072781768675547
6317,2.2763636363636364,0.1113131313131313,-0.00022898981234192008,0.01994966684404187
6318,2.2763636363636364,0.11727272727272725,9.12411377127318e-05,0.02100314566971503
6319,2.2763636363636364,0.12323232323232322,5.968722739879307e-05,0.022093615458282086
6320,2.2763636363636364,0.1291919191919192,-0.00016900984582313673,0.023081581157706713
6321,2.2763636363636364,0.13515151515151513,-0.0002462284372371271,0.02433512680073682
6322,2.2763636363636364,0.1411111111111111,-0.00019092178135289806,0.025390122152594397
6323,2.2763636363636364,0.14707070707070707,-5.8946417653067154e-05,0.02676056026647173
6324,2.2763636363636364,0.15303030303030302,0.00022157955835610114,0.02766910391153354
6325,2.2763636363636364,0.158989898989899,0.00021339542783112422,0.028405641847521822
6326,2.2763636363636364,0.16494949494949493,-0.00010121078980274038,0.029385555189506335
6327,2.2763636363636364,0.1709090909090909,0.0003935632129706055,0.03082040286721431
6328,2.2763636363636364,0.17686868686868687,-0.00024741220391893883,0.03197608916019392
6329,2.2763636363636364,0.1828282828282828,0.00045766531958570973,0.03291227392900824
6330,2.2763636363636364,0.18878787878787878,-0.0003285823481704991,0.033419497715454785
6331,2.2763636363636364,0.19474747474747472,-0.0004492714038167229,0.034871211446169156
6332,2.2763636363636364,0.2007070707070707,8.507887403226932e-06,0.03645268293427668
6333,2.2763636363636364,0.20666666666666667,0.000255120974144919,0.037555950184198786
6334,2.2763636363636364,0.2126262626262626,0.0003497815155216788,0.03791780979290826
6335,2.2763636363636364,0.21858585858585858,0.0003106483860928899,0.039503345793876404
6336,2.2763636363636364,0.22454545454545452,-0.0002747573679804612,0.040469810543316255
6337,2.2763636363636364,0.2305050505050505,0.00023312082559701083,0.04212628991195895
6338,2.2763636363636364,0.23646464646464646,-0.00017242596678093773,0.042648227567487436
6339,2.2763636363636364,0.2424242424242424,-0.00011486282362613806,0.043003855524342445
6340,2.2763636363636364,0.24838383838383837,0.0006156522643351242,0.045444473692250444
6341,2.2763636363636364,0.2543434343434343,0.00025438891812560753,0.045927306021826104
6342,2.2763636363636364,0.26030303030303026,0.00025316541400063685,0.04654820753359912
6343,2.2763636363636364,0.26626262626262626,-0.0002971915527718839,0.04794015026794139
6344,2.2763636363636364,0.2722222222222222,-0.0002758173386560846,0.04959938855586294
6345,2.2763636363636364,0.27818181818181814,9.71923979141148e-05,0.050206921931693196
6346,2.2763636363636364,0.28414141414141414,-0.0008058029230615404,0.051698510949072796
6347,2.2763636363636364,0.2901010101010101,0.00011502354722551429,0.053014275250554084
6348,2.2763636363636364,0.296060606060606,-0.0006206067364264643,0.053029736595041704
6349,2.2763636363636364,0.302020202020202,0.0005857775784048284,0.05491542175455533
6350,2.2763636363636364,0.30797979797979796,0.0002109632931553169,0.055369863550345844
6351,2.2763636363636364,0.3139393939393939,-0.0005637691765366514,0.05634664928680658
6352,2.2763636363636364,0.31989898989898985,0.00039147652012718604,0.05773719648035614
6353,2.2763636363636364,0.32585858585858585,0.00011336926913091663,0.05863200087475017
6354,2.2763636363636364,0.3318181818181818,-0.00018946786016260395,0.0604292845466292
6355,2.2763636363636364,0.33777777777777773,0.0006083727798675264,0.06145538658882199
6356,2.2763636363636364,0.34373737373737373,-0.0008019267313534328,0.06224166733819385
6357,2.2763636363636364,0.3496969696969697,-9.74043301972433e-05,0.06270990999966951
6358,2.2763636363636364,0.3556565656565656,-0.0004513828730186452,0.06362951610343971
6359,2.2763636363636364,0.3616161616161616,0.0009362874757916563,0.06566374860871102
6360,2.2763636363636364,0.36757575757575756,0.0009379826759635542,0.06661627378952949
6361,2.2763636363636364,0.3735353535353535,0.0002501637290504852,0.06739445058010468
6362,2.2763636363636364,0.37949494949494944,-0.00041152967374826117,0.06879118154351825
6363,2.2763636363636364,0.38545454545454544,-0.001443605746447517,0.06932035579844482
6364,2.2763636363636364,0.3914141414141414,0.0005825770976357115,0.0710615554586472
6365,2.2763636363636364,0.3973737373737373,0.0006710254768447655,0.07255938706131053
6366,2.2763636363636364,0.4033333333333333,0.000257042175311311,0.07285742969223019
6367,2.2763636363636364,0.40929292929292926,-0.0007255523708083511,0.07463929508844723
6368,2.2763636363636364,0.4152525252525252,-6.491210512531151e-05,0.07535000994748546
6369,2.2763636363636364,0.42121212121212115,-1.904372465597324e-05,0.0764517396892591
6370,2.2763636363636364,0.42717171717171715,0.0004764558017855282,0.07797095006404368
6371,2.2763636363636364,0.4331313131313131,-0.0006512128480134212,0.07800948758770307
6372,2.2763636363636364,0.43909090909090903,0.001444647295269167,0.07971166608170822
6373,2.2763636363636364,0.44505050505050503,-0.0011922987437464128,0.08016481624382282
6374,2.2763636363636364,0.45101010101010097,-0.0014586564832172483,0.08075132345066321
6375,2.2763636363636364,0.4569696969696969,0.0018218196573270696,0.0833724071155073
6376,2.2763636363636364,0.4629292929292929,-0.0017528376084231792,0.08358432389984848
6377,2.2763636363636364,0.46888888888888886,0.000390675651339908,0.08489699350094605
6378,2.2763636363636364,0.4748484848484848,-4.189241968329807e-05,0.0861298627556695
6379,2.2763636363636364,0.48080808080808074,-0.00012812818630846454,0.08774636109275928
6380,2.2763636363636364,0.48676767676767674,0.0023335546796451737,0.08899733936014036
6381,2.2763636363636364,0.4927272727272727,0.0007336977205969668,0.0897204119324151
6382,2.2763636363636364,0.4986868686868686,-0.0004804125352431325,0.09032806402756667
6383,2.2763636363636364,0.5046464646464646,3.770852599936254e-05,0.09248187800440628
6384,2.2763636363636364,0.5106060606060605,-0.0006472516341941765,0.09214596341227287
6385,2.2763636363636364,0.5165656565656566,6.712076884396731e-05,0.09437066531728328
6386,2.2763636363636364,0.5225252525252525,0.000900050410043967,0.09707899660181955
6387,2.2763636363636364,0.5284848484848484,0.002679932200243671,0.09807225666524998
6388,2.2763636363636364,0.5344444444444444,0.0002041819229843436,0.09697868133853735
6389,2.2763636363636364,0.5404040404040403,0.0017922327681294298,0.09822697658118189
6390,2.2763636363636364,0.5463636363636363,0.001225613182295903,0.09976034042968905
6391,2.2763636363636364,0.5523232323232323,-0.0007161345265544543,0.10000898413921704
6392,2.2763636363636364,0.5582828282828283,0.000652391865554651,0.10237977551890384
6393,2.2763636363636364,0.5642424242424242,0.0008359257945237168,0.10215149160462558
6394,2.2763636363636364,0.5702020202020202,5.468048670961547e-05,0.10383357331693739
6395,2.2763636363636364,0.5761616161616161,0.0005805769237024046,0.1056285945911496
6396,2.2763636363636364,0.582121212121212,0.0007419317503030205,0.1052881923649989
6397,2.2763636363636364,0.588080808080808,-0.00031712273624465083,0.10769806366539637
6398,2.2763636363636364,0.594040404040404,0.001970462931361154,0.10821242535208846
6399,2.2763636363636364,0.6,0.0009567226838565915,0.11007808294294227
6400,2.2964646464646465,0.01,4.072709344762659e-06,0.001821570101250933
6401,2.2964646464646465,0.01595959595959596,-2.074043838762677e-05,0.0028992144279401865
6402,2.2964646464646465,0.021919191919191918,-4.193022539380947e-05,0.003975198885218497
6403,2.2964646464646465,0.027878787878787878,-1.9766966217680594e-06,0.005099548030264654
6404,2.2964646464646465,0.033838383838383834,2.3881054289171043e-05,0.006186412647840726
6405,2.2964646464646465,0.0397979797979798,-1.1631485635693872e-05,0.0072738524315611305
6406,2.2964646464646465,0.045757575757575754,-0.00011149874132297781,0.008326754197725194
6407,2.2964646464646465,0.05171717171717172,6.502103779423507e-07,0.009388015499549849
6408,2.2964646464646465,0.05767676767676767,4.911279398020063e-05,0.01040978758211897
6409,2.2964646464646465,0.06363636363636363,0.00012461823097067334,0.011558889080163339
6410,2.2964646464646465,0.06959595959595959,0.00013823401425695455,0.012644423449384833
6411,2.2964646464646465,0.07555555555555554,5.036980427898207e-05,0.013753139816391492
6412,2.2964646464646465,0.0815151515151515,-0.00018965786614166843,0.014743848784791654
6413,2.2964646464646465,0.08747474747474746,-7.5507248412628455e-06,0.01587271073940871
6414,2.2964646464646465,0.09343434343434343,-5.077937108900613e-05,0.01718326644979932
6415,2.2964646464646465,0.09939393939393938,-6.815369400494876e-05,0.018291033704458982
6416,2.2964646464646465,0.10535353535353534,-7.345073768526735e-05,0.01918356796106172
6417,2.2964646464646465,0.1113131313131313,-0.0002132380219676127,0.020327006720331296
6418,2.2964646464646465,0.11727272727272725,-0.00016656069842161596,0.02131293893420605
6419,2.2964646464646465,0.12323232323232322,0.00026209327807066055,0.022480012880237318
6420,2.2964646464646465,0.1291919191919192,0.00021800836651022156,0.023915235744974096
6421,2.2964646464646465,0.13515151515151513,-8.383773700902924e-05,0.024843797330270704
6422,2.2964646464646465,0.1411111111111111,-0.0001342220244376546,0.025597645838019257
6423,2.2964646464646465,0.14707070707070707,-0.00012765409329863831,0.026858884990959016
6424,2.2964646464646465,0.15303030303030302,5.508263998366798e-05,0.027810470959938344
6425,2.2964646464646465,0.158989898989899,-0.000538308095924664,0.028657385830230486
6426,2.2964646464646465,0.16494949494949493,-7.484569483413392e-05,0.030555768849103923
6427,2.2964646464646465,0.1709090909090909,-8.385984228790157e-05,0.03124021487247932
6428,2.2964646464646465,0.17686868686868687,-0.00019579635639269225,0.03225415408424995
6429,2.2964646464646465,0.1828282828282828,0.000223457710835533,0.03328165543199386
6430,2.2964646464646465,0.18878787878787878,-9.884875397636532e-05,0.03472514634846084
6431,2.2964646464646465,0.19474747474747472,0.00013168319946480652,0.03553026141559956
6432,2.2964646464646465,0.2007070707070707,-0.00045514909139615867,0.03684509614606567
6433,2.2964646464646465,0.20666666666666667,-0.00010574533956675556,0.037780311032873076
6434,2.2964646464646465,0.2126262626262626,-0.00043805241530080083,0.038771233178117884
6435,2.2964646464646465,0.21858585858585858,0.0005853487139706011,0.03967272648841306
6436,2.2964646464646465,0.22454545454545452,0.00012525169453836242,0.04084991631630151
6437,2.2964646464646465,0.2305050505050505,-1.644059263773574e-05,0.04251797481952872
6438,2.2964646464646465,0.23646464646464646,-0.0010282379719949825,0.043147728576016044
6439,2.2964646464646465,0.2424242424242424,-0.00038129468120089556,0.04441217605649224
6440,2.2964646464646465,0.24838383838383837,-6.0844815007585185e-05,0.045196378626445086
6441,2.2964646464646465,0.2543434343434343,-0.0011442582194865325,0.04626919751664639
6442,2.2964646464646465,0.26030303030303026,-0.0005077960180574483,0.04718191041345044
6443,2.2964646464646465,0.26626262626262626,-3.964182964166698e-05,0.04948633744492149
6444,2.2964646464646465,0.2722222222222222,-8.364046972085494e-05,0.04992299464884443
6445,2.2964646464646465,0.27818181818181814,0.00024773185248243415,0.05076257884396708
6446,2.2964646464646465,0.28414141414141414,-0.00025773693593478486,0.0519401238948661
6447,2.2964646464646465,0.2901010101010101,0.0008040156381537654,0.0533397415493973
6448,2.2964646464646465,0.296060606060606,0.0006020093278104213,0.054720258825876326
6449,2.2964646464646465,0.302020202020202,0.0003175851100873096,0.05488965653981838
6450,2.2964646464646465,0.30797979797979796,0.000625706540293737,0.056935720230503986
6451,2.2964646464646465,0.3139393939393939,-0.00014390469245169474,0.05716712226329304
6452,2.2964646464646465,0.31989898989898985,4.6549586397885e-05,0.058643243418025445
6453,2.2964646464646465,0.32585858585858585,-0.0003515653520992895,0.06010697642183792
6454,2.2964646464646465,0.3318181818181818,0.00037190768381728826,0.060640465998833604
6455,2.2964646464646465,0.33777777777777773,0.00031214335536952815,0.0622490040125911
6456,2.2964646464646465,0.34373737373737373,-0.000543188106899483,0.0640396625238087
6457,2.2964646464646465,0.3496969696969697,0.00028665496536966025,0.0641091176438855
6458,2.2964646464646465,0.3556565656565656,-0.0002565491438319409,0.06533686089166041
6459,2.2964646464646465,0.3616161616161616,0.0002271112502209035,0.06581206429619915
6460,2.2964646464646465,0.36757575757575756,-0.0012318857458317454,0.06677861237323612
6461,2.2964646464646465,0.3735353535353535,-0.00030202679092012285,0.06895835236278745
6462,2.2964646464646465,0.37949494949494944,0.0015373286969122754,0.06995440262710399
6463,2.2964646464646465,0.38545454545454544,-0.0004894755898364046,0.0709262147810065
6464,2.2964646464646465,0.3914141414141414,0.001347559540992826,0.07170100168091711
6465,2.2964646464646465,0.3973737373737373,-0.00013896453270433956,0.07236525802780305
6466,2.2964646464646465,0.4033333333333333,0.0003314134222125365,0.07525848852683537
6467,2.2964646464646465,0.40929292929292926,0.0004975232681291362,0.07548651320982061
6468,2.2964646464646465,0.4152525252525252,-0.00038371163554173443,0.07554732033278945
6469,2.2964646464646465,0.42121212121212115,0.00045518928916443214,0.07837872748622193
6470,2.2964646464646465,0.42717171717171715,-0.000862662954054351,0.07925463716775812
6471,2.2964646464646465,0.4331313131313131,0.00014170778415225556,0.07995340242649779
6472,2.2964646464646465,0.43909090909090903,0.0008673504271391539,0.08024716940172726
6473,2.2964646464646465,0.44505050505050503,-0.0007786058613125834,0.08242141493567517
6474,2.2964646464646465,0.45101010101010097,0.0011337391977510598,0.08325572224130691
6475,2.2964646464646465,0.4569696969696969,0.001020315986702259,0.0855222387135157
6476,2.2964646464646465,0.4629292929292929,-0.0010213677389561376,0.0857809386467065
6477,2.2964646464646465,0.46888888888888886,0.000267691641506166,0.08630763729917316
6478,2.2964646464646465,0.4748484848484848,0.0006579349675006091,0.08829998067970886
6479,2.2964646464646465,0.48080808080808074,-0.0007140866367098837,0.08941052462715365
6480,2.2964646464646465,0.48676767676767674,0.001134729099552408,0.09014175301237308
6481,2.2964646464646465,0.4927272727272727,0.0009599387866970581,0.09094401359999393
6482,2.2964646464646465,0.4986868686868686,-0.0015125588976985494,0.09016974424878083
6483,2.2964646464646465,0.5046464646464646,-0.00043155812352369287,0.0929834578653471
6484,2.2964646464646465,0.5106060606060605,-7.758265847519276e-05,0.0931885352294205
6485,2.2964646464646465,0.5165656565656566,0.0011905019222049834,0.09602756989909214
6486,2.2964646464646465,0.5225252525252525,0.0008651075177637633,0.09761418154120438
6487,2.2964646464646465,0.5284848484848484,-0.00023586008473416834,0.09723500093424141
6488,2.2964646464646465,0.5344444444444444,-0.0007689054690755497,0.09841548578743088
6489,2.2964646464646465,0.5404040404040403,-0.0010877825928182726,0.09913551316265783
6490,2.2964646464646465,0.5463636363636363,-0.0008745569515415172,0.10100313655549523
6491,2.2964646464646465,0.5523232323232323,-0.000556625235783837,0.1017294570766982
6492,2.2964646464646465,0.5582828282828283,0.00046168369464590607,0.10382165476667823
6493,2.2964646464646465,0.5642424242424242,-0.00039552830662646025,0.10590811662309135
6494,2.2964646464646465,0.5702020202020202,-0.0015868233523902485,0.10508053521903776
6495,2.2964646464646465,0.5761616161616161,0.0005505227143560898,0.10773786450028168
6496,2.2964646464646465,0.582121212121212,-0.0005526682936306343,0.10771814530512014
6497,2.2964646464646465,0.588080808080808,-5.466523234203598e-05,0.10822786780784271
6498,2.2964646464646465,0.594040404040404,0.000586294591275828,0.11117910471780515
6499,2.2964646464646465,0.6,0.00012091324392196361,0.11155450662045538
6500,2.3165656565656567,0.01,1.2779004729848787e-05,0.0018604407574767383
6501,2.3165656565656567,0.01595959595959596,-8.504028823000776e-06,0.0029699180703805783
6502,2.3165656565656567,0.021919191919191918,5.239889047974056e-06,0.004048576562940542
6503,2.3165656565656567,0.027878787878787878,4.7308124825953754e-05,0.005099744440594735
6504,2.3165656565656567,0.033838383838383834,-1.4329092463240533e-05,0.00632189499220693
6505,2.3165656565656567,0.0397979797979798,8.328582901759002e-05,0.007395104655787896
6506,2.3165656565656567,0.045757575757575754,2.4489052197860873e-05,0.008468215745156132
6507,2.3165656565656567,0.05171717171717172,-3.46790205706068e-05,0.009620733258852465
6508,2.3165656565656567,0.05767676767676767,-9.23929541687477e-06,0.010831386571082917
6509,2.3165656565656567,0.06363636363636363,0.00010850063176876117,0.011777687564578112
6510,2.3165656565656567,0.06959595959595959,7.100564269356471e-05,0.012967261027742998
6511,2.3165656565656567,0.07555555555555554,-4.532377180374325e-06,0.013929659193735807
6512,2.3165656565656567,0.0815151515151515,0.00012701018919582577,0.015027933380910356
6513,2.3165656565656567,0.08747474747474746,-5.361090690302821e-05,0.016488335997152017
6514,2.3165656565656567,0.09343434343434343,-0.0002679748555175955,0.017144361587429893
6515,2.3165656565656567,0.09939393939393938,5.919222275932201e-06,0.018612192987977377
6516,2.3165656565656567,0.10535353535353534,1.0698450161311834e-05,0.019425874435460438
6517,2.3165656565656567,0.1113131313131313,-0.00015932364932716382,0.020505605465522818
6518,2.3165656565656567,0.11727272727272725,-0.00021688977080820248,0.021674578608229612
6519,2.3165656565656567,0.12323232323232322,7.458153674682797e-05,0.023012037654977543
6520,2.3165656565656567,0.1291919191919192,2.4961644528782577e-07,0.023882073463076782
6521,2.3165656565656567,0.13515151515151513,0.00019213081875188497,0.02517881582293518
6522,2.3165656565656567,0.1411111111111111,0.000205821131192954,0.026248008116264716
6523,2.3165656565656567,0.14707070707070707,0.00014507055949787727,0.027041098899522043
6524,2.3165656565656567,0.15303030303030302,-0.00013146230156123719,0.02846199719607118
6525,2.3165656565656567,0.158989898989899,0.0004225981907310247,0.02954844869641219
6526,2.3165656565656567,0.16494949494949493,6.206448244882257e-05,0.030250946842471288
6527,2.3165656565656567,0.1709090909090909,0.0006622418405043954,0.03189161195877734
6528,2.3165656565656567,0.17686868686868687,0.0003255497365331941,0.03234165625364769
6529,2.3165656565656567,0.1828282828282828,0.00013605214686866375,0.03434210294102931
6530,2.3165656565656567,0.18878787878787878,-0.0002259956064405643,0.034991214793983164
6531,2.3165656565656567,0.19474747474747472,2.2736661215465804e-05,0.03603878436122173
6532,2.3165656565656567,0.2007070707070707,-0.00047012883039832367,0.0368048243470123
6533,2.3165656565656567,0.20666666666666667,0.00010070936165299722,0.038933810021585226
6534,2.3165656565656567,0.2126262626262626,-1.9545028348931746e-05,0.0395860209352383
6535,2.3165656565656567,0.21858585858585858,0.00014796260956846034,0.04086955518089778
6536,2.3165656565656567,0.22454545454545452,-0.0002962281644185298,0.041419678845318074
6537,2.3165656565656567,0.2305050505050505,0.0004705720746809915,0.043647451833906434
6538,2.3165656565656567,0.23646464646464646,-0.0007400155592814995,0.04374089928492014
6539,2.3165656565656567,0.2424242424242424,-0.0003947294766312215,0.04508659700795054
6540,2.3165656565656567,0.24838383838383837,-0.00043488614968863974,0.046184858190795285
6541,2.3165656565656567,0.2543434343434343,4.1339206543593045e-05,0.04679709717262897
6542,2.3165656565656567,0.26030303030303026,0.0003336463477076884,0.048299219213185605
6543,2.3165656565656567,0.26626262626262626,0.0007636883899215086,0.049067111994428404
6544,2.3165656565656567,0.2722222222222222,-7.050227391929893e-05,0.05043683986414116
6545,2.3165656565656567,0.27818181818181814,-0.0010662550349559517,0.05138762445616937
6546,2.3165656565656567,0.28414141414141414,-0.0001737678369690438,0.0530973792356773
6547,2.3165656565656567,0.2901010101010101,-0.00015329828788925286,0.05457406387011097
6548,2.3165656565656567,0.296060606060606,-0.00026147708559396446,0.05545757238512736
6549,2.3165656565656567,0.302020202020202,0.0007089924474541706,0.05630503617947661
6550,2.3165656565656567,0.30797979797979796,-0.0008853990626757241,0.05730909465014093
6551,2.3165656565656567,0.3139393939393939,-0.00044850798401152494,0.057984138976412414
6552,2.3165656565656567,0.31989898989898985,0.0001109959412049332,0.059916018863068576
6553,2.3165656565656567,0.32585858585858585,2.5409288574844745e-05,0.06005124988179725
6554,2.3165656565656567,0.3318181818181818,0.0008838162936568585,0.0623452185703564
6555,2.3165656565656567,0.33777777777777773,0.0007280144698473311,0.06378135251884916
6556,2.3165656565656567,0.34373737373737373,0.00023423268539696002,0.06468875840108189
6557,2.3165656565656567,0.3496969696969697,0.0007097770290933136,0.06506435435862491
6558,2.3165656565656567,0.3556565656565656,-0.000637873964694849,0.06610925378991776
6559,2.3165656565656567,0.3616161616161616,-0.0015872426864591183,0.06649231353549909
6560,2.3165656565656567,0.36757575757575756,-0.0010384370500584406,0.06783071853769063
6561,2.3165656565656567,0.3735353535353535,-0.00030273047011610503,0.06938883650193542
6562,2.3165656565656567,0.37949494949494944,-0.0005811896544936618,0.07065643402059348
6563,2.3165656565656567,0.38545454545454544,-0.00028616640373246247,0.07193216265978906
6564,2.3165656565656567,0.3914141414141414,-0.0007118505665105851,0.07400217012731806
6565,2.3165656565656567,0.3973737373737373,-0.0012291813890412432,0.07415059082649623
6566,2.3165656565656567,0.4033333333333333,0.0015617047212785663,0.07603766473031935
6567,2.3165656565656567,0.40929292929292926,-0.00038390224163353424,0.076622170423261
6568,2.3165656565656567,0.4152525252525252,1.0247090521658552e-05,0.07762534645069362
6569,2.3165656565656567,0.42121212121212115,0.0006362071054485211,0.07808867250807548
6570,2.3165656565656567,0.42717171717171715,-0.0008312097060160671,0.08000419681981216
6571,2.3165656565656567,0.4331313131313131,0.0012164647346324209,0.08120426910506523
6572,2.3165656565656567,0.43909090909090903,-5.084003419173299e-06,0.08202416359572758
6573,2.3165656565656567,0.44505050505050503,5.285912431846116e-05,0.08375903270359242
6574,2.3165656565656567,0.45101010101010097,0.0003116962433836552,0.08424656058600893
6575,2.3165656565656567,0.4569696969696969,0.0013082999223547479,0.08580284121383029
6576,2.3165656565656567,0.4629292929292929,-0.0001993663791693069,0.0870119553121993
6577,2.3165656565656567,0.46888888888888886,-0.0004570820794711262,0.08701687728904003
6578,2.3165656565656567,0.4748484848484848,0.0008598598781830527,0.08961288709895392
6579,2.3165656565656567,0.48080808080808074,0.0014939172616208998,0.08920648195078401
6580,2.3165656565656567,0.48676767676767674,-0.00037604716247266663,0.09039504468915922
6581,2.3165656565656567,0.4927272727272727,-0.0003228406798200565,0.09198007016436902
6582,2.3165656565656567,0.4986868686868686,0.0006538980764531177,0.09351654753819165
6583,2.3165656565656567,0.5046464646464646,0.00039256979537018763,0.09454129637838725
6584,2.3165656565656567,0.5106060606060605,-0.0001360674164173192,0.09653392888742783
6585,2.3165656565656567,0.5165656565656566,0.00030806297765566623,0.09792832060480419
6586,2.3165656565656567,0.5225252525252525,0.0005481599425849684,0.09778830373469971
6587,2.3165656565656567,0.5284848484848484,-0.0014996628014227835,0.0989738558487017
6588,2.3165656565656567,0.5344444444444444,0.0007421902888867397,0.10077096676699127
6589,2.3165656565656567,0.5404040404040403,0.00046456576507776867,0.10206967584183506
6590,2.3165656565656567,0.5463636363636363,8.529692659327863e-05,0.10246013490734363
6591,2.3165656565656567,0.5523232323232323,0.00047376398325051186,0.10349280129252303
6592,2.3165656565656567,0.5582828282828283,0.0004539182830452125,0.10488303028628249
6593,2.3165656565656567,0.5642424242424242,0.001262137906700817,0.10818245803669715
6594,2.3165656565656567,0.5702020202020202,-0.001197415545926621,0.10678966521478446
6595,2.3165656565656567,0.5761616161616161,-0.00017587245776765856,0.10795275453400094
6596,2.3165656565656567,0.582121212121212,-0.0009882218435878969,0.10968989975410609
6597,2.3165656565656567,0.588080808080808,-0.0006942647288934203,0.11017824357861712
6598,2.3165656565656567,0.594040404040404,-0.001638506948247152,0.11091597851257953
6599,2.3165656565656567,0.6,-4.897332711650515e-06,0.1111600034960865
6600,2.336666666666667,0.01,-9.016267352754049e-06,0.001866157564955404
6601,2.336666666666667,0.01595959595959596,8.566777581076446e-06,0.002993281799877812
6602,2.336666666666667,0.021919191919191918,-7.951580821092378e-05,0.004182329521891486
6603,2.336666666666667,0.027878787878787878,4.794078722085826e-05,0.005257020921681912
6604,2.336666666666667,0.033838383838383834,-4.179920976003203e-05,0.006441178783049393
6605,2.336666666666667,0.0397979797979798,1.3986580437338924e-05,0.007482424357641569
6606,2.336666666666667,0.045757575757575754,-6.326766426172204e-06,0.0086211049348775
6607,2.336666666666667,0.05171717171717172,4.6551648315167124e-05,0.009720894674350737
6608,2.336666666666667,0.05767676767676767,-8.623333219323471e-05,0.010814946304668767
6609,2.336666666666667,0.06363636363636363,0.000173343336616552,0.011917607966423015
6610,2.336666666666667,0.06959595959595959,-0.00011705884961573991,0.013163370708508707
6611,2.336666666666667,0.07555555555555554,-1.7382827239301413e-05,0.014315057039769874
6612,2.336666666666667,0.0815151515151515,-0.00016342347509685614,0.015317514442658593
6613,2.336666666666667,0.08747474747474746,0.00011411611555342694,0.016555483665585766
6614,2.336666666666667,0.09343434343434343,-3.834147274404868e-05,0.01772454994409391
6615,2.336666666666667,0.09939393939393938,-5.2225696125566644e-05,0.01859335938426565
6616,2.336666666666667,0.10535353535353534,-0.0001943109943073923,0.019677734046434206
6617,2.336666666666667,0.1113131313131313,0.000195733599118368,0.021088608145000128
6618,2.336666666666667,0.11727272727272725,-6.629776151266165e-05,0.021946097405654154
6619,2.336666666666667,0.12323232323232322,-0.00029038657832483616,0.02313158102724916
6620,2.336666666666667,0.1291919191919192,0.00024694227828506117,0.02403028785781899
6621,2.336666666666667,0.13515151515151513,0.0003984324856754518,0.0257447752256812
6622,2.336666666666667,0.1411111111111111,0.00027519050712930066,0.026777256663275656
6623,2.336666666666667,0.14707070707070707,-4.436835616084269e-05,0.02760149393512634
6624,2.336666666666667,0.15303030303030302,-1.5880172414737713e-05,0.02866736592359166
6625,2.336666666666667,0.158989898989899,-0.00033174145433296186,0.030272234610627714
6626,2.336666666666667,0.16494949494949493,-0.0006354001005523868,0.031039449163654306
6627,2.336666666666667,0.1709090909090909,-0.00022514069927671976,0.03193123150915637
6628,2.336666666666667,0.17686868686868687,-0.0003900098514001267,0.03321849010546126
6629,2.336666666666667,0.1828282828282828,-0.0003053993844545707,0.03455930466892803
6630,2.336666666666667,0.18878787878787878,-6.341658303530592e-05,0.035582716507329346
6631,2.336666666666667,0.19474747474747472,-6.78751789029735e-05,0.03742197664106137
6632,2.336666666666667,0.2007070707070707,0.00027614788284836296,0.03777015447669068
6633,2.336666666666667,0.20666666666666667,-9.857258764495583e-05,0.038631976236467455
6634,2.336666666666667,0.2126262626262626,-0.00022823095962606405,0.04022316587320832
6635,2.336666666666667,0.21858585858585858,-0.00032011195475804274,0.04118006920303114
6636,2.336666666666667,0.22454545454545452,-1.595743622574616e-05,0.04206489661098524
6637,2.336666666666667,0.2305050505050505,-0.0002979204578827959,0.04358487989012372
6638,2.336666666666667,0.23646464646464646,-0.00037016270555587555,0.04474305604984451
6639,2.336666666666667,0.2424242424242424,-5.741150447352883e-05,0.04582394983567085
6640,2.336666666666667,0.24838383838383837,-0.000720601023320132,0.04652464213116819
6641,2.336666666666667,0.2543434343434343,0.0004181895628055456,0.047886083934672516
6642,2.336666666666667,0.26030303030303026,0.00041554422252447265,0.04907170523107295
6643,2.336666666666667,0.26626262626262626,0.00020085616902141865,0.0500746217266534
6644,2.336666666666667,0.2722222222222222,0.0004803434283291843,0.050975640936026495
6645,2.336666666666667,0.27818181818181814,0.000999326244233086,0.05267193117988526
6646,2.336666666666667,0.28414141414141414,0.0011999261597368952,0.05408684882752529
6647,2.336666666666667,0.2901010101010101,0.00024231132172039546,0.05486442488091867
6648,2.336666666666667,0.296060606060606,-0.0006976068006683275,0.055986406774918354
6649,2.336666666666667,0.302020202020202,0.00048257857485965375,0.05791105399372956
6650,2.336666666666667,0.30797979797979796,-8.871276004513379e-05,0.05878647090792638
6651,2.336666666666667,0.3139393939393939,1.723184652521024e-05,0.05917965579793474
6652,2.336666666666667,0.31989898989898985,8.885220661282184e-05,0.0601056908643199
6653,2.336666666666667,0.32585858585858585,-0.000529071798961045,0.06135953948584648
6654,2.336666666666667,0.3318181818181818,-0.0004138771593764833,0.06236360774347847
6655,2.336666666666667,0.33777777777777773,0.0005236450802209293,0.06355868333008047
6656,2.336666666666667,0.34373737373737373,0.0002515042417243814,0.06503310699003777
6657,2.336666666666667,0.3496969696969697,-0.0010035625920648639,0.06554183559320026
6658,2.336666666666667,0.3556565656565656,0.00015984685642077593,0.06699383294407527
6659,2.336666666666667,0.3616161616161616,-0.0002426294918561657,0.06856077121076844
6660,2.336666666666667,0.36757575757575756,3.868807070782467e-05,0.06929345213818552
6661,2.336666666666667,0.3735353535353535,-0.00027780785149485675,0.07082310385690307
6662,2.336666666666667,0.37949494949494944,-0.0010620770792291244,0.07187880493511883
6663,2.336666666666667,0.38545454545454544,-0.0005056084781519122,0.0727229380371626
6664,2.336666666666667,0.3914141414141414,0.0002568707901363015,0.07480832342751356
6665,2.336666666666667,0.3973737373737373,6.272460697968287e-05,0.07524288543207133
6666,2.336666666666667,0.4033333333333333,0.0005064068850879,0.07716321704661115
6667,2.336666666666667,0.40929292929292926,0.0006733496702864511,0.0777420823263293
6668,2.336666666666667,0.4152525252525252,0.0005050815266407028,0.07873812712057895
6669,2.336666666666667,0.42121212121212115,-0.0007023065929151908,0.07902127100252314
6670,2.336666666666667,0.42717171717171715,-0.0009890128747414308,0.0807811091935702
6671,2.336666666666667,0.4331313131313131,-0.0012154013337454083,0.08304604505008356
6672,2.336666666666667,0.43909090909090903,0.00030918841162307456,0.08440581872971263
6673,2.336666666666667,0.44505050505050503,-0.0009215660510206107,0.08334792800872065
6674,2.336666666666667,0.45101010101010097,0.0002961022590609512,0.08523694378502641
6675,2.336666666666667,0.4569696969696969,0.0010111979017591772,0.08794133698719063
6676,2.336666666666667,0.4629292929292929,0.0004025852821482178,0.08704868026957548
6677,2.336666666666667,0.46888888888888886,-0.00020233554545286023,0.08787808861682526
6678,2.336666666666667,0.4748484848484848,-0.0007542627741820258,0.09023478055724812
6679,2.336666666666667,0.48080808080808074,-0.0013290272586375517,0.09167559105293643
6680,2.336666666666667,0.48676767676767674,-0.00010651754388231023,0.09270506547728641
6681,2.336666666666667,0.4927272727272727,0.0007581571139083584,0.09450145565533155
6682,2.336666666666667,0.4986868686868686,0.0005926360250184344,0.09473779067365737
6683,2.336666666666667,0.5046464646464646,0.0003755551239448059,0.09613423811450796
6684,2.336666666666667,0.5106060606060605,-0.00037638879629235266,0.09628314021549862
6685,2.336666666666667,0.5165656565656566,-4.8253798879495764e-06,0.09822797413112384
6686,2.336666666666667,0.5225252525252525,-0.00026432534667745485,0.09833760116633036
6687,2.336666666666667,0.5284848484848484,-0.0005864476297063839,0.10146668505032157
6688,2.336666666666667,0.5344444444444444,0.0003856478531836384,0.1025748962861581
6689,2.336666666666667,0.5404040404040403,5.275746182018057e-05,0.10261356719386738
6690,2.336666666666667,0.5463636363636363,-0.0001423627429791198,0.10408754811849089
6691,2.336666666666667,0.5523232323232323,3.769344088911828e-05,0.10420764422984846
6692,2.336666666666667,0.5582828282828283,0.0008881343828843768,0.1071176193888615
6693,2.336666666666667,0.5642424242424242,0.00038402937269161344,0.10802256064442807
6694,2.336666666666667,0.5702020202020202,-0.0024149276326352995,0.1090124739349149
6695,2.336666666666667,0.5761616161616161,0.0018014980924420197,0.10991129834043627
6696,2.336666666666667,0.582121212121212,-0.00011605078939162282,0.11232647648409144
6697,2.336666666666667,0.588080808080808,-0.0007321007914943705,0.11338884977527545
6698,2.336666666666667,0.594040404040404,0.0019317594839257215,0.11458243971301914
6699,2.336666666666667,0.6,0.0014874954635899062,0.11841735624020042
6700,2.356767676767677,0.01,1.885430033895209e-05,0.001886047120065531
6701,2.356767676767677,0.01595959595959596,-6.132606907610927e-06,0.003077563281234724
6702,2.356767676767677,0.021919191919191918,-3.9023597097349614e-05,0.004171073260830078
6703,2.356767676767677,0.027878787878787878,-2.7538538583401574e-05,0.005295917789774298
6704,2.356767676767677,0.033838383838383834,-3.477820829583529e-05,0.006498202770351937
6705,2.356767676767677,0.0397979797979798,0.00015976915819542462,0.007625033430254529
6706,2.356767676767677,0.045757575757575754,9.354287098757092e-05,0.00877508812320712
6707,2.356767676767677,0.05171717171717172,3.200053412947069e-05,0.009923137855931463
6708,2.356767676767677,0.05767676767676767,5.541894068874038e-05,0.01099243658367427
6709,2.356767676767677,0.06363636363636363,-6.228235889150599e-05,0.012249851719295927
6710,2.356767676767677,0.06959595959595959,-2.4455200080293217e-05,0.013365317813320036
6711,2.356767676767677,0.07555555555555554,8.923882539615143e-05,0.014535384097205518
6712,2.356767676767677,0.0815151515151515,-0.00029155571579523877,0.015482224901571369
6713,2.356767676767677,0.08747474747474746,-4.9056673898313854e-05,0.016848670087328925
6714,2.356767676767677,0.09343434343434343,0.00014645290543405153,0.01778146307414289
6715,2.356767676767677,0.09939393939393938,5.288557426167703e-05,0.01912884113825178
6716,2.356767676767677,0.10535353535353534,-0.00013416200186301515,0.020264605615312948
6717,2.356767676767677,0.1113131313131313,2.5159456120487643e-06,0.021384109267364542
6718,2.356767676767677,0.11727272727272725,0.0005205860061290173,0.02237119903705963
6719,2.356767676767677,0.12323232323232322,-4.5127971227975604e-05,0.02330236643559851
6720,2.356767676767677,0.1291919191919192,-1.2243226954056418e-05,0.024565690879189788
6721,2.356767676767677,0.13515151515151513,-9.632651759343705e-05,0.026075290465460074
6722,2.356767676767677,0.1411111111111111,-0.00036976560214562875,0.026665950490147396
6723,2.356767676767677,0.14707070707070707,-0.0003867630619261618,0.028319573045401635
6724,2.356767676767677,0.15303030303030302,-2.217920334438539e-05,0.029155237403100016
6725,2.356767676767677,0.158989898989899,0.0003769971107247236,0.030420598148515804
6726,2.356767676767677,0.16494949494949493,0.0006970825905554435,0.031531112418421416
6727,2.356767676767677,0.1709090909090909,-0.00010618741138885146,0.03286711398546177
6728,2.356767676767677,0.17686868686868687,-0.00047802430071530315,0.03378338580923624
6729,2.356767676767677,0.1828282828282828,8.814198132354996e-05,0.03497605373153765
6730,2.356767676767677,0.18878787878787878,-0.0005561999582919965,0.036101265357285646
6731,2.356767676767677,0.19474747474747472,0.00042979014860201713,0.03737828096237311
6732,2.356767676767677,0.2007070707070707,0.00018401506387151598,0.03814514122092449
6733,2.356767676767677,0.20666666666666667,0.0009110777610284236,0.03917457705382387
6734,2.356767676767677,0.2126262626262626,-0.0008440989901722705,0.04038844249732054
6735,2.356767676767677,0.21858585858585858,-0.00024784342224315996,0.04218966818600173
6736,2.356767676767677,0.22454545454545452,-0.0005840534015110649,0.04238797084102853
6737,2.356767676767677,0.2305050505050505,7.409663696933322e-06,0.04444186800774131
6738,2.356767676767677,0.23646464646464646,-0.0004136866104561031,0.045365745261141094
6739,2.356767676767677,0.2424242424242424,0.0005322685765916704,0.046953997274638726
6740,2.356767676767677,0.24838383838383837,0.00027146385497243394,0.04794533171127513
6741,2.356767676767677,0.2543434343434343,0.0013074316909955487,0.04889283525217568
6742,2.356767676767677,0.26030303030303026,-0.0004802845299374025,0.04954855101606226
6743,2.356767676767677,0.26626262626262626,-0.0010856930257807608,0.05103528780344627
6744,2.356767676767677,0.2722222222222222,-0.00032427836416081874,0.052218380267820275
6745,2.356767676767677,0.27818181818181814,0.00036913875790782946,0.05261000028193616
6746,2.356767676767677,0.28414141414141414,-0.0004210207238853638,0.054155407561194496
6747,2.356767676767677,0.2901010101010101,-0.0002493971383834391,0.05562152411959427
6748,2.356767676767677,0.296060606060606,0.0007148250634251882,0.056797540555815644
6749,2.356767676767677,0.302020202020202,-0.0011092806818580497,0.05722225167170055
6750,2.356767676767677,0.30797979797979796,0.0013086778750367187,0.05989333862002486
6751,2.356767676767677,0.3139393939393939,0.0008921795218724846,0.05976513911683162
6752,2.356767676767677,0.31989898989898985,-0.0015447879002587937,0.06009586955112079
6753,2.356767676767677,0.32585858585858585,-0.00016314927011052606,0.06335232683471588
6754,2.356767676767677,0.3318181818181818,0.0011847446631207351,0.06415648392460092
6755,2.356767676767677,0.33777777777777773,2.613651584711674e-06,0.06537294642898585
6756,2.356767676767677,0.34373737373737373,0.0007519816736008812,0.06548864219490419
6757,2.356767676767677,0.3496969696969697,-0.00028233920091893177,0.06844642152198152
6758,2.356767676767677,0.3556565656565656,0.001156560104265932,0.06910905873196942
6759,2.356767676767677,0.3616161616161616,0.0007503220144770602,0.06881299042099273
6760,2.356767676767677,0.36757575757575756,0.00102368965542116,0.07063304736915123
6761,2.356767676767677,0.3735353535353535,-0.0006077546663566402,0.07170262637510157
6762,2.356767676767677,0.37949494949494944,-0.0010952108003753,0.07247880871830391
6763,2.356767676767677,0.38545454545454544,0.0006777314923256848,0.07438625575860265
6764,2.356767676767677,0.3914141414141414,2.926674584271134e-05,0.07447343168801521
6765,2.356767676767677,0.3973737373737373,-0.0007847016495165636,0.07567480255945075
6766,2.356767676767677,0.4033333333333333,0.0005194731648233972,0.07674815704941591
6767,2.356767676767677,0.40929292929292926,0.001777488395104938,0.07907623384265708
6768,2.356767676767677,0.4152525252525252,-0.0008169120820424733,0.08008493193302543
6769,2.356767676767677,0.42121212121212115,-0.00024112896780004655,0.08067363212541305
6770,2.356767676767677,0.42717171717171715,0.00042207148720698883,0.08271191748030415
6771,2.356767676767677,0.4331313131313131,-0.0011560211537780638,0.08351622286750006
6772,2.356767676767677,0.43909090909090903,0.00047384939146303395,0.0853127587412753
6773,2.356767676767677,0.44505050505050503,-0.0009082606970538667,0.08672540707892808
6774,2.356767676767677,0.45101010101010097,0.0011593226510294486,0.08852838624274187
6775,2.356767676767677,0.4569696969696969,0.0006748466570328901,0.08738485659163872
6776,2.356767676767677,0.4629292929292929,-0.0006265426363530667,0.08872124751300389
6777,2.356767676767677,0.46888888888888886,0.001035241201643993,0.09100519901016117
6778,2.356767676767677,0.4748484848484848,-0.000557112439292892,0.09108251266333721
6779,2.356767676767677,0.48080808080808074,-0.00041138036507047546,0.09164824655903249
6780,2.356767676767677,0.48676767676767674,0.0018076890815915587,0.09450851861134049
6781,2.356767676767677,0.4927272727272727,0.0010727841574334554,0.09456265414227544
6782,2.356767676767677,0.4986868686868686,0.001450674256775455,0.09719883528276534
6783,2.356767676767677,0.5046464646464646,0.001529488611623178,0.09938529149509752
6784,2.356767676767677,0.5106060606060605,0.00046085341624103356,0.09906709503372223
6785,2.356767676767677,0.5165656565656566,-0.00030615268126621615,0.09943907678257558
6786,2.356767676767677,0.5225252525252525,-0.0020062699267886005,0.09980942277932833
6787,2.356767676767677,0.5284848484848484,0.0006389020788851237,0.10301986981179552
6788,2.356767676767677,0.5344444444444444,-0.00041437599699963886,0.10453098546091812
6789,2.356767676767677,0.5404040404040403,0.0010606526376494352,0.10457774654438125
6790,2.356767676767677,0.5463636363636363,-5.457140998889045e-05,0.10452409561414788
6791,2.356767676767677,0.5523232323232323,-0.0011652800223340251,0.10638510942143091
6792,2.356767676767677,0.5582828282828283,-0.0010868434622336358,0.10762304003601379
6793,2.356767676767677,0.5642424242424242,0.00027507065855988044,0.10993785897104735
6794,2.356767676767677,0.5702020202020202,0.0005458250038273551,0.11091737210356017
6795,2.356767676767677,0.5761616161616161,0.000124507273086473,0.11213536364099533
6796,2.356767676767677,0.582121212121212,0.0008464663240691088,0.11297961201008219
6797,2.356767676767677,0.588080808080808,6.930967986093748e-05,0.11329947086491926
6798,2.356767676767677,0.594040404040404,0.001141051078226885,0.11716020269143329
6799,2.356767676767677,0.6,-0.00020517784411104226,0.11699257421094522
6800,2.3768686868686872,0.01,1.8243269653825132e-05,0.001929842856162956
6801,2.3768686868686872,0.01595959595959596,-5.008587882171859e-05,0.003102521100205353
6802,2.3768686868686872,0.021919191919191918,-5.977005208176317e-05,0.0042420242855223085
6803,2.3768686868686872,0.027878787878787878,6.065571234704255e-05,0.005409036265061054
6804,2.3768686868686872,0.033838383838383834,-8.989037843197576e-05,0.006543035333392962
6805,2.3768686868686872,0.0397979797979798,0.00010167173580968455,0.00764981049469821
6806,2.3768686868686872,0.045757575757575754,-9.955951675491936e-05,0.00891589184266875
6807,2.3768686868686872,0.05171717171717172,-6.758624160566029e-06,0.0100695293103005
6808,2.3768686868686872,0.05767676767676767,-5.563603103583657e-05,0.011028736764811687
6809,2.3768686868686872,0.06363636363636363,2.810107660620791e-05,0.01224115882271054
6810,2.3768686868686872,0.06959595959595959,0.00014665790216662799,0.01334547734293766
6811,2.3768686868686872,0.07555555555555554,0.00012265933781800792,0.014673162756930142
6812,2.3768686868686872,0.0815151515151515,9.945855713422217e-05,0.015729671038785274
6813,2.3768686868686872,0.08747474747474746,-0.00018174923180008657,0.01681894951683131
6814,2.3768686868686872,0.09343434343434343,0.00013116694313995217,0.018122306415925486
6815,2.3768686868686872,0.09939393939393938,3.0482222270986915e-05,0.01932765742445822
6816,2.3768686868686872,0.10535353535353534,-8.97363850416133e-05,0.020531800535297837
6817,2.3768686868686872,0.1113131313131313,-5.808119489174518e-05,0.021607359088561984
6818,2.3768686868686872,0.11727272727272725,0.0002230800862580293,0.02255960700688281
6819,2.3768686868686872,0.12323232323232322,0.000488196352996588,0.023941312910733252
6820,2.3768686868686872,0.1291919191919192,-6.03826464969619e-06,0.025236761513705196
6821,2.3768686868686872,0.13515151515151513,-4.933298929298695e-05,0.026470361557512128
6822,2.3768686868686872,0.1411111111111111,0.00017887411668837973,0.027324589934835785
6823,2.3768686868686872,0.14707070707070707,0.00012237269080090036,0.028574126926163658
6824,2.3768686868686872,0.15303030303030302,-0.00024992832560876945,0.029855348247054967
6825,2.3768686868686872,0.158989898989899,-4.1760142157324276e-05,0.03126997906432727
6826,2.3768686868686872,0.16494949494949493,0.0003259176505152969,0.03228210759410791
6827,2.3768686868686872,0.1709090909090909,-0.00017563357489028375,0.032973336949878064
6828,2.3768686868686872,0.17686868686868687,0.00025524288710334394,0.034535233465828916
6829,2.3768686868686872,0.1828282828282828,3.961391669597703e-06,0.035053823775745396
6830,2.3768686868686872,0.18878787878787878,0.0003030081455749597,0.03676584316648338
6831,2.3768686868686872,0.19474747474747472,0.00022103962483966137,0.0377957045941656
6832,2.3768686868686872,0.2007070707070707,7.14563716284545e-05,0.03916992315449438
6833,2.3768686868686872,0.20666666666666667,-0.00019570556478880764,0.04045495290935798
6834,2.3768686868686872,0.2126262626262626,1.9269283510618805e-05,0.04116055825612061
6835,2.3768686868686872,0.21858585858585858,0.0003436504428729971,0.04230172041882974
6836,2.3768686868686872,0.22454545454545452,-6.234894412205433e-05,0.043520261043782496
6837,2.3768686868686872,0.2305050505050505,-7.186324271041755e-05,0.04472748973625242
6838,2.3768686868686872,0.23646464646464646,-0.0006120199807673909,0.04585519523792948
6839,2.3768686868686872,0.2424242424242424,0.00030075914690794463,0.04722162419901117
6840,2.3768686868686872,0.24838383838383837,0.001117168039261775,0.04837526295661048
6841,2.3768686868686872,0.2543434343434343,-0.000312515159989279,0.049286817385075156
6842,2.3768686868686872,0.26030303030303026,0.0001559479494617813,0.0504979958827963
6843,2.3768686868686872,0.26626262626262626,-0.0006585228162919716,0.05207346555696636
6844,2.3768686868686872,0.2722222222222222,-0.0007704069942098756,0.053427237915489395
6845,2.3768686868686872,0.27818181818181814,-0.001198168590564443,0.053728215996388884
6846,2.3768686868686872,0.28414141414141414,0.0004433911138672142,0.055452532834523595
6847,2.3768686868686872,0.2901010101010101,0.0002717577131308554,0.05630959474174533
6848,2.3768686868686872,0.296060606060606,-0.00046009019366265614,0.05779789379450131
6849,2.3768686868686872,0.302020202020202,0.00023406876131824817,0.05920907309088771
6850,2.3768686868686872,0.30797979797979796,0.00013242208419090375,0.0607302294464081
6851,2.3768686868686872,0.3139393939393939,0.0005248607186230017,0.06057165914166576
6852,2.3768686868686872,0.31989898989898985,0.0003440748218491727,0.062339076907076685
6853,2.3768686868686872,0.32585858585858585,-2.1917224050028893e-05,0.06413187925568391
6854,2.3768686868686872,0.3318181818181818,0.0006648633924543183,0.0646737764528335
6855,2.3768686868686872,0.33777777777777773,-0.0004068722438834697,0.06515713747481389
6856,2.3768686868686872,0.34373737373737373,0.000402872520813683,0.06698467130890083
6857,2.3768686868686872,0.3496969696969697,-0.0002853282351807935,0.06750249159773776
6858,2.3768686868686872,0.3556565656565656,-0.0003658532602606647,0.06875486978498228
6859,2.3768686868686872,0.3616161616161616,-0.0003617359846321377,0.07051755193370791
6860,2.3768686868686872,0.36757575757575756,0.0008206361360730659,0.07204380253591167
6861,2.3768686868686872,0.3735353535353535,0.0008443822384229687,0.07293070387968166
6862,2.3768686868686872,0.37949494949494944,0.0008427206078013011,0.07393860495565789
6863,2.3768686868686872,0.38545454545454544,-0.0002672255948859946,0.07626376205717388
6864,2.3768686868686872,0.3914141414141414,0.0004920905166205115,0.07637488084149469
6865,2.3768686868686872,0.3973737373737373,0.0007557874634193117,0.07760702474064057
6866,2.3768686868686872,0.4033333333333333,-0.001300501215366581,0.07962108572043847
6867,2.3768686868686872,0.40929292929292926,0.00038612160028171264,0.08130679988853426
6868,2.3768686868686872,0.4152525252525252,0.0010204816304782273,0.08065848091318047
6869,2.3768686868686872,0.42121212121212115,-0.0005583106487810055,0.08273548033677126
6870,2.3768686868686872,0.42717171717171715,-0.00045547418760285636,0.08416481284371301
6871,2.3768686868686872,0.4331313131313131,0.0003944160731910233,0.08469777608382242
6872,2.3768686868686872,0.43909090909090903,-2.068031240743773e-05,0.08640262584238807
6873,2.3768686868686872,0.44505050505050503,0.0012377116008899602,0.08650450277341903
6874,2.3768686868686872,0.45101010101010097,0.0011429100053574864,0.08772829469125272
6875,2.3768686868686872,0.4569696969696969,-6.638158250916748e-05,0.08921970997685315
6876,2.3768686868686872,0.4629292929292929,0.0005196062223864575,0.0903082464877022
6877,2.3768686868686872,0.46888888888888886,-7.71656608967805e-05,0.09082358823438672
6878,2.3768686868686872,0.4748484848484848,-0.001125540539694675,0.09183159740430513
6879,2.3768686868686872,0.48080808080808074,-9.352358775383104e-05,0.09510085910692725
6880,2.3768686868686872,0.48676767676767674,-0.0015289824115541182,0.09435415309436312
6881,2.3768686868686872,0.4927272727272727,0.0013469407857795602,0.09817456667161106
6882,2.3768686868686872,0.4986868686868686,0.0017891493171455601,0.09911698776091842
6883,2.3768686868686872,0.5046464646464646,0.0001740367661624166,0.0998006414924676
6884,2.3768686868686872,0.5106060606060605,-0.001329750166631041,0.10040764279627129
6885,2.3768686868686872,0.5165656565656566,-0.000605623141857933,0.10149450711278607
6886,2.3768686868686872,0.5225252525252525,0.0002603271952154093,0.10261164864625391
6887,2.3768686868686872,0.5284848484848484,-0.0004004904118840196,0.10396485425519121
6888,2.3768686868686872,0.5344444444444444,-0.0003708132153432213,0.10400838079357998
6889,2.3768686868686872,0.5404040404040403,0.0009289637238343315,0.10718850593206741
6890,2.3768686868686872,0.5463636363636363,-0.0007572019075522362,0.10772877304057799
6891,2.3768686868686872,0.5523232323232323,-0.0002628913864947183,0.10850763180532916
6892,2.3768686868686872,0.5582828282828283,0.0011537916459150668,0.10937495240506963
6893,2.3768686868686872,0.5642424242424242,-0.00046457715199113033,0.11103109274312062
6894,2.3768686868686872,0.5702020202020202,0.0001673112226129783,0.11330041781554953
6895,2.3768686868686872,0.5761616161616161,0.0005020557501888746,0.11403275253428434
6896,2.3768686868686872,0.582121212121212,0.00041183241183166165,0.11350315258860343
6897,2.3768686868686872,0.588080808080808,-0.00023276374585533337,0.1168695449385574
6898,2.3768686868686872,0.594040404040404,-0.00010684202550221889,0.11766438288609277
6899,2.3768686868686872,0.6,-0.0024403891382569734,0.11875141276850489
6900,2.396969696969697,0.01,2.137555243310607e-06,0.001970954039690905
6901,2.396969696969697,0.01595959595959596,7.606261678454574e-07,0.0031351558304582457
6902,2.396969696969697,0.021919191919191918,5.4994640314733475e-05,0.004343705891911618
6903,2.396969696969697,0.027878787878787878,4.1688195024172136e-05,0.0055048515179209135
6904,2.396969696969697,0.033838383838383834,1.0431724425407696e-05,0.006639955148145007
6905,2.396969696969697,0.0397979797979798,3.849042656590222e-05,0.007743627576594549
6906,2.396969696969697,0.045757575757575754,2.773347286103035e-05,0.008993059482840269
6907,2.396969696969697,0.05171717171717172,-4.764937308180337e-05,0.010107665865492315
6908,2.396969696969697,0.05767676767676767,-6.195391214747702e-05,0.011391002683905522
6909,2.396969696969697,0.06363636363636363,9.761990665492548e-05,0.012506248765301679
6910,2.396969696969697,0.06959595959595959,-0.0001579231527778316,0.013672597151131657
6911,2.396969696969697,0.07555555555555554,-0.0002546793876336836,0.014795806471446116
6912,2.396969696969697,0.0815151515151515,-0.00035710638212868145,0.01594316603538338
6913,2.396969696969697,0.08747474747474746,-0.00011704194847119444,0.0172072502256739
6914,2.396969696969697,0.09343434343434343,0.0002445006627094723,0.01844557981668445
6915,2.396969696969697,0.09939393939393938,0.0007260230936060542,0.019656461246330165
6916,2.396969696969697,0.10535353535353534,-0.00010279587907530266,0.020834397062565263
6917,2.396969696969697,0.1113131313131313,-1.1001823838796531e-05,0.022174566307738192
6918,2.396969696969697,0.11727272727272725,0.0003988833307817809,0.02311666622721272
6919,2.396969696969697,0.12323232323232322,-1.624630133776477e-05,0.024338583120653248
6920,2.396969696969697,0.1291919191919192,-8.444380310812941e-05,0.025528728360281517
6921,2.396969696969697,0.13515151515151513,2.0158456247093605e-05,0.026654569119459865
6922,2.396969696969697,0.1411111111111111,-0.00019825198766980335,0.02751276846547378
6923,2.396969696969697,0.14707070707070707,-0.00035059355035368,0.028744575683077502
6924,2.396969696969697,0.15303030303030302,1.665983299320748e-05,0.03009174869527523
6925,2.396969696969697,0.158989898989899,-8.952498609349822e-05,0.031667114604498885
6926,2.396969696969697,0.16494949494949493,2.6978208475961217e-05,0.03227013547747437
6927,2.396969696969697,0.1709090909090909,-0.00034246118270793327,0.033342814068169524
6928,2.396969696969697,0.17686868686868687,2.832271902852309e-05,0.034782730596710644
6929,2.396969696969697,0.1828282828282828,-1.111880179265623e-05,0.03624388997804167
6930,2.396969696969697,0.18878787878787878,-0.0005282153140143222,0.03726929507183006
6931,2.396969696969697,0.19474747474747472,0.0009883518554260405,0.0385333818520916
6932,2.396969696969697,0.2007070707070707,-5.071636328928943e-05,0.03946735249538154
6933,2.396969696969697,0.20666666666666667,-5.460466984822467e-05,0.041142025676959494
6934,2.396969696969697,0.2126262626262626,-0.00014225200199015378,0.04148913708338573
6935,2.396969696969697,0.21858585858585858,-0.0005217740917573733,0.043632364207813794
6936,2.396969696969697,0.22454545454545452,-0.0008144370408938297,0.0441974003004662
6937,2.396969696969697,0.2305050505050505,0.0005187572554831505,0.045801361155470705
6938,2.396969696969697,0.23646464646464646,-0.0005742840903689791,0.04705013454068594
6939,2.396969696969697,0.2424242424242424,0.00030615950507319043,0.0479566577254614
6940,2.396969696969697,0.24838383838383837,0.0007438817644412253,0.04859697317587335
6941,2.396969696969697,0.2543434343434343,0.0006361928659350117,0.050916910152675056
6942,2.396969696969697,0.26030303030303026,0.0005334012035620171,0.05121449755472908
6943,2.396969696969697,0.26626262626262626,0.0006080574049580759,0.0527132059842686
6944,2.396969696969697,0.2722222222222222,0.0008403393749392109,0.05369450949752684
6945,2.396969696969697,0.27818181818181814,-0.0004015249095152901,0.05471559544039191
6946,2.396969696969697,0.28414141414141414,0.0002246037166292907,0.05626467873715603
6947,2.396969696969697,0.2901010101010101,-0.0012910573660043154,0.05741979779913067
6948,2.396969696969697,0.296060606060606,-0.00038844847569451335,0.058178962126720746
6949,2.396969696969697,0.302020202020202,-2.2240107204364357e-05,0.059839570365753054
6950,2.396969696969697,0.30797979797979796,0.00026771167445129745,0.061214361976913816
6951,2.396969696969697,0.3139393939393939,0.000663790395429358,0.06258796067707513
6952,2.396969696969697,0.31989898989898985,2.935563188263919e-05,0.06318461787225509
6953,2.396969696969697,0.32585858585858585,0.0001723226205995747,0.06418296209807645
6954,2.396969696969697,0.3318181818181818,0.00021094040345726137,0.06518998530339686
6955,2.396969696969697,0.33777777777777773,0.00018687641031427287,0.06688693003622416
6956,2.396969696969697,0.34373737373737373,0.000537919002173377,0.06782688437184485
6957,2.396969696969697,0.3496969696969697,0.0007926254702451699,0.0702792936781639
6958,2.396969696969697,0.3556565656565656,0.0003419775722808116,0.06984408294804555
6959,2.396969696969697,0.3616161616161616,-0.00031285165553774215,0.0717781681082238
6960,2.396969696969697,0.36757575757575756,-0.0005158224046234956,0.07341228905755831
6961,2.396969696969697,0.3735353535353535,-0.0001168155545031075,0.07336754167643932
6962,2.396969696969697,0.37949494949494944,0.0003753154748667077,0.07476987635784292
6963,2.396969696969697,0.38545454545454544,0.0006755686432632541,0.07696213114893347
6964,2.396969696969697,0.3914141414141414,-0.0014109818660606758,0.07773369128035762
6965,2.396969696969697,0.3973737373737373,-0.000622168391574155,0.07853501792466513
6966,2.396969696969697,0.4033333333333333,0.00033956434888558046,0.08054018216370205
6967,2.396969696969697,0.40929292929292926,0.001743078506504184,0.08188869947964418
6968,2.396969696969697,0.4152525252525252,0.00047208238538030647,0.0834699690911947
6969,2.396969696969697,0.42121212121212115,0.0012134591529782508,0.08401519468578932
6970,2.396969696969697,0.42717171717171715,-0.0003580638885511798,0.0842698556016177
6971,2.396969696969697,0.4331313131313131,0.0006905664028180794,0.08647667712810182
6972,2.396969696969697,0.43909090909090903,-0.0006219579466614929,0.08631949883142252
6973,2.396969696969697,0.44505050505050503,-0.0004947199934087409,0.0878097199870242
6974,2.396969696969697,0.45101010101010097,-0.0007377812500983927,0.08884551613836417
6975,2.396969696969697,0.4569696969696969,0.0004190928923766805,0.09064986856724963
6976,2.396969696969697,0.4629292929292929,-0.0001402720102953067,0.09046744665386205
6977,2.396969696969697,0.46888888888888886,-0.0005587666909368913,0.09299543969092933
6978,2.396969696969697,0.4748484848484848,0.0014422391581195423,0.09459973657669933
6979,2.396969696969697,0.48080808080808074,0.001286958546447014,0.0970058128206434
6980,2.396969696969697,0.48676767676767674,0.000308555401487065,0.09691884943851728
6981,2.396969696969697,0.4927272727272727,0.0002350218704842229,0.09815320757580694
6982,2.396969696969697,0.4986868686868686,-0.0010819361500884115,0.09843191436534156
6983,2.396969696969697,0.5046464646464646,0.0008189380086456836,0.10075886209995834
6984,2.396969696969697,0.5106060606060605,0.001344763663063803,0.10233547246427509
6985,2.396969696969697,0.5165656565656566,8.676877914060964e-05,0.10279560820167065
6986,2.396969696969697,0.5225252525252525,-0.00080815384197309,0.1039659015894024
6987,2.396969696969697,0.5284848484848484,0.0008771788083569003,0.10455569396467614
6988,2.396969696969697,0.5344444444444444,0.002030059344451803,0.10737152830722135
6989,2.396969696969697,0.5404040404040403,-0.0006428880074395229,0.10826464145573686
6990,2.396969696969697,0.5463636363636363,-0.0026055367124018314,0.10773495683100075
6991,2.396969696969697,0.5523232323232323,-0.0002482696494347763,0.1089364266801701
6992,2.396969696969697,0.5582828282828283,6.216115061490708e-05,0.11152855434606357
6993,2.396969696969697,0.5642424242424242,0.00027903811592356985,0.11193081202262913
6994,2.396969696969697,0.5702020202020202,6.709926475678545e-05,0.11435412378160867
6995,2.396969696969697,0.5761616161616161,0.0006360829258302972,0.11633876113503663
6996,2.396969696969697,0.582121212121212,-0.0022770847227590978,0.11584574364984236
6997,2.396969696969697,0.588080808080808,-0.0015153216359972746,0.11692884062721043
6998,2.396969696969697,0.594040404040404,-0.001484839391192539,0.1199384555447671
6999,2.396969696969697,0.6,0.0006374455299998893,0.12004931616110104
7000,2.417070707070707,0.01,-1.315568131527044e-05,0.0019870458852591383
7001,2.417070707070707,0.01595959595959596,-3.687270036096097e-05,0.003166678263438598
7002,2.417070707070707,0.021919191919191918,-1.3622884375596289e-05,0.004374975477046859
7003,2.417070707070707,0.027878787878787878,-5.120444834502797e-05,0.005562125609338362
7004,2.417070707070707,0.033838383838383834,-8.454137372485301e-05,0.0067378445936102415
7005,2.417070707070707,0.0397979797979798,-9.997554855373694e-05,0.007932834634090424
7006,2.417070707070707,0.045757575757575754,-3.72802014878161e-05,0.009147426038151253
7007,2.417070707070707,0.05171717171717172,-1.1096139615522294e-05,0.010293890201919252
7008,2.417070707070707,0.05767676767676767,1.5216541612052726e-05,0.011464513065465639
7009,2.417070707070707,0.06363636363636363,-0.00033321481528362606,0.012686838910056166
7010,2.417070707070707,0.06959595959595959,-7.876641186794848e-05,0.013882427350530465
7011,2.417070707070707,0.07555555555555554,-4.8430632216266076e-05,0.015152351800276303
7012,2.417070707070707,0.0815151515151515,0.000246660702362005,0.016158416323221316
7013,2.417070707070707,0.08747474747474746,1.0877280390487942e-05,0.017350619367685775
7014,2.417070707070707,0.09343434343434343,-0.0002250858157579163,0.018652367125406015
7015,2.417070707070707,0.09939393939393938,-3.604769457920915e-05,0.019713901778539253
7016,2.417070707070707,0.10535353535353534,-0.0004258062581509816,0.020988925633860275
7017,2.417070707070707,0.1113131313131313,-0.0002414339973515462,0.022126153187807453
7018,2.417070707070707,0.11727272727272725,-0.00015050151600104827,0.023220818212523964
7019,2.417070707070707,0.12323232323232322,0.0003096667609019998,0.024625361966384242
7020,2.417070707070707,0.1291919191919192,-0.00027112462162467033,0.026173448729901752
7021,2.417070707070707,0.13515151515151513,0.00015214459312800903,0.026941409860011076
7022,2.417070707070707,0.1411111111111111,0.00025608405874961857,0.02825535105878051
7023,2.417070707070707,0.14707070707070707,0.0001544411411662845,0.02973825558090165
7024,2.417070707070707,0.15303030303030302,0.00022160947639590067,0.030416166585099273
7025,2.417070707070707,0.158989898989899,-0.0004583086517879048,0.031401725786921554
7026,2.417070707070707,0.16494949494949493,-0.00014295145911907614,0.03258760056136802
7027,2.417070707070707,0.1709090909090909,-0.00017942271529473343,0.03417849287211475
7028,2.417070707070707,0.17686868686868687,-0.0003999910535364916,0.035146502290829
7029,2.417070707070707,0.1828282828282828,1.0562671033079818e-05,0.035974537121174606
7030,2.417070707070707,0.18878787878787878,0.0006153713231330354,0.03770442320204426
7031,2.417070707070707,0.19474747474747472,0.00015696224027866908,0.03857460226376644
7032,2.417070707070707,0.2007070707070707,0.00031733886239199464,0.040349056353250284
7033,2.417070707070707,0.20666666666666667,0.00022741540208060833,0.04132115126216543
7034,2.417070707070707,0.2126262626262626,-0.00025744826897113195,0.04264745337581749
7035,2.417070707070707,0.21858585858585858,0.00032281368714223637,0.0439685223973873
7036,2.417070707070707,0.22454545454545452,-0.0001813402179094774,0.045204353446727075
7037,2.417070707070707,0.2305050505050505,-0.0004414667062715699,0.046654447446752845
7038,2.417070707070707,0.23646464646464646,0.0006052105919538155,0.0475177056151769
7039,2.417070707070707,0.2424242424242424,-0.00011946757913639341,0.04862361217221986
7040,2.417070707070707,0.24838383838383837,-0.0003459493479725102,0.049617581350931014
7041,2.417070707070707,0.2543434343434343,0.00016551318043051092,0.05103287867104839
7042,2.417070707070707,0.26030303030303026,-0.00014542746247846284,0.05203908727267273
7043,2.417070707070707,0.26626262626262626,-0.0003912566655693364,0.0530889368733637
7044,2.417070707070707,0.2722222222222222,-0.00023466092640007843,0.054731364505186966
7045,2.417070707070707,0.27818181818181814,6.277201502658966e-05,0.05599600678563274
7046,2.417070707070707,0.28414141414141414,-0.0005133904128243246,0.05684372370199923
7047,2.417070707070707,0.2901010101010101,0.0005722622966543781,0.05830968091166152
7048,2.417070707070707,0.296060606060606,0.0007378147142619359,0.05909043415733761
7049,2.417070707070707,0.302020202020202,-4.271717617735593e-05,0.061002994282697634
7050,2.417070707070707,0.30797979797979796,3.1504994596908544e-05,0.062118719629119586
7051,2.417070707070707,0.3139393939393939,-0.00023304196496842268,0.06359897718370372
7052,2.417070707070707,0.31989898989898985,-0.0011801341236882005,0.06498719737263274
7053,2.417070707070707,0.32585858585858585,0.000561754831210093,0.06551747300048832
7054,2.417070707070707,0.3318181818181818,6.798397871623507e-05,0.06605355869130966
7055,2.417070707070707,0.33777777777777773,0.00030441559302485046,0.0676179098409304
7056,2.417070707070707,0.34373737373737373,-0.0005139884843640134,0.06873722100636226
7057,2.417070707070707,0.3496969696969697,-4.8706304193287676e-05,0.06901495030064463
7058,2.417070707070707,0.3556565656565656,-0.0007947372524837992,0.07238823242295629
7059,2.417070707070707,0.3616161616161616,-0.0010071322152349017,0.07192236004135558
7060,2.417070707070707,0.36757575757575756,-0.0008162767951171388,0.07411049387378896
7061,2.417070707070707,0.3735353535353535,0.0002826584110669131,0.07446290419653466
7062,2.417070707070707,0.37949494949494944,-0.0005225949603641478,0.07518562447699169
7063,2.417070707070707,0.38545454545454544,0.00021798293953060037,0.07849116519795561
7064,2.417070707070707,0.3914141414141414,0.00010237617988000714,0.08008404328212719
7065,2.417070707070707,0.3973737373737373,-0.0007710841601447278,0.07990415003701913
7066,2.417070707070707,0.4033333333333333,0.00035190588911396026,0.08089298079255329
7067,2.417070707070707,0.40929292929292926,-0.0001382801460359477,0.08263259974138758
7068,2.417070707070707,0.4152525252525252,-0.001637346267430868,0.08343193514812186
7069,2.417070707070707,0.42121212121212115,0.0009315374962468575,0.0849600550772745
7070,2.417070707070707,0.42717171717171715,-0.00026308596514142726,0.08692741122821868
7071,2.417070707070707,0.4331313131313131,-0.00034633579891772497,0.08779265099290723
7072,2.417070707070707,0.43909090909090903,0.0004144408288034205,0.08796991610122153
7073,2.417070707070707,0.44505050505050503,-0.0008365213707156847,0.09076656604254452
7074,2.417070707070707,0.45101010101010097,0.0007130515002016123,0.0899861235551934
7075,2.417070707070707,0.4569696969696969,0.0009424807079872618,0.09264771063294902
7076,2.417070707070707,0.4629292929292929,0.0009618974727670398,0.0935396615719871
7077,2.417070707070707,0.46888888888888886,0.00045513603217682005,0.0959627358956698
7078,2.417070707070707,0.4748484848484848,-7.076676652985351e-05,0.09537370538010322
7079,2.417070707070707,0.48080808080808074,0.000327935209588055,0.09738193108050483
7080,2.417070707070707,0.48676767676767674,-0.0003684378840192704,0.09922177911670385
7081,2.417070707070707,0.4927272727272727,0.002142681193457422,0.10076545829276155
7082,2.417070707070707,0.4986868686868686,0.0005406792139013422,0.10079383049821783
7083,2.417070707070707,0.5046464646464646,-9.67049731687708e-05,0.10204300060281118
7084,2.417070707070707,0.5106060606060605,0.0010944617541822062,0.10424239556016207
7085,2.417070707070707,0.5165656565656566,-0.001071622144720146,0.10523393803476855
7086,2.417070707070707,0.5225252525252525,-0.0015176981506658052,0.10559322910096881
7087,2.417070707070707,0.5284848484848484,-0.002224092253301989,0.1069288692139372
7088,2.417070707070707,0.5344444444444444,-0.0015348506166509377,0.10640390919017441
7089,2.417070707070707,0.5404040404040403,0.0007863535539988854,0.11029463023418246
7090,2.417070707070707,0.5463636363636363,-0.0012970740587466157,0.10958540372337859
7091,2.417070707070707,0.5523232323232323,-0.00023346744620677767,0.11217549275301583
7092,2.417070707070707,0.5582828282828283,0.00017046501571918197,0.11311560451639777
7093,2.417070707070707,0.5642424242424242,0.0003178104541625113,0.11412492393168538
7094,2.417070707070707,0.5702020202020202,0.000520815097415384,0.11641476237873762
7095,2.417070707070707,0.5761616161616161,0.00043349543449185026,0.11791582999962703
7096,2.417070707070707,0.582121212121212,-0.0005048116003223828,0.11802719235468133
7097,2.417070707070707,0.588080808080808,-0.0014010451086500786,0.11786828235215203
7098,2.417070707070707,0.594040404040404,-0.0006480232040807582,0.12193571886615062
7099,2.417070707070707,0.6,0.0011955544015271248,0.12099295185608012
7100,2.4371717171717173,0.01,1.5949654635270938e-05,0.002042456804518608
7101,2.4371717171717173,0.01595959595959596,-1.2008342702217411e-05,0.003213906978550141
7102,2.4371717171717173,0.021919191919191918,1.5403891912741652e-05,0.004409702135515153
7103,2.4371717171717173,0.027878787878787878,-7.064532531427489e-05,0.005672275768472803
7104,2.4371717171717173,0.033838383838383834,5.9133159862537377e-05,0.006804404360222602
7105,2.4371717171717173,0.0397979797979798,2.1433083954925157e-06,0.00801266328318203
7106,2.4371717171717173,0.045757575757575754,6.18937352919597e-05,0.009346195545287272
7107,2.4371717171717173,0.05171717171717172,5.558131266562958e-05,0.010408219158245378
7108,2.4371717171717173,0.05767676767676767,-0.00013124292820901977,0.011492974056363202
7109,2.4371717171717173,0.06363636363636363,0.00011910828256647097,0.012873029524976943
7110,2.4371717171717173,0.06959595959595959,-3.7305380453799096e-05,0.014132977402263186
7111,2.4371717171717173,0.07555555555555554,-0.00010558447477346586,0.01512429600802667
7112,2.4371717171717173,0.0815151515151515,-0.0002692717470297885,0.01636135922533584
7113,2.4371717171717173,0.08747474747474746,-0.0003033503487804861,0.017670349179434393
7114,2.4371717171717173,0.09343434343434343,0.0003811039398058047,0.019073742505782375
7115,2.4371717171717173,0.09939393939393938,6.02726049572692e-05,0.02005339967517368
7116,2.4371717171717173,0.10535353535353534,-4.901945502042244e-05,0.021297033537239992
7117,2.4371717171717173,0.1113131313131313,-5.18634130563401e-05,0.022717976941167204
7118,2.4371717171717173,0.11727272727272725,3.595158954223509e-05,0.023604621001444344
7119,2.4371717171717173,0.12323232323232322,-0.00021188593396836647,0.024907908182665642
7120,2.4371717171717173,0.1291919191919192,3.1538066094206174e-06,0.026275194238936737
7121,2.4371717171717173,0.13515151515151513,4.65829325607793e-05,0.027619578333989585
7122,2.4371717171717173,0.1411111111111111,-4.834555470301195e-05,0.02884192335736085
7123,2.4371717171717173,0.14707070707070707,0.00013789376078765308,0.02959379814808436
7124,2.4371717171717173,0.15303030303030302,0.00014008069401439275,0.031004854853452394
7125,2.4371717171717173,0.158989898989899,-0.0006519955298730476,0.03206292118773788
7126,2.4371717171717173,0.16494949494949493,-0.0002079105350068872,0.033445907929987376
7127,2.4371717171717173,0.1709090909090909,7.793203538062969e-05,0.03487665752142911
7128,2.4371717171717173,0.17686868686868687,5.947302659580984e-05,0.03557957766661302
7129,2.4371717171717173,0.1828282828282828,0.00068355563227562,0.03673817357489888
7130,2.4371717171717173,0.18878787878787878,-0.00011696282165465806,0.038352998309871315
7131,2.4371717171717173,0.19474747474747472,0.00024702810559972476,0.039647460364359406
7132,2.4371717171717173,0.2007070707070707,0.00012138979766589726,0.04067826852018618
7133,2.4371717171717173,0.20666666666666667,0.00013129925778633037,0.04193359981812751
7134,2.4371717171717173,0.2126262626262626,-0.00011674697092662409,0.0436562196273155
7135,2.4371717171717173,0.21858585858585858,0.000323241454360289,0.04516853888286819
7136,2.4371717171717173,0.22454545454545452,0.0005433718301084254,0.0461247013714107
7137,2.4371717171717173,0.2305050505050505,9.406291594709356e-05,0.04658402066238245
7138,2.4371717171717173,0.23646464646464646,-0.0007686237208601902,0.048562668399245425
7139,2.4371717171717173,0.2424242424242424,8.903796665852054e-05,0.04870821671297657
7140,2.4371717171717173,0.24838383838383837,-0.0003872818133363609,0.05084669326508921
7141,2.4371717171717173,0.2543434343434343,0.0014399495539802207,0.05116361217485141
7142,2.4371717171717173,0.26030303030303026,0.00025259944062293587,0.052756884241846144
7143,2.4371717171717173,0.26626262626262626,0.0002730480152179895,0.05379449089040236
7144,2.4371717171717173,0.2722222222222222,0.00010347022493021895,0.055550139005007944
7145,2.4371717171717173,0.27818181818181814,-0.0007842168062046615,0.056297846786249245
7146,2.4371717171717173,0.28414141414141414,0.0007359816634460405,0.05806963982325367
7147,2.4371717171717173,0.2901010101010101,0.00028627735728804863,0.059007834051198624
7148,2.4371717171717173,0.296060606060606,-0.00040880465572489666,0.05959917722497185
7149,2.4371717171717173,0.302020202020202,0.00045315471312431334,0.06146761333810047
7150,2.4371717171717173,0.30797979797979796,0.0003406995518356752,0.06203816518456239
7151,2.4371717171717173,0.3139393939393939,-0.0007164482289142074,0.06391793288770836
7152,2.4371717171717173,0.31989898989898985,0.0005643133609557113,0.06435338625357101
7153,2.4371717171717173,0.32585858585858585,0.0001484095324405148,0.06544053877570395
7154,2.4371717171717173,0.3318181818181818,0.0012363748870333395,0.0678577535931545
7155,2.4371717171717173,0.33777777777777773,-0.00041769625904382546,0.06818048365303753
7156,2.4371717171717173,0.34373737373737373,-0.0009892130059075185,0.06918345525929903
7157,2.4371717171717173,0.3496969696969697,0.0003962196984677147,0.07042235271230492
7158,2.4371717171717173,0.3556565656565656,0.0008144194742689548,0.07202880541433591
7159,2.4371717171717173,0.3616161616161616,0.00019248860972742886,0.07433068347452255
7160,2.4371717171717173,0.36757575757575756,-0.00044640741847363347,0.07563033814350431
7161,2.4371717171717173,0.3735353535353535,-0.0002681638300795319,0.07674857153591327
7162,2.4371717171717173,0.37949494949494944,-0.0006086134963079519,0.07733018114573555
7163,2.4371717171717173,0.38545454545454544,-2.076151194233229e-05,0.07849226745541148
7164,2.4371717171717173,0.3914141414141414,-0.00014217849930630262,0.07923241265094096
7165,2.4371717171717173,0.3973737373737373,-0.0012010094247166014,0.0804796524391654
7166,2.4371717171717173,0.4033333333333333,0.0009536124833455605,0.08254183013833781
7167,2.4371717171717173,0.40929292929292926,-0.0006829796388211854,0.08351834440945669
7168,2.4371717171717173,0.4152525252525252,-0.0004738223785433279,0.08339962910115607
7169,2.4371717171717173,0.42121212121212115,-0.0012752420135631526,0.08688980973200514
7170,2.4371717171717173,0.42717171717171715,-0.001675059934979237,0.08568936445370116
7171,2.4371717171717173,0.4331313131313131,-0.0005500412148401006,0.08883835988031266
7172,2.4371717171717173,0.43909090909090903,8.467644622413371e-05,0.08856835746860851
7173,2.4371717171717173,0.44505050505050503,-0.0005333259508136135,0.09069221896834274
7174,2.4371717171717173,0.45101010101010097,-2.141916598776019e-05,0.09251843534145453
7175,2.4371717171717173,0.4569696969696969,0.0001762720738462502,0.0924484548325041
7176,2.4371717171717173,0.4629292929292929,-0.0009144523827002378,0.09376509607242386
7177,2.4371717171717173,0.46888888888888886,-0.00018726265316232959,0.09589829593834037
7178,2.4371717171717173,0.4748484848484848,4.631833338226432e-06,0.09563368423648576
7179,2.4371717171717173,0.48080808080808074,0.0009923412838589373,0.09811893721566886
7180,2.4371717171717173,0.48676767676767674,-0.0019662060504747167,0.09936596278569595
7181,2.4371717171717173,0.4927272727272727,-0.0022244293780313866,0.09996792630619952
7182,2.4371717171717173,0.4986868686868686,0.0010286055792447075,0.1030770549362578
7183,2.4371717171717173,0.5046464646464646,0.0008413006197301343,0.10404774548719802
7184,2.4371717171717173,0.5106060606060605,-0.0005394148682351013,0.10407621153402073
7185,2.4371717171717173,0.5165656565656566,0.0016545354343431634,0.10726489619793098
7186,2.4371717171717173,0.5225252525252525,-0.0011194882064851708,0.10659804443462113
7187,2.4371717171717173,0.5284848484848484,-0.0012615082193979923,0.10700419871024558
7188,2.4371717171717173,0.5344444444444444,0.00040193159321648067,0.10910691439419205
7189,2.4371717171717173,0.5404040404040403,-0.000336758098724159,0.11036970842062821
7190,2.4371717171717173,0.5463636363636363,0.0008735497469844401,0.11144957610523909
7191,2.4371717171717173,0.5523232323232323,-0.0011886392295214628,0.11374409628229834
7192,2.4371717171717173,0.5582828282828283,0.001104438816392388,0.11614704867431001
7193,2.4371717171717173,0.5642424242424242,0.001926104443158049,0.11660651304633332
7194,2.4371717171717173,0.5702020202020202,0.000453661995788576,0.11725829025748626
7195,2.4371717171717173,0.5761616161616161,-0.0003178469059836395,0.11795633784006652
7196,2.4371717171717173,0.582121212121212,-0.0003298345706588043,0.12073920733704889
7197,2.4371717171717173,0.588080808080808,0.00016532416919646077,0.12140768557920392
7198,2.4371717171717173,0.594040404040404,-3.1979993465211545e-05,0.12082368186821367
7199,2.4371717171717173,0.6,-0.0016532259271781946,0.12214437338968279
7200,2.457272727272727,0.01,-3.589298251816121e-05,0.0020583848093496514
7201,2.457272727272727,0.01595959595959596,1.7847992538479916e-05,0.003248991609469687
7202,2.457272727272727,0.021919191919191918,3.0648829707541346e-07,0.004505760947963388
7203,2.457272727272727,0.027878787878787878,6.638705635916775e-05,0.005695568154071538
7204,2.457272727272727,0.033838383838383834,1.5470144187492186e-05,0.006950305528145252
7205,2.457272727272727,0.0397979797979798,-3.7610877213366034e-05,0.00816749829643328
7206,2.457272727272727,0.045757575757575754,-3.3348434981238874e-05,0.009419916889409416
7207,2.457272727272727,0.05171717171717172,-5.589063490492194e-05,0.010656719666390084
7208,2.457272727272727,0.05767676767676767,0.0001773848635658719,0.011884577997651918
7209,2.457272727272727,0.06363636363636363,2.3407385705988447e-05,0.013013432976263412
7210,2.457272727272727,0.06959595959595959,-6.076569787228927e-05,0.014036200330265826
7211,2.457272727272727,0.07555555555555554,3.6420292375308446e-05,0.015363186607286543
7212,2.457272727272727,0.0815151515151515,-0.00020059100723244513,0.01675349770532909
7213,2.457272727272727,0.08747474747474746,0.00016502985325187445,0.01783537103556038
7214,2.457272727272727,0.09343434343434343,0.00013495310860983594,0.019118712885952644
7215,2.457272727272727,0.09939393939393938,-0.0006454476403958296,0.020453261867866765
7216,2.457272727272727,0.10535353535353534,-9.811962663178157e-05,0.021838181028587277
7217,2.457272727272727,0.1113131313131313,-0.00021627060382386576,0.022957067276425137
7218,2.457272727272727,0.11727272727272725,-2.282605821772237e-05,0.023907535079598752
7219,2.457272727272727,0.12323232323232322,6.44861353565495e-05,0.02540515738193694
7220,2.457272727272727,0.1291919191919192,8.27943125833408e-06,0.026793172043187912
7221,2.457272727272727,0.13515151515151513,-2.0492285528226384e-05,0.027775527606461996
7222,2.457272727272727,0.1411111111111111,0.00030110587286963776,0.028888817272092738
7223,2.457272727272727,0.14707070707070707,-0.00038346690168398784,0.030188749445122728
7224,2.457272727272727,0.15303030303030302,0.00017309681976560514,0.031711173041401884
7225,2.457272727272727,0.158989898989899,0.00010427481701353063,0.03220612343473687
7226,2.457272727272727,0.16494949494949493,-0.0012589727688518827,0.033995141871222136
7227,2.457272727272727,0.1709090909090909,-0.0004028944331630642,0.03511283685302725
7228,2.457272727272727,0.17686868686868687,-0.00014482946965643223,0.036444360411230683
7229,2.457272727272727,0.1828282828282828,0.0005912291398284607,0.038221624552980706
7230,2.457272727272727,0.18878787878787878,-4.4153093138228286e-05,0.03901395163850585
7231,2.457272727272727,0.19474747474747472,0.0005925581596456259,0.03947571493013191
7232,2.457272727272727,0.2007070707070707,-4.7635266476603986e-06,0.04164876138952576
7233,2.457272727272727,0.20666666666666667,-1.32074931989421e-06,0.04288278454240364
7234,2.457272727272727,0.2126262626262626,-0.00042812154715805433,0.04383135490981448
7235,2.457272727272727,0.21858585858585858,-0.0001389874087550782,0.04483699979701154
7236,2.457272727272727,0.22454545454545452,-2.0938216332968797e-05,0.046396027111125795
7237,2.457272727272727,0.2305050505050505,-0.0001450253505103624,0.04726019600221402
7238,2.457272727272727,0.23646464646464646,2.6229444915390055e-05,0.048567600274298184
7239,2.457272727272727,0.2424242424242424,-0.0005030861570795554,0.0509570979989038
7240,2.457272727272727,0.24838383838383837,0.00016174260209677002,0.051232212045597136
7241,2.457272727272727,0.2543434343434343,0.0001731210040259068,0.052883070573651374
7242,2.457272727272727,0.26030303030303026,-0.0009118912709477293,0.053467160500004184
7243,2.457272727272727,0.26626262626262626,-0.0009368551696574171,0.05490172414040458
7244,2.457272727272727,0.2722222222222222,-0.0003294722750518831,0.05602924919438143
7245,2.457272727272727,0.27818181818181814,0.0005412244108854186,0.05700582664637862
7246,2.457272727272727,0.28414141414141414,-0.00026655233711530565,0.05811254252028548
7247,2.457272727272727,0.2901010101010101,-0.0005060908934659622,0.05982697015342149
7248,2.457272727272727,0.296060606060606,-0.0005911098056774342,0.060894615570239854
7249,2.457272727272727,0.302020202020202,-0.000411390766445106,0.06266800340652032
7250,2.457272727272727,0.30797979797979796,-0.0009012580361844321,0.06352904968390646
7251,2.457272727272727,0.3139393939393939,0.000503949751839094,0.06600009777446367
7252,2.457272727272727,0.31989898989898985,-0.00046566920538286977,0.06584385744701876
7253,2.457272727272727,0.32585858585858585,0.0002613312941239198,0.0674371341942087
7254,2.457272727272727,0.3318181818181818,0.0007182575441483658,0.06841834384638742
7255,2.457272727272727,0.33777777777777773,-0.00066329138981927,0.06863923872159465
7256,2.457272727272727,0.34373737373737373,-0.0007674095186578933,0.0706452733587192
7257,2.457272727272727,0.3496969696969697,0.001834181886404119,0.07323573780901524
7258,2.457272727272727,0.3556565656565656,0.000831793704677837,0.07423597382678855
7259,2.457272727272727,0.3616161616161616,0.0008304333888749562,0.07400596565826488
7260,2.457272727272727,0.36757575757575756,0.0016982703608740244,0.0759306001645773
7261,2.457272727272727,0.3735353535353535,0.0009583659832636313,0.07680503601818803
7262,2.457272727272727,0.37949494949494944,-0.0009825593770243066,0.07721303614177306
7263,2.457272727272727,0.38545454545454544,-0.0003482057823274993,0.07840314410717744
7264,2.457272727272727,0.3914141414141414,0.00021463676427519994,0.08162331513626077
7265,2.457272727272727,0.3973737373737373,0.00028615929487840996,0.08219248224186468
7266,2.457272727272727,0.4033333333333333,-0.0010898919337149642,0.08386353914718
7267,2.457272727272727,0.40929292929292926,-0.0010026976084349663,0.0849890205707552
7268,2.457272727272727,0.4152525252525252,5.3830215459746003e-05,0.08606659767632703
7269,2.457272727272727,0.42121212121212115,-0.0008340842179905791,0.0871802922224851
7270,2.457272727272727,0.42717171717171715,-0.0009571005484077103,0.087796777500207
7271,2.457272727272727,0.4331313131313131,-0.00027291341308212147,0.08949609469192821
7272,2.457272727272727,0.43909090909090903,-0.0007410456795908369,0.09018657145227092
7273,2.457272727272727,0.44505050505050503,-0.0007559097647306878,0.09162827507211106
7274,2.457272727272727,0.45101010101010097,-0.0010520907106796444,0.09259125331735586
7275,2.457272727272727,0.4569696969696969,-0.000823490764209008,0.09475911087185078
7276,2.457272727272727,0.4629292929292929,0.001248984214472787,0.09679675887378852
7277,2.457272727272727,0.46888888888888886,-0.00023327138342021892,0.09851742929372344
7278,2.457272727272727,0.4748484848484848,-0.0011251721564678665,0.09738903717743987
7279,2.457272727272727,0.48080808080808074,0.0006933253784596998,0.10159367851856531
7280,2.457272727272727,0.48676767676767674,-0.00023735093329897117,0.10206273140867124
7281,2.457272727272727,0.4927272727272727,-0.001402426413815348,0.10084731690376023
7282,2.457272727272727,0.4986868686868686,-0.0006681128413032866,0.10253994746598735
7283,2.457272727272727,0.5046464646464646,-0.000458630009420394,0.10552145142067255
7284,2.457272727272727,0.5106060606060605,0.0016460075323598553,0.10709451967498725
7285,2.457272727272727,0.5165656565656566,0.0007515159179511086,0.10592180360955038
7286,2.457272727272727,0.5225252525252525,-7.774961410411465e-05,0.10799463668533464
7287,2.457272727272727,0.5284848484848484,-0.0023318644675324957,0.1099690808466935
7288,2.457272727272727,0.5344444444444444,-0.0004461574007756643,0.11090127530926702
7289,2.457272727272727,0.5404040404040403,0.0010858774970804444,0.111988578707362
7290,2.457272727272727,0.5463636363636363,-0.0013147342219962457,0.11296618880921919
7291,2.457272727272727,0.5523232323232323,0.0015848800287874458,0.11619000790051377
7292,2.457272727272727,0.5582828282828283,-8.825223383156366e-05,0.11634337540436965
7293,2.457272727272727,0.5642424242424242,0.0006241329086033167,0.11686470703587676
7294,2.457272727272727,0.5702020202020202,0.0010060179869255301,0.11805792497520995
7295,2.457272727272727,0.5761616161616161,-0.00010381838160383707,0.12079889485053508
7296,2.457272727272727,0.582121212121212,0.0003358308788717976,0.12061648891713486
7297,2.457272727272727,0.588080808080808,-0.001188572289374621,0.12217356477362136
7298,2.457272727272727,0.594040404040404,-7.84955454375678e-05,0.12306637706218686
7299,2.457272727272727,0.6,-0.0013011572427177984,0.12567963015396785
7300,2.4773737373737372,0.01,1.9369489977064892e-06,0.00211307340412445
7301,2.4773737373737372,0.01595959595959596,-2.509863658282684e-05,0.003295882286898952
7302,2.4773737373737372,0.021919191919191918,-2.9258697097582454e-05,0.0045079241335447785
7303,2.4773737373737372,0.027878787878787878,9.551372703602919e-05,0.005863675458506797
7304,2.4773737373737372,0.033838383838383834,2.292669708825281e-05,0.007117493160103691
7305,2.4773737373737372,0.0397979797979798,7.16525990438842e-05,0.008292801599702365
7306,2.4773737373737372,0.045757575757575754,-1.3881106445123249e-05,0.009507156100098233
7307,2.4773737373737372,0.05171717171717172,0.00012203499362572425,0.010793180114313324
7308,2.4773737373737372,0.05767676767676767,0.00019988728036752463,0.01208600956627929
7309,2.4773737373737372,0.06363636363636363,0.000202188200301261,0.013315505194839499
7310,2.4773737373737372,0.06959595959595959,-3.2125702802422994e-06,0.014501980746908151
7311,2.4773737373737372,0.07555555555555554,-0.00017339556842780576,0.01573217597159189
7312,2.4773737373737372,0.0815151515151515,0.00019655385201914255,0.016898020846829395
7313,2.4773737373737372,0.08747474747474746,0.00021239253622372387,0.01815087786043332
7314,2.4773737373737372,0.09343434343434343,-9.913877723061929e-05,0.01935968686300332
7315,2.4773737373737372,0.09939393939393938,0.00016139581657466912,0.02066384487375107
7316,2.4773737373737372,0.10535353535353534,0.00040260158020479154,0.02222282301178675
7317,2.4773737373737372,0.1113131313131313,0.00040497275220148526,0.023544966996580412
7318,2.4773737373737372,0.11727272727272725,-9.444924206473794e-05,0.024248367209681005
7319,2.4773737373737372,0.12323232323232322,-0.00023247351305245165,0.026013615559863812
7320,2.4773737373737372,0.1291919191919192,-0.00040982439330578295,0.026769790738836122
7321,2.4773737373737372,0.13515151515151513,-0.00019887310290580984,0.028406531328571728
7322,2.4773737373737372,0.1411111111111111,0.000397345756295237,0.029504341669011728
7323,2.4773737373737372,0.14707070707070707,-0.0006667324268943604,0.03057124264960851
7324,2.4773737373737372,0.15303030303030302,5.185021869311357e-05,0.032089498250076315
7325,2.4773737373737372,0.158989898989899,-0.00018453149479159253,0.03350870000277469
7326,2.4773737373737372,0.16494949494949493,0.00010775715851834123,0.03446322532266165
7327,2.4773737373737372,0.1709090909090909,-0.0003583955068722356,0.03568820249613609
7328,2.4773737373737372,0.17686868686868687,5.410444716827487e-05,0.03709345989345114
7329,2.4773737373737372,0.1828282828282828,-0.00024616286177002255,0.03743783978160041
7330,2.4773737373737372,0.18878787878787878,7.925811913184413e-05,0.03921065721571711
7331,2.4773737373737372,0.19474747474747472,-4.5237495924470795e-05,0.04087233722939526
7332,2.4773737373737372,0.2007070707070707,0.00023652036340850283,0.04213551839831834
7333,2.4773737373737372,0.20666666666666667,-0.00028111942384125634,0.04297410993572854
7334,2.4773737373737372,0.2126262626262626,-0.0002373122345617865,0.04407514011563577
7335,2.4773737373737372,0.21858585858585858,0.0007969604957429677,0.04565255963973687
7336,2.4773737373737372,0.22454545454545452,0.000278395564506749,0.047226075049814915
7337,2.4773737373737372,0.2305050505050505,-0.00036804611252599034,0.0483529223798878
7338,2.4773737373737372,0.23646464646464646,0.00033639019900221965,0.04982128024592326
7339,2.4773737373737372,0.2424242424242424,0.0004859498767718076,0.05044356832530869
7340,2.4773737373737372,0.24838383838383837,-0.0004810269475803166,0.05151152668027513
7341,2.4773737373737372,0.2543434343434343,0.0006337259159390497,0.05337957788000586
7342,2.4773737373737372,0.26030303030303026,-0.00038144560175861473,0.05423694587561839
7343,2.4773737373737372,0.26626262626262626,0.0003488576942906976,0.05565158620289045
7344,2.4773737373737372,0.2722222222222222,0.0003298499188503948,0.05752338935449361
7345,2.4773737373737372,0.27818181818181814,-0.0003770753942362388,0.05733061436780894
7346,2.4773737373737372,0.28414141414141414,0.0005715761942571778,0.059887746200779274
7347,2.4773737373737372,0.2901010101010101,0.0005154722575075089,0.060689954635060404
7348,2.4773737373737372,0.296060606060606,0.00045250209074401405,0.06258804075462072
7349,2.4773737373737372,0.302020202020202,0.0006834192141008072,0.0631918598465459
7350,2.4773737373737372,0.30797979797979796,-0.0001601803827320408,0.06410160168294882
7351,2.4773737373737372,0.3139393939393939,0.0010907146190271757,0.06591300118851262
7352,2.4773737373737372,0.31989898989898985,-0.0006056318605534212,0.06644380249307495
7353,2.4773737373737372,0.32585858585858585,0.0011878972631529851,0.06839089956658861
7354,2.4773737373737372,0.3318181818181818,-0.0011320740885300907,0.0696148628598682
7355,2.4773737373737372,0.33777777777777773,9.694483221713658e-05,0.07087207428748002
7356,2.4773737373737372,0.34373737373737373,-8.355709754833075e-05,0.07216297163717195
7357,2.4773737373737372,0.3496969696969697,0.00040211880616217535,0.0726866936692467
7358,2.4773737373737372,0.3556565656565656,0.00012593819162534135,0.07419130829127037
7359,2.4773737373737372,0.3616161616161616,-0.00024487541633882277,0.07533522863425433
7360,2.4773737373737372,0.36757575757575756,0.0003904739385824263,0.07722311228217113
7361,2.4773737373737372,0.3735353535353535,-0.000895040456120633,0.07790425133444633
7362,2.4773737373737372,0.37949494949494944,-0.0005002068817014771,0.0785092315005706
7363,2.4773737373737372,0.38545454545454544,-0.00036065255147648757,0.0800526323798576
7364,2.4773737373737372,0.3914141414141414,-0.0007230887148760042,0.0815702671125078
7365,2.4773737373737372,0.3973737373737373,-5.724479704747192e-05,0.08262231690608045
7366,2.4773737373737372,0.4033333333333333,0.0008189067449378965,0.08521754284860625
7367,2.4773737373737372,0.40929292929292926,0.0007755527628371856,0.08565544822237034
7368,2.4773737373737372,0.4152525252525252,0.0017195268835952426,0.08698010718575788
7369,2.4773737373737372,0.42121212121212115,0.0007219886810578205,0.0882162006090525
7370,2.4773737373737372,0.42717171717171715,-0.0007161743929921876,0.08923972598689615
7371,2.4773737373737372,0.4331313131313131,-0.0003605772859326664,0.09027929023889582
7372,2.4773737373737372,0.43909090909090903,0.0010492679511344047,0.0928570522203937
7373,2.4773737373737372,0.44505050505050503,0.0014106341686432604,0.09574662986810803
7374,2.4773737373737372,0.45101010101010097,-0.0004736490845240204,0.09349408150936378
7375,2.4773737373737372,0.4569696969696969,0.00040428626612751,0.0958710532207818
7376,2.4773737373737372,0.4629292929292929,0.0008706091636783239,0.09823142929357138
7377,2.4773737373737372,0.46888888888888886,-0.0007145179377548187,0.09917846791476195
7378,2.4773737373737372,0.4748484848484848,-4.5520251206869045e-05,0.09963429358428902
7379,2.4773737373737372,0.48080808080808074,-0.0008811336381590514,0.10067546506603481
7380,2.4773737373737372,0.48676767676767674,0.0006080065960357494,0.10339687253325117
7381,2.4773737373737372,0.4927272727272727,9.438359389272595e-05,0.1031795327324817
7382,2.4773737373737372,0.4986868686868686,0.0006947129604216114,0.10641812571034417
7383,2.4773737373737372,0.5046464646464646,-0.0002687529119133301,0.10571256665753641
7384,2.4773737373737372,0.5106060606060605,-0.00035655800450629186,0.10717470708553327
7385,2.4773737373737372,0.5165656565656566,0.00019972464861091365,0.10890824849225053
7386,2.4773737373737372,0.5225252525252525,-0.0012656714623440657,0.11033324674970182
7387,2.4773737373737372,0.5284848484848484,0.00014501893678301286,0.11235241063472547
7388,2.4773737373737372,0.5344444444444444,-0.0007119057934458978,0.11070284721431445
7389,2.4773737373737372,0.5404040404040403,0.001391657993165524,0.11425748490967448
7390,2.4773737373737372,0.5463636363636363,0.0018747067061621408,0.11474769440459737
7391,2.4773737373737372,0.5523232323232323,-6.092828231119132e-05,0.11603278437723681
7392,2.4773737373737372,0.5582828282828283,-0.002746189485984359,0.11792674497676198
7393,2.4773737373737372,0.5642424242424242,0.0008697365676645781,0.11904918721119603
7394,2.4773737373737372,0.5702020202020202,0.0005207519038351164,0.11899935076674298
7395,2.4773737373737372,0.5761616161616161,-0.0006134515230968958,0.12174513240792853
7396,2.4773737373737372,0.582121212121212,0.0016377138781378218,0.12401901548125588
7397,2.4773737373737372,0.588080808080808,-4.741370030835963e-05,0.12195193524073152
7398,2.4773737373737372,0.594040404040404,-0.001510770859004432,0.12490628128919391
7399,2.4773737373737372,0.6,-4.328230524938626e-05,0.12788607676211328
7400,2.4974747474747474,0.01,-9.301811638693925e-06,0.0021076192442213673
7401,2.4974747474747474,0.01595959595959596,5.223341877989448e-05,0.0033521881421777148
7402,2.4974747474747474,0.021919191919191918,9.124377217167224e-06,0.0046186387653128725
7403,2.4974747474747474,0.027878787878787878,1.5498455424515913e-05,0.005883148405258653
7404,2.4974747474747474,0.033838383838383834,2.5044095834388835e-05,0.007091826731680828
7405,2.4974747474747474,0.0397979797979798,-0.0001521828763450439,0.008380169615787268
7406,2.4974747474747474,0.045757575757575754,-2.413325457025709e-05,0.009715522568074529
7407,2.4974747474747474,0.05171717171717172,-1.866693109359696e-05,0.01098277618526908
7408,2.4974747474747474,0.05767676767676767,-7.630523678788847e-05,0.012109334451787478
7409,2.4974747474747474,0.06363636363636363,6.482363029363853e-05,0.013501048389685862
7410,2.4974747474747474,0.06959595959595959,5.873986502020997e-05,0.014669250104004538
7411,2.4974747474747474,0.07555555555555554,9.376239183406197e-05,0.015842017815139112
7412,2.4974747474747474,0.0815151515151515,0.00010477334437297405,0.017236711288658713
7413,2.4974747474747474,0.08747474747474746,-6.593568208339359e-05,0.018632392094119935
7414,2.4974747474747474,0.09343434343434343,1.66348323127528e-05,0.01984593156033142
7415,2.4974747474747474,0.09939393939393938,0.00014889103508193785,0.021263825096467022
7416,2.4974747474747474,0.10535353535353534,0.00013227986529544035,0.02224630799063957
7417,2.4974747474747474,0.1113131313131313,0.00033221222663167255,0.023217769564476465
7418,2.4974747474747474,0.11727272727272725,-0.00015043532666208497,0.024789263020145443
7419,2.4974747474747474,0.12323232323232322,0.00030296228219183966,0.02585772339002203
7420,2.4974747474747474,0.1291919191919192,-0.00016223144827884909,0.027272341652603897
7421,2.4974747474747474,0.13515151515151513,3.6809988845656514e-05,0.028441622210072105
7422,2.4974747474747474,0.1411111111111111,-0.00021003296989554308,0.029816334621953083
7423,2.4974747474747474,0.14707070707070707,-0.00046088845941562404,0.031053989867310255
7424,2.4974747474747474,0.15303030303030302,-0.00011154059807671865,0.03235619209815615
7425,2.4974747474747474,0.158989898989899,0.00015713267660699785,0.033050693616007876
7426,2.4974747474747474,0.16494949494949493,-0.0004518633563749292,0.03486758429777088
7427,2.4974747474747474,0.1709090909090909,0.0003743568165374616,0.03607598694314556
7428,2.4974747474747474,0.17686868686868687,-0.0003018363695265429,0.03731453842580278
7429,2.4974747474747474,0.1828282828282828,-0.00046252568616498034,0.03844960912077726
7430,2.4974747474747474,0.18878787878787878,-0.00026092855395244246,0.039766182028444716
7431,2.4974747474747474,0.19474747474747472,0.0006564873907717005,0.041193385613264986
7432,2.4974747474747474,0.2007070707070707,-0.00026761172676882775,0.0418481483547381
7433,2.4974747474747474,0.20666666666666667,0.00014513411112272446,0.043752688950724435
7434,2.4974747474747474,0.2126262626262626,-0.00036360835380290377,0.04508305874405876
7435,2.4974747474747474,0.21858585858585858,0.00026976933684323885,0.04632431209196945
7436,2.4974747474747474,0.22454545454545452,-0.00036612604498422304,0.04736732218632225
7437,2.4974747474747474,0.2305050505050505,0.00020732807740872996,0.04857392817369267
7438,2.4974747474747474,0.23646464646464646,4.086311290811553e-05,0.05035492049504175
7439,2.4974747474747474,0.2424242424242424,-0.0005824616673977568,0.05090918737144131
7440,2.4974747474747474,0.24838383838383837,-0.0003242575018289529,0.05257549634262977
7441,2.4974747474747474,0.2543434343434343,0.0001816942961635601,0.05378563595109215
7442,2.4974747474747474,0.26030303030303026,-0.0003279127932018283,0.055610297380353634
7443,2.4974747474747474,0.26626262626262626,0.00030981818747084864,0.05570898510185623
7444,2.4974747474747474,0.2722222222222222,0.0010259339286178934,0.05752493214056117
7445,2.4974747474747474,0.27818181818181814,-0.001261516115005666,0.058574674988428686
7446,2.4974747474747474,0.28414141414141414,0.0005625232919850574,0.05997632618570549
7447,2.4974747474747474,0.2901010101010101,-0.0010492669762529538,0.060635942426535194
7448,2.4974747474747474,0.296060606060606,0.0003540991660921685,0.06270110898557338
7449,2.4974747474747474,0.302020202020202,-0.0005510108754913826,0.0642095663106621
7450,2.4974747474747474,0.30797979797979796,-0.00024340472749151293,0.0661821172968871
7451,2.4974747474747474,0.3139393939393939,-0.00020625619032470048,0.06600866668113535
7452,2.4974747474747474,0.31989898989898985,0.0008011557671795591,0.06723698338363904
7453,2.4974747474747474,0.32585858585858585,0.000291209116040493,0.06940229629974934
7454,2.4974747474747474,0.3318181818181818,-0.00044931234990441886,0.06884033035389762
7455,2.4974747474747474,0.33777777777777773,0.00024394701408025338,0.07204051543771506
7456,2.4974747474747474,0.34373737373737373,0.0004924998862170547,0.07329026132420524
7457,2.4974747474747474,0.3496969696969697,-0.0017878242208244743,0.0742410669756418
7458,2.4974747474747474,0.3556565656565656,0.00019303607376843553,0.07590765686121989
7459,2.4974747474747474,0.3616161616161616,-0.00036316908405759063,0.07632474591790478
7460,2.4974747474747474,0.36757575757575756,-0.002195730044704903,0.07793098785587729
7461,2.4974747474747474,0.3735353535353535,0.001761344291951658,0.08056334658944814
7462,2.4974747474747474,0.37949494949494944,-0.00036333519007492407,0.08159400360702897
7463,2.4974747474747474,0.38545454545454544,0.00046437233325716053,0.08155191639503162
7464,2.4974747474747474,0.3914141414141414,0.0012784735279107093,0.08420533544096918
7465,2.4974747474747474,0.3973737373737373,-0.0003532317838974152,0.0835806179478883
7466,2.4974747474747474,0.4033333333333333,0.00048199814623243624,0.0856885204982506
7467,2.4974747474747474,0.40929292929292926,-6.104748418606532e-05,0.08757999790704538
7468,2.4974747474747474,0.4152525252525252,0.001723755401271331,0.08881184304877265
7469,2.4974747474747474,0.42121212121212115,0.000515684225809216,0.0897646656554571
7470,2.4974747474747474,0.42717171717171715,-0.0005810840333994087,0.09171750606040496
7471,2.4974747474747474,0.4331313131313131,-0.00039298251310990634,0.0927724553208041
7472,2.4974747474747474,0.43909090909090903,-0.0019642159682257804,0.09418611037635675
7473,2.4974747474747474,0.44505050505050503,0.0014706826869966922,0.09516136830459185
7474,2.4974747474747474,0.45101010101010097,0.002183337682412502,0.0967835934016756
7475,2.4974747474747474,0.4569696969696969,0.0005333807337860549,0.09888553079856609
7476,2.4974747474747474,0.4629292929292929,-0.00042169927140350757,0.09794105631451401
7477,2.4974747474747474,0.46888888888888886,-0.00101643137577606,0.09903481868872686
7478,2.4974747474747474,0.4748484848484848,-0.00011327548663065751,0.10240686248381263
7479,2.4974747474747474,0.48080808080808074,-0.0008759516847213804,0.1032519709567438
7480,2.4974747474747474,0.48676767676767674,0.002789806399493816,0.10473330442290783
7481,2.4974747474747474,0.4927272727272727,0.0002240819902519648,0.10531967956199811
7482,2.4974747474747474,0.4986868686868686,0.00038070114415314537,0.10733056751496398
7483,2.4974747474747474,0.5046464646464646,-0.0007253514017403013,0.10680251166252029
7484,2.4974747474747474,0.5106060606060605,-0.0025475261710976305,0.10835357242166795
7485,2.4974747474747474,0.5165656565656566,-2.8682495952945562e-05,0.1104398066348124
7486,2.4974747474747474,0.5225252525252525,0.002177793136238366,0.11347515786567429
7487,2.4974747474747474,0.5284848484848484,0.0003941745871987136,0.11393017724091486
7488,2.4974747474747474,0.5344444444444444,0.0013489913857471735,0.11573852233258788
7489,2.4974747474747474,0.5404040404040403,-0.0004804800822608501,0.11527788630896466
7490,2.4974747474747474,0.5463636363636363,0.0005617148724852295,0.11704352826651086
7491,2.4974747474747474,0.5523232323232323,0.0014426683554434174,0.12000007223032079
7492,2.4974747474747474,0.5582828282828283,-0.0008459444906379622,0.11744701638662111
7493,2.4974747474747474,0.5642424242424242,-0.0009196056506192867,0.12051983093472791
7494,2.4974747474747474,0.5702020202020202,0.0025017809360517334,0.12137305329720287
7495,2.4974747474747474,0.5761616161616161,8.940155073049514e-05,0.1228150120452255
7496,2.4974747474747474,0.582121212121212,-0.0013446631545482553,0.12323948872201998
7497,2.4974747474747474,0.588080808080808,0.0007221888162451378,0.12764045496154902
7498,2.4974747474747474,0.594040404040404,-0.0008834289590407481,0.12670611190010442
7499,2.4974747474747474,0.6,-0.0009549105918800199,0.12859944951774707
7500,2.5175757575757576,0.01,2.9065267100877955e-05,0.0021442090807623844
7501,2.5175757575757576,0.01595959595959596,-2.7940075955769306e-06,0.003429718441700169
7502,2.5175757575757576,0.021919191919191918,5.9089216765072305e-05,0.004623583508927626
7503,2.5175757575757576,0.027878787878787878,-7.737827627196714e-05,0.005878378801267399
7504,2.5175757575757576,0.033838383838383834,1.1657479900519108e-05,0.007185015842844572
7505,2.5175757575757576,0.0397979797979798,2.0307157710551804e-06,0.008524167714306193
7506,2.5175757575757576,0.045757575757575754,0.0001851895033025911,0.009779052421889116
7507,2.5175757575757576,0.05171717171717172,-0.00014361104334073495,0.011060593475896878
7508,2.5175757575757576,0.05767676767676767,-4.2123140019695135e-05,0.012374418978446143
7509,2.5175757575757576,0.06363636363636363,2.531235146310573e-05,0.01362499237817757
7510,2.5175757575757576,0.06959595959595959,-4.340997901526422e-07,0.014871034337163695
7511,2.5175757575757576,0.07555555555555554,-0.00020636804640021352,0.015945682815734153
7512,2.5175757575757576,0.0815151515151515,-0.00012755058127548216,0.01743404309473037
7513,2.5175757575757576,0.08747474747474746,3.275552472000465e-05,0.018508390261267996
7514,2.5175757575757576,0.09343434343434343,-0.00021923195578262114,0.020277598041943408
7515,2.5175757575757576,0.09939393939393938,-0.00021332030281381398,0.021339936607995182
7516,2.5175757575757576,0.10535353535353534,-0.00014656397387918303,0.02251598175544748
7517,2.5175757575757576,0.1113131313131313,-0.0001737959184464254,0.02389925122863851
7518,2.5175757575757576,0.11727272727272725,0.0002548040892991177,0.02512289379343621
7519,2.5175757575757576,0.12323232323232322,-0.00014393356577333715,0.02611202178871947
7520,2.5175757575757576,0.1291919191919192,-0.0005420125328107393,0.02763877257485234
7521,2.5175757575757576,0.13515151515151513,1.7105262097463846e-05,0.028724992127942203
7522,2.5175757575757576,0.1411111111111111,-0.0001485490147059139,0.030331689430126513
7523,2.5175757575757576,0.14707070707070707,0.0003341491741096508,0.03157782291937474
7524,2.5175757575757576,0.15303030303030302,-0.00023214281121250812,0.0329278102770555
7525,2.5175757575757576,0.158989898989899,0.00036583375864339846,0.03406792386590869
7526,2.5175757575757576,0.16494949494949493,-0.0003330345323173444,0.035377236259816626
7527,2.5175757575757576,0.1709090909090909,-0.00014725350429031518,0.036527673099238406
7528,2.5175757575757576,0.17686868686868687,-0.00033408950756598857,0.03830609015639312
7529,2.5175757575757576,0.1828282828282828,0.00044918974634709796,0.039433667949214074
7530,2.5175757575757576,0.18878787878787878,-0.00014941578076175147,0.040649210371383894
7531,2.5175757575757576,0.19474747474747472,0.000647889530795666,0.04146491244829126
7532,2.5175757575757576,0.2007070707070707,0.0004192565372520216,0.042767462150186134
7533,2.5175757575757576,0.20666666666666667,-3.726790834458482e-05,0.04390354818724253
7534,2.5175757575757576,0.2126262626262626,-0.00017375602945610363,0.045088840560404124
7535,2.5175757575757576,0.21858585858585858,0.00018960237632339094,0.046296142005976225
7536,2.5175757575757576,0.22454545454545452,-0.000106331228881555,0.04837076740406536
7537,2.5175757575757576,0.2305050505050505,0.0007611773451815167,0.04936493567598347
7538,2.5175757575757576,0.23646464646464646,0.00013091036018906334,0.05093138487658148
7539,2.5175757575757576,0.2424242424242424,0.000199606661205813,0.051958342845445905
7540,2.5175757575757576,0.24838383838383837,7.205978335509029e-05,0.05271497937379961
7541,2.5175757575757576,0.2543434343434343,-0.0003307210649310107,0.05354839039439717
7542,2.5175757575757576,0.26030303030303026,-0.0004119479417475773,0.05538887957369941
7543,2.5175757575757576,0.26626262626262626,-0.0005073434429538258,0.056715904412927495
7544,2.5175757575757576,0.2722222222222222,0.0011853461541418977,0.0583393045528026
7545,2.5175757575757576,0.27818181818181814,0.0007167286115617878,0.059386627340259915
7546,2.5175757575757576,0.28414141414141414,0.0005697778001013155,0.061016597201020956
7547,2.5175757575757576,0.2901010101010101,-0.0007820738223687722,0.06265917605901505
7548,2.5175757575757576,0.296060606060606,0.0006492682743844042,0.06429699288599428
7549,2.5175757575757576,0.302020202020202,0.0007020493110141087,0.06589027009148202
7550,2.5175757575757576,0.30797979797979796,0.0003790833411556042,0.06623682100072477
7551,2.5175757575757576,0.3139393939393939,5.858446102420078e-05,0.06786897162128588
7552,2.5175757575757576,0.31989898989898985,-0.00032656215143833835,0.06851272343455017
7553,2.5175757575757576,0.32585858585858585,0.0015279196312839793,0.07004501987665486
7554,2.5175757575757576,0.3318181818181818,-0.0005084732292826756,0.07097038465754486
7555,2.5175757575757576,0.33777777777777773,-0.0017852424016924285,0.07095540587909131
7556,2.5175757575757576,0.34373737373737373,0.0007419905621009748,0.07460785276652679
7557,2.5175757575757576,0.3496969696969697,-0.0009345369955726243,0.07493275412190761
7558,2.5175757575757576,0.3556565656565656,-0.0007187054072334599,0.0760280703811304
7559,2.5175757575757576,0.3616161616161616,0.00022601801854521,0.07830154440443485
7560,2.5175757575757576,0.36757575757575756,-0.0018972107087064853,0.0780918015230993
7561,2.5175757575757576,0.3735353535353535,0.0007121644532004565,0.0806169326259559
7562,2.5175757575757576,0.37949494949494944,-0.0023818130962097966,0.0815073745423194
7563,2.5175757575757576,0.38545454545454544,0.0011439067795935816,0.08308440057696985
7564,2.5175757575757576,0.3914141414141414,-0.00024969721654320145,0.08400645068774289
7565,2.5175757575757576,0.3973737373737373,-0.0005778170948567553,0.08600261926928533
7566,2.5175757575757576,0.4033333333333333,0.0004978709237775563,0.08773568140859635
7567,2.5175757575757576,0.40929292929292926,0.0010353930027694176,0.08711517543929542
7568,2.5175757575757576,0.4152525252525252,-0.00016160853269242415,0.08918252722435892
7569,2.5175757575757576,0.42121212121212115,-0.0014557459324126719,0.09118186663157035
7570,2.5175757575757576,0.42717171717171715,0.0006504088586797931,0.09336218445113667
7571,2.5175757575757576,0.4331313131313131,0.0012161754613426343,0.09329344474363328
7572,2.5175757575757576,0.43909090909090903,0.0012876806913291196,0.09597612588538054
7573,2.5175757575757576,0.44505050505050503,-0.00044541790172346823,0.09585258607051314
7574,2.5175757575757576,0.45101010101010097,0.0005875379726512482,0.0972404133294839
7575,2.5175757575757576,0.4569696969696969,0.0016817239764449318,0.0999733951633979
7576,2.5175757575757576,0.4629292929292929,0.00026741388794272476,0.09998497944641872
7577,2.5175757575757576,0.46888888888888886,0.0016407540997918613,0.1014133078127898
7578,2.5175757575757576,0.4748484848484848,-0.0006436262412786279,0.10254135987407118
7579,2.5175757575757576,0.48080808080808074,-0.0006508554442735602,0.1032064760086614
7580,2.5175757575757576,0.48676767676767674,-0.0009851866776284129,0.10463377380372695
7581,2.5175757575757576,0.4927272727272727,0.0018540922284772613,0.10813323268956651
7582,2.5175757575757576,0.4986868686868686,-0.00016433789797817996,0.10802206643504665
7583,2.5175757575757576,0.5046464646464646,-0.00043520951793902347,0.11053847906202441
7584,2.5175757575757576,0.5106060606060605,-0.0020085180120846765,0.11126005345553398
7585,2.5175757575757576,0.5165656565656566,-0.000811155660735132,0.11182917043342633
7586,2.5175757575757576,0.5225252525252525,0.0011321442875191193,0.11303989248287488
7587,2.5175757575757576,0.5284848484848484,-0.0017002809806734114,0.11498255317734866
7588,2.5175757575757576,0.5344444444444444,0.00032772521594331077,0.11522705132058367
7589,2.5175757575757576,0.5404040404040403,0.0006021590608738035,0.11646545447344837
7590,2.5175757575757576,0.5463636363636363,-0.0006992749656739072,0.11927194305894075
7591,2.5175757575757576,0.5523232323232323,-0.0016306216108127806,0.11900402774492297
7592,2.5175757575757576,0.5582828282828283,0.0007493242458755816,0.12090971609432717
7593,2.5175757575757576,0.5642424242424242,-0.0009684969356169692,0.12241163812803033
7594,2.5175757575757576,0.5702020202020202,-0.001859512410923716,0.12304020168847303
7595,2.5175757575757576,0.5761616161616161,-0.00038934847203395806,0.12467970468345178
7596,2.5175757575757576,0.582121212121212,0.0014346301022876103,0.12671126015362252
7597,2.5175757575757576,0.588080808080808,-0.00013221634105189866,0.12700851955222955
7598,2.5175757575757576,0.594040404040404,-0.00034026063361757795,0.12943937998965097
7599,2.5175757575757576,0.6,-0.0008126962834641116,0.13016849127751726
7600,2.5376767676767678,0.01,-3.2065116397645576e-05,0.0021745529085942083
7601,2.5376767676767678,0.01595959595959596,-2.8113558834304908e-05,0.0034692513349014586
7602,2.5376767676767678,0.021919191919191918,-5.140914401225355e-05,0.00474610881565505
7603,2.5376767676767678,0.027878787878787878,3.243671235477883e-05,0.006042730207300435
7604,2.5376767676767678,0.033838383838383834,-3.009792642494431e-05,0.00737942714397283
7605,2.5376767676767678,0.0397979797979798,-2.7578632269200787e-05,0.008565472968241486
7606,2.5376767676767678,0.045757575757575754,8.046505658182861e-05,0.009881860254437434
7607,2.5376767676767678,0.05171717171717172,0.00019508143406850146,0.011142736796517078
7608,2.5376767676767678,0.05767676767676767,-7.811455682206615e-05,0.012245215755854995
7609,2.5376767676767678,0.06363636363636363,0.00022803946306977757,0.013756989282148902
7610,2.5376767676767678,0.06959595959595959,-0.00020032830766300344,0.015147717062087437
7611,2.5376767676767678,0.07555555555555554,-0.0001738958929171112,0.016396127628873502
7612,2.5376767676767678,0.0815151515151515,-0.0003801826035397702,0.017737301501809095
7613,2.5376767676767678,0.08747474747474746,1.2111865218028494e-05,0.019040403658565522
7614,2.5376767676767678,0.09343434343434343,-0.00017584776477777252,0.0200344029360949
7615,2.5376767676767678,0.09939393939393938,0.00020467312016537087,0.021558002827068906
7616,2.5376767676767678,0.10535353535353534,-6.22593572301987e-05,0.022703388465275927
7617,2.5376767676767678,0.1113131313131313,-0.000297222121505254,0.023955822513702155
7618,2.5376767676767678,0.11727272727272725,0.00019493808406011292,0.02567913699404164
7619,2.5376767676767678,0.12323232323232322,-0.00017087564138125924,0.02684014941919949
7620,2.5376767676767678,0.1291919191919192,0.0001876928300998109,0.02809811327228334
7621,2.5376767676767678,0.13515151515151513,0.00017242846043251283,0.029883994888024772
7622,2.5376767676767678,0.1411111111111111,0.00019974557533857117,0.030681630331420205
7623,2.5376767676767678,0.14707070707070707,-4.407650225967974e-06,0.03184877884999887
7624,2.5376767676767678,0.15303030303030302,0.00017102134383112006,0.03290977433222898
7625,2.5376767676767678,0.158989898989899,0.0002178023691500587,0.03430230102136062
7626,2.5376767676767678,0.16494949494949493,-3.82338740902527e-05,0.03548387732575287
7627,2.5376767676767678,0.1709090909090909,0.0002703735483691559,0.03721905245027218
7628,2.5376767676767678,0.17686868686868687,-0.00019098121968901314,0.03861176899293044
7629,2.5376767676767678,0.1828282828282828,0.0006475205380899635,0.04002166152603613
7630,2.5376767676767678,0.18878787878787878,0.0006146725477565592,0.040902082364435
7631,2.5376767676767678,0.19474747474747472,0.0002100512094187844,0.04275237341309799
7632,2.5376767676767678,0.2007070707070707,-0.00021987898742518598,0.04344006259691732
7633,2.5376767676767678,0.20666666666666667,-0.0004768348790770437,0.04497200492824172
7634,2.5376767676767678,0.2126262626262626,5.39561688276466e-05,0.04636699438481845
7635,2.5376767676767678,0.21858585858585858,-0.00044328870972413386,0.04774053844250857
7636,2.5376767676767678,0.22454545454545452,-0.0003059709599692976,0.0487226841811829
7637,2.5376767676767678,0.2305050505050505,-5.542242075888588e-05,0.049877355393620953
7638,2.5376767676767678,0.23646464646464646,-0.0001389236582038612,0.051689579527491654
7639,2.5376767676767678,0.2424242424242424,-0.00032765429505456745,0.05287027781070482
7640,2.5376767676767678,0.24838383838383837,-0.00014022339902723048,0.05335895426470282
7641,2.5376767676767678,0.2543434343434343,-0.0001437865009488218,0.055265700251830197
7642,2.5376767676767678,0.26030303030303026,4.94941277160307e-05,0.056809013314028434
7643,2.5376767676767678,0.26626262626262626,0.0011506842488421445,0.05815047347708655
7644,2.5376767676767678,0.2722222222222222,0.00010349094425318369,0.0591655806727912
7645,2.5376767676767678,0.27818181818181814,-0.00019069795615758056,0.06042304388492113
7646,2.5376767676767678,0.28414141414141414,-0.00011482134637416666,0.06243769570620956
7647,2.5376767676767678,0.2901010101010101,-0.00042331453169419024,0.06299504223356385
7648,2.5376767676767678,0.296060606060606,-0.0011439348208758331,0.06512367957338593
7649,2.5376767676767678,0.302020202020202,0.0006243208825086422,0.0659631421697307
7650,2.5376767676767678,0.30797979797979796,-0.00021907050939920926,0.06651909180103344
7651,2.5376767676767678,0.3139393939393939,0.000104354240748461,0.06766750155858232
7652,2.5376767676767678,0.31989898989898985,4.623331613060024e-05,0.06970050254965149
7653,2.5376767676767678,0.32585858585858585,0.0009870957464673145,0.0717168369513198
7654,2.5376767676767678,0.3318181818181818,0.00024418893039471554,0.07248924193709678
7655,2.5376767676767678,0.33777777777777773,0.002029260656085906,0.07378726101200099
7656,2.5376767676767678,0.34373737373737373,-0.00019078835373406174,0.07440894372898134
7657,2.5376767676767678,0.3496969696969697,-4.7211531391381675e-05,0.075827142334964
7658,2.5376767676767678,0.3556565656565656,0.0006302944089415626,0.07690172196914023
7659,2.5376767676767678,0.3616161616161616,7.98104726197781e-05,0.07886079205828747
7660,2.5376767676767678,0.36757575757575756,-0.00021247288890248895,0.07966706106829921
7661,2.5376767676767678,0.3735353535353535,-0.0012094754301611972,0.08049728902502967
7662,2.5376767676767678,0.37949494949494944,0.0003874679809688821,0.08359080253454303
7663,2.5376767676767678,0.38545454545454544,-0.000638494881026889,0.08298053941198792
7664,2.5376767676767678,0.3914141414141414,-0.00019209078491187165,0.08493824682923339
7665,2.5376767676767678,0.3973737373737373,-0.0014136932369577739,0.0864580589903936
7666,2.5376767676767678,0.4033333333333333,-0.00048479879825237375,0.0879274326338876
7667,2.5376767676767678,0.40929292929292926,-0.00020544378023882234,0.08913828856453984
7668,2.5376767676767678,0.4152525252525252,0.0013883736508307064,0.09088648099402082
7669,2.5376767676767678,0.42121212121212115,-0.0009185534777755613,0.0912034160148877
7670,2.5376767676767678,0.42717171717171715,0.001265174117037187,0.0933344961580058
7671,2.5376767676767678,0.4331313131313131,-0.0005678863304141678,0.09475290625784914
7672,2.5376767676767678,0.43909090909090903,-0.0010412036965724498,0.09619185597730007
7673,2.5376767676767678,0.44505050505050503,-0.0005464527006945284,0.09639122865271878
7674,2.5376767676767678,0.45101010101010097,-0.000406567849199065,0.09754606820580826
7675,2.5376767676767678,0.4569696969696969,0.0013785647866409276,0.10092739996390755
7676,2.5376767676767678,0.4629292929292929,0.0026334331212806623,0.10169284170385295
7677,2.5376767676767678,0.46888888888888886,0.0004560651258665734,0.10205529093089741
7678,2.5376767676767678,0.4748484848484848,0.0005967289107209047,0.10492486777154789
7679,2.5376767676767678,0.48080808080808074,0.001373427398993534,0.10589556538406678
7680,2.5376767676767678,0.48676767676767674,0.0013104990513258348,0.10662139769147884
7681,2.5376767676767678,0.4927272727272727,0.0005853289328651894,0.10679920029264532
7682,2.5376767676767678,0.4986868686868686,0.002009782202291801,0.11161773122913494
7683,2.5376767676767678,0.5046464646464646,-1.061419527158316e-05,0.11058855237647525
7684,2.5376767676767678,0.5106060606060605,-0.00031898060462642067,0.1121340433709357
7685,2.5376767676767678,0.5165656565656566,0.001441822870144219,0.11369968499520307
7686,2.5376767676767678,0.5225252525252525,-0.0006565193697669265,0.1133372408927826
7687,2.5376767676767678,0.5284848484848484,-0.00014178896004032166,0.11719543877599435
7688,2.5376767676767678,0.5344444444444444,-0.00033610259626193746,0.11620871210023706
7689,2.5376767676767678,0.5404040404040403,-0.0011047526426398527,0.11993873401049195
7690,2.5376767676767678,0.5463636363636363,-0.00010601139391881507,0.121692777363279
7691,2.5376767676767678,0.5523232323232323,-0.0002330829488704831,0.1200679989884714
7692,2.5376767676767678,0.5582828282828283,0.0010826647876630794,0.12252703089975622
7693,2.5376767676767678,0.5642424242424242,-0.0010516065447368835,0.12376584013455423
7694,2.5376767676767678,0.5702020202020202,-0.000817528474389858,0.1240130087783438
7695,2.5376767676767678,0.5761616161616161,-0.0005730644472138009,0.1259748218165936
7696,2.5376767676767678,0.582121212121212,-0.001736746072761897,0.12853193656140907
7697,2.5376767676767678,0.588080808080808,0.0028808881192403588,0.1306237485069132
7698,2.5376767676767678,0.594040404040404,0.0010655418875449491,0.13346807019669635
7699,2.5376767676767678,0.6,0.0013252064997193336,0.13448289748547762
7700,2.557777777777778,0.01,-4.357495225696306e-05,0.0021877704695017616
7701,2.557777777777778,0.01595959595959596,-4.6984927378943606e-05,0.0035057846005837907
7702,2.557777777777778,0.021919191919191918,-3.0781991373022976e-05,0.004809567012959263
7703,2.557777777777778,0.027878787878787878,-5.386791822333905e-05,0.0060807640245283704
7704,2.557777777777778,0.033838383838383834,-6.199405375653423e-05,0.0075151752189127645
7705,2.557777777777778,0.0397979797979798,-9.220716317422368e-05,0.008680947103052467
7706,2.557777777777778,0.045757575757575754,7.063577438056717e-05,0.009928474412214503
7707,2.557777777777778,0.05171717171717172,-3.938018274706658e-05,0.011240280607519639
7708,2.557777777777778,0.05767676767676767,-0.00011620005626758955,0.012561434023866766
7709,2.557777777777778,0.06363636363636363,4.7196715748190744e-05,0.014171438254044906
7710,2.557777777777778,0.06959595959595959,9.659444616513133e-05,0.01509200161324875
7711,2.557777777777778,0.07555555555555554,-0.00018292824107759976,0.01647892151594334
7712,2.557777777777778,0.0815151515151515,0.00018507015642789507,0.017842445131790927
7713,2.557777777777778,0.08747474747474746,0.00046946540870009435,0.019317121193489634
7714,2.557777777777778,0.09343434343434343,4.123235635719668e-06,0.02064791134157394
7715,2.557777777777778,0.09939393939393938,-0.00013511071131757708,0.021628184822603706
7716,2.557777777777778,0.10535353535353534,-0.00021863121569528588,0.023160182572815546
7717,2.557777777777778,0.1113131313131313,-0.00017602177577229596,0.024423663338427316
7718,2.557777777777778,0.11727272727272725,-6.115506794923644e-05,0.025999639945518446
7719,2.557777777777778,0.12323232323232322,-9.08069605464867e-05,0.02703727979895675
7720,2.557777777777778,0.1291919191919192,0.000153710063882023,0.028188210947022726
7721,2.557777777777778,0.13515151515151513,1.0820036805326217e-05,0.03005418264719962
7722,2.557777777777778,0.1411111111111111,0.0003637662973731144,0.031086731056857164
7723,2.557777777777778,0.14707070707070707,0.000160318767264816,0.032329993288085765
7724,2.557777777777778,0.15303030303030302,-5.622673645070617e-05,0.03356302039861701
7725,2.557777777777778,0.158989898989899,-0.0006301523536839105,0.03488221194506634
7726,2.557777777777778,0.16494949494949493,0.000442468474067544,0.036586097789957
7727,2.557777777777778,0.1709090909090909,0.0005445100481200736,0.03794334436028483
7728,2.557777777777778,0.17686868686868687,0.00026173240045473603,0.038942881479752244
7729,2.557777777777778,0.1828282828282828,0.0005214906636368466,0.04035266439636126
7730,2.557777777777778,0.18878787878787878,-0.00036301222333770446,0.04166231142941575
7731,2.557777777777778,0.19474747474747472,0.00016006892247823207,0.04307892441845739
7732,2.557777777777778,0.2007070707070707,-0.0006703479521387529,0.043552276281621644
7733,2.557777777777778,0.20666666666666667,8.716006176682334e-07,0.04531710216237207
7734,2.557777777777778,0.2126262626262626,-0.0004982679580911466,0.04698065709874761
7735,2.557777777777778,0.21858585858585858,-0.0002534283631485744,0.048145022492458556
7736,2.557777777777778,0.22454545454545452,-7.241532296465458e-05,0.04937926434361231
7737,2.557777777777778,0.2305050505050505,-0.0006342668231759276,0.05070570485459124
7738,2.557777777777778,0.23646464646464646,0.00035634374390791304,0.051413766872850465
7739,2.557777777777778,0.2424242424242424,-0.00016173374058806267,0.053388278649721385
7740,2.557777777777778,0.24838383838383837,0.0009094359755529393,0.055238443373428855
7741,2.557777777777778,0.2543434343434343,0.0001530114476546512,0.05587756990310261
7742,2.557777777777778,0.26030303030303026,0.00030510364302880466,0.0565993174546621
7743,2.557777777777778,0.26626262626262626,0.0008346042330340481,0.05830497622040172
7744,2.557777777777778,0.2722222222222222,0.0012855342995120491,0.06026571273167585
7745,2.557777777777778,0.27818181818181814,-0.0009568075433900977,0.061309741027287944
7746,2.557777777777778,0.28414141414141414,-0.0001010192278992019,0.06262547980055258
7747,2.557777777777778,0.2901010101010101,1.9022408741918806e-05,0.06414407365966303
7748,2.557777777777778,0.296060606060606,-0.00042982541314858614,0.0652555203568674
7749,2.557777777777778,0.302020202020202,-0.0004028102508074519,0.06683282418244954
7750,2.557777777777778,0.30797979797979796,-0.0005634423101573583,0.06824131967441836
7751,2.557777777777778,0.3139393939393939,0.000648205497258874,0.06862172927796271
7752,2.557777777777778,0.31989898989898985,-0.0005298627963048225,0.07022861514147716
7753,2.557777777777778,0.32585858585858585,-0.0007373030802566538,0.07180203599801788
7754,2.557777777777778,0.3318181818181818,-0.00013128533810141644,0.07273947301949218
7755,2.557777777777778,0.33777777777777773,-2.222015511159252e-05,0.07437715023942203
7756,2.557777777777778,0.34373737373737373,-0.00031009512376575234,0.07556903754684768
7757,2.557777777777778,0.3496969696969697,-0.0017377747804050035,0.07580970102544564
7758,2.557777777777778,0.3556565656565656,-0.0007050949382555027,0.0794619747829318
7759,2.557777777777778,0.3616161616161616,-0.0009557227620767521,0.078849896723012
7760,2.557777777777778,0.36757575757575756,0.002198933192701366,0.08190433164435358
7761,2.557777777777778,0.3735353535353535,0.00043621004410011475,0.08320944022536902
7762,2.557777777777778,0.37949494949494944,0.0006153362511112662,0.08402920873624219
7763,2.557777777777778,0.38545454545454544,0.0012135402103323992,0.08684257182644832
7764,2.557777777777778,0.3914141414141414,0.00019963632188005716,0.08580863802719967
7765,2.557777777777778,0.3973737373737373,0.0014992645392782706,0.08742580334429843
7766,2.557777777777778,0.4033333333333333,-0.0008116086976872772,0.0883699022796028
7767,2.557777777777778,0.40929292929292926,0.0005456422911423608,0.089563907736843
7768,2.557777777777778,0.4152525252525252,0.0019804354210947394,0.09238649375420144
7769,2.557777777777778,0.42121212121212115,-0.00039688544544733595,0.09285096373085859
7770,2.557777777777778,0.42717171717171715,0.0011505316831081868,0.0951447944192859
7771,2.557777777777778,0.4331313131313131,0.00223332504244727,0.09674449615336408
7772,2.557777777777778,0.43909090909090903,-0.0009359200187676732,0.09716006729099848
7773,2.557777777777778,0.44505050505050503,0.0006867411177765681,0.0992733413784513
7774,2.557777777777778,0.45101010101010097,-0.0006159806910857771,0.10030246634349388
7775,2.557777777777778,0.4569696969696969,0.0009410972648630343,0.1017905351557431
7776,2.557777777777778,0.4629292929292929,-4.022451446211894e-05,0.10265877405162678
7777,2.557777777777778,0.46888888888888886,0.0012554588439035257,0.10545446695484467
7778,2.557777777777778,0.4748484848484848,6.684469565864024e-05,0.10399248960763217
7779,2.557777777777778,0.48080808080808074,-0.0007357122600033282,0.10589335853131386
7780,2.557777777777778,0.48676767676767674,-0.0013250897908172717,0.10776659611597939
7781,2.557777777777778,0.4927272727272727,0.0007301652591635923,0.10885199754361392
7782,2.557777777777778,0.4986868686868686,3.023772170956418e-05,0.11152634592248065
7783,2.557777777777778,0.5046464646464646,0.0010284974646612875,0.11178501447818309
7784,2.557777777777778,0.5106060606060605,-0.0005714464872059711,0.11367367583801383
7785,2.557777777777778,0.5165656565656566,-0.0009678328288229784,0.11348193943227522
7786,2.557777777777778,0.5225252525252525,-0.00012102849317775815,0.1141666592639448
7787,2.557777777777778,0.5284848484848484,0.0002302243151245055,0.11806230239153351
7788,2.557777777777778,0.5344444444444444,0.0009389763702692251,0.1190214836184826
7789,2.557777777777778,0.5404040404040403,0.001493920252060309,0.11920269206064002
7790,2.557777777777778,0.5463636363636363,-0.00124762017559734,0.11976419730562583
7791,2.557777777777778,0.5523232323232323,-0.0002709344419773653,0.1226387289100426
7792,2.557777777777778,0.5582828282828283,0.0002473731125108994,0.12344673096397658
7793,2.557777777777778,0.5642424242424242,0.0009127940974100523,0.12530091008125901
7794,2.557777777777778,0.5702020202020202,-0.0025574879860570925,0.12733471620769693
7795,2.557777777777778,0.5761616161616161,-0.00016641764957821294,0.12848344862873562
7796,2.557777777777778,0.582121212121212,0.00024706860328146404,0.13034597941741427
7797,2.557777777777778,0.588080808080808,0.0018786357653372671,0.13242378708605088
7798,2.557777777777778,0.594040404040404,-0.0002449618713025556,0.13216540708040045
7799,2.557777777777778,0.6,-0.00040052175405341545,0.13395320471635105
7800,2.577878787878788,0.01,2.790446350388819e-05,0.002244641099089823
7801,2.577878787878788,0.01595959595959596,3.961936300526414e-06,0.003573320980765756
7802,2.577878787878788,0.021919191919191918,1.150157481464843e-05,0.004873753033344125
7803,2.577878787878788,0.027878787878787878,8.338259226750359e-05,0.0061705123834857704
7804,2.577878787878788,0.033838383838383834,0.00013921410094173004,0.007489045976901019
7805,2.577878787878788,0.0397979797979798,-5.180430914228362e-06,0.008719055890739536
7806,2.577878787878788,0.045757575757575754,4.118214478893345e-06,0.010106339399110998
7807,2.577878787878788,0.05171717171717172,0.00012403206896840813,0.011529964724425827
7808,2.577878787878788,0.05767676767676767,0.00010099548379021127,0.01268142715823044
7809,2.577878787878788,0.06363636363636363,8.012430337021179e-05,0.014040172689068096
7810,2.577878787878788,0.06959595959595959,9.919321784805617e-05,0.015477783644580493
7811,2.577878787878788,0.07555555555555554,-5.7523007178501484e-05,0.016719244787746855
7812,2.577878787878788,0.0815151515151515,-0.00012973402120062248,0.0183056303837462
7813,2.577878787878788,0.08747474747474746,-0.00031448071802250415,0.019419309269829516
7814,2.577878787878788,0.09343434343434343,-5.661718398384755e-05,0.020887405400566092
7815,2.577878787878788,0.09939393939393938,-0.0001417021399227468,0.022024055529057333
7816,2.577878787878788,0.10535353535353534,-0.000273139573438763,0.023314998749393995
7817,2.577878787878788,0.1113131313131313,-9.778781150081955e-05,0.02471958338291137
7818,2.577878787878788,0.11727272727272725,-0.00028491638781841916,0.026279694576578846
7819,2.577878787878788,0.12323232323232322,-9.661682893647805e-06,0.02758925175828729
7820,2.577878787878788,0.1291919191919192,-3.5782679133369696e-05,0.02873478315347072
7821,2.577878787878788,0.13515151515151513,0.0005049139403477608,0.030212738639024735
7822,2.577878787878788,0.1411111111111111,-3.9904156309468417e-05,0.03169147389225806
7823,2.577878787878788,0.14707070707070707,3.4507493512091206e-05,0.032699366826833304
7824,2.577878787878788,0.15303030303030302,-7.243762797942422e-05,0.034201183238517
7825,2.577878787878788,0.158989898989899,-0.00025800206029882373,0.03542567488866861
7826,2.577878787878788,0.16494949494949493,-0.00037898521998908124,0.0364637502745032
7827,2.577878787878788,0.1709090909090909,-0.00031874093345495014,0.03854334631230224
7828,2.577878787878788,0.17686868686868687,-0.00013928337591883827,0.03929570894787182
7829,2.577878787878788,0.1828282828282828,-0.00025465525756762387,0.040587104623493804
7830,2.577878787878788,0.18878787878787878,-0.0004977719697449496,0.04150118107900271
7831,2.577878787878788,0.19474747474747472,-0.0005212040796378972,0.04350940159383284
7832,2.577878787878788,0.2007070707070707,-0.0006377060418103867,0.04436820291408654
7833,2.577878787878788,0.20666666666666667,-0.00022857948346385423,0.04592204813876534
7834,2.577878787878788,0.2126262626262626,0.0007571461233137554,0.047174452219364234
7835,2.577878787878788,0.21858585858585858,0.00032550800190904206,0.04864345474370166
7836,2.577878787878788,0.22454545454545452,0.0001414939573316479,0.050181987557293486
7837,2.577878787878788,0.2305050505050505,0.000538742437998674,0.051231224773808245
7838,2.577878787878788,0.23646464646464646,0.0003848391251629371,0.05373771655491398
7839,2.577878787878788,0.2424242424242424,-0.00033610306304499227,0.054110974403539486
7840,2.577878787878788,0.24838383838383837,-0.0009084390702991366,0.05515982047429786
7841,2.577878787878788,0.2543434343434343,-0.0002780962143635291,0.05645282813843962
7842,2.577878787878788,0.26030303030303026,1.4192387130483163e-05,0.05746980400329337
7843,2.577878787878788,0.26626262626262626,-0.00018066615573127738,0.059470327443532464
7844,2.577878787878788,0.2722222222222222,-0.00023320421572386847,0.06056727049761561
7845,2.577878787878788,0.27818181818181814,0.00046109961090035317,0.06285554558054046
7846,2.577878787878788,0.28414141414141414,-0.0005431948190159712,0.0635124974276469
7847,2.577878787878788,0.2901010101010101,-4.3239561807810414e-05,0.06462725754810633
7848,2.577878787878788,0.296060606060606,-0.0013013004001528816,0.06599510417876035
7849,2.577878787878788,0.302020202020202,0.0005297158927302238,0.06748910091983118
7850,2.577878787878788,0.30797979797979796,-0.00045900916997435406,0.06812536551236069
7851,2.577878787878788,0.3139393939393939,0.0006737394301557382,0.07093104793521646
7852,2.577878787878788,0.31989898989898985,-0.0008462827913085495,0.07033804926166146
7853,2.577878787878788,0.32585858585858585,0.00015225911233016296,0.07311819068649883
7854,2.577878787878788,0.3318181818181818,0.0011123908969998346,0.07470942694278616
7855,2.577878787878788,0.33777777777777773,0.00023679711109754088,0.0763565589016723
7856,2.577878787878788,0.34373737373737373,-0.0005809403143816713,0.07684374537346932
7857,2.577878787878788,0.3496969696969697,2.6785790188672685e-05,0.07867170363003385
7858,2.577878787878788,0.3556565656565656,0.00023295011338102568,0.07898676510677836
7859,2.577878787878788,0.3616161616161616,0.000600932314095333,0.0798981053350131
7860,2.577878787878788,0.36757575757575756,-0.00035872668235105513,0.08227436455891735
7861,2.577878787878788,0.3735353535353535,-0.0005897234305814361,0.08267179279495959
7862,2.577878787878788,0.37949494949494944,-0.0007462958360385682,0.08540047339347161
7863,2.577878787878788,0.38545454545454544,-7.70996795201178e-05,0.08602472649436685
7864,2.577878787878788,0.3914141414141414,0.0003332944706044547,0.08808513181094772
7865,2.577878787878788,0.3973737373737373,-0.0015040273121251667,0.08793136399659728
7866,2.577878787878788,0.4033333333333333,-3.2269623841719675e-05,0.08998763685913268
7867,2.577878787878788,0.40929292929292926,-3.6970131332507396e-05,0.09071259885349309
7868,2.577878787878788,0.4152525252525252,-0.0011563814260001613,0.09272340981300066
7869,2.577878787878788,0.42121212121212115,-0.0011661593284318838,0.09424942218824406
7870,2.577878787878788,0.42717171717171715,-0.0011707694814596127,0.09512167087141651
7871,2.577878787878788,0.4331313131313131,0.0015052430078693814,0.09757063481842942
7872,2.577878787878788,0.43909090909090903,-0.0006313158364948386,0.09848036058936484
7873,2.577878787878788,0.44505050505050503,-0.0005831496361353788,0.09946206106901585
7874,2.577878787878788,0.45101010101010097,0.0010247605059790859,0.10178399026099742
7875,2.577878787878788,0.4569696969696969,-0.0020486444894072782,0.10265185739892262
7876,2.577878787878788,0.4629292929292929,0.00039065455987870735,0.10443509136419767
7877,2.577878787878788,0.46888888888888886,0.0008352354504202182,0.10700568099972106
7878,2.577878787878788,0.4748484848484848,0.0009982448260622305,0.10735472148965768
7879,2.577878787878788,0.48080808080808074,-0.0009201935054308555,0.10816414192849577
7880,2.577878787878788,0.48676767676767674,2.0975479607538537e-05,0.1085560215283307
7881,2.577878787878788,0.4927272727272727,-7.86247476543473e-05,0.11156345696336487
7882,2.577878787878788,0.4986868686868686,2.816480043081051e-05,0.1127231856791313
7883,2.577878787878788,0.5046464646464646,0.0002938192793409196,0.11317163961006485
7884,2.577878787878788,0.5106060606060605,-0.001340655070053728,0.11483153619877391
7885,2.577878787878788,0.5165656565656566,0.00013921236445339663,0.11601607676929908
7886,2.577878787878788,0.5225252525252525,0.0006986174724627519,0.12020263036217739
7887,2.577878787878788,0.5284848484848484,-0.00034829788332851647,0.1205616778723077
7888,2.577878787878788,0.5344444444444444,0.0005965694518647312,0.11836199558131588
7889,2.577878787878788,0.5404040404040403,0.0015054229325878663,0.12272954680849302
7890,2.577878787878788,0.5463636363636363,0.0005886204978209278,0.12250138434545123
7891,2.577878787878788,0.5523232323232323,-0.0005857221599171004,0.12277358886310505
7892,2.577878787878788,0.5582828282828283,-0.0011715292021488878,0.12423044573035273
7893,2.577878787878788,0.5642424242424242,0.00012567707766736352,0.12672693829866785
7894,2.577878787878788,0.5702020202020202,-0.0007345278892484971,0.1294091456244201
7895,2.577878787878788,0.5761616161616161,0.0020525808467203566,0.1294998240101472
7896,2.577878787878788,0.582121212121212,-0.00011150828643254532,0.1313703208842939
7897,2.577878787878788,0.588080808080808,-0.0008358246833361429,0.1331414777779073
7898,2.577878787878788,0.594040404040404,-0.0007865188446053506,0.13502878268728735
7899,2.577878787878788,0.6,-0.002626263787838304,0.1348036380460661
7900,2.5979797979797983,0.01,-4.160882971166988e-05,0.002259375348287551
7901,2.5979797979797983,0.01595959595959596,-4.9629789728927695e-05,0.0035965206971443372
7902,2.5979797979797983,0.021919191919191918,-2.87224545242484e-05,0.004989420775489647
7903,2.5979797979797983,0.027878787878787878,-1.6228996228412608e-05,0.0062339899760135665
7904,2.5979797979797983,0.033838383838383834,3.875002409681638e-05,0.0076670856486364385
7905,2.5979797979797983,0.0397979797979798,4.9154268909973665e-05,0.008906621910391169
7906,2.5979797979797983,0.045757575757575754,-6.75288495156703e-05,0.010409658935456497
7907,2.5979797979797983,0.05171717171717172,0.00013195318805113874,0.011500207394381292
7908,2.5979797979797983,0.05767676767676767,0.0002306761271572613,0.012903795210292052
7909,2.5979797979797983,0.06363636363636363,0.0002625545516310897,0.014221556510397013
7910,2.5979797979797983,0.06959595959595959,-0.00019550566881052333,0.01567936664079649
7911,2.5979797979797983,0.07555555555555554,-0.00020820310916256978,0.017036356086982014
7912,2.5979797979797983,0.0815151515151515,0.00047280750387777013,0.018017856766800875
7913,2.5979797979797983,0.08747474747474746,4.163250057591816e-05,0.02022780020192352
7914,2.5979797979797983,0.09343434343434343,-3.7286369664396446e-05,0.021010264050276985
7915,2.5979797979797983,0.09939393939393938,1.6917894247657772e-07,0.02195621666665232
7916,2.5979797979797983,0.10535353535353534,0.0006252604909310538,0.023788440987379506
7917,2.5979797979797983,0.1113131313131313,8.093871968234274e-05,0.02492442341509718
7918,2.5979797979797983,0.11727272727272725,-0.00012323478419637944,0.026374216795717585
7919,2.5979797979797983,0.12323232323232322,-0.00023101562702989583,0.027479593646429924
7920,2.5979797979797983,0.1291919191919192,-7.98627775653021e-05,0.02899006375559782
7921,2.5979797979797983,0.13515151515151513,-5.8576994326362406e-05,0.03026053027663517
7922,2.5979797979797983,0.1411111111111111,-0.00014826609526859773,0.031493085340773413
7923,2.5979797979797983,0.14707070707070707,5.231692209594354e-05,0.032975085222827605
7924,2.5979797979797983,0.15303030303030302,0.0001478471830104941,0.03412739037938089
7925,2.5979797979797983,0.158989898989899,-0.00013665361678141756,0.035468972617489096
7926,2.5979797979797983,0.16494949494949493,3.543319157950582e-05,0.03703052919363665
7927,2.5979797979797983,0.1709090909090909,-0.0006614692833574424,0.03833147867234265
7928,2.5979797979797983,0.17686868686868687,-0.0008417691875736075,0.03986795133883861
7929,2.5979797979797983,0.1828282828282828,-0.00033458602832538007,0.04139132885451926
7930,2.5979797979797983,0.18878787878787878,-0.00026765562183333824,0.0423532225734823
7931,2.5979797979797983,0.19474747474747472,1.1202944564650185e-05,0.044081579525074605
7932,2.5979797979797983,0.2007070707070707,0.00041818846067211146,0.045079057063235436
7933,2.5979797979797983,0.20666666666666667,-0.0006028581455095974,0.046586087574062005
7934,2.5979797979797983,0.2126262626262626,0.00037648994083687887,0.04777326930650313
7935,2.5979797979797983,0.21858585858585858,1.2549002137558584e-05,0.048626906064906925
7936,2.5979797979797983,0.22454545454545452,1.4893987940260834e-05,0.05019575863757155
7937,2.5979797979797983,0.2305050505050505,-0.0001357350825107849,0.05118775970022971
7938,2.5979797979797983,0.23646464646464646,0.00090827255942395,0.05375015874646479
7939,2.5979797979797983,0.2424242424242424,-0.00030739555096396783,0.0545801999181083
7940,2.5979797979797983,0.24838383838383837,-0.0006667931580502608,0.05550338777599013
7941,2.5979797979797983,0.2543434343434343,-1.933207649066393e-06,0.05737877026142235
7942,2.5979797979797983,0.26030303030303026,4.198148792042139e-05,0.05845685479100796
7943,2.5979797979797983,0.26626262626262626,0.00031556388796481907,0.05946526228391341
7944,2.5979797979797983,0.2722222222222222,0.0004085670065532897,0.06187119706910903
7945,2.5979797979797983,0.27818181818181814,0.0001447239371500474,0.062275092195446746
7946,2.5979797979797983,0.28414141414141414,-0.00010877399342108142,0.06392037063529317
7947,2.5979797979797983,0.2901010101010101,-0.0013647500832181067,0.06516126525387558
7948,2.5979797979797983,0.296060606060606,0.0006430739198505593,0.06723724777886352
7949,2.5979797979797983,0.302020202020202,-0.00043611404806710664,0.0687493740172465
7950,2.5979797979797983,0.30797979797979796,4.336244479351943e-05,0.0687225490063365
7951,2.5979797979797983,0.3139393939393939,0.00019638012792039125,0.07154145162166776
7952,2.5979797979797983,0.31989898989898985,0.00019250676665211338,0.07221522501799127
7953,2.5979797979797983,0.32585858585858585,0.0004569648660562541,0.07413013579793037
7954,2.5979797979797983,0.3318181818181818,8.459804685729306e-05,0.074967640832913
7955,2.5979797979797983,0.33777777777777773,0.0007747037211112363,0.07608528072216243
7956,2.5979797979797983,0.34373737373737373,-0.0002235996249173933,0.07746516206974183
7957,2.5979797979797983,0.3496969696969697,6.022435209502533e-05,0.0789643120631775
7958,2.5979797979797983,0.3556565656565656,-0.0007152197874244342,0.08042909154692547
7959,2.5979797979797983,0.3616161616161616,0.0014297409655682593,0.08342962778938914
7960,2.5979797979797983,0.36757575757575756,-0.0013114662676109617,0.08301337199132484
7961,2.5979797979797983,0.3735353535353535,-0.0012777030534461076,0.08410698085061144
7962,2.5979797979797983,0.37949494949494944,0.0005431041132945761,0.08673087457305137
7963,2.5979797979797983,0.38545454545454544,-0.0008075186924739355,0.08666549260949959
7964,2.5979797979797983,0.3914141414141414,0.0015057188912354985,0.08985948945996039
7965,2.5979797979797983,0.3973737373737373,0.0003029557776250069,0.09101059069875295
7966,2.5979797979797983,0.4033333333333333,7.30576592082695e-05,0.09095573725368097
7967,2.5979797979797983,0.40929292929292926,-0.0002832925382233825,0.09281749903969223
7968,2.5979797979797983,0.4152525252525252,-0.0003533424497828146,0.09469384761571675
7969,2.5979797979797983,0.42121212121212115,-0.0009518940715957456,0.09552191133567385
7970,2.5979797979797983,0.42717171717171715,0.0017072110625386016,0.09831296457581414
7971,2.5979797979797983,0.4331313131313131,-0.0005976405723183352,0.09856668758387155
7972,2.5979797979797983,0.43909090909090903,-0.0003112116170468165,0.0993394412042123
7973,2.5979797979797983,0.44505050505050503,-2.8917567272062916e-05,0.10071649221846934
7974,2.5979797979797983,0.45101010101010097,-0.0015322093678661129,0.10359651181339323
7975,2.5979797979797983,0.4569696969696969,-0.00014906900565124986,0.10441305762107632
7976,2.5979797979797983,0.4629292929292929,0.001907871692350217,0.10479126889922027
7977,2.5979797979797983,0.46888888888888886,-0.0003964939029055245,0.10535269838535544
7978,2.5979797979797983,0.4748484848484848,-0.0014163593667282865,0.10792818280352628
7979,2.5979797979797983,0.48080808080808074,-0.0008197270818569518,0.10853538970790207
7980,2.5979797979797983,0.48676767676767674,0.0004683549640566756,0.11228885319909374
7981,2.5979797979797983,0.4927272727272727,4.940062050629019e-05,0.11248138453594483
7982,2.5979797979797983,0.4986868686868686,-7.484559006007405e-05,0.1132207682286087
7983,2.5979797979797983,0.5046464646464646,-0.0007544521230041317,0.114069232730324
7984,2.5979797979797983,0.5106060606060605,-0.0006734188624300484,0.11695171805476225
7985,2.5979797979797983,0.5165656565656566,0.0005932425625920794,0.11897619951033192
7986,2.5979797979797983,0.5225252525252525,0.00038300315391723565,0.1202333271159508
7987,2.5979797979797983,0.5284848484848484,0.0007416452106438575,0.12049207345193724
7988,2.5979797979797983,0.5344444444444444,0.00047131844732088284,0.12342168371954
7989,2.5979797979797983,0.5404040404040403,-0.0010204098119823168,0.12490877089753497
7990,2.5979797979797983,0.5463636363636363,0.00021284974420386364,0.12422969068831942
7991,2.5979797979797983,0.5523232323232323,-0.00013076078713127818,0.12505210979146456
7992,2.5979797979797983,0.5582828282828283,-0.0008401289371701976,0.12789870107668674
7993,2.5979797979797983,0.5642424242424242,0.0016917950056262495,0.12843537660371734
7994,2.5979797979797983,0.5702020202020202,-0.0013774991089646116,0.12989736805943328
7995,2.5979797979797983,0.5761616161616161,-0.0023861035872549674,0.13153778343306197
7996,2.5979797979797983,0.582121212121212,-0.001885174139456624,0.13317634161948255
7997,2.5979797979797983,0.588080808080808,0.0009957340652006817,0.13554014882854332
7998,2.5979797979797983,0.594040404040404,0.0006085896484502019,0.13679837291682145
7999,2.5979797979797983,0.6,0.00027333582499985276,0.137499667908118
8000,2.6180808080808085,0.01,-1.1760107041548617e-06,0.0022550674009153993
8001,2.6180808080808085,0.01595959595959596,4.933878878112721e-05,0.003633246057837925
8002,2.6180808080808085,0.021919191919191918,-8.198789507493137e-05,0.005021260354310409
8003,2.6180808080808085,0.027878787878787878,-4.7721726108610615e-05,0.006344782890233506
8004,2.6180808080808085,0.033838383838383834,-0.0001611919642962941,0.007649153856063877
8005,2.6180808080808085,0.0397979797979798,-6.008107444547596e-05,0.00913353176589599
8006,2.6180808080808085,0.045757575757575754,-0.00010741288173083032,0.010327637132798224
8007,2.6180808080808085,0.05171717171717172,-0.0002837836185726476,0.011837667739377382
8008,2.6180808080808085,0.05767676767676767,0.00015782864625902714,0.013208730596546418
8009,2.6180808080808085,0.06363636363636363,1.418339940247335e-05,0.014556861851408143
8010,2.6180808080808085,0.06959595959595959,-0.00015705767810224436,0.015788432665771398
8011,2.6180808080808085,0.07555555555555554,8.983511208932939e-05,0.017209044052818204
8012,2.6180808080808085,0.0815151515151515,0.0002216555218007025,0.01848624652393569
8013,2.6180808080808085,0.08747474747474746,-4.601233386961406e-05,0.019819891600584155
8014,2.6180808080808085,0.09343434343434343,-0.0002462327861966199,0.021519200239047603
8015,2.6180808080808085,0.09939393939393938,-0.0004491661239615187,0.02270570735951057
8016,2.6180808080808085,0.10535353535353534,6.969030601154e-05,0.02395106986956033
8017,2.6180808080808085,0.1113131313131313,-0.0002633195786137776,0.025480768281698582
8018,2.6180808080808085,0.11727272727272725,-6.151140721880521e-05,0.02660944634714241
8019,2.6180808080808085,0.12323232323232322,0.0002333070448408777,0.02837121938010462
8020,2.6180808080808085,0.1291919191919192,-0.00010687280026723992,0.029356571070642705
8021,2.6180808080808085,0.13515151515151513,0.0003377118322385986,0.030725496516427347
8022,2.6180808080808085,0.1411111111111111,-7.90898786720595e-05,0.03243822972250074
8023,2.6180808080808085,0.14707070707070707,-0.00037309836902665096,0.033772251719653486
8024,2.6180808080808085,0.15303030303030302,-0.00034653418770897717,0.03470733981117079
8025,2.6180808080808085,0.158989898989899,-6.127338851438471e-05,0.03636754127647632
8026,2.6180808080808085,0.16494949494949493,-0.00012163669115377629,0.03771539742238812
8027,2.6180808080808085,0.1709090909090909,0.00010451616362311361,0.03944031950099792
8028,2.6180808080808085,0.17686868686868687,0.0002565691419336547,0.04004053786608783
8029,2.6180808080808085,0.1828282828282828,0.00011803437956474978,0.04201120971289828
8030,2.6180808080808085,0.18878787878787878,-0.00025530476740903707,0.04322391417226528
8031,2.6180808080808085,0.19474747474747472,-0.0003734845961331175,0.044419315979806785
8032,2.6180808080808085,0.2007070707070707,-0.0005658620798191051,0.04662644026300968
8033,2.6180808080808085,0.20666666666666667,0.0008930574718827689,0.04763339493603043
8034,2.6180808080808085,0.2126262626262626,0.001467640686408849,0.049028967412619674
8035,2.6180808080808085,0.21858585858585858,0.0003260909898947898,0.05014167088520031
8036,2.6180808080808085,0.22454545454545452,-0.00017649888683138267,0.05211178680325603
8037,2.6180808080808085,0.2305050505050505,0.0005670391039382302,0.05272234897442077
8038,2.6180808080808085,0.23646464646464646,-7.872527161224729e-05,0.05350609009044127
8039,2.6180808080808085,0.2424242424242424,0.0010868204539506187,0.05543926457159388
8040,2.6180808080808085,0.24838383838383837,-0.00015110651409877643,0.05631056628551841
8041,2.6180808080808085,0.2543434343434343,-0.0006097243347831861,0.05819535120868582
8042,2.6180808080808085,0.26030303030303026,-1.2319437917924959e-05,0.05947081303105854
8043,2.6180808080808085,0.26626262626262626,-0.00014378839260311712,0.060602605458604075
8044,2.6180808080808085,0.2722222222222222,-0.00010311707032333732,0.06147582590036343
8045,2.6180808080808085,0.27818181818181814,-0.00038502353267235747,0.06364018999459546
8046,2.6180808080808085,0.28414141414141414,-0.0004624651555406084,0.06492968505501735
8047,2.6180808080808085,0.2901010101010101,0.0002050330337305672,0.06630794384929395
8048,2.6180808080808085,0.296060606060606,-8.247197500887999e-05,0.06809996690264902
8049,2.6180808080808085,0.302020202020202,-0.00019388673448692055,0.06949498798989454
8050,2.6180808080808085,0.30797979797979796,0.0008895061743635818,0.07104532198667278
8051,2.6180808080808085,0.3139393939393939,0.0008459146814300885,0.07205633574710167
8052,2.6180808080808085,0.31989898989898985,0.0009321352350171395,0.07339707281878896
8053,2.6180808080808085,0.32585858585858585,0.0011060035697362167,0.07471784110653362
8054,2.6180808080808085,0.3318181818181818,-0.0007973759866704378,0.07667359066566763
8055,2.6180808080808085,0.33777777777777773,-0.0005281091552682248,0.07650947025524878
8056,2.6180808080808085,0.34373737373737373,-0.0003082211352654729,0.07888560943366413
8057,2.6180808080808085,0.3496969696969697,0.0005059660885683506,0.07968117461918324
8058,2.6180808080808085,0.3556565656565656,-0.0002956261143801142,0.08134660170985145
8059,2.6180808080808085,0.3616161616161616,-0.0007617495740925455,0.08316177099556618
8060,2.6180808080808085,0.36757575757575756,-0.0018507447682574523,0.08191101763060686
8061,2.6180808080808085,0.3735353535353535,-0.0006727265504777401,0.08554071262573226
8062,2.6180808080808085,0.37949494949494944,0.00021200395976495097,0.08802154904159402
8063,2.6180808080808085,0.38545454545454544,-0.0012624395745364585,0.08799640305115614
8064,2.6180808080808085,0.3914141414141414,-0.0011921871610940387,0.08962386092854147
8065,2.6180808080808085,0.3973737373737373,-0.0013044702800404635,0.09078990317204318
8066,2.6180808080808085,0.4033333333333333,0.0005713941678749898,0.09251469259527488
8067,2.6180808080808085,0.40929292929292926,-0.0003121782608794854,0.09395975130182901
8068,2.6180808080808085,0.4152525252525252,-5.1380408644422546e-05,0.09553810062600178
8069,2.6180808080808085,0.42121212121212115,-0.0009271919426395414,0.09688349490891962
8070,2.6180808080808085,0.42717171717171715,-0.0003385966130672337,0.09871336176917325
8071,2.6180808080808085,0.4331313131313131,-0.0008881743230882496,0.09913284054257804
8072,2.6180808080808085,0.43909090909090903,0.00040567319846412,0.10059853496479443
8073,2.6180808080808085,0.44505050505050503,0.0008100691229278087,0.1019409139846728
8074,2.6180808080808085,0.45101010101010097,0.002377458038752199,0.10477760375054727
8075,2.6180808080808085,0.4569696969696969,0.000835356651247847,0.10611730024411747
8076,2.6180808080808085,0.4629292929292929,0.0008607328015107356,0.10675528711158176
8077,2.6180808080808085,0.46888888888888886,0.001261654479114006,0.11013755090331062
8078,2.6180808080808085,0.4748484848484848,2.802266947669896e-05,0.10931785584734893
8079,2.6180808080808085,0.48080808080808074,-0.00045827653703984687,0.11010524660396404
8080,2.6180808080808085,0.48676767676767674,0.0006832887437363703,0.11211498244781877
8081,2.6180808080808085,0.4927272727272727,-0.0005156183638393325,0.1145055086664666
8082,2.6180808080808085,0.4986868686868686,-0.0016750281952718805,0.11457965487542698
8083,2.6180808080808085,0.5046464646464646,-0.0008106089059398674,0.11699133159779729
8084,2.6180808080808085,0.5106060606060605,0.0007320490166404226,0.11757605403515838
8085,2.6180808080808085,0.5165656565656566,-0.00016549162199404837,0.11857920235853625
8086,2.6180808080808085,0.5225252525252525,-0.0007864144718101829,0.11901894377634861
8087,2.6180808080808085,0.5284848484848484,-0.0015175692134000002,0.12161872912141385
8088,2.6180808080808085,0.5344444444444444,0.00035513400300101264,0.12400924651402306
8089,2.6180808080808085,0.5404040404040403,0.00030295271119458163,0.12578638049681917
8090,2.6180808080808085,0.5463636363636363,0.0009809005319231766,0.12695101086370636
8091,2.6180808080808085,0.5523232323232323,2.761914391043163e-06,0.12677149723755354
8092,2.6180808080808085,0.5582828282828283,0.0012920777133200374,0.13061325777290736
8093,2.6180808080808085,0.5642424242424242,3.1450872075530435e-06,0.13171727805199993
8094,2.6180808080808085,0.5702020202020202,-0.0016873115238412771,0.13118574537904848
8095,2.6180808080808085,0.5761616161616161,-0.0014825745428052014,0.13118304433098746
8096,2.6180808080808085,0.582121212121212,-0.0016156182759823473,0.13353501750170432
8097,2.6180808080808085,0.588080808080808,0.00018822767993698192,0.13556083788163148
8098,2.6180808080808085,0.594040404040404,0.0003616460067054978,0.13693117892177498
8099,2.6180808080808085,0.6,-0.001433997024163964,0.13575720442182518
8100,2.638181818181818,0.01,3.070294945743124e-06,0.002310808454414607
8101,2.638181818181818,0.01595959595959596,6.52538404199665e-05,0.0036918638355175177
8102,2.638181818181818,0.021919191919191918,-2.1601311379588616e-05,0.005061763491440202
8103,2.638181818181818,0.027878787878787878,8.209487522942073e-05,0.006442518272701852
8104,2.638181818181818,0.033838383838383834,7.00078569663839e-06,0.0077573347832616425
8105,2.638181818181818,0.0397979797979798,-0.00014563282767466142,0.009177227328406994
8106,2.638181818181818,0.045757575757575754,0.0001904856586377202,0.010612979827347291
8107,2.638181818181818,0.05171717171717172,4.019755494374808e-05,0.011888323963442393
8108,2.638181818181818,0.05767676767676767,0.00013444329676774456,0.013511946946534738
8109,2.638181818181818,0.06363636363636363,-0.00018205912284226562,0.014736351808485723
8110,2.638181818181818,0.06959595959595959,-3.144867707170023e-05,0.01598471320117009
8111,2.638181818181818,0.07555555555555554,0.0001076235996390473,0.01754078180291347
8112,2.638181818181818,0.0815151515151515,6.712667512520934e-05,0.01887243354052151
8113,2.638181818181818,0.08747474747474746,-0.0005973825513872479,0.020119915890840882
8114,2.638181818181818,0.09343434343434343,-2.755896349864575e-05,0.021440600254100047
8115,2.638181818181818,0.09939393939393938,4.8869592308673214e-05,0.02311280668932395
8116,2.638181818181818,0.10535353535353534,-9.454045546097629e-05,0.02417669160072603
8117,2.638181818181818,0.1113131313131313,-0.0001426519687774719,0.025334134410492086
8118,2.638181818181818,0.11727272727272725,-5.952760272480151e-06,0.027305436241246057
8119,2.638181818181818,0.12323232323232322,7.823026320267554e-05,0.02847064126017249
8120,2.638181818181818,0.1291919191919192,-0.0002432207616601309,0.02981724982924475
8121,2.638181818181818,0.13515151515151513,0.00022296362136110508,0.031175204471275548
8122,2.638181818181818,0.1411111111111111,-7.47482033012824e-06,0.03266797673104836
8123,2.638181818181818,0.14707070707070707,9.128916854889225e-05,0.03363622154177245
8124,2.638181818181818,0.15303030303030302,-0.0001314966652525745,0.034996522705246
8125,2.638181818181818,0.158989898989899,0.00011699276135527872,0.036582313043093395
8126,2.638181818181818,0.16494949494949493,0.00019806995500967496,0.03875270743197951
8127,2.638181818181818,0.1709090909090909,0.00010340398382340936,0.03982731044291544
8128,2.638181818181818,0.17686868686868687,-8.703681488480805e-05,0.040628384713459996
8129,2.638181818181818,0.1828282828282828,-0.00014633381375252962,0.041855205781057954
8130,2.638181818181818,0.18878787878787878,-0.00036933111812545715,0.04352240108295885
8131,2.638181818181818,0.19474747474747472,0.000565656007402701,0.044949702398067816
8132,2.638181818181818,0.2007070707070707,0.00047167876253394707,0.04628394800057082
8133,2.638181818181818,0.20666666666666667,-0.0003674315848040199,0.04780877070264968
8134,2.638181818181818,0.2126262626262626,0.0006180245988515846,0.04915711321258948
8135,2.638181818181818,0.21858585858585858,-1.0085947604874335e-05,0.050694060093761546
8136,2.638181818181818,0.22454545454545452,-0.0008499513601454988,0.05200323034787324
8137,2.638181818181818,0.2305050505050505,0.000959106663052669,0.05267323942441834
8138,2.638181818181818,0.23646464646464646,-0.0008089970232722166,0.05422379641443397
8139,2.638181818181818,0.2424242424242424,0.0008318033908932935,0.05575312379946925
8140,2.638181818181818,0.24838383838383837,-0.0012234453058394212,0.05682368506380192
8141,2.638181818181818,0.2543434343434343,0.000636488175770869,0.05858592101970398
8142,2.638181818181818,0.26030303030303026,-0.0008552314331220307,0.06030637997786414
8143,2.638181818181818,0.26626262626262626,-0.0005144781502853743,0.06146494657556371
8144,2.638181818181818,0.2722222222222222,-0.0006020321421692534,0.06357063197738076
8145,2.638181818181818,0.27818181818181814,-0.00027298272807663366,0.06423254485174602
8146,2.638181818181818,0.28414141414141414,-0.001106062927005835,0.06617501409929216
8147,2.638181818181818,0.2901010101010101,-6.391604266464435e-05,0.06643415685789096
8148,2.638181818181818,0.296060606060606,-1.307821837045875e-06,0.06812295139726418
8149,2.638181818181818,0.302020202020202,-0.0004984584572196209,0.07080177701157142
8150,2.638181818181818,0.30797979797979796,0.00028970908521664936,0.07188809892813616
8151,2.638181818181818,0.3139393939393939,-0.000542835568536407,0.07205607646149793
8152,2.638181818181818,0.31989898989898985,0.0017129495145819065,0.0741633608503931
8153,2.638181818181818,0.32585858585858585,-1.6790602937944855e-05,0.07481536244926607
8154,2.638181818181818,0.3318181818181818,0.0004083313215083378,0.07654962553928567
8155,2.638181818181818,0.33777777777777773,-2.426544067451011e-05,0.07870954342284232
8156,2.638181818181818,0.34373737373737373,0.0017538986935476475,0.08050575211071882
8157,2.638181818181818,0.3496969696969697,-4.4987845940806494e-05,0.08072610114731242
8158,2.638181818181818,0.3556565656565656,0.0011183567965827568,0.08283045753725102
8159,2.638181818181818,0.3616161616161616,0.0008230208493384846,0.08477260381705466
8160,2.638181818181818,0.36757575757575756,0.0007335433762401648,0.08368676951468833
8161,2.638181818181818,0.3735353535353535,-0.0002746799045387422,0.08528861881870001
8162,2.638181818181818,0.37949494949494944,-0.0002668860885509597,0.0888353818814022
8163,2.638181818181818,0.38545454545454544,-0.00013205715537917726,0.0888603172883201
8164,2.638181818181818,0.3914141414141414,0.0001857706042593124,0.09181773579322916
8165,2.638181818181818,0.3973737373737373,-0.001177720366515063,0.09095337152876015
8166,2.638181818181818,0.4033333333333333,-0.0012097918113769806,0.09427243222754446
8167,2.638181818181818,0.40929292929292926,-0.0002136733642467571,0.09575050747261536
8168,2.638181818181818,0.4152525252525252,-0.001835048958229796,0.095899673127695
8169,2.638181818181818,0.42121212121212115,-0.0002702768649747562,0.09756401374098751
8170,2.638181818181818,0.42717171717171715,-0.0014129461603928244,0.10024815367703914
8171,2.638181818181818,0.4331313131313131,0.0010205992311972507,0.10274311772194754
8172,2.638181818181818,0.43909090909090903,0.0002520592567957179,0.10389947846182433
8173,2.638181818181818,0.44505050505050503,-0.0004205148716448242,0.10269025751955309
8174,2.638181818181818,0.45101010101010097,0.0003463467858885158,0.10471134856956517
8175,2.638181818181818,0.4569696969696969,-0.00013698764395056123,0.1071782739423919
8176,2.638181818181818,0.4629292929292929,-0.001506102819524445,0.10742543005809839
8177,2.638181818181818,0.46888888888888886,-0.0015331860595623227,0.10976580303304038
8178,2.638181818181818,0.4748484848484848,0.0021811336130205315,0.11217839873082146
8179,2.638181818181818,0.48080808080808074,0.0004985863485636395,0.11310709200642892
8180,2.638181818181818,0.48676767676767674,0.0018667044723678008,0.11512987345327645
8181,2.638181818181818,0.4927272727272727,0.0003782276335495457,0.11531910021399479
8182,2.638181818181818,0.4986868686868686,-0.0010001290009077483,0.11648124926792647
8183,2.638181818181818,0.5046464646464646,0.0008062335132607467,0.11781259187294112
8184,2.638181818181818,0.5106060606060605,0.0009242144828095812,0.11971170575769872
8185,2.638181818181818,0.5165656565656566,0.0018582663970073395,0.1230728417567796
8186,2.638181818181818,0.5225252525252525,0.0007511263830784681,0.12161228674515513
8187,2.638181818181818,0.5284848484848484,-0.0010243596318108617,0.12301553585488631
8188,2.638181818181818,0.5344444444444444,0.0010185904184245463,0.12543109352958762
8189,2.638181818181818,0.5404040404040403,0.0005022463946155138,0.12629222463045475
8190,2.638181818181818,0.5463636363636363,0.001565689467548394,0.1296055832877876
8191,2.638181818181818,0.5523232323232323,0.0003486376482096501,0.12990288477738135
8192,2.638181818181818,0.5582828282828283,-0.0025015982034661275,0.13085369100027525
8193,2.638181818181818,0.5642424242424242,-2.492364547228565e-06,0.13345492609311357
8194,2.638181818181818,0.5702020202020202,0.00013874068851653582,0.13459513627963027
8195,2.638181818181818,0.5761616161616161,0.0008196819593104175,0.13415906082337206
8196,2.638181818181818,0.582121212121212,0.0013921988005090621,0.13414490765091236
8197,2.638181818181818,0.588080808080808,-0.0014394448199489727,0.13810589952631724
8198,2.638181818181818,0.594040404040404,-0.0011838519200964906,0.13972608481481472
8199,2.638181818181818,0.6,0.0010467927614306973,0.14198615851484367
8200,2.6582828282828284,0.01,-6.439415838477229e-05,0.002334701261618976
8201,2.6582828282828284,0.01595959595959596,-1.9895538252905532e-05,0.003740725971297388
8202,2.6582828282828284,0.021919191919191918,5.032662972064682e-05,0.005135075970129611
8203,2.6582828282828284,0.027878787878787878,-1.5145473957990196e-05,0.006477667239686858
8204,2.6582828282828284,0.033838383838383834,-1.7480143286860484e-05,0.007847558288046124
8205,2.6582828282828284,0.0397979797979798,-5.939374354751356e-05,0.009335506427459119
8206,2.6582828282828284,0.045757575757575754,-7.849817205234832e-06,0.010658842653549957
8207,2.6582828282828284,0.05171717171717172,0.000133053300821692,0.012081807574310491
8208,2.6582828282828284,0.05767676767676767,1.215001476050046e-05,0.013569231278621119
8209,2.6582828282828284,0.06363636363636363,-7.752188298529898e-05,0.014983301904694121
8210,2.6582828282828284,0.06959595959595959,5.890860888193653e-05,0.016329883498790648
8211,2.6582828282828284,0.07555555555555554,0.00017089610332514754,0.017611516574776144
8212,2.6582828282828284,0.0815151515151515,0.00021008692520678665,0.018968800181699743
8213,2.6582828282828284,0.08747474747474746,-7.174130089917979e-05,0.02066358623390715
8214,2.6582828282828284,0.09343434343434343,0.00021744834754566656,0.021920411657933937
8215,2.6582828282828284,0.09939393939393938,6.420392037904854e-06,0.023308945630680956
8216,2.6582828282828284,0.10535353535353534,0.0004911988191163995,0.02482100835502466
8217,2.6582828282828284,0.1113131313131313,-0.00011939046014742276,0.0261188551211917
8218,2.6582828282828284,0.11727272727272725,8.252285755567646e-05,0.027555948985443147
8219,2.6582828282828284,0.12323232323232322,1.7560627619374804e-05,0.02893567562593082
8220,2.6582828282828284,0.1291919191919192,0.00030808308564525506,0.030346975962500394
8221,2.6582828282828284,0.13515151515151513,0.00023884154657196336,0.0319256588863388
8222,2.6582828282828284,0.1411111111111111,-0.00045457555752721285,0.03289305079946852
8223,2.6582828282828284,0.14707070707070707,0.0006358198246216439,0.03467975729372185
8224,2.6582828282828284,0.15303030303030302,-0.0003023862268032845,0.03551546696290529
8225,2.6582828282828284,0.158989898989899,-0.00012950376960193185,0.03725758584677474
8226,2.6582828282828284,0.16494949494949493,0.00038416455725512935,0.03860163703957351
8227,2.6582828282828284,0.1709090909090909,0.00023486992682997837,0.04022799992770755
8228,2.6582828282828284,0.17686868686868687,-0.0003036709690494302,0.040897846308493795
8229,2.6582828282828284,0.1828282828282828,-0.00017741482037548505,0.04303403177150787
8230,2.6582828282828284,0.18878787878787878,-0.00026984344073581365,0.04455199541615185
8231,2.6582828282828284,0.19474747474747472,0.0006327297216791113,0.045848520988783406
8232,2.6582828282828284,0.2007070707070707,0.0004139653984063868,0.04698442004075327
8233,2.6582828282828284,0.20666666666666667,0.00030109147857325505,0.04839286338639687
8234,2.6582828282828284,0.2126262626262626,-0.0007462755393678225,0.050035659964121765
8235,2.6582828282828284,0.21858585858585858,-0.00039722566120000503,0.05199852564348923
8236,2.6582828282828284,0.22454545454545452,0.0007070968276666714,0.05242531913335442
8237,2.6582828282828284,0.2305050505050505,0.0003266436380616873,0.05381837923125811
8238,2.6582828282828284,0.23646464646464646,-3.1918208027567105e-05,0.05462254874412792
8239,2.6582828282828284,0.2424242424242424,-0.0005176517026761908,0.056513836699404976
8240,2.6582828282828284,0.24838383838383837,-0.00028868340161101184,0.05769780375589112
8241,2.6582828282828284,0.2543434343434343,0.00015200365890446555,0.05967749597492259
8242,2.6582828282828284,0.26030303030303026,-0.0014718986012919454,0.060179205055723876
8243,2.6582828282828284,0.26626262626262626,0.0013214472314275459,0.06313906905923924
8244,2.6582828282828284,0.2722222222222222,0.0005689603010311825,0.06459852312183713
8245,2.6582828282828284,0.27818181818181814,0.00040776970934787703,0.0656709168261626
8246,2.6582828282828284,0.28414141414141414,-0.0004047931887239463,0.06670178205320379
8247,2.6582828282828284,0.2901010101010101,-5.0109865883596646e-05,0.06757008098195558
8248,2.6582828282828284,0.296060606060606,0.00015606164624860512,0.07033079910328807
8249,2.6582828282828284,0.302020202020202,0.0007248018564688349,0.07065268541455128
8250,2.6582828282828284,0.30797979797979796,0.001209054725876732,0.07205697541647318
8251,2.6582828282828284,0.3139393939393939,0.0004947260352349973,0.07355927986378084
8252,2.6582828282828284,0.31989898989898985,-0.0010641100778961314,0.07561115666663333
8253,2.6582828282828284,0.32585858585858585,-0.0004140966417806563,0.07521717367221392
8254,2.6582828282828284,0.3318181818181818,0.001058657405069802,0.07778180872087335
8255,2.6582828282828284,0.33777777777777773,-0.00020183070192663935,0.0800462467674625
8256,2.6582828282828284,0.34373737373737373,-0.0004531698823437896,0.0805955830680536
8257,2.6582828282828284,0.3496969696969697,4.4310612399535075e-05,0.08331360249418025
8258,2.6582828282828284,0.3556565656565656,-0.0013773876536449865,0.08272166017169547
8259,2.6582828282828284,0.3616161616161616,0.0005838195455624521,0.08587100021048101
8260,2.6582828282828284,0.36757575757575756,-0.0012698414277917903,0.08513093285142911
8261,2.6582828282828284,0.3735353535353535,0.0005824419473511297,0.08856025018295491
8262,2.6582828282828284,0.37949494949494944,0.00039318644400403787,0.09074265400180474
8263,2.6582828282828284,0.38545454545454544,0.00020926099151832346,0.09089416738069932
8264,2.6582828282828284,0.3914141414141414,0.0017071900732680656,0.09218335992296352
8265,2.6582828282828284,0.3973737373737373,0.00020933219552218737,0.09298197167788508
8266,2.6582828282828284,0.4033333333333333,0.0006812049893646347,0.09559116124645163
8267,2.6582828282828284,0.40929292929292926,-0.0006804584600922956,0.09558098198291874
8268,2.6582828282828284,0.4152525252525252,-0.001520012308797995,0.09749691599644367
8269,2.6582828282828284,0.42121212121212115,-0.0005519212194882004,0.09911887824480588
8270,2.6582828282828284,0.42717171717171715,-0.00010731391906937286,0.10017777936942057
8271,2.6582828282828284,0.4331313131313131,-0.0012574736651952522,0.102276001848847
8272,2.6582828282828284,0.43909090909090903,-0.000984674077400672,0.10379368008738611
8273,2.6582828282828284,0.44505050505050503,-0.00018460938668129004,0.10571930035718793
8274,2.6582828282828284,0.45101010101010097,0.002328281754691372,0.10720271733069564
8275,2.6582828282828284,0.4569696969696969,-0.0005397598453234442,0.10783277149966601
8276,2.6582828282828284,0.4629292929292929,0.0019806427840273967,0.10868322490573594
8277,2.6582828282828284,0.46888888888888886,0.0004670950282803945,0.11118913383997059
8278,2.6582828282828284,0.4748484848484848,-6.0469289839842854e-05,0.11303549791561042
8279,2.6582828282828284,0.48080808080808074,0.0002208885512120087,0.11530462121225654
8280,2.6582828282828284,0.48676767676767674,0.0005149414041751131,0.115930364003833
8281,2.6582828282828284,0.4927272727272727,-0.0002864948266029861,0.1145763684338958
8282,2.6582828282828284,0.4986868686868686,-0.0007652395116973427,0.11788648090847692
8283,2.6582828282828284,0.5046464646464646,-0.0031873980239193545,0.11953098939778764
8284,2.6582828282828284,0.5106060606060605,0.001403998939468459,0.12295953553061194
8285,2.6582828282828284,0.5165656565656566,-0.0010139347016318828,0.1218985787093973
8286,2.6582828282828284,0.5225252525252525,0.0007821628830700646,0.12322123656824903
8287,2.6582828282828284,0.5284848484848484,-0.0002473115097338555,0.1250972723613125
8288,2.6582828282828284,0.5344444444444444,0.0018591093561636694,0.12744992063161426
8289,2.6582828282828284,0.5404040404040403,0.0011371535305768148,0.12958317195189786
8290,2.6582828282828284,0.5463636363636363,0.0018014528973222086,0.131334690383439
8291,2.6582828282828284,0.5523232323232323,-0.002291937484654673,0.1298750412166707
8292,2.6582828282828284,0.5582828282828283,-0.0016409226308301537,0.13285105897044736
8293,2.6582828282828284,0.5642424242424242,0.0020398167366809422,0.13411019906190713
8294,2.6582828282828284,0.5702020202020202,-0.0014383357871017612,0.13473487833101924
8295,2.6582828282828284,0.5761616161616161,-0.001178054713221972,0.1368800048923261
8296,2.6582828282828284,0.582121212121212,0.001552419404376483,0.1378908607497605
8297,2.6582828282828284,0.588080808080808,0.000469826865921517,0.14078762964778868
8298,2.6582828282828284,0.594040404040404,0.00045496133863076035,0.14133699383081264
8299,2.6582828282828284,0.6,-0.00032622583197534477,0.1408981203883437
8300,2.6783838383838385,0.01,2.9354331763076047e-05,0.0023422210183963715
8301,2.6783838383838385,0.01595959595959596,-5.77548757370151e-06,0.0037304853832620787
8302,2.6783838383838385,0.021919191919191918,-2.8022203287168278e-05,0.005193488476392529
8303,2.6783838383838385,0.027878787878787878,-1.641754674706729e-05,0.006669127830050066
8304,2.6783838383838385,0.033838383838383834,-6.181470203500889e-05,0.008007440906800407
8305,2.6783838383838385,0.0397979797979798,-0.00018505998170693762,0.00938379580794527
8306,2.6783838383838385,0.045757575757575754,-0.00012183772463496128,0.010763322729587
8307,2.6783838383838385,0.05171717171717172,2.3444527675199266e-05,0.012087699149197368
8308,2.6783838383838385,0.05767676767676767,8.494818930152766e-05,0.013563547339664726
8309,2.6783838383838385,0.06363636363636363,-0.00011024041938560134,0.015066203389793198
8310,2.6783838383838385,0.06959595959595959,0.00015942665342666933,0.016454157463111865
8311,2.6783838383838385,0.07555555555555554,-0.0001942380739260872,0.017943909136731974
8312,2.6783838383838385,0.0815151515151515,-0.0001480480853929836,0.019252833532324782
8313,2.6783838383838385,0.08747474747474746,0.00020600913478186685,0.020720841358776505
8314,2.6783838383838385,0.09343434343434343,-0.0003701729439738661,0.02188965337460582
8315,2.6783838383838385,0.09939393939393938,-7.315674794289481e-05,0.023308520842988362
8316,2.6783838383838385,0.10535353535353534,0.0002467094308838768,0.02475844428237323
8317,2.6783838383838385,0.1113131313131313,-0.00016311563585823103,0.02641276350505295
8318,2.6783838383838385,0.11727272727272725,7.300891911648316e-05,0.02731228340163471
8319,2.6783838383838385,0.12323232323232322,0.00033808630515406524,0.029194855864648907
8320,2.6783838383838385,0.1291919191919192,-0.00021359018202823127,0.030495476407153645
8321,2.6783838383838385,0.13515151515151513,0.00048249827787273354,0.03208225224809201
8322,2.6783838383838385,0.1411111111111111,-4.9262452187712435e-05,0.03311801120834727
8323,2.6783838383838385,0.14707070707070707,0.00039673073122876117,0.03522078945130095
8324,2.6783838383838385,0.15303030303030302,-0.0007195106749123685,0.03575321385040184
8325,2.6783838383838385,0.158989898989899,0.00037270320134575653,0.037448351944477654
8326,2.6783838383838385,0.16494949494949493,-0.00026556087968736643,0.03876947990082262
8327,2.6783838383838385,0.1709090909090909,-0.00040996338083289333,0.04045584242950615
8328,2.6783838383838385,0.17686868686868687,0.00016782827181009412,0.04240524093874559
8329,2.6783838383838385,0.1828282828282828,6.673723188045057e-05,0.043371243176950174
8330,2.6783838383838385,0.18878787878787878,-0.0005811309156093842,0.044477978725732385
8331,2.6783838383838385,0.19474747474747472,0.0005095137781055991,0.046600317482520165
8332,2.6783838383838385,0.2007070707070707,8.525843208822237e-05,0.04736575436310377
8333,2.6783838383838385,0.20666666666666667,0.0007810399359176204,0.04885181897219919
8334,2.6783838383838385,0.2126262626262626,2.579720387348008e-05,0.04979206333712813
8335,2.6783838383838385,0.21858585858585858,5.261868771140068e-05,0.051553604335285115
8336,2.6783838383838385,0.22454545454545452,-0.0006862815963152465,0.0532154208899328
8337,2.6783838383838385,0.2305050505050505,-0.0006967361931529616,0.054529186669176284
8338,2.6783838383838385,0.23646464646464646,9.923450977784169e-05,0.0556109456736177
8339,2.6783838383838385,0.2424242424242424,-0.0008699294322535231,0.05770620449506275
8340,2.6783838383838385,0.24838383838383837,-0.00022608525599872585,0.05930412749299208
8341,2.6783838383838385,0.2543434343434343,0.0009319723947450871,0.06076059190075018
8342,2.6783838383838385,0.26030303030303026,-0.00040787477008589053,0.06185390229270387
8343,2.6783838383838385,0.26626262626262626,-0.0003674939642287697,0.06309160162830772
8344,2.6783838383838385,0.2722222222222222,-0.0005712475559509005,0.06336470172342358
8345,2.6783838383838385,0.27818181818181814,-0.00020189020370740734,0.06623445816870509
8346,2.6783838383838385,0.28414141414141414,-2.479558668272872e-05,0.0683503409073729
8347,2.6783838383838385,0.2901010101010101,-0.0005639278419879997,0.06936678623989131
8348,2.6783838383838385,0.296060606060606,-0.000624148607235864,0.07089897105409673
8349,2.6783838383838385,0.302020202020202,-0.0002211536251670181,0.07128791411450652
8350,2.6783838383838385,0.30797979797979796,-0.0006972823443870385,0.07293764394036567
8351,2.6783838383838385,0.3139393939393939,9.443870834264647e-05,0.07464070661737168
8352,2.6783838383838385,0.31989898989898985,0.00011913997624397136,0.07646172919346224
8353,2.6783838383838385,0.32585858585858585,-0.00045696914784846865,0.07735747303847618
8354,2.6783838383838385,0.3318181818181818,0.001165343341504931,0.07917654646506363
8355,2.6783838383838385,0.33777777777777773,-0.0011343979785824565,0.07978226396618664
8356,2.6783838383838385,0.34373737373737373,-0.0009103689639896245,0.08256061976500817
8357,2.6783838383838385,0.3496969696969697,-0.0004161594542008396,0.08384554957209409
8358,2.6783838383838385,0.3556565656565656,0.0004989813917803387,0.08524899901889765
8359,2.6783838383838385,0.3616161616161616,-0.0013508792246151333,0.08632662148534719
8360,2.6783838383838385,0.36757575757575756,0.0007738082197100736,0.08792544020502813
8361,2.6783838383838385,0.3735353535353535,0.0018644635116102988,0.08983146464832586
8362,2.6783838383838385,0.37949494949494944,0.0013380402233250791,0.09119891017288714
8363,2.6783838383838385,0.38545454545454544,0.002053799380458206,0.09327380602080591
8364,2.6783838383838385,0.3914141414141414,0.0006037416746013127,0.09359444291645293
8365,2.6783838383838385,0.3973737373737373,-0.0003309165380687362,0.0938314118728262
8366,2.6783838383838385,0.4033333333333333,-0.0012975575044754787,0.09610858334945178
8367,2.6783838383838385,0.40929292929292926,0.0006807236729331426,0.09804340510797299
8368,2.6783838383838385,0.4152525252525252,0.0009448952553029916,0.09805488717045815
8369,2.6783838383838385,0.42121212121212115,0.0012413867136645965,0.10142764079034963
8370,2.6783838383838385,0.42717171717171715,0.0013102204461186403,0.1022961397672264
8371,2.6783838383838385,0.4331313131313131,0.0022225742865432073,0.10348386313234659
8372,2.6783838383838385,0.43909090909090903,-0.0008459564210684519,0.10396064699258868
8373,2.6783838383838385,0.44505050505050503,-0.000353798940130055,0.10482101466255137
8374,2.6783838383838385,0.45101010101010097,-0.0006098874860187694,0.10774905858114929
8375,2.6783838383838385,0.4569696969696969,-0.00031130654383023466,0.1084579109553063
8376,2.6783838383838385,0.4629292929292929,0.00036067674650213944,0.11108292652991941
8377,2.6783838383838385,0.46888888888888886,1.106630154349384e-05,0.11182035384014483
8378,2.6783838383838385,0.4748484848484848,-6.968460974683392e-05,0.11486135768940431
8379,2.6783838383838385,0.48080808080808074,0.0006725918779395388,0.11516962817720662
8380,2.6783838383838385,0.48676767676767674,0.0008163540524118976,0.11700529982541946
8381,2.6783838383838385,0.4927272727272727,0.0016322421518623976,0.11849615282167332
8382,2.6783838383838385,0.4986868686868686,0.001308242509674244,0.1189073537728554
8383,2.6783838383838385,0.5046464646464646,-0.0008503022992965568,0.12215458959535466
8384,2.6783838383838385,0.5106060606060605,-0.0015317131797285754,0.12214148645191178
8385,2.6783838383838385,0.5165656565656566,0.0017112419201943709,0.12487931395366544
8386,2.6783838383838385,0.5225252525252525,0.000586751662522807,0.12651851960745655
8387,2.6783838383838385,0.5284848484848484,0.001584420592330542,0.12800982264954858
8388,2.6783838383838385,0.5344444444444444,-0.00019694986677395274,0.12849950321679635
8389,2.6783838383838385,0.5404040404040403,-0.0011548760393849814,0.13021283317712185
8390,2.6783838383838385,0.5463636363636363,-0.00010263330588760491,0.13288558466710174
8391,2.6783838383838385,0.5523232323232323,0.0011565333007217463,0.13260822141688
8392,2.6783838383838385,0.5582828282828283,-5.86861771389465e-05,0.13355832609267046
8393,2.6783838383838385,0.5642424242424242,-0.0002611358353760556,0.13634290263587062
8394,2.6783838383838385,0.5702020202020202,0.0020141375971669765,0.13661261011905393
8395,2.6783838383838385,0.5761616161616161,-1.1146180524207771e-05,0.13919400008557994
8396,2.6783838383838385,0.582121212121212,0.0027089678683900518,0.14095811048911275
8397,2.6783838383838385,0.588080808080808,0.0002094687096018654,0.1421795485172406
8398,2.6783838383838385,0.594040404040404,0.0006670172908381069,0.14418098383374245
8399,2.6783838383838385,0.6,0.0007529023093857868,0.14564818524722722
8400,2.6984848484848483,0.01,-2.1373280452728427e-05,0.0024000387933857115
8401,2.6984848484848483,0.01595959595959596,7.76741678883172e-05,0.0038134930708810678
8402,2.6984848484848483,0.021919191919191918,-2.7251420507375625e-05,0.005227142935986558
8403,2.6984848484848483,0.027878787878787878,5.93064800028887e-05,0.006706507245418264
8404,2.6984848484848483,0.033838383838383834,4.5429484532897456e-05,0.008038143873631486
8405,2.6984848484848483,0.0397979797979798,-6.519499431796149e-06,0.009598005488255346
8406,2.6984848484848483,0.045757575757575754,0.0002769648848890128,0.010951640565510961
8407,2.6984848484848483,0.05171717171717172,8.06408188752821e-05,0.01238173881892015
8408,2.6984848484848483,0.05767676767676767,0.00013956843135373693,0.014007276367797673
8409,2.6984848484848483,0.06363636363636363,9.451723451419034e-05,0.015142541241047703
8410,2.6984848484848483,0.06959595959595959,-0.00017470901470010978,0.016631018496120104
8411,2.6984848484848483,0.07555555555555554,-3.795324264709308e-05,0.017798547093030755
8412,2.6984848484848483,0.0815151515151515,9.739181267843534e-06,0.019559000885893067
8413,2.6984848484848483,0.08747474747474746,-0.0002788899014156708,0.020717528820997113
8414,2.6984848484848483,0.09343434343434343,-8.075581502697395e-05,0.022499231222870068
8415,2.6984848484848483,0.09939393939393938,-0.0002929330982332228,0.023720031739146774
8416,2.6984848484848483,0.10535353535353534,0.0004292675348962436,0.02519681169692491
8417,2.6984848484848483,0.1113131313131313,-0.00020031735901624516,0.026821224382886696
8418,2.6984848484848483,0.11727272727272725,-0.00027770583788391584,0.027653861292030468
8419,2.6984848484848483,0.12323232323232322,0.0004454348828703238,0.029319064278969797
8420,2.6984848484848483,0.1291919191919192,-0.0005265065416928474,0.03073844393722524
8421,2.6984848484848483,0.13515151515151513,-3.993307876572916e-06,0.03240327361093349
8422,2.6984848484848483,0.1411111111111111,-0.00017685619444488302,0.033597117984181704
8423,2.6984848484848483,0.14707070707070707,2.1364917784058425e-05,0.03547408919985833
8424,2.6984848484848483,0.15303030303030302,-6.263533199862214e-05,0.03654924739559415
8425,2.6984848484848483,0.158989898989899,0.00021424809900110001,0.038009388202491654
8426,2.6984848484848483,0.16494949494949493,-0.00011312072788687084,0.039742639765972955
8427,2.6984848484848483,0.1709090909090909,0.0003533801619707017,0.04089418723444166
8428,2.6984848484848483,0.17686868686868687,-0.00013309304860873404,0.04196485965569312
8429,2.6984848484848483,0.1828282828282828,-0.0006080226375753716,0.044052481396094384
8430,2.6984848484848483,0.18878787878787878,-0.00030417145155817816,0.04469802861558504
8431,2.6984848484848483,0.19474747474747472,4.245675746782984e-06,0.04619942730819124
8432,2.6984848484848483,0.2007070707070707,0.0009052799006987199,0.047831015492323964
8433,2.6984848484848483,0.20666666666666667,0.00031683657136566764,0.05028661121759302
8434,2.6984848484848483,0.2126262626262626,-4.686228689626781e-05,0.05111836536555545
8435,2.6984848484848483,0.21858585858585858,-0.0005254044747954998,0.051704445850740695
8436,2.6984848484848483,0.22454545454545452,0.00045023132269887814,0.053713282962903466
8437,2.6984848484848483,0.2305050505050505,0.00033846036040269815,0.0555164907817499
8438,2.6984848484848483,0.23646464646464646,-0.000419988840868802,0.05607891070322486
8439,2.6984848484848483,0.2424242424242424,-0.0005377090799151469,0.057310145137248775
8440,2.6984848484848483,0.24838383838383837,0.000533066310032326,0.06004015674779363
8441,2.6984848484848483,0.2543434343434343,0.0004907990913317647,0.06112719879715856
8442,2.6984848484848483,0.26030303030303026,0.0004764157659821886,0.06309580037499189
8443,2.6984848484848483,0.26626262626262626,-0.00022278622109804272,0.06383385751864684
8444,2.6984848484848483,0.2722222222222222,0.000482989255642107,0.06521858672095504
8445,2.6984848484848483,0.27818181818181814,0.00034953262614624005,0.06650005528664202
8446,2.6984848484848483,0.28414141414141414,0.0005634833073058915,0.06797479901244488
8447,2.6984848484848483,0.2901010101010101,0.0011814951557516439,0.07007103024324492
8448,2.6984848484848483,0.296060606060606,0.0003517237948262628,0.06963506866727409
8449,2.6984848484848483,0.302020202020202,0.00012567555051006148,0.07296197093896073
8450,2.6984848484848483,0.30797979797979796,0.00015615799246333046,0.07462727058750132
8451,2.6984848484848483,0.3139393939393939,-0.0007857980039922978,0.07550182859674304
8452,2.6984848484848483,0.31989898989898985,0.00042144520252409147,0.07625640662532131
8453,2.6984848484848483,0.32585858585858585,0.0003924982087320333,0.07864712508408754
8454,2.6984848484848483,0.3318181818181818,-9.124554456452971e-05,0.07972158951217483
8455,2.6984848484848483,0.33777777777777773,-0.00023828111492490408,0.08092130137802517
8456,2.6984848484848483,0.34373737373737373,-0.0007991770883716697,0.08300098845790432
8457,2.6984848484848483,0.3496969696969697,-0.0006743074157032735,0.08386226392572937
8458,2.6984848484848483,0.3556565656565656,0.0004322267477403275,0.08600822260597117
8459,2.6984848484848483,0.3616161616161616,-0.0011800272263631586,0.08692476476481512
8460,2.6984848484848483,0.36757575757575756,3.3528083867829614e-05,0.08834765971955476
8461,2.6984848484848483,0.3735353535353535,0.0007024250011350546,0.09127845249903425
8462,2.6984848484848483,0.37949494949494944,-0.0017556195885468967,0.09168787479326142
8463,2.6984848484848483,0.38545454545454544,-0.0011811122974613136,0.09276485395165039
8464,2.6984848484848483,0.3914141414141414,-0.0013978017101692584,0.09338666834903249
8465,2.6984848484848483,0.3973737373737373,-0.0006204843247789712,0.09536289985986664
8466,2.6984848484848483,0.4033333333333333,0.00046666344146383166,0.09840037882937319
8467,2.6984848484848483,0.40929292929292926,-0.0005332865610122176,0.09935722135641228
8468,2.6984848484848483,0.4152525252525252,-0.000354851205990123,0.09996883155829932
8469,2.6984848484848483,0.42121212121212115,0.000575822916546115,0.10120575424753954
8470,2.6984848484848483,0.42717171717171715,0.00020554123573856948,0.10299515415894697
8471,2.6984848484848483,0.4331313131313131,0.001960405618854962,0.1046539591838397
8472,2.6984848484848483,0.43909090909090903,-0.0010577030079700974,0.10667143539637461
8473,2.6984848484848483,0.44505050505050503,-0.00012480130289385771,0.10760387104142166
8474,2.6984848484848483,0.45101010101010097,0.0011507037835544447,0.11109259827406873
8475,2.6984848484848483,0.4569696969696969,-0.0018577494559396108,0.10726951379708184
8476,2.6984848484848483,0.4629292929292929,-0.002474856303715838,0.111383089324468
8477,2.6984848484848483,0.46888888888888886,0.0012886671375677058,0.11542522537215069
8478,2.6984848484848483,0.4748484848484848,-0.0005022710695551034,0.11471888110827619
8479,2.6984848484848483,0.48080808080808074,0.0012200478365754822,0.11812392993480784
8480,2.6984848484848483,0.48676767676767674,0.0011406586196866621,0.12112729564374261
8481,2.6984848484848483,0.4927272727272727,-0.0002921001022586106,0.11877257343722802
8482,2.6984848484848483,0.4986868686868686,0.0002243419146146429,0.12110214970586518
8483,2.6984848484848483,0.5046464646464646,0.0004877495172229386,0.12312781335989616
8484,2.6984848484848483,0.5106060606060605,0.0007202074379906432,0.12411699831231737
8485,2.6984848484848483,0.5165656565656566,0.0011165011530912899,0.1247069736082635
8486,2.6984848484848483,0.5225252525252525,0.0007169730116226707,0.126797428526276
8487,2.6984848484848483,0.5284848484848484,-1.2239375523306784e-05,0.12728907283232038
8488,2.6984848484848483,0.5344444444444444,-3.434154945125023e-06,0.12925458757432662
8489,2.6984848484848483,0.5404040404040403,-0.001295993383994783,0.130295145381762
8490,2.6984848484848483,0.5463636363636363,0.00028279076669437134,0.1306886103459188
8491,2.6984848484848483,0.5523232323232323,-0.0003919531557183216,0.1354708735325721
8492,2.6984848484848483,0.5582828282828283,0.002169180253443372,0.14002220908334728
8493,2.6984848484848483,0.5642424242424242,5.442256171873616e-05,0.13813352217759275
8494,2.6984848484848483,0.5702020202020202,0.0007718675394738604,0.14011994302265435
8495,2.6984848484848483,0.5761616161616161,0.00037233454597022746,0.13916905187296852
8496,2.6984848484848483,0.582121212121212,-0.0019387252230102891,0.14402923050345623
8497,2.6984848484848483,0.588080808080808,-0.00010790746067827586,0.14403283882281628
8498,2.6984848484848483,0.594040404040404,0.0015607764308727902,0.1468725255469886
8499,2.6984848484848483,0.6,8.400474350187803e-05,0.14758137117231745
8500,2.7185858585858584,0.01,-7.1599499990591784e-06,0.0024248376869559357
8501,2.7185858585858584,0.01595959595959596,2.0378147933258915e-05,0.0038258965442986644
8502,2.7185858585858584,0.021919191919191918,2.2725750224114738e-05,0.005286020001823555
8503,2.7185858585858584,0.027878787878787878,8.410095135311854e-05,0.006761041317369378
8504,2.7185858585858584,0.033838383838383834,5.907186195991454e-06,0.008122738627648986
8505,2.7185858585858584,0.0397979797979798,4.503603755925505e-05,0.009588361351335714
8506,2.7185858585858584,0.045757575757575754,7.473390920844667e-05,0.010952325072475465
8507,2.7185858585858584,0.05171717171717172,0.00013096956070140746,0.012404629966735007
8508,2.7185858585858584,0.05767676767676767,-8.539435667771566e-05,0.013884685251261495
8509,2.7185858585858584,0.06363636363636363,0.00012272481744056524,0.015556463286356504
8510,2.7185858585858584,0.06959595959595959,0.0001396286274653895,0.016934229571372573
8511,2.7185858585858584,0.07555555555555554,-0.0002278576213949969,0.018212371139670686
8512,2.7185858585858584,0.0815151515151515,-0.00019774625998837664,0.019772859108998096
8513,2.7185858585858584,0.08747474747474746,-1.4358519642137534e-05,0.021226912456268808
8514,2.7185858585858584,0.09343434343434343,1.083371796851611e-05,0.02269738816220621
8515,2.7185858585858584,0.09939393939393938,-0.0003304777120614056,0.02392337763394078
8516,2.7185858585858584,0.10535353535353534,-7.846047537063635e-05,0.025818570272455578
8517,2.7185858585858584,0.1113131313131313,0.00027894767896579806,0.026570274970607967
8518,2.7185858585858584,0.11727272727272725,-0.00040402168552358154,0.028485720795233767
8519,2.7185858585858584,0.12323232323232322,-0.00043740346582470834,0.02991968533110302
8520,2.7185858585858584,0.1291919191919192,0.00024392294769438015,0.031098150816046263
8521,2.7185858585858584,0.13515151515151513,-2.9192348723332306e-05,0.03245283929451872
8522,2.7185858585858584,0.1411111111111111,0.0006793452344052838,0.034307215832873904
8523,2.7185858585858584,0.14707070707070707,3.456529761921789e-05,0.03569468470523288
8524,2.7185858585858584,0.15303030303030302,-0.00040176030092348614,0.03730018267401724
8525,2.7185858585858584,0.158989898989899,-2.8695067045263024e-05,0.03848074307348654
8526,2.7185858585858584,0.16494949494949493,0.00016424304123656262,0.040373402430601835
8527,2.7185858585858584,0.1709090909090909,-0.0003733447964488882,0.04071566981907613
8528,2.7185858585858584,0.17686868686868687,-3.3839296425268486e-05,0.04265713359189565
8529,2.7185858585858584,0.1828282828282828,-0.0004809064282147591,0.04432248989043362
8530,2.7185858585858584,0.18878787878787878,-8.50939082756998e-05,0.045963005118268827
8531,2.7185858585858584,0.19474747474747472,0.00018783334221777258,0.04750004275706251
8532,2.7185858585858584,0.2007070707070707,0.00012552062580728257,0.04846192775673883
8533,2.7185858585858584,0.20666666666666667,-0.0002238374262465912,0.0502503039257261
8534,2.7185858585858584,0.2126262626262626,-0.0005532430235413251,0.051600943704497776
8535,2.7185858585858584,0.21858585858585858,2.9873541397741034e-05,0.0536159327051174
8536,2.7185858585858584,0.22454545454545452,0.0011224157124098484,0.05515087726385984
8537,2.7185858585858584,0.2305050505050505,2.2128761218493142e-05,0.056537164924547544
8538,2.7185858585858584,0.23646464646464646,-0.0004516888885723429,0.05729171257663748
8539,2.7185858585858584,0.2424242424242424,0.0007618978913610772,0.059335469316334065
8540,2.7185858585858584,0.24838383838383837,-0.0011761788294457076,0.06059081690702821
8541,2.7185858585858584,0.2543434343434343,0.0005591028193129914,0.06166978900971513
8542,2.7185858585858584,0.26030303030303026,-0.00019157246445745653,0.06299002470204991
8543,2.7185858585858584,0.26626262626262626,-0.00019147783599658488,0.06556312918811201
8544,2.7185858585858584,0.2722222222222222,-6.0561722622179025e-05,0.06617836121381801
8545,2.7185858585858584,0.27818181818181814,0.0002824635761886089,0.06856562602755732
8546,2.7185858585858584,0.28414141414141414,-0.0007885716737914362,0.06909478705213525
8547,2.7185858585858584,0.2901010101010101,1.7479733431146992e-05,0.07090780067427924
8548,2.7185858585858584,0.296060606060606,0.0007811719565013549,0.07229402471178482
8549,2.7185858585858584,0.302020202020202,0.00016008242149418564,0.07365844281622479
8550,2.7185858585858584,0.30797979797979796,6.19716728775003e-05,0.07505525465612031
8551,2.7185858585858584,0.3139393939393939,-0.0001671466477649651,0.07576588089407184
8552,2.7185858585858584,0.31989898989898985,0.00045691017090915053,0.07879613280734776
8553,2.7185858585858584,0.32585858585858585,-0.00032592584769501143,0.08032295756641603
8554,2.7185858585858584,0.3318181818181818,0.001452464168572398,0.08091836090888078
8555,2.7185858585858584,0.33777777777777773,0.00016253021859760403,0.08264345871897484
8556,2.7185858585858584,0.34373737373737373,0.0004586189127916432,0.0842775079413005
8557,2.7185858585858584,0.3496969696969697,-0.00039475621120941537,0.08537057983456285
8558,2.7185858585858584,0.3556565656565656,6.808725934713093e-05,0.08718426471227418
8559,2.7185858585858584,0.3616161616161616,0.0009400031494085166,0.08936631661552634
8560,2.7185858585858584,0.36757575757575756,-0.0015456561465081251,0.08846288757991717
8561,2.7185858585858584,0.3735353535353535,-0.0006467519458780369,0.0910335319024705
8562,2.7185858585858584,0.37949494949494944,-0.0007393223983248899,0.09198522296580906
8563,2.7185858585858584,0.38545454545454544,6.990446996125397e-05,0.09366970265288758
8564,2.7185858585858584,0.3914141414141414,0.0007352507590747998,0.09563067060248245
8565,2.7185858585858584,0.3973737373737373,-0.0006493662513921169,0.09673693587253121
8566,2.7185858585858584,0.4033333333333333,0.0019954243259571757,0.09834736077096132
8567,2.7185858585858584,0.40929292929292926,-0.0011588232088768676,0.09959020680116236
8568,2.7185858585858584,0.4152525252525252,0.0006037804215598257,0.10253107645063665
8569,2.7185858585858584,0.42121212121212115,-0.00048613595197660205,0.10123879573185657
8570,2.7185858585858584,0.42717171717171715,0.0014521608819382137,0.10514538854589299
8571,2.7185858585858584,0.4331313131313131,0.0007408296149371563,0.10729557500166424
8572,2.7185858585858584,0.43909090909090903,-0.0008581541496313097,0.10623827811465811
8573,2.7185858585858584,0.44505050505050503,-0.0008568160205024474,0.10720580191549271
8574,2.7185858585858584,0.45101010101010097,0.00031809775032813414,0.10962180022152361
8575,2.7185858585858584,0.4569696969696969,-0.0008322767767027362,0.11323868368209751
8576,2.7185858585858584,0.4629292929292929,1.959150704660564e-05,0.11384052534199438
8577,2.7185858585858584,0.46888888888888886,-0.0005593032301651728,0.1156565596236716
8578,2.7185858585858584,0.4748484848484848,-6.510237057052315e-05,0.11591542830453234
8579,2.7185858585858584,0.48080808080808074,0.001675895118494243,0.11816796689506584
8580,2.7185858585858584,0.48676767676767674,6.908883287538376e-05,0.11904725469797287
8581,2.7185858585858584,0.4927272727272727,0.00046224247852191,0.12045056534258178
8582,2.7185858585858584,0.4986868686868686,-0.001057824643356159,0.12068201407414603
8583,2.7185858585858584,0.5046464646464646,-4.853860860778614e-06,0.12512666766328828
8584,2.7185858585858584,0.5106060606060605,-0.0007110004466748383,0.1242506883639609
8585,2.7185858585858584,0.5165656565656566,-0.00045974293778065485,0.1278081243090821
8586,2.7185858585858584,0.5225252525252525,0.000868042964222799,0.1281753703507229
8587,2.7185858585858584,0.5284848484848484,0.0008307163028947324,0.1311822346733877
8588,2.7185858585858584,0.5344444444444444,-0.0011014901933921427,0.1327862603360531
8589,2.7185858585858584,0.5404040404040403,-0.0014610992195421182,0.13125911399828724
8590,2.7185858585858584,0.5463636363636363,0.0026791598754969423,0.13774843668536496
8591,2.7185858585858584,0.5523232323232323,-0.0003028960721343034,0.1346097919908343
8592,2.7185858585858584,0.5582828282828283,6.089624250332557e-05,0.13895644743933244
8593,2.7185858585858584,0.5642424242424242,-9.803912988558344e-05,0.1398135306623672
8594,2.7185858585858584,0.5702020202020202,0.0007512562798919657,0.1409304204008638
8595,2.7185858585858584,0.5761616161616161,0.0013633216817692509,0.14066288500228286
8596,2.7185858585858584,0.582121212121212,-0.0008026071901907105,0.1421729779393232
8597,2.7185858585858584,0.588080808080808,0.003196084321512671,0.14814112453705877
8598,2.7185858585858584,0.594040404040404,0.0020815184742286014,0.1472253173500358
8599,2.7185858585858584,0.6,0.00125651180809394,0.15174713363880216
8600,2.7386868686868686,0.01,-1.0226995098252544e-05,0.0024537355247356753
8601,2.7386868686868686,0.01595959595959596,1.9391372081379777e-05,0.0038878266833516045
8602,2.7386868686868686,0.021919191919191918,4.7557265955102104e-05,0.005292127245871005
8603,2.7386868686868686,0.027878787878787878,0.00011683130256332805,0.006764500471177994
8604,2.7386868686868686,0.033838383838383834,-3.6723032281828827e-06,0.00822799990478805
8605,2.7386868686868686,0.0397979797979798,-0.00010406025160196522,0.009835735684044679
8606,2.7386868686868686,0.045757575757575754,1.9987573586686757e-05,0.011100987154868429
8607,2.7386868686868686,0.05171717171717172,-2.0698538149882516e-05,0.012745175631027162
8608,2.7386868686868686,0.05767676767676767,-6.38179098714471e-05,0.014081318182379137
8609,2.7386868686868686,0.06363636363636363,0.00010811167098783594,0.015603548022295523
8610,2.7386868686868686,0.06959595959595959,2.2567648722411428e-05,0.01690813820706191
8611,2.7386868686868686,0.07555555555555554,-5.385485456210715e-06,0.0186585630990092
8612,2.7386868686868686,0.0815151515151515,1.578374621202716e-05,0.02001939266598852
8613,2.7386868686868686,0.08747474747474746,-0.00010233697238536925,0.021674623194078917
8614,2.7386868686868686,0.09343434343434343,0.00017961745275620847,0.022674004012021118
8615,2.7386868686868686,0.09939393939393938,9.308221727801878e-05,0.02414331982506666
8616,2.7386868686868686,0.10535353535353534,-3.880140010403421e-05,0.02562193948774324
8617,2.7386868686868686,0.1113131313131313,1.4268426334011252e-05,0.02736226913733026
8618,2.7386868686868686,0.11727272727272725,7.094088318915158e-05,0.028746686303157624
8619,2.7386868686868686,0.12323232323232322,-0.00011147117040373925,0.03015871955993402
8620,2.7386868686868686,0.1291919191919192,0.00023802176777991342,0.03176541577497364
8621,2.7386868686868686,0.13515151515151513,2.5968880940470205e-05,0.032648638106005004
8622,2.7386868686868686,0.1411111111111111,0.00032460403852946324,0.03494169756899927
8623,2.7386868686868686,0.14707070707070707,0.0005678402924746047,0.03602775094840842
8624,2.7386868686868686,0.15303030303030302,6.594415471815332e-05,0.03760917446166731
8625,2.7386868686868686,0.158989898989899,-7.150866199901745e-05,0.0384849395132856
8626,2.7386868686868686,0.16494949494949493,0.0008324154189154294,0.040643808297485554
8627,2.7386868686868686,0.1709090909090909,0.0006484447702643194,0.04181441507143547
8628,2.7386868686868686,0.17686868686868687,0.00012395246784402362,0.04300313887239341
8629,2.7386868686868686,0.1828282828282828,-0.00046058159945734867,0.04456213385361424
8630,2.7386868686868686,0.18878787878787878,0.0008681041973594098,0.04625925450309066
8631,2.7386868686868686,0.19474747474747472,-0.00044099361192046415,0.047452331334617286
8632,2.7386868686868686,0.2007070707070707,-0.0002790713261301926,0.049704080697657305
8633,2.7386868686868686,0.20666666666666667,0.00015186624857462322,0.05050981729190924
8634,2.7386868686868686,0.2126262626262626,0.00019913079358623972,0.05244303883075012
8635,2.7386868686868686,0.21858585858585858,-0.0003237579178185735,0.05270311145212976
8636,2.7386868686868686,0.22454545454545452,-0.00026067539439418157,0.05446878404701319
8637,2.7386868686868686,0.2305050505050505,-0.0008433704396847983,0.05671387191058596
8638,2.7386868686868686,0.23646464646464646,-0.0005535821557222466,0.058603849008167216
8639,2.7386868686868686,0.2424242424242424,0.00035567753089845133,0.059777359544059674
8640,2.7386868686868686,0.24838383838383837,5.4299127706587e-05,0.0612941159678949
8641,2.7386868686868686,0.2543434343434343,0.0006610364001343078,0.06295983908655377
8642,2.7386868686868686,0.26030303030303026,-0.0008093933888292497,0.06402544779511812
8643,2.7386868686868686,0.26626262626262626,6.2402870174932e-05,0.06511887451511417
8644,2.7386868686868686,0.2722222222222222,0.00043136362344427297,0.06649779690175409
8645,2.7386868686868686,0.27818181818181814,0.0006131907991090406,0.06855707064078079
8646,2.7386868686868686,0.28414141414141414,0.0002320023707662731,0.07043618739081607
8647,2.7386868686868686,0.2901010101010101,-0.00012333726716504597,0.07140274588501767
8648,2.7386868686868686,0.296060606060606,-0.0014869651240322077,0.07261383141148438
8649,2.7386868686868686,0.302020202020202,0.0004543554869091453,0.07453435090495748
8650,2.7386868686868686,0.30797979797979796,-1.203620974729156e-05,0.07531632793393371
8651,2.7386868686868686,0.3139393939393939,0.0002274077407038245,0.07705155347537387
8652,2.7386868686868686,0.31989898989898985,0.0007165599923952876,0.07815281823968409
8653,2.7386868686868686,0.32585858585858585,0.000895799725027858,0.07984064268868764
8654,2.7386868686868686,0.3318181818181818,-0.0018122312617152674,0.08145552314341553
8655,2.7386868686868686,0.33777777777777773,0.0013385399338999814,0.08334503992271071
8656,2.7386868686868686,0.34373737373737373,-0.00026567741660493265,0.08386117058329766
8657,2.7386868686868686,0.3496969696969697,0.0005949079416008984,0.08663805835470396
8658,2.7386868686868686,0.3556565656565656,-0.00039820804544080454,0.0865282877734995
8659,2.7386868686868686,0.3616161616161616,0.0008602848307774332,0.08819153473828287
8660,2.7386868686868686,0.36757575757575756,0.0005576045047700459,0.09022240917325577
8661,2.7386868686868686,0.3735353535353535,0.00192996747658255,0.09193654598147648
8662,2.7386868686868686,0.37949494949494944,0.0026703136225240884,0.09438129041479444
8663,2.7386868686868686,0.38545454545454544,0.0015034919249437896,0.09628329138293074
8664,2.7386868686868686,0.3914141414141414,0.0016049312242869696,0.09648306767193437
8665,2.7386868686868686,0.3973737373737373,-0.0007651165804169498,0.09711624857159208
8666,2.7386868686868686,0.4033333333333333,0.0013864399347498033,0.09878477642071853
8667,2.7386868686868686,0.40929292929292926,0.0012765000226454446,0.10102050761438842
8668,2.7386868686868686,0.4152525252525252,-0.0009651984975772667,0.10198362437695697
8669,2.7386868686868686,0.42121212121212115,-0.000368146535102404,0.10505839556383426
8670,2.7386868686868686,0.42717171717171715,-0.001863827213914689,0.10673881548962795
8671,2.7386868686868686,0.4331313131313131,-0.0004586756425783304,0.10665186237786238
8672,2.7386868686868686,0.43909090909090903,0.0027849660209472104,0.10991984118829261
8673,2.7386868686868686,0.44505050505050503,0.00023947332833976301,0.10963552019841628
8674,2.7386868686868686,0.45101010101010097,-0.0002601773517409229,0.11169176308371942
8675,2.7386868686868686,0.4569696969696969,0.0004531419718508519,0.11332304018193401
8676,2.7386868686868686,0.4629292929292929,-0.0016344515253445568,0.11356672256673868
8677,2.7386868686868686,0.46888888888888886,-0.0006476450274059519,0.11508550945601537
8678,2.7386868686868686,0.4748484848484848,-0.0028736605174543863,0.11690430065650191
8679,2.7386868686868686,0.48080808080808074,0.00266935345704993,0.12026038764651918
8680,2.7386868686868686,0.48676767676767674,0.0005484409782229582,0.12181637452535386
8681,2.7386868686868686,0.4927272727272727,0.001879743020482011,0.1248477684990493
8682,2.7386868686868686,0.4986868686868686,2.8846923998060615e-05,0.1240389461723671
8683,2.7386868686868686,0.5046464646464646,0.0011262874650326742,0.12720964128992732
8684,2.7386868686868686,0.5106060606060605,0.0005241624211053813,0.12679335898715116
8685,2.7386868686868686,0.5165656565656566,-0.00018265610383415493,0.12686428604410005
8686,2.7386868686868686,0.5225252525252525,5.643084661361573e-05,0.1292533414712712
8687,2.7386868686868686,0.5284848484848484,-0.0022402810014719087,0.13121525524505692
8688,2.7386868686868686,0.5344444444444444,-0.003099049484286764,0.13160351573635307
8689,2.7386868686868686,0.5404040404040403,0.0012793347177460343,0.13560965405652503
8690,2.7386868686868686,0.5463636363636363,-0.0011599027057530129,0.1360506665262934
8691,2.7386868686868686,0.5523232323232323,-0.0010150812811203257,0.1363226167876159
8692,2.7386868686868686,0.5582828282828283,0.0024690020469992214,0.13801853576581166
8693,2.7386868686868686,0.5642424242424242,0.002840713191370666,0.1420989294682262
8694,2.7386868686868686,0.5702020202020202,-0.0029601210724702356,0.14183720073295203
8695,2.7386868686868686,0.5761616161616161,-0.0013285436956813022,0.14425212153160344
8696,2.7386868686868686,0.582121212121212,0.0013506484519956112,0.14706357708482287
8697,2.7386868686868686,0.588080808080808,0.00044489971211893013,0.14734815401740936
8698,2.7386868686868686,0.594040404040404,0.0019639459409102654,0.14847040648109697
8699,2.7386868686868686,0.6,-0.0005810542292883767,0.1505047990619766
8700,2.758787878787879,0.01,2.2314178026913256e-05,0.0024626026881855215
8701,2.758787878787879,0.01595959595959596,-1.959977970260891e-05,0.003978610769496904
8702,2.758787878787879,0.021919191919191918,1.61259845936372e-05,0.005456293159209378
8703,2.758787878787879,0.027878787878787878,0.00012527151940091533,0.006893727682374155
8704,2.758787878787879,0.033838383838383834,5.310611363025044e-05,0.008402062519894624
8705,2.758787878787879,0.0397979797979798,0.00012143944583185994,0.009800023983676052
8706,2.758787878787879,0.045757575757575754,6.32101720311582e-05,0.011279192492786175
8707,2.758787878787879,0.05171717171717172,-0.0002671592851680138,0.012845407422039436
8708,2.758787878787879,0.05767676767676767,0.00011363490213034404,0.014335145101962859
8709,2.758787878787879,0.06363636363636363,0.0001287161982361067,0.015782121074243413
8710,2.758787878787879,0.06959595959595959,8.211452900640126e-06,0.017261251607314943
8711,2.758787878787879,0.07555555555555554,0.00013646039630156557,0.018753663547745866
8712,2.758787878787879,0.0815151515151515,-0.00022996452272422278,0.020226145262870858
8713,2.758787878787879,0.08747474747474746,-0.0002801609864927809,0.02186846959139155
8714,2.758787878787879,0.09343434343434343,-0.00019087990272577198,0.02329675096388001
8715,2.758787878787879,0.09939393939393938,-0.0002629149032937153,0.024219481612805533
8716,2.758787878787879,0.10535353535353534,-0.00014632675504073085,0.026311281162143294
8717,2.758787878787879,0.1113131313131313,0.0002202600042128101,0.027675820976141702
8718,2.758787878787879,0.11727272727272725,-0.000434291203115881,0.028679059261040956
8719,2.758787878787879,0.12323232323232322,0.0004197452625853165,0.030700082057738012
8720,2.758787878787879,0.1291919191919192,0.00027399041980395467,0.032116050956107006
8721,2.758787878787879,0.13515151515151513,-0.00023379918549770937,0.033557376359853106
8722,2.758787878787879,0.1411111111111111,-0.0002986647130694253,0.03471579715974895
8723,2.758787878787879,0.14707070707070707,-0.0005549165410939388,0.036220737526977936
8724,2.758787878787879,0.15303030303030302,-0.0004006745889861114,0.037553345236971035
8725,2.758787878787879,0.158989898989899,-1.1950009019502917e-05,0.03948765268799715
8726,2.758787878787879,0.16494949494949493,0.0005563091798849777,0.04136083788607591
8727,2.758787878787879,0.1709090909090909,0.0002706197857355236,0.04268456040189139
8728,2.758787878787879,0.17686868686868687,6.465893249746812e-05,0.0433239136600315
8729,2.758787878787879,0.1828282828282828,-0.0003590316053910654,0.045631041711031384
8730,2.758787878787879,0.18878787878787878,-0.0010902304290902225,0.046987255688653626
8731,2.758787878787879,0.19474747474747472,-0.0006957214493953156,0.048113858796994764
8732,2.758787878787879,0.2007070707070707,-0.00023563008850416845,0.04998806544300087
8733,2.758787878787879,0.20666666666666667,1.0229699209830034e-05,0.051469690907165175
8734,2.758787878787879,0.2126262626262626,-1.1631724050111813e-07,0.05280111409946094
8735,2.758787878787879,0.21858585858585858,4.3451111231961414e-05,0.054321893944085646
8736,2.758787878787879,0.22454545454545452,-0.0010675142569099305,0.05583526285747828
8737,2.758787878787879,0.2305050505050505,-0.0006714518130611687,0.0574978680831308
8738,2.758787878787879,0.23646464646464646,-0.0006271755527885399,0.05864386683532388
8739,2.758787878787879,0.2424242424242424,-5.848684833517144e-05,0.06029132172577246
8740,2.758787878787879,0.24838383838383837,0.0002890644669626421,0.06201570479843935
8741,2.758787878787879,0.2543434343434343,0.0011033507776933489,0.06413442175471659
8742,2.758787878787879,0.26030303030303026,-0.00010379329419213929,0.06449077454146389
8743,2.758787878787879,0.26626262626262626,0.001038033991996942,0.06609551338824377
8744,2.758787878787879,0.2722222222222222,0.00019224157564619668,0.0678149409062116
8745,2.758787878787879,0.27818181818181814,5.308845667485032e-05,0.0685987969988125
8746,2.758787878787879,0.28414141414141414,-9.667701198780332e-06,0.07133621239466251
8747,2.758787878787879,0.2901010101010101,0.0005525157044747736,0.07277595685954544
8748,2.758787878787879,0.296060606060606,0.0018347479673616193,0.07384453468773557
8749,2.758787878787879,0.302020202020202,-0.00028657353387493193,0.07571177524111304
8750,2.758787878787879,0.30797979797979796,-0.0012561980685456891,0.07608325421827894
8751,2.758787878787879,0.3139393939393939,0.00034971192032712126,0.07794404760181825
8752,2.758787878787879,0.31989898989898985,0.0005287364578516513,0.08030375879900735
8753,2.758787878787879,0.32585858585858585,-0.001066852938906327,0.08068082856612113
8754,2.758787878787879,0.3318181818181818,0.0006767260272020355,0.08282151800649537
8755,2.758787878787879,0.33777777777777773,0.00040475643530954404,0.0840600389955043
8756,2.758787878787879,0.34373737373737373,0.0006647134839096232,0.08592156779251849
8757,2.758787878787879,0.3496969696969697,-0.00021603291562831179,0.08732576231072496
8758,2.758787878787879,0.3556565656565656,-0.00019539391660243618,0.08881579116220528
8759,2.758787878787879,0.3616161616161616,-0.0007915056708604337,0.09028994029775932
8760,2.758787878787879,0.36757575757575756,-0.0012481622255299497,0.09192164661503108
8761,2.758787878787879,0.3735353535353535,0.0011934915918224026,0.09362575456045993
8762,2.758787878787879,0.37949494949494944,-0.0005563034744899477,0.09423902643044937
8763,2.758787878787879,0.38545454545454544,-0.0001277975709030061,0.09608690731758143
8764,2.758787878787879,0.3914141414141414,-0.0012362409407474229,0.09775029516286482
8765,2.758787878787879,0.3973737373737373,0.00015167347099973795,0.09908349319296617
8766,2.758787878787879,0.4033333333333333,-0.00048488725060033457,0.100698027687599
8767,2.758787878787879,0.40929292929292926,-1.958526551772879e-05,0.10261571495179493
8768,2.758787878787879,0.4152525252525252,-0.0003323921795836826,0.10225266628482779
8769,2.758787878787879,0.42121212121212115,0.0020962306255263743,0.10638962633638444
8770,2.758787878787879,0.42717171717171715,0.0003416983044427702,0.1073503792332153
8771,2.758787878787879,0.4331313131313131,-5.814827436319208e-05,0.10785257193100771
8772,2.758787878787879,0.43909090909090903,-0.0018812733482295322,0.10813084715545315
8773,2.758787878787879,0.44505050505050503,-0.0014332941308282617,0.10951402763285699
8774,2.758787878787879,0.45101010101010097,0.0003639060231967869,0.11393133112840463
8775,2.758787878787879,0.4569696969696969,0.0005346581773583392,0.11485853600904905
8776,2.758787878787879,0.4629292929292929,-0.0009097451678289156,0.11680025122936667
8777,2.758787878787879,0.46888888888888886,0.0008642081976825893,0.11812501890370164
8778,2.758787878787879,0.4748484848484848,0.0010540904957306435,0.1199591013381578
8779,2.758787878787879,0.48080808080808074,0.001005362530547879,0.12060380337043633
8780,2.758787878787879,0.48676767676767674,0.0013059067679752467,0.12296773683386293
8781,2.758787878787879,0.4927272727272727,-0.0008427805451525128,0.12322796997668048
8782,2.758787878787879,0.4986868686868686,-0.00015513243750225994,0.12554310134387525
8783,2.758787878787879,0.5046464646464646,0.0015111447686933022,0.12658419935072263
8784,2.758787878787879,0.5106060606060605,0.0005086593934232552,0.1307114616785467
8785,2.758787878787879,0.5165656565656566,-0.0015232481278631687,0.12864545220921683
8786,2.758787878787879,0.5225252525252525,-0.0007952757282813966,0.13135160253111428
8787,2.758787878787879,0.5284848484848484,0.002112137293167068,0.13307904015629973
8788,2.758787878787879,0.5344444444444444,-0.0007642551316246239,0.13607139385223277
8789,2.758787878787879,0.5404040404040403,0.0005552752642114899,0.13606593967219824
8790,2.758787878787879,0.5463636363636363,-0.0005172707004993991,0.13688607319233964
8791,2.758787878787879,0.5523232323232323,0.0012685729795239948,0.13986205113651343
8792,2.758787878787879,0.5582828282828283,-0.002067522100473621,0.13812105261817306
8793,2.758787878787879,0.5642424242424242,-0.0017128477792002635,0.14206025611607925
8794,2.758787878787879,0.5702020202020202,-0.00039468696679370894,0.14451310523697844
8795,2.758787878787879,0.5761616161616161,0.001367047324948938,0.14628162553224555
8796,2.758787878787879,0.582121212121212,0.001630586378089393,0.14853401752541934
8797,2.758787878787879,0.588080808080808,-0.001143197583452972,0.14795770383377432
8798,2.758787878787879,0.594040404040404,-0.0003164741984134315,0.1513191215371221
8799,2.758787878787879,0.6,-0.002012126137133571,0.1508106643289526
8800,2.778888888888889,0.01,1.4188489206068511e-05,0.002525996456134562
8801,2.778888888888889,0.01595959595959596,2.568981215975913e-05,0.004033705320691662
8802,2.778888888888889,0.021919191919191918,3.135562236483246e-05,0.0055200972248155115
8803,2.778888888888889,0.027878787878787878,3.3255393370468936e-05,0.006993159352926852
8804,2.778888888888889,0.033838383838383834,5.793994691956087e-05,0.008518621312212654
8805,2.778888888888889,0.0397979797979798,-0.00010272651657293279,0.00993089555688655
8806,2.778888888888889,0.045757575757575754,-9.643565459379277e-05,0.011514333350392026
8807,2.778888888888889,0.05171717171717172,3.824548212329659e-05,0.012973561435958071
8808,2.778888888888889,0.05767676767676767,-0.00016270266233028564,0.014255436019612114
8809,2.778888888888889,0.06363636363636363,-0.0002270377966211102,0.015790464187756672
8810,2.778888888888889,0.06959595959595959,0.00023821242338098515,0.017340357487923785
8811,2.778888888888889,0.07555555555555554,0.0003634816503699135,0.01870463996382773
8812,2.778888888888889,0.0815151515151515,-2.3947018849050938e-05,0.020514585330278088
8813,2.778888888888889,0.08747474747474746,0.00036417468544430634,0.021846132064464827
8814,2.778888888888889,0.09343434343434343,-0.0001477284290244517,0.023541243440584433
8815,2.778888888888889,0.09939393939393938,0.00035057637157390864,0.02501660581375717
8816,2.778888888888889,0.10535353535353534,0.00032529525131558084,0.026418851390894116
8817,2.778888888888889,0.1113131313131313,4.428886123254481e-05,0.027408023710930582
8818,2.778888888888889,0.11727272727272725,0.00012617563491491146,0.029316021439338823
8819,2.778888888888889,0.12323232323232322,-0.00016559279565309804,0.030514842014820975
8820,2.778888888888889,0.1291919191919192,-0.00024452437626919937,0.03230064696391013
8821,2.778888888888889,0.13515151515151513,0.00043694605029631254,0.034073009836824354
8822,2.778888888888889,0.1411111111111111,0.0002275710044288976,0.035414230610289865
8823,2.778888888888889,0.14707070707070707,0.0005264158003249968,0.037044946107076746
8824,2.778888888888889,0.15303030303030302,-0.0005170452245879219,0.03838568101628109
8825,2.778888888888889,0.158989898989899,-0.0004443357405065423,0.03995529277828233
8826,2.778888888888889,0.16494949494949493,0.0004227877490709414,0.04118868423768654
8827,2.778888888888889,0.1709090909090909,-1.1145128382099201e-05,0.04343670810334257
8828,2.778888888888889,0.17686868686868687,0.0008292664658987478,0.04450820951767938
8829,2.778888888888889,0.1828282828282828,-1.4103438949104819e-05,0.04600913273011997
8830,2.778888888888889,0.18878787878787878,2.517299654586824e-05,0.04711190492318165
8831,2.778888888888889,0.19474747474747472,0.000369678471209753,0.04923724156640889
8832,2.778888888888889,0.2007070707070707,0.00042554900433485214,0.050683325990288935
8833,2.778888888888889,0.20666666666666667,0.0004472081294194271,0.0514081182409186
8834,2.778888888888889,0.2126262626262626,0.00015179953680254533,0.05390929786199651
8835,2.778888888888889,0.21858585858585858,0.0003416086134119057,0.0542713730010353
8836,2.778888888888889,0.22454545454545452,0.000768951844618338,0.056909535689051716
8837,2.778888888888889,0.2305050505050505,0.0004361082539133877,0.0576054747918705
8838,2.778888888888889,0.23646464646464646,0.0013509302023949467,0.05911684778563113
8839,2.778888888888889,0.2424242424242424,0.0002699170981748703,0.06074732047226664
8840,2.778888888888889,0.24838383838383837,0.00020767701020269643,0.0626191130845234
8841,2.778888888888889,0.2543434343434343,0.0003324168460880812,0.06430258210257632
8842,2.778888888888889,0.26030303030303026,-0.0006390365641174102,0.0649638833865202
8843,2.778888888888889,0.26626262626262626,-0.00046022028367165405,0.06741461177332109
8844,2.778888888888889,0.2722222222222222,-0.00023161595929110143,0.067806197370282
8845,2.778888888888889,0.27818181818181814,0.000473333882386728,0.06988873888599896
8846,2.778888888888889,0.28414141414141414,-0.0009129687644382734,0.07090873732193675
8847,2.778888888888889,0.2901010101010101,-0.0006428506032866135,0.07207575106012142
8848,2.778888888888889,0.296060606060606,4.339752803539181e-05,0.0746176951693493
8849,2.778888888888889,0.302020202020202,-0.00012601145449996664,0.07619975836912916
8850,2.778888888888889,0.30797979797979796,-0.00016071157137187742,0.07706217250912888
8851,2.778888888888889,0.3139393939393939,-0.0003888921276504858,0.07876723849419612
8852,2.778888888888889,0.31989898989898985,-0.0009587521690254854,0.0805676109474078
8853,2.778888888888889,0.32585858585858585,0.0005331578044716515,0.082784806355744
8854,2.778888888888889,0.3318181818181818,0.0002779238330299261,0.08346850405456531
8855,2.778888888888889,0.33777777777777773,0.0004095596710047451,0.085248009465863
8856,2.778888888888889,0.34373737373737373,-0.0001949354462658346,0.08680319893939673
8857,2.778888888888889,0.3496969696969697,0.0016057916827381846,0.08964420617800835
8858,2.778888888888889,0.3556565656565656,0.0008270942493931937,0.08949891763936585
8859,2.778888888888889,0.3616161616161616,-6.0882038464985785e-05,0.09168917002696073
8860,2.778888888888889,0.36757575757575756,-4.134342387674992e-05,0.09353086287970432
8861,2.778888888888889,0.3735353535353535,-0.0010868561177732777,0.09419261122852807
8862,2.778888888888889,0.37949494949494944,-0.0006189945663583002,0.0970852381333852
8863,2.778888888888889,0.38545454545454544,-3.922858141844534e-05,0.09746335203568102
8864,2.778888888888889,0.3914141414141414,0.00041985085583129324,0.09934164025103594
8865,2.778888888888889,0.3973737373737373,0.0011156876957917128,0.10079034110960487
8866,2.778888888888889,0.4033333333333333,-0.0005876269949806474,0.1013752958619101
8867,2.778888888888889,0.40929292929292926,-0.0004848035687085066,0.10196722308274488
8868,2.778888888888889,0.4152525252525252,-0.00012614581587251035,0.10364751008058179
8869,2.778888888888889,0.42121212121212115,0.000984990929777253,0.10812512259971489
8870,2.778888888888889,0.42717171717171715,5.1760644297281555e-05,0.1079913184998363
8871,2.778888888888889,0.4331313131313131,0.0013311977458032474,0.11089873351482393
8872,2.778888888888889,0.43909090909090903,-0.0006709008052709475,0.10962046552119689
8873,2.778888888888889,0.44505050505050503,-0.0002679954507060426,0.11325755371379236
8874,2.778888888888889,0.45101010101010097,0.0018093875630683215,0.1144615427740509
8875,2.778888888888889,0.4569696969696969,0.0023496128978182074,0.11718478764467824
8876,2.778888888888889,0.4629292929292929,-0.0009619042801845772,0.11787339030116395
8877,2.778888888888889,0.46888888888888886,-0.001167354381182966,0.11851654603456727
8878,2.778888888888889,0.4748484848484848,0.001741298041370625,0.12330451140441806
8879,2.778888888888889,0.48080808080808074,-0.0031710408201615537,0.12111587971524065
8880,2.778888888888889,0.48676767676767674,-0.0003052543699955057,0.12314464072223522
8881,2.778888888888889,0.4927272727272727,0.0003512330683139185,0.12570083725495063
8882,2.778888888888889,0.4986868686868686,-0.0005798991717647652,0.1285382341570148
8883,2.778888888888889,0.5046464646464646,0.00018224831349825888,0.12932731795003707
8884,2.778888888888889,0.5106060606060605,0.0017168855977669135,0.13100808974774117
8885,2.778888888888889,0.5165656565656566,0.0005234391016346029,0.13083523181669585
8886,2.778888888888889,0.5225252525252525,0.0005430205360308332,0.1335693246242297
8887,2.778888888888889,0.5284848484848484,0.001172201072843162,0.13556862148234006
8888,2.778888888888889,0.5344444444444444,0.001455549172917945,0.13521471286017583
8889,2.778888888888889,0.5404040404040403,-0.0011749319610892452,0.1359865887421318
8890,2.778888888888889,0.5463636363636363,0.0003178477318111793,0.14221347972276227
8891,2.778888888888889,0.5523232323232323,0.0018152005750569898,0.14260626730689535
8892,2.778888888888889,0.5582828282828283,-0.000832578230738101,0.14301822060653013
8893,2.778888888888889,0.5642424242424242,-0.002556537250409044,0.1421652100630652
8894,2.778888888888889,0.5702020202020202,-0.001554139646659432,0.14372925728849797
8895,2.778888888888889,0.5761616161616161,-0.0024363434102536723,0.1455675140769176
8896,2.778888888888889,0.582121212121212,-0.0012298207080460883,0.14649127893967082
8897,2.778888888888889,0.588080808080808,0.0015277094414602873,0.15073700828058129
8898,2.778888888888889,0.594040404040404,-0.0002782399230326739,0.1527998890648351
8899,2.778888888888889,0.6,-0.001724088439109314,0.15217169416851936
8900,2.798989898989899,0.01,-1.35629943018997e-05,0.0025724374193077165
8901,2.798989898989899,0.01595959595959596,-8.078778260726571e-06,0.004037255120724943
8902,2.798989898989899,0.021919191919191918,-7.107320422968365e-05,0.00559443620086562
8903,2.798989898989899,0.027878787878787878,-1.03704487669526e-05,0.007065434138378582
8904,2.798989898989899,0.033838383838383834,2.873029412102557e-06,0.008522885048733646
8905,2.798989898989899,0.0397979797979798,-7.862327466792952e-05,0.010059432949869876
8906,2.798989898989899,0.045757575757575754,0.00013126804324492915,0.011608686706799784
8907,2.798989898989899,0.05171717171717172,-0.00013136938224985465,0.013130002834182163
8908,2.798989898989899,0.05767676767676767,-7.77963693938926e-05,0.014409819116711974
8909,2.798989898989899,0.06363636363636363,0.00012042361584625554,0.016203730869280758
8910,2.798989898989899,0.06959595959595959,-3.916748788067924e-05,0.017510728746612195
8911,2.798989898989899,0.07555555555555554,-1.235699382108848e-05,0.019254207782280406
8912,2.798989898989899,0.0815151515151515,0.0003480240512018893,0.020836059027323953
8913,2.798989898989899,0.08747474747474746,0.00020783259887701905,0.02233392882179483
8914,2.798989898989899,0.09343434343434343,0.0004247367185944395,0.023589492800200666
8915,2.798989898989899,0.09939393939393938,-0.0002114426240545544,0.02541661764384652
8916,2.798989898989899,0.10535353535353534,-0.00031995280997494695,0.02682998187409883
8917,2.798989898989899,0.1113131313131313,-0.0002774930242773559,0.02826105167701988
8918,2.798989898989899,0.11727272727272725,-0.00027498044066249984,0.029803249855216877
8919,2.798989898989899,0.12323232323232322,-0.00014156356491435175,0.031239161237005632
8920,2.798989898989899,0.1291919191919192,0.00011451424859250924,0.03278660941443128
8921,2.798989898989899,0.13515151515151513,-0.0008480934931185274,0.0345099930597929
8922,2.798989898989899,0.1411111111111111,-0.0005447404387999767,0.03583485548193802
8923,2.798989898989899,0.14707070707070707,-0.0001140020088047651,0.0373115729318105
8924,2.798989898989899,0.15303030303030302,-0.0002213942708229924,0.03896821628463064
8925,2.798989898989899,0.158989898989899,-0.00028286764102351537,0.040973924210263156
8926,2.798989898989899,0.16494949494949493,-0.00020133261524251967,0.0415387312335196
8927,2.798989898989899,0.1709090909090909,-0.00018392714211155344,0.04306267436047673
8928,2.798989898989899,0.17686868686868687,-0.0005371676809225787,0.04509348562664764
8929,2.798989898989899,0.1828282828282828,0.0006805906648030969,0.047138637515071385
8930,2.798989898989899,0.18878787878787878,0.0007211622309984065,0.04819253352582099
8931,2.798989898989899,0.19474747474747472,0.0013009240775846134,0.050043271739901016
8932,2.798989898989899,0.2007070707070707,-0.0006804523873854413,0.051617901966507326
8933,2.798989898989899,0.20666666666666667,6.395125566630666e-05,0.05245960122094214
8934,2.798989898989899,0.2126262626262626,0.0005665508360027051,0.05351844244956892
8935,2.798989898989899,0.21858585858585858,0.0001227152392921395,0.05596556344069048
8936,2.798989898989899,0.22454545454545452,-0.0009534123877461493,0.05714743630001046
8937,2.798989898989899,0.2305050505050505,0.00043785728154646495,0.05900502655217022
8938,2.798989898989899,0.23646464646464646,0.0002852976577994359,0.059901242398095904
8939,2.798989898989899,0.2424242424242424,-0.0002180226155710169,0.061439201253495494
8940,2.798989898989899,0.24838383838383837,0.00017799031175793023,0.06266414830765589
8941,2.798989898989899,0.2543434343434343,0.00022293481753399898,0.0645437280736612
8942,2.798989898989899,0.26030303030303026,-0.0005242151686683796,0.06573704911278963
8943,2.798989898989899,0.26626262626262626,0.00017222222946715234,0.0680942208138608
8944,2.798989898989899,0.2722222222222222,0.0006529601028863559,0.06934738420527635
8945,2.798989898989899,0.27818181818181814,4.866842664120186e-06,0.07095918931429113
8946,2.798989898989899,0.28414141414141414,0.0014258409912989596,0.07212409868529662
8947,2.798989898989899,0.2901010101010101,0.0008494314941725814,0.07396038953572301
8948,2.798989898989899,0.296060606060606,-0.000634728358693126,0.07478676264099968
8949,2.798989898989899,0.302020202020202,-0.0008043345887567263,0.07599536076558451
8950,2.798989898989899,0.30797979797979796,-0.0013992386939394301,0.07792897268089315
8951,2.798989898989899,0.3139393939393939,0.0009811186925162642,0.08012099323293957
8952,2.798989898989899,0.31989898989898985,-0.0012451278385555249,0.0810943831655431
8953,2.798989898989899,0.32585858585858585,-0.0013570268585297808,0.08283165347324666
8954,2.798989898989899,0.3318181818181818,0.0009206418735575622,0.08503712762169617
8955,2.798989898989899,0.33777777777777773,0.0001247494847374674,0.08650267673232942
8956,2.798989898989899,0.34373737373737373,0.0008276521135816719,0.08806466919020436
8957,2.798989898989899,0.3496969696969697,-0.0011616765127197115,0.0886367185111881
8958,2.798989898989899,0.3556565656565656,-0.002549321653298094,0.09146942765819369
8959,2.798989898989899,0.3616161616161616,2.9286237342446508e-06,0.0931224477522979
8960,2.798989898989899,0.36757575757575756,-0.0007799881406273348,0.09374837453569898
8961,2.798989898989899,0.3735353535353535,-0.0004302283126615528,0.09400802894885414
8962,2.798989898989899,0.37949494949494944,-0.00011207908626863446,0.09811333183205817
8963,2.798989898989899,0.38545454545454544,0.00028871341503078303,0.0993688575867936
8964,2.798989898989899,0.3914141414141414,0.000228465088134362,0.10018461349234413
8965,2.798989898989899,0.3973737373737373,-0.0009488822425548225,0.10067604847329724
8966,2.798989898989899,0.4033333333333333,0.0008020902913019967,0.10175828231730734
8967,2.798989898989899,0.40929292929292926,-1.3674340413433495e-05,0.10448502877458749
8968,2.798989898989899,0.4152525252525252,-0.0005755474183466002,0.10651135420498635
8969,2.798989898989899,0.42121212121212115,0.00015467911390925165,0.10834822610461099
8970,2.798989898989899,0.42717171717171715,0.0013145902475809887,0.10966789513425733
8971,2.798989898989899,0.4331313131313131,-0.000983594135046633,0.11144654250362486
8972,2.798989898989899,0.43909090909090903,-0.001483403770409104,0.1115378416077975
8973,2.798989898989899,0.44505050505050503,-0.001032209422034735,0.11339584211458159
8974,2.798989898989899,0.45101010101010097,-0.00018751051542368935,0.11480010960529642
8975,2.798989898989899,0.4569696969696969,-0.0011599990843991694,0.11608947921418018
8976,2.798989898989899,0.4629292929292929,-0.000856827979738995,0.11918062477924844
8977,2.798989898989899,0.46888888888888886,-0.00014617888845162597,0.1195147429431636
8978,2.798989898989899,0.4748484848484848,0.0021012489778407797,0.12004077489487622
8979,2.798989898989899,0.48080808080808074,0.0016296117822354327,0.1231297398694123
8980,2.798989898989899,0.48676767676767674,-0.0008569248157122308,0.12535233036019608
8981,2.798989898989899,0.4927272727272727,0.0017055738658317697,0.12713528552414596
8982,2.798989898989899,0.4986868686868686,0.0012040667398637121,0.13084877704471556
8983,2.798989898989899,0.5046464646464646,0.001210768256219553,0.12939471488417542
8984,2.798989898989899,0.5106060606060605,-0.0004699804150103166,0.1319377635912824
8985,2.798989898989899,0.5165656565656566,-0.0060426688331744445,0.13003017588531027
8986,2.798989898989899,0.5225252525252525,0.0012832345988719842,0.13579214650153665
8987,2.798989898989899,0.5284848484848484,0.00048288922168883576,0.13561860781287566
8988,2.798989898989899,0.5344444444444444,0.0006885857609305916,0.1390794494694898
8989,2.798989898989899,0.5404040404040403,-0.0003360794281026133,0.13844700843159272
8990,2.798989898989899,0.5463636363636363,-0.00013973989142398863,0.1402226075875242
8991,2.798989898989899,0.5523232323232323,-0.0016052748115510215,0.14056217389127457
8992,2.798989898989899,0.5582828282828283,-0.0014521592576319101,0.14169938048856373
8993,2.798989898989899,0.5642424242424242,0.000282892605125241,0.1453514863658066
8994,2.798989898989899,0.5702020202020202,-0.0008672141233648595,0.14778394356583344
8995,2.798989898989899,0.5761616161616161,0.00038180523405934535,0.1480425484741918
8996,2.798989898989899,0.582121212121212,-0.0023607743269554496,0.14741955947945098
8997,2.798989898989899,0.588080808080808,0.0026830522196148866,0.1528387578710484
8998,2.798989898989899,0.594040404040404,0.0010087392171641272,0.15221667714477594
8999,2.798989898989899,0.6,-4.529717158371138e-05,0.1572190718641103
9000,2.8190909090909093,0.01,-1.5860487409231073e-05,0.002579766429675987
9001,2.8190909090909093,0.01595959595959596,3.1201887380931494e-05,0.004060119049274507
9002,2.8190909090909093,0.021919191919191918,-5.459900014516124e-05,0.005658018717709986
9003,2.8190909090909093,0.027878787878787878,-8.142951945694828e-05,0.007117163631207581
9004,2.8190909090909093,0.033838383838383834,-0.0001015115770719087,0.008730512131395309
9005,2.8190909090909093,0.0397979797979798,0.00028288547586667476,0.010321951149738167
9006,2.8190909090909093,0.045757575757575754,-1.524332005251261e-05,0.011799821157701292
9007,2.8190909090909093,0.05171717171717172,-6.940165134634265e-05,0.013305568640140736
9008,2.8190909090909093,0.05767676767676767,0.00026314780004137444,0.014896082320436838
9009,2.8190909090909093,0.06363636363636363,-4.625907580204709e-05,0.016208208066784125
9010,2.8190909090909093,0.06959595959595959,-0.00012590917703574585,0.017804404661938725
9011,2.8190909090909093,0.07555555555555554,-9.074540210816865e-05,0.01927988396990723
9012,2.8190909090909093,0.0815151515151515,7.611458640765849e-05,0.02098740769790989
9013,2.8190909090909093,0.08747474747474746,-0.0002547215877264483,0.02231767018715142
9014,2.8190909090909093,0.09343434343434343,0.00011209314584897801,0.024061124147237857
9015,2.8190909090909093,0.09939393939393938,-0.00012496099122541026,0.025121346044025918
9016,2.8190909090909093,0.10535353535353534,-0.00016127695061339366,0.027026741191073223
9017,2.8190909090909093,0.1113131313131313,-0.0001938300928535454,0.028470155403894366
9018,2.8190909090909093,0.11727272727272725,-0.00016779677194861596,0.03037136627494271
9019,2.8190909090909093,0.12323232323232322,2.5135254446934384e-05,0.03176341905388849
9020,2.8190909090909093,0.1291919191919192,0.0005818765285230789,0.03323177825800885
9021,2.8190909090909093,0.13515151515151513,-0.00029323745224056814,0.03477786354264742
9022,2.8190909090909093,0.1411111111111111,-0.00035365020781720523,0.03637214126658067
9023,2.8190909090909093,0.14707070707070707,9.752893114609745e-05,0.03782821882915672
9024,2.8190909090909093,0.15303030303030302,0.000169076359454144,0.03957699001690903
9025,2.8190909090909093,0.158989898989899,-0.0003172193238635626,0.041209463382168916
9026,2.8190909090909093,0.16494949494949493,0.00024810618940723295,0.04250430642104784
9027,2.8190909090909093,0.1709090909090909,6.761124811322428e-05,0.0437279681243901
9028,2.8190909090909093,0.17686868686868687,-0.0004206412722240401,0.04612313902160219
9029,2.8190909090909093,0.1828282828282828,-0.001022304031998225,0.046751205628827876
9030,2.8190909090909093,0.18878787878787878,5.314302063578946e-05,0.04870701104877871
9031,2.8190909090909093,0.19474747474747472,0.0005677480322076953,0.04975531537320073
9032,2.8190909090909093,0.2007070707070707,-0.0005261915781255028,0.05121484242294925
9033,2.8190909090909093,0.20666666666666667,0.0009190321076821066,0.05302126480175795
9034,2.8190909090909093,0.2126262626262626,0.00029721610647023784,0.05492404501532768
9035,2.8190909090909093,0.21858585858585858,-9.264894820079517e-05,0.05542764732253223
9036,2.8190909090909093,0.22454545454545452,-0.0006151029580977547,0.057030618075792364
9037,2.8190909090909093,0.2305050505050505,0.000321865279769579,0.05989207325148637
9038,2.8190909090909093,0.23646464646464646,0.00044459601570205365,0.061122688926437935
9039,2.8190909090909093,0.2424242424242424,2.0095343589995098e-06,0.06264762898189348
9040,2.8190909090909093,0.24838383838383837,-0.0004694636332987861,0.06373374839209676
9041,2.8190909090909093,0.2543434343434343,0.00044785093200763856,0.06540335432226099
9042,2.8190909090909093,0.26030303030303026,0.0004937077059116197,0.06699658939733148
9043,2.8190909090909093,0.26626262626262626,0.0004795524174400942,0.06775079598309604
9044,2.8190909090909093,0.2722222222222222,0.0007166632747440993,0.06962716525688584
9045,2.8190909090909093,0.27818181818181814,-0.0005758344682434141,0.07175112570625543
9046,2.8190909090909093,0.28414141414141414,-0.0007315281528321457,0.07378263168834118
9047,2.8190909090909093,0.2901010101010101,-0.0007482149879738597,0.07452892699217523
9048,2.8190909090909093,0.296060606060606,-0.00016391647760046393,0.0762950412395929
9049,2.8190909090909093,0.302020202020202,3.9430482942780154e-05,0.07824325273141676
9050,2.8190909090909093,0.30797979797979796,-0.0001847096525693064,0.07978036036732901
9051,2.8190909090909093,0.3139393939393939,-0.0013633116420621895,0.08000575916233803
9052,2.8190909090909093,0.31989898989898985,-7.999929941612063e-05,0.08260829109945757
9053,2.8190909090909093,0.32585858585858585,0.0007481836767174745,0.08487044104270233
9054,2.8190909090909093,0.3318181818181818,0.000999501564875956,0.08551803142936029
9055,2.8190909090909093,0.33777777777777773,0.000763355294815367,0.087089631090282
9056,2.8190909090909093,0.34373737373737373,-0.0011049372454271645,0.08788180873637343
9057,2.8190909090909093,0.3496969696969697,-0.00029513532549711567,0.09021759177893036
9058,2.8190909090909093,0.3556565656565656,-0.000680840590597461,0.09165115148141058
9059,2.8190909090909093,0.3616161616161616,-0.0012671544456021304,0.09267321629489532
9060,2.8190909090909093,0.36757575757575756,0.0001618052379331056,0.09476411143381981
9061,2.8190909090909093,0.3735353535353535,0.0021692068609889324,0.09667107955665327
9062,2.8190909090909093,0.37949494949494944,-0.0006782759195234044,0.09766438503112247
9063,2.8190909090909093,0.38545454545454544,0.0013870477202085419,0.10110690720005976
9064,2.8190909090909093,0.3914141414141414,-0.0008126914780160579,0.1013657914898776
9065,2.8190909090909093,0.3973737373737373,3.6603550705365426e-05,0.10181982258781791
9066,2.8190909090909093,0.4033333333333333,-0.000388421772544683,0.10389957509667984
9067,2.8190909090909093,0.40929292929292926,0.0006900682320751797,0.10696933913182312
9068,2.8190909090909093,0.4152525252525252,9.56367758928811e-05,0.10602011608572778
9069,2.8190909090909093,0.42121212121212115,-0.0013433155760976217,0.10917636421364499
9070,2.8190909090909093,0.42717171717171715,-0.00028205421415284276,0.11049100040749292
9071,2.8190909090909093,0.4331313131313131,3.217648862218647e-05,0.1119074802406175
9072,2.8190909090909093,0.43909090909090903,-0.00019113388807630115,0.11457474948272119
9073,2.8190909090909093,0.44505050505050503,-0.0010696798390549664,0.11491281690359835
9074,2.8190909090909093,0.45101010101010097,-0.0005977332994362609,0.11642609576470991
9075,2.8190909090909093,0.4569696969696969,-0.00028714463350645425,0.11936243466656293
9076,2.8190909090909093,0.4629292929292929,0.001085092917757473,0.12106943064746901
9077,2.8190909090909093,0.46888888888888886,0.00045400014497255705,0.12330975823903131
9078,2.8190909090909093,0.4748484848484848,0.0019578124494502277,0.1257900038278065
9079,2.8190909090909093,0.48080808080808074,0.0007357738169992521,0.12614134489249412
9080,2.8190909090909093,0.48676767676767674,-0.0018862689561114682,0.12543251094943367
9081,2.8190909090909093,0.4927272727272727,0.00021683838358131635,0.1280357467794982
9082,2.8190909090909093,0.4986868686868686,0.0012127604332750805,0.1277228396915171
9083,2.8190909090909093,0.5046464646464646,0.0003262351260214371,0.13179438937748011
9084,2.8190909090909093,0.5106060606060605,-0.002193410410361522,0.13195424413843856
9085,2.8190909090909093,0.5165656565656566,0.0012995435915383708,0.13573920331095934
9086,2.8190909090909093,0.5225252525252525,5.3439790167851344e-05,0.13554631588526028
9087,2.8190909090909093,0.5284848484848484,0.000630820079889911,0.13544332057452083
9088,2.8190909090909093,0.5344444444444444,-0.0012738348329344729,0.13940517087886534
9089,2.8190909090909093,0.5404040404040403,0.0008433414184142318,0.13938879005044033
9090,2.8190909090909093,0.5463636363636363,0.0003308727116128198,0.14056453431793914
9091,2.8190909090909093,0.5523232323232323,-0.0003852093868518009,0.14432222472821843
9092,2.8190909090909093,0.5582828282828283,-0.00212941589854739,0.14589165642680177
9093,2.8190909090909093,0.5642424242424242,-0.0009133349520078983,0.14565728739589803
9094,2.8190909090909093,0.5702020202020202,0.0015547037732174345,0.15027145885328916
9095,2.8190909090909093,0.5761616161616161,0.0008132930710155502,0.15007369043368196
9096,2.8190909090909093,0.582121212121212,0.00031508322649524684,0.14944551472784573
9097,2.8190909090909093,0.588080808080808,0.00040257325649749917,0.15545558423917744
9098,2.8190909090909093,0.594040404040404,0.0016134956380554058,0.15712007629384975
9099,2.8190909090909093,0.6,-0.003009097893486704,0.15372621606835807
9100,2.8391919191919195,0.01,5.158599346538617e-05,0.002579057968452041
9101,2.8391919191919195,0.01595959595959596,3.432836942528783e-06,0.004080462239680217
9102,2.8391919191919195,0.021919191919191918,-6.0110034114248644e-06,0.005643788076172942
9103,2.8391919191919195,0.027878787878787878,3.647544693125547e-05,0.007186896063784036
9104,2.8391919191919195,0.033838383838383834,-9.9715101239129e-05,0.008785496594317982
9105,2.8391919191919195,0.0397979797979798,3.161712584766763e-05,0.010355864622625709
9106,2.8391919191919195,0.045757575757575754,0.00024575164802981384,0.011916407722139099
9107,2.8391919191919195,0.05171717171717172,2.9950338237231154e-05,0.013318899683869413
9108,2.8391919191919195,0.05767676767676767,0.00019103113113863216,0.015119193299665126
9109,2.8391919191919195,0.06363636363636363,-0.00011317183952210264,0.016408359479220053
9110,2.8391919191919195,0.06959595959595959,-9.031027271911019e-05,0.01800723223468035
9111,2.8391919191919195,0.07555555555555554,0.00027460425978463555,0.01965842320698123
9112,2.8391919191919195,0.0815151515151515,0.00017179533220809543,0.02109948697522635
9113,2.8391919191919195,0.08747474747474746,0.0001058578990649198,0.02277618944138401
9114,2.8391919191919195,0.09343434343434343,-2.327913423794916e-05,0.02422597759301344
9115,2.8391919191919195,0.09939393939393938,6.315949744294702e-05,0.025632927823200206
9116,2.8391919191919195,0.10535353535353534,-0.00037373655058664995,0.027273290136349087
9117,2.8391919191919195,0.1113131313131313,-0.00043429784030479893,0.028832676065539513
9118,2.8391919191919195,0.11727272727272725,0.00014594225402271522,0.030164810222241698
9119,2.8391919191919195,0.12323232323232322,-0.0005622399066182709,0.031909794908119654
9120,2.8391919191919195,0.1291919191919192,-0.00031415434986480437,0.03349852618213411
9121,2.8391919191919195,0.13515151515151513,-0.00026819753991558606,0.03514737064566414
9122,2.8391919191919195,0.1411111111111111,-0.0004671942594295251,0.036229009139539296
9123,2.8391919191919195,0.14707070707070707,-0.00012150229905230492,0.037594247789806544
9124,2.8391919191919195,0.15303030303030302,-0.0003588637272617503,0.03932369505506613
9125,2.8391919191919195,0.158989898989899,-0.00012062219633381177,0.04134040161374765
9126,2.8391919191919195,0.16494949494949493,7.962269981937995e-05,0.04316500709465041
9127,2.8391919191919195,0.1709090909090909,-7.826636996002813e-05,0.04422365226145736
9128,2.8391919191919195,0.17686868686868687,4.991639349440795e-05,0.046717246978655196
9129,2.8391919191919195,0.1828282828282828,0.0005110043748969589,0.047565777798549064
9130,2.8391919191919195,0.18878787878787878,0.0007376215067787833,0.04922025335137095
9131,2.8391919191919195,0.19474747474747472,0.0007118809844272804,0.05055652033821858
9132,2.8391919191919195,0.2007070707070707,0.00035842175592797147,0.052683222256945904
9133,2.8391919191919195,0.20666666666666667,-0.00011352800512041763,0.05315573598748217
9134,2.8391919191919195,0.2126262626262626,-6.911473132743802e-05,0.055270768721822607
9135,2.8391919191919195,0.21858585858585858,-0.0006164881109382825,0.05610278850951605
9136,2.8391919191919195,0.22454545454545452,0.0011619643974756396,0.05746491970461719
9137,2.8391919191919195,0.2305050505050505,-0.00019003644536761977,0.059907210798717955
9138,2.8391919191919195,0.23646464646464646,0.00045285785879198103,0.06136885500709748
9139,2.8391919191919195,0.2424242424242424,-0.0008558975983682518,0.06271658348130882
9140,2.8391919191919195,0.24838383838383837,0.00023444718129200662,0.06456104539162347
9141,2.8391919191919195,0.2543434343434343,-0.0008977013484505193,0.06605696079022365
9142,2.8391919191919195,0.26030303030303026,-0.00013007277782919755,0.06728076333321095
9143,2.8391919191919195,0.26626262626262626,0.00047893434541237116,0.06954826276527147
9144,2.8391919191919195,0.2722222222222222,0.0009011213948173661,0.07020702844400137
9145,2.8391919191919195,0.27818181818181814,-0.00045751892567975325,0.07102488901770543
9146,2.8391919191919195,0.28414141414141414,-0.00013319330193091236,0.07391732741012838
9147,2.8391919191919195,0.2901010101010101,2.420116101667693e-05,0.07591025902168194
9148,2.8391919191919195,0.296060606060606,-8.008552131600241e-05,0.07732373717131481
9149,2.8391919191919195,0.302020202020202,0.0010366127176218106,0.07911701167990785
9150,2.8391919191919195,0.30797979797979796,0.0007138261643814982,0.08043798835341383
9151,2.8391919191919195,0.3139393939393939,-0.0003486340550281653,0.08195070987771949
9152,2.8391919191919195,0.31989898989898985,-0.000169675816658065,0.08249431919267064
9153,2.8391919191919195,0.32585858585858585,-0.0011361216625630569,0.08362494652410099
9154,2.8391919191919195,0.3318181818181818,0.0010971882018044018,0.08596722015091669
9155,2.8391919191919195,0.33777777777777773,0.0016890791790466367,0.08882648911784026
9156,2.8391919191919195,0.34373737373737373,-0.0010832909720340914,0.0907372919728659
9157,2.8391919191919195,0.3496969696969697,-0.0008933018654602154,0.08998397261753178
9158,2.8391919191919195,0.3556565656565656,-0.0004852949802665696,0.09274392331836542
9159,2.8391919191919195,0.3616161616161616,0.0005940722515597494,0.0959350070716388
9160,2.8391919191919195,0.36757575757575756,0.001142424188867504,0.0955644540318383
9161,2.8391919191919195,0.3735353535353535,8.748372149165816e-06,0.09802201006280158
9162,2.8391919191919195,0.37949494949494944,0.00044851826130852806,0.09999738007946683
9163,2.8391919191919195,0.38545454545454544,1.9195652425808963e-05,0.1011012460296925
9164,2.8391919191919195,0.3914141414141414,0.0002155982387769648,0.10159411748309036
9165,2.8391919191919195,0.3973737373737373,2.17092861773206e-06,0.10447780572603127
9166,2.8391919191919195,0.4033333333333333,0.0009321124580863641,0.10596298358283138
9167,2.8391919191919195,0.40929292929292926,0.0010710203487279647,0.11001577992454119
9168,2.8391919191919195,0.4152525252525252,-0.0012049845674982648,0.10805624555072595
9169,2.8391919191919195,0.42121212121212115,-0.0014176551485505077,0.10833106269539625
9170,2.8391919191919195,0.42717171717171715,-0.0011907767658687499,0.11134051152693862
9171,2.8391919191919195,0.4331313131313131,0.0005518761151232846,0.11475168708386177
9172,2.8391919191919195,0.43909090909090903,-0.002581993152047521,0.11371540082184582
9173,2.8391919191919195,0.44505050505050503,-0.000930601692675118,0.11764869290231224
9174,2.8391919191919195,0.45101010101010097,-0.0018117186580519657,0.11710471682357179
9175,2.8391919191919195,0.4569696969696969,0.0005235953811776707,0.11897904971285546
9176,2.8391919191919195,0.4629292929292929,0.0013927642048162548,0.12224135630873163
9177,2.8391919191919195,0.46888888888888886,0.0026632706670944016,0.12306084122159966
9178,2.8391919191919195,0.4748484848484848,0.0010138149634442023,0.12789866552230295
9179,2.8391919191919195,0.48080808080808074,-0.0007725904393369504,0.1253768444905573
9180,2.8391919191919195,0.48676767676767674,0.0005469095738284075,0.1299955255217893
9181,2.8391919191919195,0.4927272727272727,0.0006695655505079396,0.12972430115281053
9182,2.8391919191919195,0.4986868686868686,-0.0002969622839860528,0.13178644429812122
9183,2.8391919191919195,0.5046464646464646,0.0005917288602069386,0.13393089110695694
9184,2.8391919191919195,0.5106060606060605,0.00042532259590932666,0.1362116182778045
9185,2.8391919191919195,0.5165656565656566,0.0023795547626222447,0.13769062858288503
9186,2.8391919191919195,0.5225252525252525,0.0010773187463514302,0.14009506176762887
9187,2.8391919191919195,0.5284848484848484,0.00015529211764934346,0.13900676451430008
9188,2.8391919191919195,0.5344444444444444,7.397961936909833e-05,0.14127289340216473
9189,2.8391919191919195,0.5404040404040403,0.001976984063517766,0.1436148030419372
9190,2.8391919191919195,0.5463636363636363,-0.0005184372666928763,0.14348177997496198
9191,2.8391919191919195,0.5523232323232323,-0.0003911454795447545,0.1436917493783563
9192,2.8391919191919195,0.5582828282828283,-0.002288640463273944,0.14752755271841922
9193,2.8391919191919195,0.5642424242424242,-0.0023538919130540255,0.14585974046888434
9194,2.8391919191919195,0.5702020202020202,-0.001478724366358363,0.14880776029667653
9195,2.8391919191919195,0.5761616161616161,0.0019648794103534445,0.1516277931040374
9196,2.8391919191919195,0.582121212121212,0.0013441050954771216,0.15609106533127284
9197,2.8391919191919195,0.588080808080808,-0.0007081882448115886,0.15515769629230172
9198,2.8391919191919195,0.594040404040404,-0.0023809469893998057,0.15831362426995446
9199,2.8391919191919195,0.6,0.0009534974650933911,0.1589685660895108
9200,2.8592929292929297,0.01,4.167651708447708e-05,0.002622859339950018
9201,2.8592929292929297,0.01595959595959596,-1.6631603202295676e-05,0.004204217820626704
9202,2.8592929292929297,0.021919191919191918,3.942560126162431e-06,0.005781835612882438
9203,2.8592929292929297,0.027878787878787878,-7.660419335090114e-05,0.007313888738539523
9204,2.8592929292929297,0.033838383838383834,0.00019712194542621434,0.00881960807936869
9205,2.8592929292929297,0.0397979797979798,0.00011883162965728264,0.010381480532194802
9206,2.8592929292929297,0.045757575757575754,0.00015014446362117013,0.012016411476961072
9207,2.8592929292929297,0.05171717171717172,1.4069172636706017e-05,0.013590368834539332
9208,2.8592929292929297,0.05767676767676767,0.00017914618083438033,0.015167176502082715
9209,2.8592929292929297,0.06363636363636363,0.00012789726971222087,0.016402482961252553
9210,2.8592929292929297,0.06959595959595959,-0.00027396768614793975,0.01837598713239814
9211,2.8592929292929297,0.07555555555555554,4.409331194677205e-05,0.01976846488940442
9212,2.8592929292929297,0.0815151515151515,-0.0002717357494833904,0.021289541393899606
9213,2.8592929292929297,0.08747474747474746,-0.00010372614815004848,0.02268034739664887
9214,2.8592929292929297,0.09343434343434343,0.0003216884540432842,0.024228553779033428
9215,2.8592929292929297,0.09939393939393938,-0.0004556318160161231,0.025752227329854806
9216,2.8592929292929297,0.10535353535353534,-0.00016467177500948863,0.02766448784576616
9217,2.8592929292929297,0.1113131313131313,-4.074469759747283e-05,0.029518992409884155
9218,2.8592929292929297,0.11727272727272725,0.00054380797273627,0.03033131290456215
9219,2.8592929292929297,0.12323232323232322,0.0005015111457929035,0.03218509469669993
9220,2.8592929292929297,0.1291919191919192,0.0004004251159925005,0.03405448227715468
9221,2.8592929292929297,0.13515151515151513,-2.6340075111419758e-05,0.03569745523297823
9222,2.8592929292929297,0.1411111111111111,-0.00026228717305876886,0.03731074989618506
9223,2.8592929292929297,0.14707070707070707,-0.00033033702527063903,0.038412976831655454
9224,2.8592929292929297,0.15303030303030302,-0.00012899919523397583,0.04038551239137466
9225,2.8592929292929297,0.158989898989899,-0.0002911755722708059,0.041834046040668774
9226,2.8592929292929297,0.16494949494949493,2.3076969498591492e-05,0.043246290753738086
9227,2.8592929292929297,0.1709090909090909,0.000100593953840968,0.044325470845229226
9228,2.8592929292929297,0.17686868686868687,-0.000651122028827227,0.04666332142826989
9229,2.8592929292929297,0.1828282828282828,0.0007231404544136124,0.04842707763352746
9230,2.8592929292929297,0.18878787878787878,0.0004819837769463783,0.05033487787220523
9231,2.8592929292929297,0.19474747474747472,-0.00036528078762067007,0.05139114577335778
9232,2.8592929292929297,0.2007070707070707,9.56229124517769e-06,0.053396469800536486
9233,2.8592929292929297,0.20666666666666667,-0.0007052239399619667,0.05408863559666791
9234,2.8592929292929297,0.2126262626262626,0.0005490010206461317,0.055368776815681475
9235,2.8592929292929297,0.21858585858585858,-0.00021876512707811536,0.05712154412209377
9236,2.8592929292929297,0.22454545454545452,-0.0003202552963657307,0.059119313858029786
9237,2.8592929292929297,0.2305050505050505,-0.0007017938908341336,0.06053629968476168
9238,2.8592929292929297,0.23646464646464646,0.00044331603429441504,0.06095356655200521
9239,2.8592929292929297,0.2424242424242424,0.0007432272706724014,0.06421492181551838
9240,2.8592929292929297,0.24838383838383837,0.0008981253293838014,0.06535374263386597
9241,2.8592929292929297,0.2543434343434343,-8.357549605100583e-05,0.06682186617180748
9242,2.8592929292929297,0.26030303030303026,0.0009680599260248615,0.06954253833510635
9243,2.8592929292929297,0.26626262626262626,-0.00021371367565184549,0.06835554333621453
9244,2.8592929292929297,0.2722222222222222,-0.00021899393684840995,0.07215224717279972
9245,2.8592929292929297,0.27818181818181814,8.648189429254414e-05,0.07295515227544869
9246,2.8592929292929297,0.28414141414141414,-0.00044052345981825385,0.07515605362779114
9247,2.8592929292929297,0.2901010101010101,-0.0005197054971238619,0.07662818997681661
9248,2.8592929292929297,0.296060606060606,0.0001410757461457183,0.07758536268166692
9249,2.8592929292929297,0.302020202020202,-0.0008193594808589815,0.07942262213047617
9250,2.8592929292929297,0.30797979797979796,1.4406353756885992e-05,0.08072705082992354
9251,2.8592929292929297,0.3139393939393939,0.0003676115451026359,0.08228725638342918
9252,2.8592929292929297,0.31989898989898985,-0.001417957705770175,0.08397660069719762
9253,2.8592929292929297,0.32585858585858585,0.0005751157612659031,0.08637764646369106
9254,2.8592929292929297,0.3318181818181818,-0.0004565037587686161,0.08670633737034122
9255,2.8592929292929297,0.33777777777777773,-0.0011090143886081816,0.08772751257904694
9256,2.8592929292929297,0.34373737373737373,-6.090357851663617e-05,0.09115199734588203
9257,2.8592929292929297,0.3496969696969697,0.002040027778644904,0.09223628576956365
9258,2.8592929292929297,0.3556565656565656,0.0005307775710856673,0.09425679756356001
9259,2.8592929292929297,0.3616161616161616,0.0011404251330503644,0.09452190822044536
9260,2.8592929292929297,0.36757575757575756,-0.00015098664621533006,0.0960824970547795
9261,2.8592929292929297,0.3735353535353535,-0.001121218851421231,0.0983222892620787
9262,2.8592929292929297,0.37949494949494944,0.0015668780051206978,0.10019319529549005
9263,2.8592929292929297,0.38545454545454544,0.0006432407984783929,0.10146211650253759
9264,2.8592929292929297,0.3914141414141414,-0.0020675136922152044,0.10304062610792
9265,2.8592929292929297,0.3973737373737373,0.0012660103839857674,0.10621312589482149
9266,2.8592929292929297,0.4033333333333333,0.0003772342925748459,0.10643800157137476
9267,2.8592929292929297,0.40929292929292926,0.0005129324335313507,0.10855077913671764
9268,2.8592929292929297,0.4152525252525252,0.0030263819066411487,0.11075616744303067
9269,2.8592929292929297,0.42121212121212115,0.00031430415488146367,0.11138459730423607
9270,2.8592929292929297,0.42717171717171715,-0.0011150901423229967,0.11276501646338286
9271,2.8592929292929297,0.4331313131313131,0.00046920350961743545,0.1151040078573441
9272,2.8592929292929297,0.43909090909090903,0.0006836618795655979,0.11670923288210772
9273,2.8592929292929297,0.44505050505050503,0.0001510612771175629,0.11680373840756537
9274,2.8592929292929297,0.45101010101010097,0.0010916043593458835,0.1204377736852174
9275,2.8592929292929297,0.4569696969696969,0.00028026682787271877,0.12160022755127836
9276,2.8592929292929297,0.4629292929292929,0.00010494781924985732,0.1237359311003066
9277,2.8592929292929297,0.46888888888888886,-0.0003779570858445835,0.12379253184768264
9278,2.8592929292929297,0.4748484848484848,0.0005830623833790552,0.12576590785513225
9279,2.8592929292929297,0.48080808080808074,-0.0010307604376456497,0.12630390138306236
9280,2.8592929292929297,0.48676767676767674,0.0027132402407842276,0.1305028479870686
9281,2.8592929292929297,0.4927272727272727,0.0006638821244073258,0.13024568134334655
9282,2.8592929292929297,0.4986868686868686,0.0019620245765239134,0.1342697614392617
9283,2.8592929292929297,0.5046464646464646,-0.0007385172366270795,0.13425213319512147
9284,2.8592929292929297,0.5106060606060605,6.79220352361332e-05,0.13567913788103872
9285,2.8592929292929297,0.5165656565656566,-0.0009590983533522876,0.1369941430308848
9286,2.8592929292929297,0.5225252525252525,0.0018471010732026428,0.14055571394762556
9287,2.8592929292929297,0.5284848484848484,0.0019880014175599017,0.14165541989209388
9288,2.8592929292929297,0.5344444444444444,0.002811225643727437,0.14278452564670613
9289,2.8592929292929297,0.5404040404040403,0.0005310092185355751,0.14579316916022167
9290,2.8592929292929297,0.5463636363636363,-0.0008808157883105858,0.14310702155082541
9291,2.8592929292929297,0.5523232323232323,-0.0014805589157451113,0.14676981722749777
9292,2.8592929292929297,0.5582828282828283,0.0008273510903587262,0.15082907494788678
9293,2.8592929292929297,0.5642424242424242,-0.001046336475625388,0.15091522657818685
9294,2.8592929292929297,0.5702020202020202,0.0012107245112927482,0.15311613054320836
9295,2.8592929292929297,0.5761616161616161,0.0004747609362301189,0.15276650847343426
9296,2.8592929292929297,0.582121212121212,-0.002358466773896853,0.15344863142487047
9297,2.8592929292929297,0.588080808080808,-0.0007189085036600575,0.15428900382315985
9298,2.8592929292929297,0.594040404040404,-0.0016548060592560105,0.15762455618949042
9299,2.8592929292929297,0.6,-0.0008256305621114084,0.15958058647304943
9300,2.8793939393939394,0.01,-4.558308034896818e-06,0.002653407237686692
9301,2.8793939393939394,0.01595959595959596,7.85135307842022e-07,0.004240146204132545
9302,2.8793939393939394,0.021919191919191918,5.340124184660199e-05,0.005800956562132754
9303,2.8793939393939394,0.027878787878787878,-0.0001497758744540642,0.007357298263043783
9304,2.8793939393939394,0.033838383838383834,-6.995543686939417e-05,0.009051643520294948
9305,2.8793939393939394,0.0397979797979798,-8.777597042375139e-05,0.010580937810184194
9306,2.8793939393939394,0.045757575757575754,-5.6250545272335386e-05,0.012155615646843648
9307,2.8793939393939394,0.05171717171717172,4.6010013788519624e-05,0.013706470184746706
9308,2.8793939393939394,0.05767676767676767,1.866301586684781e-05,0.015139159473913637
9309,2.8793939393939394,0.06363636363636363,-8.856089454123753e-05,0.016984185690373754
9310,2.8793939393939394,0.06959595959595959,0.0003648866563017018,0.018361548126776723
9311,2.8793939393939394,0.07555555555555554,-5.0549798318114604e-05,0.02002886183167069
9312,2.8793939393939394,0.0815151515151515,-0.00014377014737120976,0.021666272976912062
9313,2.8793939393939394,0.08747474747474746,-9.345666776465898e-05,0.023335427025301624
9314,2.8793939393939394,0.09343434343434343,1.8706928193606485e-05,0.024964860986463007
9315,2.8793939393939394,0.09939393939393938,-0.00020026308356024645,0.026292173838886122
9316,2.8793939393939394,0.10535353535353534,-2.885054505820772e-06,0.027732216923675383
9317,2.8793939393939394,0.1113131313131313,0.00023092481310509337,0.029603261011391022
9318,2.8793939393939394,0.11727272727272725,-0.00029279019395861416,0.031234774284548544
9319,2.8793939393939394,0.12323232323232322,-0.00027765236997543996,0.03273392563069177
9320,2.8793939393939394,0.1291919191919192,0.00024182302573802153,0.034111222569603784
9321,2.8793939393939394,0.13515151515151513,-0.00020667156989542023,0.03589684781253221
9322,2.8793939393939394,0.1411111111111111,-0.00020641117263462254,0.03739215772059805
9323,2.8793939393939394,0.14707070707070707,-0.00014326836642326686,0.039377871806901436
9324,2.8793939393939394,0.15303030303030302,-0.000425481213156767,0.04068566910777254
9325,2.8793939393939394,0.158989898989899,-6.607347752484092e-05,0.04199874067719051
9326,2.8793939393939394,0.16494949494949493,1.2137675324576368e-05,0.04387673305950239
9327,2.8793939393939394,0.1709090909090909,6.289795358309314e-07,0.045299892378669285
9328,2.8793939393939394,0.17686868686868687,0.0005521463166262618,0.0468256468400635
9329,2.8793939393939394,0.1828282828282828,-0.0006109678731126951,0.04783468041456865
9330,2.8793939393939394,0.18878787878787878,0.000223780571169853,0.05018901457209176
9331,2.8793939393939394,0.19474747474747472,0.0006347192681612608,0.052065015524220264
9332,2.8793939393939394,0.2007070707070707,-0.0012680365334669667,0.05321198617831923
9333,2.8793939393939394,0.20666666666666667,0.0004985530824062863,0.0554922107766507
9334,2.8793939393939394,0.2126262626262626,0.0013094175586565178,0.05669207266779284
9335,2.8793939393939394,0.21858585858585858,-0.00014188345914256217,0.05790492408821951
9336,2.8793939393939394,0.22454545454545452,3.36815057775965e-05,0.05972285006943871
9337,2.8793939393939394,0.2305050505050505,-0.0006552741077481623,0.061581304404126104
9338,2.8793939393939394,0.23646464646464646,0.0008257667534874666,0.06312993330882172
9339,2.8793939393939394,0.2424242424242424,-3.7374817742189313e-06,0.06445404899299723
9340,2.8793939393939394,0.24838383838383837,-2.1071039962174122e-05,0.06523637665179774
9341,2.8793939393939394,0.2543434343434343,-0.0005528849272641621,0.06692580953104359
9342,2.8793939393939394,0.26030303030303026,-0.0006375097299116901,0.06801715990706156
9343,2.8793939393939394,0.26626262626262626,0.0006915814612785174,0.07076853764499673
9344,2.8793939393939394,0.2722222222222222,-0.0007267946350897405,0.07274319994281433
9345,2.8793939393939394,0.27818181818181814,-0.0004548504832441176,0.07311383915895919
9346,2.8793939393939394,0.28414141414141414,0.0007379250553429602,0.0757329226535956
9347,2.8793939393939394,0.2901010101010101,-0.000215561937086783,0.07747430815001734
9348,2.8793939393939394,0.296060606060606,-0.00029026935644030464,0.07936596601169052
9349,2.8793939393939394,0.302020202020202,0.000489452831921839,0.07994776136257957
9350,2.8793939393939394,0.30797979797979796,0.0008255592216349268,0.08308437516350403
9351,2.8793939393939394,0.3139393939393939,-0.0003223402530818408,0.08329417886103703
9352,2.8793939393939394,0.31989898989898985,-0.0008157261526867114,0.08613949854006546
9353,2.8793939393939394,0.32585858585858585,-0.0005255577407177034,0.08612127323385617
9354,2.8793939393939394,0.3318181818181818,0.0004691370029740238,0.08915993890305268
9355,2.8793939393939394,0.33777777777777773,-0.0005482955725858334,0.08951999966802911
9356,2.8793939393939394,0.34373737373737373,-0.0011613666079640032,0.09283258864754665
9357,2.8793939393939394,0.3496969696969697,-5.2739755142588594e-05,0.09385575894717424
9358,2.8793939393939394,0.3556565656565656,-0.00034571443796525776,0.09527225138876576
9359,2.8793939393939394,0.3616161616161616,-0.0002876562814257393,0.09631330032487534
9360,2.8793939393939394,0.36757575757575756,-0.0015812559973389156,0.09824185706486045
9361,2.8793939393939394,0.3735353535353535,-0.0008246565923016459,0.1002328248081415
9362,2.8793939393939394,0.37949494949494944,0.00038568520172598876,0.10099092798192151
9363,2.8793939393939394,0.38545454545454544,-0.00010868548727938964,0.10364706854424156
9364,2.8793939393939394,0.3914141414141414,-0.002166627254080824,0.10465923174915968
9365,2.8793939393939394,0.3973737373737373,-0.0009467208969496546,0.10521501851202396
9366,2.8793939393939394,0.4033333333333333,-0.00017266829239876227,0.10778167609054062
9367,2.8793939393939394,0.40929292929292926,-0.0005984885012441744,0.10824628394083402
9368,2.8793939393939394,0.4152525252525252,-0.0008019633704953634,0.11287110118999415
9369,2.8793939393939394,0.42121212121212115,-0.0006570644400063831,0.11338345692912963
9370,2.8793939393939394,0.42717171717171715,0.0005533936847007243,0.11419779725171113
9371,2.8793939393939394,0.4331313131313131,-0.0005199817372238336,0.11489303949085009
9372,2.8793939393939394,0.43909090909090903,0.0010653561845297588,0.11751962953018304
9373,2.8793939393939394,0.44505050505050503,-0.0012494705828811163,0.11781155903601837
9374,2.8793939393939394,0.45101010101010097,-3.5781678902601756e-06,0.12070116913362165
9375,2.8793939393939394,0.4569696969696969,-0.0007992788370071758,0.12077576760698894
9376,2.8793939393939394,0.4629292929292929,-0.001843568812231568,0.12352662829313271
9377,2.8793939393939394,0.46888888888888886,8.298469432456235e-05,0.12475739767640084
9378,2.8793939393939394,0.4748484848484848,0.0004457722138060734,0.12528214754868786
9379,2.8793939393939394,0.48080808080808074,-0.00016872835702068397,0.13134820358495583
9380,2.8793939393939394,0.48676767676767674,0.0007192870365259346,0.13234955818906094
9381,2.8793939393939394,0.4927272727272727,1.2737938976101405e-05,0.13108536912863017
9382,2.8793939393939394,0.4986868686868686,0.00203750453361734,0.13703546539976197
9383,2.8793939393939394,0.5046464646464646,0.00026286285795435236,0.13579726562105418
9384,2.8793939393939394,0.5106060606060605,-0.0007711558507819511,0.13506478253832785
9385,2.8793939393939394,0.5165656565656566,-0.002208049932361299,0.13794321971074436
9386,2.8793939393939394,0.5225252525252525,0.0032315548770162693,0.14003193038447043
9387,2.8793939393939394,0.5284848484848484,0.0017748834327221599,0.14310991840902026
9388,2.8793939393939394,0.5344444444444444,-0.0016478925937797166,0.1437668627089556
9389,2.8793939393939394,0.5404040404040403,0.002515705076273149,0.14850820563496864
9390,2.8793939393939394,0.5463636363636363,0.0006212195862131093,0.14883214056671845
9391,2.8793939393939394,0.5523232323232323,0.0007901545867202587,0.1473485331163049
9392,2.8793939393939394,0.5582828282828283,-0.0007966855696383417,0.150996204143274
9393,2.8793939393939394,0.5642424242424242,-0.0034867181874728105,0.14949167242672762
9394,2.8793939393939394,0.5702020202020202,0.0004378336253085605,0.15582366106871656
9395,2.8793939393939394,0.5761616161616161,-6.265809313460995e-05,0.15664743288498992
9396,2.8793939393939394,0.582121212121212,0.002925654127177895,0.15868063362975915
9397,2.8793939393939394,0.588080808080808,-0.004428058948342382,0.16013116230066227
9398,2.8793939393939394,0.594040404040404,0.00011848856529027749,0.16091774314285076
9399,2.8793939393939394,0.6,0.0013856179020968974,0.16295427676090066
9400,2.8994949494949496,0.01,6.305922200689207e-06,0.002680562539835047
9401,2.8994949494949496,0.01595959595959596,6.001226949679435e-05,0.0043149243817777365
9402,2.8994949494949496,0.021919191919191918,3.856940362677593e-05,0.005805878743801628
9403,2.8994949494949496,0.027878787878787878,3.4764094092182316e-05,0.007376845271018544
9404,2.8994949494949496,0.033838383838383834,7.318246860843392e-05,0.009040979960426245
9405,2.8994949494949496,0.0397979797979798,-6.635494799824773e-05,0.010759783782661589
9406,2.8994949494949496,0.045757575757575754,2.7282613410733948e-05,0.012436626708822264
9407,2.8994949494949496,0.05171717171717172,9.98775598966387e-05,0.013901731201699057
9408,2.8994949494949496,0.05767676767676767,4.542949221256117e-05,0.015434114495419779
9409,2.8994949494949496,0.06363636363636363,-0.0002280176182164694,0.016859051700759492
9410,2.8994949494949496,0.06959595959595959,4.3127493530055625e-06,0.01859174480817494
9411,2.8994949494949496,0.07555555555555554,2.20334844237434e-05,0.0203824540531826
9412,2.8994949494949496,0.0815151515151515,-0.0002944324302242568,0.021933737557622363
9413,2.8994949494949496,0.08747474747474746,0.0003622376169974904,0.023592958406235723
9414,2.8994949494949496,0.09343434343434343,0.0001932377984826703,0.025546208958454757
9415,2.8994949494949496,0.09939393939393938,-0.00017041583114395405,0.02650318735166017
9416,2.8994949494949496,0.10535353535353534,9.459457282351778e-05,0.028219894723878508
9417,2.8994949494949496,0.1113131313131313,-0.0003242733820039919,0.02984780565509938
9418,2.8994949494949496,0.11727272727272725,-9.30794063851601e-05,0.03192414081177704
9419,2.8994949494949496,0.12323232323232322,0.0004036057600593619,0.032818956689063976
9420,2.8994949494949496,0.1291919191919192,0.000721255529676702,0.034706593103925806
9421,2.8994949494949496,0.13515151515151513,-0.0001501443903506633,0.03636094762553035
9422,2.8994949494949496,0.1411111111111111,-4.985640286468365e-05,0.03799912189639679
9423,2.8994949494949496,0.14707070707070707,0.00014200505663767812,0.03970377258564716
9424,2.8994949494949496,0.15303030303030302,0.0002103063805469504,0.040930715747954996
9425,2.8994949494949496,0.158989898989899,-0.0002218104455715683,0.04269862072287641
9426,2.8994949494949496,0.16494949494949493,-0.0008104709389141559,0.04388574066886142
9427,2.8994949494949496,0.1709090909090909,-0.0007423116704067487,0.045602507232629166
9428,2.8994949494949496,0.17686868686868687,0.0009549226018903988,0.047212079429241674
9429,2.8994949494949496,0.1828282828282828,-0.00029002265163885694,0.04886675791941545
9430,2.8994949494949496,0.18878787878787878,-0.0001508257353236761,0.05040363340331566
9431,2.8994949494949496,0.19474747474747472,-8.78240922329878e-05,0.051939805874267296
9432,2.8994949494949496,0.2007070707070707,-0.0003203079494240801,0.05411470748241515
9433,2.8994949494949496,0.20666666666666667,0.0002564834728828392,0.05513368244104376
9434,2.8994949494949496,0.2126262626262626,-0.00029834955065760995,0.05660417386659537
9435,2.8994949494949496,0.21858585858585858,0.0005539508850968805,0.05879971388710366
9436,2.8994949494949496,0.22454545454545452,-0.00015777399274529048,0.05976758468931936
9437,2.8994949494949496,0.2305050505050505,-0.0002899984484507818,0.0618573468157063
9438,2.8994949494949496,0.23646464646464646,-0.0013849653554251534,0.06333330344731204
9439,2.8994949494949496,0.2424242424242424,0.0005142502510750927,0.06536091195885965
9440,2.8994949494949496,0.24838383838383837,0.00024498382493184034,0.06689808467819688
9441,2.8994949494949496,0.2543434343434343,0.00021109929251823996,0.06930914422762036
9442,2.8994949494949496,0.26030303030303026,0.0001901960782222679,0.07050599434381966
9443,2.8994949494949496,0.26626262626262626,-2.899197952110636e-05,0.07191744527950018
9444,2.8994949494949496,0.2722222222222222,0.00022866628882297157,0.07355352262331373
9445,2.8994949494949496,0.27818181818181814,-0.0005296392959102217,0.07461841446399463
9446,2.8994949494949496,0.28414141414141414,0.0008436146156877698,0.07689288422181417
9447,2.8994949494949496,0.2901010101010101,0.00048562216133953375,0.07742911718722952
9448,2.8994949494949496,0.296060606060606,-0.0015340739180146677,0.079721461396606
9449,2.8994949494949496,0.302020202020202,0.00121126740953434,0.08068769495786716
9450,2.8994949494949496,0.30797979797979796,-0.0001450607381838377,0.08179759296652726
9451,2.8994949494949496,0.3139393939393939,0.0003669677732901957,0.08451947058263519
9452,2.8994949494949496,0.31989898989898985,0.0012887911661236733,0.08694369496869113
9453,2.8994949494949496,0.32585858585858585,-0.00034303383232174627,0.08797880414299304
9454,2.8994949494949496,0.3318181818181818,9.921743647899297e-05,0.08948747368077163
9455,2.8994949494949496,0.33777777777777773,6.373106190712225e-05,0.09145558178042108
9456,2.8994949494949496,0.34373737373737373,-0.0023152252317979473,0.09128671113870672
9457,2.8994949494949496,0.3496969696969697,-0.0017461319123198602,0.09498315268641155
9458,2.8994949494949496,0.3556565656565656,-0.0009627179101634139,0.09493666385627589
9459,2.8994949494949496,0.3616161616161616,0.001315771710051325,0.09748018673691132
9460,2.8994949494949496,0.36757575757575756,0.0017929192446965467,0.10038628312011003
9461,2.8994949494949496,0.3735353535353535,0.00033134151466202635,0.10098386789059059
9462,2.8994949494949496,0.37949494949494944,-6.772706660353558e-05,0.10341960185279941
9463,2.8994949494949496,0.38545454545454544,-0.0007797873373248731,0.10287906444008797
9464,2.8994949494949496,0.3914141414141414,-0.00035433645388251075,0.10579214893808644
9465,2.8994949494949496,0.3973737373737373,-0.00013010253744386065,0.10759154895242067
9466,2.8994949494949496,0.4033333333333333,0.0003323468988033973,0.10906665130698337
9467,2.8994949494949496,0.40929292929292926,-0.0012477940668661133,0.11111906399416688
9468,2.8994949494949496,0.4152525252525252,0.0010270085817304568,0.11293569532958307
9469,2.8994949494949496,0.42121212121212115,-0.0009021990940212444,0.11311905361254557
9470,2.8994949494949496,0.42717171717171715,-0.00020060780852761137,0.11603941259469391
9471,2.8994949494949496,0.4331313131313131,-0.000635695711726327,0.11867028623908399
9472,2.8994949494949496,0.43909090909090903,-0.0010826159046776161,0.12003082048170795
9473,2.8994949494949496,0.44505050505050503,-0.000600603512245441,0.12148478002593749
9474,2.8994949494949496,0.45101010101010097,-0.0017166891149380348,0.12117620711436267
9475,2.8994949494949496,0.4569696969696969,-0.0007233786463569905,0.12353123836370246
9476,2.8994949494949496,0.4629292929292929,0.0007719006103698691,0.12522070710059885
9477,2.8994949494949496,0.46888888888888886,0.0007629905644137169,0.12757049886447538
9478,2.8994949494949496,0.4748484848484848,0.002516573610099253,0.1303794579896379
9479,2.8994949494949496,0.48080808080808074,0.0025008219365912046,0.13149377094632184
9480,2.8994949494949496,0.48676767676767674,-0.0015175610140488445,0.13123743672646776
9481,2.8994949494949496,0.4927272727272727,0.0003710840371138721,0.1333450316520963
9482,2.8994949494949496,0.4986868686868686,0.0014173789179516526,0.13572665328084577
9483,2.8994949494949496,0.5046464646464646,-7.517068435294236e-05,0.14040594060179645
9484,2.8994949494949496,0.5106060606060605,-0.0005060483528298727,0.1410370041694908
9485,2.8994949494949496,0.5165656565656566,0.0015615009940836014,0.1413259552308031
9486,2.8994949494949496,0.5225252525252525,0.0031595335526955898,0.14286415482296705
9487,2.8994949494949496,0.5284848484848484,-0.001814012625428327,0.14316495476272817
9488,2.8994949494949496,0.5344444444444444,-0.0018495605684927788,0.1442428305583052
9489,2.8994949494949496,0.5404040404040403,0.0026071606824247242,0.14774638641649343
9490,2.8994949494949496,0.5463636363636363,0.0017239773583336557,0.15102215254808068
9491,2.8994949494949496,0.5523232323232323,0.0015841890022993852,0.15026261643850006
9492,2.8994949494949496,0.5582828282828283,-0.0012563372913990745,0.15256094075855456
9493,2.8994949494949496,0.5642424242424242,-0.0012242885554936893,0.15367075785677636
9494,2.8994949494949496,0.5702020202020202,-0.0004362038612860555,0.15606790985860314
9495,2.8994949494949496,0.5761616161616161,-0.0031877247171244716,0.15685786624774314
9496,2.8994949494949496,0.582121212121212,0.0022529373333707464,0.16145816113129607
9497,2.8994949494949496,0.588080808080808,-0.0007171958505285022,0.1599249042998405
9498,2.8994949494949496,0.594040404040404,0.003797246901134531,0.1615017055465384
9499,2.8994949494949496,0.6,-0.0031915481846246964,0.16250432770517248
9500,2.9195959595959597,0.01,-1.5454791872425354e-05,0.002692001694715603
9501,2.9195959595959597,0.01595959595959596,-6.925243322208219e-06,0.004290962952946626
9502,2.9195959595959597,0.021919191919191918,-0.00012490113659161732,0.0059526598360494535
9503,2.9195959595959597,0.027878787878787878,2.8062452728656352e-05,0.007485535734043469
9504,2.9195959595959597,0.033838383838383834,-1.9892157556005452e-05,0.00915427596718243
9505,2.9195959595959597,0.0397979797979798,-0.00018120885427821455,0.010706092094447162
9506,2.9195959595959597,0.045757575757575754,-2.5571605997845437e-05,0.012402217741195551
9507,2.9195959595959597,0.05171717171717172,8.134336576857096e-05,0.013982482082628702
9508,2.9195959595959597,0.05767676767676767,-7.7041113487557e-05,0.015630341486931352
9509,2.9195959595959597,0.06363636363636363,0.0001071337257486185,0.017200149315597903
9510,2.9195959595959597,0.06959595959595959,0.0001133326121453181,0.018840196815018813
9511,2.9195959595959597,0.07555555555555554,0.00018906034740598935,0.020500794512266406
9512,2.9195959595959597,0.0815151515151515,0.00013652449867086421,0.022229723189313957
9513,2.9195959595959597,0.08747474747474746,-0.00019976687320287696,0.02339236691006684
9514,2.9195959595959597,0.09343434343434343,0.00032144012467735095,0.025467844330615337
9515,2.9195959595959597,0.09939393939393938,-0.00010636690289248119,0.026850717418312228
9516,2.9195959595959597,0.10535353535353534,-8.231099149590311e-05,0.028778040073333063
9517,2.9195959595959597,0.1113131313131313,0.00013563863026781818,0.030008562129603022
9518,2.9195959595959597,0.11727272727272725,0.0005821437446710539,0.03167919608774154
9519,2.9195959595959597,0.12323232323232322,0.0005671960725957388,0.032777902120461354
9520,2.9195959595959597,0.1291919191919192,0.000267040054983079,0.03451745788519988
9521,2.9195959595959597,0.13515151515151513,0.00044432607022400233,0.03701574129122159
9522,2.9195959595959597,0.1411111111111111,0.0005030762280720866,0.03788470083630424
9523,2.9195959595959597,0.14707070707070707,0.000361110889332572,0.03928322484038455
9524,2.9195959595959597,0.15303030303030302,0.0003420536438887202,0.04130070876097726
9525,2.9195959595959597,0.158989898989899,-9.707899221234207e-05,0.043569757294835566
9526,2.9195959595959597,0.16494949494949493,-2.8349582000239515e-06,0.04471946675481495
9527,2.9195959595959597,0.1709090909090909,0.0007731552011858223,0.04670032966698958
9528,2.9195959595959597,0.17686868686868687,0.0001742666700378481,0.04840919985072437
9529,2.9195959595959597,0.1828282828282828,-0.0003165361276409698,0.04934290337757026
9530,2.9195959595959597,0.18878787878787878,0.00038847421731608747,0.051642809613650614
9531,2.9195959595959597,0.19474747474747472,0.00023492605580659713,0.05317973012401729
9532,2.9195959595959597,0.2007070707070707,0.0006854644359198614,0.0542082167380156
9533,2.9195959595959597,0.20666666666666667,-0.0001747300148317295,0.05596115069363865
9534,2.9195959595959597,0.2126262626262626,0.0001524379075394105,0.057952030562203674
9535,2.9195959595959597,0.21858585858585858,0.00047787097792560056,0.059923541954237824
9536,2.9195959595959597,0.22454545454545452,0.0006548827544379545,0.0608361858075165
9537,2.9195959595959597,0.2305050505050505,0.0003672238294948172,0.06250443953309788
9538,2.9195959595959597,0.23646464646464646,-0.00032331324571178673,0.06389430913344542
9539,2.9195959595959597,0.2424242424242424,-0.00034584964065990774,0.06626026160391257
9540,2.9195959595959597,0.24838383838383837,0.0011432768692023782,0.06783739874099806
9541,2.9195959595959597,0.2543434343434343,0.0008735646367565508,0.06828769864930542
9542,2.9195959595959597,0.26030303030303026,0.0014595035429356457,0.07144965462103141
9543,2.9195959595959597,0.26626262626262626,0.0006322751329236862,0.071960494946152
9544,2.9195959595959597,0.2722222222222222,0.0005973530510364046,0.07496526422464812
9545,2.9195959595959597,0.27818181818181814,-0.0007490154851912141,0.07586841378273332
9546,2.9195959595959597,0.28414141414141414,-0.0017043776027527216,0.0773175896731918
9547,2.9195959595959597,0.2901010101010101,0.0005965733964638329,0.07841565757870655
9548,2.9195959595959597,0.296060606060606,-0.0002179380319236622,0.07874721944234424
9549,2.9195959595959597,0.302020202020202,0.0010800437202468387,0.08204340513315977
9550,2.9195959595959597,0.30797979797979796,-0.0006953385552920004,0.08306264775849122
9551,2.9195959595959597,0.3139393939393939,0.0008880179279396337,0.08555885522781861
9552,2.9195959595959597,0.31989898989898985,0.00044112427684962156,0.08639089077424378
9553,2.9195959595959597,0.32585858585858585,0.00023098479260609607,0.0887792987561877
9554,2.9195959595959597,0.3318181818181818,-0.0010377968760904835,0.08951804789972352
9555,2.9195959595959597,0.33777777777777773,-0.000984680391987942,0.0909191193834648
9556,2.9195959595959597,0.34373737373737373,-0.0010069809330494413,0.09273807390225551
9557,2.9195959595959597,0.3496969696969697,-0.0007007907461046073,0.09437370033444148
9558,2.9195959595959597,0.3556565656565656,-0.0006834123039626409,0.09553499826277408
9559,2.9195959595959597,0.3616161616161616,-0.0011592909970661609,0.0985403348310136
9560,2.9195959595959597,0.36757575757575756,8.816471955803209e-05,0.10033045619832696
9561,2.9195959595959597,0.3735353535353535,-0.001398476723312108,0.10217796029798826
9562,2.9195959595959597,0.37949494949494944,-0.0013938416795794893,0.10361370035191433
9563,2.9195959595959597,0.38545454545454544,0.0027306507166218437,0.10788073424047312
9564,2.9195959595959597,0.3914141414141414,-0.0017462597021925415,0.10628563708128444
9565,2.9195959595959597,0.3973737373737373,-0.00040850412532325055,0.10754427204836753
9566,2.9195959595959597,0.4033333333333333,0.0010035590546426966,0.11146165918390612
9567,2.9195959595959597,0.40929292929292926,0.0011041220927711652,0.11154398526533023
9568,2.9195959595959597,0.4152525252525252,0.0004921118028414116,0.11402861768299326
9569,2.9195959595959597,0.42121212121212115,-0.0013513193668709083,0.11342124100827136
9570,2.9195959595959597,0.42717171717171715,-0.0010925640239869486,0.11519444642168918
9571,2.9195959595959597,0.4331313131313131,0.00041147827780415,0.11840811020775391
9572,2.9195959595959597,0.43909090909090903,1.0275670822591732e-05,0.12168855265237814
9573,2.9195959595959597,0.44505050505050503,-0.0005952419225289829,0.12157574412105208
9574,2.9195959595959597,0.45101010101010097,-0.0015997654402419646,0.1212078073322503
9575,2.9195959595959597,0.4569696969696969,-0.000764168674255992,0.1251016051870617
9576,2.9195959595959597,0.4629292929292929,-0.0010385964436494062,0.12850811080969682
9577,2.9195959595959597,0.46888888888888886,0.00043369640746562403,0.12923869842468244
9578,2.9195959595959597,0.4748484848484848,-0.001969574193378764,0.12933882985993672
9579,2.9195959595959597,0.48080808080808074,0.0002374638165401757,0.13219599500302953
9580,2.9195959595959597,0.48676767676767674,-4.1491461090487026e-05,0.13461592192387814
9581,2.9195959595959597,0.4927272727272727,-0.0022175156676479987,0.13469587613737735
9582,2.9195959595959597,0.4986868686868686,7.973547139289484e-06,0.13942739371472107
9583,2.9195959595959597,0.5046464646464646,3.258360951122672e-05,0.14014856279755725
9584,2.9195959595959597,0.5106060606060605,-0.0005690948429019196,0.13971943137496948
9585,2.9195959595959597,0.5165656565656566,-0.0011601220934658334,0.14062788997744097
9586,2.9195959595959597,0.5225252525252525,-0.0003993494871587794,0.14220433069673374
9587,2.9195959595959597,0.5284848484848484,-0.0017364655467871021,0.14554054079462497
9588,2.9195959595959597,0.5344444444444444,0.0030988118757349892,0.1470852413262505
9589,2.9195959595959597,0.5404040404040403,0.000336263683825637,0.148839501056386
9590,2.9195959595959597,0.5463636363636363,-0.0012595821150153063,0.14792522687396914
9591,2.9195959595959597,0.5523232323232323,0.00011884306805108675,0.15266645778582977
9592,2.9195959595959597,0.5582828282828283,0.0003619159125387641,0.15269931126504682
9593,2.9195959595959597,0.5642424242424242,0.0019433630518365774,0.15619746834543827
9594,2.9195959595959597,0.5702020202020202,0.0005216440505700167,0.16028718887927618
9595,2.9195959595959597,0.5761616161616161,0.0024974518135874616,0.16152601113866952
9596,2.9195959595959597,0.582121212121212,0.0001663174434454056,0.16130147699388891
9597,2.9195959595959597,0.588080808080808,-0.0013476210634342867,0.162996306834402
9598,2.9195959595959597,0.594040404040404,0.002921497479212416,0.16375183484220743
9599,2.9195959595959597,0.6,0.0037305511528505234,0.16692868850711476
9600,2.9396969696969695,0.01,4.813440594184859e-06,0.0027482918455113566
9601,2.9396969696969695,0.01595959595959596,3.943362040092929e-05,0.0043509827066502485
9602,2.9396969696969695,0.021919191919191918,9.651418449128965e-05,0.005930462468436503
9603,2.9396969696969695,0.027878787878787878,1.955652309470336e-05,0.007716210301794522
9604,2.9396969696969695,0.033838383838383834,0.0001149100157727279,0.009225871959973042
9605,2.9396969696969695,0.0397979797979798,0.00017400084195510422,0.010839334542209526
9606,2.9396969696969695,0.045757575757575754,0.000152849820888449,0.012364569531449918
9607,2.9396969696969695,0.05171717171717172,-4.694176367076066e-05,0.014068201736101385
9608,2.9396969696969695,0.05767676767676767,-0.0001386969012925791,0.015846963239649976
9609,2.9396969696969695,0.06363636363636363,0.0001826476420655735,0.017560084249728658
9610,2.9396969696969695,0.06959595959595959,-1.063213301449073e-05,0.019039274217381243
9611,2.9396969696969695,0.07555555555555554,-2.1581435003830363e-05,0.02064311467664609
9612,2.9396969696969695,0.0815151515151515,0.00019334467170037045,0.02217319583117848
9613,2.9396969696969695,0.08747474747474746,9.703868974021845e-05,0.023793421966521757
9614,2.9396969696969695,0.09343434343434343,5.226718106344094e-05,0.02548994379817186
9615,2.9396969696969695,0.09939393939393938,0.00029462765537839115,0.027113061909938205
9616,2.9396969696969695,0.10535353535353534,0.00038840677771676495,0.0289257142807514
9617,2.9396969696969695,0.1113131313131313,0.00023652293871015057,0.03045787603073611
9618,2.9396969696969695,0.11727272727272725,-9.954356918441043e-07,0.03197401538235182
9619,2.9396969696969695,0.12323232323232322,0.00010243343177666473,0.033542540028749825
9620,2.9396969696969695,0.1291919191919192,0.00027119150222685917,0.035225359375022205
9621,2.9396969696969695,0.13515151515151513,0.00015688997883812558,0.036673783360866255
9622,2.9396969696969695,0.1411111111111111,-0.00021303305868409215,0.0386410710873755
9623,2.9396969696969695,0.14707070707070707,0.000517448136249872,0.04025262412452945
9624,2.9396969696969695,0.15303030303030302,-0.00043284398092165237,0.04183828816615129
9625,2.9396969696969695,0.158989898989899,-0.00016663490714782537,0.04302778384281716
9626,2.9396969696969695,0.16494949494949493,0.0006048743951244893,0.045638909519804295
9627,2.9396969696969695,0.1709090909090909,0.00021701472398384983,0.04683011190053982
9628,2.9396969696969695,0.17686868686868687,0.000239139138026784,0.048328183050245395
9629,2.9396969696969695,0.1828282828282828,-4.403951654787006e-05,0.049629952666299534
9630,2.9396969696969695,0.18878787878787878,7.756074645159617e-05,0.05154512201554154
9631,2.9396969696969695,0.19474747474747472,-4.6360120153042094e-05,0.05347622586738424
9632,2.9396969696969695,0.2007070707070707,9.892843690996029e-05,0.05542705737408063
9633,2.9396969696969695,0.20666666666666667,-0.0006461505720871952,0.05612155189238773
9634,2.9396969696969695,0.2126262626262626,0.00046710882578984985,0.05821442852531527
9635,2.9396969696969695,0.21858585858585858,0.00017687488125946058,0.059507695308771695
9636,2.9396969696969695,0.22454545454545452,0.0008469219476498109,0.06170094690858897
9637,2.9396969696969695,0.2305050505050505,0.0014532829703284061,0.06309445475874498
9638,2.9396969696969695,0.23646464646464646,-0.001486267679884062,0.06454994310196917
9639,2.9396969696969695,0.2424242424242424,0.0011413340117927564,0.06686361473509603
9640,2.9396969696969695,0.24838383838383837,-0.00024893466329629167,0.06835450291928148
9641,2.9396969696969695,0.2543434343434343,0.00022804053360948355,0.06963415170947895
9642,2.9396969696969695,0.26030303030303026,0.0006876678673153561,0.07219480053711713
9643,2.9396969696969695,0.26626262626262626,-0.0009350915883427725,0.07280337033751777
9644,2.9396969696969695,0.2722222222222222,-0.00029052114676603137,0.07468579391036041
9645,2.9396969696969695,0.27818181818181814,0.0006540312502673325,0.0767916323079781
9646,2.9396969696969695,0.28414141414141414,-0.0007665932457933884,0.07801373914269796
9647,2.9396969696969695,0.2901010101010101,-0.0007437665598126708,0.08000870171405955
9648,2.9396969696969695,0.296060606060606,0.0007356119632519026,0.08198105276321342
9649,2.9396969696969695,0.302020202020202,-0.0006175761472632883,0.08414603828011488
9650,2.9396969696969695,0.30797979797979796,0.00023529940421468019,0.0848181213660071
9651,2.9396969696969695,0.3139393939393939,0.001803978899480378,0.0871333812747319
9652,2.9396969696969695,0.31989898989898985,0.00020876815003794964,0.08826032950887035
9653,2.9396969696969695,0.32585858585858585,0.00037100534631492887,0.08966140847663993
9654,2.9396969696969695,0.3318181818181818,0.001598138358685022,0.091568520282841
9655,2.9396969696969695,0.33777777777777773,-0.00030785988387695655,0.09372842448946483
9656,2.9396969696969695,0.34373737373737373,0.00033825061808674466,0.09544298909448698
9657,2.9396969696969695,0.3496969696969697,0.0014034553715528552,0.09642080025298772
9658,2.9396969696969695,0.3556565656565656,0.0014662509457592776,0.09886821884738384
9659,2.9396969696969695,0.3616161616161616,-0.0005361119170367081,0.0993937346635321
9660,2.9396969696969695,0.36757575757575756,0.0006619231085947763,0.10175717656986054
9661,2.9396969696969695,0.3735353535353535,2.0617376095904748e-05,0.1017890135781331
9662,2.9396969696969695,0.37949494949494944,-9.699978138895445e-05,0.10518579106301762
9663,2.9396969696969695,0.38545454545454544,-0.0001099121407566634,0.10642889270628653
9664,2.9396969696969695,0.3914141414141414,-0.00023942377786961356,0.10740640150957274
9665,2.9396969696969695,0.3973737373737373,-0.0039211738270977054,0.10875167733013638
9666,2.9396969696969695,0.4033333333333333,-0.0008207686410770101,0.10899957841339097
9667,2.9396969696969695,0.40929292929292926,-0.00011538226013457358,0.11252647131985175
9668,2.9396969696969695,0.4152525252525252,-0.00031115018267519534,0.11342298018649269
9669,2.9396969696969695,0.42121212121212115,-0.0016470180898463837,0.11695351698391955
9670,2.9396969696969695,0.42717171717171715,-5.139285551082109e-05,0.11748333242524368
9671,2.9396969696969695,0.4331313131313131,0.0007939073399361731,0.1213903255008588
9672,2.9396969696969695,0.43909090909090903,-6.399916907577712e-05,0.12073273983325472
9673,2.9396969696969695,0.44505050505050503,0.0010414752733878493,0.12423085773614119
9674,2.9396969696969695,0.45101010101010097,0.0008365485680109597,0.12395103274161069
9675,2.9396969696969695,0.4569696969696969,-0.00045023713740265716,0.12715386464644113
9676,2.9396969696969695,0.4629292929292929,0.001849473086237457,0.12866263355754837
9677,2.9396969696969695,0.46888888888888886,0.0014238017006006488,0.13090400126802965
9678,2.9396969696969695,0.4748484848484848,0.001257805181261141,0.13086929947642703
9679,2.9396969696969695,0.48080808080808074,-0.0017087420370076878,0.13379646218057678
9680,2.9396969696969695,0.48676767676767674,-0.0005041660803040104,0.13525479859723333
9681,2.9396969696969695,0.4927272727272727,-0.0013839516157334263,0.13815115570711223
9682,2.9396969696969695,0.4986868686868686,7.596842548103826e-05,0.13770381552689062
9683,2.9396969696969695,0.5046464646464646,-0.0007598571118441303,0.1405689162847674
9684,2.9396969696969695,0.5106060606060605,-0.0017517765456298072,0.1402639200012076
9685,2.9396969696969695,0.5165656565656566,0.0016730954425139004,0.14401789542224935
9686,2.9396969696969695,0.5225252525252525,-0.0016959219944784384,0.1450097536817237
9687,2.9396969696969695,0.5284848484848484,-0.0018444054387028374,0.14674136066599092
9688,2.9396969696969695,0.5344444444444444,0.0024498673380528293,0.14934480139579095
9689,2.9396969696969695,0.5404040404040403,0.002671737746716901,0.1511802174505024
9690,2.9396969696969695,0.5463636363636363,-0.0011826226107855948,0.1523270486898004
9691,2.9396969696969695,0.5523232323232323,0.0019994269697214927,0.15629500658655376
9692,2.9396969696969695,0.5582828282828283,-0.00036663885206273804,0.15556161067377916
9693,2.9396969696969695,0.5642424242424242,-0.002465810972052116,0.15853539097999436
9694,2.9396969696969695,0.5702020202020202,-0.0004870173660445199,0.1585565974359027
9695,2.9396969696969695,0.5761616161616161,0.002395758332436134,0.16274498854908445
9696,2.9396969696969695,0.582121212121212,0.0022586160505523173,0.16294037290848862
9697,2.9396969696969695,0.588080808080808,-0.000981750404490706,0.16300737958047448
9698,2.9396969696969695,0.594040404040404,0.0023585524157842142,0.16848224496113162
9699,2.9396969696969695,0.6,-0.001518468889610556,0.1672002284467888
9700,2.9597979797979797,0.01,-1.5261397451337145e-07,0.0027675814896097437
9701,2.9597979797979797,0.01595959595959596,5.3343655918525414e-05,0.004434188199264384
9702,2.9597979797979797,0.021919191919191918,-5.614457916876684e-05,0.006059851366357585
9703,2.9597979797979797,0.027878787878787878,-4.069022128015062e-05,0.007768193529484324
9704,2.9597979797979797,0.033838383838383834,-3.984686443842864e-05,0.00935751277798275
9705,2.9597979797979797,0.0397979797979798,9.527729555681951e-05,0.011007521145518622
9706,2.9597979797979797,0.045757575757575754,-0.00010095082708666019,0.012737334039727152
9707,2.9597979797979797,0.05171717171717172,2.29584081410382e-05,0.014266789108608992
9708,2.9597979797979797,0.05767676767676767,-0.00017100732227221197,0.016071074934247656
9709,2.9597979797979797,0.06363636363636363,0.0003754155062216688,0.01764054274151098
9710,2.9597979797979797,0.06959595959595959,0.00023735755450584329,0.019273781244666107
9711,2.9597979797979797,0.07555555555555554,0.0003624763517367021,0.020768778117974687
9712,2.9597979797979797,0.0815151515151515,-7.981224678367219e-05,0.022659815864390333
9713,2.9597979797979797,0.08747474747474746,9.368177675228922e-05,0.024245981021812614
9714,2.9597979797979797,0.09343434343434343,0.00030374832870563043,0.025603952422434732
9715,2.9597979797979797,0.09939393939393938,-4.979352309651359e-05,0.027348278019160673
9716,2.9597979797979797,0.10535353535353534,0.00011764418106723904,0.02872948944679526
9717,2.9597979797979797,0.1113131313131313,-0.0005856088503988737,0.030794857808474872
9718,2.9597979797979797,0.11727272727272725,0.0006237668801285382,0.03262429432727197
9719,2.9597979797979797,0.12323232323232322,-0.0005118776468723983,0.03409916228169278
9720,2.9597979797979797,0.1291919191919192,-0.0004768065426244876,0.03570484653042381
9721,2.9597979797979797,0.13515151515151513,-4.035780710490269e-05,0.03773280291869928
9722,2.9597979797979797,0.1411111111111111,-0.0003603590913506108,0.03890581355040604
9723,2.9597979797979797,0.14707070707070707,0.0005817850095414208,0.04108355125874829
9724,2.9597979797979797,0.15303030303030302,0.00024321729683434438,0.04206112697844223
9725,2.9597979797979797,0.158989898989899,5.504969075658481e-05,0.04429782286610344
9726,2.9597979797979797,0.16494949494949493,-0.00015288088543298763,0.04564354706390576
9727,2.9597979797979797,0.1709090909090909,-0.0002082595030472949,0.047835691650242394
9728,2.9597979797979797,0.17686868686868687,0.00012015100994171521,0.04932073850517578
9729,2.9597979797979797,0.1828282828282828,0.0003166178090522677,0.0505540719514233
9730,2.9597979797979797,0.18878787878787878,-0.0006538268269068824,0.0522002902513532
9731,2.9597979797979797,0.19474747474747472,0.0003355947340496584,0.05332622389136212
9732,2.9597979797979797,0.2007070707070707,-0.0002793512432941381,0.05607590686060743
9733,2.9597979797979797,0.20666666666666667,-0.0008059236854355585,0.05680365372475058
9734,2.9597979797979797,0.2126262626262626,-0.0005831002670206805,0.05825858293365423
9735,2.9597979797979797,0.21858585858585858,-0.00020388815090954267,0.060466617354087614
9736,2.9597979797979797,0.22454545454545452,0.0008713599776530019,0.062222520672839884
9737,2.9597979797979797,0.2305050505050505,-0.0003450852230767419,0.06320825343659618
9738,2.9597979797979797,0.23646464646464646,-0.0005666886547573848,0.06473692243328252
9739,2.9597979797979797,0.2424242424242424,-0.0003804401308001147,0.06687854781430255
9740,2.9597979797979797,0.24838383838383837,-0.00010467667642088649,0.0690914609719601
9741,2.9597979797979797,0.2543434343434343,5.846554563782447e-05,0.07115195192222293
9742,2.9597979797979797,0.26030303030303026,-0.0005056533807730616,0.0720174879947774
9743,2.9597979797979797,0.26626262626262626,-0.00034620118469960503,0.07385347585543098
9744,2.9597979797979797,0.2722222222222222,-0.002297148991669266,0.07576090140855851
9745,2.9597979797979797,0.27818181818181814,0.00033559666523573766,0.07717226401962296
9746,2.9597979797979797,0.28414141414141414,0.000573364723557183,0.07833125197281088
9747,2.9597979797979797,0.2901010101010101,0.0006634138388165004,0.08055794814892865
9748,2.9597979797979797,0.296060606060606,0.0005334080911244818,0.08282290702011813
9749,2.9597979797979797,0.302020202020202,0.0007779499674363562,0.08298366291698826
9750,2.9597979797979797,0.30797979797979796,-5.1327699928553015e-06,0.08649703420208273
9751,2.9597979797979797,0.3139393939393939,0.0013291877490152508,0.08852393417899061
9752,2.9597979797979797,0.31989898989898985,0.002334476776611878,0.08968914041239372
9753,2.9597979797979797,0.32585858585858585,0.0006662058711695605,0.09053100319788017
9754,2.9597979797979797,0.3318181818181818,-0.00022178172628483912,0.09277270431454462
9755,2.9597979797979797,0.33777777777777773,-0.0010184820834897466,0.09328339899982362
9756,2.9597979797979797,0.34373737373737373,0.00032433954532553715,0.09545067708055766
9757,2.9597979797979797,0.3496969696969697,-0.0005197822040398991,0.09790791982555698
9758,2.9597979797979797,0.3556565656565656,-0.00045131362694202695,0.09684646465763368
9759,2.9597979797979797,0.3616161616161616,-0.0017984638734091377,0.10096072965383063
9760,2.9597979797979797,0.36757575757575756,-0.0015717326360277116,0.1019013129229097
9761,2.9597979797979797,0.3735353535353535,0.00044823585752552846,0.10436732283484547
9762,2.9597979797979797,0.37949494949494944,-0.0022598755602759118,0.10436492273978351
9763,2.9597979797979797,0.38545454545454544,0.001288021286259751,0.10756736558399983
9764,2.9597979797979797,0.3914141414141414,0.0011312222160290663,0.10897477705310589
9765,2.9597979797979797,0.3973737373737373,0.0001357863069047515,0.11161329306156531
9766,2.9597979797979797,0.4033333333333333,0.0011054534122197132,0.1129051220782006
9767,2.9597979797979797,0.40929292929292926,0.0009643207593504236,0.11442025684307915
9768,2.9597979797979797,0.4152525252525252,-0.0027331091942901487,0.11423538073204083
9769,2.9597979797979797,0.42121212121212115,0.0014573996836599375,0.11746763773011809
9770,2.9597979797979797,0.42717171717171715,0.0008457294649520393,0.11816285823548776
9771,2.9597979797979797,0.4331313131313131,-0.0005056594361773669,0.12035754304981439
9772,2.9597979797979797,0.43909090909090903,-0.0001756758057804184,0.1236286857172936
9773,2.9597979797979797,0.44505050505050503,-0.000301845009395573,0.12485242614738354
9774,2.9597979797979797,0.45101010101010097,-0.0006254467625687663,0.12566724379376232
9775,2.9597979797979797,0.4569696969696969,-0.0008391835407292634,0.12665469423808146
9776,2.9597979797979797,0.4629292929292929,0.0006054781720005387,0.13069373779655485
9777,2.9597979797979797,0.46888888888888886,0.001513115099465832,0.130418782756537
9778,2.9597979797979797,0.4748484848484848,-0.0014889310223050187,0.13152995160017533
9779,2.9597979797979797,0.48080808080808074,-0.000792772722652089,0.13425386941733142
9780,2.9597979797979797,0.48676767676767674,-0.0016009603490957914,0.1356770410493687
9781,2.9597979797979797,0.4927272727272727,6.612544544841192e-06,0.13924408567567653
9782,2.9597979797979797,0.4986868686868686,0.0011938709693383237,0.1403356037252381
9783,2.9597979797979797,0.5046464646464646,0.0006020207154733846,0.14222859161192697
9784,2.9597979797979797,0.5106060606060605,0.0003834191051624832,0.14184917095347152
9785,2.9597979797979797,0.5165656565656566,-0.0018195208760443983,0.14501169686987705
9786,2.9597979797979797,0.5225252525252525,-0.0011056421615722525,0.14703866870979979
9787,2.9597979797979797,0.5284848484848484,-0.0013404367259602366,0.1479774292043818
9788,2.9597979797979797,0.5344444444444444,-0.0008339079520602407,0.14998609796476411
9789,2.9597979797979797,0.5404040404040403,0.0009561222920531722,0.15238567332668793
9790,2.9597979797979797,0.5463636363636363,-0.0006081723371371655,0.1529333211881244
9791,2.9597979797979797,0.5523232323232323,0.00043107978189831363,0.15735144972675566
9792,2.9597979797979797,0.5582828282828283,-0.0005878139547617304,0.15581801285962718
9793,2.9597979797979797,0.5642424242424242,0.000525182675828823,0.15755386330990045
9794,2.9597979797979797,0.5702020202020202,0.00112124991836808,0.1609421657774496
9795,2.9597979797979797,0.5761616161616161,-0.0052091187318330555,0.15908881904759445
9796,2.9597979797979797,0.582121212121212,0.0006743814385080188,0.16435791709012304
9797,2.9597979797979797,0.588080808080808,0.0007398258971103634,0.16578999533369568
9798,2.9597979797979797,0.594040404040404,0.0014132541171079666,0.16808836646661948
9799,2.9597979797979797,0.6,-0.0011502323078330285,0.16917812013728362
9800,2.97989898989899,0.01,2.8670041425259197e-05,0.002806105075770815
9801,2.97989898989899,0.01595959595959596,8.567526466115925e-05,0.004405392668193505
9802,2.97989898989899,0.021919191919191918,6.063982845287931e-05,0.006097761781400293
9803,2.97989898989899,0.027878787878787878,-4.476475143924052e-06,0.007804704862939433
9804,2.97989898989899,0.033838383838383834,1.0876284648295209e-05,0.009376996767190319
9805,2.97989898989899,0.0397979797979798,4.50423591944867e-05,0.011063956803250626
9806,2.97989898989899,0.045757575757575754,-0.0001573878938712191,0.012719309063394767
9807,2.97989898989899,0.05171717171717172,-9.982926813972029e-05,0.01444900601756405
9808,2.97989898989899,0.05767676767676767,0.0002433804790426408,0.016174576046034717
9809,2.97989898989899,0.06363636363636363,-0.0003438084375992777,0.01770064286156294
9810,2.97989898989899,0.06959595959595959,-4.771278861897059e-05,0.01945028786311678
9811,2.97989898989899,0.07555555555555554,5.263106582555298e-05,0.020855677875301664
9812,2.97989898989899,0.0815151515151515,8.26823997502315e-06,0.022653128213094426
9813,2.97989898989899,0.08747474747474746,8.001513020445419e-05,0.024572369096401637
9814,2.97989898989899,0.09343434343434343,-0.000426363637223999,0.026114148793226148
9815,2.97989898989899,0.09939393939393938,-1.043300025492917e-05,0.027786029023077075
9816,2.97989898989899,0.10535353535353534,-0.0004026910645329212,0.029913207862867327
9817,2.97989898989899,0.1113131313131313,-0.00023995129182402035,0.03155892022371197
9818,2.97989898989899,0.11727272727272725,-0.0001617798042552239,0.033405793865032576
9819,2.97989898989899,0.12323232323232322,-0.0003050201616147776,0.034599913906559615
9820,2.97989898989899,0.1291919191919192,-0.0001168261350609627,0.036090366684376415
9821,2.97989898989899,0.13515151515151513,8.02645576186607e-05,0.037858318761783444
9822,2.97989898989899,0.1411111111111111,0.0002257524593446778,0.039109043761534436
9823,2.97989898989899,0.14707070707070707,-0.0003583012373428143,0.04112470738746194
9824,2.97989898989899,0.15303030303030302,-0.00014022034578340837,0.04235101947457475
9825,2.97989898989899,0.158989898989899,0.0005255916144186655,0.044310525040624334
9826,2.97989898989899,0.16494949494949493,0.0005061220527864684,0.046293067935972175
9827,2.97989898989899,0.1709090909090909,-0.0006306294233130442,0.047817196636538356
9828,2.97989898989899,0.17686868686868687,-0.0008500703013463813,0.04933738612081135
9829,2.97989898989899,0.1828282828282828,-0.00019856997161861293,0.051303145567223395
9830,2.97989898989899,0.18878787878787878,-0.00035882408489511285,0.05295020692824609
9831,2.97989898989899,0.19474747474747472,0.00019271993410117973,0.05399714616064398
9832,2.97989898989899,0.2007070707070707,-0.0002913712857972377,0.05642630374378364
9833,2.97989898989899,0.20666666666666667,0.0008266351959032374,0.058122606950472167
9834,2.97989898989899,0.2126262626262626,0.00013284175148253792,0.06002674991827958
9835,2.97989898989899,0.21858585858585858,0.0009592660455216951,0.06088701438790193
9836,2.97989898989899,0.22454545454545452,-0.0012022241709784523,0.06218302808818101
9837,2.97989898989899,0.2305050505050505,-0.00013151177621054967,0.06387870992906826
9838,2.97989898989899,0.23646464646464646,0.00014708872458466223,0.06620300928159065
9839,2.97989898989899,0.2424242424242424,0.001041248209171567,0.06854087642825846
9840,2.97989898989899,0.24838383838383837,9.495169232223634e-05,0.0702528149940695
9841,2.97989898989899,0.2543434343434343,-0.0002376015159609107,0.07179482626244807
9842,2.97989898989899,0.26030303030303026,-0.00034797490268631765,0.07322732477085882
9843,2.97989898989899,0.26626262626262626,0.0006426566659994677,0.07399002518926441
9844,2.97989898989899,0.2722222222222222,0.000371968558674453,0.07728273092342709
9845,2.97989898989899,0.27818181818181814,-0.00016963824913068156,0.0785570367442435
9846,2.97989898989899,0.28414141414141414,-0.00023565004198974884,0.08000781564105494
9847,2.97989898989899,0.2901010101010101,0.0007455341117997399,0.08097439318053165
9848,2.97989898989899,0.296060606060606,-6.141055679864938e-05,0.08368673881685976
9849,2.97989898989899,0.302020202020202,0.0003752765961783344,0.08449603714418034
9850,2.97989898989899,0.30797979797979796,0.0006444516122244382,0.08698931219299584
9851,2.97989898989899,0.3139393939393939,-0.0003291342364152962,0.08786600027898078
9852,2.97989898989899,0.31989898989898985,0.0004321957240218623,0.08850242088992036
9853,2.97989898989899,0.32585858585858585,0.0009092109678053338,0.09244089581310955
9854,2.97989898989899,0.3318181818181818,-0.00015652382533919767,0.09302203460731055
9855,2.97989898989899,0.33777777777777773,5.299870121966301e-05,0.09424024880504395
9856,2.97989898989899,0.34373737373737373,-0.0014471756600106397,0.09626022667927644
9857,2.97989898989899,0.3496969696969697,0.0006057801418186869,0.09883871544247112
9858,2.97989898989899,0.3556565656565656,-0.0023289917937108894,0.09894785466201096
9859,2.97989898989899,0.3616161616161616,0.00018006238156715798,0.10212994490882177
9860,2.97989898989899,0.36757575757575756,0.0010884683843107056,0.10461568898136282
9861,2.97989898989899,0.3735353535353535,0.0005998627980817304,0.10438052338990599
9862,2.97989898989899,0.37949494949494944,0.0007728703609888282,0.10626318477584136
9863,2.97989898989899,0.38545454545454544,-0.0012945664639316889,0.1083644025800665
9864,2.97989898989899,0.3914141414141414,-0.0005220231754290774,0.11027534565399778
9865,2.97989898989899,0.3973737373737373,0.0021641885795681405,0.11187358130232924
9866,2.97989898989899,0.4033333333333333,0.0002632005861272605,0.11367967028362434
9867,2.97989898989899,0.40929292929292926,0.00032891472123423995,0.11521993623674649
9868,2.97989898989899,0.4152525252525252,0.002292114459857599,0.11711782691304438
9869,2.97989898989899,0.42121212121212115,0.002186938703466852,0.1192557045296248
9870,2.97989898989899,0.42717171717171715,-0.00041017798243730096,0.12192141577570943
9871,2.97989898989899,0.4331313131313131,-0.0017863774446678254,0.12043025129554619
9872,2.97989898989899,0.43909090909090903,-0.0022273073665500464,0.12428519580675837
9873,2.97989898989899,0.44505050505050503,3.005573210877559e-05,0.12555981988728385
9874,2.97989898989899,0.45101010101010097,-0.001140262423526723,0.1274713771981735
9875,2.97989898989899,0.4569696969696969,0.00022754110025727145,0.12856144531329533
9876,2.97989898989899,0.4629292929292929,-0.001877449910722545,0.12970857929524301
9877,2.97989898989899,0.46888888888888886,0.002083261992170586,0.13257193848278198
9878,2.97989898989899,0.4748484848484848,0.00015213097316956842,0.13458871044219184
9879,2.97989898989899,0.48080808080808074,-0.0017857882371757534,0.1348535278823551
9880,2.97989898989899,0.48676767676767674,0.0008998110192706809,0.13772809894830224
9881,2.97989898989899,0.4927272727272727,-0.000960316675723748,0.13949195254712596
9882,2.97989898989899,0.4986868686868686,-0.00044338336128949083,0.14039502781429272
9883,2.97989898989899,0.5046464646464646,-0.0008013350413875816,0.14058297655671162
9884,2.97989898989899,0.5106060606060605,0.001124791733088449,0.1462699121453916
9885,2.97989898989899,0.5165656565656566,-5.454404216407518e-05,0.14730753656172427
9886,2.97989898989899,0.5225252525252525,0.0010745045472824956,0.14768841645410521
9887,2.97989898989899,0.5284848484848484,-0.0014082310193071431,0.1506779049763316
9888,2.97989898989899,0.5344444444444444,-0.0015277148893058361,0.15225118056530154
9889,2.97989898989899,0.5404040404040403,-0.0006543043885060996,0.1532474905777309
9890,2.97989898989899,0.5463636363636363,-0.0010432871383501566,0.15389701746778234
9891,2.97989898989899,0.5523232323232323,0.0019175658709871585,0.15906368029432305
9892,2.97989898989899,0.5582828282828283,0.0003024421167374517,0.15830950538436234
9893,2.97989898989899,0.5642424242424242,-0.0015445011562953287,0.16068008791370172
9894,2.97989898989899,0.5702020202020202,-0.0006087618665242287,0.16275659014860203
9895,2.97989898989899,0.5761616161616161,-0.0035472946792596887,0.16289315414173933
9896,2.97989898989899,0.582121212121212,-0.0007272536602718096,0.1655983985137596
9897,2.97989898989899,0.588080808080808,0.0004002856592230579,0.16861369627819567
9898,2.97989898989899,0.594040404040404,0.0008474814652825451,0.1700923043276719
9899,2.97989898989899,0.6,0.002232234753721801,0.170996549329839
9900,3.0,0.01,-3.373479889052802e-05,0.0027844217360894763
9901,3.0,0.01595959595959596,-4.7601263053385356e-05,0.004476516488733496
9902,3.0,0.021919191919191918,2.3172900091856162e-05,0.006109104576351263
9903,3.0,0.027878787878787878,-0.00010424808186361565,0.00787384362185385
9904,3.0,0.033838383838383834,-6.141187792256501e-05,0.009499097774050313
9905,3.0,0.0397979797979798,1.4687559869374899e-05,0.011197788100813132
9906,3.0,0.045757575757575754,8.287384968668239e-05,0.012852466090583634
9907,3.0,0.05171717171717172,-0.00017455425530456462,0.014363239621187436
9908,3.0,0.05767676767676767,0.0003631248719094949,0.016198861489692733
9909,3.0,0.06363636363636363,-2.1922075299681066e-05,0.017842801351895275
9910,3.0,0.06959595959595959,-0.000347980786850215,0.019502634180835532
9911,3.0,0.07555555555555554,-0.00017196172317404464,0.02123802425056267
9912,3.0,0.0815151515151515,-0.0003354585368647338,0.02309545895870397
9913,3.0,0.08747474747474746,0.00021864786194173655,0.024619279583420427
9914,3.0,0.09343434343434343,0.00011776521937763,0.026014688170230827
9915,3.0,0.09939393939393938,-6.404271805692483e-05,0.02797469594728525
9916,3.0,0.10535353535353534,0.0003496037497626334,0.029853393946488546
9917,3.0,0.1113131313131313,7.226093614427213e-05,0.031570818848471585
9918,3.0,0.11727272727272725,-0.0002831194780274177,0.0330375358234671
9919,3.0,0.12323232323232322,0.00020334217095524174,0.034856982493821
9920,3.0,0.1291919191919192,-0.00012665292912135466,0.03613506004072278
9921,3.0,0.13515151515151513,-0.0003081995753760349,0.038474255045759104
9922,3.0,0.1411111111111111,-4.9875016925723416e-05,0.040154978755452236
9923,3.0,0.14707070707070707,0.0005457548067870559,0.04174937655405123
9924,3.0,0.15303030303030302,0.00016544865352642192,0.04334580861339882
9925,3.0,0.158989898989899,-0.0002826013057550675,0.04482016554301709
9926,3.0,0.16494949494949493,-7.955188296846666e-05,0.04620389300649485
9927,3.0,0.1709090909090909,0.0006789418427215874,0.04860668950687362
9928,3.0,0.17686868686868687,-3.618719389693291e-05,0.049386175304380914
9929,3.0,0.1828282828282828,0.0011350487292942375,0.05181873296667153
9930,3.0,0.18878787878787878,0.00044623422327092095,0.05285901994369069
9931,3.0,0.19474747474747472,-0.0013147385080029407,0.05496546600575066
9932,3.0,0.2007070707070707,0.0009227438415983702,0.056884110231194954
9933,3.0,0.20666666666666667,0.0005242329572378299,0.05840934926290288
9934,3.0,0.2126262626262626,0.0006320419721534922,0.059667664896805535
9935,3.0,0.21858585858585858,-0.0002638827912279994,0.06126685607213285
9936,3.0,0.22454545454545452,0.00010672681292124533,0.06315075373553905
9937,3.0,0.2305050505050505,0.00022362486439716651,0.06474567611654601
9938,3.0,0.23646464646464646,-0.000252891123111943,0.0663895754148939
9939,3.0,0.2424242424242424,-0.001109554212900557,0.06781695799469886
9940,3.0,0.24838383838383837,0.0003506514235400929,0.07012801495806104
9941,3.0,0.2543434343434343,2.9055658689564988e-05,0.07235442673114101
9942,3.0,0.26030303030303026,0.00010994706600578396,0.07353053766381444
9943,3.0,0.26626262626262626,-0.00039715602610775736,0.0756939513863696
9944,3.0,0.2722222222222222,0.0014747616154136781,0.07787192754098153
9945,3.0,0.27818181818181814,0.0011940552215498686,0.07896155787739628
9946,3.0,0.28414141414141414,-0.0005305498002010457,0.0801446459703712
9947,3.0,0.2901010101010101,-0.0005905612547827992,0.08235902897786095
9948,3.0,0.296060606060606,0.0011817454451133304,0.0847739305825528
9949,3.0,0.302020202020202,-0.002564889152298019,0.08417410167326983
9950,3.0,0.30797979797979796,0.0015920869551798056,0.08859195336464695
9951,3.0,0.3139393939393939,0.0009638575388943709,0.09063453859001518
9952,3.0,0.31989898989898985,-0.00045478268309880363,0.09006701032736042
9953,3.0,0.32585858585858585,-0.00018780169620141268,0.09175119814044522
9954,3.0,0.3318181818181818,-0.0009659773405311576,0.09279890064653826
9955,3.0,0.33777777777777773,-0.0006819332333138334,0.09481973985721477
9956,3.0,0.34373737373737373,-0.0011301927726926281,0.09771429799050217
9957,3.0,0.3496969696969697,0.00039571743086427256,0.09941873961905921
9958,3.0,0.3556565656565656,0.00031106057751705094,0.10109511619805982
9959,3.0,0.3616161616161616,0.0012265036601210868,0.10305040002080403
9960,3.0,0.36757575757575756,-0.0005774573690834254,0.10366976347750491
9961,3.0,0.3735353535353535,-0.0016702550761605074,0.10586672439774958
9962,3.0,0.37949494949494944,-0.00020118638055526553,0.10773770687259542
9963,3.0,0.38545454545454544,0.0001277292187800241,0.10946551151313791
9964,3.0,0.3914141414141414,-0.0008247979577464448,0.11142615258238234
9965,3.0,0.3973737373737373,0.0009650010745642284,0.11518053073498105
9966,3.0,0.4033333333333333,-0.0007125240529620606,0.11342503455159161
9967,3.0,0.40929292929292926,0.0030014747851807473,0.11684236815559991
9968,3.0,0.4152525252525252,-0.0026701924239937403,0.11788214079315962
9969,3.0,0.42121212121212115,0.00010643583510532961,0.12031516252514064
9970,3.0,0.42717171717171715,-0.0015505240899276798,0.1210434385215516
9971,3.0,0.4331313131313131,-7.881531824004648e-05,0.12373472012133756
9972,3.0,0.43909090909090903,0.0003577684710545919,0.12473511217849555
9973,3.0,0.44505050505050503,-0.00041587907241780046,0.1255536644408619
9974,3.0,0.45101010101010097,0.0006697830703407579,0.12877819521238018
9975,3.0,0.4569696969696969,-0.000589345031430477,0.13002309688455838
9976,3.0,0.4629292929292929,-0.00035242741021223933,0.13118005077281797
9977,3.0,0.46888888888888886,-0.0003192571835021054,0.13213278390618277
9978,3.0,0.4748484848484848,0.003059664913674692,0.13704689188530025
9979,3.0,0.48080808080808074,-0.0015123898739594834,0.1366600651360991
9980,3.0,0.48676767676767674,0.00048573782659763455,0.13860991121090843
9981,3.0,0.4927272727272727,-0.00028489802366235203,0.14159602227914111
9982,3.0,0.4986868686868686,5.044211828342071e-05,0.14419607441654383
9983,3.0,0.5046464646464646,-0.0020750783033017263,0.1438162068469448
9984,3.0,0.5106060606060605,2.6411424404582195e-05,0.14601784416334915
9985,3.0,0.5165656565656566,0.002369664148075837,0.1486136577182582
9986,3.0,0.5225252525252525,-0.0005211204905404416,0.152918636043864
9987,3.0,0.5284848484848484,-0.00226211604472423,0.15106101695717614
9988,3.0,0.5344444444444444,0.0003687513435573148,0.1523505655322173
9989,3.0,0.5404040404040403,0.0010138016014662203,0.1545440552329321
9990,3.0,0.5463636363636363,-0.0020542113161287523,0.15556772861029725
9991,3.0,0.5523232323232323,-8.38798483875256e-05,0.16076564342942484
9992,3.0,0.5582828282828283,0.0026255030007568086,0.16037605655584294
9993,3.0,0.5642424242424242,-0.0014502017826075746,0.16301771897047998
9994,3.0,0.5702020202020202,-0.00055892699317286,0.16373309216675588
9995,3.0,0.5761616161616161,-0.0008721302939875337,0.1665543848248764
9996,3.0,0.582121212121212,-0.00012554195684151326,0.16545099631795543
9997,3.0,0.588080808080808,0.00016864982547959323,0.17034785628344778
9998,3.0,0.594040404040404,0.0022462023362162255,0.17170735680158944
9999,3.0,0.6,0.0010175221148116963,0.17327468721321213
