,leverage,sigma,mean,std
0,1.01,0.01,-2.857251035472963e-08,1.4160934526251182e-05
1,1.01,0.01595959595959596,-5.209346098267176e-09,2.240945958864617e-05
2,1.01,0.021919191919191918,-1.3593579952183576e-07,3.06363531099072e-05
3,1.01,0.027878787878787878,-6.733999205429275e-07,3.904973654622991e-05
4,1.01,0.033838383838383834,-1.0749113027879176e-07,4.754892026587057e-05
5,1.01,0.0397979797979798,-7.154969466140249e-07,5.5984817407239095e-05
6,1.01,0.045757575757575754,6.378539404961026e-07,6.470899817743314e-05
7,1.01,0.05171717171717172,6.287487167790929e-08,7.270888813051822e-05
8,1.01,0.05767676767676767,-6.43275931169307e-08,8.09973465735724e-05
9,1.01,0.06363636363636363,-2.3502232765881813e-08,8.909789419898942e-05
10,1.01,0.06959595959595959,-5.2685591957635225e-08,9.842254841964067e-05
11,1.01,0.07555555555555554,1.0042334797496943e-06,0.00010767295923676143
12,1.01,0.0815151515151515,-2.0194871155330142e-07,0.00011480148959567482
13,1.01,0.08747474747474746,7.399857483588734e-07,0.00012328967272274413
14,1.01,0.09343434343434343,-3.2244856788814504e-07,0.00013025793660306905
15,1.01,0.09939393939393938,-1.0180335530848739e-06,0.00013958162523016823
16,1.01,0.10535353535353534,-2.06986087391724e-06,0.00014723705813124037
17,1.01,0.1113131313131313,-8.939624688721004e-07,0.00015788328613803223
18,1.01,0.11727272727272725,-1.6750735127914584e-06,0.0001641652936153419
19,1.01,0.12323232323232322,-3.276265758042074e-08,0.00017215086793872923
20,1.01,0.1291919191919192,7.712995072080453e-07,0.00018125167591478305
21,1.01,0.13515151515151513,4.0327258676462695e-06,0.0001888778626953874
22,1.01,0.1411111111111111,-2.4544466504298423e-06,0.00019823204384780262
23,1.01,0.14707070707070707,9.609874817405607e-07,0.0002091069629172086
24,1.01,0.15303030303030302,1.263905487000949e-06,0.0002166149150715774
25,1.01,0.158989898989899,-1.3361581885028229e-06,0.00022438528129581513
26,1.01,0.16494949494949493,2.5941766875967833e-06,0.00023306980459381066
27,1.01,0.1709090909090909,3.2926244451507936e-06,0.00024139638774500305
28,1.01,0.17686868686868687,4.80063534587305e-06,0.00025011575203267656
29,1.01,0.1828282828282828,4.5268461755374355e-06,0.00025835820941849376
30,1.01,0.18878787878787878,9.956683236185592e-07,0.00026609183760269346
31,1.01,0.19474747474747472,3.7286613072408105e-07,0.00027662752553178095
32,1.01,0.2007070707070707,-1.5801552138124174e-06,0.0002843481442703989
33,1.01,0.20666666666666667,1.3242887403511206e-06,0.00029050135851575607
34,1.01,0.2126262626262626,-1.744939893172559e-06,0.0002971679994269288
35,1.01,0.21858585858585858,1.1187584948766704e-06,0.00030876082932326885
36,1.01,0.22454545454545452,-2.825618224510218e-07,0.00031814850035122495
37,1.01,0.2305050505050505,-7.282566336163976e-07,0.00032656698188755236
38,1.01,0.23646464646464646,4.649300796525901e-06,0.00033511559469025004
39,1.01,0.2424242424242424,1.5407510313965144e-06,0.0003404376808422997
40,1.01,0.24838383838383837,-5.9808821178780395e-06,0.00034972232297550876
41,1.01,0.2543434343434343,-5.04135568608256e-06,0.0003618267957044854
42,1.01,0.26030303030303026,-3.898397354145766e-07,0.0003676552352992189
43,1.01,0.26626262626262626,4.990138700383206e-06,0.0003724418910789107
44,1.01,0.2722222222222222,-1.5736773096446944e-06,0.000380982060388987
45,1.01,0.27818181818181814,3.7261200413325036e-06,0.00039215051163496846
46,1.01,0.28414141414141414,2.9772591366495904e-07,0.00039679561549888317
47,1.01,0.2901010101010101,3.4408989983182315e-06,0.00041135154457011455
48,1.01,0.296060606060606,4.273917905558422e-08,0.0004156210560491076
49,1.01,0.302020202020202,-5.585990073445102e-06,0.00042616613179158
50,1.01,0.30797979797979796,-4.059964264907279e-06,0.00043435691334004146
51,1.01,0.3139393939393939,1.5356372425087027e-06,0.0004438870431532846
52,1.01,0.31989898989898985,8.031413269218824e-06,0.00045040792482871724
53,1.01,0.32585858585858585,-5.926886458770897e-06,0.00046139104349588237
54,1.01,0.3318181818181818,-6.426502548725222e-06,0.00046778452144336007
55,1.01,0.33777777777777773,-1.3218669451165567e-06,0.0004741346593635763
56,1.01,0.34373737373737373,3.948076730934413e-06,0.00048032013661124115
57,1.01,0.3496969696969697,-7.646977942716127e-06,0.0004919359891891913
58,1.01,0.3556565656565656,-5.361018763979653e-08,0.0005073681722007102
59,1.01,0.3616161616161616,6.686935426638563e-07,0.0005079795871358035
60,1.01,0.36757575757575756,-3.1571732621256124e-07,0.0005246469946158355
61,1.01,0.3735353535353535,1.7187790656957301e-07,0.0005310027371260535
62,1.01,0.37949494949494944,1.6241252963239083e-06,0.0005392044884585869
63,1.01,0.38545454545454544,-5.822159150908934e-06,0.0005473049194133197
64,1.01,0.3914141414141414,-2.2268100546036783e-07,0.0005460808352771219
65,1.01,0.3973737373737373,9.549993761942988e-07,0.0005615754138896949
66,1.01,0.4033333333333333,2.361506187474993e-06,0.0005756883843185556
67,1.01,0.40929292929292926,1.2037593729707407e-05,0.0005787535664441975
68,1.01,0.4152525252525252,1.3431403658506257e-06,0.0005846614169793835
69,1.01,0.42121212121212115,-4.703024547875301e-07,0.0005970820838708565
70,1.01,0.42717171717171715,-3.716845575061578e-07,0.0005952055753466568
71,1.01,0.4331313131313131,1.629579617174992e-06,0.0006120212931216404
72,1.01,0.43909090909090903,2.8201582932260828e-06,0.0006200975860080409
73,1.01,0.44505050505050503,6.245999732689689e-07,0.0006325387071333094
74,1.01,0.45101010101010097,-1.7187624305122874e-05,0.0006326367760392302
75,1.01,0.4569696969696969,-2.246783109871975e-06,0.0006437625044793684
76,1.01,0.4629292929292929,5.334623901770008e-06,0.0006627400394669103
77,1.01,0.46888888888888886,-1.2649956378823158e-06,0.000655293759504881
78,1.01,0.4748484848484848,-1.4117652778192492e-05,0.0006667545008130683
79,1.01,0.48080808080808074,4.107939217509237e-06,0.0006688811391054518
80,1.01,0.48676767676767674,-5.424822406557406e-06,0.0006870540965225794
81,1.01,0.4927272727272727,-1.0668769823972769e-05,0.0006901333379633799
82,1.01,0.4986868686868686,-4.036346035358296e-07,0.000706882127442902
83,1.01,0.5046464646464646,1.2325266638305132e-06,0.000707375857437492
84,1.01,0.5106060606060605,-1.2517318741676654e-05,0.0007207947690698891
85,1.01,0.5165656565656566,2.3189933403355734e-06,0.0007194586347007279
86,1.01,0.5225252525252525,8.780219833826231e-06,0.0007457139192522465
87,1.01,0.5284848484848484,1.7173059112691513e-06,0.0007472593946225305
88,1.01,0.5344444444444444,-2.5627636995248724e-06,0.0007476201692979226
89,1.01,0.5404040404040403,8.493890308890084e-06,0.0007655204124485498
90,1.01,0.5463636363636363,-2.903474114832072e-06,0.000777304115072843
91,1.01,0.5523232323232323,4.897967521769175e-06,0.0007870778669694713
92,1.01,0.5582828282828283,-4.434946091011671e-06,0.0007881840758763975
93,1.01,0.5642424242424242,-2.3922039426021446e-06,0.0007923607299851266
94,1.01,0.5702020202020202,-3.769315195259193e-06,0.0008036196378953636
95,1.01,0.5761616161616161,-7.353999518293963e-06,0.000824712826800705
96,1.01,0.582121212121212,8.213288174627132e-06,0.0008295537632048549
97,1.01,0.588080808080808,1.6354798375816436e-06,0.0008380271263590185
98,1.01,0.594040404040404,-2.8870774044537416e-06,0.00084558194913418
99,1.01,0.6,8.544637834706992e-06,0.0008571343953958528
100,1.0301010101010102,0.01,1.0876591214967203e-06,4.2357586578495027e-05
101,1.0301010101010102,0.01595959595959596,9.53773290120652e-07,6.793910043053314e-05
102,1.0301010101010102,0.021919191919191918,-3.810756866310383e-08,9.471317571470209e-05
103,1.0301010101010102,0.027878787878787878,-4.034026915334055e-07,0.0001176074974347587
104,1.0301010101010102,0.033838383838383834,3.9132311680201145e-08,0.00014410818498695053
105,1.0301010101010102,0.0397979797979798,2.6401214664622086e-06,0.0001662209005291384
106,1.0301010101010102,0.045757575757575754,1.149197189292872e-06,0.000192209368683428
107,1.0301010101010102,0.05171717171717172,-8.265148416761736e-08,0.00021950495127201594
108,1.0301010101010102,0.05767676767676767,-6.442414594671874e-07,0.00024317115144792032
109,1.0301010101010102,0.06363636363636363,4.846264469670425e-06,0.00027180603130047494
110,1.0301010101010102,0.06959595959595959,8.390594449415922e-07,0.0002961235648449043
111,1.0301010101010102,0.07555555555555554,-1.3333171160387901e-07,0.0003212507117874144
112,1.0301010101010102,0.0815151515151515,1.5291654401395906e-07,0.00034376432690397463
113,1.0301010101010102,0.08747474747474746,1.926287051430231e-06,0.0003732421816977562
114,1.0301010101010102,0.09343434343434343,3.1501393173776873e-06,0.00039514026990079246
115,1.0301010101010102,0.09939393939393938,2.1656439985303864e-06,0.0004123166898823777
116,1.0301010101010102,0.10535353535353534,7.184819982096746e-07,0.0004414194902318978
117,1.0301010101010102,0.1113131313131313,3.4539568052877945e-06,0.00047183774167920136
118,1.0301010101010102,0.11727272727272725,2.3169037143303207e-06,0.0004965216393205289
119,1.0301010101010102,0.12323232323232322,1.0419110750225713e-05,0.0005213178911202366
120,1.0301010101010102,0.1291919191919192,-1.0491964361849526e-05,0.0005522137828306869
121,1.0301010101010102,0.13515151515151513,6.843717248949e-06,0.0005775693344619054
122,1.0301010101010102,0.1411111111111111,9.26311363894865e-06,0.0005955418407923841
123,1.0301010101010102,0.14707070707070707,-3.2777048690282974e-06,0.0006169823389016001
124,1.0301010101010102,0.15303030303030302,7.706837765017349e-07,0.0006490339160401876
125,1.0301010101010102,0.158989898989899,-7.562520712413312e-06,0.0006662517403645701
126,1.0301010101010102,0.16494949494949493,1.675034016818444e-06,0.0006993698003855903
127,1.0301010101010102,0.1709090909090909,-1.1106126302869556e-06,0.0007254035136334101
128,1.0301010101010102,0.17686868686868687,5.498518066190372e-06,0.0007479657586385949
129,1.0301010101010102,0.1828282828282828,1.6075219954379217e-06,0.0007772610843310154
130,1.0301010101010102,0.18878787878787878,-8.743512054790148e-06,0.0008107555447415352
131,1.0301010101010102,0.19474747474747472,-8.113008777040787e-06,0.0008291700617216875
132,1.0301010101010102,0.2007070707070707,-2.6836177669744664e-06,0.000857133197068741
133,1.0301010101010102,0.20666666666666667,-7.92569657128095e-06,0.0008720677908255242
134,1.0301010101010102,0.2126262626262626,-2.9945128212027662e-06,0.0009011094764889793
135,1.0301010101010102,0.21858585858585858,-3.2472098635452863e-06,0.0009181938034897302
136,1.0301010101010102,0.22454545454545452,3.7322115929184994e-06,0.0009527678776171599
137,1.0301010101010102,0.2305050505050505,2.667892484303769e-07,0.0009679368902770518
138,1.0301010101010102,0.23646464646464646,1.6089607365547543e-06,0.0009942598264251123
139,1.0301010101010102,0.2424242424242424,2.229839875114348e-06,0.0010261859685323153
140,1.0301010101010102,0.24838383838383837,2.4424575664049743e-05,0.0010485504171006226
141,1.0301010101010102,0.2543434343434343,-6.996405122099514e-06,0.0010824445685142599
142,1.0301010101010102,0.26030303030303026,1.0355924301264152e-05,0.0011125805186496948
143,1.0301010101010102,0.26626262626262626,-4.178137139422111e-06,0.0011310876389189013
144,1.0301010101010102,0.2722222222222222,8.716390825198039e-07,0.0011656585443197652
145,1.0301010101010102,0.27818181818181814,-2.7355039171718664e-06,0.001184784380127436
146,1.0301010101010102,0.28414141414141414,1.8373219926301188e-05,0.0012166611855775231
147,1.0301010101010102,0.2901010101010101,1.2273104044235984e-06,0.0012355473336712506
148,1.0301010101010102,0.296060606060606,1.7756646470734994e-05,0.0012667622985615913
149,1.0301010101010102,0.302020202020202,-1.2640225282767148e-05,0.0012789745712592387
150,1.0301010101010102,0.30797979797979796,-2.2834445912842483e-05,0.0013091686142693438
151,1.0301010101010102,0.3139393939393939,-5.273352442561452e-06,0.001350003296036637
152,1.0301010101010102,0.31989898989898985,-2.5574641340636485e-05,0.0013588219726780489
153,1.0301010101010102,0.32585858585858585,-6.356012523548915e-06,0.0013914250468673225
154,1.0301010101010102,0.3318181818181818,-5.3688872380357575e-06,0.0014041374677613665
155,1.0301010101010102,0.33777777777777773,-5.0395988558496365e-06,0.0014285945445507565
156,1.0301010101010102,0.34373737373737373,2.73398843509125e-05,0.001457442732218089
157,1.0301010101010102,0.3496969696969697,-7.919157426554702e-06,0.0015028670633990071
158,1.0301010101010102,0.3556565656565656,2.3000621672954526e-05,0.0014995328809665734
159,1.0301010101010102,0.3616161616161616,-1.597162562988722e-05,0.0015223120406236007
160,1.0301010101010102,0.36757575757575756,-3.2280834944788204e-05,0.0015543003914794508
161,1.0301010101010102,0.3735353535353535,-4.402390307143777e-06,0.0016051413022479927
162,1.0301010101010102,0.37949494949494944,-2.763175844466418e-05,0.0016282530977756308
163,1.0301010101010102,0.38545454545454544,7.252999258040249e-06,0.0016389509486420051
164,1.0301010101010102,0.3914141414141414,3.1188155405558824e-05,0.001663480664385728
165,1.0301010101010102,0.3973737373737373,-4.863170303983261e-05,0.0016895195102853036
166,1.0301010101010102,0.4033333333333333,-4.441240911564781e-06,0.0017056819258961624
167,1.0301010101010102,0.40929292929292926,-6.481807862112387e-06,0.0017278397883239214
168,1.0301010101010102,0.4152525252525252,-9.05212592226996e-06,0.0017577334768752613
169,1.0301010101010102,0.42121212121212115,5.603671749651285e-06,0.0017821158907440936
170,1.0301010101010102,0.42717171717171715,-1.0084967534871825e-05,0.0018316212383270676
171,1.0301010101010102,0.4331313131313131,8.430625932236945e-06,0.0018217739892279644
172,1.0301010101010102,0.43909090909090903,-1.4277738833953391e-05,0.0018672536422807006
173,1.0301010101010102,0.44505050505050503,1.9149449441020017e-05,0.0018914005128456296
174,1.0301010101010102,0.45101010101010097,6.280080924856513e-06,0.0019291318471654367
175,1.0301010101010102,0.4569696969696969,-1.736873413914688e-05,0.001927740588548176
176,1.0301010101010102,0.4629292929292929,-5.072500612034947e-06,0.001972079652063968
177,1.0301010101010102,0.46888888888888886,2.3590829943658655e-05,0.001981936414438811
178,1.0301010101010102,0.4748484848484848,3.953316683011887e-06,0.002008327425500791
179,1.0301010101010102,0.48080808080808074,2.3158719335773514e-05,0.00204459734657164
180,1.0301010101010102,0.48676767676767674,-1.9473017618924116e-05,0.0020615193460850026
181,1.0301010101010102,0.4927272727272727,-2.0948753236889605e-06,0.0021166177543038562
182,1.0301010101010102,0.4986868686868686,-3.282658403379002e-06,0.002160157727864514
183,1.0301010101010102,0.5046464646464646,-4.774915399515467e-06,0.002133288358930301
184,1.0301010101010102,0.5106060606060605,-2.8558839653905134e-05,0.002160632193376248
185,1.0301010101010102,0.5165656565656566,-2.0970293378079264e-05,0.0021913452680802016
186,1.0301010101010102,0.5225252525252525,2.6999380369191707e-05,0.00224717011085095
187,1.0301010101010102,0.5284848484848484,1.5549305720288965e-05,0.0022710695427196437
188,1.0301010101010102,0.5344444444444444,-2.4102567400948238e-05,0.002252101328905923
189,1.0301010101010102,0.5404040404040403,3.636122976015849e-05,0.0022954877341936717
190,1.0301010101010102,0.5463636363636363,-1.370684839933405e-05,0.0023271945602710785
191,1.0301010101010102,0.5523232323232323,3.423415356501958e-05,0.0023753457173594722
192,1.0301010101010102,0.5582828282828283,-1.9609294510471476e-05,0.002383881104788023
193,1.0301010101010102,0.5642424242424242,2.1976055361195613e-05,0.00241378222593021
194,1.0301010101010102,0.5702020202020202,-5.942508857960327e-06,0.002441129715139366
195,1.0301010101010102,0.5761616161616161,2.7570309212506882e-05,0.002498001555710008
196,1.0301010101010102,0.582121212121212,2.316211483902364e-06,0.0024773450700451565
197,1.0301010101010102,0.588080808080808,-3.44548331146718e-05,0.002507054070916212
198,1.0301010101010102,0.594040404040404,8.150555153708416e-06,0.0025540387989636012
199,1.0301010101010102,0.6,-4.773517686936013e-05,0.0025181921274527426
200,1.0502020202020201,0.01,9.475928622456719e-07,7.005539953826714e-05
201,1.0502020202020201,0.01595959595959596,6.314190949426312e-07,0.00011309153894225426
202,1.0502020202020201,0.021919191919191918,-3.9132842914452075e-06,0.00015463899610952233
203,1.0502020202020201,0.027878787878787878,4.7662551500762264e-07,0.00019604655826970625
204,1.0502020202020201,0.033838383838383834,6.294029974144522e-07,0.00023909030774214778
205,1.0502020202020201,0.0397979797979798,-4.557082095096598e-06,0.00028275688546343874
206,1.0502020202020201,0.045757575757575754,1.6035090505379769e-06,0.00032150723015559495
207,1.0502020202020201,0.05171717171717172,5.802749765636339e-06,0.0003653759175177174
208,1.0502020202020201,0.05767676767676767,-1.2230350492624442e-06,0.00041076507489846883
209,1.0502020202020201,0.06363636363636363,3.509730451009818e-06,0.0004497232750093423
210,1.0502020202020201,0.06959595959595959,-4.525410743798863e-07,0.0004934958749218023
211,1.0502020202020201,0.07555555555555554,1.911077462686961e-06,0.0005372653191136748
212,1.0502020202020201,0.0815151515151515,5.57298568066813e-06,0.0005696981862280874
213,1.0502020202020201,0.08747474747474746,-6.47109440988477e-06,0.000610097891701167
214,1.0502020202020201,0.09343434343434343,-5.1587962979166236e-06,0.0006623919734210288
215,1.0502020202020201,0.09939393939393938,-1.4805115619446485e-05,0.0007102189359316128
216,1.0502020202020201,0.10535353535353534,-8.529182555292547e-06,0.0007416727006331426
217,1.0502020202020201,0.1113131313131313,-5.173907575298231e-07,0.0007856765384875549
218,1.0502020202020201,0.11727272727272725,2.0426008788940476e-05,0.0008315688268713308
219,1.0502020202020201,0.12323232323232322,-1.5452848006797728e-05,0.0008840488092513413
220,1.0502020202020201,0.1291919191919192,-5.003956163647971e-06,0.00090179277087106
221,1.0502020202020201,0.13515151515151513,6.202723566322776e-06,0.000964622042625477
222,1.0502020202020201,0.1411111111111111,-1.4798148340179695e-05,0.0009973417846242784
223,1.0502020202020201,0.14707070707070707,-8.489956236170215e-07,0.001030799383585576
224,1.0502020202020201,0.15303030303030302,-1.249452176030228e-05,0.001093826826459696
225,1.0502020202020201,0.158989898989899,-8.287874171539577e-06,0.0011211957358186644
226,1.0502020202020201,0.16494949494949493,3.978449608390966e-06,0.0011635371072959133
227,1.0502020202020201,0.1709090909090909,-2.1903075089338363e-05,0.0012089756612418416
228,1.0502020202020201,0.17686868686868687,1.1308497288102204e-05,0.0012534802758603007
229,1.0502020202020201,0.1828282828282828,1.4239905454887136e-05,0.0012937843209676469
230,1.0502020202020201,0.18878787878787878,2.4048130125335543e-05,0.0013443231680528957
231,1.0502020202020201,0.19474747474747472,-2.2129789509010012e-05,0.0013618696612200225
232,1.0502020202020201,0.2007070707070707,-2.5453281545803586e-05,0.0014100240257854406
233,1.0502020202020201,0.20666666666666667,3.333231201415576e-06,0.00147110979838346
234,1.0502020202020201,0.2126262626262626,8.733521776582353e-06,0.0014976882389837898
235,1.0502020202020201,0.21858585858585858,1.2576076963515515e-05,0.001551658403462913
236,1.0502020202020201,0.22454545454545452,-3.3699306584058485e-05,0.001564333020597983
237,1.0502020202020201,0.2305050505050505,1.4958557360168867e-05,0.0016178904688877443
238,1.0502020202020201,0.23646464646464646,4.80682421141414e-06,0.0016809299793889073
239,1.0502020202020201,0.2424242424242424,1.1329597507112187e-05,0.0017250375596264968
240,1.0502020202020201,0.24838383838383837,1.1968238936084474e-05,0.0017527670084906675
241,1.0502020202020201,0.2543434343434343,1.836802376598923e-05,0.001813748497343946
242,1.0502020202020201,0.26030303030303026,7.412743995746951e-06,0.0018409192424470402
243,1.0502020202020201,0.26626262626262626,-6.384094077121482e-06,0.0018858320062408378
244,1.0502020202020201,0.2722222222222222,-4.038166841440094e-07,0.0019119470761296956
245,1.0502020202020201,0.27818181818181814,-1.1467209290289649e-05,0.00197831791057098
246,1.0502020202020201,0.28414141414141414,-4.031996031562957e-06,0.0020102079607082807
247,1.0502020202020201,0.2901010101010101,4.557714358101605e-06,0.0020820676732417197
248,1.0502020202020201,0.296060606060606,2.2955440710413167e-05,0.002113886839037068
249,1.0502020202020201,0.302020202020202,2.2187205007507738e-05,0.002165672869154008
250,1.0502020202020201,0.30797979797979796,1.6863996012002513e-05,0.002192312860460721
251,1.0502020202020201,0.3139393939393939,7.944943333163112e-06,0.002245809276973798
252,1.0502020202020201,0.31989898989898985,-4.270995130448454e-05,0.002290757612956982
253,1.0502020202020201,0.32585858585858585,1.8414077005350417e-05,0.0023074847590551736
254,1.0502020202020201,0.3318181818181818,-2.5667086965162478e-05,0.002341739394380192
255,1.0502020202020201,0.33777777777777773,-5.2873722920081314e-05,0.0023831898143422425
256,1.0502020202020201,0.34373737373737373,-3.128741379824315e-05,0.0024322234606195987
257,1.0502020202020201,0.3496969696969697,1.7569930981985416e-05,0.002495710786938146
258,1.0502020202020201,0.3556565656565656,3.084341254150137e-05,0.0025078901850259234
259,1.0502020202020201,0.3616161616161616,2.9606793014726196e-05,0.0025589370406561888
260,1.0502020202020201,0.36757575757575756,-1.4465546067257851e-05,0.002580749509673332
261,1.0502020202020201,0.3735353535353535,4.7173309708527166e-05,0.002642323647122429
262,1.0502020202020201,0.37949494949494944,4.235770568026376e-06,0.002701304081148155
263,1.0502020202020201,0.38545454545454544,-3.212402852638804e-05,0.002732288805758071
264,1.0502020202020201,0.3914141414141414,7.594445452900389e-06,0.0027943275304391276
265,1.0502020202020201,0.3973737373737373,-9.281151479715532e-06,0.0028168343811820927
266,1.0502020202020201,0.4033333333333333,-7.017324191861174e-06,0.0028345817484078687
267,1.0502020202020201,0.40929292929292926,-1.0728395223093457e-05,0.0029081290127044744
268,1.0502020202020201,0.4152525252525252,3.917203027797723e-05,0.002938638433739073
269,1.0502020202020201,0.42121212121212115,1.806713406104479e-05,0.0030172618347344814
270,1.0502020202020201,0.42717171717171715,8.095138431358507e-06,0.003062003877366892
271,1.0502020202020201,0.4331313131313131,4.0965426869845676e-05,0.003086927241987276
272,1.0502020202020201,0.43909090909090903,3.07337381387452e-05,0.0030877493116531138
273,1.0502020202020201,0.44505050505050503,-9.291875498368995e-06,0.0031598498358189867
274,1.0502020202020201,0.45101010101010097,-4.75971359116875e-05,0.0032115857295354562
275,1.0502020202020201,0.4569696969696969,3.857522626840402e-05,0.0032402919127166143
276,1.0502020202020201,0.4629292929292929,-1.4572296286606767e-05,0.0032937887300742608
277,1.0502020202020201,0.46888888888888886,-1.2936718572317318e-05,0.0033319254757625274
278,1.0502020202020201,0.4748484848484848,-2.6546521400516254e-05,0.003386692997828422
279,1.0502020202020201,0.48080808080808074,-2.1101936594811886e-05,0.0034187924367727607
280,1.0502020202020201,0.48676767676767674,9.960859714555291e-07,0.003475946372248468
281,1.0502020202020201,0.4927272727272727,-6.256225748466497e-05,0.0034761199358648736
282,1.0502020202020201,0.4986868686868686,4.9949769196182056e-05,0.0035421008118268205
283,1.0502020202020201,0.5046464646464646,-2.3245839214170072e-05,0.003569620172912999
284,1.0502020202020201,0.5106060606060605,1.8065229829963225e-05,0.003648727660831579
285,1.0502020202020201,0.5165656565656566,2.6784418798856734e-06,0.003676523966804144
286,1.0502020202020201,0.5225252525252525,4.2117118809619895e-05,0.00373906084763488
287,1.0502020202020201,0.5284848484848484,1.1719908259276312e-05,0.00372764829400726
288,1.0502020202020201,0.5344444444444444,7.455752340542595e-05,0.003827164891635095
289,1.0502020202020201,0.5404040404040403,-3.963195363810177e-05,0.003821208157545804
290,1.0502020202020201,0.5463636363636363,2.1437705226478363e-06,0.003872925851916564
291,1.0502020202020201,0.5523232323232323,2.4800538313678657e-05,0.0039774888693904316
292,1.0502020202020201,0.5582828282828283,1.4290496984347045e-05,0.003938207749021863
293,1.0502020202020201,0.5642424242424242,2.2587779943943888e-05,0.003974330617923237
294,1.0502020202020201,0.5702020202020202,4.735634286330081e-06,0.004038478989424517
295,1.0502020202020201,0.5761616161616161,-9.899171299301823e-06,0.004047670526570173
296,1.0502020202020201,0.582121212121212,1.0910682080831391e-05,0.004127038479671266
297,1.0502020202020201,0.588080808080808,1.7857192004983814e-06,0.00420481700904682
298,1.0502020202020201,0.594040404040404,-1.958636880224487e-05,0.0042335252439474206
299,1.0502020202020201,0.6,5.341622891741066e-05,0.0042799678079223965
300,1.0703030303030303,0.01,3.6200876028411597e-07,9.805611329156142e-05
301,1.0703030303030303,0.01595959595959596,6.223001623242518e-07,0.00015850686353241624
302,1.0703030303030303,0.021919191919191918,-1.0979147020285351e-06,0.00021876299606294762
303,1.0703030303030303,0.027878787878787878,-1.998848115806984e-06,0.0002747844873926052
304,1.0703030303030303,0.033838383838383834,1.2892985721209339e-06,0.00033230789847112985
305,1.0703030303030303,0.0397979797979798,-4.7386530184634344e-08,0.00039281016184497313
306,1.0703030303030303,0.045757575757575754,-7.518787509558478e-06,0.0004506252061580327
307,1.0703030303030303,0.05171717171717172,1.931131665244823e-06,0.0005099713912207869
308,1.0703030303030303,0.05767676767676767,-5.2275496202280115e-06,0.0005751285722670372
309,1.0703030303030303,0.06363636363636363,5.95514706590603e-06,0.0006225377388489335
310,1.0703030303030303,0.06959595959595959,-2.975189749332463e-06,0.0006931397521835646
311,1.0703030303030303,0.07555555555555554,-1.137281491995248e-05,0.0007518963648940404
312,1.0703030303030303,0.0815151515151515,-7.453070764749437e-07,0.0008061534979262061
313,1.0703030303030303,0.08747474747474746,1.7427464339905718e-06,0.0008593807507361708
314,1.0703030303030303,0.09343434343434343,1.1196311786695223e-05,0.0009322159420659369
315,1.0703030303030303,0.09939393939393938,1.6349117911768185e-06,0.0009830733428215347
316,1.0703030303030303,0.10535353535353534,2.836315954146673e-06,0.0010406018532965508
317,1.0703030303030303,0.1113131313131313,3.041255496283035e-06,0.0011053212173447091
318,1.0703030303030303,0.11727272727272725,1.4977787442971958e-06,0.0011618586471267944
319,1.0703030303030303,0.12323232323232322,-1.4733203934621296e-06,0.0012118323813539514
320,1.0703030303030303,0.1291919191919192,1.2796235647861143e-06,0.001270149913053694
321,1.0703030303030303,0.13515151515151513,9.181613097229902e-06,0.0013352865494744698
322,1.0703030303030303,0.1411111111111111,-5.99045292254785e-07,0.0014053891325058845
323,1.0703030303030303,0.14707070707070707,2.193899393236828e-05,0.0014570332225840733
324,1.0703030303030303,0.15303030303030302,7.821674768452324e-06,0.0015209397675101301
325,1.0703030303030303,0.158989898989899,1.4125451539575562e-05,0.0015688450349384921
326,1.0703030303030303,0.16494949494949493,1.1214834807187756e-05,0.001628546291114739
327,1.0703030303030303,0.1709090909090909,-3.2020483586144146e-05,0.0017032022776596288
328,1.0703030303030303,0.17686868686868687,9.226880753444933e-06,0.0017504037334444256
329,1.0703030303030303,0.1828282828282828,-6.8936141508733835e-06,0.0018136569657635029
330,1.0703030303030303,0.18878787878787878,-6.796907186062029e-06,0.0018820190003455712
331,1.0703030303030303,0.19474747474747472,-7.06307643260684e-07,0.0019252936389625875
332,1.0703030303030303,0.2007070707070707,5.602198041708573e-06,0.0019913506871616464
333,1.0703030303030303,0.20666666666666667,-7.2389634329637405e-06,0.0020566204658454433
334,1.0703030303030303,0.2126262626262626,4.224627809364978e-06,0.002096439163087695
335,1.0703030303030303,0.21858585858585858,1.3653450327009254e-05,0.0021861230738159133
336,1.0703030303030303,0.22454545454545452,4.908810737306457e-06,0.0021999008727861106
337,1.0703030303030303,0.2305050505050505,-1.023631303273964e-05,0.0022614926555395917
338,1.0703030303030303,0.23646464646464646,-3.7088533111982234e-06,0.002386443934697741
339,1.0703030303030303,0.2424242424242424,-4.0025359100322676e-05,0.0024129854377229454
340,1.0703030303030303,0.24838383838383837,4.1543411544710154e-05,0.0024854964124705003
341,1.0703030303030303,0.2543434343434343,3.320617094090124e-05,0.0025305934736179303
342,1.0703030303030303,0.26030303030303026,3.2723192441051375e-06,0.0025777120247365433
343,1.0703030303030303,0.26626262626262626,9.961500119550304e-06,0.002673442286669503
344,1.0703030303030303,0.2722222222222222,-2.832844327105777e-06,0.0026495711061859414
345,1.0703030303030303,0.27818181818181814,1.673093165846089e-05,0.0027860844936716447
346,1.0703030303030303,0.28414141414141414,2.6203820150972445e-05,0.0028497290062039033
347,1.0703030303030303,0.2901010101010101,-2.4861840384563017e-05,0.00289306001601846
348,1.0703030303030303,0.296060606060606,7.018086625530806e-06,0.002954065448870531
349,1.0703030303030303,0.302020202020202,1.312531556355504e-05,0.00296136171825366
350,1.0703030303030303,0.30797979797979796,-3.303950571327814e-05,0.0031013047241580534
351,1.0703030303030303,0.3139393939393939,6.500621849202895e-05,0.003097043473968195
352,1.0703030303030303,0.31989898989898985,8.324465817846249e-06,0.0031555762653784547
353,1.0703030303030303,0.32585858585858585,1.352504655239506e-07,0.003237895218157563
354,1.0703030303030303,0.3318181818181818,-9.35889462346705e-06,0.0032573525238783186
355,1.0703030303030303,0.33777777777777773,-1.7852181302382142e-05,0.0033397642143275647
356,1.0703030303030303,0.34373737373737373,2.4895613424593566e-06,0.0033943755394202518
357,1.0703030303030303,0.3496969696969697,3.272832506802331e-05,0.0034911518455686278
358,1.0703030303030303,0.3556565656565656,4.869388260247199e-06,0.0035402377101615905
359,1.0703030303030303,0.3616161616161616,4.249654779319089e-05,0.0035714552597132998
360,1.0703030303030303,0.36757575757575756,3.25171556763556e-06,0.00364496023807754
361,1.0703030303030303,0.3735353535353535,-3.979757332320356e-05,0.0037282032218501323
362,1.0703030303030303,0.37949494949494944,-3.9581525440311506e-05,0.003708955177860251
363,1.0703030303030303,0.38545454545454544,-2.242594515889221e-05,0.0038624463069394303
364,1.0703030303030303,0.3914141414141414,-3.7191070034379734e-05,0.0038574481941747755
365,1.0703030303030303,0.3973737373737373,6.984559752332586e-06,0.00394332646827865
366,1.0703030303030303,0.4033333333333333,4.608405980914676e-05,0.004031890809953258
367,1.0703030303030303,0.40929292929292926,5.3504265161638945e-05,0.004096722362738095
368,1.0703030303030303,0.4152525252525252,5.52774705812536e-05,0.004116552186295429
369,1.0703030303030303,0.42121212121212115,-2.8624262150559333e-05,0.004226357989398851
370,1.0703030303030303,0.42717171717171715,-8.361224146628765e-07,0.004272422661646419
371,1.0703030303030303,0.4331313131313131,-2.5793491210891907e-05,0.004313162843816179
372,1.0703030303030303,0.43909090909090903,8.358281664525735e-05,0.004307167845709739
373,1.0703030303030303,0.44505050505050503,-2.20154224645419e-05,0.004405229563918175
374,1.0703030303030303,0.45101010101010097,-2.306219618488785e-05,0.00448140056136352
375,1.0703030303030303,0.4569696969696969,-1.4262477176220322e-05,0.004562865497955695
376,1.0703030303030303,0.4629292929292929,-8.358120078622144e-06,0.004524562454160946
377,1.0703030303030303,0.46888888888888886,6.455176506883717e-05,0.004692512915296864
378,1.0703030303030303,0.4748484848484848,-3.5229393055860616e-05,0.004677178808171077
379,1.0703030303030303,0.48080808080808074,-6.337234953385562e-06,0.0048028824155269085
380,1.0703030303030303,0.48676767676767674,-1.914419634560427e-05,0.0048337330457149975
381,1.0703030303030303,0.4927272727272727,-6.463773640149652e-05,0.004938081677336079
382,1.0703030303030303,0.4986868686868686,6.202924903012128e-05,0.004986822892465091
383,1.0703030303030303,0.5046464646464646,1.261656239151806e-05,0.005041812341286614
384,1.0703030303030303,0.5106060606060605,8.166964598065219e-06,0.005083035202742469
385,1.0703030303030303,0.5165656565656566,-2.4467082532454778e-06,0.005072466989234538
386,1.0703030303030303,0.5225252525252525,-9.492542551377e-05,0.005148532579416825
387,1.0703030303030303,0.5284848484848484,6.424754475001872e-05,0.0052935969651999835
388,1.0703030303030303,0.5344444444444444,-5.1192489687322986e-05,0.005239614526711575
389,1.0703030303030303,0.5404040404040403,3.6102874014554474e-06,0.005383537433374554
390,1.0703030303030303,0.5463636363636363,1.6435207208685298e-06,0.005532957497937934
391,1.0703030303030303,0.5523232323232323,-4.63031024196342e-06,0.005487468627463102
392,1.0703030303030303,0.5582828282828283,0.00011323773256997818,0.005524740420828388
393,1.0703030303030303,0.5642424242424242,-3.1595086729979906e-05,0.005588013155438501
394,1.0703030303030303,0.5702020202020202,-0.00012992384070561336,0.005671528459490064
395,1.0703030303030303,0.5761616161616161,-1.4688207693387078e-06,0.005696048369836783
396,1.0703030303030303,0.582121212121212,3.8897242463414774e-05,0.005805761176302238
397,1.0703030303030303,0.588080808080808,1.5187134746963505e-05,0.005856672005975392
398,1.0703030303030303,0.594040404040404,3.19810125956952e-05,0.005912868594401875
399,1.0703030303030303,0.6,5.4705109436595215e-05,0.005913010263288918
400,1.0904040404040405,0.01,1.1331586474458977e-07,0.00012832621176020982
401,1.0904040404040405,0.01595959595959596,-1.2853686873267712e-06,0.0002016943217878542
402,1.0904040404040405,0.021919191919191918,3.01961075067676e-06,0.00028345379499599685
403,1.0904040404040405,0.027878787878787878,8.620909299058788e-07,0.00035427841526985526
404,1.0904040404040405,0.033838383838383834,9.844489997389183e-07,0.00043038250608747026
405,1.0904040404040405,0.0397979797979798,9.69255413837159e-06,0.0005066062899659637
406,1.0904040404040405,0.045757575757575754,3.5268436770132805e-07,0.0005889236124386662
407,1.0904040404040405,0.05171717171717172,1.1408699754644958e-05,0.0006593218073285943
408,1.0904040404040405,0.05767676767676767,-2.517215014370444e-06,0.0007312522027196807
409,1.0904040404040405,0.06363636363636363,-9.688419420416473e-06,0.0008041184110533408
410,1.0904040404040405,0.06959595959595959,-1.6084641978548531e-06,0.0008813424902221734
411,1.0904040404040405,0.07555555555555554,7.246416403277189e-06,0.000964268262058102
412,1.0904040404040405,0.0815151515151515,2.8528400175335645e-06,0.0010351619392759443
413,1.0904040404040405,0.08747474747474746,-2.427471814629677e-05,0.0011233905976413847
414,1.0904040404040405,0.09343434343434343,-1.8948788912263592e-06,0.0011812435057910152
415,1.0904040404040405,0.09939393939393938,-1.555076051349241e-05,0.001241539181666184
416,1.0904040404040405,0.10535353535353534,6.4927515333445876e-06,0.0013443025924035478
417,1.0904040404040405,0.1113131313131313,2.591752316369179e-05,0.001418460972715585
418,1.0904040404040405,0.11727272727272725,-9.86741796110635e-07,0.001491459095226987
419,1.0904040404040405,0.12323232323232322,1.2965896796760434e-05,0.0015736964836268004
420,1.0904040404040405,0.1291919191919192,2.9421755319768097e-06,0.0016401711951793596
421,1.0904040404040405,0.13515151515151513,1.0588206102962328e-05,0.0017158719121494923
422,1.0904040404040405,0.1411111111111111,9.735497546377448e-06,0.001784318303073308
423,1.0904040404040405,0.14707070707070707,3.883324289355944e-05,0.0019118781623025858
424,1.0904040404040405,0.15303030303030302,-9.865887394740214e-06,0.0019428154182501585
425,1.0904040404040405,0.158989898989899,8.219255224772581e-06,0.002009264337166886
426,1.0904040404040405,0.16494949494949493,-2.281062584810095e-05,0.002093720646993635
427,1.0904040404040405,0.1709090909090909,-1.12098193775934e-05,0.002173413703929572
428,1.0904040404040405,0.17686868686868687,-1.6287204069875007e-05,0.00226817533547662
429,1.0904040404040405,0.1828282828282828,-1.1520177941183652e-05,0.0023429506171294095
430,1.0904040404040405,0.18878787878787878,3.954486691353518e-05,0.002399985525971183
431,1.0904040404040405,0.19474747474747472,1.5346191413227474e-05,0.0024561548848538693
432,1.0904040404040405,0.2007070707070707,-1.9557438967883855e-05,0.0025618702568950074
433,1.0904040404040405,0.20666666666666667,-1.2144186505786691e-05,0.0026349123016129353
434,1.0904040404040405,0.2126262626262626,-9.62594140553522e-06,0.0026855120608298283
435,1.0904040404040405,0.21858585858585858,1.261842236478845e-05,0.002802077648921133
436,1.0904040404040405,0.22454545454545452,3.9105951735256895e-05,0.002893764133437647
437,1.0904040404040405,0.2305050505050505,3.4669043184875546e-05,0.0029527039641479708
438,1.0904040404040405,0.23646464646464646,-2.1773563734024383e-05,0.0030219044554763708
439,1.0904040404040405,0.2424242424242424,-1.8540908016431734e-05,0.0030587446905482184
440,1.0904040404040405,0.24838383838383837,2.1101441936382092e-05,0.0032006868704715654
441,1.0904040404040405,0.2543434343434343,-5.4186477627678366e-06,0.003279044364958846
442,1.0904040404040405,0.26030303030303026,2.187803545103295e-06,0.003314291421007446
443,1.0904040404040405,0.26626262626262626,5.2304625588195375e-06,0.003408183501863323
444,1.0904040404040405,0.2722222222222222,0.00010090553040608124,0.003504914776797332
445,1.0904040404040405,0.27818181818181814,-2.243803023615438e-05,0.003539956267581908
446,1.0904040404040405,0.28414141414141414,1.8096577352510024e-06,0.003651904990539631
447,1.0904040404040405,0.2901010101010101,1.0137377479395471e-06,0.003700416005020092
448,1.0904040404040405,0.296060606060606,-2.7251206809417063e-06,0.0037674889763431954
449,1.0904040404040405,0.302020202020202,6.780506296241009e-05,0.0038373134737400023
450,1.0904040404040405,0.30797979797979796,2.7765791330828406e-05,0.003947956329583507
451,1.0904040404040405,0.3139393939393939,-2.895042816214788e-05,0.0040037199147252055
452,1.0904040404040405,0.31989898989898985,9.19596807116403e-06,0.0040750196233799866
453,1.0904040404040405,0.32585858585858585,-2.0795705697690016e-05,0.004162439229996045
454,1.0904040404040405,0.3318181818181818,1.6763663748180735e-05,0.004264376224237451
455,1.0904040404040405,0.33777777777777773,1.8561016835495204e-05,0.004334168289758601
456,1.0904040404040405,0.34373737373737373,-8.909342782384145e-06,0.004363334308832178
457,1.0904040404040405,0.3496969696969697,-2.6414847792439656e-05,0.004472418838923692
458,1.0904040404040405,0.3556565656565656,-2.4526090877605122e-05,0.004479318136909546
459,1.0904040404040405,0.3616161616161616,-1.816711114531655e-06,0.00464358115665295
460,1.0904040404040405,0.36757575757575756,3.641286083517517e-05,0.004612271400556078
461,1.0904040404040405,0.3735353535353535,-8.221229998134677e-05,0.004766677588801552
462,1.0904040404040405,0.37949494949494944,2.5922539274934543e-05,0.0048283193090741805
463,1.0904040404040405,0.38545454545454544,5.9625812626178844e-05,0.004929548004563064
464,1.0904040404040405,0.3914141414141414,1.3280795423787927e-05,0.005003133692119874
465,1.0904040404040405,0.3973737373737373,3.9388363875777535e-05,0.004993189258618208
466,1.0904040404040405,0.4033333333333333,3.217493475673292e-05,0.005089496672649207
467,1.0904040404040405,0.40929292929292926,7.454012845401303e-06,0.00515538450422519
468,1.0904040404040405,0.4152525252525252,-2.2554463264161507e-05,0.00533154294953166
469,1.0904040404040405,0.42121212121212115,3.50642405211238e-05,0.00546879236632005
470,1.0904040404040405,0.42717171717171715,7.153772587438564e-05,0.005464315250845495
471,1.0904040404040405,0.4331313131313131,7.517309159568315e-05,0.005603284579125879
472,1.0904040404040405,0.43909090909090903,7.537480502228922e-06,0.005639614273125712
473,1.0904040404040405,0.44505050505050503,-0.0001007324151103576,0.005656862693570679
474,1.0904040404040405,0.45101010101010097,2.0382211547761343e-05,0.005808128409925194
475,1.0904040404040405,0.4569696969696969,-2.9707980461738947e-05,0.005918190461969094
476,1.0904040404040405,0.4629292929292929,-1.3020302790823656e-05,0.0059416946208506434
477,1.0904040404040405,0.46888888888888886,-3.351658363029664e-06,0.005965838000984455
478,1.0904040404040405,0.4748484848484848,5.548194236043201e-05,0.005973071795856001
479,1.0904040404040405,0.48080808080808074,6.65066405291398e-05,0.006126181092824032
480,1.0904040404040405,0.48676767676767674,3.769070171204104e-05,0.006213037713812382
481,1.0904040404040405,0.4927272727272727,-1.1032070845744502e-05,0.006346882319527906
482,1.0904040404040405,0.4986868686868686,-2.442085234875375e-05,0.00637394609343026
483,1.0904040404040405,0.5046464646464646,-2.178604663352579e-05,0.006517790153808925
484,1.0904040404040405,0.5106060606060605,5.544977506902058e-05,0.006523416005319739
485,1.0904040404040405,0.5165656565656566,8.617419072439153e-05,0.006561133676489401
486,1.0904040404040405,0.5225252525252525,-2.4490951196956078e-05,0.006690994263221119
487,1.0904040404040405,0.5284848484848484,-1.937604981749542e-05,0.006648215504176931
488,1.0904040404040405,0.5344444444444444,-1.6418128886036586e-05,0.0068348001082331
489,1.0904040404040405,0.5404040404040403,-5.990480358801475e-06,0.006825664496881925
490,1.0904040404040405,0.5463636363636363,-1.4969682792683436e-05,0.006975419596869521
491,1.0904040404040405,0.5523232323232323,6.125271689870059e-05,0.007066098482081966
492,1.0904040404040405,0.5582828282828283,-5.530614542226427e-05,0.007138766227286164
493,1.0904040404040405,0.5642424242424242,-0.00016963819763905668,0.007148301444445769
494,1.0904040404040405,0.5702020202020202,-9.40214651994566e-05,0.007331405750067407
495,1.0904040404040405,0.5761616161616161,-5.260427862001971e-05,0.007316068567705595
496,1.0904040404040405,0.582121212121212,4.7454837639177004e-05,0.007432481074419145
497,1.0904040404040405,0.588080808080808,-6.476056502489015e-05,0.00751042988335308
498,1.0904040404040405,0.594040404040404,-1.9688748114068034e-05,0.007507285450941931
499,1.0904040404040405,0.6,-3.0456085210277827e-05,0.007641832165143357
500,1.1105050505050504,0.01,-1.3961603799724553e-06,0.000155560789314771
501,1.1105050505050504,0.01595959595959596,2.1096256056308825e-06,0.00024572308416104016
502,1.1105050505050504,0.021919191919191918,4.3723036926113234e-07,0.00033892150353599497
503,1.1105050505050504,0.027878787878787878,3.406322206445611e-06,0.00043415380104641735
504,1.1105050505050504,0.033838383838383834,-5.421556386878246e-07,0.0005265337417521821
505,1.1105050505050504,0.0397979797979798,1.2848953102675331e-05,0.0006177061266520873
506,1.1105050505050504,0.045757575757575754,-1.1547228500336726e-05,0.0007073232304088045
507,1.1105050505050504,0.05171717171717172,-9.920933075299266e-06,0.0008058533307561881
508,1.1105050505050504,0.05767676767676767,-4.08920085145148e-08,0.0008919992435865412
509,1.1105050505050504,0.06363636363636363,5.217001805426846e-06,0.0009944368696546575
510,1.1105050505050504,0.06959595959595959,5.272875074644878e-06,0.0010862473610920747
511,1.1105050505050504,0.07555555555555554,6.244681105201511e-06,0.001190438122695992
512,1.1105050505050504,0.0815151515151515,-7.646563799617489e-06,0.0012750015222037711
513,1.1105050505050504,0.08747474747474746,6.498611363257245e-07,0.0013867736411358412
514,1.1105050505050504,0.09343434343434343,1.6743350558497272e-05,0.0014536773480491535
515,1.1105050505050504,0.09939393939393938,2.1688088867397527e-05,0.0015568254450386426
516,1.1105050505050504,0.10535353535353534,-6.211291009721021e-06,0.0016323285580514962
517,1.1105050505050504,0.1113131313131313,-1.341934306074104e-05,0.001744887862506011
518,1.1105050505050504,0.11727272727272725,-2.344977663023433e-05,0.0018309427204870451
519,1.1105050505050504,0.12323232323232322,7.235607023903668e-06,0.0019378986249677928
520,1.1105050505050504,0.1291919191919192,2.694786739512789e-06,0.0020186436068288347
521,1.1105050505050504,0.13515151515151513,-2.1325938431679736e-05,0.002080239678598544
522,1.1105050505050504,0.1411111111111111,3.359624505180529e-05,0.0021902382539585015
523,1.1105050505050504,0.14707070707070707,3.344322988096595e-05,0.0022979905272356507
524,1.1105050505050504,0.15303030303030302,2.656159303616624e-05,0.0023605445942052627
525,1.1105050505050504,0.158989898989899,-9.724931494144905e-06,0.0024689299699537036
526,1.1105050505050504,0.16494949494949493,-5.29233289810492e-05,0.002569577831167065
527,1.1105050505050504,0.1709090909090909,-1.008248202793085e-05,0.0026626618335643154
528,1.1105050505050504,0.17686868686868687,-1.438757570213146e-05,0.002774870424254791
529,1.1105050505050504,0.1828282828282828,-5.241161591701515e-07,0.0028745385166465977
530,1.1105050505050504,0.18878787878787878,-7.167025459334189e-05,0.002917891712634026
531,1.1105050505050504,0.19474747474747472,1.9451337493589916e-05,0.0030385639903195184
532,1.1105050505050504,0.2007070707070707,-3.27506140967066e-05,0.00312991398588198
533,1.1105050505050504,0.20666666666666667,1.8515194107546363e-05,0.0032503246412803172
534,1.1105050505050504,0.2126262626262626,-3.837858834913536e-05,0.003320843678823021
535,1.1105050505050504,0.21858585858585858,5.071519622049375e-05,0.003388673443515801
536,1.1105050505050504,0.22454545454545452,2.8175259513343266e-05,0.003501488934690559
537,1.1105050505050504,0.2305050505050505,-4.688705800724463e-05,0.003653371507120911
538,1.1105050505050504,0.23646464646464646,-2.8567411246246434e-05,0.003647178921656124
539,1.1105050505050504,0.2424242424242424,-3.396324204216201e-05,0.003783940435210338
540,1.1105050505050504,0.24838383838383837,2.3029522675246216e-05,0.003839715210796751
541,1.1105050505050504,0.2543434343434343,-2.1674292705926133e-06,0.004009054015635796
542,1.1105050505050504,0.26030303030303026,6.117270634474381e-06,0.004056983593411226
543,1.1105050505050504,0.26626262626262626,-3.53040997329237e-05,0.004175104407738896
544,1.1105050505050504,0.2722222222222222,2.525199069521691e-05,0.004220766780180063
545,1.1105050505050504,0.27818181818181814,-2.0225566621516878e-05,0.004324748207319179
546,1.1105050505050504,0.28414141414141414,-3.1812845548623626e-06,0.004478591404335376
547,1.1105050505050504,0.2901010101010101,-3.782741048975289e-05,0.004452020116892324
548,1.1105050505050504,0.296060606060606,4.156147636671874e-05,0.004623967309326183
549,1.1105050505050504,0.302020202020202,-3.3352348825307074e-05,0.004705343314734445
550,1.1105050505050504,0.30797979797979796,-3.513248492653317e-05,0.004821876624728084
551,1.1105050505050504,0.3139393939393939,-2.042827866207184e-05,0.0048638108297446225
552,1.1105050505050504,0.31989898989898985,-3.243132290207753e-05,0.0050050161993267905
553,1.1105050505050504,0.32585858585858585,-9.400828571741702e-05,0.00510072796805481
554,1.1105050505050504,0.3318181818181818,-0.00015564654418071138,0.005134256366642451
555,1.1105050505050504,0.33777777777777773,0.00010531832574706567,0.005290764286657501
556,1.1105050505050504,0.34373737373737373,4.740065847012885e-05,0.005391686544439635
557,1.1105050505050504,0.3496969696969697,9.620670731912617e-05,0.005501786558198883
558,1.1105050505050504,0.3556565656565656,-8.078849525436898e-05,0.005458810147909789
559,1.1105050505050504,0.3616161616161616,-8.248383801073145e-05,0.005640253120201356
560,1.1105050505050504,0.36757575757575756,-6.783300141021353e-06,0.0057123241186862826
561,1.1105050505050504,0.3735353535353535,3.889157131543175e-05,0.005878276510143639
562,1.1105050505050504,0.37949494949494944,2.307801865674286e-06,0.005894932569914622
563,1.1105050505050504,0.38545454545454544,0.00010467330138875344,0.006027661611643926
564,1.1105050505050504,0.3914141414141414,-0.00011467177278557985,0.0060970328065950005
565,1.1105050505050504,0.3973737373737373,7.080500503974988e-05,0.006219418047997726
566,1.1105050505050504,0.4033333333333333,1.7857837826044065e-05,0.006276290927102874
567,1.1105050505050504,0.40929292929292926,-3.46766648965652e-05,0.006433921680632101
568,1.1105050505050504,0.4152525252525252,4.213362338251727e-05,0.006469345396299322
569,1.1105050505050504,0.42121212121212115,-9.235584827810537e-05,0.006539372521040326
570,1.1105050505050504,0.42717171717171715,2.1961052708887163e-05,0.006633050975263584
571,1.1105050505050504,0.4331313131313131,-0.00011873550315680337,0.006774394219500946
572,1.1105050505050504,0.43909090909090903,-9.509603511868444e-05,0.006744101798236419
573,1.1105050505050504,0.44505050505050503,-1.2587828003342572e-05,0.006944316141613057
574,1.1105050505050504,0.45101010101010097,0.000144046255047504,0.007068966076375498
575,1.1105050505050504,0.4569696969696969,-4.759243764634387e-05,0.007156851497875985
576,1.1105050505050504,0.4629292929292929,-1.863044552357751e-07,0.007241655157151757
577,1.1105050505050504,0.46888888888888886,-6.48333417708624e-05,0.007378308924556716
578,1.1105050505050504,0.4748484848484848,1.4356537912337063e-05,0.007357873887413474
579,1.1105050505050504,0.48080808080808074,-1.9594472181409307e-05,0.007570987074444192
580,1.1105050505050504,0.48676767676767674,-4.515789223917822e-05,0.007478436841520115
581,1.1105050505050504,0.4927272727272727,-1.8710566168732968e-05,0.007743564451772695
582,1.1105050505050504,0.4986868686868686,-4.7737133593210544e-05,0.00790522450170688
583,1.1105050505050504,0.5046464646464646,3.0243993743227828e-05,0.007876138733085807
584,1.1105050505050504,0.5106060606060605,3.493911657433703e-05,0.008104122937635684
585,1.1105050505050504,0.5165656565656566,2.3451317435274845e-06,0.008043394209116322
586,1.1105050505050504,0.5225252525252525,0.00012151251113808157,0.008288381092719909
587,1.1105050505050504,0.5284848484848484,1.6201790672608986e-05,0.008146784383382634
588,1.1105050505050504,0.5344444444444444,-3.9937272154541925e-05,0.008317775496441464
589,1.1105050505050504,0.5404040404040403,1.7326740551793997e-05,0.008438985253790061
590,1.1105050505050504,0.5463636363636363,-0.00010416162918200369,0.008471065387773868
591,1.1105050505050504,0.5523232323232323,-2.000113248115195e-05,0.008559308699559271
592,1.1105050505050504,0.5582828282828283,8.153440607526525e-05,0.008804291820586502
593,1.1105050505050504,0.5642424242424242,8.197030331148139e-05,0.008681905987882058
594,1.1105050505050504,0.5702020202020202,-0.00014253075978623434,0.008873476629754504
595,1.1105050505050504,0.5761616161616161,0.00010346335559302112,0.009113499253310675
596,1.1105050505050504,0.582121212121212,0.00015171748318287568,0.009081176912769894
597,1.1105050505050504,0.588080808080808,-7.805538267726565e-05,0.009135537946571598
598,1.1105050505050504,0.594040404040404,-0.0001399670837331636,0.009248537859062149
599,1.1105050505050504,0.6,-5.546454926392541e-06,0.009413940331084518
600,1.1306060606060606,0.01,2.4488377967900933e-06,0.00018516342736510906
601,1.1306060606060606,0.01595959595959596,1.4846987931582233e-06,0.0002937322593301441
602,1.1306060606060606,0.021919191919191918,-5.2369372804158766e-06,0.0004014681620628847
603,1.1306060606060606,0.027878787878787878,-3.81307917585646e-06,0.0005093541617962363
604,1.1306060606060606,0.033838383838383834,6.262245811144041e-06,0.0006161509896772676
605,1.1306060606060606,0.0397979797979798,9.23167960992498e-06,0.0007233406519096058
606,1.1306060606060606,0.045757575757575754,7.932120638672423e-06,0.0008361293013064457
607,1.1306060606060606,0.05171717171717172,-6.5952054560111e-06,0.0009473489629667151
608,1.1306060606060606,0.05767676767676767,5.196203584975179e-06,0.0010619523980058138
609,1.1306060606060606,0.06363636363636363,1.0962294522403049e-07,0.0011752991791831142
610,1.1306060606060606,0.06959595959595959,6.7431596710331054e-06,0.0012835720835809423
611,1.1306060606060606,0.07555555555555554,1.1368492526245943e-06,0.0013990343139389232
612,1.1306060606060606,0.0815151515151515,-1.5229503725271253e-05,0.0014899750613352714
613,1.1306060606060606,0.08747474747474746,-7.37378099330167e-06,0.0016193307143613403
614,1.1306060606060606,0.09343434343434343,-2.4446372266156025e-05,0.0016979328372323
615,1.1306060606060606,0.09939393939393938,-1.954463963394195e-05,0.0018377965214948673
616,1.1306060606060606,0.10535353535353534,-3.937800510789424e-06,0.0019277499384577005
617,1.1306060606060606,0.1113131313131313,-3.227778732369757e-06,0.0020418540872028977
618,1.1306060606060606,0.11727272727272725,1.0859610487393489e-05,0.002145505298559715
619,1.1306060606060606,0.12323232323232322,-1.717257797027405e-06,0.002266109847752084
620,1.1306060606060606,0.1291919191919192,-2.6559492595996614e-05,0.0023484890747220858
621,1.1306060606060606,0.13515151515151513,-4.738579745898504e-05,0.0024572722800112394
622,1.1306060606060606,0.1411111111111111,-1.1392000467013786e-05,0.0026212549814840745
623,1.1306060606060606,0.14707070707070707,3.358465338597405e-07,0.002724425400648886
624,1.1306060606060606,0.15303030303030302,1.438948339026691e-05,0.0028452249530924105
625,1.1306060606060606,0.158989898989899,4.884330909240719e-06,0.002871911267363375
626,1.1306060606060606,0.16494949494949493,-2.624108804018711e-05,0.0030374420493242847
627,1.1306060606060606,0.1709090909090909,4.395313756390248e-05,0.0031206718361032463
628,1.1306060606060606,0.17686868686868687,2.1990929943856764e-05,0.0032453415116526245
629,1.1306060606060606,0.1828282828282828,-4.637843379663311e-05,0.0033704908894673148
630,1.1306060606060606,0.18878787878787878,-1.987817511911356e-05,0.003496084911483488
631,1.1306060606060606,0.19474747474747472,3.483400006085478e-05,0.003578221137005414
632,1.1306060606060606,0.2007070707070707,-3.8605525245712023e-05,0.003662179481567011
633,1.1306060606060606,0.20666666666666667,-2.1320314106727457e-05,0.0038259942032960632
634,1.1306060606060606,0.2126262626262626,3.573391557056074e-05,0.003939462166847797
635,1.1306060606060606,0.21858585858585858,2.858455868364541e-05,0.003998171693184815
636,1.1306060606060606,0.22454545454545452,5.292786708823328e-05,0.0041010625471924935
637,1.1306060606060606,0.2305050505050505,7.343956506923876e-07,0.004294109794090391
638,1.1306060606060606,0.23646464646464646,1.0664303222868377e-05,0.004392172343056763
639,1.1306060606060606,0.2424242424242424,9.408985509669731e-07,0.004454258655072975
640,1.1306060606060606,0.24838383838383837,2.1360703822734274e-05,0.004580136738553622
641,1.1306060606060606,0.2543434343434343,-3.119787556139026e-05,0.004728177726213785
642,1.1306060606060606,0.26030303030303026,-2.8430690451830577e-05,0.004819776048472517
643,1.1306060606060606,0.26626262626262626,-2.4493047313819296e-06,0.004919701549324614
644,1.1306060606060606,0.2722222222222222,-7.151946927484723e-05,0.004993409205389165
645,1.1306060606060606,0.27818181818181814,-3.6261110860035626e-05,0.005057251559052157
646,1.1306060606060606,0.28414141414141414,1.1843241912441039e-05,0.005196172714077755
647,1.1306060606060606,0.2901010101010101,4.7287580721328734e-05,0.005345891139157616
648,1.1306060606060606,0.296060606060606,2.057618015772197e-05,0.005460729950414553
649,1.1306060606060606,0.302020202020202,3.0496000739905472e-05,0.0056010361877434755
650,1.1306060606060606,0.30797979797979796,2.599791233165627e-05,0.005644796501950007
651,1.1306060606060606,0.3139393939393939,4.3326491179793444e-05,0.005746221113409443
652,1.1306060606060606,0.31989898989898985,3.697263466879144e-05,0.005893347250028623
653,1.1306060606060606,0.32585858585858585,8.46379955941714e-06,0.006041988458547174
654,1.1306060606060606,0.3318181818181818,5.401584836699828e-05,0.006109430826629544
655,1.1306060606060606,0.33777777777777773,-5.059867080804193e-05,0.0061644165396240475
656,1.1306060606060606,0.34373737373737373,3.526502615265862e-05,0.006296030237811417
657,1.1306060606060606,0.3496969696969697,-4.059446783802179e-06,0.0065207564251949365
658,1.1306060606060606,0.3556565656565656,1.8936548121273043e-05,0.006606430080108143
659,1.1306060606060606,0.3616161616161616,3.645550851417464e-05,0.006642963261358366
660,1.1306060606060606,0.36757575757575756,-2.3779362570569675e-05,0.006764580892534702
661,1.1306060606060606,0.3735353535353535,-9.103162586232247e-05,0.006898060535284467
662,1.1306060606060606,0.37949494949494944,3.9744904048794164e-05,0.0069524223028013185
663,1.1306060606060606,0.38545454545454544,3.226013092730852e-05,0.007053569925435409
664,1.1306060606060606,0.3914141414141414,1.3676061053108835e-05,0.007279637019513766
665,1.1306060606060606,0.3973737373737373,0.00014060733945509894,0.007355713611809392
666,1.1306060606060606,0.4033333333333333,0.00010088206462437825,0.0074305316458626244
667,1.1306060606060606,0.40929292929292926,6.78653929153782e-05,0.007588098989055444
668,1.1306060606060606,0.4152525252525252,3.530730454077605e-05,0.0077456096026028865
669,1.1306060606060606,0.42121212121212115,5.573029357036562e-05,0.007827689582482561
670,1.1306060606060606,0.42717171717171715,4.974785011252082e-05,0.007801188353741631
671,1.1306060606060606,0.4331313131313131,-4.74672706117897e-05,0.008013263349469314
672,1.1306060606060606,0.43909090909090903,6.289276097549594e-05,0.008103319365076725
673,1.1306060606060606,0.44505050505050503,-1.8336114261020664e-05,0.008184610042864604
674,1.1306060606060606,0.45101010101010097,-7.415080000087673e-05,0.008295965040825954
675,1.1306060606060606,0.4569696969696969,-0.00011656370432796921,0.008408304314231878
676,1.1306060606060606,0.4629292929292929,-8.907210142324134e-05,0.008501041043385399
677,1.1306060606060606,0.46888888888888886,1.1521133690707852e-05,0.008649891646938223
678,1.1306060606060606,0.4748484848484848,0.00010360844425780464,0.00870710305306443
679,1.1306060606060606,0.48080808080808074,1.4369030704182573e-05,0.008843661718716695
680,1.1306060606060606,0.48676767676767674,-0.00011179787253393348,0.008907907310476222
681,1.1306060606060606,0.4927272727272727,6.739284615497226e-05,0.00908259947967001
682,1.1306060606060606,0.4986868686868686,-2.0253087424786154e-05,0.009238478740016844
683,1.1306060606060606,0.5046464646464646,-2.952447850353187e-05,0.00923677573643825
684,1.1306060606060606,0.5106060606060605,-9.033921400542715e-05,0.009353773392825252
685,1.1306060606060606,0.5165656565656566,3.6701431253977513e-06,0.00952661275863788
686,1.1306060606060606,0.5225252525252525,-6.316569230615016e-05,0.009589151176707545
687,1.1306060606060606,0.5284848484848484,2.6664824837219324e-06,0.009798768359363488
688,1.1306060606060606,0.5344444444444444,-1.6317147129191144e-05,0.009879682400105673
689,1.1306060606060606,0.5404040404040403,2.756144629096876e-05,0.010000322791037509
690,1.1306060606060606,0.5463636363636363,6.309500189520808e-05,0.010288097090678822
691,1.1306060606060606,0.5523232323232323,2.168241552817962e-05,0.010122407436074909
692,1.1306060606060606,0.5582828282828283,-2.9457060552658566e-05,0.010309819448373442
693,1.1306060606060606,0.5642424242424242,0.00012154050259445514,0.010494704488398671
694,1.1306060606060606,0.5702020202020202,9.776191618067165e-05,0.010569046490604554
695,1.1306060606060606,0.5761616161616161,8.337116220148011e-05,0.01074098412881946
696,1.1306060606060606,0.582121212121212,-6.699095426261429e-05,0.010800191850007121
697,1.1306060606060606,0.588080808080808,7.864078502061617e-05,0.010840246616441137
698,1.1306060606060606,0.594040404040404,-1.3748238387611877e-05,0.01105193461423899
699,1.1306060606060606,0.6,-0.00010697539941203777,0.010951941117706754
700,1.1507070707070708,0.01,1.294600335455809e-07,0.0002100851386927762
701,1.1507070707070708,0.01595959595959596,2.9560087435882455e-06,0.000339965576208162
702,1.1507070707070708,0.021919191919191918,8.445851174867969e-06,0.0004630717542977289
703,1.1507070707070708,0.027878787878787878,4.20559047058201e-06,0.0005875726896375922
704,1.1507070707070708,0.033838383838383834,1.1457677200739013e-05,0.0007140823868488508
705,1.1507070707070708,0.0397979797979798,3.6049844647058294e-06,0.0008480935056436469
706,1.1507070707070708,0.045757575757575754,1.2830396178261883e-05,0.000965472375765888
707,1.1507070707070708,0.05171717171717172,-5.807803982825821e-06,0.0010909715257377875
708,1.1507070707070708,0.05767676767676767,2.268340672693996e-05,0.0012281531355639594
709,1.1507070707070708,0.06363636363636363,6.597619402342425e-06,0.0013538511836477033
710,1.1507070707070708,0.06959595959595959,2.537248383536972e-07,0.001477371751879054
711,1.1507070707070708,0.07555555555555554,-1.7779444084566985e-05,0.0016123731417031085
712,1.1507070707070708,0.0815151515151515,4.169023852418719e-06,0.0017257697607050019
713,1.1507070707070708,0.08747474747474746,-2.0542047864942337e-05,0.001843272641140285
714,1.1507070707070708,0.09343434343434343,2.080325770284316e-05,0.0019912827475740353
715,1.1507070707070708,0.09939393939393938,7.267022407813828e-06,0.0021010870760203165
716,1.1507070707070708,0.10535353535353534,2.7275917435009898e-05,0.002255837102627043
717,1.1507070707070708,0.1113131313131313,-2.570622154130009e-06,0.0023543699167580825
718,1.1507070707070708,0.11727272727272725,-4.0614863272278926e-05,0.00246096024793652
719,1.1507070707070708,0.12323232323232322,-1.4633812771141263e-05,0.0025845925553916725
720,1.1507070707070708,0.1291919191919192,4.871184219107905e-06,0.0027369133620197893
721,1.1507070707070708,0.13515151515151513,1.7354436588782586e-05,0.0028828755621968702
722,1.1507070707070708,0.1411111111111111,-2.7843237164662015e-05,0.002959085953038173
723,1.1507070707070708,0.14707070707070707,9.647266604187132e-07,0.00315665950019018
724,1.1507070707070708,0.15303030303030302,1.871175688402267e-05,0.003246306474210184
725,1.1507070707070708,0.158989898989899,-2.926881469017074e-05,0.003390593002783338
726,1.1507070707070708,0.16494949494949493,-6.369935948764901e-05,0.0035078253704151838
727,1.1507070707070708,0.1709090909090909,0.00010461267618748527,0.003633106721881546
728,1.1507070707070708,0.17686868686868687,3.657978802395304e-05,0.0037690187450211475
729,1.1507070707070708,0.1828282828282828,3.693137218849596e-06,0.0039002432909769815
730,1.1507070707070708,0.18878787878787878,-5.5288680317668496e-05,0.00398143927186512
731,1.1507070707070708,0.19474747474747472,3.70227935192761e-05,0.004143327784818845
732,1.1507070707070708,0.2007070707070707,1.020979338567748e-05,0.004274111637978887
733,1.1507070707070708,0.20666666666666667,3.8104717550440647e-06,0.004393802588296952
734,1.1507070707070708,0.2126262626262626,-7.417769272946344e-05,0.00443556664112963
735,1.1507070707070708,0.21858585858585858,-3.621022143634589e-06,0.0046479873773796945
736,1.1507070707070708,0.22454545454545452,7.45237205512918e-05,0.004761293861550716
737,1.1507070707070708,0.2305050505050505,-2.7364162953552572e-05,0.004954409764880941
738,1.1507070707070708,0.23646464646464646,-7.325586816254273e-05,0.005049196840937408
739,1.1507070707070708,0.2424242424242424,-4.7947959800414995e-05,0.005163327749778697
740,1.1507070707070708,0.24838383838383837,9.51048574041268e-05,0.005297847227197025
741,1.1507070707070708,0.2543434343434343,2.4044702356713556e-05,0.00534607644262745
742,1.1507070707070708,0.26030303030303026,-8.992027485241067e-05,0.005503609080412513
743,1.1507070707070708,0.26626262626262626,2.7920114786098084e-05,0.005641619468754257
744,1.1507070707070708,0.2722222222222222,-4.820376487902476e-05,0.005816776485541863
745,1.1507070707070708,0.27818181818181814,5.7463110742271204e-05,0.005925960888866676
746,1.1507070707070708,0.28414141414141414,3.899778988791016e-05,0.006133301528502009
747,1.1507070707070708,0.2901010101010101,0.0001485477921101414,0.006146212718828655
748,1.1507070707070708,0.296060606060606,1.8219847485111873e-05,0.006302660126434
749,1.1507070707070708,0.302020202020202,3.0197190317045596e-06,0.006375242245464518
750,1.1507070707070708,0.30797979797979796,2.063384418883013e-05,0.006556977893958494
751,1.1507070707070708,0.3139393939393939,0.00012416281113986085,0.006688493471162062
752,1.1507070707070708,0.31989898989898985,1.3653807131933781e-05,0.006801769007776293
753,1.1507070707070708,0.32585858585858585,-7.809186950853202e-05,0.006990410417526911
754,1.1507070707070708,0.3318181818181818,-3.536846957704523e-05,0.007049028135614492
755,1.1507070707070708,0.33777777777777773,0.0001469300260170159,0.00732408805201588
756,1.1507070707070708,0.34373737373737373,6.683568143457455e-05,0.007239254475371761
757,1.1507070707070708,0.3496969696969697,1.0245303383145487e-05,0.007382255327295162
758,1.1507070707070708,0.3556565656565656,-5.429015185514239e-05,0.007577671533060297
759,1.1507070707070708,0.3616161616161616,-2.6853569523755306e-05,0.007667066860957159
760,1.1507070707070708,0.36757575757575756,-0.00013322037737818304,0.0077891562365302106
761,1.1507070707070708,0.3735353535353535,-1.8962686792989337e-05,0.007827031603736177
762,1.1507070707070708,0.37949494949494944,0.00010119978742134883,0.00816859562076608
763,1.1507070707070708,0.38545454545454544,-4.4967296538407184e-05,0.008222875563120177
764,1.1507070707070708,0.3914141414141414,-8.904336318162871e-05,0.008300565274496885
765,1.1507070707070708,0.3973737373737373,-2.1351078054322638e-05,0.008402232998193
766,1.1507070707070708,0.4033333333333333,0.00016729699289490417,0.00861424311890662
767,1.1507070707070708,0.40929292929292926,-0.0001364103415848129,0.008870594412148443
768,1.1507070707070708,0.4152525252525252,0.00014631968039446183,0.008866873615050144
769,1.1507070707070708,0.42121212121212115,4.249141452919707e-05,0.009041818194304066
770,1.1507070707070708,0.42717171717171715,0.00024005029686505574,0.0091362769554709
771,1.1507070707070708,0.4331313131313131,-5.5177474389670325e-05,0.009282765185164295
772,1.1507070707070708,0.43909090909090903,-4.788364917498915e-05,0.009386335410973251
773,1.1507070707070708,0.44505050505050503,0.00010745577428189125,0.00940353898635338
774,1.1507070707070708,0.45101010101010097,0.00019406583976701013,0.00962790817811525
775,1.1507070707070708,0.4569696969696969,1.1379087168845513e-05,0.00973749787305189
776,1.1507070707070708,0.4629292929292929,-5.222885072695448e-05,0.009753485174641018
777,1.1507070707070708,0.46888888888888886,-1.750465638549674e-05,0.009993681715697412
778,1.1507070707070708,0.4748484848484848,-6.237822766581866e-05,0.010092513649257943
779,1.1507070707070708,0.48080808080808074,5.331197477796662e-05,0.01028903475110772
780,1.1507070707070708,0.48676767676767674,-6.813542042846194e-05,0.01039842204614673
781,1.1507070707070708,0.4927272727272727,-0.00010255952798156338,0.01038790059531196
782,1.1507070707070708,0.4986868686868686,-0.0001800749302792076,0.010657740862659389
783,1.1507070707070708,0.5046464646464646,9.669703062897027e-05,0.010875714010536823
784,1.1507070707070708,0.5106060606060605,-6.277296012092118e-05,0.011001991530549213
785,1.1507070707070708,0.5165656565656566,-2.8276536806308882e-05,0.010988145818347606
786,1.1507070707070708,0.5225252525252525,1.4945425000672364e-05,0.011137273907182
787,1.1507070707070708,0.5284848484848484,4.974004304619139e-07,0.01127056985963695
788,1.1507070707070708,0.5344444444444444,-0.000117459959991126,0.011444614624242419
789,1.1507070707070708,0.5404040404040403,-0.00012736857549726873,0.011438432016904225
790,1.1507070707070708,0.5463636363636363,4.88970227812751e-05,0.011706007036149723
791,1.1507070707070708,0.5523232323232323,-2.3495537982956128e-05,0.011605850026094551
792,1.1507070707070708,0.5582828282828283,-3.569088543924419e-05,0.011927071648728034
793,1.1507070707070708,0.5642424242424242,7.385336550854853e-05,0.011962938001007005
794,1.1507070707070708,0.5702020202020202,0.00014227195835924425,0.01234530028215522
795,1.1507070707070708,0.5761616161616161,4.2651453667495845e-05,0.012236815730240392
796,1.1507070707070708,0.582121212121212,0.0002929959052518006,0.012506379971069936
797,1.1507070707070708,0.588080808080808,5.024321836402537e-05,0.012658030370441253
798,1.1507070707070708,0.594040404040404,8.341316610343812e-05,0.012656973431637677
799,1.1507070707070708,0.6,-6.782042657206421e-05,0.012824062441796583
800,1.1708080808080807,0.01,6.906685830649173e-06,0.0002414819985205813
801,1.1708080808080807,0.01595959595959596,-2.9103559146153814e-06,0.0003811585705957134
802,1.1708080808080807,0.021919191919191918,3.135906666364141e-06,0.0005312529649510977
803,1.1708080808080807,0.027878787878787878,1.250970140168246e-05,0.0006715028646948351
804,1.1708080808080807,0.033838383838383834,3.492179626484582e-06,0.0008239869425651286
805,1.1708080808080807,0.0397979797979798,9.181018225562854e-06,0.0009650796312396863
806,1.1708080808080807,0.045757575757575754,-8.611472166675083e-06,0.0011012129999393198
807,1.1708080808080807,0.05171717171717172,-1.0051047107963563e-06,0.00124399896145186
808,1.1708080808080807,0.05767676767676767,4.979105464290557e-06,0.0013828302654473063
809,1.1708080808080807,0.06363636363636363,3.233515398233955e-06,0.0015408599848134523
810,1.1708080808080807,0.06959595959595959,9.297808344847492e-06,0.0017034111370442678
811,1.1708080808080807,0.07555555555555554,-4.8505833324690935e-06,0.0018229510716176837
812,1.1708080808080807,0.0815151515151515,-6.630158925240204e-06,0.0019365991999034905
813,1.1708080808080807,0.08747474747474746,2.5471560513184566e-05,0.0020913231936934996
814,1.1708080808080807,0.09343434343434343,1.2886050579620167e-05,0.002260609416915626
815,1.1708080808080807,0.09939393939393938,3.8405501554056285e-05,0.0023851379218954045
816,1.1708080808080807,0.10535353535353534,2.3337963053533727e-05,0.0025558173408627744
817,1.1708080808080807,0.1113131313131313,8.981083838921844e-06,0.0027017586572291004
818,1.1708080808080807,0.11727272727272725,2.7694193997775695e-05,0.0028509003453971917
819,1.1708080808080807,0.12323232323232322,1.8946340439563758e-05,0.0029566053594686104
820,1.1708080808080807,0.1291919191919192,-8.026966380938306e-06,0.0030787881435100357
821,1.1708080808080807,0.13515151515151513,-1.4196536686214644e-05,0.003269865882865809
822,1.1708080808080807,0.1411111111111111,1.0619086279022305e-07,0.0034155176579693447
823,1.1708080808080807,0.14707070707070707,2.6318315190958143e-05,0.0035464393067429095
824,1.1708080808080807,0.15303030303030302,1.8393205602553664e-05,0.003663009695185176
825,1.1708080808080807,0.158989898989899,-2.965621862832828e-05,0.003827943637368651
826,1.1708080808080807,0.16494949494949493,-1.5188571004202555e-05,0.004008044516357781
827,1.1708080808080807,0.1709090909090909,-5.91756950952864e-05,0.004102043279593984
828,1.1708080808080807,0.17686868686868687,-1.6635379975711517e-06,0.004256066712652204
829,1.1708080808080807,0.1828282828282828,2.776826805368585e-05,0.0044237447131489395
830,1.1708080808080807,0.18878787878787878,6.543526093848165e-05,0.004563310271269576
831,1.1708080808080807,0.19474747474747472,1.4112931658581284e-05,0.0046552702848076805
832,1.1708080808080807,0.2007070707070707,-5.736187072917836e-05,0.00481384448357325
833,1.1708080808080807,0.20666666666666667,-3.3923539987503293e-05,0.004980139268874798
834,1.1708080808080807,0.2126262626262626,5.8850376946377046e-05,0.005126402928420528
835,1.1708080808080807,0.21858585858585858,-1.1262750646194696e-05,0.0052250339042480875
836,1.1708080808080807,0.22454545454545452,-5.17818440392803e-05,0.005399554153972291
837,1.1708080808080807,0.2305050505050505,8.318740123917246e-06,0.005487084597186558
838,1.1708080808080807,0.23646464646464646,-4.199681649663182e-05,0.00565143272502071
839,1.1708080808080807,0.2424242424242424,1.681528950020684e-05,0.005821065280576565
840,1.1708080808080807,0.24838383838383837,3.892419467594101e-05,0.006007214912776426
841,1.1708080808080807,0.2543434343434343,4.3215102283945276e-05,0.006143441418667473
842,1.1708080808080807,0.26030303030303026,-3.7219915236247505e-05,0.006258891130225961
843,1.1708080808080807,0.26626262626262626,2.4802980349857616e-05,0.006397617190864458
844,1.1708080808080807,0.2722222222222222,1.3106986836169831e-05,0.006545600182554619
845,1.1708080808080807,0.27818181818181814,-4.237742209879766e-05,0.006653433339889362
846,1.1708080808080807,0.28414141414141414,-4.4394898845948405e-05,0.006823896033814304
847,1.1708080808080807,0.2901010101010101,5.9630350939252e-05,0.007060452188501047
848,1.1708080808080807,0.296060606060606,1.1675854096262595e-06,0.0072072026136048755
849,1.1708080808080807,0.302020202020202,8.41376506555283e-05,0.007203547150635232
850,1.1708080808080807,0.30797979797979796,6.261539646507747e-05,0.0073515508894020955
851,1.1708080808080807,0.3139393939393939,3.273730212042701e-05,0.007539382868706365
852,1.1708080808080807,0.31989898989898985,-6.969511923898783e-05,0.007654324857105259
853,1.1708080808080807,0.32585858585858585,-5.30712770329033e-05,0.00782997790211985
854,1.1708080808080807,0.3318181818181818,-4.041933528749858e-05,0.008068704368884563
855,1.1708080808080807,0.33777777777777773,0.00021171194606962055,0.008195215451179096
856,1.1708080808080807,0.34373737373737373,0.0001270287084643385,0.008272548870031964
857,1.1708080808080807,0.3496969696969697,-2.253873747166002e-05,0.008436450862824834
858,1.1708080808080807,0.3556565656565656,4.553305651152384e-06,0.008629069941697608
859,1.1708080808080807,0.3616161616161616,4.6209957764920984e-06,0.00880708777047775
860,1.1708080808080807,0.36757575757575756,-0.00016365533016560386,0.008857433796380834
861,1.1708080808080807,0.3735353535353535,-2.0717016529011424e-05,0.009029011312871923
862,1.1708080808080807,0.37949494949494944,-0.00010957595608121982,0.00923610936110596
863,1.1708080808080807,0.38545454545454544,-0.00011795735806513746,0.009361612784061652
864,1.1708080808080807,0.3914141414141414,-0.00018731883413971055,0.009324764867866393
865,1.1708080808080807,0.3973737373737373,0.0001063869100650845,0.00960698559189343
866,1.1708080808080807,0.4033333333333333,-1.9654440833447297e-05,0.009783038865656679
867,1.1708080808080807,0.40929292929292926,3.386173588663592e-05,0.009900271983586312
868,1.1708080808080807,0.4152525252525252,4.675098745002817e-05,0.009910519302463169
869,1.1708080808080807,0.42121212121212115,2.923597785971033e-06,0.01006354317735532
870,1.1708080808080807,0.42717171717171715,-5.4143227407076066e-05,0.010273753085659944
871,1.1708080808080807,0.4331313131313131,-1.064431920248039e-05,0.010490706482069121
872,1.1708080808080807,0.43909090909090903,4.0912966913113714e-05,0.010716069339274116
873,1.1708080808080807,0.44505050505050503,9.16295969626335e-06,0.01082006261473246
874,1.1708080808080807,0.45101010101010097,2.607847807419179e-05,0.010848089545064006
875,1.1708080808080807,0.4569696969696969,7.190064385755546e-06,0.01097872880398652
876,1.1708080808080807,0.4629292929292929,-6.557885655147466e-05,0.011297033077714087
877,1.1708080808080807,0.46888888888888886,-0.0001235594364178343,0.01133123653702559
878,1.1708080808080807,0.4748484848484848,-0.0001509938516656475,0.011368502432995947
879,1.1708080808080807,0.48080808080808074,-0.00014568104206732094,0.011491771530130892
880,1.1708080808080807,0.48676767676767674,-0.00011419097608972923,0.011681613964463626
881,1.1708080808080807,0.4927272727272727,9.922821821911648e-05,0.011895305740688237
882,1.1708080808080807,0.4986868686868686,-0.0002582778180130922,0.011874840468695868
883,1.1708080808080807,0.5046464646464646,5.758104823328325e-05,0.012379116777571052
884,1.1708080808080807,0.5106060606060605,4.022996792636803e-05,0.012302306920814205
885,1.1708080808080807,0.5165656565656566,1.3416422956326057e-06,0.012443357389237587
886,1.1708080808080807,0.5225252525252525,2.180265564422079e-09,0.012619188223375984
887,1.1708080808080807,0.5284848484848484,3.094617831986003e-05,0.01274747317281835
888,1.1708080808080807,0.5344444444444444,5.420461362805232e-05,0.012817860359655818
889,1.1708080808080807,0.5404040404040403,9.342379361275973e-05,0.012960636049248712
890,1.1708080808080807,0.5463636363636363,-0.00026196229237471805,0.01322802168627895
891,1.1708080808080807,0.5523232323232323,0.00015751727706483814,0.013243589767714326
892,1.1708080808080807,0.5582828282828283,-1.4655979438414268e-05,0.013574731466092295
893,1.1708080808080807,0.5642424242424242,-2.1220187642276466e-05,0.01380326170769334
894,1.1708080808080807,0.5702020202020202,5.793980218508049e-05,0.013958508120382835
895,1.1708080808080807,0.5761616161616161,0.00010605719723493947,0.013875796851567446
896,1.1708080808080807,0.582121212121212,3.7027050707329276e-05,0.014151403203232792
897,1.1708080808080807,0.588080808080808,-0.00018873808485569624,0.014384923588440695
898,1.1708080808080807,0.594040404040404,-6.023145069211042e-05,0.014394559925317608
899,1.1708080808080807,0.6,6.908458762089699e-05,0.014592271331551533
900,1.190909090909091,0.01,4.984067019002158e-06,0.00026927443164057366
901,1.190909090909091,0.01595959595959596,-1.203850344812618e-06,0.0004301831597990854
902,1.190909090909091,0.021919191919191918,-1.400820057047648e-05,0.0005860268599993398
903,1.190909090909091,0.027878787878787878,-2.468821097190821e-07,0.0007577322766358071
904,1.190909090909091,0.033838383838383834,1.4940822215130157e-06,0.0009096051794975429
905,1.190909090909091,0.0397979797979798,6.388989427271741e-06,0.0010627946617437684
906,1.190909090909091,0.045757575757575754,1.0198074279621028e-05,0.001229267058829966
907,1.190909090909091,0.05171717171717172,9.496929152128974e-06,0.0014000945683720484
908,1.190909090909091,0.05767676767676767,-6.0610203399152685e-06,0.0015657495241125875
909,1.190909090909091,0.06363636363636363,-4.719592302213406e-05,0.001697536936559967
910,1.190909090909091,0.06959595959595959,-1.437034543461807e-05,0.0018626517953456282
911,1.190909090909091,0.07555555555555554,3.869885116029414e-05,0.002024638057632072
912,1.190909090909091,0.0815151515151515,3.545961770286754e-06,0.0021986221914734
913,1.190909090909091,0.08747474747474746,-3.706772706738541e-05,0.0023586195852825453
914,1.190909090909091,0.09343434343434343,1.3978959977621886e-06,0.0025032011935143005
915,1.190909090909091,0.09939393939393938,4.794648826615928e-05,0.002688003904220834
916,1.190909090909091,0.10535353535353534,-1.4594217770493512e-05,0.0028637598781431355
917,1.190909090909091,0.1113131313131313,-8.059951543211445e-05,0.002987643687894265
918,1.190909090909091,0.11727272727272725,-2.4332425266284674e-05,0.003145065616632289
919,1.190909090909091,0.12323232323232322,9.893937474448667e-07,0.0032617199806891195
920,1.190909090909091,0.1291919191919192,3.97632548077056e-06,0.0034496537973920816
921,1.190909090909091,0.13515151515151513,-4.5576816764757775e-05,0.003594406537342171
922,1.190909090909091,0.1411111111111111,-4.993918907836692e-05,0.0037699368144775668
923,1.190909090909091,0.14707070707070707,3.631698451217571e-05,0.003956098039887969
924,1.190909090909091,0.15303030303030302,-3.267322133288937e-05,0.004146012499520121
925,1.190909090909091,0.158989898989899,4.817575774233673e-06,0.004284904178806244
926,1.190909090909091,0.16494949494949493,-3.6220665937651052e-06,0.004456027322911932
927,1.190909090909091,0.1709090909090909,-6.364007895539795e-05,0.004596042843761883
928,1.190909090909091,0.17686868686868687,-1.191795389818967e-05,0.004735894309200357
929,1.190909090909091,0.1828282828282828,-6.044242547099944e-05,0.004992034288379259
930,1.190909090909091,0.18878787878787878,-1.1978844135261412e-05,0.005010830408149735
931,1.190909090909091,0.19474747474747472,-8.144150546728468e-05,0.005269285158390367
932,1.190909090909091,0.2007070707070707,2.357592958894352e-05,0.005433017440435347
933,1.190909090909091,0.20666666666666667,2.444681715887925e-05,0.0056160391139432
934,1.190909090909091,0.2126262626262626,6.305707305243975e-05,0.005723778645486979
935,1.190909090909091,0.21858585858585858,-1.7833558466223743e-05,0.005851193753135775
936,1.190909090909091,0.22454545454545452,-2.9891764537843057e-05,0.0059908651907944754
937,1.190909090909091,0.2305050505050505,-2.0747041220385632e-05,0.006203919472066336
938,1.190909090909091,0.23646464646464646,-8.788834535117563e-06,0.0063337742423236025
939,1.190909090909091,0.2424242424242424,9.462769184703161e-05,0.006540518894993678
940,1.190909090909091,0.24838383838383837,8.919996677776248e-05,0.006701162966226095
941,1.190909090909091,0.2543434343434343,4.5032414987264765e-05,0.006910670155342193
942,1.190909090909091,0.26030303030303026,-0.00010409126607218167,0.006976019613617948
943,1.190909090909091,0.26626262626262626,5.798913399131869e-05,0.007219599081131495
944,1.190909090909091,0.2722222222222222,6.273671612067783e-05,0.007269994906994703
945,1.190909090909091,0.27818181818181814,-0.00014929108619074483,0.00752513565732279
946,1.190909090909091,0.28414141414141414,7.995556345976122e-05,0.007638028347627518
947,1.190909090909091,0.2901010101010101,-0.00011922388958549456,0.0078024367211152554
948,1.190909090909091,0.296060606060606,-7.831435634922928e-05,0.008007718122798657
949,1.190909090909091,0.302020202020202,-6.773737141064062e-06,0.008223634436914021
950,1.190909090909091,0.30797979797979796,-1.9726179699154222e-05,0.008289062416383998
951,1.190909090909091,0.3139393939393939,-9.582721198416634e-07,0.00852077878091431
952,1.190909090909091,0.31989898989898985,0.00010137996142477044,0.00871928660815153
953,1.190909090909091,0.32585858585858585,2.3806218173641604e-05,0.008811472477711834
954,1.190909090909091,0.3318181818181818,-0.00011814279350063821,0.008931740864973092
955,1.190909090909091,0.33777777777777773,0.00014089865505449595,0.009096302593545064
956,1.190909090909091,0.34373737373737373,0.00015575194773876838,0.009336386788797793
957,1.190909090909091,0.3496969696969697,-4.8922826736055446e-05,0.009377171040947884
958,1.190909090909091,0.3556565656565656,-9.432807527256281e-07,0.009663041001577914
959,1.190909090909091,0.3616161616161616,-2.3306410698359503e-05,0.009801401038389963
960,1.190909090909091,0.36757575757575756,1.722336067907725e-05,0.009849124445005126
961,1.190909090909091,0.3735353535353535,0.00015764697232482393,0.010109144343714384
962,1.190909090909091,0.37949494949494944,-3.204829347210446e-05,0.010053209000267006
963,1.190909090909091,0.38545454545454544,0.0001359085167375619,0.010491826011694651
964,1.190909090909091,0.3914141414141414,-0.0001857587617759708,0.01053752970553627
965,1.190909090909091,0.3973737373737373,-4.11475380708473e-05,0.010785517708364075
966,1.190909090909091,0.4033333333333333,7.525877203339157e-05,0.010939284081926156
967,1.190909090909091,0.40929292929292926,4.377975828477778e-05,0.011185823180185048
968,1.190909090909091,0.4152525252525252,-0.0001323912098343863,0.011195400826073777
969,1.190909090909091,0.42121212121212115,7.241355228777047e-05,0.011417632378264668
970,1.190909090909091,0.42717171717171715,-0.00011169668745708722,0.011502003206480189
971,1.190909090909091,0.4331313131313131,8.109968771057172e-05,0.011716448896686694
972,1.190909090909091,0.43909090909090903,-9.401736095466473e-06,0.011945112533915364
973,1.190909090909091,0.44505050505050503,-9.034875788832208e-06,0.012071439513993903
974,1.190909090909091,0.45101010101010097,-3.9071587535186544e-05,0.012042397893347184
975,1.190909090909091,0.4569696969696969,-1.1526686186973911e-05,0.01240174862639586
976,1.190909090909091,0.4629292929292929,-1.2889044725509501e-05,0.012585650155864863
977,1.190909090909091,0.46888888888888886,-5.89664785114786e-05,0.012857496922401833
978,1.190909090909091,0.4748484848484848,-0.00015523526633595797,0.012754206614167967
979,1.190909090909091,0.48080808080808074,-0.0002364238594339155,0.01301265517513195
980,1.190909090909091,0.48676767676767674,0.00015717755962632362,0.013393303978747153
981,1.190909090909091,0.4927272727272727,0.00024408743066709992,0.013265002170869641
982,1.190909090909091,0.4986868686868686,-6.814587524899496e-06,0.01360056859845275
983,1.190909090909091,0.5046464646464646,8.765880137464396e-05,0.013553459534891758
984,1.190909090909091,0.5106060606060605,3.4507021885584964e-06,0.013802795967370543
985,1.190909090909091,0.5165656565656566,0.0001348995400649521,0.013964676528650724
986,1.190909090909091,0.5225252525252525,0.0003551486806029251,0.01426113472678062
987,1.190909090909091,0.5284848484848484,-9.736778601110014e-05,0.01414597783037815
988,1.190909090909091,0.5344444444444444,6.045672767717407e-05,0.014564544778891207
989,1.190909090909091,0.5404040404040403,0.00011356427278575876,0.0144432080161749
990,1.190909090909091,0.5463636363636363,0.0001930558743410444,0.014679644053442518
991,1.190909090909091,0.5523232323232323,-0.00014407003029128128,0.014859887331829821
992,1.190909090909091,0.5582828282828283,-0.00010237045576866434,0.01525777213693728
993,1.190909090909091,0.5642424242424242,-0.00013974298588259007,0.015116417155966495
994,1.190909090909091,0.5702020202020202,-9.740891503005719e-05,0.0154807105208322
995,1.190909090909091,0.5761616161616161,1.7686392045440203e-05,0.0153389738583145
996,1.190909090909091,0.582121212121212,9.218826323452023e-06,0.015989693239070835
997,1.190909090909091,0.588080808080808,8.793387448310305e-05,0.015747688018853272
998,1.190909090909091,0.594040404040404,0.00012611498161763782,0.016181791146268446
999,1.190909090909091,0.6,-2.795917384099904e-05,0.01626815984985307
1000,1.211010101010101,0.01,-3.5931255399621277e-06,0.00030142322933108574
1001,1.211010101010101,0.01595959595959596,-1.0005010522379565e-06,0.00047368869580109225
1002,1.211010101010101,0.021919191919191918,8.333011008668733e-06,0.0006460202811090803
1003,1.211010101010101,0.027878787878787878,5.1661963164784105e-06,0.0008254512192387333
1004,1.211010101010101,0.033838383838383834,4.647334530577996e-06,0.0010188118596231245
1005,1.211010101010101,0.0397979797979798,-4.959025160936396e-05,0.0011727833642883807
1006,1.211010101010101,0.045757575757575754,-2.0338758564236037e-05,0.001357664421652455
1007,1.211010101010101,0.05171717171717172,-3.0147809220821555e-05,0.0015155013150812372
1008,1.211010101010101,0.05767676767676767,1.8733795824479184e-05,0.0017253825804954997
1009,1.211010101010101,0.06363636363636363,-2.0936252296979228e-05,0.0018977858262864567
1010,1.211010101010101,0.06959595959595959,-2.2984785668938056e-05,0.002089242030223821
1011,1.211010101010101,0.07555555555555554,1.0773993936601833e-06,0.0022505966152518353
1012,1.211010101010101,0.0815151515151515,-2.6929784741072992e-05,0.0024130033517512153
1013,1.211010101010101,0.08747474747474746,-6.658597372468833e-06,0.0026071590585340356
1014,1.211010101010101,0.09343434343434343,1.7070537204749503e-05,0.0027757871380036246
1015,1.211010101010101,0.09939393939393938,4.9960606351681256e-05,0.002971044151356501
1016,1.211010101010101,0.10535353535353534,1.2238229876473383e-05,0.003163856193281806
1017,1.211010101010101,0.1113131313131313,5.4215389609650115e-06,0.0033182141993414356
1018,1.211010101010101,0.11727272727272725,4.7898267265663405e-05,0.0034928123448397215
1019,1.211010101010101,0.12323232323232322,5.257907223808589e-05,0.0036766092160977985
1020,1.211010101010101,0.1291919191919192,-3.0821920751412704e-05,0.003888542084106878
1021,1.211010101010101,0.13515151515151513,-3.2171231359084276e-05,0.003995480644727739
1022,1.211010101010101,0.1411111111111111,6.0313717778883656e-05,0.004230269436324157
1023,1.211010101010101,0.14707070707070707,9.006815000011437e-05,0.004323051754834553
1024,1.211010101010101,0.15303030303030302,4.013659538771181e-05,0.004520447787539797
1025,1.211010101010101,0.158989898989899,-5.9164695716690886e-05,0.004669669804848865
1026,1.211010101010101,0.16494949494949493,-1.6219211286756908e-05,0.004945103395078349
1027,1.211010101010101,0.1709090909090909,-6.78328806666839e-05,0.005075335855178171
1028,1.211010101010101,0.17686868686868687,-8.41016852955212e-07,0.0053068327713686955
1029,1.211010101010101,0.1828282828282828,7.883631866514374e-05,0.0054595182016088295
1030,1.211010101010101,0.18878787878787878,-9.912986365410681e-05,0.005535259302057474
1031,1.211010101010101,0.19474747474747472,-1.9900475994512556e-05,0.005776377764912957
1032,1.211010101010101,0.2007070707070707,7.48439126842857e-06,0.005982558982567718
1033,1.211010101010101,0.20666666666666667,5.834625507580982e-06,0.006141848311468943
1034,1.211010101010101,0.2126262626262626,3.285028711336463e-05,0.006343565845302383
1035,1.211010101010101,0.21858585858585858,6.902871676743043e-05,0.0065433563518893754
1036,1.211010101010101,0.22454545454545452,-8.249687340663525e-06,0.006745046745260211
1037,1.211010101010101,0.2305050505050505,-9.70914606899241e-05,0.006834767944310179
1038,1.211010101010101,0.23646464646464646,-7.126436276390793e-05,0.0070132335384566315
1039,1.211010101010101,0.2424242424242424,7.898532024757746e-05,0.007291213956930659
1040,1.211010101010101,0.24838383838383837,-8.668692985094085e-05,0.007436361230852139
1041,1.211010101010101,0.2543434343434343,7.278198090585264e-05,0.007595983061352422
1042,1.211010101010101,0.26030303030303026,7.643521854339231e-05,0.00782210112670901
1043,1.211010101010101,0.26626262626262626,7.473388560997066e-05,0.008046569819928616
1044,1.211010101010101,0.2722222222222222,9.208123989576496e-05,0.008083799260482102
1045,1.211010101010101,0.27818181818181814,-4.559377926735834e-05,0.008195556007559982
1046,1.211010101010101,0.28414141414141414,4.733464635951527e-05,0.008470264163355052
1047,1.211010101010101,0.2901010101010101,1.3759820433691928e-05,0.008673270247115625
1048,1.211010101010101,0.296060606060606,1.6685753863340324e-05,0.008813453960723833
1049,1.211010101010101,0.302020202020202,-2.5766382105066487e-05,0.008944460237363904
1050,1.211010101010101,0.30797979797979796,-3.143704315583211e-05,0.009151794804147899
1051,1.211010101010101,0.3139393939393939,-5.3106117362285136e-05,0.009507582696058153
1052,1.211010101010101,0.31989898989898985,-6.306180891735023e-05,0.00946455056471733
1053,1.211010101010101,0.32585858585858585,-6.348999077025578e-05,0.009724086986730118
1054,1.211010101010101,0.3318181818181818,-2.4893644669825298e-05,0.009852428290372629
1055,1.211010101010101,0.33777777777777773,0.00015334320092675227,0.01012796927932305
1056,1.211010101010101,0.34373737373737373,-8.886249911475909e-05,0.010223362791939809
1057,1.211010101010101,0.3496969696969697,-7.693894187459648e-05,0.010338583964953975
1058,1.211010101010101,0.3556565656565656,-3.514205347058004e-05,0.010572872202411425
1059,1.211010101010101,0.3616161616161616,-2.8734445898581296e-05,0.010759420161355554
1060,1.211010101010101,0.36757575757575756,7.45960803513952e-05,0.010834784454103326
1061,1.211010101010101,0.3735353535353535,-6.87297457507761e-05,0.011162013415523751
1062,1.211010101010101,0.37949494949494944,9.572476365135918e-06,0.0112890389513391
1063,1.211010101010101,0.38545454545454544,-2.3806750787563046e-05,0.011527883111880733
1064,1.211010101010101,0.3914141414141414,4.920742901885189e-06,0.011523221793566995
1065,1.211010101010101,0.3973737373737373,1.1216701250713944e-05,0.011998149091444355
1066,1.211010101010101,0.4033333333333333,5.200903318514605e-05,0.011986516117731646
1067,1.211010101010101,0.40929292929292926,3.2473702720041796e-05,0.012088449030038674
1068,1.211010101010101,0.4152525252525252,4.433098420318977e-05,0.012211718812743222
1069,1.211010101010101,0.42121212121212115,0.0002602195108742625,0.01267598189809435
1070,1.211010101010101,0.42717171717171715,-3.716266237112242e-05,0.012686490013832917
1071,1.211010101010101,0.4331313131313131,-0.00014290260280218545,0.012837170214398301
1072,1.211010101010101,0.43909090909090903,4.778496654286367e-05,0.013262986068546864
1073,1.211010101010101,0.44505050505050503,-5.913127337716315e-05,0.013412964304998363
1074,1.211010101010101,0.45101010101010097,-6.37562519877797e-05,0.013358147874056668
1075,1.211010101010101,0.4569696969696969,-7.396253239034514e-05,0.013589396359210078
1076,1.211010101010101,0.4629292929292929,-1.6367232038787982e-05,0.014101978212344064
1077,1.211010101010101,0.46888888888888886,-0.0001408108702561913,0.013857899781830267
1078,1.211010101010101,0.4748484848484848,6.811923964119038e-06,0.014190626669741791
1079,1.211010101010101,0.48080808080808074,4.065094132862645e-06,0.014304402057421176
1080,1.211010101010101,0.48676767676767674,-0.00016362272885647123,0.014430424683006786
1081,1.211010101010101,0.4927272727272727,-0.00015702400097691976,0.014604663807580954
1082,1.211010101010101,0.4986868686868686,-1.944181886437457e-05,0.014650341880929982
1083,1.211010101010101,0.5046464646464646,-2.0475310928130498e-05,0.01505667224055008
1084,1.211010101010101,0.5106060606060605,0.00019202106433564484,0.015234458068086728
1085,1.211010101010101,0.5165656565656566,4.918275369580017e-06,0.015514813954569473
1086,1.211010101010101,0.5225252525252525,-0.00038861426894360075,0.015511913553255804
1087,1.211010101010101,0.5284848484848484,-0.0002044272632018359,0.015786545557546074
1088,1.211010101010101,0.5344444444444444,6.875676773660232e-05,0.015913425670929706
1089,1.211010101010101,0.5404040404040403,-0.00034104904615204384,0.016122744178753666
1090,1.211010101010101,0.5463636363636363,-0.00018654445135282086,0.016303599933715857
1091,1.211010101010101,0.5523232323232323,3.7203717960576824e-05,0.01642925480514255
1092,1.211010101010101,0.5582828282828283,0.00021008545674938944,0.016658853253791923
1093,1.211010101010101,0.5642424242424242,-7.00688556656881e-05,0.016767430929287792
1094,1.211010101010101,0.5702020202020202,-8.73375678874888e-05,0.01690524471436217
1095,1.211010101010101,0.5761616161616161,-0.00024259376786937362,0.017372477506580546
1096,1.211010101010101,0.582121212121212,-0.00014224900377572572,0.017268022520521942
1097,1.211010101010101,0.588080808080808,6.108789493240494e-05,0.017546121498045495
1098,1.211010101010101,0.594040404040404,7.344302582342021e-06,0.017582828917764512
1099,1.211010101010101,0.6,-2.993439724826651e-05,0.017887271355059957
1100,1.231111111111111,0.01,-3.4350780479728724e-06,0.0003239570094156649
1101,1.231111111111111,0.01595959595959596,-3.357553304125993e-06,0.0005179214985196354
1102,1.231111111111111,0.021919191919191918,6.531683202285632e-06,0.0007105920418575116
1103,1.231111111111111,0.027878787878787878,5.9826410697562445e-06,0.0009142669327366161
1104,1.231111111111111,0.033838383838383834,-6.425144301936703e-06,0.0011098183013432638
1105,1.231111111111111,0.0397979797979798,1.1653776393322867e-05,0.0012987973085684208
1106,1.231111111111111,0.045757575757575754,1.051045990068089e-06,0.0015062873108956049
1107,1.231111111111111,0.05171717171717172,6.084225858738146e-06,0.0016758428192423412
1108,1.231111111111111,0.05767676767676767,-3.951667149445445e-05,0.0018814622067769488
1109,1.231111111111111,0.06363636363636363,1.6018059591614752e-05,0.002078564671871686
1110,1.231111111111111,0.06959595959595959,-1.1598339989655281e-05,0.002251177502198845
1111,1.231111111111111,0.07555555555555554,8.176432609554463e-06,0.0024843987991473014
1112,1.231111111111111,0.0815151515151515,-1.4526134165001258e-06,0.0026350090309632144
1113,1.231111111111111,0.08747474747474746,-6.601793782336918e-06,0.0028205766406084205
1114,1.231111111111111,0.09343434343434343,-5.0483812970198936e-05,0.003083635694462985
1115,1.231111111111111,0.09939393939393938,-2.7111710373257324e-05,0.0032314850390127415
1116,1.231111111111111,0.10535353535353534,2.5319974042200545e-06,0.0034467172989355267
1117,1.231111111111111,0.1113131313131313,4.607062414747254e-05,0.0036238576751948773
1118,1.231111111111111,0.11727272727272725,-3.532690965072246e-05,0.0038370106401362826
1119,1.231111111111111,0.12323232323232322,-7.670880454893482e-05,0.004002654402109605
1120,1.231111111111111,0.1291919191919192,-1.981248798327312e-05,0.004248983872246159
1121,1.231111111111111,0.13515151515151513,-7.114651312166685e-05,0.00437410630943266
1122,1.231111111111111,0.1411111111111111,3.922175947361972e-06,0.004657238825574085
1123,1.231111111111111,0.14707070707070707,3.415735287013466e-06,0.004751440676809833
1124,1.231111111111111,0.15303030303030302,1.4792152601240528e-05,0.004927270238261101
1125,1.231111111111111,0.158989898989899,9.044203351388446e-07,0.0052021787587937735
1126,1.231111111111111,0.16494949494949493,1.8768078118398435e-05,0.0053794321615655465
1127,1.231111111111111,0.1709090909090909,-4.320042301296124e-05,0.005610639925067005
1128,1.231111111111111,0.17686868686868687,8.914563265693589e-05,0.005804950557797731
1129,1.231111111111111,0.1828282828282828,-3.1299854348617364e-05,0.005931825580817967
1130,1.231111111111111,0.18878787878787878,5.62892502182801e-05,0.00612963886554583
1131,1.231111111111111,0.19474747474747472,6.109719399658843e-05,0.006372457059828119
1132,1.231111111111111,0.2007070707070707,-1.9020547408259815e-05,0.006540057639646795
1133,1.231111111111111,0.20666666666666667,1.3033663837350873e-05,0.006718231444181901
1134,1.231111111111111,0.2126262626262626,-5.035606982138918e-05,0.006931734380594198
1135,1.231111111111111,0.21858585858585858,0.00010305604916628247,0.007187161492794257
1136,1.231111111111111,0.22454545454545452,9.462819294205088e-05,0.007207013598751707
1137,1.231111111111111,0.2305050505050505,-1.6929279787379002e-05,0.007498080991685626
1138,1.231111111111111,0.23646464646464646,-8.585490657304192e-05,0.0077696141576358785
1139,1.231111111111111,0.2424242424242424,6.336479723556722e-05,0.00795837722238915
1140,1.231111111111111,0.24838383838383837,7.384515196045647e-05,0.008105954637166955
1141,1.231111111111111,0.2543434343434343,-9.949364441069388e-05,0.008290941695972276
1142,1.231111111111111,0.26030303030303026,-5.850865824505155e-05,0.008397298829567076
1143,1.231111111111111,0.26626262626262626,0.00013658770741749744,0.008651604059950913
1144,1.231111111111111,0.2722222222222222,-3.177470412338537e-05,0.008869662820147419
1145,1.231111111111111,0.27818181818181814,0.00016456568059137247,0.009093683593333525
1146,1.231111111111111,0.28414141414141414,-1.2369174359052525e-05,0.009322446685163539
1147,1.231111111111111,0.2901010101010101,4.755481636396607e-05,0.009381908105930842
1148,1.231111111111111,0.296060606060606,-0.00014457603401908463,0.009678661938006438
1149,1.231111111111111,0.302020202020202,9.578921802456416e-05,0.009928229266851503
1150,1.231111111111111,0.30797979797979796,8.805484700698488e-05,0.010032743329427968
1151,1.231111111111111,0.3139393939393939,3.496739800378227e-05,0.010239892119349817
1152,1.231111111111111,0.31989898989898985,6.0770029612404796e-05,0.010428851042901517
1153,1.231111111111111,0.32585858585858585,-2.6737455516551933e-05,0.01065263521387795
1154,1.231111111111111,0.3318181818181818,-0.0002401012735054091,0.01069108173768334
1155,1.231111111111111,0.33777777777777773,0.00017088677368637205,0.011131130043363458
1156,1.231111111111111,0.34373737373737373,-0.00020623397390281622,0.011285091549559837
1157,1.231111111111111,0.3496969696969697,9.476345592698281e-05,0.01126850891983655
1158,1.231111111111111,0.3556565656565656,0.00015322430467521776,0.011697005661815717
1159,1.231111111111111,0.3616161616161616,-7.049707666374145e-05,0.011768495850896551
1160,1.231111111111111,0.36757575757575756,-4.277416498975777e-05,0.011924862878066485
1161,1.231111111111111,0.3735353535353535,-6.687587538172456e-05,0.012130527782658539
1162,1.231111111111111,0.37949494949494944,-9.957572706217612e-05,0.012347061391827622
1163,1.231111111111111,0.38545454545454544,0.00020412476469330342,0.012746854951563484
1164,1.231111111111111,0.3914141414141414,-0.00020526028320346637,0.012852039703838957
1165,1.231111111111111,0.3973737373737373,-0.00034009389186660875,0.012962374232681149
1166,1.231111111111111,0.4033333333333333,0.00017411562213049656,0.013184235320724432
1167,1.231111111111111,0.40929292929292926,0.00010513801906509978,0.013261709603164161
1168,1.231111111111111,0.4152525252525252,8.150002744136078e-05,0.013628702407438081
1169,1.231111111111111,0.42121212121212115,2.313795858065938e-05,0.013699080189429233
1170,1.231111111111111,0.42717171717171715,-0.00022147740679041058,0.013957828087640237
1171,1.231111111111111,0.4331313131313131,-0.00027457263953727714,0.014176311579440153
1172,1.231111111111111,0.43909090909090903,0.00010563996091698487,0.014510897427508418
1173,1.231111111111111,0.44505050505050503,0.00016599173818532013,0.014654511706315789
1174,1.231111111111111,0.45101010101010097,-4.7660126123497484e-05,0.014780880986852271
1175,1.231111111111111,0.4569696969696969,0.0004001423758930172,0.015020561498763409
1176,1.231111111111111,0.4629292929292929,1.2335351661900695e-05,0.015177508361906266
1177,1.231111111111111,0.46888888888888886,-0.00016076159013452945,0.015341616325215657
1178,1.231111111111111,0.4748484848484848,-0.00019746884527878822,0.015430265642409671
1179,1.231111111111111,0.48080808080808074,0.0001682684691266239,0.015820258894075123
1180,1.231111111111111,0.48676767676767674,0.00021081160414705512,0.015884867905794995
1181,1.231111111111111,0.4927272727272727,-2.7677662497386068e-05,0.016310983956838842
1182,1.231111111111111,0.4986868686868686,-0.00024424853427905245,0.01629409320286192
1183,1.231111111111111,0.5046464646464646,-0.00010761928109079428,0.01667171375377097
1184,1.231111111111111,0.5106060606060605,0.00015286810865798486,0.016719105583248354
1185,1.231111111111111,0.5165656565656566,0.00012664179642776224,0.0169480012847859
1186,1.231111111111111,0.5225252525252525,0.00018739920123683892,0.016995874228201358
1187,1.231111111111111,0.5284848484848484,2.3201678639826508e-05,0.017336486718783566
1188,1.231111111111111,0.5344444444444444,0.0001707427976294709,0.01753336130474259
1189,1.231111111111111,0.5404040404040403,-0.00017767657763591974,0.017547525261450297
1190,1.231111111111111,0.5463636363636363,-4.985358013312527e-05,0.018092808048358194
1191,1.231111111111111,0.5523232323232323,-9.969049023667242e-06,0.018037371916052397
1192,1.231111111111111,0.5582828282828283,-1.7893636389322244e-05,0.018343051049085523
1193,1.231111111111111,0.5642424242424242,0.00010553160251184375,0.018388314045485032
1194,1.231111111111111,0.5702020202020202,0.0002501538795552113,0.018706936703075973
1195,1.231111111111111,0.5761616161616161,-4.156663738049654e-05,0.018984104565429816
1196,1.231111111111111,0.582121212121212,4.9109627366499876e-05,0.019027370202943553
1197,1.231111111111111,0.588080808080808,4.592675775461934e-05,0.019327842454893593
1198,1.231111111111111,0.594040404040404,-6.058110884600963e-05,0.019584634417961815
1199,1.231111111111111,0.6,0.0003094604482432628,0.019509945732938058
1200,1.2512121212121212,0.01,-2.6155574757964816e-06,0.0003566386395532706
1201,1.2512121212121212,0.01595959595959596,9.462449679694362e-06,0.0005591726955435893
1202,1.2512121212121212,0.021919191919191918,3.318578192975774e-06,0.0007767662799343475
1203,1.2512121212121212,0.027878787878787878,4.971608595842092e-06,0.000983250686708825
1204,1.2512121212121212,0.033838383838383834,9.273800828465129e-06,0.001192778080581611
1205,1.2512121212121212,0.0397979797979798,-2.1859179270292782e-05,0.001415050314306046
1206,1.2512121212121212,0.045757575757575754,-2.478167580979702e-05,0.0015893323269393067
1207,1.2512121212121212,0.05171717171717172,2.6327610617698427e-05,0.0018350763766810114
1208,1.2512121212121212,0.05767676767676767,-7.304383516613622e-06,0.0020327784618680775
1209,1.2512121212121212,0.06363636363636363,-1.1969913622541295e-06,0.0022567151598180232
1210,1.2512121212121212,0.06959595959595959,5.484132575517602e-05,0.002422239105508899
1211,1.2512121212121212,0.07555555555555554,-4.2859429389634815e-05,0.0026759399671952397
1212,1.2512121212121212,0.0815151515151515,1.0661083117297632e-06,0.002889597198878874
1213,1.2512121212121212,0.08747474747474746,2.61696256159909e-06,0.00309005651725098
1214,1.2512121212121212,0.09343434343434343,3.316996445261777e-06,0.003325563653763019
1215,1.2512121212121212,0.09939393939393938,-5.7128819922173436e-05,0.0034846501770290257
1216,1.2512121212121212,0.10535353535353534,-4.814927382248113e-06,0.003684503127155199
1217,1.2512121212121212,0.1113131313131313,-5.325556121327658e-05,0.003930534277713276
1218,1.2512121212121212,0.11727272727272725,-2.5337929701041573e-05,0.00417017498589483
1219,1.2512121212121212,0.12323232323232322,5.788885162130615e-05,0.004302937816713771
1220,1.2512121212121212,0.1291919191919192,-8.085983616520353e-08,0.004548190979606457
1221,1.2512121212121212,0.13515151515151513,-1.0382382845203652e-06,0.004791113140946242
1222,1.2512121212121212,0.1411111111111111,4.079783477584909e-06,0.005023245136705437
1223,1.2512121212121212,0.14707070707070707,2.5984371872612487e-05,0.005190681516285833
1224,1.2512121212121212,0.15303030303030302,6.394133653793443e-06,0.005345359283049632
1225,1.2512121212121212,0.158989898989899,7.35862635068788e-05,0.0056911554836368925
1226,1.2512121212121212,0.16494949494949493,-1.7963457408860016e-05,0.005799658065306965
1227,1.2512121212121212,0.1709090909090909,-7.635765868599328e-05,0.006005340854129884
1228,1.2512121212121212,0.17686868686868687,-4.018987086614448e-05,0.0063371299307414
1229,1.2512121212121212,0.1828282828282828,8.219616167113607e-06,0.006424467231406205
1230,1.2512121212121212,0.18878787878787878,1.202293875082645e-05,0.00667835173539319
1231,1.2512121212121212,0.19474747474747472,3.431024273760222e-05,0.0069213951587016286
1232,1.2512121212121212,0.2007070707070707,-4.997785101194196e-07,0.0071421956965243795
1233,1.2512121212121212,0.20666666666666667,1.5221348731618478e-05,0.007301454334253721
1234,1.2512121212121212,0.2126262626262626,8.063554485354502e-05,0.0075481224582465995
1235,1.2512121212121212,0.21858585858585858,-2.9273946747464754e-06,0.007721247347406952
1236,1.2512121212121212,0.22454545454545452,-5.38656870039961e-05,0.007952351684866714
1237,1.2512121212121212,0.2305050505050505,-0.00011204494472873417,0.008202660018922735
1238,1.2512121212121212,0.23646464646464646,0.00017856593691658565,0.008375642994238838
1239,1.2512121212121212,0.2424242424242424,-4.236152722593205e-05,0.008604724202467837
1240,1.2512121212121212,0.24838383838383837,-3.659825713692323e-05,0.008812385021414322
1241,1.2512121212121212,0.2543434343434343,-4.000837025746586e-05,0.008948008414809316
1242,1.2512121212121212,0.26030303030303026,9.63165461456672e-06,0.009169995489109496
1243,1.2512121212121212,0.26626262626262626,-4.5453721152143644e-05,0.009467751478309755
1244,1.2512121212121212,0.2722222222222222,-5.772269141327211e-05,0.00966682730432933
1245,1.2512121212121212,0.27818181818181814,1.1225659176739289e-05,0.009914840214348684
1246,1.2512121212121212,0.28414141414141414,2.3812990651360455e-05,0.010047609694328476
1247,1.2512121212121212,0.2901010101010101,9.007497569138334e-05,0.010401119717458497
1248,1.2512121212121212,0.296060606060606,-0.00011417595929546809,0.010552134029210593
1249,1.2512121212121212,0.302020202020202,-0.0001080289123982614,0.01074250909973818
1250,1.2512121212121212,0.30797979797979796,-1.5292353897669652e-05,0.010833830431544655
1251,1.2512121212121212,0.3139393939393939,-7.22828489612516e-05,0.011059264392824068
1252,1.2512121212121212,0.31989898989898985,-6.989520499121829e-05,0.011360308789040036
1253,1.2512121212121212,0.32585858585858585,0.00017643639659059782,0.011585986658848392
1254,1.2512121212121212,0.3318181818181818,7.986796389431638e-06,0.011677657358588184
1255,1.2512121212121212,0.33777777777777773,1.0269643483315938e-06,0.011948955902048915
1256,1.2512121212121212,0.34373737373737373,6.432825376158999e-05,0.012174064904811243
1257,1.2512121212121212,0.3496969696969697,-1.627086010862052e-05,0.012415822909895933
1258,1.2512121212121212,0.3556565656565656,8.078973748616833e-05,0.01258367936941009
1259,1.2512121212121212,0.3616161616161616,-8.752535926895626e-05,0.012790373730747946
1260,1.2512121212121212,0.36757575757575756,-0.000148428212009049,0.013056555152239819
1261,1.2512121212121212,0.3735353535353535,-0.0001070058147139415,0.013269663436331864
1262,1.2512121212121212,0.37949494949494944,0.00010947116308448916,0.013505507027022043
1263,1.2512121212121212,0.38545454545454544,2.4318379310333204e-05,0.013648936357897622
1264,1.2512121212121212,0.3914141414141414,-4.169843698760779e-05,0.01377813216130597
1265,1.2512121212121212,0.3973737373737373,0.00020854920021447985,0.014141977680014276
1266,1.2512121212121212,0.4033333333333333,-2.5538936616641584e-05,0.014177444889641427
1267,1.2512121212121212,0.40929292929292926,-0.0002514705937682107,0.014505046341963439
1268,1.2512121212121212,0.4152525252525252,-0.00018264882650338864,0.014609292556399913
1269,1.2512121212121212,0.42121212121212115,2.8764198880194324e-05,0.014946046303902047
1270,1.2512121212121212,0.42717171717171715,-7.676685929686655e-05,0.015024893513457765
1271,1.2512121212121212,0.4331313131313131,0.00014101825520579521,0.015472359064767459
1272,1.2512121212121212,0.43909090909090903,7.079135372130478e-05,0.01565307206271944
1273,1.2512121212121212,0.44505050505050503,8.895023733257259e-05,0.015853677006612995
1274,1.2512121212121212,0.45101010101010097,-0.00014161015742620716,0.016001741124824522
1275,1.2512121212121212,0.4569696969696969,0.00034036465210850506,0.016400545351846558
1276,1.2512121212121212,0.4629292929292929,-0.00023272546471006964,0.016357415058926655
1277,1.2512121212121212,0.46888888888888886,-4.4877441385818795e-05,0.016669020642862103
1278,1.2512121212121212,0.4748484848484848,-0.0001606248065760342,0.016786266231855862
1279,1.2512121212121212,0.48080808080808074,5.1508071508239185e-05,0.017038576115885884
1280,1.2512121212121212,0.48676767676767674,0.00016940889346458204,0.01733863866219148
1281,1.2512121212121212,0.4927272727272727,-9.292622939837956e-05,0.017489186192504592
1282,1.2512121212121212,0.4986868686868686,9.445779000482343e-05,0.017889677462740162
1283,1.2512121212121212,0.5046464646464646,5.422261545405489e-05,0.017836648834194557
1284,1.2512121212121212,0.5106060606060605,-0.00020461259181656316,0.018173946247094577
1285,1.2512121212121212,0.5165656565656566,8.839099822273718e-05,0.0185850587708785
1286,1.2512121212121212,0.5225252525252525,0.00026028314594973915,0.018623521448131508
1287,1.2512121212121212,0.5284848484848484,4.548132274384162e-05,0.018761011674828965
1288,1.2512121212121212,0.5344444444444444,0.0004116822130788611,0.01901542180956089
1289,1.2512121212121212,0.5404040404040403,4.699408837356549e-05,0.01926449927294257
1290,1.2512121212121212,0.5463636363636363,1.4382973359263096e-05,0.0193356052568135
1291,1.2512121212121212,0.5523232323232323,9.808710039513002e-05,0.019574775577033878
1292,1.2512121212121212,0.5582828282828283,-9.158482891951514e-06,0.019824417195053123
1293,1.2512121212121212,0.5642424242424242,1.0097346676742724e-05,0.020041728026395332
1294,1.2512121212121212,0.5702020202020202,5.160553592671557e-06,0.020231986087138144
1295,1.2512121212121212,0.5761616161616161,0.0005182113350702678,0.020640147881343864
1296,1.2512121212121212,0.582121212121212,8.53927498744264e-05,0.020526948110509074
1297,1.2512121212121212,0.588080808080808,0.00027823811769330897,0.020785245451516964
1298,1.2512121212121212,0.594040404040404,0.00027045244681640394,0.02114299853188014
1299,1.2512121212121212,0.6,4.535294155682027e-05,0.021573204644827662
1300,1.2713131313131314,0.01,-1.7686136730816648e-06,0.0003834194243217519
1301,1.2713131313131314,0.01595959595959596,1.6236269040948103e-06,0.0006147913708158099
1302,1.2713131313131314,0.021919191919191918,1.3795644965911214e-05,0.0008404091736029848
1303,1.2713131313131314,0.027878787878787878,3.7119901520606845e-06,0.0010561364365785032
1304,1.2713131313131314,0.033838383838383834,2.0010305996704246e-05,0.0012715757070110207
1305,1.2713131313131314,0.0397979797979798,1.3575799682589295e-05,0.001519505896757997
1306,1.2713131313131314,0.045757575757575754,-4.993233169115596e-07,0.001741445725907909
1307,1.2713131313131314,0.05171717171717172,-5.258404695586906e-05,0.001995828159290539
1308,1.2713131313131314,0.05767676767676767,2.5630762779103054e-05,0.002223895716975637
1309,1.2713131313131314,0.06363636363636363,-1.842649426545675e-05,0.00241722589865783
1310,1.2713131313131314,0.06959595959595959,3.0284347561549697e-05,0.0026455734430519315
1311,1.2713131313131314,0.07555555555555554,5.6309568973859705e-05,0.0028948608360208497
1312,1.2713131313131314,0.0815151515151515,-2.218571533327751e-06,0.003135588304524325
1313,1.2713131313131314,0.08747474747474746,4.901592085287243e-06,0.003338204325099071
1314,1.2713131313131314,0.09343434343434343,-3.984430959637842e-06,0.003573395099215881
1315,1.2713131313131314,0.09939393939393938,-3.759997308956975e-06,0.0037846383058268425
1316,1.2713131313131314,0.10535353535353534,-2.353814253872839e-05,0.004014741917874282
1317,1.2713131313131314,0.1113131313131313,2.7665044086425584e-05,0.004274362712731908
1318,1.2713131313131314,0.11727272727272725,1.219622203864199e-05,0.004473057362990307
1319,1.2713131313131314,0.12323232323232322,3.313265692390906e-05,0.004731633758770251
1320,1.2713131313131314,0.1291919191919192,-7.188390957011262e-05,0.004936863456381182
1321,1.2713131313131314,0.13515151515151513,-4.038141430713415e-06,0.005169210549983956
1322,1.2713131313131314,0.1411111111111111,4.3512717980719094e-05,0.005364524460410565
1323,1.2713131313131314,0.14707070707070707,0.0001158500028679661,0.005667369328394744
1324,1.2713131313131314,0.15303030303030302,-1.9545556907707396e-05,0.005839825229871438
1325,1.2713131313131314,0.158989898989899,-6.973191080429226e-05,0.006069304603202908
1326,1.2713131313131314,0.16494949494949493,-6.740939743549264e-05,0.006269696531853269
1327,1.2713131313131314,0.1709090909090909,1.4338440787988494e-05,0.006539220078326277
1328,1.2713131313131314,0.17686868686868687,-2.517228771607015e-05,0.006767357677249418
1329,1.2713131313131314,0.1828282828282828,5.248091227222832e-05,0.006975260374638819
1330,1.2713131313131314,0.18878787878787878,2.0068919348509672e-05,0.007186667249188432
1331,1.2713131313131314,0.19474747474747472,-3.915544405871937e-05,0.007513774283520935
1332,1.2713131313131314,0.2007070707070707,-6.903477244826986e-05,0.007690416522056856
1333,1.2713131313131314,0.20666666666666667,1.6094306837522887e-05,0.007846600069090662
1334,1.2713131313131314,0.2126262626262626,9.265560838776597e-05,0.008102348466133152
1335,1.2713131313131314,0.21858585858585858,0.00018365362012893126,0.008288171638312818
1336,1.2713131313131314,0.22454545454545452,-3.6876074356702406e-05,0.008569643016271533
1337,1.2713131313131314,0.2305050505050505,-3.391075472523186e-05,0.008750054895116334
1338,1.2713131313131314,0.23646464646464646,0.00011546149797030865,0.009096778804053832
1339,1.2713131313131314,0.2424242424242424,-4.850348658060708e-05,0.00931147291364233
1340,1.2713131313131314,0.24838383838383837,-0.00019265493333916526,0.009403631276388737
1341,1.2713131313131314,0.2543434343434343,3.533395224659763e-05,0.009793992541323265
1342,1.2713131313131314,0.26030303030303026,3.925457116257466e-05,0.009790389435179209
1343,1.2713131313131314,0.26626262626262626,-9.4773809640136e-05,0.010139196392783588
1344,1.2713131313131314,0.2722222222222222,1.4954964360098044e-05,0.010305057420992563
1345,1.2713131313131314,0.27818181818181814,3.5380180893962377e-05,0.010612933512810183
1346,1.2713131313131314,0.28414141414141414,-2.7448270954240316e-05,0.010791025091009218
1347,1.2713131313131314,0.2901010101010101,8.6343610645555e-05,0.011054756413535913
1348,1.2713131313131314,0.296060606060606,-0.0001026065591780274,0.011434219015826568
1349,1.2713131313131314,0.302020202020202,6.239637375520191e-06,0.011473627798667337
1350,1.2713131313131314,0.30797979797979796,2.7987104107233486e-06,0.01176951273943732
1351,1.2713131313131314,0.3139393939393939,-7.102390350430023e-05,0.012019556469283231
1352,1.2713131313131314,0.31989898989898985,9.055124415119354e-07,0.012115433353770038
1353,1.2713131313131314,0.32585858585858585,0.0001603226694992212,0.012401091255459094
1354,1.2713131313131314,0.3318181818181818,-9.660320846310295e-05,0.012579575916080324
1355,1.2713131313131314,0.33777777777777773,-1.5056150864184682e-05,0.012926884272859773
1356,1.2713131313131314,0.34373737373737373,0.00013304094990193257,0.013150775650665268
1357,1.2713131313131314,0.3496969696969697,-2.8076848502615815e-05,0.01336381730123545
1358,1.2713131313131314,0.3556565656565656,3.980605242448483e-05,0.013604001969105587
1359,1.2713131313131314,0.3616161616161616,7.415279853482945e-05,0.013836785440960103
1360,1.2713131313131314,0.36757575757575756,2.1210607995240503e-05,0.014112840361086178
1361,1.2713131313131314,0.3735353535353535,0.00013216834150454114,0.014236035478926573
1362,1.2713131313131314,0.37949494949494944,0.00022589475868117312,0.014647254431890657
1363,1.2713131313131314,0.38545454545454544,-7.632693703555231e-05,0.01469222124341446
1364,1.2713131313131314,0.3914141414141414,0.00013525281398532325,0.01504069426344163
1365,1.2713131313131314,0.3973737373737373,4.22636190753942e-05,0.015239245923158366
1366,1.2713131313131314,0.4033333333333333,0.00021201658300910666,0.015555644883858645
1367,1.2713131313131314,0.40929292929292926,-0.0002061127814846746,0.015800309770888005
1368,1.2713131313131314,0.4152525252525252,2.2960521141656508e-05,0.01574057386898737
1369,1.2713131313131314,0.42121212121212115,0.00014742160843340092,0.016231571634356654
1370,1.2713131313131314,0.42717171717171715,-0.0001200212675941593,0.016268260154448468
1371,1.2713131313131314,0.4331313131313131,0.00024826394902205883,0.016774028398073557
1372,1.2713131313131314,0.43909090909090903,1.76957929150807e-05,0.016869170212128883
1373,1.2713131313131314,0.44505050505050503,0.00014070115662050765,0.0172378683263057
1374,1.2713131313131314,0.45101010101010097,0.0004170448199781946,0.017208334054904694
1375,1.2713131313131314,0.4569696969696969,-0.00010628390640977762,0.017463284322095873
1376,1.2713131313131314,0.4629292929292929,-6.945315059332417e-05,0.017722401853444657
1377,1.2713131313131314,0.46888888888888886,-0.00025281048173519293,0.01804505292677979
1378,1.2713131313131314,0.4748484848484848,-0.0004177626101952522,0.01790734057707086
1379,1.2713131313131314,0.48080808080808074,-0.00036316493763035977,0.018386400691431923
1380,1.2713131313131314,0.48676767676767674,-2.5210042951715715e-05,0.018634389396059867
1381,1.2713131313131314,0.4927272727272727,0.00011374709925207727,0.018775244697152
1382,1.2713131313131314,0.4986868686868686,-0.0001734610568517214,0.01871057002043653
1383,1.2713131313131314,0.5046464646464646,0.00013670970547000717,0.019242404069005035
1384,1.2713131313131314,0.5106060606060605,-0.00033666545349811345,0.01953155855562278
1385,1.2713131313131314,0.5165656565656566,0.0004580408806637612,0.0199868537429415
1386,1.2713131313131314,0.5225252525252525,9.129484356120827e-05,0.020340633396491475
1387,1.2713131313131314,0.5284848484848484,-9.097107948461395e-05,0.02033293866166532
1388,1.2713131313131314,0.5344444444444444,-4.544164507965511e-05,0.020460291387796908
1389,1.2713131313131314,0.5404040404040403,-0.00024528483007802803,0.020665184914251792
1390,1.2713131313131314,0.5463636363636363,-7.832165262765458e-05,0.020926245596712648
1391,1.2713131313131314,0.5523232323232323,-8.031799393359939e-05,0.02135663244465565
1392,1.2713131313131314,0.5582828282828283,8.563925767487106e-05,0.02147382116337116
1393,1.2713131313131314,0.5642424242424242,-0.00027406966228342357,0.0217992513077238
1394,1.2713131313131314,0.5702020202020202,0.0002165703971243486,0.021733258471603015
1395,1.2713131313131314,0.5761616161616161,-0.00012975261982986396,0.022137052925171333
1396,1.2713131313131314,0.582121212121212,-2.1159124465200497e-05,0.022326279010410944
1397,1.2713131313131314,0.588080808080808,0.0003249685718002437,0.022749190592939665
1398,1.2713131313131314,0.594040404040404,-0.0001043288431350236,0.02278035932612333
1399,1.2713131313131314,0.6,0.0001984906999571452,0.02310902416602495
1400,1.2914141414141413,0.01,9.430889179291357e-07,0.0004070578702081935
1401,1.2914141414141413,0.01595959595959596,9.460453149415604e-06,0.0006512406843889687
1402,1.2914141414141413,0.021919191919191918,4.112171558470545e-06,0.000900774450927086
1403,1.2914141414141413,0.027878787878787878,-2.0018008770480257e-05,0.001154437683192895
1404,1.2914141414141413,0.033838383838383834,1.408512161398725e-05,0.001384034186122697
1405,1.2914141414141413,0.0397979797979798,3.1118758019939796e-06,0.0016314495103842129
1406,1.2914141414141413,0.045757575757575754,-1.993057290029141e-05,0.0018946204611746723
1407,1.2914141414141413,0.05171717171717172,1.283346656571126e-05,0.0021170172584316837
1408,1.2914141414141413,0.05767676767676767,1.4253081327349681e-05,0.002371731923305053
1409,1.2914141414141413,0.06363636363636363,2.781351894689057e-05,0.002606505280750446
1410,1.2914141414141413,0.06959595959595959,4.484427217673207e-05,0.0028910318727658553
1411,1.2914141414141413,0.07555555555555554,2.6174253054813856e-05,0.003132069186343132
1412,1.2914141414141413,0.0815151515151515,-2.2321115910042267e-06,0.0033337889937778303
1413,1.2914141414141413,0.08747474747474746,-1.9467622617797697e-05,0.0035809288850627923
1414,1.2914141414141413,0.09343434343434343,2.4197227121430697e-05,0.0038821079904263166
1415,1.2914141414141413,0.09939393939393938,-1.4569040166641312e-05,0.004079385466504891
1416,1.2914141414141413,0.10535353535353534,-7.861108980310206e-05,0.00432741392018305
1417,1.2914141414141413,0.1113131313131313,-0.00011286172004613318,0.0046322031324110705
1418,1.2914141414141413,0.11727272727272725,4.638510586734444e-05,0.004876436062141002
1419,1.2914141414141413,0.12323232323232322,2.573228194329329e-05,0.0050880336237341
1420,1.2914141414141413,0.1291919191919192,8.849234095428746e-05,0.005337215016795661
1421,1.2914141414141413,0.13515151515151513,1.4114838009739439e-05,0.0055507444985384655
1422,1.2914141414141413,0.1411111111111111,2.9081247176490567e-05,0.005806812303573925
1423,1.2914141414141413,0.14707070707070707,-1.3873997331586929e-05,0.0061100520712629456
1424,1.2914141414141413,0.15303030303030302,0.0001521125180379997,0.0062843588940757296
1425,1.2914141414141413,0.158989898989899,2.6381242127978143e-05,0.006544295302613761
1426,1.2914141414141413,0.16494949494949493,-1.353382381722007e-05,0.006859245219747375
1427,1.2914141414141413,0.1709090909090909,5.3720899782751976e-05,0.007048396797100394
1428,1.2914141414141413,0.17686868686868687,7.044205393961482e-05,0.007206573819355982
1429,1.2914141414141413,0.1828282828282828,0.00010895138900247781,0.007517457210229233
1430,1.2914141414141413,0.18878787878787878,-6.701448704140922e-06,0.0076947683928027645
1431,1.2914141414141413,0.19474747474747472,-5.448567802683772e-05,0.007921686827376592
1432,1.2914141414141413,0.2007070707070707,-0.00010630104221503858,0.00821463097895451
1433,1.2914141414141413,0.20666666666666667,-9.654642226184172e-05,0.008382562921215905
1434,1.2914141414141413,0.2126262626262626,0.00019986526383125418,0.008763449432623758
1435,1.2914141414141413,0.21858585858585858,2.6556930744200046e-05,0.008931987944973694
1436,1.2914141414141413,0.22454545454545452,-3.6182325971987176e-05,0.009176384533747023
1437,1.2914141414141413,0.2305050505050505,3.3278383512890365e-06,0.009318126295971155
1438,1.2914141414141413,0.23646464646464646,-0.00011164790565890454,0.009808053520744797
1439,1.2914141414141413,0.2424242424242424,-0.00014063908517517558,0.010011794921120754
1440,1.2914141414141413,0.24838383838383837,-0.00011033179774363551,0.010223554311390378
1441,1.2914141414141413,0.2543434343434343,0.0001659451004747925,0.01063693793977509
1442,1.2914141414141413,0.26030303030303026,-4.206009801036956e-05,0.010641869052167222
1443,1.2914141414141413,0.26626262626262626,-5.804648498110907e-05,0.011048690903992693
1444,1.2914141414141413,0.2722222222222222,-2.1582324338662316e-05,0.011088428727140724
1445,1.2914141414141413,0.27818181818181814,-4.357295211476644e-05,0.01143241584016165
1446,1.2914141414141413,0.28414141414141414,-8.739258169016338e-05,0.011777154011621351
1447,1.2914141414141413,0.2901010101010101,-0.00010722577393333314,0.011955238437935698
1448,1.2914141414141413,0.296060606060606,-0.00018658008214644063,0.012105127871459025
1449,1.2914141414141413,0.302020202020202,-0.0001557033501957034,0.0124783295902431
1450,1.2914141414141413,0.30797979797979796,-0.00017465500022675206,0.012599279730201534
1451,1.2914141414141413,0.3139393939393939,-3.9229768318820194e-05,0.012838726686176454
1452,1.2914141414141413,0.31989898989898985,0.0001683485954194899,0.013084989723491954
1453,1.2914141414141413,0.32585858585858585,-6.398837265039211e-05,0.01338852950059443
1454,1.2914141414141413,0.3318181818181818,0.0001305007100683274,0.013702061719655262
1455,1.2914141414141413,0.33777777777777773,-3.7950721785389765e-05,0.013952373988502001
1456,1.2914141414141413,0.34373737373737373,-7.23104012600831e-05,0.014097747688628598
1457,1.2914141414141413,0.3496969696969697,-3.129827400199913e-05,0.014255337917630095
1458,1.2914141414141413,0.3556565656565656,-0.00012157263104932126,0.014551590640656172
1459,1.2914141414141413,0.3616161616161616,-0.00015501295419578814,0.01488557987201348
1460,1.2914141414141413,0.36757575757575756,7.26115933024154e-05,0.0152159592023044
1461,1.2914141414141413,0.3735353535353535,0.00010662363064358449,0.015485808001141382
1462,1.2914141414141413,0.37949494949494944,0.00013877947741833033,0.015440878577601702
1463,1.2914141414141413,0.38545454545454544,-8.67569346029727e-05,0.016050085889665385
1464,1.2914141414141413,0.3914141414141414,-0.00013971509908898447,0.01607794754803036
1465,1.2914141414141413,0.3973737373737373,-5.1950324306767336e-05,0.01637538571393027
1466,1.2914141414141413,0.4033333333333333,2.413060674370604e-05,0.016708423995703
1467,1.2914141414141413,0.40929292929292926,-7.751270929236001e-05,0.01665298602427054
1468,1.2914141414141413,0.4152525252525252,0.00010342413092714042,0.01723007971217229
1469,1.2914141414141413,0.42121212121212115,-0.0001334310017612498,0.017329675220636654
1470,1.2914141414141413,0.42717171717171715,-9.304974479066948e-05,0.01752802647611564
1471,1.2914141414141413,0.4331313131313131,0.0004304093483239802,0.01819343733015434
1472,1.2914141414141413,0.43909090909090903,-0.00019123229676588948,0.018088819410189486
1473,1.2914141414141413,0.44505050505050503,-0.00027672133192276066,0.01841774281636055
1474,1.2914141414141413,0.45101010101010097,-6.742541450668393e-05,0.018763029210299202
1475,1.2914141414141413,0.4569696969696969,0.00028436688766761447,0.0188161610923572
1476,1.2914141414141413,0.4629292929292929,0.0002494939496935409,0.01904911899958244
1477,1.2914141414141413,0.46888888888888886,-5.898621227598422e-06,0.019035725056611892
1478,1.2914141414141413,0.4748484848484848,0.00036069539107060295,0.019563974314202624
1479,1.2914141414141413,0.48080808080808074,-0.0002955839013860605,0.019943802005005323
1480,1.2914141414141413,0.48676767676767674,-0.00012637114774220927,0.019905952215645343
1481,1.2914141414141413,0.4927272727272727,0.00018259068294776076,0.020487668160719077
1482,1.2914141414141413,0.4986868686868686,2.8598634619141485e-05,0.020629227434584937
1483,1.2914141414141413,0.5046464646464646,-0.00016113506522547576,0.020830611199727865
1484,1.2914141414141413,0.5106060606060605,-0.00033487469954695615,0.021141987199217394
1485,1.2914141414141413,0.5165656565656566,8.87030921881285e-05,0.021587125895338198
1486,1.2914141414141413,0.5225252525252525,0.00014567869814343878,0.021693731852521162
1487,1.2914141414141413,0.5284848484848484,4.3928092306519494e-05,0.021904361938560754
1488,1.2914141414141413,0.5344444444444444,-4.473483923503935e-05,0.02206680829198715
1489,1.2914141414141413,0.5404040404040403,-0.0003807909855017819,0.022268339518833204
1490,1.2914141414141413,0.5463636363636363,-4.177625071961868e-05,0.02285938517038516
1491,1.2914141414141413,0.5523232323232323,-0.00045181164785897414,0.022738009701301232
1492,1.2914141414141413,0.5582828282828283,0.0003350705950162935,0.023246748070974835
1493,1.2914141414141413,0.5642424242424242,-0.00035561145082750053,0.02321166537493743
1494,1.2914141414141413,0.5702020202020202,4.784330473338869e-05,0.023728611982742478
1495,1.2914141414141413,0.5761616161616161,-0.0003999931376016611,0.02367286454010444
1496,1.2914141414141413,0.582121212121212,-0.0002980563647194731,0.024157012696058387
1497,1.2914141414141413,0.588080808080808,-0.00021118666616832776,0.023950622687948314
1498,1.2914141414141413,0.594040404040404,1.1641837645636643e-05,0.024475124628669322
1499,1.2914141414141413,0.6,4.342203427895819e-06,0.025088778354391293
1500,1.3115151515151515,0.01,6.292475146263554e-06,0.0004346427103199253
1501,1.3115151515151515,0.01595959595959596,-7.695029075108085e-06,0.0006941689844664887
1502,1.3115151515151515,0.021919191919191918,-4.6667065978949875e-06,0.0009601536946030922
1503,1.3115151515151515,0.027878787878787878,4.833335134842864e-06,0.0012198992861851407
1504,1.3115151515151515,0.033838383838383834,-3.274264149107045e-05,0.001489821148169984
1505,1.3115151515151515,0.0397979797979798,9.564711019118488e-06,0.0017422267182187995
1506,1.3115151515151515,0.045757575757575754,-2.661579966630001e-06,0.0020182494010489126
1507,1.3115151515151515,0.05171717171717172,8.226523408727981e-06,0.002270197414902471
1508,1.3115151515151515,0.05767676767676767,-2.972748805795564e-05,0.0025257874595516518
1509,1.3115151515151515,0.06363636363636363,-5.23510551870805e-06,0.0028248759882763615
1510,1.3115151515151515,0.06959595959595959,3.496972722698346e-05,0.003043661109990881
1511,1.3115151515151515,0.07555555555555554,-2.785361918590854e-05,0.003271873983001458
1512,1.3115151515151515,0.0815151515151515,-1.4248071180448918e-05,0.0035499593437720457
1513,1.3115151515151515,0.08747474747474746,-0.0001004308309587937,0.003883003582913835
1514,1.3115151515151515,0.09343434343434343,3.997312535444549e-05,0.004112961093535606
1515,1.3115151515151515,0.09939393939393938,-2.109220956476998e-06,0.004328464060547739
1516,1.3115151515151515,0.10535353535353534,4.0465476945629576e-05,0.004592697246352955
1517,1.3115151515151515,0.1113131313131313,8.115726327565679e-05,0.004911944004658194
1518,1.3115151515151515,0.11727272727272725,-3.254650887107624e-05,0.00511382265591971
1519,1.3115151515151515,0.12323232323232322,3.590561758684254e-05,0.005451935691203138
1520,1.3115151515151515,0.1291919191919192,3.1931438299640935e-05,0.005671118409788945
1521,1.3115151515151515,0.13515151515151513,0.00014662210770889766,0.006003680401937334
1522,1.3115151515151515,0.1411111111111111,2.2197450469199443e-05,0.006254626169737926
1523,1.3115151515151515,0.14707070707070707,-9.043242274710644e-05,0.006411080693142278
1524,1.3115151515151515,0.15303030303030302,2.424829935118362e-05,0.00671891379004739
1525,1.3115151515151515,0.158989898989899,3.623538794900143e-05,0.006934442216808025
1526,1.3115151515151515,0.16494949494949493,5.5584959383183264e-05,0.00732831339724635
1527,1.3115151515151515,0.1709090909090909,-7.498450975860681e-05,0.007401994481909907
1528,1.3115151515151515,0.17686868686868687,6.613795181726107e-05,0.007895369416481193
1529,1.3115151515151515,0.1828282828282828,-7.440359004260532e-05,0.008093547867327116
1530,1.3115151515151515,0.18878787878787878,0.00024700839000266575,0.008312174530417948
1531,1.3115151515151515,0.19474747474747472,-0.00013323578364808145,0.008566802435140897
1532,1.3115151515151515,0.2007070707070707,6.508520218605547e-05,0.008787937903237264
1533,1.3115151515151515,0.20666666666666667,-0.00010825145674040235,0.009178722159393029
1534,1.3115151515151515,0.2126262626262626,-0.00019067335329178757,0.009354231320670469
1535,1.3115151515151515,0.21858585858585858,7.327071750391867e-05,0.009654110093626845
1536,1.3115151515151515,0.22454545454545452,-0.00014927347888002535,0.009743183109246437
1537,1.3115151515151515,0.2305050505050505,-1.9073021745850793e-06,0.010184189913342858
1538,1.3115151515151515,0.23646464646464646,3.937189324456125e-05,0.01040919286572632
1539,1.3115151515151515,0.2424242424242424,-6.632959350701651e-06,0.010512297627897972
1540,1.3115151515151515,0.24838383838383837,0.00011909070810189025,0.010851915698793034
1541,1.3115151515151515,0.2543434343434343,-0.00017483524210198042,0.01118707889949456
1542,1.3115151515151515,0.26030303030303026,5.518406859081558e-05,0.01145424056664364
1543,1.3115151515151515,0.26626262626262626,7.608417119661621e-05,0.011813506879637097
1544,1.3115151515151515,0.2722222222222222,-9.462779491707234e-05,0.01193425688098138
1545,1.3115151515151515,0.27818181818181814,-6.384685124059877e-05,0.012163658794905313
1546,1.3115151515151515,0.28414141414141414,9.722200298103388e-05,0.01241324199161106
1547,1.3115151515151515,0.2901010101010101,-6.618919624178993e-05,0.01265678613648227
1548,1.3115151515151515,0.296060606060606,0.00019054636842063074,0.013046085358200654
1549,1.3115151515151515,0.302020202020202,-4.160804939772482e-05,0.013376839684803648
1550,1.3115151515151515,0.30797979797979796,2.5329416049124444e-05,0.013570935198795122
1551,1.3115151515151515,0.3139393939393939,8.205932219848146e-05,0.013889245163263857
1552,1.3115151515151515,0.31989898989898985,-4.697867180299148e-05,0.014004164464809675
1553,1.3115151515151515,0.32585858585858585,-8.394923374973503e-05,0.014324192373557912
1554,1.3115151515151515,0.3318181818181818,9.793897580066161e-05,0.014502430641024657
1555,1.3115151515151515,0.33777777777777773,-4.746003861996052e-05,0.0149645205049531
1556,1.3115151515151515,0.34373737373737373,1.2780159280963432e-05,0.015137335367473755
1557,1.3115151515151515,0.3496969696969697,0.00024429115146610273,0.015341844782796335
1558,1.3115151515151515,0.3556565656565656,0.00023077882622426734,0.015679329247522366
1559,1.3115151515151515,0.3616161616161616,0.00010779718782069048,0.016078158625669147
1560,1.3115151515151515,0.36757575757575756,0.00015143509563697553,0.016378464106231415
1561,1.3115151515151515,0.3735353535353535,-5.788901482857983e-05,0.016514662904257814
1562,1.3115151515151515,0.37949494949494944,3.017629661714013e-05,0.016783883468401463
1563,1.3115151515151515,0.38545454545454544,-0.0001670572304096406,0.016787482958163777
1564,1.3115151515151515,0.3914141414141414,0.00010102164369984689,0.0171801838102786
1565,1.3115151515151515,0.3973737373737373,-0.00016224018326115827,0.017316558030614805
1566,1.3115151515151515,0.4033333333333333,0.00032766580172791587,0.01797147792188725
1567,1.3115151515151515,0.40929292929292926,-0.00020937655732642516,0.017909554347387488
1568,1.3115151515151515,0.4152525252525252,0.0001397005160595592,0.018267122136862896
1569,1.3115151515151515,0.42121212121212115,-4.2910314533135315e-06,0.018666134352126818
1570,1.3115151515151515,0.42717171717171715,0.00014310253332949495,0.018717971414200583
1571,1.3115151515151515,0.4331313131313131,-1.8409725832113776e-05,0.019188807961452066
1572,1.3115151515151515,0.43909090909090903,9.615405018058472e-05,0.019369836749178103
1573,1.3115151515151515,0.44505050505050503,0.00022271546851181724,0.019724701359159335
1574,1.3115151515151515,0.45101010101010097,0.00016046609146229854,0.01999525066899294
1575,1.3115151515151515,0.4569696969696969,0.00030599494631782225,0.02030992089891911
1576,1.3115151515151515,0.4629292929292929,-0.00015571545624628097,0.020387043602576153
1577,1.3115151515151515,0.46888888888888886,4.3496466346150984e-05,0.020851507067617632
1578,1.3115151515151515,0.4748484848484848,0.00010124679078391619,0.021149007512826706
1579,1.3115151515151515,0.48080808080808074,-0.00018566429846557413,0.021131060014828413
1580,1.3115151515151515,0.48676767676767674,0.00010956900606056044,0.02148812161027212
1581,1.3115151515151515,0.4927272727272727,-0.00012596252059529278,0.021630378323738642
1582,1.3115151515151515,0.4986868686868686,-0.00022027628453484262,0.021740492295920916
1583,1.3115151515151515,0.5046464646464646,0.00012271548334723576,0.022342015452556513
1584,1.3115151515151515,0.5106060606060605,-0.0001737672609693355,0.022465805815598115
1585,1.3115151515151515,0.5165656565656566,9.574708773783882e-05,0.022786889573934172
1586,1.3115151515151515,0.5225252525252525,0.00011269931315412718,0.022894473394723724
1587,1.3115151515151515,0.5284848484848484,0.00031838591385633394,0.0234656121610528
1588,1.3115151515151515,0.5344444444444444,0.0002689621959437011,0.023678339772581696
1589,1.3115151515151515,0.5404040404040403,-0.0004943632293635885,0.02382262483621368
1590,1.3115151515151515,0.5463636363636363,3.0154318028087212e-05,0.024318859101560224
1591,1.3115151515151515,0.5523232323232323,-1.1787863665163911e-05,0.024519345970700865
1592,1.3115151515151515,0.5582828282828283,0.00020143863339134208,0.02485758128859568
1593,1.3115151515151515,0.5642424242424242,-9.219457961762627e-05,0.024980441811282835
1594,1.3115151515151515,0.5702020202020202,-0.0001649852467185643,0.02525706095378827
1595,1.3115151515151515,0.5761616161616161,-0.0001307572777845689,0.02554194028699673
1596,1.3115151515151515,0.582121212121212,-0.00010855543356882085,0.025911162042851484
1597,1.3115151515151515,0.588080808080808,0.0002746856437723903,0.026048307051245917
1598,1.3115151515151515,0.594040404040404,0.00030175724658921714,0.02615334174356793
1599,1.3115151515151515,0.6,-0.00026542368687039225,0.026440113666940383
1600,1.3316161616161617,0.01,1.4557194274472662e-06,0.00046515616560575436
1601,1.3316161616161617,0.01595959595959596,1.3203877744466618e-05,0.0007423975949810779
1602,1.3316161616161617,0.021919191919191918,1.2671407078965645e-05,0.0010168003598152542
1603,1.3316161616161617,0.027878787878787878,-4.078462361750648e-05,0.0013104622119514
1604,1.3316161616161617,0.033838383838383834,1.1370156324379322e-05,0.0015886895276628504
1605,1.3316161616161617,0.0397979797979798,1.0654842375259943e-05,0.001866583040436778
1606,1.3316161616161617,0.045757575757575754,1.6527666868080382e-05,0.002131008183952094
1607,1.3316161616161617,0.05171717171717172,-4.631119463792864e-05,0.0024242674093349777
1608,1.3316161616161617,0.05767676767676767,-2.356605221753829e-05,0.0026929921210674846
1609,1.3316161616161617,0.06363636363636363,-1.4242903063594236e-05,0.0029381573753203324
1610,1.3316161616161617,0.06959595959595959,1.3082188126148209e-05,0.003285588410497047
1611,1.3316161616161617,0.07555555555555554,-1.9279046077048535e-05,0.0035246195853040666
1612,1.3316161616161617,0.0815151515151515,3.612198031494831e-05,0.003812198434274471
1613,1.3316161616161617,0.08747474747474746,-3.274327577608185e-05,0.004032163948198618
1614,1.3316161616161617,0.09343434343434343,-5.4353133885167695e-05,0.004382346978911256
1615,1.3316161616161617,0.09939393939393938,8.355881023286798e-05,0.004734875315172628
1616,1.3316161616161617,0.10535353535353534,-2.4305683197799687e-06,0.004894494235320447
1617,1.3316161616161617,0.1113131313131313,1.4462788434295393e-05,0.005169681317980299
1618,1.3316161616161617,0.11727272727272725,3.335465030596061e-05,0.005529540172824067
1619,1.3316161616161617,0.12323232323232322,5.564173314999877e-05,0.005772662108346482
1620,1.3316161616161617,0.1291919191919192,1.6980070840685115e-05,0.006022956991124028
1621,1.3316161616161617,0.13515151515151513,7.515783048406784e-05,0.006342078482827821
1622,1.3316161616161617,0.1411111111111111,-3.3014014330156005e-05,0.006623187488258393
1623,1.3316161616161617,0.14707070707070707,-1.6103631817790477e-05,0.006870912608006782
1624,1.3316161616161617,0.15303030303030302,-9.042894736036355e-05,0.007136746479729137
1625,1.3316161616161617,0.158989898989899,3.712341396024097e-05,0.007397195829192406
1626,1.3316161616161617,0.16494949494949493,-3.770367820511161e-05,0.007783571518820348
1627,1.3316161616161617,0.1709090909090909,-4.360028879225256e-05,0.007949038210239364
1628,1.3316161616161617,0.17686868686868687,-2.972738283065809e-05,0.008374888585236029
1629,1.3316161616161617,0.1828282828282828,1.602804724462815e-05,0.008482306432871033
1630,1.3316161616161617,0.18878787878787878,8.819084990838074e-05,0.008892084944406863
1631,1.3316161616161617,0.19474747474747472,6.676204762337465e-05,0.009068352554597786
1632,1.3316161616161617,0.2007070707070707,-0.00014062943109062234,0.009460474016424573
1633,1.3316161616161617,0.20666666666666667,-6.885174658607859e-05,0.009743338783570858
1634,1.3316161616161617,0.2126262626262626,-3.2206641338362086e-05,0.009964039391660021
1635,1.3316161616161617,0.21858585858585858,-6.899107743127528e-05,0.010205319104192376
1636,1.3316161616161617,0.22454545454545452,-8.52045746150932e-05,0.010522034542008719
1637,1.3316161616161617,0.2305050505050505,-2.0546497160472166e-05,0.010801829874283948
1638,1.3316161616161617,0.23646464646464646,0.0003089858564472505,0.011130690912579911
1639,1.3316161616161617,0.2424242424242424,-0.00012353061113439039,0.011270185682056611
1640,1.3316161616161617,0.24838383838383837,4.987706134115615e-05,0.011649173289689717
1641,1.3316161616161617,0.2543434343434343,-0.00012099205970868363,0.011902660629206193
1642,1.3316161616161617,0.26030303030303026,-0.00013469970945852823,0.012197810492972022
1643,1.3316161616161617,0.26626262626262626,3.119137167797934e-05,0.012398911184652936
1644,1.3316161616161617,0.2722222222222222,-0.00017950846423664114,0.012726613162868603
1645,1.3316161616161617,0.27818181818181814,0.0002385645479494094,0.012954141514789613
1646,1.3316161616161617,0.28414141414141414,-9.253431616854924e-06,0.013174441638122238
1647,1.3316161616161617,0.2901010101010101,0.0001783741967759901,0.013697367285173297
1648,1.3316161616161617,0.296060606060606,-0.0001527109122003223,0.013879161374471122
1649,1.3316161616161617,0.302020202020202,-0.00011899841221146898,0.014338406455111434
1650,1.3316161616161617,0.30797979797979796,-0.0001323176461918909,0.014546719492316253
1651,1.3316161616161617,0.3139393939393939,0.00033477747808869675,0.014819713422264168
1652,1.3316161616161617,0.31989898989898985,-4.289696236600044e-05,0.014919425003263632
1653,1.3316161616161617,0.32585858585858585,2.5708381931168334e-05,0.015469209014118468
1654,1.3316161616161617,0.3318181818181818,-9.604569868641425e-05,0.015412984686368224
1655,1.3316161616161617,0.33777777777777773,-3.8106404437052876e-05,0.015823359640084765
1656,1.3316161616161617,0.34373737373737373,6.846642245366014e-05,0.016221850618097448
1657,1.3316161616161617,0.3496969696969697,-8.538674589802504e-05,0.01621691265868248
1658,1.3316161616161617,0.3556565656565656,-0.00016645322017983652,0.016586661772463058
1659,1.3316161616161617,0.3616161616161616,-0.00011137333150073034,0.016884451682085133
1660,1.3316161616161617,0.36757575757575756,6.646003401312062e-06,0.017119804783423197
1661,1.3316161616161617,0.3735353535353535,2.7217130391869316e-05,0.017298232818423662
1662,1.3316161616161617,0.37949494949494944,0.00014552813790768765,0.017766669066678464
1663,1.3316161616161617,0.38545454545454544,8.622292819996474e-05,0.018105695983508648
1664,1.3316161616161617,0.3914141414141414,-0.00035058082559137756,0.01823634387710807
1665,1.3316161616161617,0.3973737373737373,0.00013623279708724215,0.01885295771340931
1666,1.3316161616161617,0.4033333333333333,-2.4844113997834906e-05,0.019119552187375904
1667,1.3316161616161617,0.40929292929292926,-9.672004373493193e-05,0.018889891117789787
1668,1.3316161616161617,0.4152525252525252,-0.00017228734389531657,0.01945432526411431
1669,1.3316161616161617,0.42121212121212115,1.013252196336495e-05,0.02002350540532415
1670,1.3316161616161617,0.42717171717171715,0.00020634303220137373,0.020185464765977008
1671,1.3316161616161617,0.4331313131313131,6.696476327193264e-05,0.020102560790675444
1672,1.3316161616161617,0.43909090909090903,-3.532561147389788e-05,0.020308322458077586
1673,1.3316161616161617,0.44505050505050503,-0.00020206792690852452,0.020746846879366076
1674,1.3316161616161617,0.45101010101010097,-0.00011519832484598383,0.020930665102531602
1675,1.3316161616161617,0.4569696969696969,-0.0001157562806324198,0.02134747992121763
1676,1.3316161616161617,0.4629292929292929,3.752662867716132e-05,0.021614506802321815
1677,1.3316161616161617,0.46888888888888886,0.0006319761247029204,0.02240208809096273
1678,1.3316161616161617,0.4748484848484848,0.0001297537291146107,0.02258714329183231
1679,1.3316161616161617,0.48080808080808074,0.00033496652965287155,0.022400260645616427
1680,1.3316161616161617,0.48676767676767674,-0.0001384231801437854,0.02272361220855531
1681,1.3316161616161617,0.4927272727272727,-9.60561533668785e-05,0.02268844936464008
1682,1.3316161616161617,0.4986868686868686,0.0003411172610820852,0.023363748855688184
1683,1.3316161616161617,0.5046464646464646,-5.4261166298724894e-05,0.023724390789016093
1684,1.3316161616161617,0.5106060606060605,7.986576100509306e-05,0.02400030784171158
1685,1.3316161616161617,0.5165656565656566,-8.992911804194587e-05,0.023953071876096445
1686,1.3316161616161617,0.5225252525252525,-5.84766994063282e-05,0.024729899642473557
1687,1.3316161616161617,0.5284848484848484,-8.970264689401621e-05,0.02485039240379212
1688,1.3316161616161617,0.5344444444444444,-0.00015988962499787366,0.025132978746710714
1689,1.3316161616161617,0.5404040404040403,-0.0003304644796828725,0.0252167757106175
1690,1.3316161616161617,0.5463636363636363,-0.00029157427365569843,0.025706518495939797
1691,1.3316161616161617,0.5523232323232323,0.00021694066078764576,0.02588032991025161
1692,1.3316161616161617,0.5582828282828283,-0.00038833183825963326,0.026374851441859613
1693,1.3316161616161617,0.5642424242424242,0.00021711727934626955,0.02663574378452007
1694,1.3316161616161617,0.5702020202020202,-0.0002285674965320351,0.02701655955637037
1695,1.3316161616161617,0.5761616161616161,2.637795807262879e-05,0.027273537736234036
1696,1.3316161616161617,0.582121212121212,8.011421115753892e-05,0.027425956668393116
1697,1.3316161616161617,0.588080808080808,0.00030262023580708206,0.0277405214596716
1698,1.3316161616161617,0.594040404040404,-0.0006277297201319322,0.027962917553955927
1699,1.3316161616161617,0.6,-0.00016550170996538946,0.02821347011338686
1700,1.3517171717171719,0.01,-8.116409344011033e-07,0.0004979991940088146
1701,1.3517171717171719,0.01595959595959596,2.551933904391146e-06,0.0007948895283972334
1702,1.3517171717171719,0.021919191919191918,-5.431821519051483e-06,0.0010884652924326443
1703,1.3517171717171719,0.027878787878787878,1.22344001204164e-05,0.0013832310100155753
1704,1.3517171717171719,0.033838383838383834,-2.6946698079877705e-06,0.0016940986767024133
1705,1.3517171717171719,0.0397979797979798,1.5642161036655612e-05,0.0019528167648107451
1706,1.3517171717171719,0.045757575757575754,-2.3088036211758e-05,0.0022773142398088177
1707,1.3517171717171719,0.05171717171717172,3.952293919752795e-05,0.0025818594727088262
1708,1.3517171717171719,0.05767676767676767,2.763161089888879e-05,0.0028705116007312946
1709,1.3517171717171719,0.06363636363636363,2.5086101692829277e-05,0.0031413242943931804
1710,1.3517171717171719,0.06959595959595959,-2.927831802267936e-05,0.0034518058572724553
1711,1.3517171717171719,0.07555555555555554,-5.736368746273046e-05,0.003734449205310009
1712,1.3517171717171719,0.0815151515151515,-1.271670860112878e-05,0.004064917674142077
1713,1.3517171717171719,0.08747474747474746,0.00010937732389307087,0.004420794186988961
1714,1.3517171717171719,0.09343434343434343,-2.352849817917937e-05,0.0046036116945556
1715,1.3517171717171719,0.09939393939393938,-6.838387339290652e-06,0.0049515703646046344
1716,1.3517171717171719,0.10535353535353534,3.179493302458794e-05,0.005180354212576482
1717,1.3517171717171719,0.1113131313131313,0.00013165456214719252,0.00553391329886032
1718,1.3517171717171719,0.11727272727272725,3.334574608495029e-05,0.0057651727807091
1719,1.3517171717171719,0.12323232323232322,1.9370909392519543e-05,0.0060755063269036
1720,1.3517171717171719,0.1291919191919192,3.872144897080321e-05,0.0063372123951997645
1721,1.3517171717171719,0.13515151515151513,4.840227962802681e-05,0.006830242191980293
1722,1.3517171717171719,0.1411111111111111,2.5791965962729212e-05,0.007014890000419548
1723,1.3517171717171719,0.14707070707070707,9.142282019526368e-05,0.007219482283521829
1724,1.3517171717171719,0.15303030303030302,-3.5179142174171006e-05,0.007531049629169013
1725,1.3517171717171719,0.158989898989899,-0.00016855170708597914,0.007942845291448506
1726,1.3517171717171719,0.16494949494949493,-5.1240616162725786e-05,0.008116629121767567
1727,1.3517171717171719,0.1709090909090909,-2.6778127656871964e-05,0.008561139532573762
1728,1.3517171717171719,0.17686868686868687,-5.254722879227402e-05,0.008682898634056632
1729,1.3517171717171719,0.1828282828282828,3.30873156121395e-05,0.009099881133547937
1730,1.3517171717171719,0.18878787878787878,3.462883125551654e-05,0.009441979210916265
1731,1.3517171717171719,0.19474747474747472,5.919444127881185e-05,0.009678041644610922
1732,1.3517171717171719,0.2007070707070707,-8.357656811736937e-05,0.009992448838975957
1733,1.3517171717171719,0.20666666666666667,8.062652395225216e-05,0.010411865090266035
1734,1.3517171717171719,0.2126262626262626,0.0001298684217107159,0.010538929497149454
1735,1.3517171717171719,0.21858585858585858,-6.316245951926012e-05,0.010666054453523196
1736,1.3517171717171719,0.22454545454545452,6.35173185013479e-05,0.011109583445485894
1737,1.3517171717171719,0.2305050505050505,0.0001987190781256101,0.01146090860632965
1738,1.3517171717171719,0.23646464646464646,-0.0001300155289746701,0.011585653454635119
1739,1.3517171717171719,0.2424242424242424,-9.353320635531115e-06,0.012176812198048944
1740,1.3517171717171719,0.24838383838383837,0.0001390669144512773,0.01223327214525006
1741,1.3517171717171719,0.2543434343434343,-0.00010601413141761935,0.012534329831150293
1742,1.3517171717171719,0.26030303030303026,-6.217773469009729e-05,0.012970849671815676
1743,1.3517171717171719,0.26626262626262626,4.118598850513331e-05,0.013294014058069533
1744,1.3517171717171719,0.2722222222222222,-7.818937525697215e-05,0.013637917503982452
1745,1.3517171717171719,0.27818181818181814,2.6139876823610407e-05,0.013766007883480473
1746,1.3517171717171719,0.28414141414141414,-0.0001777777797278173,0.01410067144621734
1747,1.3517171717171719,0.2901010101010101,-0.00024980115128601916,0.014319822564067794
1748,1.3517171717171719,0.296060606060606,-0.00019060217664384864,0.014620898809980845
1749,1.3517171717171719,0.302020202020202,0.00020780584043223792,0.015019759901560566
1750,1.3517171717171719,0.30797979797979796,-0.0003697997419129095,0.015201197126279386
1751,1.3517171717171719,0.3139393939393939,1.7115948985140373e-05,0.015504042113061195
1752,1.3517171717171719,0.31989898989898985,-2.000107501662035e-05,0.015992459275932094
1753,1.3517171717171719,0.32585858585858585,-3.55088477420652e-05,0.01637651855068699
1754,1.3517171717171719,0.3318181818181818,0.00039317411694461517,0.016574607951464343
1755,1.3517171717171719,0.33777777777777773,0.00012905556211359213,0.016744083315157515
1756,1.3517171717171719,0.34373737373737373,-0.00014911609538058318,0.017141410932435826
1757,1.3517171717171719,0.3496969696969697,-0.00020967736130247494,0.01714488687661407
1758,1.3517171717171719,0.3556565656565656,-0.00014950796494089772,0.017483094132384077
1759,1.3517171717171719,0.3616161616161616,5.1058784837608184e-05,0.01797910661309653
1760,1.3517171717171719,0.36757575757575756,1.7652815677155132e-05,0.018124954004002953
1761,1.3517171717171719,0.3735353535353535,0.00027179804732489776,0.01865332707071361
1762,1.3517171717171719,0.37949494949494944,-5.305106819300374e-05,0.01885881085209139
1763,1.3517171717171719,0.38545454545454544,-0.00037695686524190315,0.01893029806356602
1764,1.3517171717171719,0.3914141414141414,-5.993940059818788e-05,0.019134342123277467
1765,1.3517171717171719,0.3973737373737373,0.0001073586525553667,0.01946311938365365
1766,1.3517171717171719,0.4033333333333333,0.00011235057077079146,0.019946066841531853
1767,1.3517171717171719,0.40929292929292926,-7.198000840424529e-05,0.020344154711425193
1768,1.3517171717171719,0.4152525252525252,-0.000324865488685009,0.02055595799490826
1769,1.3517171717171719,0.42121212121212115,-4.971175389403498e-05,0.021038425102663717
1770,1.3517171717171719,0.42717171717171715,-7.991641048121481e-05,0.021287724743589618
1771,1.3517171717171719,0.4331313131313131,-0.0002454145708973936,0.02153215335124982
1772,1.3517171717171719,0.43909090909090903,-0.0001931919762583154,0.021913938743334888
1773,1.3517171717171719,0.44505050505050503,0.00036515241759179517,0.02181921143287539
1774,1.3517171717171719,0.45101010101010097,0.0003549987786788945,0.02277804222852173
1775,1.3517171717171719,0.4569696969696969,0.0001723751653736775,0.022668031877546617
1776,1.3517171717171719,0.4629292929292929,-0.00010583728599044832,0.022973693329675318
1777,1.3517171717171719,0.46888888888888886,-0.0003262049930196585,0.023570682605485026
1778,1.3517171717171719,0.4748484848484848,-4.090775114932435e-05,0.023787594910236947
1779,1.3517171717171719,0.48080808080808074,0.00031084104665922473,0.024067030287617506
1780,1.3517171717171719,0.48676767676767674,0.0002633054694777482,0.024169123027597654
1781,1.3517171717171719,0.4927272727272727,-0.00017672762857706567,0.024667114834263537
1782,1.3517171717171719,0.4986868686868686,-0.00013998276394097423,0.024878526479695653
1783,1.3517171717171719,0.5046464646464646,0.0002799795521502701,0.02504474010509781
1784,1.3517171717171719,0.5106060606060605,0.000316199077886512,0.025325067149099958
1785,1.3517171717171719,0.5165656565656566,-0.0008974109372700014,0.025361783171169636
1786,1.3517171717171719,0.5225252525252525,-0.00016379253194359432,0.026295226135106195
1787,1.3517171717171719,0.5284848484848484,-2.9777812169718654e-05,0.02620214666187775
1788,1.3517171717171719,0.5344444444444444,7.944674854871541e-05,0.026292562838806873
1789,1.3517171717171719,0.5404040404040403,-0.00011953298004983246,0.026556699244764823
1790,1.3517171717171719,0.5463636363636363,0.0003350399948770171,0.027176071486387423
1791,1.3517171717171719,0.5523232323232323,0.00020911540877968545,0.027789812572016393
1792,1.3517171717171719,0.5582828282828283,0.00017056417082465924,0.028115575442231703
1793,1.3517171717171719,0.5642424242424242,0.00024139409615316464,0.02766342849006042
1794,1.3517171717171719,0.5702020202020202,-0.0003319099586585122,0.028411653762460836
1795,1.3517171717171719,0.5761616161616161,0.00017455629174632176,0.0286987628956348
1796,1.3517171717171719,0.582121212121212,4.773264727199553e-05,0.029005246802282832
1797,1.3517171717171719,0.588080808080808,7.475801057347212e-05,0.029445089655758903
1798,1.3517171717171719,0.594040404040404,-0.00011111227258899057,0.029628634356016332
1799,1.3517171717171719,0.6,0.0002963040694598102,0.030042819100286562
1800,1.3718181818181818,0.01,-2.5206417488975118e-06,0.0005250756276024747
1801,1.3718181818181818,0.01595959595959596,-3.1383315447842675e-06,0.0008374575413662691
1802,1.3718181818181818,0.021919191919191918,1.234613477960239e-05,0.0011593202399667807
1803,1.3718181818181818,0.027878787878787878,-3.7239091205264476e-06,0.0014573313510177653
1804,1.3718181818181818,0.033838383838383834,-4.8038457621034535e-06,0.0017878386321746697
1805,1.3718181818181818,0.0397979797979798,-1.3808532500728776e-05,0.0020779173811675015
1806,1.3718181818181818,0.045757575757575754,1.239428453366609e-06,0.0023891995716992603
1807,1.3718181818181818,0.05171717171717172,1.8238944350859952e-05,0.0026943531014263153
1808,1.3718181818181818,0.05767676767676767,1.7333032682668836e-05,0.0030190102411852544
1809,1.3718181818181818,0.06363636363636363,7.649534059110286e-06,0.003332855411853884
1810,1.3718181818181818,0.06959595959595959,-3.9648384976461114e-05,0.003651366949305635
1811,1.3718181818181818,0.07555555555555554,1.1083335237432767e-06,0.003954687483962291
1812,1.3718181818181818,0.0815151515151515,-7.124791563954176e-05,0.004307394281975032
1813,1.3718181818181818,0.08747474747474746,3.8984622060750294e-05,0.004533608895045183
1814,1.3718181818181818,0.09343434343434343,6.316052081194998e-05,0.004844675369555369
1815,1.3718181818181818,0.09939393939393938,-2.2916315955221932e-05,0.005205517971415675
1816,1.3718181818181818,0.10535353535353534,-7.243711665640945e-05,0.005491754942185414
1817,1.3718181818181818,0.1113131313131313,-2.3634507483945056e-05,0.005783766870604005
1818,1.3718181818181818,0.11727272727272725,1.679818416154448e-05,0.006126632273605286
1819,1.3718181818181818,0.12323232323232322,-4.552460174646711e-06,0.006480987103627205
1820,1.3718181818181818,0.1291919191919192,-5.2738701688675584e-05,0.006746585136485525
1821,1.3718181818181818,0.13515151515151513,1.832994931940628e-05,0.007133943067597554
1822,1.3718181818181818,0.1411111111111111,4.081643332203301e-05,0.007377539406076247
1823,1.3718181818181818,0.14707070707070707,4.847851166089384e-05,0.0075871215648641984
1824,1.3718181818181818,0.15303030303030302,-5.117440811279739e-06,0.007977706483561638
1825,1.3718181818181818,0.158989898989899,-1.4665791946813667e-05,0.008289127799202546
1826,1.3718181818181818,0.16494949494949493,-3.2099546135753956e-05,0.00858683875727377
1827,1.3718181818181818,0.1709090909090909,-8.167050763146142e-05,0.009060406256185233
1828,1.3718181818181818,0.17686868686868687,4.1226415977487985e-05,0.009232360108687266
1829,1.3718181818181818,0.1828282828282828,5.925335901974188e-05,0.009576624946358492
1830,1.3718181818181818,0.18878787878787878,9.802224500081521e-05,0.009917630077305985
1831,1.3718181818181818,0.19474747474747472,-3.7229767499144004e-05,0.010174231423524884
1832,1.3718181818181818,0.2007070707070707,-4.8280955471715234e-05,0.010513843113058195
1833,1.3718181818181818,0.20666666666666667,-6.600805192870322e-05,0.010930768320805364
1834,1.3718181818181818,0.2126262626262626,-0.00027452753916958506,0.01110442541517068
1835,1.3718181818181818,0.21858585858585858,3.7513816834168435e-06,0.011285828759091185
1836,1.3718181818181818,0.22454545454545452,0.0002380537706812432,0.011833993529752816
1837,1.3718181818181818,0.2305050505050505,-4.443482823869175e-05,0.011980646881754166
1838,1.3718181818181818,0.23646464646464646,-9.734671450554285e-05,0.012413344148303805
1839,1.3718181818181818,0.2424242424242424,0.00011937990691367758,0.012674907960414874
1840,1.3718181818181818,0.24838383838383837,0.0001673853910209374,0.012918906594615639
1841,1.3718181818181818,0.2543434343434343,-0.000163987511386095,0.01326953122340419
1842,1.3718181818181818,0.26030303030303026,-0.00021012684217297634,0.013629290862538446
1843,1.3718181818181818,0.26626262626262626,-0.00020587875547723242,0.013870340761267143
1844,1.3718181818181818,0.2722222222222222,-0.00016983208648847136,0.014354052237186964
1845,1.3718181818181818,0.27818181818181814,3.470106901400534e-05,0.014668022227875173
1846,1.3718181818181818,0.28414141414141414,6.248081923331623e-05,0.014991216526544329
1847,1.3718181818181818,0.2901010101010101,-4.464870115212791e-05,0.015250539949025574
1848,1.3718181818181818,0.296060606060606,7.924864870883053e-05,0.015613243866465724
1849,1.3718181818181818,0.302020202020202,0.00014504973978952994,0.01578467635405447
1850,1.3718181818181818,0.30797979797979796,4.2155993821345286e-05,0.01611551426306364
1851,1.3718181818181818,0.3139393939393939,3.585383755332476e-05,0.016414483845589432
1852,1.3718181818181818,0.31989898989898985,-0.00027130823339378764,0.01679440245326168
1853,1.3718181818181818,0.32585858585858585,0.0001118111725011647,0.017307219199247815
1854,1.3718181818181818,0.3318181818181818,-9.816346007328607e-05,0.0175360986360959
1855,1.3718181818181818,0.33777777777777773,-0.00022451661845604952,0.01766654225237717
1856,1.3718181818181818,0.34373737373737373,0.00011858002858410753,0.018132337159107118
1857,1.3718181818181818,0.3496969696969697,2.94160947118266e-06,0.018491813773739114
1858,1.3718181818181818,0.3556565656565656,-0.00012826667870644376,0.018553459267522835
1859,1.3718181818181818,0.3616161616161616,-0.00026803732388300147,0.01873815398593291
1860,1.3718181818181818,0.36757575757575756,2.8207677399088736e-05,0.01946314649011159
1861,1.3718181818181818,0.3735353535353535,3.9422965072031176e-05,0.019553449533160468
1862,1.3718181818181818,0.37949494949494944,-0.00012806995603710178,0.020021437773776463
1863,1.3718181818181818,0.38545454545454544,0.00020262523654292037,0.020239290128234652
1864,1.3718181818181818,0.3914141414141414,0.00035856196210251145,0.02065793920287721
1865,1.3718181818181818,0.3973737373737373,0.00015007260223111367,0.020697715747206337
1866,1.3718181818181818,0.4033333333333333,0.00012605688581652117,0.021294362813918728
1867,1.3718181818181818,0.40929292929292926,6.890668633833867e-05,0.021842020302344518
1868,1.3718181818181818,0.4152525252525252,-4.642930652933876e-05,0.02201500192600353
1869,1.3718181818181818,0.42121212121212115,0.00027271474631811296,0.022372315508731044
1870,1.3718181818181818,0.42717171717171715,0.0002868343545969073,0.02257068418510368
1871,1.3718181818181818,0.4331313131313131,-6.333082877030716e-06,0.02276013881034444
1872,1.3718181818181818,0.43909090909090903,7.806426761634902e-05,0.023002558574193793
1873,1.3718181818181818,0.44505050505050503,-0.0004540505192043506,0.02342399842618584
1874,1.3718181818181818,0.45101010101010097,0.00014712264107941947,0.02396425695406956
1875,1.3718181818181818,0.4569696969696969,0.00032551985011419694,0.024022551565596136
1876,1.3718181818181818,0.4629292929292929,0.00023884218334856407,0.024592411366470647
1877,1.3718181818181818,0.46888888888888886,9.858160675275851e-05,0.024533788004050268
1878,1.3718181818181818,0.4748484848484848,7.309337244330216e-06,0.024976665889119933
1879,1.3718181818181818,0.48080808080808074,-0.00014862219231948518,0.02538518898341154
1880,1.3718181818181818,0.48676767676767674,-0.0003156778186289788,0.025410822685683655
1881,1.3718181818181818,0.4927272727272727,-0.000269386119485376,0.02620113992524179
1882,1.3718181818181818,0.4986868686868686,-0.00018322985557221334,0.02588739357347221
1883,1.3718181818181818,0.5046464646464646,0.0003473370538272065,0.026796064446422244
1884,1.3718181818181818,0.5106060606060605,-0.00012343513970720772,0.026708627567679156
1885,1.3718181818181818,0.5165656565656566,0.0001180471330776002,0.027438515756770112
1886,1.3718181818181818,0.5225252525252525,0.00013969856622638344,0.027686686256196
1887,1.3718181818181818,0.5284848484848484,-0.00023853793525485743,0.028116652638355288
1888,1.3718181818181818,0.5344444444444444,-0.000760206531457421,0.028217304275323884
1889,1.3718181818181818,0.5404040404040403,-0.0003587134565840414,0.028626463786681048
1890,1.3718181818181818,0.5463636363636363,-0.0008924456342597125,0.028489087248833627
1891,1.3718181818181818,0.5523232323232323,0.00030162801745280447,0.028882234049883302
1892,1.3718181818181818,0.5582828282828283,-2.5873676726218385e-05,0.029472230015843894
1893,1.3718181818181818,0.5642424242424242,-0.00020746911024148332,0.029551964370718022
1894,1.3718181818181818,0.5702020202020202,-0.00046171424670370646,0.029917314948820873
1895,1.3718181818181818,0.5761616161616161,-0.0004873877951703134,0.030090728732940226
1896,1.3718181818181818,0.582121212121212,4.006577272125358e-05,0.030728707988092508
1897,1.3718181818181818,0.588080808080808,3.763663076321533e-05,0.03128991479644094
1898,1.3718181818181818,0.594040404040404,0.0002998574693678088,0.03132141046675723
1899,1.3718181818181818,0.6,0.0005893376955034233,0.03187799800978566
1900,1.391919191919192,0.01,-1.3186073485450089e-06,0.0005515971871139696
1901,1.391919191919192,0.01595959595959596,2.4643873217306656e-06,0.0008841425027390492
1902,1.391919191919192,0.021919191919191918,1.5096344767836244e-05,0.0012091613662215822
1903,1.391919191919192,0.027878787878787878,1.2720098841694448e-06,0.0015496497611617863
1904,1.391919191919192,0.033838383838383834,6.187996032793986e-06,0.0018622129722461057
1905,1.391919191919192,0.0397979797979798,-7.181184054242695e-06,0.0021958091813398762
1906,1.391919191919192,0.045757575757575754,-1.0531880917526426e-05,0.0025222825756108357
1907,1.391919191919192,0.05171717171717172,1.4500821796328878e-05,0.0028830972513333576
1908,1.391919191919192,0.05767676767676767,-2.8304715549965853e-05,0.0031825342536919623
1909,1.391919191919192,0.06363636363636363,-2.5115450907258754e-06,0.003549379271794167
1910,1.391919191919192,0.06959595959595959,-2.3304269256534084e-05,0.003861168397405114
1911,1.391919191919192,0.07555555555555554,-2.355564581688944e-05,0.004189368651679507
1912,1.391919191919192,0.0815151515151515,-6.38530226883322e-05,0.004506351550891563
1913,1.391919191919192,0.08747474747474746,-9.404666766574931e-06,0.004822600956861321
1914,1.391919191919192,0.09343434343434343,-7.299164998908103e-06,0.005218025109239326
1915,1.391919191919192,0.09939393939393938,-2.397990266296346e-06,0.005538912833917355
1916,1.391919191919192,0.10535353535353534,6.178815842823068e-05,0.005841821115940365
1917,1.391919191919192,0.1113131313131313,-6.473118926220597e-05,0.006176516847752054
1918,1.391919191919192,0.11727272727272725,8.534263626043495e-05,0.006538022293830626
1919,1.391919191919192,0.12323232323232322,0.0001170838872728502,0.006823053803407912
1920,1.391919191919192,0.1291919191919192,-9.826116653676866e-05,0.007088675489500587
1921,1.391919191919192,0.13515151515151513,-9.219650332573912e-05,0.007444841461700331
1922,1.391919191919192,0.1411111111111111,-0.00011924698990277736,0.007829718170851584
1923,1.391919191919192,0.14707070707070707,1.3063086761489085e-05,0.00810675950214594
1924,1.391919191919192,0.15303030303030302,8.53017278669881e-05,0.008404022760503338
1925,1.391919191919192,0.158989898989899,-2.2147718603169408e-05,0.008799696677783263
1926,1.391919191919192,0.16494949494949493,0.00023801978105875973,0.009055520684492373
1927,1.391919191919192,0.1709090909090909,2.6490691233518705e-05,0.009522126105666716
1928,1.391919191919192,0.17686868686868687,-1.672632391315384e-05,0.009769788544210699
1929,1.391919191919192,0.1828282828282828,1.7946727823536036e-05,0.010038774467428265
1930,1.391919191919192,0.18878787878787878,-0.0001558082820767211,0.010543349802814227
1931,1.391919191919192,0.19474747474747472,3.2167089369148806e-06,0.010819899323102827
1932,1.391919191919192,0.2007070707070707,2.77206017648281e-05,0.011143925677461539
1933,1.391919191919192,0.20666666666666667,-4.5909598857843295e-06,0.011405568608079541
1934,1.391919191919192,0.2126262626262626,-1.293770140583228e-06,0.011827787384008873
1935,1.391919191919192,0.21858585858585858,-4.87563018108736e-05,0.011946883290078038
1936,1.391919191919192,0.22454545454545452,-0.00011357149601623999,0.012552029922846264
1937,1.391919191919192,0.2305050505050505,-4.6522416206878504e-05,0.012799188731830441
1938,1.391919191919192,0.23646464646464646,0.00021765370078487297,0.013150762183480005
1939,1.391919191919192,0.2424242424242424,0.00010702310538674478,0.013347795555445982
1940,1.391919191919192,0.24838383838383837,7.02238243319051e-06,0.013785282956191842
1941,1.391919191919192,0.2543434343434343,0.00010870562368095972,0.01420790660418005
1942,1.391919191919192,0.26030303030303026,0.00014170765245421997,0.014576346342284495
1943,1.391919191919192,0.26626262626262626,-0.00025809208697393025,0.014615462654667491
1944,1.391919191919192,0.2722222222222222,3.229628448945718e-05,0.014949672608116934
1945,1.391919191919192,0.27818181818181814,-0.0002820470802843974,0.015165700832631204
1946,1.391919191919192,0.28414141414141414,-3.065624442035265e-05,0.01563622063619121
1947,1.391919191919192,0.2901010101010101,0.00011965256451797445,0.01597529333548789
1948,1.391919191919192,0.296060606060606,-0.00026816497997851185,0.016439915827647946
1949,1.391919191919192,0.302020202020202,-0.0001310080935110258,0.01675087304633821
1950,1.391919191919192,0.30797979797979796,0.00017441440123548864,0.016844144396735244
1951,1.391919191919192,0.3139393939393939,3.1584816008547145e-05,0.017291965044998487
1952,1.391919191919192,0.31989898989898985,-0.00017096606010833475,0.01754901958140228
1953,1.391919191919192,0.32585858585858585,0.00024313079656061877,0.018022682950749512
1954,1.391919191919192,0.3318181818181818,-0.0002985275603810455,0.018100911878946403
1955,1.391919191919192,0.33777777777777773,-0.00025749690125552254,0.018844573669413195
1956,1.391919191919192,0.34373737373737373,-8.786589835550576e-05,0.01901978760759132
1957,1.391919191919192,0.3496969696969697,9.78050868284108e-05,0.019192766209661847
1958,1.391919191919192,0.3556565656565656,5.298452326805121e-05,0.01945909214543273
1959,1.391919191919192,0.3616161616161616,-4.8876289678356775e-08,0.020149746639266507
1960,1.391919191919192,0.36757575757575756,0.00014118547810973515,0.02045599992672721
1961,1.391919191919192,0.3735353535353535,-0.00046093876184721534,0.020520624150016157
1962,1.391919191919192,0.37949494949494944,9.452559153139153e-05,0.021208813704220328
1963,1.391919191919192,0.38545454545454544,9.869096830605284e-06,0.021228152488079827
1964,1.391919191919192,0.3914141414141414,-0.0004153621563871665,0.02153678642060908
1965,1.391919191919192,0.3973737373737373,-0.00013313462169979405,0.022012825935730874
1966,1.391919191919192,0.4033333333333333,0.0004160138289397654,0.022427622089629326
1967,1.391919191919192,0.40929292929292926,-0.00011991107100572669,0.022476994703062754
1968,1.391919191919192,0.4152525252525252,0.000295998490931583,0.022877563849110705
1969,1.391919191919192,0.42121212121212115,0.0002490877169120918,0.02347217590058648
1970,1.391919191919192,0.42717171717171715,0.0002631087116591623,0.023757162901804192
1971,1.391919191919192,0.4331313131313131,0.00020849223769417539,0.024018475196428815
1972,1.391919191919192,0.43909090909090903,-0.0005865362636146959,0.0241458528331183
1973,1.391919191919192,0.44505050505050503,0.00036736098095076935,0.024616033795889593
1974,1.391919191919192,0.45101010101010097,-0.00027729066821161253,0.024675491758380512
1975,1.391919191919192,0.4569696969696969,0.00025584118809792925,0.025411440756095204
1976,1.391919191919192,0.4629292929292929,3.278096100453454e-05,0.02537518990260712
1977,1.391919191919192,0.46888888888888886,0.0002711033431962227,0.026125771707962417
1978,1.391919191919192,0.4748484848484848,-0.0004308320492012955,0.026464325868143866
1979,1.391919191919192,0.48080808080808074,7.263179971571908e-05,0.026558882438033993
1980,1.391919191919192,0.48676767676767674,0.00017507155614939943,0.02726742802267722
1981,1.391919191919192,0.4927272727272727,-6.926152310779258e-05,0.02763051833298427
1982,1.391919191919192,0.4986868686868686,-0.00018619252616030351,0.027541082742352337
1983,1.391919191919192,0.5046464646464646,-0.0003714003322981686,0.027735128933807165
1984,1.391919191919192,0.5106060606060605,-2.4359830021829664e-05,0.02875295714181582
1985,1.391919191919192,0.5165656565656566,0.0003975236435245609,0.028493567614879384
1986,1.391919191919192,0.5225252525252525,2.1014474338982847e-06,0.028957782384998052
1987,1.391919191919192,0.5284848484848484,0.000340679439296962,0.02935094938544149
1988,1.391919191919192,0.5344444444444444,-6.481283325032126e-05,0.029504413803685115
1989,1.391919191919192,0.5404040404040403,-2.6507597472853072e-05,0.02999920515480699
1990,1.391919191919192,0.5463636363636363,0.0004981998608573526,0.030517472071027455
1991,1.391919191919192,0.5523232323232323,-0.0002390131356262959,0.03075013821841019
1992,1.391919191919192,0.5582828282828283,-2.3847365096752348e-05,0.031117507076924126
1993,1.391919191919192,0.5642424242424242,-0.0002646044403104743,0.0315316132810901
1994,1.391919191919192,0.5702020202020202,-5.914288878173656e-05,0.03183528783193459
1995,1.391919191919192,0.5761616161616161,-0.00023564661455048635,0.03183696763760719
1996,1.391919191919192,0.582121212121212,-0.00017314675424537197,0.03272349068122135
1997,1.391919191919192,0.588080808080808,0.000185136289872604,0.03243420470720416
1998,1.391919191919192,0.594040404040404,0.00036305834865535934,0.03353300963912892
1999,1.391919191919192,0.6,0.0005518778114095892,0.033220797140689456
2000,1.412020202020202,0.01,-2.7629867482583224e-06,0.0005830401106186603
2001,1.412020202020202,0.01595959595959596,6.545255001539174e-06,0.000938170851216578
2002,1.412020202020202,0.021919191919191918,8.61595746337016e-06,0.0012701654021360584
2003,1.412020202020202,0.027878787878787878,-1.8332465085280946e-05,0.0016162536372292455
2004,1.412020202020202,0.033838383838383834,-2.7208180484375456e-06,0.001968297821686402
2005,1.412020202020202,0.0397979797979798,5.971132484163555e-06,0.002319035349873446
2006,1.412020202020202,0.045757575757575754,-5.2664652371991716e-05,0.0026772807704421434
2007,1.412020202020202,0.05171717171717172,-3.5549006974496253e-06,0.0029952930370571564
2008,1.412020202020202,0.05767676767676767,-1.867982993469076e-05,0.0033745203134596027
2009,1.412020202020202,0.06363636363636363,-1.632423577275941e-05,0.00371115644478878
2010,1.412020202020202,0.06959595959595959,-3.0371373406783976e-05,0.0040414285155049275
2011,1.412020202020202,0.07555555555555554,-6.458835700139398e-06,0.00438720804138851
2012,1.412020202020202,0.0815151515151515,1.5388244023795794e-06,0.004691149959729652
2013,1.412020202020202,0.08747474747474746,-1.4017561109161259e-05,0.005038409097500436
2014,1.412020202020202,0.09343434343434343,-9.22533944803086e-05,0.005410223503735711
2015,1.412020202020202,0.09939393939393938,-0.0001520566003003544,0.00579671640719112
2016,1.412020202020202,0.10535353535353534,2.95666713144938e-05,0.006153022067402406
2017,1.412020202020202,0.1113131313131313,-5.042150453816306e-05,0.006449194287040954
2018,1.412020202020202,0.11727272727272725,-5.3440829540605305e-05,0.006872793751283654
2019,1.412020202020202,0.12323232323232322,-5.1486320356350715e-05,0.007200758733572892
2020,1.412020202020202,0.1291919191919192,0.0001135930389949639,0.007505546498702718
2021,1.412020202020202,0.13515151515151513,-7.714384160550418e-05,0.007854938018293924
2022,1.412020202020202,0.1411111111111111,2.547247877691079e-05,0.008205237331636299
2023,1.412020202020202,0.14707070707070707,-6.032223458229714e-05,0.008549409294994637
2024,1.412020202020202,0.15303030303030302,0.00011610472423589409,0.008880482222152656
2025,1.412020202020202,0.158989898989899,0.00018407567818677038,0.009227978144473471
2026,1.412020202020202,0.16494949494949493,-7.979243702683136e-06,0.009542635462389105
2027,1.412020202020202,0.1709090909090909,3.341736277002717e-05,0.009874512071681845
2028,1.412020202020202,0.17686868686868687,-5.7373413469348875e-05,0.010134001022271917
2029,1.412020202020202,0.1828282828282828,-3.942018026830256e-05,0.010599640675828142
2030,1.412020202020202,0.18878787878787878,0.00011126212467557913,0.010977291838360177
2031,1.412020202020202,0.19474747474747472,-9.538066596396296e-05,0.011421642355585777
2032,1.412020202020202,0.2007070707070707,-0.00035704460374431853,0.011618431090326096
2033,1.412020202020202,0.20666666666666667,6.1783570183053e-05,0.011793115549362602
2034,1.412020202020202,0.2126262626262626,0.00015902965117053276,0.012313559078429345
2035,1.412020202020202,0.21858585858585858,-3.9428561483510906e-05,0.012813457682810267
2036,1.412020202020202,0.22454545454545452,9.70113327976502e-05,0.01296242743700346
2037,1.412020202020202,0.2305050505050505,-9.468675798050168e-05,0.013397051687034285
2038,1.412020202020202,0.23646464646464646,0.00020791014017302394,0.013842509876592558
2039,1.412020202020202,0.2424242424242424,2.9611109579448345e-06,0.014059812033388873
2040,1.412020202020202,0.24838383838383837,0.00010204343144150321,0.014420294921602723
2041,1.412020202020202,0.2543434343434343,0.00023228463638534888,0.014814029568863761
2042,1.412020202020202,0.26030303030303026,0.0002543703093556687,0.015241811952002872
2043,1.412020202020202,0.26626262626262626,1.6495363425144593e-05,0.015576935289689326
2044,1.412020202020202,0.2722222222222222,0.0001308133689000603,0.015757785663620502
2045,1.412020202020202,0.27818181818181814,-3.5829908028101906e-05,0.016069292751334025
2046,1.412020202020202,0.28414141414141414,-0.00011618367556191524,0.016629229536056302
2047,1.412020202020202,0.2901010101010101,-5.694904776811031e-05,0.016760297311404854
2048,1.412020202020202,0.296060606060606,-5.640862336030619e-05,0.017437464300736553
2049,1.412020202020202,0.302020202020202,8.425533281051008e-05,0.01765436913161157
2050,1.412020202020202,0.30797979797979796,-0.00018529208741608952,0.017899133176015304
2051,1.412020202020202,0.3139393939393939,0.0003399558017066786,0.018263601116084906
2052,1.412020202020202,0.31989898989898985,-0.000253448970930753,0.01861401895404632
2053,1.412020202020202,0.32585858585858585,-9.966626186897798e-06,0.019185298728167623
2054,1.412020202020202,0.3318181818181818,0.000143805656728756,0.019534872784819506
2055,1.412020202020202,0.33777777777777773,-3.0191001409410325e-05,0.01939485466674825
2056,1.412020202020202,0.34373737373737373,0.00013015804331539926,0.02015484187810268
2057,1.412020202020202,0.3496969696969697,9.339183413588026e-05,0.020308407040639367
2058,1.412020202020202,0.3556565656565656,0.0001641100052429304,0.020683306903467775
2059,1.412020202020202,0.3616161616161616,0.00027783640387551056,0.021465134688795195
2060,1.412020202020202,0.36757575757575756,2.4695364876417436e-06,0.021371524375108877
2061,1.412020202020202,0.3735353535353535,2.4003126116202768e-05,0.022055288018943752
2062,1.412020202020202,0.37949494949494944,0.00010689456207206974,0.02197885820428943
2063,1.412020202020202,0.38545454545454544,0.00019298149691749888,0.022386710290038546
2064,1.412020202020202,0.3914141414141414,-3.166498852353068e-05,0.022886479377843685
2065,1.412020202020202,0.3973737373737373,-0.00011742384540286741,0.023092243734466607
2066,1.412020202020202,0.4033333333333333,-0.00012793929345456377,0.023680514633320847
2067,1.412020202020202,0.40929292929292926,-0.00020994732623348807,0.023713970801521527
2068,1.412020202020202,0.4152525252525252,0.00011309990387351477,0.024078190157566026
2069,1.412020202020202,0.42121212121212115,-0.0001755962674102844,0.02438824565482673
2070,1.412020202020202,0.42717171717171715,-0.00026192639972967866,0.02490356402529126
2071,1.412020202020202,0.4331313131313131,-4.091763945467135e-05,0.025184566008822445
2072,1.412020202020202,0.43909090909090903,-6.046561398254169e-06,0.02543113921251011
2073,1.412020202020202,0.44505050505050503,-0.0002608668346339683,0.02555619316832133
2074,1.412020202020202,0.45101010101010097,-0.00035591176077914805,0.026245997446338796
2075,1.412020202020202,0.4569696969696969,7.14040314666292e-05,0.026637046487744943
2076,1.412020202020202,0.4629292929292929,-0.0002796633034626107,0.026641764309083722
2077,1.412020202020202,0.46888888888888886,-0.000333716868621187,0.02701104055755401
2078,1.412020202020202,0.4748484848484848,4.363010399810863e-05,0.027729343370825384
2079,1.412020202020202,0.48080808080808074,-0.0002923646629001486,0.028106255956795317
2080,1.412020202020202,0.48676767676767674,-0.00021732841960661386,0.02835879898113244
2081,1.412020202020202,0.4927272727272727,0.00014357192962362143,0.02864211303202418
2082,1.412020202020202,0.4986868686868686,0.00028523289261891385,0.029402940520089856
2083,1.412020202020202,0.5046464646464646,-0.00039626034974533464,0.029421440210001152
2084,1.412020202020202,0.5106060606060605,0.0004692234383738447,0.02999412726211676
2085,1.412020202020202,0.5165656565656566,0.0006795317909062965,0.030292675086977982
2086,1.412020202020202,0.5225252525252525,0.0003185449246882775,0.030621476238366176
2087,1.412020202020202,0.5284848484848484,0.0006184460180750802,0.031077444092369018
2088,1.412020202020202,0.5344444444444444,-0.0003237422996014517,0.030875433811305628
2089,1.412020202020202,0.5404040404040403,1.3208279510767384e-05,0.03158948133046881
2090,1.412020202020202,0.5463636363636363,-6.068491859423791e-05,0.032028290016254214
2091,1.412020202020202,0.5523232323232323,0.0009348409218107763,0.03260594311014127
2092,1.412020202020202,0.5582828282828283,9.444311802378483e-05,0.03271454483811042
2093,1.412020202020202,0.5642424242424242,-0.00015652843333201766,0.03288877429558565
2094,1.412020202020202,0.5702020202020202,0.0001209158110011312,0.033164874642426415
2095,1.412020202020202,0.5761616161616161,0.00025190376913503994,0.03392178433238486
2096,1.412020202020202,0.582121212121212,-0.00015817092655686518,0.03426147529287879
2097,1.412020202020202,0.588080808080808,-0.00026312115895907084,0.034483806981306424
2098,1.412020202020202,0.594040404040404,0.00036500759213604217,0.03487526951892221
2099,1.412020202020202,0.6,0.00020828879162440554,0.035252477733061824
2100,1.4321212121212121,0.01,-3.5229805019478255e-06,0.0006159066816176269
2101,1.4321212121212121,0.01595959595959596,1.4930411697687707e-05,0.000966582231953481
2102,1.4321212121212121,0.021919191919191918,1.0402667947622502e-05,0.0013367983510270362
2103,1.4321212121212121,0.027878787878787878,-8.026244603444366e-07,0.0016946395356418904
2104,1.4321212121212121,0.033838383838383834,-2.4892275895277705e-05,0.002051676891749378
2105,1.4321212121212121,0.0397979797979798,-1.6625928877215702e-05,0.0024529170690404355
2106,1.4321212121212121,0.045757575757575754,3.643130607998735e-05,0.002762866805667318
2107,1.4321212121212121,0.05171717171717172,3.0082947370633084e-05,0.003163992266375163
2108,1.4321212121212121,0.05767676767676767,3.677206499409166e-05,0.003522168449277356
2109,1.4321212121212121,0.06363636363636363,-2.0132680958309136e-05,0.0038739023454554397
2110,1.4321212121212121,0.06959595959595959,-1.7849320688702476e-05,0.004227237999985492
2111,1.4321212121212121,0.07555555555555554,-8.888147527814038e-06,0.004556928722860493
2112,1.4321212121212121,0.0815151515151515,-2.1177116650046956e-05,0.004924312863827892
2113,1.4321212121212121,0.08747474747474746,1.9917939258612847e-06,0.005305115155094893
2114,1.4321212121212121,0.09343434343434343,-2.1064938542795975e-05,0.005718342442494143
2115,1.4321212121212121,0.09939393939393938,-3.413971133076365e-05,0.006074993733286504
2116,1.4321212121212121,0.10535353535353534,0.0001321276658304489,0.006423516901192145
2117,1.4321212121212121,0.1113131313131313,0.00012914040044451118,0.006717327224152196
2118,1.4321212121212121,0.11727272727272725,8.027618094056055e-07,0.007173676902413566
2119,1.4321212121212121,0.12323232323232322,-6.607571214326708e-05,0.007467064573023958
2120,1.4321212121212121,0.1291919191919192,-2.641835291819492e-05,0.007814456856594924
2121,1.4321212121212121,0.13515151515151513,-8.638358611568114e-05,0.008217117408630943
2122,1.4321212121212121,0.1411111111111111,7.694977929375287e-05,0.008522437561992412
2123,1.4321212121212121,0.14707070707070707,-2.4602121757999827e-05,0.009014317927729838
2124,1.4321212121212121,0.15303030303030302,6.734154805353428e-05,0.009470038612886506
2125,1.4321212121212121,0.158989898989899,1.566354411430807e-05,0.00968301096468178
2126,1.4321212121212121,0.16494949494949493,-9.535981622150562e-05,0.009999420775358434
2127,1.4321212121212121,0.1709090909090909,-6.607348851920326e-05,0.010367108525642538
2128,1.4321212121212121,0.17686868686868687,6.955489220285579e-05,0.010839358454071898
2129,1.4321212121212121,0.1828282828282828,0.00010542948104719963,0.01110377511499517
2130,1.4321212121212121,0.18878787878787878,0.00026671913513737856,0.011563194462340219
2131,1.4321212121212121,0.19474747474747472,-5.9616252049682564e-05,0.011955887290764803
2132,1.4321212121212121,0.2007070707070707,4.6792915225290074e-05,0.012253858797875498
2133,1.4321212121212121,0.20666666666666667,7.930586503305387e-05,0.012700196160805179
2134,1.4321212121212121,0.2126262626262626,0.0001778766100159446,0.01301896239236458
2135,1.4321212121212121,0.21858585858585858,-6.161031072968966e-05,0.01325865289402712
2136,1.4321212121212121,0.22454545454545452,-0.00011591838299804025,0.013681434749456278
2137,1.4321212121212121,0.2305050505050505,-3.4163009249702144e-05,0.014090493239444545
2138,1.4321212121212121,0.23646464646464646,-2.6883437508853046e-05,0.014532333107452297
2139,1.4321212121212121,0.2424242424242424,0.0003185388536794999,0.014673684583523921
2140,1.4321212121212121,0.24838383838383837,0.0002636303697167187,0.015180206406805933
2141,1.4321212121212121,0.2543434343434343,4.31046308745318e-05,0.015491329355570498
2142,1.4321212121212121,0.26030303030303026,-0.00017931037388110754,0.01588259683364311
2143,1.4321212121212121,0.26626262626262626,0.0001555893924777413,0.015959242778153568
2144,1.4321212121212121,0.2722222222222222,7.68430696412188e-06,0.01662401144572078
2145,1.4321212121212121,0.27818181818181814,8.686358498755792e-05,0.016792403037559682
2146,1.4321212121212121,0.28414141414141414,-0.00014612762413109275,0.01741637112326908
2147,1.4321212121212121,0.2901010101010101,0.00012648306266479196,0.017889852590777917
2148,1.4321212121212121,0.296060606060606,-0.00026464675679821904,0.017974489531017823
2149,1.4321212121212121,0.302020202020202,5.41046757069505e-05,0.018612263321804275
2150,1.4321212121212121,0.30797979797979796,0.0004259110975839844,0.018748084466832828
2151,1.4321212121212121,0.3139393939393939,7.49362585250813e-05,0.018872342369961107
2152,1.4321212121212121,0.31989898989898985,-5.2374223815033405e-05,0.019399486069954484
2153,1.4321212121212121,0.32585858585858585,-0.0002487236669952842,0.01974296130746438
2154,1.4321212121212121,0.3318181818181818,0.0003383126969842558,0.02012815850610088
2155,1.4321212121212121,0.33777777777777773,-6.237334109860549e-05,0.02061830583732926
2156,1.4321212121212121,0.34373737373737373,3.180816702013664e-05,0.020933889693584645
2157,1.4321212121212121,0.3496969696969697,-1.0552865449198846e-05,0.02133441921214912
2158,1.4321212121212121,0.3556565656565656,0.00040479446126498073,0.021933031644530535
2159,1.4321212121212121,0.3616161616161616,6.290898960354763e-05,0.022285536047455135
2160,1.4321212121212121,0.36757575757575756,0.0003072209462793554,0.022825446154777454
2161,1.4321212121212121,0.3735353535353535,-0.00017132463773150325,0.02291751482478042
2162,1.4321212121212121,0.37949494949494944,0.0002794018968447576,0.023095584248110708
2163,1.4321212121212121,0.38545454545454544,0.0001218434415648657,0.02359161362339587
2164,1.4321212121212121,0.3914141414141414,-0.0001265152087186642,0.024037932781541607
2165,1.4321212121212121,0.3973737373737373,-2.290979666304016e-05,0.024193673015941542
2166,1.4321212121212121,0.4033333333333333,-0.0003612542043744053,0.02454839785159438
2167,1.4321212121212121,0.40929292929292926,0.0002755663595557988,0.02510113182240358
2168,1.4321212121212121,0.4152525252525252,-3.8346378699582484e-05,0.02537969359528053
2169,1.4321212121212121,0.42121212121212115,0.00011106198660244456,0.025796024483501434
2170,1.4321212121212121,0.42717171717171715,-1.7199936229165736e-05,0.02618330401855954
2171,1.4321212121212121,0.4331313131313131,-8.942387672702514e-05,0.026654796160930496
2172,1.4321212121212121,0.43909090909090903,0.0001518632145622954,0.026934817363950824
2173,1.4321212121212121,0.44505050505050503,0.00012509993600318098,0.027146565435997187
2174,1.4321212121212121,0.45101010101010097,-0.00037220998018831514,0.027669275699629663
2175,1.4321212121212121,0.4569696969696969,-0.00034120627137637774,0.027879207603972823
2176,1.4321212121212121,0.4629292929292929,-5.994372606969084e-05,0.0282009744941884
2177,1.4321212121212121,0.46888888888888886,-0.00018957409517817177,0.02880543544139162
2178,1.4321212121212121,0.4748484848484848,0.00024561363204904596,0.029008839877109265
2179,1.4321212121212121,0.48080808080808074,6.169580535441275e-05,0.0293317029633063
2180,1.4321212121212121,0.48676767676767674,4.155890757462357e-05,0.02978639822546379
2181,1.4321212121212121,0.4927272727272727,-0.00026621938120972155,0.02988935854517742
2182,1.4321212121212121,0.4986868686868686,-0.00021723029601359602,0.030543460870684908
2183,1.4321212121212121,0.5046464646464646,-1.4110487172293152e-05,0.030926193201412624
2184,1.4321212121212121,0.5106060606060605,-0.0004488205576287907,0.031100959031278727
2185,1.4321212121212121,0.5165656565656566,8.82438016249412e-05,0.03152102444921494
2186,1.4321212121212121,0.5225252525252525,-0.00035670690809946724,0.03208548865915995
2187,1.4321212121212121,0.5284848484848484,-3.282423659109835e-05,0.032018072128066864
2188,1.4321212121212121,0.5344444444444444,0.0002084880453490003,0.03255438211511833
2189,1.4321212121212121,0.5404040404040403,0.00015974880606066746,0.03320846379719738
2190,1.4321212121212121,0.5463636363636363,0.0007037525233837312,0.033637648651897924
2191,1.4321212121212121,0.5523232323232323,0.00041466313462953393,0.03441600723502364
2192,1.4321212121212121,0.5582828282828283,0.000332358339298108,0.03418258902718382
2193,1.4321212121212121,0.5642424242424242,-0.00013090621486073396,0.034557444427507814
2194,1.4321212121212121,0.5702020202020202,-0.0005724647741934012,0.03483432126337507
2195,1.4321212121212121,0.5761616161616161,-0.0001551117511292118,0.03494595043712057
2196,1.4321212121212121,0.582121212121212,-0.0003513156032167083,0.03529302144635435
2197,1.4321212121212121,0.588080808080808,-0.00023799212643722153,0.03635375634147608
2198,1.4321212121212121,0.594040404040404,0.00022703075047651494,0.03675954835153429
2199,1.4321212121212121,0.6,-0.0004601356742366166,0.036956116597033524
2200,1.4522222222222223,0.01,-1.0133721094586102e-06,0.0006399685564074891
2201,1.4522222222222223,0.01595959595959596,6.62111596868653e-07,0.0010254740369848136
2202,1.4522222222222223,0.021919191919191918,4.2888962118005635e-06,0.0013974433768377014
2203,1.4522222222222223,0.027878787878787878,9.551241483061622e-06,0.0017849947109294323
2204,1.4522222222222223,0.033838383838383834,1.0309095092564891e-05,0.0021652301530897186
2205,1.4522222222222223,0.0397979797979798,2.3972670920580296e-05,0.0025659159961528392
2206,1.4522222222222223,0.045757575757575754,-1.02407014741418e-05,0.0028703508443093427
2207,1.4522222222222223,0.05171717171717172,5.305547312001407e-05,0.0032921852095651027
2208,1.4522222222222223,0.05767676767676767,-1.1016676594270713e-05,0.003673966619974709
2209,1.4522222222222223,0.06363636363636363,-8.70688035494547e-05,0.004066882295598529
2210,1.4522222222222223,0.06959595959595959,-7.593803982190106e-06,0.004456864708003972
2211,1.4522222222222223,0.07555555555555554,-2.758135481103423e-05,0.004778864928656881
2212,1.4522222222222223,0.0815151515151515,4.405735426472007e-05,0.005200053188687366
2213,1.4522222222222223,0.08747474747474746,7.766671332865955e-05,0.005528606819413966
2214,1.4522222222222223,0.09343434343434343,-4.083981098868611e-05,0.005976166011732247
2215,1.4522222222222223,0.09939393939393938,0.0001084785236814209,0.006309155559600585
2216,1.4522222222222223,0.10535353535353534,-0.00013653671933095085,0.0066935389833528815
2217,1.4522222222222223,0.1113131313131313,0.0001128542993439523,0.007046182374540009
2218,1.4522222222222223,0.11727272727272725,-2.4097402675286873e-05,0.007488215734031716
2219,1.4522222222222223,0.12323232323232322,4.755853553812372e-05,0.007884147186551182
2220,1.4522222222222223,0.1291919191919192,5.253639846848837e-05,0.008174619435745618
2221,1.4522222222222223,0.13515151515151513,4.544337597062519e-05,0.00865908500244157
2222,1.4522222222222223,0.1411111111111111,-3.3466156469475425e-05,0.009035892202752622
2223,1.4522222222222223,0.14707070707070707,3.96103255065349e-05,0.009376854248189919
2224,1.4522222222222223,0.15303030303030302,-0.00015627209024638927,0.009707073036418584
2225,1.4522222222222223,0.158989898989899,-4.8477784718243886e-05,0.010148778470321319
2226,1.4522222222222223,0.16494949494949493,0.00014940392015889495,0.010482633723673798
2227,1.4522222222222223,0.1709090909090909,-2.2643104850227425e-05,0.01091220229465325
2228,1.4522222222222223,0.17686868686868687,0.00011695990076436829,0.011186112178082427
2229,1.4522222222222223,0.1828282828282828,0.00020499591526932788,0.011685251275914497
2230,1.4522222222222223,0.18878787878787878,-8.38315517920701e-05,0.012013966756896102
2231,1.4522222222222223,0.19474747474747472,-0.0001987356542082216,0.012247072034574518
2232,1.4522222222222223,0.2007070707070707,0.0002060058801105164,0.012905690931253287
2233,1.4522222222222223,0.20666666666666667,-9.65509813326879e-06,0.013132923860399246
2234,1.4522222222222223,0.2126262626262626,-4.833285869337734e-07,0.013543985064094814
2235,1.4522222222222223,0.21858585858585858,6.0590935557333624e-05,0.013733475127411656
2236,1.4522222222222223,0.22454545454545452,0.00010256602894818107,0.014346489168124211
2237,1.4522222222222223,0.2305050505050505,-0.0001607797650576305,0.014750463185247375
2238,1.4522222222222223,0.23646464646464646,-8.231613953364901e-05,0.015130482816509668
2239,1.4522222222222223,0.2424242424242424,5.09484943183786e-05,0.015545871009161678
2240,1.4522222222222223,0.24838383838383837,0.00022642832312262673,0.0160137582339844
2241,1.4522222222222223,0.2543434343434343,0.00010591451511024975,0.01625707657567024
2242,1.4522222222222223,0.26030303030303026,0.00013676876328932078,0.016630256274502157
2243,1.4522222222222223,0.26626262626262626,-0.0003077999423400507,0.016910296279574577
2244,1.4522222222222223,0.2722222222222222,-0.00029518311403806244,0.017184911629219615
2245,1.4522222222222223,0.27818181818181814,-0.00013021152808219367,0.017769510352626975
2246,1.4522222222222223,0.28414141414141414,0.00011086876863684991,0.01791804961365662
2247,1.4522222222222223,0.2901010101010101,-7.664369238455829e-05,0.018397548559152214
2248,1.4522222222222223,0.296060606060606,-0.0002253350936696176,0.018826802019029622
2249,1.4522222222222223,0.302020202020202,8.344751516031233e-05,0.019336297526581867
2250,1.4522222222222223,0.30797979797979796,3.646187085909748e-05,0.019724707183916782
2251,1.4522222222222223,0.3139393939393939,-0.00018794420375400821,0.020090968526261674
2252,1.4522222222222223,0.31989898989898985,0.00011658897156711885,0.020415587301242502
2253,1.4522222222222223,0.32585858585858585,2.0109725134432145e-05,0.02063254506261348
2254,1.4522222222222223,0.3318181818181818,-0.00025651822866452055,0.021145679070460992
2255,1.4522222222222223,0.33777777777777773,-0.00042043397567981575,0.02148353225435885
2256,1.4522222222222223,0.34373737373737373,0.00016689315248095182,0.022017469395317898
2257,1.4522222222222223,0.3496969696969697,0.00010905570294374441,0.022368563995269024
2258,1.4522222222222223,0.3556565656565656,-0.0001570486026372053,0.023124252097658508
2259,1.4522222222222223,0.3616161616161616,-0.0001486823317416773,0.023062106827625006
2260,1.4522222222222223,0.36757575757575756,0.0003081942786085548,0.02353373423355868
2261,1.4522222222222223,0.3735353535353535,-1.512248332399857e-05,0.02409942558300728
2262,1.4522222222222223,0.37949494949494944,5.012987457130272e-05,0.02395108892714866
2263,1.4522222222222223,0.38545454545454544,-0.0002456625714600355,0.02477699951107557
2264,1.4522222222222223,0.3914141414141414,-6.097741476395647e-05,0.024932266277377633
2265,1.4522222222222223,0.3973737373737373,0.00013473000054782292,0.02507590512213606
2266,1.4522222222222223,0.4033333333333333,-0.0003480213716352453,0.025905759557322793
2267,1.4522222222222223,0.40929292929292926,-0.00023962777374085374,0.0262504772089261
2268,1.4522222222222223,0.4152525252525252,0.0002257174150632561,0.026545443956960794
2269,1.4522222222222223,0.42121212121212115,0.0003355472668734001,0.026999449549809394
2270,1.4522222222222223,0.42717171717171715,-0.0001507848115903975,0.0271300324689876
2271,1.4522222222222223,0.4331313131313131,6.545054024541388e-05,0.027943274246409834
2272,1.4522222222222223,0.43909090909090903,-0.00017586459569596602,0.027879683846631528
2273,1.4522222222222223,0.44505050505050503,5.542718427953417e-05,0.028628115855025362
2274,1.4522222222222223,0.45101010101010097,0.0003511208558206584,0.028764759459386093
2275,1.4522222222222223,0.4569696969696969,0.00013740858823122398,0.029332959838141708
2276,1.4522222222222223,0.4629292929292929,-0.00021519311379455854,0.02950731599434048
2277,1.4522222222222223,0.46888888888888886,-0.00013201472454447808,0.029891756446167993
2278,1.4522222222222223,0.4748484848484848,-0.0004296802896482676,0.03038516677314087
2279,1.4522222222222223,0.48080808080808074,-0.0002852757350647838,0.03059021505673832
2280,1.4522222222222223,0.48676767676767674,-0.000332742498999534,0.031069155839575983
2281,1.4522222222222223,0.4927272727272727,9.98045933425372e-05,0.031325772165350964
2282,1.4522222222222223,0.4986868686868686,-0.0001954064730948221,0.031696183676412415
2283,1.4522222222222223,0.5046464646464646,-0.00014508299654145097,0.03196642899408652
2284,1.4522222222222223,0.5106060606060605,0.00044550043644376843,0.03287368623854631
2285,1.4522222222222223,0.5165656565656566,-6.677114916748423e-05,0.03281789510431093
2286,1.4522222222222223,0.5225252525252525,0.00014984473767818893,0.033472036768229775
2287,1.4522222222222223,0.5284848484848484,-0.0002223404691749166,0.03378916258325904
2288,1.4522222222222223,0.5344444444444444,0.00011278299882641854,0.034578912612329656
2289,1.4522222222222223,0.5404040404040403,0.0003085269871235021,0.034633763417287654
2290,1.4522222222222223,0.5463636363636363,0.0001657688004726269,0.03535159020719235
2291,1.4522222222222223,0.5523232323232323,0.0007732442819306068,0.03569642357763806
2292,1.4522222222222223,0.5582828282828283,0.00010414231393505706,0.03542554288111337
2293,1.4522222222222223,0.5642424242424242,0.0005296573706370244,0.036564297581381876
2294,1.4522222222222223,0.5702020202020202,-0.0006365263535385909,0.03558725215220929
2295,1.4522222222222223,0.5761616161616161,-0.0005821493386327314,0.0371858306267182
2296,1.4522222222222223,0.582121212121212,0.0001504709489509386,0.03776121620806266
2297,1.4522222222222223,0.588080808080808,0.00013860371003515773,0.03757250544337976
2298,1.4522222222222223,0.594040404040404,-0.00012919226774729377,0.03806825027542104
2299,1.4522222222222223,0.6,4.997277073687485e-05,0.03844883062524521
2300,1.4723232323232325,0.01,-5.3026502307877645e-06,0.0006599264318215807
2301,1.4723232323232325,0.01595959595959596,8.887196999034841e-07,0.0010688026108597295
2302,1.4723232323232325,0.021919191919191918,-7.770350858385966e-06,0.0014516835471369293
2303,1.4723232323232325,0.027878787878787878,9.985095248261333e-06,0.0018647093019624908
2304,1.4723232323232325,0.033838383838383834,4.356621888970902e-07,0.002237749701020032
2305,1.4723232323232325,0.0397979797979798,1.779259176080633e-05,0.00267909215736461
2306,1.4723232323232325,0.045757575757575754,-3.7088454725045996e-05,0.003067454806217112
2307,1.4723232323232325,0.05171717171717172,5.2905205736916336e-05,0.003428205142902472
2308,1.4723232323232325,0.05767676767676767,-2.902133333137854e-05,0.0038948644913136604
2309,1.4723232323232325,0.06363636363636363,-2.6509055417342688e-05,0.004209168419145352
2310,1.4723232323232325,0.06959595959595959,-1.9163549864478368e-05,0.004620706107618411
2311,1.4723232323232325,0.07555555555555554,-5.687542696973942e-05,0.005048819302625806
2312,1.4723232323232325,0.0815151515151515,-2.518413277311882e-06,0.005472922161591016
2313,1.4723232323232325,0.08747474747474746,-6.55240344157886e-05,0.005865756101108245
2314,1.4723232323232325,0.09343434343434343,3.664500659658102e-05,0.006245119331300489
2315,1.4723232323232325,0.09939393939393938,-9.331152847567891e-06,0.006543926863562165
2316,1.4723232323232325,0.10535353535353534,3.561323452588184e-05,0.006948298643799552
2317,1.4723232323232325,0.1113131313131313,-7.043784502379524e-06,0.007387792113648041
2318,1.4723232323232325,0.11727272727272725,-1.7525561239399846e-05,0.007847539241327799
2319,1.4723232323232325,0.12323232323232322,-4.15469548664658e-05,0.008288879039673446
2320,1.4723232323232325,0.1291919191919192,0.00020615979520199743,0.008734036592552084
2321,1.4723232323232325,0.13515151515151513,9.968197268345704e-05,0.008861747530238821
2322,1.4723232323232325,0.1411111111111111,-2.7652294446119443e-05,0.009332476328283995
2323,1.4723232323232325,0.14707070707070707,-0.00017459208049005077,0.00984564900492455
2324,1.4723232323232325,0.15303030303030302,-2.659252564062655e-05,0.010304724263219723
2325,1.4723232323232325,0.158989898989899,1.816162681366561e-05,0.010477156416365747
2326,1.4723232323232325,0.16494949494949493,8.643530742564598e-05,0.011026884860191889
2327,1.4723232323232325,0.1709090909090909,-8.964100500964238e-05,0.011294862867747378
2328,1.4723232323232325,0.17686868686868687,-0.0001302568122896721,0.011765772810442355
2329,1.4723232323232325,0.1828282828282828,0.00015611705247587984,0.01213097828451911
2330,1.4723232323232325,0.18878787878787878,-6.17454370595145e-05,0.012483914211116852
2331,1.4723232323232325,0.19474747474747472,-0.0001463734364473485,0.012977145629565694
2332,1.4723232323232325,0.2007070707070707,0.0001845731333383225,0.013326879528678556
2333,1.4723232323232325,0.20666666666666667,-4.7706343799345804e-05,0.01376360239769296
2334,1.4723232323232325,0.2126262626262626,-0.00010332569245002377,0.014026297142045325
2335,1.4723232323232325,0.21858585858585858,-4.431718554526536e-05,0.014358821525250105
2336,1.4723232323232325,0.22454545454545452,-4.541629124272177e-05,0.014984598373692384
2337,1.4723232323232325,0.2305050505050505,-0.00013560300978212968,0.01546911738694872
2338,1.4723232323232325,0.23646464646464646,-0.00023844975081798933,0.015703365075795138
2339,1.4723232323232325,0.2424242424242424,0.00021366429609510654,0.01637946577166192
2340,1.4723232323232325,0.24838383838383837,4.571038033063435e-05,0.016619282834526426
2341,1.4723232323232325,0.2543434343434343,-0.0002519870850303211,0.0168258018660365
2342,1.4723232323232325,0.26030303030303026,3.979704352755648e-05,0.01758264917659911
2343,1.4723232323232325,0.26626262626262626,-0.00010691575929657078,0.017865799505314417
2344,1.4723232323232325,0.2722222222222222,-0.000328049778585543,0.018222262694622283
2345,1.4723232323232325,0.27818181818181814,-0.00027227564514698265,0.01846894422911665
2346,1.4723232323232325,0.28414141414141414,-0.00010416830011032163,0.019002279508114336
2347,1.4723232323232325,0.2901010101010101,0.00013259067436245244,0.019519999103330625
2348,1.4723232323232325,0.296060606060606,5.176605136329804e-05,0.01963255424438349
2349,1.4723232323232325,0.302020202020202,-0.00038154230626650826,0.020270263998276583
2350,1.4723232323232325,0.30797979797979796,0.0002473313919888627,0.02051249995438805
2351,1.4723232323232325,0.3139393939393939,-0.00013406879380639146,0.02095252939445743
2352,1.4723232323232325,0.31989898989898985,-0.00026985713205324684,0.021572532301716112
2353,1.4723232323232325,0.32585858585858585,-0.00018804936524523128,0.02159210226387529
2354,1.4723232323232325,0.3318181818181818,-0.00030486413603908355,0.022222671005713294
2355,1.4723232323232325,0.33777777777777773,-0.00012604474236485604,0.02258412534527007
2356,1.4723232323232325,0.34373737373737373,-0.00025583394879365943,0.022728223084521455
2357,1.4723232323232325,0.3496969696969697,4.272384093616371e-05,0.02352244812166697
2358,1.4723232323232325,0.3556565656565656,3.877842919038966e-05,0.02386076520492713
2359,1.4723232323232325,0.3616161616161616,0.00018081020762090186,0.024008720984907948
2360,1.4723232323232325,0.36757575757575756,-0.0002656735069598064,0.02459613168561639
2361,1.4723232323232325,0.3735353535353535,0.00022339603366301414,0.024773428149180723
2362,1.4723232323232325,0.37949494949494944,-9.523200254428092e-05,0.025464388194407824
2363,1.4723232323232325,0.38545454545454544,-0.00019817424120159588,0.025588681328956645
2364,1.4723232323232325,0.3914141414141414,-0.0003889907669292791,0.02629754164746522
2365,1.4723232323232325,0.3973737373737373,-3.60697403770318e-05,0.026487762737745023
2366,1.4723232323232325,0.4033333333333333,0.00031863589694448147,0.027168437372243455
2367,1.4723232323232325,0.40929292929292926,-2.774619766319155e-05,0.027153296585889785
2368,1.4723232323232325,0.4152525252525252,0.00011924952760312456,0.02816173062329102
2369,1.4723232323232325,0.42121212121212115,-0.00015890702114985058,0.02802233890654486
2370,1.4723232323232325,0.42717171717171715,-0.0005114524624179942,0.028159875343220543
2371,1.4723232323232325,0.4331313131313131,-0.0005631990812252767,0.028589105710702886
2372,1.4723232323232325,0.43909090909090903,-0.00010945471346303321,0.029510976834485766
2373,1.4723232323232325,0.44505050505050503,4.155534788425992e-05,0.029914547112390204
2374,1.4723232323232325,0.45101010101010097,-0.00033399648170697973,0.030163651797392773
2375,1.4723232323232325,0.4569696969696969,9.388527430066337e-05,0.030605737096843957
2376,1.4723232323232325,0.4629292929292929,-0.00024788115145300366,0.030829579453693322
2377,1.4723232323232325,0.46888888888888886,-0.0005369514350806636,0.031009039404344987
2378,1.4723232323232325,0.4748484848484848,-2.0307205408714703e-05,0.03137592008502645
2379,1.4723232323232325,0.48080808080808074,0.00011537838773115147,0.03180740299399191
2380,1.4723232323232325,0.48676767676767674,0.0005795430539374356,0.03259572730338006
2381,1.4723232323232325,0.4927272727272727,-0.00019196499878448354,0.032556956228538894
2382,1.4723232323232325,0.4986868686868686,0.000203021599984032,0.03311001219756568
2383,1.4723232323232325,0.5046464646464646,-0.0002631183731673633,0.03396736490937283
2384,1.4723232323232325,0.5106060606060605,0.00045712089938112257,0.03440535701640343
2385,1.4723232323232325,0.5165656565656566,-0.00020406224958800578,0.03424198673066381
2386,1.4723232323232325,0.5225252525252525,-1.7915463458881885e-05,0.03466795925815243
2387,1.4723232323232325,0.5284848484848484,0.0004147765005848241,0.035980076609240144
2388,1.4723232323232325,0.5344444444444444,-0.00025034820475693825,0.03569131990852888
2389,1.4723232323232325,0.5404040404040403,0.00019901693940114638,0.036287629285671814
2390,1.4723232323232325,0.5463636363636363,-1.5187551318339043e-06,0.036288574416074804
2391,1.4723232323232325,0.5523232323232323,0.0009121817893479465,0.03788048739596488
2392,1.4723232323232325,0.5582828282828283,0.0003651675450672477,0.03747331098131902
2393,1.4723232323232325,0.5642424242424242,0.00031069166998996985,0.03805086355351103
2394,1.4723232323232325,0.5702020202020202,-0.0006261570864830331,0.03841113305620965
2395,1.4723232323232325,0.5761616161616161,7.77366496479417e-05,0.037560974867409926
2396,1.4723232323232325,0.582121212121212,0.0004941741380618846,0.03907298304406684
2397,1.4723232323232325,0.588080808080808,0.0004969830706864039,0.03956323476836471
2398,1.4723232323232325,0.594040404040404,-0.0004142642811198971,0.03950212654969873
2399,1.4723232323232325,0.6,4.623310642538092e-06,0.04028601157394319
2400,1.4924242424242424,0.01,-9.280819580605748e-06,0.0006958587152171703
2401,1.4924242424242424,0.01595959595959596,-1.2551864087541708e-05,0.001105774537232196
2402,1.4924242424242424,0.021919191919191918,-3.10667400002844e-05,0.001527069704375938
2403,1.4924242424242424,0.027878787878787878,-7.549877049744414e-07,0.0019235865584175341
2404,1.4924242424242424,0.033838383838383834,-2.5977934831072358e-06,0.0023735599511277685
2405,1.4924242424242424,0.0397979797979798,-9.963513835361837e-06,0.002766460587818727
2406,1.4924242424242424,0.045757575757575754,-3.638810946083859e-05,0.003175359708013102
2407,1.4924242424242424,0.05171717171717172,5.361310574717093e-06,0.0035815737568586485
2408,1.4924242424242424,0.05767676767676767,7.619358847213065e-06,0.00398037196095762
2409,1.4924242424242424,0.06363636363636363,-3.0170481327567454e-05,0.004369612383515192
2410,1.4924242424242424,0.06959595959595959,-1.9427908955918503e-05,0.0048124332172416314
2411,1.4924242424242424,0.07555555555555554,-7.290304306578407e-05,0.005249141539597786
2412,1.4924242424242424,0.0815151515151515,-8.825842457225038e-05,0.005677609299455191
2413,1.4924242424242424,0.08747474747474746,-2.3744348112628265e-06,0.006116572894371312
2414,1.4924242424242424,0.09343434343434343,-7.00360590786706e-05,0.0064897092260457
2415,1.4924242424242424,0.09939393939393938,-1.7861112835766535e-05,0.0068987119803537835
2416,1.4924242424242424,0.10535353535353534,6.541540072769331e-05,0.007377480062784325
2417,1.4924242424242424,0.1113131313131313,3.702171966947143e-06,0.00775029389296007
2418,1.4924242424242424,0.11727272727272725,1.1514523166192714e-05,0.008110198087901891
2419,1.4924242424242424,0.12323232323232322,-2.7308060571913784e-05,0.008529559035929156
2420,1.4924242424242424,0.1291919191919192,-7.160890046776637e-05,0.008957432867972305
2421,1.4924242424242424,0.13515151515151513,6.09512452669693e-05,0.009475943341337697
2422,1.4924242424242424,0.1411111111111111,-0.00013508918344512657,0.009813972719014338
2423,1.4924242424242424,0.14707070707070707,-5.246325784056882e-06,0.010256504754757142
2424,1.4924242424242424,0.15303030303030302,-5.2276219217219266e-05,0.010589418231622667
2425,1.4924242424242424,0.158989898989899,-0.0001507515579432468,0.010947356751163866
2426,1.4924242424242424,0.16494949494949493,9.409933012312817e-05,0.01156823175350704
2427,1.4924242424242424,0.1709090909090909,4.159165292096998e-05,0.01193284947982448
2428,1.4924242424242424,0.17686868686868687,4.6807185421478906e-05,0.012262864790255405
2429,1.4924242424242424,0.1828282828282828,-4.4760117338943004e-05,0.012676840428165172
2430,1.4924242424242424,0.18878787878787878,5.934170941874768e-05,0.013047388794214038
2431,1.4924242424242424,0.19474747474747472,-0.00021246329015667885,0.013474430480292237
2432,1.4924242424242424,0.2007070707070707,4.2765092644081346e-06,0.013841206483364097
2433,1.4924242424242424,0.20666666666666667,-4.530646382454663e-05,0.014419714549408274
2434,1.4924242424242424,0.2126262626262626,-6.342833499438252e-05,0.01468712890599232
2435,1.4924242424242424,0.21858585858585858,-4.319576359885283e-05,0.015148181437663378
2436,1.4924242424242424,0.22454545454545452,0.00020684261596444037,0.01545337040783812
2437,1.4924242424242424,0.2305050505050505,0.00020913835292456966,0.015964254785162765
2438,1.4924242424242424,0.23646464646464646,-8.028684254530717e-05,0.01646421724748987
2439,1.4924242424242424,0.2424242424242424,-4.352486771212441e-05,0.016861281120088813
2440,1.4924242424242424,0.24838383838383837,-0.0001997732854463389,0.01723155492232574
2441,1.4924242424242424,0.2543434343434343,2.65008847995849e-06,0.017566185776188514
2442,1.4924242424242424,0.26030303030303026,4.849787039217853e-05,0.018066301860990574
2443,1.4924242424242424,0.26626262626262626,9.089800038207643e-05,0.018408007820058518
2444,1.4924242424242424,0.2722222222222222,-0.00010652338656940437,0.01890757097498806
2445,1.4924242424242424,0.27818181818181814,3.97546938250767e-05,0.01920442732972319
2446,1.4924242424242424,0.28414141414141414,-0.0001888255957623116,0.019596377759488127
2447,1.4924242424242424,0.2901010101010101,6.219781519139041e-05,0.0203664578461363
2448,1.4924242424242424,0.296060606060606,2.0413624020451803e-05,0.020675999748094365
2449,1.4924242424242424,0.302020202020202,-0.0003862807307900194,0.020896370101035115
2450,1.4924242424242424,0.30797979797979796,0.00020966317197089265,0.021516607936635696
2451,1.4924242424242424,0.3139393939393939,-0.00020052209447951483,0.021444745497068263
2452,1.4924242424242424,0.31989898989898985,6.700581144625103e-05,0.0223177572821453
2453,1.4924242424242424,0.32585858585858585,-0.00025092328340224737,0.02276987308431986
2454,1.4924242424242424,0.3318181818181818,0.00028788073060112996,0.023193128453121742
2455,1.4924242424242424,0.33777777777777773,0.00043732395157186215,0.023532648944554185
2456,1.4924242424242424,0.34373737373737373,7.375852437293828e-05,0.023951702581180286
2457,1.4924242424242424,0.3496969696969697,0.00039542581580534475,0.0242837553667765
2458,1.4924242424242424,0.3556565656565656,1.5826078387060407e-05,0.024877442288011708
2459,1.4924242424242424,0.3616161616161616,0.0001139559936013939,0.025048581278463947
2460,1.4924242424242424,0.36757575757575756,-0.0004527767656501775,0.025324722920995888
2461,1.4924242424242424,0.3735353535353535,-0.00034141542067528396,0.026051152078178836
2462,1.4924242424242424,0.37949494949494944,-0.00013849928070486608,0.026419183042752013
2463,1.4924242424242424,0.38545454545454544,-0.00011164601045765293,0.02691282606443715
2464,1.4924242424242424,0.3914141414141414,-0.0002747651286858712,0.02704424099921005
2465,1.4924242424242424,0.3973737373737373,0.00020902213261200897,0.02784805651150324
2466,1.4924242424242424,0.4033333333333333,0.00013287815424691628,0.02814135239740091
2467,1.4924242424242424,0.40929292929292926,0.00020688845639634933,0.028656491015670478
2468,1.4924242424242424,0.4152525252525252,0.00015485397441923442,0.02922741950134728
2469,1.4924242424242424,0.42121212121212115,-0.0002966741618772848,0.02959714407272915
2470,1.4924242424242424,0.42717171717171715,-3.632549555709046e-05,0.029602726634694196
2471,1.4924242424242424,0.4331313131313131,0.0001285899515838969,0.029905027723333744
2472,1.4924242424242424,0.43909090909090903,-0.0007136361890262797,0.030436306905781932
2473,1.4924242424242424,0.44505050505050503,-0.00047696095974196544,0.030655722330575622
2474,1.4924242424242424,0.45101010101010097,-9.824794252969429e-05,0.031402460031117616
2475,1.4924242424242424,0.4569696969696969,-6.830634324485553e-05,0.0319876708838398
2476,1.4924242424242424,0.4629292929292929,-0.00034611917345407373,0.03212277787140135
2477,1.4924242424242424,0.46888888888888886,-7.062521164344426e-06,0.03261014547251897
2478,1.4924242424242424,0.4748484848484848,-0.00010893931125018801,0.03304913705888409
2479,1.4924242424242424,0.48080808080808074,-0.00027162441530142117,0.03381217485757503
2480,1.4924242424242424,0.48676767676767674,-0.0004331658931191814,0.0338435340839926
2481,1.4924242424242424,0.4927272727272727,-0.00010099011994433048,0.03461205917403307
2482,1.4924242424242424,0.4986868686868686,0.0004635487906374994,0.03498916386361756
2483,1.4924242424242424,0.5046464646464646,-0.0003375779723293028,0.035003461781829066
2484,1.4924242424242424,0.5106060606060605,1.3596153913963072e-05,0.035965110795190575
2485,1.4924242424242424,0.5165656565656566,0.00017871671406386618,0.03544053315538684
2486,1.4924242424242424,0.5225252525252525,0.00010185184300748427,0.03643522415364296
2487,1.4924242424242424,0.5284848484848484,-0.0008581220884787015,0.03655439527687058
2488,1.4924242424242424,0.5344444444444444,-1.3186860283854518e-06,0.03683690169928473
2489,1.4924242424242424,0.5404040404040403,-6.147289714823812e-05,0.03774864502391001
2490,1.4924242424242424,0.5463636363636363,3.9423469094685525e-06,0.03825807931746628
2491,1.4924242424242424,0.5523232323232323,0.0005658151434087666,0.038601409071482684
2492,1.4924242424242424,0.5582828282828283,-0.0006875261268544348,0.038854243053893005
2493,1.4924242424242424,0.5642424242424242,-0.00030226178140853967,0.03946124091513264
2494,1.4924242424242424,0.5702020202020202,0.0005141279957442188,0.039797643490900134
2495,1.4924242424242424,0.5761616161616161,0.0001289079313323789,0.04082219111878498
2496,1.4924242424242424,0.582121212121212,0.00017078406547058983,0.040708764056841144
2497,1.4924242424242424,0.588080808080808,9.748008094852274e-05,0.04114239157761703
2498,1.4924242424242424,0.594040404040404,0.00035058325040462847,0.04157598859140224
2499,1.4924242424242424,0.6,0.000195378249419195,0.041838353133279535
2500,1.5125252525252526,0.01,9.502694396064659e-07,0.0007202219621735912
2501,1.5125252525252526,0.01595959595959596,-1.485808792839891e-05,0.0011480452041528649
2502,1.5125252525252526,0.021919191919191918,1.2666083682096197e-05,0.001586614214431595
2503,1.5125252525252526,0.027878787878787878,1.9687708747623544e-05,0.0020203231967923347
2504,1.5125252525252526,0.033838383838383834,-1.3126283356419221e-05,0.002453203287047735
2505,1.5125252525252526,0.0397979797979798,3.4251691028008844e-08,0.0028882579160990317
2506,1.5125252525252526,0.045757575757575754,2.3753980067897407e-05,0.00328815224954802
2507,1.5125252525252526,0.05171717171717172,4.299844545626943e-05,0.0037502439610640637
2508,1.5125252525252526,0.05767676767676767,-7.11744833659674e-05,0.004170387220541272
2509,1.5125252525252526,0.06363636363636363,7.36185605733103e-05,0.004641081442235717
2510,1.5125252525252526,0.06959595959595959,-1.9439042819817463e-05,0.005026007176856352
2511,1.5125252525252526,0.07555555555555554,2.276967384507167e-06,0.005422920316277775
2512,1.5125252525252526,0.0815151515151515,3.397126816941182e-05,0.005882045258314753
2513,1.5125252525252526,0.08747474747474746,-1.797687475465267e-05,0.006335254365977101
2514,1.5125252525252526,0.09343434343434343,1.575064294613382e-05,0.006786823904254319
2515,1.5125252525252526,0.09939393939393938,4.541694074253652e-05,0.007204991569197612
2516,1.5125252525252526,0.10535353535353534,4.966597083809553e-05,0.007666631704196708
2517,1.5125252525252526,0.1113131313131313,9.792185417414476e-05,0.007962075825558626
2518,1.5125252525252526,0.11727272727272725,-2.607554297412995e-06,0.008445352659044175
2519,1.5125252525252526,0.12323232323232322,-0.00016251350942420034,0.008909982586920754
2520,1.5125252525252526,0.1291919191919192,4.7803822252175896e-05,0.009347703476264844
2521,1.5125252525252526,0.13515151515151513,-0.00010434241019780193,0.009733704353879625
2522,1.5125252525252526,0.1411111111111111,0.0001488072787734977,0.01023703488663895
2523,1.5125252525252526,0.14707070707070707,-8.152103671532239e-05,0.010691325647263569
2524,1.5125252525252526,0.15303030303030302,0.0001328027153864642,0.011119484164137898
2525,1.5125252525252526,0.158989898989899,-0.00011397559448739978,0.011570060944511181
2526,1.5125252525252526,0.16494949494949493,-7.007654922046258e-05,0.011909564946176013
2527,1.5125252525252526,0.1709090909090909,-0.0001054227010967279,0.01229252686399513
2528,1.5125252525252526,0.17686868686868687,-5.575981614143824e-05,0.012739076870051005
2529,1.5125252525252526,0.1828282828282828,0.0001347596156142529,0.013156923854200364
2530,1.5125252525252526,0.18878787878787878,0.00010129951173794214,0.013724589097304542
2531,1.5125252525252526,0.19474747474747472,-7.964411987184903e-05,0.014089886466341059
2532,1.5125252525252526,0.2007070707070707,0.00010626621328902938,0.014557680385761189
2533,1.5125252525252526,0.20666666666666667,-9.181075802498908e-05,0.014911135943981104
2534,1.5125252525252526,0.2126262626262626,0.00014429007274434187,0.01540081935683398
2535,1.5125252525252526,0.21858585858585858,0.00022760616340576138,0.016008811168632484
2536,1.5125252525252526,0.22454545454545452,-0.0001128718044721258,0.016161443389674717
2537,1.5125252525252526,0.2305050505050505,-0.00022995891128283182,0.016739059538095936
2538,1.5125252525252526,0.23646464646464646,-7.937300997450305e-05,0.017439713294431135
2539,1.5125252525252526,0.2424242424242424,-0.0001716374095799253,0.01757943081853923
2540,1.5125252525252526,0.24838383838383837,-0.00015980499418343107,0.018010666013240664
2541,1.5125252525252526,0.2543434343434343,-0.00010307210190840061,0.01826546588738077
2542,1.5125252525252526,0.26030303030303026,0.00019575111830935228,0.01895326308915774
2543,1.5125252525252526,0.26626262626262626,-5.000926872165416e-05,0.019125955398753995
2544,1.5125252525252526,0.2722222222222222,-0.000173611477605007,0.01947045610941894
2545,1.5125252525252526,0.27818181818181814,-0.0003624782955104359,0.020231299078894805
2546,1.5125252525252526,0.28414141414141414,-0.00020131213079241413,0.020712214612300873
2547,1.5125252525252526,0.2901010101010101,-6.671252548800136e-05,0.020746940733735033
2548,1.5125252525252526,0.296060606060606,-0.0002184165813885282,0.02131334373757526
2549,1.5125252525252526,0.302020202020202,7.613177412533552e-05,0.02198782310430641
2550,1.5125252525252526,0.30797979797979796,-9.050022211198732e-05,0.02219856093602985
2551,1.5125252525252526,0.3139393939393939,0.00014908246501975925,0.02280981261526058
2552,1.5125252525252526,0.31989898989898985,-0.00011795337286206707,0.022921407312010953
2553,1.5125252525252526,0.32585858585858585,-0.00033484733857283897,0.023434596046994008
2554,1.5125252525252526,0.3318181818181818,9.843812611304573e-05,0.023978599507218378
2555,1.5125252525252526,0.33777777777777773,2.253752910990664e-05,0.024693653891606125
2556,1.5125252525252526,0.34373737373737373,0.0002054626761613088,0.025176366515542357
2557,1.5125252525252526,0.3496969696969697,-5.722579331718987e-05,0.025162968826108488
2558,1.5125252525252526,0.3556565656565656,-0.0004034891024124061,0.025529732266236106
2559,1.5125252525252526,0.3616161616161616,0.00030048137902320666,0.02626011995340386
2560,1.5125252525252526,0.36757575757575756,-0.0001854979325149004,0.026667359195654567
2561,1.5125252525252526,0.3735353535353535,-0.00042094327492469343,0.026969573585293102
2562,1.5125252525252526,0.37949494949494944,-1.994732763545133e-05,0.02745402409903736
2563,1.5125252525252526,0.38545454545454544,-0.00012501503354347255,0.027596866691266497
2564,1.5125252525252526,0.3914141414141414,0.00042773261643624824,0.028650250956465156
2565,1.5125252525252526,0.3973737373737373,0.0004491379723512546,0.028824806764511154
2566,1.5125252525252526,0.4033333333333333,0.00010403864906026534,0.02927392577593208
2567,1.5125252525252526,0.40929292929292926,-0.0004198703540450687,0.029430935613140353
2568,1.5125252525252526,0.4152525252525252,-6.234217097221057e-05,0.02982209457667196
2569,1.5125252525252526,0.42121212121212115,-6.409269424711533e-05,0.030938461836595644
2570,1.5125252525252526,0.42717171717171715,3.6789065625564624e-05,0.03074377193603079
2571,1.5125252525252526,0.4331313131313131,0.00024479756118071105,0.03161784140689609
2572,1.5125252525252526,0.43909090909090903,-0.0003211998032690673,0.03193268420487874
2573,1.5125252525252526,0.44505050505050503,2.6590469090642643e-05,0.03249669155697636
2574,1.5125252525252526,0.45101010101010097,-0.0006239740250127731,0.03247084915377118
2575,1.5125252525252526,0.4569696969696969,0.00012016563763580344,0.033160207739051435
2576,1.5125252525252526,0.4629292929292929,2.4612754287268812e-05,0.03390410528311946
2577,1.5125252525252526,0.46888888888888886,-0.00018813821637488477,0.03418406698605153
2578,1.5125252525252526,0.4748484848484848,-0.00025054624215682436,0.034206823643861774
2579,1.5125252525252526,0.48080808080808074,8.808859249931684e-05,0.0349943029301648
2580,1.5125252525252526,0.48676767676767674,-0.00019402871489733044,0.0356192179782891
2581,1.5125252525252526,0.4927272727272727,-8.923240881555308e-05,0.03537189136100483
2582,1.5125252525252526,0.4986868686868686,-0.00019257234347762775,0.03608063550581538
2583,1.5125252525252526,0.5046464646464646,0.0006823883240930206,0.03693833300274956
2584,1.5125252525252526,0.5106060606060605,0.0005475289433769267,0.03740515723791208
2585,1.5125252525252526,0.5165656565656566,0.0001529091077218277,0.03747610379583674
2586,1.5125252525252526,0.5225252525252525,-0.00010756129366283093,0.03815638712847938
2587,1.5125252525252526,0.5284848484848484,-0.00045615812441798,0.038314488178253635
2588,1.5125252525252526,0.5344444444444444,0.0006557549811096167,0.03876425103985477
2589,1.5125252525252526,0.5404040404040403,0.00014104941711420214,0.03985777617245914
2590,1.5125252525252526,0.5463636363636363,-0.0004760474408011854,0.04003273062532517
2591,1.5125252525252526,0.5523232323232323,-0.00036157374153666304,0.03966375263358157
2592,1.5125252525252526,0.5582828282828283,0.00041007488013912815,0.040764552630577544
2593,1.5125252525252526,0.5642424242424242,0.00016413079254372226,0.04110129933446486
2594,1.5125252525252526,0.5702020202020202,-7.979485101933892e-05,0.041093026072011325
2595,1.5125252525252526,0.5761616161616161,0.0009390677848214407,0.042256782434962274
2596,1.5125252525252526,0.582121212121212,-0.0003370487228431253,0.04226608636379263
2597,1.5125252525252526,0.588080808080808,-6.679467993588503e-05,0.04297245330435612
2598,1.5125252525252526,0.594040404040404,9.688479896011474e-05,0.042874267632229804
2599,1.5125252525252526,0.6,-0.0003032284250782802,0.043344525183372784
2600,1.5326262626262626,0.01,4.0461037629603295e-06,0.0007478159656027256
2601,1.5326262626262626,0.01595959595959596,-1.739806318769358e-05,0.0011950870042607474
2602,1.5326262626262626,0.021919191919191918,2.413073392737308e-06,0.0016350746948855194
2603,1.5326262626262626,0.027878787878787878,-6.4224347051021095e-06,0.002092407882045049
2604,1.5326262626262626,0.033838383838383834,3.6667104685152995e-06,0.002544747324084519
2605,1.5326262626262626,0.0397979797979798,-3.924143364470034e-05,0.002946742491032071
2606,1.5326262626262626,0.045757575757575754,1.3941549468488557e-05,0.003396646093752621
2607,1.5326262626262626,0.05171717171717172,2.6885044117106714e-05,0.003869744328045907
2608,1.5326262626262626,0.05767676767676767,-4.6498674707638746e-05,0.004331067580611948
2609,1.5326262626262626,0.06363636363636363,-1.4599950721846122e-05,0.004781218328262168
2610,1.5326262626262626,0.06959595959595959,5.530705378925923e-05,0.005245180823445255
2611,1.5326262626262626,0.07555555555555554,-6.373576897557721e-05,0.00557455734207345
2612,1.5326262626262626,0.0815151515151515,-1.4729665185491914e-05,0.006066809590512275
2613,1.5326262626262626,0.08747474747474746,-6.223840046898926e-05,0.006581017570592793
2614,1.5326262626262626,0.09343434343434343,7.172645718909965e-06,0.007042105864786632
2615,1.5326262626262626,0.09939393939393938,4.214729674714463e-05,0.007452451638073582
2616,1.5326262626262626,0.10535353535353534,7.493434659458079e-05,0.007940813593634183
2617,1.5326262626262626,0.1113131313131313,-0.0002257828360789676,0.00844005829957301
2618,1.5326262626262626,0.11727272727272725,0.00012959041119192156,0.008802500448130237
2619,1.5326262626262626,0.12323232323232322,-0.00017757374538713257,0.009333585940554152
2620,1.5326262626262626,0.1291919191919192,-2.4074645324891674e-06,0.009750198729278533
2621,1.5326262626262626,0.13515151515151513,-7.398988891971614e-06,0.010140518808861257
2622,1.5326262626262626,0.1411111111111111,-3.4800612909975604e-06,0.010668715309926309
2623,1.5326262626262626,0.14707070707070707,-0.00015344920761655673,0.011041768391471224
2624,1.5326262626262626,0.15303030303030302,-0.00010732099248324868,0.011510698189472857
2625,1.5326262626262626,0.158989898989899,-0.00019954448146418638,0.011838916379046835
2626,1.5326262626262626,0.16494949494949493,-2.6554992010660784e-05,0.012293322374314087
2627,1.5326262626262626,0.1709090909090909,1.1360361176769285e-05,0.012848546080528864
2628,1.5326262626262626,0.17686868686868687,-0.00015234983713947092,0.01308276375119424
2629,1.5326262626262626,0.1828282828282828,0.0001335107393824395,0.013598808809764775
2630,1.5326262626262626,0.18878787878787878,-8.096079560505235e-05,0.014126848956005503
2631,1.5326262626262626,0.19474747474747472,0.00015202702504157594,0.014474525668963047
2632,1.5326262626262626,0.2007070707070707,0.00016123585777099776,0.015059238904036897
2633,1.5326262626262626,0.20666666666666667,0.00016224099024883916,0.015548316002855042
2634,1.5326262626262626,0.2126262626262626,9.536129457221238e-05,0.01589468301451527
2635,1.5326262626262626,0.21858585858585858,0.0001423248010672698,0.01640738635838436
2636,1.5326262626262626,0.22454545454545452,1.9889485633674532e-05,0.016922237492984823
2637,1.5326262626262626,0.2305050505050505,-1.8868408508799138e-05,0.01724987853272952
2638,1.5326262626262626,0.23646464646464646,-1.907427159750663e-06,0.017817538227206355
2639,1.5326262626262626,0.2424242424242424,-8.058451458714999e-06,0.018223571023076566
2640,1.5326262626262626,0.24838383838383837,-1.490675888810733e-05,0.018631793764619726
2641,1.5326262626262626,0.2543434343434343,2.1843163792726795e-05,0.018864274577650664
2642,1.5326262626262626,0.26030303030303026,-6.302964030074658e-05,0.019571762540415705
2643,1.5326262626262626,0.26626262626262626,-0.0003045807086537905,0.019954252637771393
2644,1.5326262626262626,0.2722222222222222,0.00015382854562495015,0.02023746825500071
2645,1.5326262626262626,0.27818181818181814,0.00017524641095513634,0.0207614653158834
2646,1.5326262626262626,0.28414141414141414,0.0003295808178943452,0.02145465030835367
2647,1.5326262626262626,0.2901010101010101,-0.00014273530606345036,0.021684794088182913
2648,1.5326262626262626,0.296060606060606,-0.0002694448451694699,0.022272677151563863
2649,1.5326262626262626,0.302020202020202,9.052574091302924e-05,0.022793661158204654
2650,1.5326262626262626,0.30797979797979796,-0.0003569831496929208,0.02304968290395862
2651,1.5326262626262626,0.3139393939393939,-0.0003592016466714332,0.023919616246529808
2652,1.5326262626262626,0.31989898989898985,-0.00029580825048932215,0.024229922677214834
2653,1.5326262626262626,0.32585858585858585,0.0002909723000392635,0.02442817838398017
2654,1.5326262626262626,0.3318181818181818,-0.00019686942227383107,0.02497940010750057
2655,1.5326262626262626,0.33777777777777773,4.950615008299627e-05,0.025291652573449716
2656,1.5326262626262626,0.34373737373737373,-9.97120945166109e-05,0.02575580813217985
2657,1.5326262626262626,0.3496969696969697,-0.00022055988056709466,0.026531492296784812
2658,1.5326262626262626,0.3556565656565656,-8.066395022428062e-05,0.026570912980315532
2659,1.5326262626262626,0.3616161616161616,-0.00010098837408376577,0.027193015632457684
2660,1.5326262626262626,0.36757575757575756,0.0001814373635162114,0.02785426587414756
2661,1.5326262626262626,0.3735353535353535,-0.000289841437249812,0.02826709544263263
2662,1.5326262626262626,0.37949494949494944,0.00019563066927528493,0.028622946975202943
2663,1.5326262626262626,0.38545454545454544,3.286499929523035e-05,0.02860127112917259
2664,1.5326262626262626,0.3914141414141414,0.00030548578554771225,0.02949821264639451
2665,1.5326262626262626,0.3973737373737373,-0.00018665540001698534,0.02990655621967266
2666,1.5326262626262626,0.4033333333333333,5.345205360501399e-05,0.030567065729410252
2667,1.5326262626262626,0.40929292929292926,0.00027409784342291994,0.031173007206955417
2668,1.5326262626262626,0.4152525252525252,0.0001796752459634059,0.031852152763055724
2669,1.5326262626262626,0.42121212121212115,-0.00036111845301816,0.031568901065803893
2670,1.5326262626262626,0.42717171717171715,-0.0006204627178459157,0.032231627854838706
2671,1.5326262626262626,0.4331313131313131,0.000384350438063011,0.033024669880345796
2672,1.5326262626262626,0.43909090909090903,-0.0002056041716753862,0.03333924536518657
2673,1.5326262626262626,0.44505050505050503,0.0005348844938702713,0.03371643850318231
2674,1.5326262626262626,0.45101010101010097,0.0002220509615633746,0.033698649677539466
2675,1.5326262626262626,0.4569696969696969,-0.000417797143504985,0.03470433658483716
2676,1.5326262626262626,0.4629292929292929,-0.0003381143533832373,0.03459716689796986
2677,1.5326262626262626,0.46888888888888886,-5.944290340403233e-05,0.03502988904187839
2678,1.5326262626262626,0.4748484848484848,-0.00024399722783595906,0.03592484576496218
2679,1.5326262626262626,0.48080808080808074,0.00025791445422572044,0.03627228840644801
2680,1.5326262626262626,0.48676767676767674,0.00012332449032985548,0.03677462914662203
2681,1.5326262626262626,0.4927272727272727,-0.00043509711919651687,0.0372829201585546
2682,1.5326262626262626,0.4986868686868686,0.0008650485174925119,0.037725059655525695
2683,1.5326262626262626,0.5046464646464646,-0.00011791551149587045,0.038150328446308675
2684,1.5326262626262626,0.5106060606060605,0.0005443725441474352,0.03869833392047652
2685,1.5326262626262626,0.5165656565656566,-4.883008048895388e-06,0.03902067579814038
2686,1.5326262626262626,0.5225252525252525,-2.3409485906854655e-05,0.039000240806904896
2687,1.5326262626262626,0.5284848484848484,-0.00030601856136793984,0.04016016747430267
2688,1.5326262626262626,0.5344444444444444,-0.0005650633040325582,0.03998563696092155
2689,1.5326262626262626,0.5404040404040403,0.00010382639706377092,0.0407834124164414
2690,1.5326262626262626,0.5463636363636363,-3.2545110734036206e-05,0.041493618639729814
2691,1.5326262626262626,0.5523232323232323,0.00021361809638313948,0.04189756337112587
2692,1.5326262626262626,0.5582828282828283,0.00042175794572424667,0.042530311657058575
2693,1.5326262626262626,0.5642424242424242,0.00019189847027603708,0.04308437233428299
2694,1.5326262626262626,0.5702020202020202,0.0002619326837953187,0.0432078618598433
2695,1.5326262626262626,0.5761616161616161,-0.00011055191671834255,0.043543352674080986
2696,1.5326262626262626,0.582121212121212,-0.0003340209625510326,0.04339656146396298
2697,1.5326262626262626,0.588080808080808,-0.0010166849550412075,0.044668877598502514
2698,1.5326262626262626,0.594040404040404,-0.00014007716192120104,0.04518495379278594
2699,1.5326262626262626,0.6,0.00031247651206079845,0.045337241535500714
2700,1.5527272727272727,0.01,1.756288621264286e-05,0.0007796660776161301
2701,1.5527272727272727,0.01595959595959596,-1.3442883030273078e-05,0.0012396397508785502
2702,1.5527272727272727,0.021919191919191918,-1.2612610754468334e-05,0.0016935837045696412
2703,1.5527272727272727,0.027878787878787878,3.088072892468978e-05,0.0021809870142007986
2704,1.5527272727272727,0.033838383838383834,4.724704104523669e-06,0.0026702500651227443
2705,1.5527272727272727,0.0397979797979798,-8.709126372953313e-06,0.0031063212532470197
2706,1.5527272727272727,0.045757575757575754,2.2781790774157917e-05,0.0036030109190143236
2707,1.5527272727272727,0.05171717171717172,-2.8416559451376623e-05,0.0040044905651279794
2708,1.5527272727272727,0.05767676767676767,9.950596366858321e-06,0.004512276639150016
2709,1.5527272727272727,0.06363636363636363,6.493344013130409e-05,0.004953171525732784
2710,1.5527272727272727,0.06959595959595959,3.269056813978082e-05,0.005400228015288064
2711,1.5527272727272727,0.07555555555555554,-2.9718002058132553e-05,0.005820131838296093
2712,1.5527272727272727,0.0815151515151515,-6.049078412316004e-05,0.00634015828091145
2713,1.5527272727272727,0.08747474747474746,5.3633182989577876e-05,0.006851745434998002
2714,1.5527272727272727,0.09343434343434343,-2.8423369037005296e-05,0.0072618931898759485
2715,1.5527272727272727,0.09939393939393938,3.1436420850282685e-05,0.007682677328938383
2716,1.5527272727272727,0.10535353535353534,9.499426771991424e-05,0.008199776984036714
2717,1.5527272727272727,0.1113131313131313,4.049320464143398e-05,0.008720052644094447
2718,1.5527272727272727,0.11727272727272725,-4.1855288541031513e-05,0.009049108415246355
2719,1.5527272727272727,0.12323232323232322,-0.0001212148135450776,0.009626927020249611
2720,1.5527272727272727,0.1291919191919192,-4.353066625271969e-05,0.010083007374792228
2721,1.5527272727272727,0.13515151515151513,7.94103695710011e-05,0.010485387816161311
2722,1.5527272727272727,0.1411111111111111,-0.00010825209689826206,0.011110767764182012
2723,1.5527272727272727,0.14707070707070707,-0.00012584778197403482,0.011484074824185016
2724,1.5527272727272727,0.15303030303030302,-0.0001652850245408957,0.012045231982204887
2725,1.5527272727272727,0.158989898989899,-0.00012487433443729329,0.012409498016375455
2726,1.5527272727272727,0.16494949494949493,5.4479991579426036e-05,0.013017701346887539
2727,1.5527272727272727,0.1709090909090909,2.940833061543605e-05,0.01325495598581959
2728,1.5527272727272727,0.17686868686868687,-0.000236272382623417,0.013796478626301874
2729,1.5527272727272727,0.1828282828282828,0.0003076874154016923,0.014214491220937996
2730,1.5527272727272727,0.18878787878787878,0.0003178632041465853,0.014639085920125566
2731,1.5527272727272727,0.19474747474747472,1.9535319096099524e-05,0.015199623373667679
2732,1.5527272727272727,0.2007070707070707,4.272137846830625e-05,0.015437066558949053
2733,1.5527272727272727,0.20666666666666667,0.0001820056614764976,0.01634320401209974
2734,1.5527272727272727,0.2126262626262626,0.0001585401723997613,0.016549191747504473
2735,1.5527272727272727,0.21858585858585858,-9.840319000168807e-06,0.01684912713364266
2736,1.5527272727272727,0.22454545454545452,0.00011043401364080117,0.017558798166971756
2737,1.5527272727272727,0.2305050505050505,0.0003410547936940617,0.017765203439789014
2738,1.5527272727272727,0.23646464646464646,0.0003013997332744294,0.018442032949757495
2739,1.5527272727272727,0.2424242424242424,0.00041966471116457795,0.018919813310588108
2740,1.5527272727272727,0.24838383838383837,0.0003057426241801333,0.01956423867791179
2741,1.5527272727272727,0.2543434343434343,-0.00010372889504292177,0.01968761151239633
2742,1.5527272727272727,0.26030303030303026,0.00020641159140451798,0.02026848649756423
2743,1.5527272727272727,0.26626262626262626,-0.00011526986530985073,0.020809699204486137
2744,1.5527272727272727,0.2722222222222222,0.00040917437582032744,0.02124699647138935
2745,1.5527272727272727,0.27818181818181814,-0.0001658187989662688,0.021720653166036757
2746,1.5527272727272727,0.28414141414141414,7.758895240864977e-05,0.022296841071028674
2747,1.5527272727272727,0.2901010101010101,-9.351804945214566e-05,0.022736917132985996
2748,1.5527272727272727,0.296060606060606,-6.623490088258466e-06,0.023207765025468143
2749,1.5527272727272727,0.302020202020202,-0.00041723011870555557,0.023569745344707082
2750,1.5527272727272727,0.30797979797979796,0.000540087235468531,0.024173864743729914
2751,1.5527272727272727,0.3139393939393939,-0.00025754539022617887,0.024422609694717795
2752,1.5527272727272727,0.31989898989898985,0.0001132814098554392,0.025144930290019043
2753,1.5527272727272727,0.32585858585858585,2.495284363075375e-05,0.025399209803051714
2754,1.5527272727272727,0.3318181818181818,6.610039894233645e-05,0.02579311963962807
2755,1.5527272727272727,0.33777777777777773,0.00021654661205357018,0.02650108716696065
2756,1.5527272727272727,0.34373737373737373,0.0004678760042764937,0.027017334797977424
2757,1.5527272727272727,0.3496969696969697,-5.998847581209038e-05,0.02718681474935405
2758,1.5527272727272727,0.3556565656565656,-0.0002446444278720791,0.02817309088130606
2759,1.5527272727272727,0.3616161616161616,0.0002522127490156467,0.028266169065465415
2760,1.5527272727272727,0.36757575757575756,0.0003563208781317584,0.028611300118342373
2761,1.5527272727272727,0.3735353535353535,-2.267368174638007e-05,0.029057207136737005
2762,1.5527272727272727,0.37949494949494944,0.00017979347949195835,0.02979864212084636
2763,1.5527272727272727,0.38545454545454544,9.788615795618382e-05,0.02997564094923022
2764,1.5527272727272727,0.3914141414141414,0.00014235180303552887,0.03052624058058555
2765,1.5527272727272727,0.3973737373737373,-0.00015743792367252203,0.03129581724745819
2766,1.5527272727272727,0.4033333333333333,-0.00015360135689050953,0.031215872698480335
2767,1.5527272727272727,0.40929292929292926,0.00014067490488733046,0.03221488340865903
2768,1.5527272727272727,0.4152525252525252,-3.3516071674944614e-05,0.03240455842298725
2769,1.5527272727272727,0.42121212121212115,8.338922030971432e-05,0.03271412613220864
2770,1.5527272727272727,0.42717171717171715,-0.00010154539182962536,0.03286773622551477
2771,1.5527272727272727,0.4331313131313131,-0.00047868279580903355,0.03391348165845281
2772,1.5527272727272727,0.43909090909090903,0.00013018788792698707,0.03426611564508595
2773,1.5527272727272727,0.44505050505050503,7.402288004934808e-05,0.03515691973318644
2774,1.5527272727272727,0.45101010101010097,0.00026746102063429183,0.0350959083941664
2775,1.5527272727272727,0.4569696969696969,-0.0005617712839669932,0.035914711958081595
2776,1.5527272727272727,0.4629292929292929,-4.518556086627238e-05,0.03595085531224637
2777,1.5527272727272727,0.46888888888888886,-0.0002379344872193804,0.036555807019883965
2778,1.5527272727272727,0.4748484848484848,-0.0001907789191143698,0.03715453006081147
2779,1.5527272727272727,0.48080808080808074,0.00021616202859866304,0.03790224588613449
2780,1.5527272727272727,0.48676767676767674,0.0002472081219045451,0.03827919201088796
2781,1.5527272727272727,0.4927272727272727,-0.00012067751931498194,0.03827481809829912
2782,1.5527272727272727,0.4986868686868686,-0.00013851040136144866,0.038866608998336195
2783,1.5527272727272727,0.5046464646464646,-0.0002881347677517154,0.03927841526242196
2784,1.5527272727272727,0.5106060606060605,-0.0007691168454085654,0.039390525898987415
2785,1.5527272727272727,0.5165656565656566,2.3350836063833614e-05,0.0398153992059258
2786,1.5527272727272727,0.5225252525252525,-0.0003369424747856908,0.04105403399789688
2787,1.5527272727272727,0.5284848484848484,0.00011279382076755166,0.04154304905456537
2788,1.5527272727272727,0.5344444444444444,-5.806597383018366e-05,0.04212295765868443
2789,1.5527272727272727,0.5404040404040403,6.776023397763864e-05,0.04166221103275153
2790,1.5527272727272727,0.5463636363636363,-0.0007415159686260429,0.04249871544100499
2791,1.5527272727272727,0.5523232323232323,-0.00016338965074138583,0.04340207469751734
2792,1.5527272727272727,0.5582828282828283,-0.00042129757341197296,0.04337485990720958
2793,1.5527272727272727,0.5642424242424242,0.0001412688984960497,0.04439388880503763
2794,1.5527272727272727,0.5702020202020202,-0.000597416383998496,0.04446430987740893
2795,1.5527272727272727,0.5761616161616161,-0.00027587947392273155,0.04512295996210905
2796,1.5527272727272727,0.582121212121212,-0.0005513815630801606,0.04608412217116908
2797,1.5527272727272727,0.588080808080808,0.0005241972641705986,0.04641448095938433
2798,1.5527272727272727,0.594040404040404,0.00041429253954210833,0.04696278820543146
2799,1.5527272727272727,0.6,-0.00036931785259680677,0.047470797003659956
2800,1.572828282828283,0.01,5.052563243174924e-06,0.0008140230887981953
2801,1.572828282828283,0.01595959595959596,-2.226329393691895e-06,0.0012643069605613852
2802,1.572828282828283,0.021919191919191918,1.1274047742331983e-05,0.0017675305354300252
2803,1.572828282828283,0.027878787878787878,3.785730330165329e-05,0.0022626278344447877
2804,1.572828282828283,0.033838383838383834,1.6486016274862925e-05,0.0027592864093316655
2805,1.572828282828283,0.0397979797979798,5.820875439447965e-05,0.0032281391405553413
2806,1.572828282828283,0.045757575757575754,5.28781459332528e-06,0.0036851761921146186
2807,1.572828282828283,0.05171717171717172,-2.9127670988765443e-05,0.004161675278846932
2808,1.572828282828283,0.05767676767676767,-1.998400804663324e-05,0.004639239231102186
2809,1.572828282828283,0.06363636363636363,-3.646869814541706e-05,0.005144454142491167
2810,1.572828282828283,0.06959595959595959,0.00010357245011557914,0.005625468842989687
2811,1.572828282828283,0.07555555555555554,5.824891361278533e-05,0.006107200198016399
2812,1.572828282828283,0.0815151515151515,0.00014320190855603087,0.006516470037343619
2813,1.572828282828283,0.08747474747474746,1.0953970006074465e-05,0.007118455962162209
2814,1.572828282828283,0.09343434343434343,8.96928615819551e-05,0.007643293024412513
2815,1.572828282828283,0.09939393939393938,-4.774109814251219e-05,0.008011452558222635
2816,1.572828282828283,0.10535353535353534,3.277646492040683e-05,0.008511136019272654
2817,1.572828282828283,0.1113131313131313,-6.257783876293e-06,0.008913888288927595
2818,1.572828282828283,0.11727272727272725,-6.320810108456053e-05,0.009338062303420706
2819,1.572828282828283,0.12323232323232322,-3.3875038031028146e-05,0.009986895051327493
2820,1.572828282828283,0.1291919191919192,-0.00016680465020224973,0.010470868290350316
2821,1.572828282828283,0.13515151515151513,-2.417653218136191e-05,0.010994578052989978
2822,1.572828282828283,0.1411111111111111,-0.00010069301577025697,0.01123661676124016
2823,1.572828282828283,0.14707070707070707,8.254522713663935e-05,0.011868680276186034
2824,1.572828282828283,0.15303030303030302,0.00014011093668053602,0.012467925094364072
2825,1.572828282828283,0.158989898989899,3.108725742364871e-06,0.012905865982828536
2826,1.572828282828283,0.16494949494949493,-0.00020470106423775377,0.013291446720182036
2827,1.572828282828283,0.1709090909090909,2.908821366849306e-05,0.013836642135564497
2828,1.572828282828283,0.17686868686868687,7.61782123678404e-05,0.014291039708476517
2829,1.572828282828283,0.1828282828282828,-0.0001219584458218653,0.015020202700744214
2830,1.572828282828283,0.18878787878787878,0.00010580411437831447,0.015285288837952264
2831,1.572828282828283,0.19474747474747472,-0.00015828629146824786,0.01569566739091543
2832,1.572828282828283,0.2007070707070707,-0.0002699644345468241,0.016270439720492403
2833,1.572828282828283,0.20666666666666667,-5.9093819069749475e-05,0.01671239832942511
2834,1.572828282828283,0.2126262626262626,-0.0001906382064018541,0.017088674846833653
2835,1.572828282828283,0.21858585858585858,-0.00012835003286926745,0.017395557127491842
2836,1.572828282828283,0.22454545454545452,-0.00017197906276854159,0.018170904767749515
2837,1.572828282828283,0.2305050505050505,0.00018179336216385533,0.01851991664104753
2838,1.572828282828283,0.23646464646464646,0.0003213281881105942,0.01916814911556702
2839,1.572828282828283,0.2424242424242424,-0.00021072776823124372,0.01963285334256297
2840,1.572828282828283,0.24838383838383837,3.0133239312861748e-05,0.019947460227085663
2841,1.572828282828283,0.2543434343434343,-0.00019362716363781706,0.020589225521278856
2842,1.572828282828283,0.26030303030303026,-0.0001675777645209588,0.02102233237444349
2843,1.572828282828283,0.26626262626262626,-0.00033625954615312034,0.02158463526577878
2844,1.572828282828283,0.2722222222222222,0.00012219288626381833,0.02189059389902694
2845,1.572828282828283,0.27818181818181814,-0.00010255494863002883,0.022649051364160844
2846,1.572828282828283,0.28414141414141414,-1.3231597249267325e-05,0.023252114000547233
2847,1.572828282828283,0.2901010101010101,0.0005199024203029214,0.023545625878375682
2848,1.572828282828283,0.296060606060606,2.5836250578582455e-05,0.024213955199702694
2849,1.572828282828283,0.302020202020202,-0.0001266562678901556,0.024583669079020893
2850,1.572828282828283,0.30797979797979796,0.0001606714194331635,0.024702065054244042
2851,1.572828282828283,0.3139393939393939,-0.00017912004220907804,0.025219596775385687
2852,1.572828282828283,0.31989898989898985,-0.0006393351031382017,0.02583169825918806
2853,1.572828282828283,0.32585858585858585,0.0005838726310563033,0.02613867941472992
2854,1.572828282828283,0.3318181818181818,0.00039800930295913397,0.026765687243503082
2855,1.572828282828283,0.33777777777777773,-0.00015164978844856857,0.027205931535763988
2856,1.572828282828283,0.34373737373737373,-0.00037195497479253296,0.02756765413851338
2857,1.572828282828283,0.3496969696969697,0.00023888513618716423,0.02847637470009575
2858,1.572828282828283,0.3556565656565656,0.00017209957390176443,0.028919066480577384
2859,1.572828282828283,0.3616161616161616,0.0005628648755773377,0.029189800370666718
2860,1.572828282828283,0.36757575757575756,-0.0004571179237948271,0.03005400685602347
2861,1.572828282828283,0.3735353535353535,-7.646219191162006e-05,0.030112753082449036
2862,1.572828282828283,0.37949494949494944,-1.483427863338811e-05,0.031067200172653308
2863,1.572828282828283,0.38545454545454544,0.00026041312936473846,0.030927595760885454
2864,1.572828282828283,0.3914141414141414,-0.000388707407124108,0.03139560514566401
2865,1.572828282828283,0.3973737373737373,-0.0005310278288319616,0.03242447605201185
2866,1.572828282828283,0.4033333333333333,-0.0006627508967640691,0.032703203289263495
2867,1.572828282828283,0.40929292929292926,-0.0008368363300686273,0.03297892010620353
2868,1.572828282828283,0.4152525252525252,2.344780669414781e-06,0.03357836289465354
2869,1.572828282828283,0.42121212121212115,-0.00031318185720258517,0.034171764680663914
2870,1.572828282828283,0.42717171717171715,7.734486896977242e-05,0.035027948191159
2871,1.572828282828283,0.4331313131313131,-0.000670843880361467,0.03448687585349444
2872,1.572828282828283,0.43909090909090903,-0.0005777219839613249,0.03514454942764329
2873,1.572828282828283,0.44505050505050503,0.0004269819691531557,0.03616812389695271
2874,1.572828282828283,0.45101010101010097,-0.0002989533682558848,0.036895591370543816
2875,1.572828282828283,0.4569696969696969,0.0005235584033407181,0.0372629904508888
2876,1.572828282828283,0.4629292929292929,0.0003807982554130714,0.0373636230054632
2877,1.572828282828283,0.46888888888888886,-0.0006580207036748757,0.037542337146609435
2878,1.572828282828283,0.4748484848484848,-1.3966782569328595e-05,0.03850053495192193
2879,1.572828282828283,0.48080808080808074,4.9589639848491494e-05,0.039181877827054484
2880,1.572828282828283,0.48676767676767674,0.00018355013689951304,0.039848665870937466
2881,1.572828282828283,0.4927272727272727,-0.0005885466786269794,0.039598802369815826
2882,1.572828282828283,0.4986868686868686,-0.000897193798979887,0.040086983351029684
2883,1.572828282828283,0.5046464646464646,-7.371884049863934e-05,0.040859175156812456
2884,1.572828282828283,0.5106060606060605,0.00019386502838884142,0.041818274260935664
2885,1.572828282828283,0.5165656565656566,0.0003625619443970464,0.041952630205054874
2886,1.572828282828283,0.5225252525252525,-0.0003119027766423114,0.042528851869446674
2887,1.572828282828283,0.5284848484848484,2.167818748255078e-05,0.04293990438303022
2888,1.572828282828283,0.5344444444444444,0.0004718527245751488,0.04405328587456391
2889,1.572828282828283,0.5404040404040403,0.00011708120651651697,0.0442692502754873
2890,1.572828282828283,0.5463636363636363,-0.000133738339920535,0.04418278801268702
2891,1.572828282828283,0.5523232323232323,0.00015116230217686647,0.04470033547756945
2892,1.572828282828283,0.5582828282828283,0.0005695923906449803,0.045817932986128365
2893,1.572828282828283,0.5642424242424242,0.00023202617719008902,0.04616656849165079
2894,1.572828282828283,0.5702020202020202,-0.00045056183566656626,0.04648368887038898
2895,1.572828282828283,0.5761616161616161,-0.0005582344251407417,0.04688119103525776
2896,1.572828282828283,0.582121212121212,-0.0005000605657679561,0.047379194519525304
2897,1.572828282828283,0.588080808080808,-0.0002614945878601787,0.047951057920905045
2898,1.572828282828283,0.594040404040404,-6.884450146689045e-05,0.048082638325097245
2899,1.572828282828283,0.6,0.0004697381421653283,0.048401481668322276
2900,1.592929292929293,0.01,-8.165702680529408e-06,0.000834353325674699
2901,1.592929292929293,0.01595959595959596,6.439227451108687e-06,0.0013289143695639992
2902,1.592929292929293,0.021919191919191918,7.608494131268595e-06,0.001802365383816962
2903,1.592929292929293,0.027878787878787878,1.9703142717624378e-05,0.0023506794427774003
2904,1.592929292929293,0.033838383838383834,3.7614323931679124e-05,0.0028315363302776047
2905,1.592929292929293,0.0397979797979798,-3.578211611117328e-05,0.0033079077361500486
2906,1.592929292929293,0.045757575757575754,-1.2790658815635836e-05,0.0038569467507820693
2907,1.592929292929293,0.05171717171717172,2.730836288378199e-05,0.004341200087947972
2908,1.592929292929293,0.05767676767676767,9.375944194313296e-05,0.004786308892351806
2909,1.592929292929293,0.06363636363636363,6.853077408045671e-06,0.005280447906551464
2910,1.592929292929293,0.06959595959595959,-0.0001310772934612547,0.005869264643225233
2911,1.592929292929293,0.07555555555555554,6.421452414032136e-07,0.006248062317140745
2912,1.592929292929293,0.0815151515151515,7.832587609168418e-05,0.006766145132411424
2913,1.592929292929293,0.08747474747474746,4.729502571776437e-05,0.007282200989330147
2914,1.592929292929293,0.09343434343434343,-0.00018111337042004053,0.007827324008300034
2915,1.592929292929293,0.09939393939393938,-7.741516613837285e-06,0.008243147462055766
2916,1.592929292929293,0.10535353535353534,-0.00010468888824108746,0.008785758247933092
2917,1.592929292929293,0.1113131313131313,-0.0001477470626083409,0.00933186828518804
2918,1.592929292929293,0.11727272727272725,5.954328615828468e-05,0.009716282927289316
2919,1.592929292929293,0.12323232323232322,-0.00014863267392382335,0.010297923226510011
2920,1.592929292929293,0.1291919191919192,-8.427285130716915e-05,0.010607997019655379
2921,1.592929292929293,0.13515151515151513,-1.8116863491616897e-05,0.011243117287436283
2922,1.592929292929293,0.1411111111111111,0.00016153362463359832,0.011745108299490874
2923,1.592929292929293,0.14707070707070707,-7.383209154709059e-06,0.01223008184145493
2924,1.592929292929293,0.15303030303030302,-3.366163445350727e-05,0.01277112460901435
2925,1.592929292929293,0.158989898989899,7.565364939696874e-05,0.01316670651521742
2926,1.592929292929293,0.16494949494949493,-0.0004649412539164964,0.013635133587688994
2927,1.592929292929293,0.1709090909090909,-2.9742231396206508e-05,0.014421787571587004
2928,1.592929292929293,0.17686868686868687,-0.00021125377941151916,0.014721352221132916
2929,1.592929292929293,0.1828282828282828,-2.217022420246034e-05,0.015318595265924124
2930,1.592929292929293,0.18878787878787878,0.00025837996642498056,0.01584279160209197
2931,1.592929292929293,0.19474747474747472,-0.0003138563376688845,0.016119634192419165
2932,1.592929292929293,0.2007070707070707,5.4992289830355867e-05,0.01667107948880591
2933,1.592929292929293,0.20666666666666667,0.00022569067912972076,0.017301156598783157
2934,1.592929292929293,0.2126262626262626,-0.0001787731140719841,0.01762189500394786
2935,1.592929292929293,0.21858585858585858,-0.0001602400793655974,0.017980610912798945
2936,1.592929292929293,0.22454545454545452,-4.170716833523369e-05,0.018917130220612907
2937,1.592929292929293,0.2305050505050505,-7.331076963362118e-05,0.019264855723760535
2938,1.592929292929293,0.23646464646464646,0.00035774261839993237,0.019824880577080765
2939,1.592929292929293,0.2424242424242424,0.00015076785739170356,0.020252277473049463
2940,1.592929292929293,0.24838383838383837,-0.00021910700505838442,0.020816291256061444
2941,1.592929292929293,0.2543434343434343,3.085287265557669e-05,0.02151222289967966
2942,1.592929292929293,0.26030303030303026,4.124163427140477e-05,0.021747154911386627
2943,1.592929292929293,0.26626262626262626,0.0003060049106335514,0.022538373098780956
2944,1.592929292929293,0.2722222222222222,0.0003779147479522132,0.023082127394041477
2945,1.592929292929293,0.27818181818181814,4.7503074375308696e-05,0.023071885373860866
2946,1.592929292929293,0.28414141414141414,-0.00026464536680753133,0.023563831688975988
2947,1.592929292929293,0.2901010101010101,0.00023120748860286372,0.024429801127814534
2948,1.592929292929293,0.296060606060606,0.00025830522706227714,0.025065306143755912
2949,1.592929292929293,0.302020202020202,-0.0006517924054902062,0.024920641197694302
2950,1.592929292929293,0.30797979797979796,7.03154267883734e-05,0.025747160564127625
2951,1.592929292929293,0.3139393939393939,0.00018389499981180066,0.026289093573820595
2952,1.592929292929293,0.31989898989898985,-5.3834111348474745e-05,0.02675695103782137
2953,1.592929292929293,0.32585858585858585,0.0003618964536935545,0.02711613553186771
2954,1.592929292929293,0.3318181818181818,0.00015801820563656125,0.028170362607538316
2955,1.592929292929293,0.33777777777777773,0.0005798897589984239,0.028511392279215425
2956,1.592929292929293,0.34373737373737373,0.00035984644162429625,0.028930684137184203
2957,1.592929292929293,0.3496969696969697,4.004315752896015e-05,0.029383487348296936
2958,1.592929292929293,0.3556565656565656,0.00020041894327661063,0.030130585492269425
2959,1.592929292929293,0.3616161616161616,0.00032745829940928424,0.03020685993301373
2960,1.592929292929293,0.36757575757575756,0.0008238104972997688,0.030757481946297977
2961,1.592929292929293,0.3735353535353535,-8.453835561840757e-05,0.031168492744909113
2962,1.592929292929293,0.37949494949494944,0.00036489250958679167,0.032231622664470744
2963,1.592929292929293,0.38545454545454544,0.00018494715585046047,0.03200334235822408
2964,1.592929292929293,0.3914141414141414,-0.00020351746351565656,0.03231887618335911
2965,1.592929292929293,0.3973737373737373,-0.0002869795087694594,0.033345194714261554
2966,1.592929292929293,0.4033333333333333,0.0005882799729585427,0.03391255986087483
2967,1.592929292929293,0.40929292929292926,-0.00023756502727238579,0.034659901899636
2968,1.592929292929293,0.4152525252525252,-0.0001433223189137447,0.03468070363769884
2969,1.592929292929293,0.42121212121212115,0.00016549567258955812,0.03537558590724711
2970,1.592929292929293,0.42717171717171715,-0.00033529608071680716,0.035836273433754076
2971,1.592929292929293,0.4331313131313131,-0.0003213572114749416,0.036581637262869345
2972,1.592929292929293,0.43909090909090903,-0.00036799935192907116,0.03684051383817396
2973,1.592929292929293,0.44505050505050503,-0.00023086567464815255,0.03721656701745608
2974,1.592929292929293,0.45101010101010097,-0.00017062263167561383,0.03768705818654531
2975,1.592929292929293,0.4569696969696969,-0.00039007260654863113,0.037946611919761876
2976,1.592929292929293,0.4629292929292929,0.000501126781847451,0.03888039095864856
2977,1.592929292929293,0.46888888888888886,0.00013853060906722275,0.03970301872088127
2978,1.592929292929293,0.4748484848484848,0.00024035527120386604,0.04026056469921272
2979,1.592929292929293,0.48080808080808074,-0.00032608068750356034,0.04088108005516441
2980,1.592929292929293,0.48676767676767674,-0.00012378174236064176,0.041217763229173074
2981,1.592929292929293,0.4927272727272727,-0.0007006701992310604,0.04124047113442767
2982,1.592929292929293,0.4986868686868686,-0.00027434882810552973,0.042146483895946024
2983,1.592929292929293,0.5046464646464646,6.546783437174497e-05,0.04230649401020229
2984,1.592929292929293,0.5106060606060605,-0.0005473294937922276,0.04212000814796785
2985,1.592929292929293,0.5165656565656566,0.00017420418826575196,0.043923240908497405
2986,1.592929292929293,0.5225252525252525,-0.0002731511927651368,0.043604713728746296
2987,1.592929292929293,0.5284848484848484,3.578218489080336e-05,0.044060436591184395
2988,1.592929292929293,0.5344444444444444,0.0004241288620320911,0.04561018313778953
2989,1.592929292929293,0.5404040404040403,-0.00029795727575526883,0.04538464904503206
2990,1.592929292929293,0.5463636363636363,-2.050640717785961e-05,0.046084875679381056
2991,1.592929292929293,0.5523232323232323,0.0003553529467424569,0.04669567859165283
2992,1.592929292929293,0.5582828282828283,0.00034410496620118945,0.047140061413680226
2993,1.592929292929293,0.5642424242424242,-0.0003967669203212728,0.048100183941953555
2994,1.592929292929293,0.5702020202020202,0.0009637363568386825,0.04873495951141919
2995,1.592929292929293,0.5761616161616161,-0.0003494227895190403,0.048941448734769494
2996,1.592929292929293,0.582121212121212,0.00047617886583202777,0.04982290923360463
2997,1.592929292929293,0.588080808080808,0.00011932785213327348,0.04952325334709014
2998,1.592929292929293,0.594040404040404,-0.00022640892384665095,0.04985939928508579
2999,1.592929292929293,0.6,0.0003230207232163066,0.050844580190337996
3000,1.613030303030303,0.01,8.991093750116863e-07,0.0008762853274286062
3001,1.613030303030303,0.01595959595959596,-3.5455158298051793e-06,0.001370037749300806
3002,1.613030303030303,0.021919191919191918,-3.582310625874932e-05,0.0018855875981476603
3003,1.613030303030303,0.027878787878787878,6.981580266039012e-07,0.0023857798451100303
3004,1.613030303030303,0.033838383838383834,4.492655995951527e-05,0.0029086629885897893
3005,1.613030303030303,0.0397979797979798,-6.916428643329953e-06,0.003418448051778539
3006,1.613030303030303,0.045757575757575754,-5.606339439162643e-05,0.00395419712719605
3007,1.613030303030303,0.05171717171717172,5.791657210428776e-05,0.004489210503222452
3008,1.613030303030303,0.05767676767676767,-8.934527232131273e-06,0.004993192154353234
3009,1.613030303030303,0.06363636363636363,-4.550918336751569e-05,0.005425729386388122
3010,1.613030303030303,0.06959595959595959,-3.106163525721597e-05,0.006001842173443045
3011,1.613030303030303,0.07555555555555554,-1.1053815797702304e-05,0.006540008825230122
3012,1.613030303030303,0.0815151515151515,-1.2832300213958636e-05,0.007050695242721917
3013,1.613030303030303,0.08747474747474746,0.00010369952944975105,0.007634177674595555
3014,1.613030303030303,0.09343434343434343,-4.4786546501306334e-05,0.008110279850509923
3015,1.613030303030303,0.09939393939393938,2.84273315417647e-05,0.008517089675082579
3016,1.613030303030303,0.10535353535353534,-2.3635240048059734e-05,0.009169252343301949
3017,1.613030303030303,0.1113131313131313,-0.00011938667742192823,0.009553796677521669
3018,1.613030303030303,0.11727272727272725,0.00010792076281208578,0.01010439446932009
3019,1.613030303030303,0.12323232323232322,-2.4822335984556244e-05,0.01054982128915915
3020,1.613030303030303,0.1291919191919192,0.00010675242363459967,0.010991106103208373
3021,1.613030303030303,0.13515151515151513,-6.289709961957504e-05,0.011589364104611106
3022,1.613030303030303,0.1411111111111111,0.00014451059540091519,0.01206554729139711
3023,1.613030303030303,0.14707070707070707,0.00013924821487090852,0.012714588121154833
3024,1.613030303030303,0.15303030303030302,-1.1729110253636975e-05,0.013216911170425427
3025,1.613030303030303,0.158989898989899,8.416332896835001e-05,0.013801163058347887
3026,1.613030303030303,0.16494949494949493,-0.00017273644725332744,0.014228596098441397
3027,1.613030303030303,0.1709090909090909,5.8574779326888835e-05,0.014715248275637829
3028,1.613030303030303,0.17686868686868687,-0.0002945471215886918,0.015270573687493532
3029,1.613030303030303,0.1828282828282828,0.0001067279822877814,0.0157315315627846
3030,1.613030303030303,0.18878787878787878,0.00019485399441703565,0.016273986435966205
3031,1.613030303030303,0.19474747474747472,0.0003581050925772997,0.01705002497187271
3032,1.613030303030303,0.2007070707070707,-0.00011442662159387822,0.01743593781738215
3033,1.613030303030303,0.20666666666666667,-6.819391670461695e-05,0.01802957388736746
3034,1.613030303030303,0.2126262626262626,0.0002023715486891943,0.01850177224252187
3035,1.613030303030303,0.21858585858585858,5.779009763895909e-05,0.018899165217906244
3036,1.613030303030303,0.22454545454545452,7.038507270043625e-05,0.019373836814498075
3037,1.613030303030303,0.2305050505050505,0.000147071358405077,0.020003476830584822
3038,1.613030303030303,0.23646464646464646,3.8769565018231036e-05,0.020480899601570953
3039,1.613030303030303,0.2424242424242424,-0.00021885229672744056,0.020861642792685688
3040,1.613030303030303,0.24838383838383837,2.8418304448595723e-05,0.021360028002061836
3041,1.613030303030303,0.2543434343434343,0.00028502568630863726,0.022131920977418586
3042,1.613030303030303,0.26030303030303026,-0.00015951402497410861,0.022582878486090297
3043,1.613030303030303,0.26626262626262626,0.00011865607155506832,0.023002933840517045
3044,1.613030303030303,0.2722222222222222,-0.0002749506904110808,0.02367460839034274
3045,1.613030303030303,0.27818181818181814,0.00013917340420785572,0.02425983370276739
3046,1.613030303030303,0.28414141414141414,0.00030101626317635634,0.024336078158024393
3047,1.613030303030303,0.2901010101010101,9.018058330564136e-05,0.025295370189545845
3048,1.613030303030303,0.296060606060606,-0.0006122442258468837,0.025353944181990114
3049,1.613030303030303,0.302020202020202,0.00016104861480020224,0.02624448203706145
3050,1.613030303030303,0.30797979797979796,-6.175839407372343e-05,0.026617864040025193
3051,1.613030303030303,0.3139393939393939,7.314525278388972e-06,0.027293341545805604
3052,1.613030303030303,0.31989898989898985,0.00024182982341612607,0.027877189913642186
3053,1.613030303030303,0.32585858585858585,5.441075408870865e-05,0.027938883881199836
3054,1.613030303030303,0.3318181818181818,-0.0002619038322427529,0.028532656926379928
3055,1.613030303030303,0.33777777777777773,-9.889959011983943e-05,0.0292726009885894
3056,1.613030303030303,0.34373737373737373,-0.000388203156691754,0.029863982450944935
3057,1.613030303030303,0.3496969696969697,0.00040578337914397495,0.030500163568072537
3058,1.613030303030303,0.3556565656565656,-0.00027603246759604473,0.030534008673137623
3059,1.613030303030303,0.3616161616161616,-0.000295850287996141,0.03104121953302773
3060,1.613030303030303,0.36757575757575756,3.9804683914536576e-05,0.032303336826231585
3061,1.613030303030303,0.3735353535353535,8.608679534514996e-05,0.03268701674479179
3062,1.613030303030303,0.37949494949494944,0.000398817919518642,0.0332420430713458
3063,1.613030303030303,0.38545454545454544,-9.117306468977813e-05,0.033208180447594424
3064,1.613030303030303,0.3914141414141414,-0.0005704904312216763,0.033664962635210814
3065,1.613030303030303,0.3973737373737373,0.00013464796288162881,0.03442579119988761
3066,1.613030303030303,0.4033333333333333,6.501556131764592e-05,0.03489762052083587
3067,1.613030303030303,0.40929292929292926,-0.0011593011591015266,0.03544105780325167
3068,1.613030303030303,0.4152525252525252,4.4030011335367266e-05,0.035825459458824094
3069,1.613030303030303,0.42121212121212115,1.9663051406224507e-05,0.0365056435481925
3070,1.613030303030303,0.42717171717171715,9.951326076647598e-05,0.036795205103363204
3071,1.613030303030303,0.4331313131313131,0.0003997526238892447,0.037865194818315386
3072,1.613030303030303,0.43909090909090903,-0.0005305467312380196,0.03775463840954556
3073,1.613030303030303,0.44505050505050503,-0.0008208624997321049,0.03819996884177954
3074,1.613030303030303,0.45101010101010097,0.00028788861443880423,0.039312946902036336
3075,1.613030303030303,0.4569696969696969,1.0445131433847088e-05,0.03970569057235469
3076,1.613030303030303,0.4629292929292929,-4.942488687901818e-05,0.040653704917986595
3077,1.613030303030303,0.46888888888888886,-0.00015709424458533832,0.04105341585539414
3078,1.613030303030303,0.4748484848484848,8.079935444485526e-05,0.04084028765907693
3079,1.613030303030303,0.48080808080808074,-0.0003174080324755466,0.04168188118757573
3080,1.613030303030303,0.48676767676767674,-0.00027789825635865127,0.04235037210360815
3081,1.613030303030303,0.4927272727272727,-0.0005217553294007141,0.043059887438163594
3082,1.613030303030303,0.4986868686868686,-0.0006998280163997997,0.04292192316932202
3083,1.613030303030303,0.5046464646464646,-8.980016222892165e-05,0.04374530097773786
3084,1.613030303030303,0.5106060606060605,-0.00010264925083588406,0.04410121432152578
3085,1.613030303030303,0.5165656565656566,-0.00027485164096721203,0.045140204434038225
3086,1.613030303030303,0.5225252525252525,-0.00011379401456978302,0.045437755680544825
3087,1.613030303030303,0.5284848484848484,-0.00032040310758902685,0.045967805754510524
3088,1.613030303030303,0.5344444444444444,-0.0003054299219863298,0.046415840457999416
3089,1.613030303030303,0.5404040404040403,0.000274354847881834,0.04765999787427298
3090,1.613030303030303,0.5463636363636363,-8.820160129211967e-05,0.047983243047373156
3091,1.613030303030303,0.5523232323232323,9.498345006256406e-05,0.047662870003682245
3092,1.613030303030303,0.5582828282828283,-0.00027341930872991013,0.04862299965829555
3093,1.613030303030303,0.5642424242424242,-0.0005990839387226958,0.04897703719214912
3094,1.613030303030303,0.5702020202020202,-5.672090660602693e-05,0.0495999439806476
3095,1.613030303030303,0.5761616161616161,8.019604877404092e-05,0.05057640575009084
3096,1.613030303030303,0.582121212121212,0.0008375326549449248,0.05089755642518804
3097,1.613030303030303,0.588080808080808,0.00010494829910685773,0.05027627921765476
3098,1.613030303030303,0.594040404040404,-0.0009489072130131127,0.05140060712781223
3099,1.613030303030303,0.6,0.0003230467050423177,0.053103053431036634
3100,1.6331313131313132,0.01,1.219505246664716e-05,0.0008761352916321677
3101,1.6331313131313132,0.01595959595959596,4.339851202714185e-06,0.0014174127274255983
3102,1.6331313131313132,0.021919191919191918,2.004079020309921e-05,0.0019554057257898465
3103,1.6331313131313132,0.027878787878787878,-1.5584348949515735e-05,0.0025108572792362518
3104,1.6331313131313132,0.033838383838383834,-1.7702058987832625e-05,0.0030445100867835676
3105,1.6331313131313132,0.0397979797979798,9.991247262278103e-06,0.0035669850024871875
3106,1.6331313131313132,0.045757575757575754,-8.438705217071514e-05,0.004094157792081259
3107,1.6331313131313132,0.05171717171717172,1.0196174627640697e-05,0.004618721216226081
3108,1.6331313131313132,0.05767676767676767,-6.22420542211651e-05,0.005209533954618869
3109,1.6331313131313132,0.06363636363636363,2.1321681743299747e-05,0.005597887511421813
3110,1.6331313131313132,0.06959595959595959,5.63054821384915e-05,0.00625436215681241
3111,1.6331313131313132,0.07555555555555554,-3.8919020471269216e-05,0.006685390742434121
3112,1.6331313131313132,0.0815151515151515,-1.664109453730901e-05,0.007315952969252336
3113,1.6331313131313132,0.08747474747474746,-5.523706794825131e-05,0.007919111579998212
3114,1.6331313131313132,0.09343434343434343,0.00011340898129791892,0.008341753929203563
3115,1.6331313131313132,0.09939393939393938,-1.9040245470147078e-05,0.008868044333095522
3116,1.6331313131313132,0.10535353535353534,5.5228068189608325e-05,0.009377765352817988
3117,1.6331313131313132,0.1113131313131313,8.061421988802712e-05,0.010005829597101248
3118,1.6331313131313132,0.11727272727272725,-0.00014292916596329804,0.010401888539688577
3119,1.6331313131313132,0.12323232323232322,1.1506768550564072e-05,0.010928585365570218
3120,1.6331313131313132,0.1291919191919192,7.242918583907971e-05,0.01169589688843636
3121,1.6331313131313132,0.13515151515151513,0.0001367407450193028,0.01201161575733156
3122,1.6331313131313132,0.1411111111111111,9.890809469244239e-05,0.012623618235810305
3123,1.6331313131313132,0.14707070707070707,-0.00030863404088857493,0.01302912520590677
3124,1.6331313131313132,0.15303030303030302,5.746547355103189e-05,0.013699927791622993
3125,1.6331313131313132,0.158989898989899,-9.317128970835678e-05,0.014107966869590425
3126,1.6331313131313132,0.16494949494949493,1.2001213919768849e-05,0.014662410436611002
3127,1.6331313131313132,0.1709090909090909,0.00020474406021223294,0.01522655390874903
3128,1.6331313131313132,0.17686868686868687,8.124932116129987e-05,0.015799831375092842
3129,1.6331313131313132,0.1828282828282828,0.00015792061544440709,0.016345418028241524
3130,1.6331313131313132,0.18878787878787878,-6.862932701678745e-05,0.01689642944524289
3131,1.6331313131313132,0.19474747474747472,0.00019882224706210399,0.01757720292511993
3132,1.6331313131313132,0.2007070707070707,-1.0392059745837368e-05,0.01807621885336956
3133,1.6331313131313132,0.20666666666666667,1.237119337709647e-07,0.018504397143503187
3134,1.6331313131313132,0.2126262626262626,-0.00012243236476607434,0.019000792459599535
3135,1.6331313131313132,0.21858585858585858,2.8194368924014146e-05,0.019402347078962268
3136,1.6331313131313132,0.22454545454545452,-0.00012601008304580384,0.019891956129794035
3137,1.6331313131313132,0.2305050505050505,8.321860914206328e-05,0.020765240673598105
3138,1.6331313131313132,0.23646464646464646,-4.787502738932996e-05,0.021101842760235637
3139,1.6331313131313132,0.2424242424242424,-0.00014774335242870597,0.021914757138161992
3140,1.6331313131313132,0.24838383838383837,-0.00014571271894296402,0.022132467077681697
3141,1.6331313131313132,0.2543434343434343,0.00020564066003367262,0.02267563446956558
3142,1.6331313131313132,0.26030303030303026,-2.156198999560659e-05,0.023319525212653763
3143,1.6331313131313132,0.26626262626262626,6.908728211132856e-05,0.024065179517756913
3144,1.6331313131313132,0.2722222222222222,-0.00018519316679075794,0.024138959256829996
3145,1.6331313131313132,0.27818181818181814,-0.0003706146800756961,0.02483886049529772
3146,1.6331313131313132,0.28414141414141414,0.0003962441579915527,0.02545315113308697
3147,1.6331313131313132,0.2901010101010101,0.00011053377720226241,0.02588258857680507
3148,1.6331313131313132,0.296060606060606,0.00017535720296329925,0.026389745253047922
3149,1.6331313131313132,0.302020202020202,-0.0004940240946821297,0.02670810857803504
3150,1.6331313131313132,0.30797979797979796,-1.1380488088205132e-05,0.027540252333217042
3151,1.6331313131313132,0.3139393939393939,0.000515123196358295,0.02813577421226353
3152,1.6331313131313132,0.31989898989898985,-0.00041527955508432974,0.028515735938274833
3153,1.6331313131313132,0.32585858585858585,0.00026959573915161906,0.029012370027774168
3154,1.6331313131313132,0.3318181818181818,3.2083270064999e-05,0.02956745398216636
3155,1.6331313131313132,0.33777777777777773,9.040677362432267e-05,0.03025233927871801
3156,1.6331313131313132,0.34373737373737373,-0.00022908275803981123,0.031017290352578945
3157,1.6331313131313132,0.3496969696969697,-0.0004904547098733875,0.03096850325023838
3158,1.6331313131313132,0.3556565656565656,0.0005287760375000518,0.031544030610584854
3159,1.6331313131313132,0.3616161616161616,0.0002891748498526386,0.03242135128578975
3160,1.6331313131313132,0.36757575757575756,-0.0002747441671700587,0.03310413194302101
3161,1.6331313131313132,0.3735353535353535,0.00016762917224807724,0.03356613260904792
3162,1.6331313131313132,0.37949494949494944,-0.0003098795053036137,0.03415988181266614
3163,1.6331313131313132,0.38545454545454544,-0.00017195046502997571,0.03487192842144072
3164,1.6331313131313132,0.3914141414141414,-0.00014835560253826537,0.035325068807470536
3165,1.6331313131313132,0.3973737373737373,0.0001943673874383693,0.03540943643421513
3166,1.6331313131313132,0.4033333333333333,0.0006102254669424176,0.0360363181553085
3167,1.6331313131313132,0.40929292929292926,0.00031166955604982645,0.036291881570329046
3168,1.6331313131313132,0.4152525252525252,0.00015993275288564627,0.037319506447878924
3169,1.6331313131313132,0.42121212121212115,-0.0008179950364508446,0.037700620372080294
3170,1.6331313131313132,0.42717171717171715,0.0005669241243208596,0.03782622852535775
3171,1.6331313131313132,0.4331313131313131,0.0003945836870884189,0.0385496251453596
3172,1.6331313131313132,0.43909090909090903,-0.0005743014064398432,0.03916524618393404
3173,1.6331313131313132,0.44505050505050503,-0.0007120056294163374,0.03984878478628683
3174,1.6331313131313132,0.45101010101010097,-0.0003245811655977003,0.040882790782347925
3175,1.6331313131313132,0.4569696969696969,2.7289336716936498e-05,0.04089116937020321
3176,1.6331313131313132,0.4629292929292929,0.00030147544019027653,0.041803021710197404
3177,1.6331313131313132,0.46888888888888886,0.0005700841786337156,0.0421947992239573
3178,1.6331313131313132,0.4748484848484848,9.09954005710877e-05,0.042204680953622696
3179,1.6331313131313132,0.48080808080808074,9.539281390496584e-05,0.04311012795100157
3180,1.6331313131313132,0.48676767676767674,0.000211609329542057,0.04361571622763584
3181,1.6331313131313132,0.4927272727272727,0.0006946923444323213,0.04458538592401736
3182,1.6331313131313132,0.4986868686868686,0.00036505431520591385,0.04517099397957987
3183,1.6331313131313132,0.5046464646464646,0.00030128516277177245,0.04560643552772715
3184,1.6331313131313132,0.5106060606060605,-0.00014099160953710195,0.04518746276181096
3185,1.6331313131313132,0.5165656565656566,0.0007433350564250859,0.046766563857062765
3186,1.6331313131313132,0.5225252525252525,0.00011867468714142974,0.047282812395485
3187,1.6331313131313132,0.5284848484848484,-0.00037099849668243497,0.0474775851484459
3188,1.6331313131313132,0.5344444444444444,-0.0006915749452262357,0.04750632923140455
3189,1.6331313131313132,0.5404040404040403,0.0003424790777400584,0.04879919237837067
3190,1.6331313131313132,0.5463636363636363,-0.0005872836577790247,0.04935009033124592
3191,1.6331313131313132,0.5523232323232323,0.0007899935050949645,0.050635660219556566
3192,1.6331313131313132,0.5582828282828283,-4.451285762042998e-05,0.050085435090531476
3193,1.6331313131313132,0.5642424242424242,0.0007859079309061952,0.05063493501417336
3194,1.6331313131313132,0.5702020202020202,8.550998749722369e-05,0.051186206211946486
3195,1.6331313131313132,0.5761616161616161,0.0003032652163984499,0.051481006347892745
3196,1.6331313131313132,0.582121212121212,-0.0004448893054140147,0.05257383480024257
3197,1.6331313131313132,0.588080808080808,-5.4929387461760906e-05,0.05263915393013467
3198,1.6331313131313132,0.594040404040404,0.0002583731032567251,0.05386300953938719
3199,1.6331313131313132,0.6,0.00019534387962119238,0.05457541765788054
3200,1.6532323232323232,0.01,2.5797204568041377e-05,0.0009226010084268115
3201,1.6532323232323232,0.01595959595959596,-2.025211740220334e-06,0.0014688299949941967
3202,1.6532323232323232,0.021919191919191918,-5.475118725367945e-06,0.0020217149774817505
3203,1.6532323232323232,0.027878787878787878,-4.575705840095967e-06,0.0025560298939030063
3204,1.6532323232323232,0.033838383838383834,7.242820597979549e-06,0.003152760229223023
3205,1.6532323232323232,0.0397979797979798,-6.375411736810928e-05,0.003662578335573633
3206,1.6532323232323232,0.045757575757575754,-3.6432876528099456e-06,0.004201815615090863
3207,1.6532323232323232,0.05171717171717172,7.198405504893083e-05,0.004775638818352294
3208,1.6532323232323232,0.05767676767676767,3.76335524640732e-05,0.0052753923607702004
3209,1.6532323232323232,0.06363636363636363,-0.00012239169699350562,0.005899463000467118
3210,1.6532323232323232,0.06959595959595959,7.518125043611417e-05,0.00637931108631202
3211,1.6532323232323232,0.07555555555555554,-5.517232034456416e-05,0.0070251399597589395
3212,1.6532323232323232,0.0815151515151515,2.8823601010336908e-05,0.007494338883566135
3213,1.6532323232323232,0.08747474747474746,1.8274847017081173e-05,0.008142120746841654
3214,1.6532323232323232,0.09343434343434343,-7.049502335777276e-05,0.008637163623741452
3215,1.6532323232323232,0.09939393939393938,2.9892795710324593e-05,0.009120670204375533
3216,1.6532323232323232,0.10535353535353534,5.7098455299101394e-05,0.00972467253245615
3217,1.6532323232323232,0.1113131313131313,-6.921522819614699e-05,0.01026307668214204
3218,1.6532323232323232,0.11727272727272725,0.00019789798816192877,0.010829733804256513
3219,1.6532323232323232,0.12323232323232322,-0.0001249262992455563,0.01128919109475851
3220,1.6532323232323232,0.1291919191919192,-0.00010540722423914249,0.011778782327540099
3221,1.6532323232323232,0.13515151515151513,-0.0002665417081875039,0.012312142550950339
3222,1.6532323232323232,0.1411111111111111,8.193881079111448e-05,0.013063712026633761
3223,1.6532323232323232,0.14707070707070707,-0.00010710663062480204,0.01350196161403009
3224,1.6532323232323232,0.15303030303030302,-0.0001291242360234726,0.01408106810699136
3225,1.6532323232323232,0.158989898989899,-0.00020583898162065037,0.014523516186999447
3226,1.6532323232323232,0.16494949494949493,-1.7436483419414727e-06,0.015343284460053702
3227,1.6532323232323232,0.1709090909090909,1.770761100724023e-05,0.015798141992260224
3228,1.6532323232323232,0.17686868686868687,-0.0001818767010885923,0.01630220541613258
3229,1.6532323232323232,0.1828282828282828,-0.000157321711641052,0.01671420272351672
3230,1.6532323232323232,0.18878787878787878,-0.00030103072097370287,0.017397304062495945
3231,1.6532323232323232,0.19474747474747472,-0.00038653820189514667,0.01785828961892446
3232,1.6532323232323232,0.2007070707070707,4.901470977579321e-05,0.018395291906607252
3233,1.6532323232323232,0.20666666666666667,0.00015931291743700052,0.019244158448220926
3234,1.6532323232323232,0.2126262626262626,0.00013828555813369538,0.01956799555414708
3235,1.6532323232323232,0.21858585858585858,-0.00016058666894493224,0.020132732591774286
3236,1.6532323232323232,0.22454545454545452,-9.498158193863455e-05,0.020328314253432917
3237,1.6532323232323232,0.2305050505050505,-0.00014182801267021583,0.021311268003146266
3238,1.6532323232323232,0.23646464646464646,0.00027104915813613823,0.021865829217068804
3239,1.6532323232323232,0.2424242424242424,0.00023427665853986945,0.022442597948915434
3240,1.6532323232323232,0.24838383838383837,0.00013026325743370828,0.023051891464769738
3241,1.6532323232323232,0.2543434343434343,0.00014977203580699246,0.02335628713881991
3242,1.6532323232323232,0.26030303030303026,7.242104867091558e-05,0.024072313322885213
3243,1.6532323232323232,0.26626262626262626,0.0006850834587256279,0.02446009965953573
3244,1.6532323232323232,0.2722222222222222,-0.00012109801379504144,0.024879815311635203
3245,1.6532323232323232,0.27818181818181814,0.00016336458162656464,0.02576081380526987
3246,1.6532323232323232,0.28414141414141414,-0.00012798133043166843,0.02622378312084044
3247,1.6532323232323232,0.2901010101010101,-0.00011299883563949855,0.02662451552858339
3248,1.6532323232323232,0.296060606060606,-1.3826362955741101e-05,0.027261198552872
3249,1.6532323232323232,0.302020202020202,-2.528149642320878e-05,0.027729454881729284
3250,1.6532323232323232,0.30797979797979796,0.00010563334130171724,0.02848351105182432
3251,1.6532323232323232,0.3139393939393939,0.0005272867120566597,0.02907122057764752
3252,1.6532323232323232,0.31989898989898985,0.0003634659839226041,0.02972062547207298
3253,1.6532323232323232,0.32585858585858585,0.0002042447479593956,0.030002526810371632
3254,1.6532323232323232,0.3318181818181818,-0.0004776358503169681,0.03083787638517723
3255,1.6532323232323232,0.33777777777777773,0.0005729965779419135,0.031099638068064036
3256,1.6532323232323232,0.34373737373737373,2.8234495476881482e-05,0.03162418643682034
3257,1.6532323232323232,0.3496969696969697,0.0002507888597013015,0.03233739288267546
3258,1.6532323232323232,0.3556565656565656,-0.0002497845017242669,0.03278505571861608
3259,1.6532323232323232,0.3616161616161616,0.0005104189787761426,0.03324406054881598
3260,1.6532323232323232,0.36757575757575756,0.0004700570256033275,0.033691202048720906
3261,1.6532323232323232,0.3735353535353535,-0.00033571198890305226,0.03425845578139624
3262,1.6532323232323232,0.37949494949494944,0.00028032063644774994,0.03549960122600128
3263,1.6532323232323232,0.38545454545454544,-3.6790698986151015e-05,0.035772718017683995
3264,1.6532323232323232,0.3914141414141414,-0.0004379051838642245,0.036086887189342116
3265,1.6532323232323232,0.3973737373737373,0.00019668535800813425,0.036765437980293525
3266,1.6532323232323232,0.4033333333333333,-0.0004249292797584376,0.03685037704378779
3267,1.6532323232323232,0.40929292929292926,0.00024122563225471917,0.037747355041130345
3268,1.6532323232323232,0.4152525252525252,0.0003766793502655858,0.038705338321025844
3269,1.6532323232323232,0.42121212121212115,0.00034351627622708063,0.03910266936699383
3270,1.6532323232323232,0.42717171717171715,-0.0004019021562631093,0.039776488152527545
3271,1.6532323232323232,0.4331313131313131,4.5941617853619476e-05,0.0400153403768422
3272,1.6532323232323232,0.43909090909090903,0.00024862293957446504,0.040275577330866265
3273,1.6532323232323232,0.44505050505050503,2.1118076996080027e-05,0.04100270473338751
3274,1.6532323232323232,0.45101010101010097,-0.0005033142709249911,0.040960615043476666
3275,1.6532323232323232,0.4569696969696969,1.4147025405691282e-05,0.04245148979313069
3276,1.6532323232323232,0.4629292929292929,-0.00011800643928976142,0.04326566444687058
3277,1.6532323232323232,0.46888888888888886,0.00012503692262954405,0.043134951497498415
3278,1.6532323232323232,0.4748484848484848,0.0004877616146075959,0.04460099678016619
3279,1.6532323232323232,0.48080808080808074,-0.0003496677118047578,0.044189759634034396
3280,1.6532323232323232,0.48676767676767674,-0.0004934229129449079,0.04515771767962438
3281,1.6532323232323232,0.4927272727272727,0.00043080835291983276,0.045360448239045975
3282,1.6532323232323232,0.4986868686868686,8.990438439207442e-05,0.04640788623965652
3283,1.6532323232323232,0.5046464646464646,2.870863479299879e-05,0.04716372817447327
3284,1.6532323232323232,0.5106060606060605,-0.0003146629489249864,0.04756419266887351
3285,1.6532323232323232,0.5165656565656566,0.0007526361263301852,0.048076467385299276
3286,1.6532323232323232,0.5225252525252525,-0.0005090758351828115,0.04838458984178426
3287,1.6532323232323232,0.5284848484848484,-0.0001433637512960611,0.04873781693495726
3288,1.6532323232323232,0.5344444444444444,-0.0002735917550086246,0.05012752644640166
3289,1.6532323232323232,0.5404040404040403,-0.0002675840745895671,0.04973678156172891
3290,1.6532323232323232,0.5463636363636363,0.0002659551820810858,0.05098530806715982
3291,1.6532323232323232,0.5523232323232323,0.00012723326151278954,0.05189790933650949
3292,1.6532323232323232,0.5582828282828283,0.0011415230161249674,0.052196822692921654
3293,1.6532323232323232,0.5642424242424242,-0.00021012343095434805,0.05212755646235862
3294,1.6532323232323232,0.5702020202020202,-0.00046532526082408704,0.053143481263069836
3295,1.6532323232323232,0.5761616161616161,0.0008213426575218507,0.054443228071191556
3296,1.6532323232323232,0.582121212121212,-0.0001352902195622445,0.05390984857398834
3297,1.6532323232323232,0.588080808080808,-0.0011922394322680383,0.054410535725221566
3298,1.6532323232323232,0.594040404040404,0.0004454355638104094,0.055923900312857974
3299,1.6532323232323232,0.6,0.00017902437362422917,0.055589126302538795
3300,1.6733333333333333,0.01,8.3987894936145e-07,0.0009521384191949818
3301,1.6733333333333333,0.01595959595959596,1.5222985441991843e-05,0.001519202686487362
3302,1.6733333333333333,0.021919191919191918,-3.340915864321279e-05,0.0020528538933762084
3303,1.6733333333333333,0.027878787878787878,1.1730518684459513e-05,0.0026568504822506384
3304,1.6733333333333333,0.033838383838383834,-4.108230433783259e-05,0.003181615435243239
3305,1.6733333333333333,0.0397979797979798,2.655082533587386e-05,0.003769178626011162
3306,1.6733333333333333,0.045757575757575754,-3.0261842766191994e-05,0.00430942702402464
3307,1.6733333333333333,0.05171717171717172,3.5853155829122407e-06,0.0049021468483786195
3308,1.6733333333333333,0.05767676767676767,-5.372953960233233e-05,0.005471737981840321
3309,1.6733333333333333,0.06363636363636363,0.00013593997164272755,0.006098691411957519
3310,1.6733333333333333,0.06959595959595959,-2.763883416906815e-05,0.0065877501189714
3311,1.6733333333333333,0.07555555555555554,-3.610933058278652e-05,0.0071362599401749265
3312,1.6733333333333333,0.0815151515151515,-1.0267639913716486e-06,0.007694284005917506
3313,1.6733333333333333,0.08747474747474746,0.00013282887352728047,0.008271227367262159
3314,1.6733333333333333,0.09343434343434343,-0.00010859831222008993,0.008773979832401899
3315,1.6733333333333333,0.09939393939393938,0.0003259679212076377,0.00944395658061896
3316,1.6733333333333333,0.10535353535353534,0.0001639588008541039,0.010029726748030286
3317,1.6733333333333333,0.1113131313131313,2.90466617429505e-05,0.010682665471195908
3318,1.6733333333333333,0.11727272727272725,-7.078991100184989e-05,0.011103133153959902
3319,1.6733333333333333,0.12323232323232322,6.068391040435461e-06,0.01167948127805971
3320,1.6733333333333333,0.1291919191919192,-0.00012956552651197404,0.012199791787309738
3321,1.6733333333333333,0.13515151515151513,-3.7866174973963974e-05,0.012915205380537182
3322,1.6733333333333333,0.1411111111111111,0.00014156969688815759,0.013405574766618007
3323,1.6733333333333333,0.14707070707070707,7.88298244117147e-05,0.01417508574807695
3324,1.6733333333333333,0.15303030303030302,5.952853105750012e-05,0.014592601360750372
3325,1.6733333333333333,0.158989898989899,-0.00018756201712484742,0.015012054685166039
3326,1.6733333333333333,0.16494949494949493,0.0003801384729971411,0.015833244209685002
3327,1.6733333333333333,0.1709090909090909,2.1653184159325712e-05,0.016271473033788904
3328,1.6733333333333333,0.17686868686868687,0.00018283499010093184,0.016725042938535814
3329,1.6733333333333333,0.1828282828282828,-5.679606821950298e-05,0.017582899644423767
3330,1.6733333333333333,0.18878787878787878,0.000125300056362195,0.01833929704936482
3331,1.6733333333333333,0.19474747474747472,6.316791390459375e-06,0.018408034795255726
3332,1.6733333333333333,0.2007070707070707,-0.0003219811934197431,0.019211813720153226
3333,1.6733333333333333,0.20666666666666667,-0.0002168493991392649,0.01962171064462989
3334,1.6733333333333333,0.2126262626262626,-6.308166233031875e-05,0.0202166208981767
3335,1.6733333333333333,0.21858585858585858,0.00044600721281303954,0.02068995740058824
3336,1.6733333333333333,0.22454545454545452,1.2497867142828589e-05,0.02110948334203838
3337,1.6733333333333333,0.2305050505050505,0.00014280205981201947,0.021798491767627305
3338,1.6733333333333333,0.23646464646464646,0.0001301170324951898,0.02254599672434809
3339,1.6733333333333333,0.2424242424242424,5.7964207314956525e-05,0.022917666009439067
3340,1.6733333333333333,0.24838383838383837,-0.00017920522986430526,0.02356621688123638
3341,1.6733333333333333,0.2543434343434343,3.227861120316178e-05,0.024481567853624576
3342,1.6733333333333333,0.26030303030303026,0.00029688005504591104,0.024891070812775747
3343,1.6733333333333333,0.26626262626262626,0.0005264658161173872,0.02507601827507216
3344,1.6733333333333333,0.2722222222222222,-0.00023725070619245138,0.025499284616410843
3345,1.6733333333333333,0.27818181818181814,0.00012646506139043584,0.026379671505257357
3346,1.6733333333333333,0.28414141414141414,-0.00022977610283612476,0.02679801233276048
3347,1.6733333333333333,0.2901010101010101,0.0002928082625102177,0.02765200600338338
3348,1.6733333333333333,0.296060606060606,-0.00011775155147903394,0.0281227040840185
3349,1.6733333333333333,0.302020202020202,-0.00015998805443850838,0.0287277385335328
3350,1.6733333333333333,0.30797979797979796,0.0001647407176241737,0.029266017974203803
3351,1.6733333333333333,0.3139393939393939,0.0003061910633149626,0.030395327796098662
3352,1.6733333333333333,0.31989898989898985,0.00010595044773787655,0.030534518079502557
3353,1.6733333333333333,0.32585858585858585,-5.646590642123286e-05,0.03060175496224198
3354,1.6733333333333333,0.3318181818181818,0.0004984375236182168,0.03166053725662021
3355,1.6733333333333333,0.33777777777777773,0.0002456644097415591,0.03236816882531735
3356,1.6733333333333333,0.34373737373737373,-0.0004358800146478218,0.03296808688865898
3357,1.6733333333333333,0.3496969696969697,-0.00026020222064647284,0.03325789854246616
3358,1.6733333333333333,0.3556565656565656,0.00022957170724471746,0.033796706278594525
3359,1.6733333333333333,0.3616161616161616,0.0003139831183992075,0.034147201430793486
3360,1.6733333333333333,0.36757575757575756,-0.00037158310181234483,0.03488860330951309
3361,1.6733333333333333,0.3735353535353535,-2.1838309148318436e-05,0.035885361881116365
3362,1.6733333333333333,0.37949494949494944,-6.375249932871112e-05,0.036111749084690996
3363,1.6733333333333333,0.38545454545454544,0.0007458746093722853,0.03662672537622569
3364,1.6733333333333333,0.3914141414141414,-9.488211138390774e-05,0.037257227362382364
3365,1.6733333333333333,0.3973737373737373,-0.000908360535315968,0.037382231718138446
3366,1.6733333333333333,0.4033333333333333,-5.329004057099664e-05,0.03881409469235852
3367,1.6733333333333333,0.40929292929292926,0.0001756726503294644,0.03933004515137637
3368,1.6733333333333333,0.4152525252525252,0.0011328297443128227,0.03983330333267113
3369,1.6733333333333333,0.42121212121212115,-0.0002116920260637339,0.04012348149523143
3370,1.6733333333333333,0.42717171717171715,0.00030531610799281063,0.041005880849236585
3371,1.6733333333333333,0.4331313131313131,0.0004536606743830724,0.04125805216375947
3372,1.6733333333333333,0.43909090909090903,-0.0005546147900485864,0.041439098837063607
3373,1.6733333333333333,0.44505050505050503,0.0005537907510030669,0.042783974129313736
3374,1.6733333333333333,0.45101010101010097,-0.00018454557925691293,0.04258633719203294
3375,1.6733333333333333,0.4569696969696969,0.00047694454480456825,0.04442542784722063
3376,1.6733333333333333,0.4629292929292929,-0.0003591305087359714,0.04426515681400811
3377,1.6733333333333333,0.46888888888888886,-0.0006159404055476943,0.044501315368991594
3378,1.6733333333333333,0.4748484848484848,4.3668267746119915e-05,0.045505827804309264
3379,1.6733333333333333,0.48080808080808074,-0.00014112504860453118,0.045389576136851253
3380,1.6733333333333333,0.48676767676767674,-2.4161433318593163e-05,0.04642347114166173
3381,1.6733333333333333,0.4927272727272727,0.00030244213354326427,0.04768614555409566
3382,1.6733333333333333,0.4986868686868686,-8.231495815650014e-06,0.04748942080793634
3383,1.6733333333333333,0.5046464646464646,-0.0007298759370605469,0.048130759989697056
3384,1.6733333333333333,0.5106060606060605,-0.0005088649634731634,0.04853240993758386
3385,1.6733333333333333,0.5165656565656566,-0.0006634918428868273,0.04963482504669047
3386,1.6733333333333333,0.5225252525252525,-0.00040258073011354296,0.04953202460855983
3387,1.6733333333333333,0.5284848484848484,0.000274300522275739,0.050147856581998385
3388,1.6733333333333333,0.5344444444444444,-1.817156189277407e-05,0.05101802423522288
3389,1.6733333333333333,0.5404040404040403,0.0004453447678943931,0.05159373676795352
3390,1.6733333333333333,0.5463636363636363,-0.0005340311776526196,0.05226423067748395
3391,1.6733333333333333,0.5523232323232323,-0.0002820133578608519,0.05381593462506721
3392,1.6733333333333333,0.5582828282828283,-0.001279468025443064,0.05305941409413992
3393,1.6733333333333333,0.5642424242424242,-0.00020779749209015442,0.053826766500931274
3394,1.6733333333333333,0.5702020202020202,0.0007586456715608519,0.05505516265911793
3395,1.6733333333333333,0.5761616161616161,-0.0004374404267066535,0.05501743697560528
3396,1.6733333333333333,0.582121212121212,-0.00023313270711934527,0.055598290679750875
3397,1.6733333333333333,0.588080808080808,-0.0009655858130756654,0.05641513160642433
3398,1.6733333333333333,0.594040404040404,0.000639740599795868,0.05637845257806105
3399,1.6733333333333333,0.6,-0.00016156243804459603,0.05718667357327827
3400,1.6934343434343435,0.01,1.5781567028866572e-06,0.0009772517556184495
3401,1.6934343434343435,0.01595959595959596,4.07809348098599e-06,0.0015554436666393584
3402,1.6934343434343435,0.021919191919191918,3.771357568269383e-05,0.002171980012582516
3403,1.6934343434343435,0.027878787878787878,3.1264030091830263e-05,0.0026944349777374005
3404,1.6934343434343435,0.033838383838383834,-1.270127020855385e-05,0.003268021112335135
3405,1.6934343434343435,0.0397979797979798,4.1693668764083135e-05,0.0038451569528191922
3406,1.6934343434343435,0.045757575757575754,4.715532707521552e-05,0.004447824622586937
3407,1.6934343434343435,0.05171717171717172,-4.643722861806601e-05,0.005057912125345391
3408,1.6934343434343435,0.05767676767676767,1.0601616099187882e-05,0.005700158120892228
3409,1.6934343434343435,0.06363636363636363,-9.013727430476389e-05,0.006158925798644782
3410,1.6934343434343435,0.06959595959595959,-3.712298100519763e-05,0.00683579617553993
3411,1.6934343434343435,0.07555555555555554,1.5384593428817984e-05,0.007413632014664868
3412,1.6934343434343435,0.0815151515151515,-8.533050839876509e-05,0.00790258140527996
3413,1.6934343434343435,0.08747474747474746,-4.367676134080437e-05,0.008585478987370882
3414,1.6934343434343435,0.09343434343434343,-3.904785215285888e-05,0.009145862284742585
3415,1.6934343434343435,0.09939393939393938,4.7422759418328794e-05,0.009682377244524339
3416,1.6934343434343435,0.10535353535353534,-0.00011531636420470408,0.010334452092510616
3417,1.6934343434343435,0.1113131313131313,-0.00020617820681779938,0.010754585881208483
3418,1.6934343434343435,0.11727272727272725,-0.00010374225301349203,0.011525235903994267
3419,1.6934343434343435,0.12323232323232322,3.2547145257421494e-05,0.011967506164527969
3420,1.6934343434343435,0.1291919191919192,-0.00014760938761829986,0.012507268914616596
3421,1.6934343434343435,0.13515151515151513,-0.00013691135270870757,0.013125043872642926
3422,1.6934343434343435,0.1411111111111111,-0.00022074306870179113,0.01371928464327148
3423,1.6934343434343435,0.14707070707070707,-0.00015270272055604037,0.014518606384457395
3424,1.6934343434343435,0.15303030303030302,-0.00012301544939750445,0.014971434175687973
3425,1.6934343434343435,0.158989898989899,0.00012510675289334158,0.015459266390284252
3426,1.6934343434343435,0.16494949494949493,-0.00017304170037624132,0.016003561660946426
3427,1.6934343434343435,0.1709090909090909,0.0003074102180071817,0.01670468065147798
3428,1.6934343434343435,0.17686868686868687,-9.694803520404929e-05,0.01711872652398348
3429,1.6934343434343435,0.1828282828282828,-0.00018269060196104462,0.017826631461608396
3430,1.6934343434343435,0.18878787878787878,6.996360639054321e-05,0.01855694171905217
3431,1.6934343434343435,0.19474747474747472,0.00010658062842200466,0.018810398805824205
3432,1.6934343434343435,0.2007070707070707,0.0004482582323861137,0.019899952187130625
3433,1.6934343434343435,0.20666666666666667,-5.498143333479126e-05,0.020203925838917888
3434,1.6934343434343435,0.2126262626262626,-2.8000276378897527e-05,0.020976591483070572
3435,1.6934343434343435,0.21858585858585858,-8.410967346783731e-05,0.02130851844272528
3436,1.6934343434343435,0.22454545454545452,0.0005173793824813739,0.022010122430120738
3437,1.6934343434343435,0.2305050505050505,-0.00017029511560101915,0.0226074179986218
3438,1.6934343434343435,0.23646464646464646,-0.00011605198473966171,0.023214959783658777
3439,1.6934343434343435,0.2424242424242424,-7.648082928477238e-05,0.02435507671025066
3440,1.6934343434343435,0.24838383838383837,-0.00018215720166245695,0.024500062477274064
3441,1.6934343434343435,0.2543434343434343,-0.0003061484409696777,0.025095804837252926
3442,1.6934343434343435,0.26030303030303026,-0.00037840328691109284,0.025325854770699065
3443,1.6934343434343435,0.26626262626262626,-2.7194377422199824e-05,0.02634834605480092
3444,1.6934343434343435,0.2722222222222222,-0.00019760918815219766,0.026696324331363194
3445,1.6934343434343435,0.27818181818181814,0.0002801083764828795,0.02741130763809581
3446,1.6934343434343435,0.28414141414141414,0.00022389819969331155,0.02772127268942484
3447,1.6934343434343435,0.2901010101010101,0.0001796633805611198,0.02860107931904149
3448,1.6934343434343435,0.296060606060606,-2.560696035687967e-05,0.029039183487454816
3449,1.6934343434343435,0.302020202020202,-9.095803063772659e-05,0.029476038990290897
3450,1.6934343434343435,0.30797979797979796,-5.309627278930083e-05,0.030254865063316264
3451,1.6934343434343435,0.3139393939393939,-9.077329230740446e-05,0.03074230992610982
3452,1.6934343434343435,0.31989898989898985,0.00010622478016335752,0.03090032628964728
3453,1.6934343434343435,0.32585858585858585,-0.00013266631179435277,0.031824845977925925
3454,1.6934343434343435,0.3318181818181818,-0.00022716614889911266,0.03246962879194742
3455,1.6934343434343435,0.33777777777777773,-0.00027011954414589185,0.03273626265470595
3456,1.6934343434343435,0.34373737373737373,-0.00022134499248339595,0.03384694364562088
3457,1.6934343434343435,0.3496969696969697,0.0003140272759203876,0.03453864193570809
3458,1.6934343434343435,0.3556565656565656,-0.0005698386663487481,0.03510534615500542
3459,1.6934343434343435,0.3616161616161616,0.0002689110028071071,0.03549938432862174
3460,1.6934343434343435,0.36757575757575756,-2.3035749644905178e-05,0.03608286703266451
3461,1.6934343434343435,0.3735353535353535,2.1907007390939536e-06,0.03681697098842867
3462,1.6934343434343435,0.37949494949494944,-0.0004367212196536535,0.037264608793956856
3463,1.6934343434343435,0.38545454545454544,-5.509785669087628e-05,0.037728567597370775
3464,1.6934343434343435,0.3914141414141414,-0.00013471752918551484,0.03863390281223635
3465,1.6934343434343435,0.3973737373737373,-4.1589452293088125e-05,0.03872870312022612
3466,1.6934343434343435,0.4033333333333333,-0.0002460437943343943,0.0399081400718599
3467,1.6934343434343435,0.40929292929292926,-0.00027976138050404907,0.03973768488647039
3468,1.6934343434343435,0.4152525252525252,-0.0003496172802670909,0.04074313696448942
3469,1.6934343434343435,0.42121212121212115,-0.00038605532497307845,0.04106935699075736
3470,1.6934343434343435,0.42717171717171715,-8.665388265020077e-05,0.04244126016488916
3471,1.6934343434343435,0.4331313131313131,0.000605642524209513,0.04241794498306803
3472,1.6934343434343435,0.43909090909090903,-0.00027844695496922426,0.04303376259130579
3473,1.6934343434343435,0.44505050505050503,0.00022805996197971458,0.0439362304811526
3474,1.6934343434343435,0.45101010101010097,0.00033562592512935175,0.044220923638388705
3475,1.6934343434343435,0.4569696969696969,-0.00020284872477918894,0.04491707088594585
3476,1.6934343434343435,0.4629292929292929,9.277718310641477e-05,0.04576817189211432
3477,1.6934343434343435,0.46888888888888886,-0.0002420555577735909,0.04572123005850817
3478,1.6934343434343435,0.4748484848484848,0.000132844198932327,0.04680359901707063
3479,1.6934343434343435,0.48080808080808074,-0.0010319868939229647,0.047251541547735476
3480,1.6934343434343435,0.48676767676767674,-0.0006761068518469356,0.04822531656728142
3481,1.6934343434343435,0.4927272727272727,-0.0007804130354256832,0.04811058704302591
3482,1.6934343434343435,0.4986868686868686,-0.00021313372339557945,0.0491745477890635
3483,1.6934343434343435,0.5046464646464646,-0.00011395700635816158,0.04934516757653756
3484,1.6934343434343435,0.5106060606060605,-0.00037097077105459054,0.05031958993754569
3485,1.6934343434343435,0.5165656565656566,7.936837052530769e-05,0.051371258607776644
3486,1.6934343434343435,0.5225252525252525,0.00011917580227004507,0.05177632023570261
3487,1.6934343434343435,0.5284848484848484,-0.0005716226501990578,0.05169160236741912
3488,1.6934343434343435,0.5344444444444444,-0.00022474448795266574,0.053376972716193544
3489,1.6934343434343435,0.5404040404040403,0.00038017671791189316,0.05295836398105417
3490,1.6934343434343435,0.5463636363636363,-7.970049678731384e-07,0.05417394614380155
3491,1.6934343434343435,0.5523232323232323,0.0003263796736526284,0.05450366499548424
3492,1.6934343434343435,0.5582828282828283,-0.000602322452503073,0.0549647569594458
3493,1.6934343434343435,0.5642424242424242,3.486468044861142e-05,0.05549835377050692
3494,1.6934343434343435,0.5702020202020202,0.00016852922684642652,0.05602857724907995
3495,1.6934343434343435,0.5761616161616161,-0.000635402522986075,0.057022987452810175
3496,1.6934343434343435,0.582121212121212,-6.032722583000827e-05,0.05661760297145577
3497,1.6934343434343435,0.588080808080808,-0.0008223298385483796,0.05785156356659562
3498,1.6934343434343435,0.594040404040404,0.0003871555179576839,0.05879778073644815
3499,1.6934343434343435,0.6,-6.047942140607529e-05,0.05870614874001538
3500,1.7135353535353537,0.01,2.1752129078718208e-05,0.00100156160018145
3501,1.7135353535353537,0.01595959595959596,2.4008033136363615e-05,0.0016035055776641822
3502,1.7135353535353537,0.021919191919191918,1.6485717890614805e-05,0.0022054051541070406
3503,1.7135353535353537,0.027878787878787878,1.597329302023882e-05,0.0028108256116239905
3504,1.7135353535353537,0.033838383838383834,6.112723853968502e-05,0.0034109037748171417
3505,1.7135353535353537,0.0397979797979798,-4.564386522234953e-05,0.003979496426228546
3506,1.7135353535353537,0.045757575757575754,3.780333073589609e-05,0.00456578134946922
3507,1.7135353535353537,0.05171717171717172,0.00012311993067243916,0.005224316151146358
3508,1.7135353535353537,0.05767676767676767,-4.817728146754304e-05,0.005764392190423744
3509,1.7135353535353537,0.06363636363636363,1.665262890654666e-05,0.0063948503315983144
3510,1.7135353535353537,0.06959595959595959,-0.0001189963845376933,0.0070055674534372885
3511,1.7135353535353537,0.07555555555555554,-1.621087151633378e-05,0.007515634114968143
3512,1.7135353535353537,0.0815151515151515,-0.00015415201190497325,0.008121966235148359
3513,1.7135353535353537,0.08747474747474746,-1.439494181418477e-05,0.008735523933202538
3514,1.7135353535353537,0.09343434343434343,0.00010295472523135958,0.00943391692677277
3515,1.7135353535353537,0.09939393939393938,-9.152650049655497e-05,0.010028328451027756
3516,1.7135353535353537,0.10535353535353534,-2.3962556973531446e-05,0.010665218573072278
3517,1.7135353535353537,0.1113131313131313,2.036902909369288e-05,0.011251335415210445
3518,1.7135353535353537,0.11727272727272725,1.6024518262084975e-05,0.01180866099900807
3519,1.7135353535353537,0.12323232323232322,-8.607216996888757e-05,0.01224459315180012
3520,1.7135353535353537,0.1291919191919192,0.00015131547526368264,0.012952209234388062
3521,1.7135353535353537,0.13515151515151513,-1.6955709254124852e-05,0.013633790281366706
3522,1.7135353535353537,0.1411111111111111,-1.3191644803301527e-05,0.014098073124343424
3523,1.7135353535353537,0.14707070707070707,-0.00017505528715443575,0.015082461331302342
3524,1.7135353535353537,0.15303030303030302,4.0278866077531425e-05,0.015466927094585997
3525,1.7135353535353537,0.158989898989899,8.400467580510113e-05,0.01585328733512488
3526,1.7135353535353537,0.16494949494949493,0.00019081018143216334,0.016664112065766644
3527,1.7135353535353537,0.1709090909090909,0.00010365705285003832,0.01732487938000905
3528,1.7135353535353537,0.17686868686868687,-7.78804742128481e-05,0.017627009322615884
3529,1.7135353535353537,0.1828282828282828,0.00013422017063491202,0.01827521440666003
3530,1.7135353535353537,0.18878787878787878,-0.0002167553876782663,0.018789708071520948
3531,1.7135353535353537,0.19474747474747472,-3.137620142794324e-05,0.01962605691118371
3532,1.7135353535353537,0.2007070707070707,0.00017116000881091254,0.020078356481424343
3533,1.7135353535353537,0.20666666666666667,-0.0002629780954663345,0.020537695297792702
3534,1.7135353535353537,0.2126262626262626,0.0003336573244993967,0.02155985508774985
3535,1.7135353535353537,0.21858585858585858,-0.00020425813237007686,0.02191329086117804
3536,1.7135353535353537,0.22454545454545452,1.1592960938950902e-06,0.022461742492221763
3537,1.7135353535353537,0.2305050505050505,-4.69963769897219e-05,0.02319095222255825
3538,1.7135353535353537,0.23646464646464646,0.0004398054140224769,0.023567745028984892
3539,1.7135353535353537,0.2424242424242424,-0.00013797920888704177,0.02468850943565292
3540,1.7135353535353537,0.24838383838383837,-0.00043722056869507063,0.025128159244605312
3541,1.7135353535353537,0.2543434343434343,-0.000336453255481683,0.025663886021785137
3542,1.7135353535353537,0.26030303030303026,-0.00020050100352862255,0.02611979012135649
3543,1.7135353535353537,0.26626262626262626,0.00019597152918290358,0.026425585393018692
3544,1.7135353535353537,0.2722222222222222,-0.00023296951295420366,0.02720978040784158
3545,1.7135353535353537,0.27818181818181814,-8.412810621006707e-05,0.02791261832826245
3546,1.7135353535353537,0.28414141414141414,1.966942100090845e-05,0.028854628904963577
3547,1.7135353535353537,0.2901010101010101,-0.00013123665872731273,0.029345010444602134
3548,1.7135353535353537,0.296060606060606,5.045275784200083e-05,0.030029721019240178
3549,1.7135353535353537,0.302020202020202,0.0002684145909623479,0.030719142945478412
3550,1.7135353535353537,0.30797979797979796,0.0002960693026385785,0.031012850819201642
3551,1.7135353535353537,0.3139393939393939,-0.0003987343924210664,0.03186524753429741
3552,1.7135353535353537,0.31989898989898985,0.0004215273955760287,0.03259966738995114
3553,1.7135353535353537,0.32585858585858585,-0.0001104082185455068,0.03279752765386994
3554,1.7135353535353537,0.3318181818181818,-0.00047759122089034944,0.033080098522601596
3555,1.7135353535353537,0.33777777777777773,0.0003845403931345285,0.03479123518416959
3556,1.7135353535353537,0.34373737373737373,0.0002145253353350939,0.03456600422203961
3557,1.7135353535353537,0.3496969696969697,0.0004262780755943784,0.0349723861625822
3558,1.7135353535353537,0.3556565656565656,0.00016924034497377144,0.0359787040271661
3559,1.7135353535353537,0.3616161616161616,0.00018242885969713994,0.036396477626183935
3560,1.7135353535353537,0.36757575757575756,0.00024589287594108084,0.036862684467602456
3561,1.7135353535353537,0.3735353535353535,0.000377574644432248,0.03799365182059311
3562,1.7135353535353537,0.37949494949494944,-0.00013868303284939642,0.03791223105924038
3563,1.7135353535353537,0.38545454545454544,-8.554650423575293e-05,0.038808658568864327
3564,1.7135353535353537,0.3914141414141414,0.000360560484047989,0.040012433836210934
3565,1.7135353535353537,0.3973737373737373,-0.00042769788119538055,0.04024703686286726
3566,1.7135353535353537,0.4033333333333333,5.7925860320807153e-05,0.04076345488728963
3567,1.7135353535353537,0.40929292929292926,-6.202899037783567e-05,0.04068296158068978
3568,1.7135353535353537,0.4152525252525252,0.0003571664078317412,0.04190400432931301
3569,1.7135353535353537,0.42121212121212115,0.0007837725630155235,0.042616208821057086
3570,1.7135353535353537,0.42717171717171715,0.0004832362253858031,0.04309429572498495
3571,1.7135353535353537,0.4331313131313131,0.00042994580710897806,0.04380934917294345
3572,1.7135353535353537,0.43909090909090903,0.0002616896733559468,0.04455341264744562
3573,1.7135353535353537,0.44505050505050503,-7.413091245941656e-05,0.044713478767046136
3574,1.7135353535353537,0.45101010101010097,0.0005210641318423504,0.04571198920596846
3575,1.7135353535353537,0.4569696969696969,0.0005932198573712006,0.04692336498409367
3576,1.7135353535353537,0.4629292929292929,0.0003182918404454691,0.04670464192958591
3577,1.7135353535353537,0.46888888888888886,4.387515324332292e-05,0.04742695786576169
3578,1.7135353535353537,0.4748484848484848,-0.0004078953741995038,0.0474952444653242
3579,1.7135353535353537,0.48080808080808074,0.0001776882494661031,0.04854750592142361
3580,1.7135353535353537,0.48676767676767674,-0.0004038435285249593,0.04877964406777789
3581,1.7135353535353537,0.4927272727272727,0.0006741315219041506,0.05010593428486545
3582,1.7135353535353537,0.4986868686868686,-0.00014230548292036276,0.05015347787907378
3583,1.7135353535353537,0.5046464646464646,0.0006311820568432265,0.050932766507618354
3584,1.7135353535353537,0.5106060606060605,-0.0009194853055249542,0.05116093209244788
3585,1.7135353535353537,0.5165656565656566,-0.0004154299110772806,0.05211743992251822
3586,1.7135353535353537,0.5225252525252525,-0.0008061815713251552,0.05304272172927688
3587,1.7135353535353537,0.5284848484848484,-0.00010097208356067431,0.05318329246541008
3588,1.7135353535353537,0.5344444444444444,-0.0006679392079888978,0.054089292548368424
3589,1.7135353535353537,0.5404040404040403,0.00011260890007386713,0.054668922028552135
3590,1.7135353535353537,0.5463636363636363,7.805101049648529e-05,0.055131318430690864
3591,1.7135353535353537,0.5523232323232323,-0.00041128693657174243,0.05610803143473179
3592,1.7135353535353537,0.5582828282828283,-0.00033720054315859775,0.056408256363003756
3593,1.7135353535353537,0.5642424242424242,0.00044120452661479447,0.05741297760033905
3594,1.7135353535353537,0.5702020202020202,0.0007426000140855102,0.05782336205982266
3595,1.7135353535353537,0.5761616161616161,0.000965271458733887,0.05892078324675505
3596,1.7135353535353537,0.582121212121212,0.0006569756088066281,0.05974664010250545
3597,1.7135353535353537,0.588080808080808,1.1493177827768974e-05,0.060283514315011666
3598,1.7135353535353537,0.594040404040404,0.0014601863304511452,0.061197666795214926
3599,1.7135353535353537,0.6,-0.000212697162085444,0.06083987107578229
3600,1.7336363636363636,0.01,-6.253703969589108e-06,0.0010412472200491123
3601,1.7336363636363636,0.01595959595959596,5.769387450248176e-06,0.001644673353682315
3602,1.7336363636363636,0.021919191919191918,2.643760757317435e-05,0.002265383033284996
3603,1.7336363636363636,0.027878787878787878,-1.1983416488057008e-06,0.0028994251042899345
3604,1.7336363636363636,0.033838383838383834,-8.78544261259352e-06,0.0034959173566213933
3605,1.7336363636363636,0.0397979797979798,8.00538160403772e-06,0.004136544902713261
3606,1.7336363636363636,0.045757575757575754,-2.4350397419257875e-05,0.004723176087907593
3607,1.7336363636363636,0.05171717171717172,-2.9547596258962272e-05,0.005320056009533619
3608,1.7336363636363636,0.05767676767676767,-4.627365786744286e-06,0.005995928284910979
3609,1.7336363636363636,0.06363636363636363,-3.2368260451706533e-05,0.006559726361725851
3610,1.7336363636363636,0.06959595959595959,-0.00014041995612272033,0.007239840818577516
3611,1.7336363636363636,0.07555555555555554,-4.618113065653363e-05,0.0077538741990433565
3612,1.7336363636363636,0.0815151515151515,-4.8019498055697185e-05,0.008444131333693587
3613,1.7336363636363636,0.08747474747474746,5.7472533987138654e-05,0.008932471927676128
3614,1.7336363636363636,0.09343434343434343,8.706824554929671e-06,0.009776959194863027
3615,1.7336363636363636,0.09939393939393938,-5.718174616412843e-05,0.010227522408941637
3616,1.7336363636363636,0.10535353535353534,-6.481717103376788e-05,0.010879713322896922
3617,1.7336363636363636,0.1113131313131313,-5.914681624568774e-06,0.011541465161395304
3618,1.7336363636363636,0.11727272727272725,-0.00029532866610329755,0.012126410160660328
3619,1.7336363636363636,0.12323232323232322,0.0002696042498184623,0.012695564370734937
3620,1.7336363636363636,0.1291919191919192,8.098747789281908e-05,0.013334196962583731
3621,1.7336363636363636,0.13515151515151513,-3.9052160143106205e-05,0.013916081434541702
3622,1.7336363636363636,0.1411111111111111,-0.00012645592413764714,0.014544003535161854
3623,1.7336363636363636,0.14707070707070707,5.146267209557758e-05,0.015290977012480125
3624,1.7336363636363636,0.15303030303030302,0.0002629307898785939,0.016081706599144534
3625,1.7336363636363636,0.158989898989899,0.00014017067412965825,0.016483100491739715
3626,1.7336363636363636,0.16494949494949493,-4.832955022724642e-05,0.016958782015977853
3627,1.7336363636363636,0.1709090909090909,4.271714139478651e-05,0.01762700120771372
3628,1.7336363636363636,0.17686868686868687,-9.666176754062103e-05,0.018116856514819386
3629,1.7336363636363636,0.1828282828282828,-9.892154221843771e-05,0.018903125386725856
3630,1.7336363636363636,0.18878787878787878,-5.7978868521686156e-05,0.0194962967444704
3631,1.7336363636363636,0.19474747474747472,-0.00040864437186043865,0.020073238238378036
3632,1.7336363636363636,0.2007070707070707,-0.00012078692665301118,0.020636766810273363
3633,1.7336363636363636,0.20666666666666667,-2.3872332398586006e-05,0.021410805756386087
3634,1.7336363636363636,0.2126262626262626,-7.253036105251755e-05,0.02177664732346027
3635,1.7336363636363636,0.21858585858585858,0.00011411296213395966,0.022430906180511988
3636,1.7336363636363636,0.22454545454545452,2.0698864326120493e-05,0.023432838627891816
3637,1.7336363636363636,0.2305050505050505,0.00016376201876403207,0.023885017190762525
3638,1.7336363636363636,0.23646464646464646,-0.0001288466356844619,0.024526774081547437
3639,1.7336363636363636,0.2424242424242424,0.00022064827523733034,0.025320730241800257
3640,1.7336363636363636,0.24838383838383837,0.00013262819813104012,0.025849629866136994
3641,1.7336363636363636,0.2543434343434343,0.0002225555840391764,0.02620628037973923
3642,1.7336363636363636,0.26030303030303026,-0.00017426798416920355,0.02705734620611216
3643,1.7336363636363636,0.26626262626262626,-0.00023866766041020476,0.027614239538032714
3644,1.7336363636363636,0.2722222222222222,-4.275304407250219e-05,0.02835206388830739
3645,1.7336363636363636,0.27818181818181814,-0.0004127098469969461,0.028572184094223737
3646,1.7336363636363636,0.28414141414141414,-3.237487718207213e-05,0.029819145228634242
3647,1.7336363636363636,0.2901010101010101,-3.698748887459442e-05,0.030205942487325825
3648,1.7336363636363636,0.296060606060606,-0.0004308539450440671,0.03062586917839002
3649,1.7336363636363636,0.302020202020202,-1.8539797167545634e-05,0.0314437086988564
3650,1.7336363636363636,0.30797979797979796,-0.0005387075684218947,0.03207196139997934
3651,1.7336363636363636,0.3139393939393939,-0.0003604853263445448,0.03206351699064918
3652,1.7336363636363636,0.31989898989898985,-0.00034461871124808336,0.033048469133014104
3653,1.7336363636363636,0.32585858585858585,-0.0008591542856948554,0.033990193452130064
3654,1.7336363636363636,0.3318181818181818,-0.0008746087369737852,0.03432921637308674
3655,1.7336363636363636,0.33777777777777773,-0.0006958870025611155,0.03512560203071542
3656,1.7336363636363636,0.34373737373737373,-4.09499351215866e-05,0.036196662300342526
3657,1.7336363636363636,0.3496969696969697,4.446023079406205e-05,0.03621657359566742
3658,1.7336363636363636,0.3556565656565656,-0.000119696921333286,0.036951503102887695
3659,1.7336363636363636,0.3616161616161616,0.00042998845877349697,0.03784386904246011
3660,1.7336363636363636,0.36757575757575756,-0.0001772008854534249,0.037891252945661445
3661,1.7336363636363636,0.3735353535353535,8.01033931564632e-06,0.0384464533742848
3662,1.7336363636363636,0.37949494949494944,-0.000288997896352436,0.03927747012272531
3663,1.7336363636363636,0.38545454545454544,-0.0002597465561457768,0.040188825341246875
3664,1.7336363636363636,0.3914141414141414,-0.00011632317946266491,0.0411213185974762
3665,1.7336363636363636,0.3973737373737373,0.0001763245129588185,0.04055989532539708
3666,1.7336363636363636,0.4033333333333333,-0.0004087272922487793,0.042212089112427374
3667,1.7336363636363636,0.40929292929292926,0.00017728105269808282,0.04246626446762015
3668,1.7336363636363636,0.4152525252525252,-0.0011684557549257694,0.04302761125753406
3669,1.7336363636363636,0.42121212121212115,0.00023126210540270282,0.04352352479712933
3670,1.7336363636363636,0.42717171717171715,0.00046177946376109604,0.04389381443704885
3671,1.7336363636363636,0.4331313131313131,0.0002589758700404445,0.04505719067123216
3672,1.7336363636363636,0.43909090909090903,0.0007581329154974709,0.045735936108906854
3673,1.7336363636363636,0.44505050505050503,0.00019739418756887654,0.04583535267416209
3674,1.7336363636363636,0.45101010101010097,0.00010459969815140165,0.046763691983579936
3675,1.7336363636363636,0.4569696969696969,-9.70212628137244e-05,0.047695009584102555
3676,1.7336363636363636,0.4629292929292929,-0.00070839500739076,0.04818822564417556
3677,1.7336363636363636,0.46888888888888886,0.00043807824401918556,0.04874596238809158
3678,1.7336363636363636,0.4748484848484848,-0.0002629734066845266,0.04925551006009483
3679,1.7336363636363636,0.48080808080808074,-0.00024408196805428598,0.04988337863288603
3680,1.7336363636363636,0.48676767676767674,0.00040720080256888443,0.05067030216304195
3681,1.7336363636363636,0.4927272727272727,0.0005642474278903455,0.05108092506109593
3682,1.7336363636363636,0.4986868686868686,0.0004892281452341449,0.051812735089851604
3683,1.7336363636363636,0.5046464646464646,-0.0007706335621119367,0.05230691772967563
3684,1.7336363636363636,0.5106060606060605,0.00030816293597520674,0.05328053126106865
3685,1.7336363636363636,0.5165656565656566,-0.0008772281950859087,0.05382190461173572
3686,1.7336363636363636,0.5225252525252525,0.0004357478273931363,0.05474647643263314
3687,1.7336363636363636,0.5284848484848484,0.0005493321905378077,0.05574453419690405
3688,1.7336363636363636,0.5344444444444444,0.00041342447710344363,0.05636357101884953
3689,1.7336363636363636,0.5404040404040403,0.00015903422695411277,0.056846468044123286
3690,1.7336363636363636,0.5463636363636363,-8.112612066744837e-05,0.05702535884575039
3691,1.7336363636363636,0.5523232323232323,0.0010530941949862416,0.05782740625500089
3692,1.7336363636363636,0.5582828282828283,0.00044247567742852035,0.05778706310305174
3693,1.7336363636363636,0.5642424242424242,-0.0002407051355480803,0.05949715575428973
3694,1.7336363636363636,0.5702020202020202,-0.000955237753769566,0.05876526227917146
3695,1.7336363636363636,0.5761616161616161,-6.785782859379719e-06,0.060066546614688916
3696,1.7336363636363636,0.582121212121212,-0.0008070725862228282,0.06001491759557069
3697,1.7336363636363636,0.588080808080808,-7.848590747361239e-05,0.061725726902161424
3698,1.7336363636363636,0.594040404040404,0.0010349222358306206,0.06264288751358432
3699,1.7336363636363636,0.6,-0.0003574921297491221,0.06216029821225151
3700,1.7537373737373738,0.01,-1.445474214710425e-05,0.0010613045149101981
3701,1.7537373737373738,0.01595959595959596,-1.1118261151940634e-05,0.0016943030602981292
3702,1.7537373737373738,0.021919191919191918,1.6380315817734026e-06,0.0023508844017541813
3703,1.7537373737373738,0.027878787878787878,2.548792288402736e-05,0.002973150548053692
3704,1.7537373737373738,0.033838383838383834,-3.332987607943286e-05,0.0036255276060796334
3705,1.7537373737373738,0.0397979797979798,3.199321763192888e-05,0.004147346790567718
3706,1.7537373737373738,0.045757575757575754,-1.1307295405283624e-05,0.004813855297514217
3707,1.7537373737373738,0.05171717171717172,4.9407037656799265e-05,0.005483884119513822
3708,1.7537373737373738,0.05767676767676767,9.853301923764273e-05,0.00616540892082738
3709,1.7537373737373738,0.06363636363636363,-5.121233659829794e-06,0.006744458222263608
3710,1.7537373737373738,0.06959595959595959,-7.319677904393751e-05,0.0072912376589104886
3711,1.7537373737373738,0.07555555555555554,-4.5193750803682774e-05,0.008039869502551967
3712,1.7537373737373738,0.0815151515151515,1.4249912606384507e-05,0.008599273582001557
3713,1.7537373737373738,0.08747474747474746,4.330223539255252e-05,0.009293124238291777
3714,1.7537373737373738,0.09343434343434343,-0.0001502749126264332,0.009906358010499891
3715,1.7537373737373738,0.09939393939393938,-1.1808814922516598e-05,0.010747955513439284
3716,1.7537373737373738,0.10535353535353534,-7.191373372832324e-05,0.011194320290858652
3717,1.7537373737373738,0.1113131313131313,-0.00010056354237470897,0.01191183553813128
3718,1.7537373737373738,0.11727272727272725,-0.0001666210902276821,0.012549016201734252
3719,1.7537373737373738,0.12323232323232322,-3.7838145877077013e-06,0.01317845414782811
3720,1.7537373737373738,0.1291919191919192,2.8205939812135007e-05,0.013697189514286588
3721,1.7537373737373738,0.13515151515151513,-0.00012909745359070696,0.014373326154118356
3722,1.7537373737373738,0.1411111111111111,-2.6705022145789515e-06,0.014879186262124679
3723,1.7537373737373738,0.14707070707070707,7.434930552319352e-06,0.015369750426070581
3724,1.7537373737373738,0.15303030303030302,-0.0002390342738860804,0.016296376156622033
3725,1.7537373737373738,0.158989898989899,0.00014610216945070182,0.016922283310147074
3726,1.7537373737373738,0.16494949494949493,-0.0004417120642067628,0.017316526841627915
3727,1.7537373737373738,0.1709090909090909,0.00017008960955036377,0.018186584901291915
3728,1.7537373737373738,0.17686868686868687,0.0002644263635535734,0.01875128789156366
3729,1.7537373737373738,0.1828282828282828,6.6766485658152e-05,0.01957684647672347
3730,1.7537373737373738,0.18878787878787878,-2.8324497306553077e-05,0.020064985189851166
3731,1.7537373737373738,0.19474747474747472,3.973279293032341e-05,0.020839910536441728
3732,1.7537373737373738,0.2007070707070707,0.0002087320639485278,0.021418335377755594
3733,1.7537373737373738,0.20666666666666667,0.0001532707906103628,0.022153109432035013
3734,1.7537373737373738,0.2126262626262626,7.539160941211747e-05,0.022573799074142142
3735,1.7537373737373738,0.21858585858585858,-0.00012732168709778243,0.023400324167966703
3736,1.7537373737373738,0.22454545454545452,0.0002072456889058496,0.02373346304319071
3737,1.7537373737373738,0.2305050505050505,0.0001892087921877961,0.02471342327295422
3738,1.7537373737373738,0.23646464646464646,-1.0904139318023697e-06,0.02488975838896535
3739,1.7537373737373738,0.2424242424242424,-0.00020678727203620877,0.025883938568922765
3740,1.7537373737373738,0.24838383838383837,-2.1523088802022183e-05,0.02657630513166687
3741,1.7537373737373738,0.2543434343434343,-6.068189172401053e-05,0.026590955399704814
3742,1.7537373737373738,0.26030303030303026,-6.233024295757753e-05,0.027823546162326445
3743,1.7537373737373738,0.26626262626262626,0.0004841142821018918,0.028337388348479715
3744,1.7537373737373738,0.2722222222222222,0.00018430716245720945,0.02912407694414251
3745,1.7537373737373738,0.27818181818181814,0.0002115683193677534,0.029865344095852012
3746,1.7537373737373738,0.28414141414141414,-9.22600595542153e-05,0.030473187928909518
3747,1.7537373737373738,0.2901010101010101,-0.00039365640938055955,0.030778437559785148
3748,1.7537373737373738,0.296060606060606,-0.0004952028718164055,0.03151052096141431
3749,1.7537373737373738,0.302020202020202,0.000297797582738609,0.032226191964805216
3750,1.7537373737373738,0.30797979797979796,-0.00021661555731353053,0.03261262204729088
3751,1.7537373737373738,0.3139393939393939,-0.00017107637034067969,0.033574570729036274
3752,1.7537373737373738,0.31989898989898985,-0.0002880209910632694,0.03388653271943861
3753,1.7537373737373738,0.32585858585858585,-7.040271539663391e-05,0.03478727256198055
3754,1.7537373737373738,0.3318181818181818,-0.0003336758412536502,0.03501347095080393
3755,1.7537373737373738,0.33777777777777773,-0.00011141249917175022,0.03519928629272054
3756,1.7537373737373738,0.34373737373737373,-0.00020073606035295134,0.03662044676358349
3757,1.7537373737373738,0.3496969696969697,0.00010096330973489976,0.03716550190455652
3758,1.7537373737373738,0.3556565656565656,8.77191699745576e-05,0.03786376425845848
3759,1.7537373737373738,0.3616161616161616,-0.00026363573483671916,0.038472814982169756
3760,1.7537373737373738,0.36757575757575756,0.00034203133998586424,0.03916187795001509
3761,1.7537373737373738,0.3735353535353535,-0.0002387129822326532,0.03963886670531475
3762,1.7537373737373738,0.37949494949494944,0.00019894380124991538,0.040682822991435906
3763,1.7537373737373738,0.38545454545454544,0.0002089100537131559,0.0414047294870158
3764,1.7537373737373738,0.3914141414141414,-0.0004029527425429077,0.041431148891763206
3765,1.7537373737373738,0.3973737373737373,-0.00023997543824712933,0.04236193361604066
3766,1.7537373737373738,0.4033333333333333,-0.00038662408056610795,0.042929325875583166
3767,1.7537373737373738,0.40929292929292926,-0.00022273758205655918,0.04375157012495448
3768,1.7537373737373738,0.4152525252525252,0.0003382996637598812,0.04437861171223625
3769,1.7537373737373738,0.42121212121212115,-0.00033126119856118335,0.044626273617707185
3770,1.7537373737373738,0.42717171717171715,-0.00039497448503450413,0.045490343797100874
3771,1.7537373737373738,0.4331313131313131,0.00043173364211387694,0.04624371841363248
3772,1.7537373737373738,0.43909090909090903,-2.5868563625748497e-05,0.047439649470187306
3773,1.7537373737373738,0.44505050505050503,-0.001722398674844802,0.04722849089388405
3774,1.7537373737373738,0.45101010101010097,-0.0005155100666156216,0.04813252270223319
3775,1.7537373737373738,0.4569696969696969,0.0004524379696398275,0.048826039765954225
3776,1.7537373737373738,0.4629292929292929,-0.0008566846785971506,0.04910632475868907
3777,1.7537373737373738,0.46888888888888886,-0.0007259681949549747,0.04957226721787664
3778,1.7537373737373738,0.4748484848484848,-0.0003413404923153767,0.05037506545524832
3779,1.7537373737373738,0.48080808080808074,0.00018333368408938436,0.05186988033144403
3780,1.7537373737373738,0.48676767676767674,0.0006882603139996736,0.05213161175252937
3781,1.7537373737373738,0.4927272727272727,1.6617604186413536e-05,0.05251052413350664
3782,1.7537373737373738,0.4986868686868686,0.0008015877605538613,0.05313392067778854
3783,1.7537373737373738,0.5046464646464646,-0.0001301976102420501,0.05388717521508169
3784,1.7537373737373738,0.5106060606060605,0.00045199507536355547,0.05480186977191993
3785,1.7537373737373738,0.5165656565656566,0.0001991371870116796,0.054728863666636283
3786,1.7537373737373738,0.5225252525252525,0.00020286410360188448,0.05560471798013694
3787,1.7537373737373738,0.5284848484848484,6.257972873690392e-05,0.057479543671252104
3788,1.7537373737373738,0.5344444444444444,-5.795520399773304e-05,0.05701888054141908
3789,1.7537373737373738,0.5404040404040403,-0.0003910985195121649,0.05783128229727694
3790,1.7537373737373738,0.5463636363636363,0.0007942728498188304,0.05916932435004702
3791,1.7537373737373738,0.5523232323232323,-0.00035306571843438946,0.05894146550170835
3792,1.7537373737373738,0.5582828282828283,-0.00012508080996779259,0.05982104928281602
3793,1.7537373737373738,0.5642424242424242,-0.0006383507753451465,0.06040129078773543
3794,1.7537373737373738,0.5702020202020202,0.00046625818151086064,0.06145173097524245
3795,1.7537373737373738,0.5761616161616161,-0.0005442461773450744,0.061889086463809376
3796,1.7537373737373738,0.582121212121212,-0.00013658656647745304,0.06266873905816067
3797,1.7537373737373738,0.588080808080808,-0.00015300801077494528,0.06339302636148575
3798,1.7537373737373738,0.594040404040404,-0.00026719776079736884,0.06310571763544365
3799,1.7537373737373738,0.6,0.0013870655744381687,0.06494430133143761
3800,1.7738383838383838,0.01,6.319444188638412e-06,0.0010900790278670829
3801,1.7738383838383838,0.01595959595959596,-1.3906162164744895e-05,0.00173096438356321
3802,1.7738383838383838,0.021919191919191918,-1.4368353354135755e-05,0.002388847440957343
3803,1.7738383838383838,0.027878787878787878,-2.2542002377858685e-05,0.003045547741675384
3804,1.7738383838383838,0.033838383838383834,1.646679693090689e-05,0.003642150449695356
3805,1.7738383838383838,0.0397979797979798,2.75825672859504e-05,0.0043217263284635165
3806,1.7738383838383838,0.045757575757575754,3.6960879952415735e-05,0.004982253154399644
3807,1.7738383838383838,0.05171717171717172,-9.188625322348055e-06,0.005638035034790923
3808,1.7738383838383838,0.05767676767676767,-5.51071335062134e-05,0.006230838458282781
3809,1.7738383838383838,0.06363636363636363,8.165113877900997e-05,0.006971463744808043
3810,1.7738383838383838,0.06959595959595959,8.432172059661704e-05,0.007466525287866767
3811,1.7738383838383838,0.07555555555555554,1.7881261170200223e-05,0.008264150416012118
3812,1.7738383838383838,0.0815151515151515,6.912738479104795e-05,0.008979120539403198
3813,1.7738383838383838,0.08747474747474746,-0.0001687862005604007,0.009478033333797854
3814,1.7738383838383838,0.09343434343434343,5.1314364429280756e-05,0.010126058163230981
3815,1.7738383838383838,0.09939393939393938,-0.0001529934826802913,0.010724678224359269
3816,1.7738383838383838,0.10535353535353534,0.00014773479138141833,0.011668483952777548
3817,1.7738383838383838,0.1113131313131313,7.487481933026058e-05,0.012154418101075357
3818,1.7738383838383838,0.11727272727272725,-0.00017441011879123082,0.012836596356208813
3819,1.7738383838383838,0.12323232323232322,0.00012048367518023207,0.013437440334375812
3820,1.7738383838383838,0.1291919191919192,0.00012187955548374376,0.014132567490787052
3821,1.7738383838383838,0.13515151515151513,-0.00011906199140481645,0.0148455363232612
3822,1.7738383838383838,0.1411111111111111,0.0002122193496700395,0.015458295314926368
3823,1.7738383838383838,0.14707070707070707,0.0004034855736960148,0.016193637012360415
3824,1.7738383838383838,0.15303030303030302,-2.7990992096905653e-05,0.016784088802058804
3825,1.7738383838383838,0.158989898989899,0.000123928172700757,0.01735243598715648
3826,1.7738383838383838,0.16494949494949493,0.00029754887125300964,0.01817366068462485
3827,1.7738383838383838,0.1709090909090909,-0.0003980850939283174,0.01870793487957188
3828,1.7738383838383838,0.17686868686868687,-2.0601602684949437e-05,0.019135404867268283
3829,1.7738383838383838,0.1828282828282828,-1.8767090360055282e-05,0.020068685755070308
3830,1.7738383838383838,0.18878787878787878,9.584838094537143e-05,0.020582990508921935
3831,1.7738383838383838,0.19474747474747472,-0.00037561999635101476,0.02124594094294406
3832,1.7738383838383838,0.2007070707070707,-6.370970101235893e-05,0.021961758612363342
3833,1.7738383838383838,0.20666666666666667,-0.00014109894601684161,0.02223006216407898
3834,1.7738383838383838,0.2126262626262626,-0.0003810289062690615,0.023191788146780926
3835,1.7738383838383838,0.21858585858585858,0.00012109848104737648,0.023931814326897796
3836,1.7738383838383838,0.22454545454545452,0.0003318507495041938,0.024627048013062758
3837,1.7738383838383838,0.2305050505050505,-0.00020882214681971315,0.025164777562203137
3838,1.7738383838383838,0.23646464646464646,-0.00018964431365983944,0.025945004689884324
3839,1.7738383838383838,0.2424242424242424,-0.00014107362259357107,0.026763311771710277
3840,1.7738383838383838,0.24838383838383837,0.0001024895376945814,0.027151391535401463
3841,1.7738383838383838,0.2543434343434343,5.821642781322551e-05,0.027776809149363577
3842,1.7738383838383838,0.26030303030303026,0.0002798601559144745,0.028659139824325938
3843,1.7738383838383838,0.26626262626262626,-8.820116990382459e-05,0.029081886877923614
3844,1.7738383838383838,0.2722222222222222,-2.4400715009809783e-05,0.029596083831372886
3845,1.7738383838383838,0.27818181818181814,-0.00034105730898688124,0.03030920911605458
3846,1.7738383838383838,0.28414141414141414,0.0003573512936855465,0.031078622620434024
3847,1.7738383838383838,0.2901010101010101,0.00017409806607855246,0.03162490320021088
3848,1.7738383838383838,0.296060606060606,-7.181340808511427e-05,0.032492209022160726
3849,1.7738383838383838,0.302020202020202,0.0007646792888824076,0.03337524362296407
3850,1.7738383838383838,0.30797979797979796,0.0002587262438576116,0.03355321381065108
3851,1.7738383838383838,0.3139393939393939,0.0002844845275773824,0.03454504436228397
3852,1.7738383838383838,0.31989898989898985,0.00022946806964910626,0.034635507257640814
3853,1.7738383838383838,0.32585858585858585,-0.0003739749167246826,0.035283505296235945
3854,1.7738383838383838,0.3318181818181818,0.0005310869401303258,0.0366219539274364
3855,1.7738383838383838,0.33777777777777773,0.00022496286534239251,0.03679358341536253
3856,1.7738383838383838,0.34373737373737373,0.00045350042876020813,0.03749747389298817
3857,1.7738383838383838,0.3496969696969697,0.0006520681694479177,0.03810837258083558
3858,1.7738383838383838,0.3556565656565656,0.00036435750968972103,0.039060772653890186
3859,1.7738383838383838,0.3616161616161616,-0.0005044055763419477,0.03954885103396425
3860,1.7738383838383838,0.36757575757575756,-0.00020587723056972825,0.0398432104042413
3861,1.7738383838383838,0.3735353535353535,-0.000577892436199388,0.04132756321711305
3862,1.7738383838383838,0.37949494949494944,-0.0003561321972758496,0.04177110182101746
3863,1.7738383838383838,0.38545454545454544,3.266576148972522e-07,0.04222429442562999
3864,1.7738383838383838,0.3914141414141414,-0.00014881351920484416,0.042756942250400935
3865,1.7738383838383838,0.3973737373737373,-0.00018246352445420064,0.04347200619912107
3866,1.7738383838383838,0.4033333333333333,0.0006023570761737204,0.04425931217971016
3867,1.7738383838383838,0.40929292929292926,-0.0002247038489999552,0.04467979169138269
3868,1.7738383838383838,0.4152525252525252,-2.554991636848083e-05,0.045705910996175506
3869,1.7738383838383838,0.42121212121212115,-0.000534216664087838,0.04590311202710088
3870,1.7738383838383838,0.42717171717171715,-0.00032946000214124395,0.0469605308743042
3871,1.7738383838383838,0.4331313131313131,0.00037634778294136215,0.04737724117095113
3872,1.7738383838383838,0.43909090909090903,0.00023004884085241849,0.04777834112521445
3873,1.7738383838383838,0.44505050505050503,-0.000578173539729678,0.04867802894283678
3874,1.7738383838383838,0.45101010101010097,0.0003002892498517658,0.049167868568260165
3875,1.7738383838383838,0.4569696969696969,0.0005505802440886081,0.05032637121751897
3876,1.7738383838383838,0.4629292929292929,-4.171615434922937e-06,0.050979342719342256
3877,1.7738383838383838,0.46888888888888886,-0.0001822109038985145,0.05123205866893222
3878,1.7738383838383838,0.4748484848484848,-0.0002897710753069387,0.05197101313884619
3879,1.7738383838383838,0.48080808080808074,-0.0005655195653068496,0.052755502677860645
3880,1.7738383838383838,0.48676767676767674,0.0002716894361741278,0.053045613638426414
3881,1.7738383838383838,0.4927272727272727,-0.0005734561623226597,0.054575246452751615
3882,1.7738383838383838,0.4986868686868686,-0.00028427612356309273,0.0548367710178098
3883,1.7738383838383838,0.5046464646464646,0.0007953331488898692,0.055986402387978
3884,1.7738383838383838,0.5106060606060605,-0.00014643847308570587,0.0564188964772027
3885,1.7738383838383838,0.5165656565656566,-2.6588151997697974e-05,0.05645760687530987
3886,1.7738383838383838,0.5225252525252525,0.0007626889211233553,0.05727089892179932
3887,1.7738383838383838,0.5284848484848484,-0.00017429117921595032,0.05861340741911511
3888,1.7738383838383838,0.5344444444444444,-0.00022618304045667542,0.058800679352362474
3889,1.7738383838383838,0.5404040404040403,2.978759582166677e-05,0.059496212239622585
3890,1.7738383838383838,0.5463636363636363,0.000563531059621203,0.05994091135532761
3891,1.7738383838383838,0.5523232323232323,0.0013554083041996266,0.060862847733218504
3892,1.7738383838383838,0.5582828282828283,0.0003293131689741248,0.061528436231500575
3893,1.7738383838383838,0.5642424242424242,-0.0003408832325454844,0.06228285940911306
3894,1.7738383838383838,0.5702020202020202,-0.0005647787768013693,0.06318766611842681
3895,1.7738383838383838,0.5761616161616161,-0.000203347977684813,0.06331929672320692
3896,1.7738383838383838,0.582121212121212,0.0005571433595284041,0.06453469949089244
3897,1.7738383838383838,0.588080808080808,0.0005132361948921027,0.06582610294623872
3898,1.7738383838383838,0.594040404040404,0.00014876240928616934,0.06551168913045667
3899,1.7738383838383838,0.6,0.0007007646650246494,0.06627804802846232
3900,1.793939393939394,0.01,-1.0781156488207011e-05,0.001115278795872431
3901,1.793939393939394,0.01595959595959596,-1.8587958169513252e-05,0.001768165818671322
3902,1.793939393939394,0.021919191919191918,2.7509177302810218e-05,0.002467345245505371
3903,1.793939393939394,0.027878787878787878,1.4909623881644318e-05,0.0031255263647432963
3904,1.793939393939394,0.033838383838383834,-1.0945025418465904e-05,0.0037595953476948895
3905,1.793939393939394,0.0397979797979798,-4.234251982485053e-05,0.004468118194033917
3906,1.793939393939394,0.045757575757575754,9.180034340047437e-05,0.005097455349427159
3907,1.793939393939394,0.05171717171717172,-9.991053280669637e-06,0.005785349199913245
3908,1.793939393939394,0.05767676767676767,-0.0001391658131898487,0.006380639782624111
3909,1.793939393939394,0.06363636363636363,-3.709451455523902e-05,0.007128646680154113
3910,1.793939393939394,0.06959595959595959,5.170511867166422e-05,0.007707408675796756
3911,1.793939393939394,0.07555555555555554,-0.0001165084894708503,0.008419179855237598
3912,1.793939393939394,0.0815151515151515,8.885153815560052e-05,0.009142423441800584
3913,1.793939393939394,0.08747474747474746,-0.00010773554359154778,0.009699622794745134
3914,1.793939393939394,0.09343434343434343,0.00010488360196329893,0.01053074092124323
3915,1.793939393939394,0.09939393939393938,6.237351496413101e-06,0.011144669685450869
3916,1.793939393939394,0.10535353535353534,-2.0216410289274246e-05,0.011713523995719845
3917,1.793939393939394,0.1113131313131313,1.3501911606612037e-05,0.012394301528408851
3918,1.793939393939394,0.11727272727272725,-9.131705345473327e-05,0.013133693619814
3919,1.793939393939394,0.12323232323232322,-0.0001460217825258869,0.013873339544659705
3920,1.793939393939394,0.1291919191919192,-4.265699699429042e-05,0.014554478601804846
3921,1.793939393939394,0.13515151515151513,-0.00012795269565484075,0.015212834972101276
3922,1.793939393939394,0.1411111111111111,8.180503694390069e-05,0.015721257192757628
3923,1.793939393939394,0.14707070707070707,-6.424155030366874e-06,0.016433894131671352
3924,1.793939393939394,0.15303030303030302,-0.00018629643680600979,0.017208003137225338
3925,1.793939393939394,0.158989898989899,0.00017958766718497736,0.017679003358855108
3926,1.793939393939394,0.16494949494949493,0.00017352560159804623,0.018693106435118897
3927,1.793939393939394,0.1709090909090909,-3.6262951196997117e-05,0.019217022538969047
3928,1.793939393939394,0.17686868686868687,0.00014280377114021984,0.019717660812880226
3929,1.793939393939394,0.1828282828282828,5.6755485417377715e-05,0.02055242048812689
3930,1.793939393939394,0.18878787878787878,-0.0003317580428228613,0.021314953650044113
3931,1.793939393939394,0.19474747474747472,-0.00019821983893174834,0.021801770019401846
3932,1.793939393939394,0.2007070707070707,-0.00032446570986636905,0.022562848918836843
3933,1.793939393939394,0.20666666666666667,-6.647953918015664e-05,0.023292446400321618
3934,1.793939393939394,0.2126262626262626,0.00025267399488080943,0.023730252568714128
3935,1.793939393939394,0.21858585858585858,0.0003356796941396333,0.024341937264826453
3936,1.793939393939394,0.22454545454545452,0.0002548249113979302,0.024797073796029922
3937,1.793939393939394,0.2305050505050505,0.0003380282177116179,0.025762797838606105
3938,1.793939393939394,0.23646464646464646,-0.00036262544931350913,0.026346012805572288
3939,1.793939393939394,0.2424242424242424,0.0001850534273762919,0.027487289526008395
3940,1.793939393939394,0.24838383838383837,-0.0001298311077645237,0.028358228787703423
3941,1.793939393939394,0.2543434343434343,-0.00043918625554256285,0.028558963278932474
3942,1.793939393939394,0.26030303030303026,0.00012800940429725816,0.029227733881207696
3943,1.793939393939394,0.26626262626262626,0.00022122289625577105,0.030050261594887214
3944,1.793939393939394,0.2722222222222222,8.469449415465009e-05,0.030399638413524884
3945,1.793939393939394,0.27818181818181814,-0.00019895002499705595,0.031667674928383516
3946,1.793939393939394,0.28414141414141414,-0.0004173023222957776,0.03155277194655972
3947,1.793939393939394,0.2901010101010101,0.0003857922492140574,0.03272124979833382
3948,1.793939393939394,0.296060606060606,0.0003105400291943884,0.03330573361480146
3949,1.793939393939394,0.302020202020202,4.152968663006158e-05,0.033688079460541136
3950,1.793939393939394,0.30797979797979796,-0.000310001548153006,0.03488975752522387
3951,1.793939393939394,0.3139393939393939,0.0004480200983188835,0.03560648735188803
3952,1.793939393939394,0.31989898989898985,-0.00011465722218987511,0.03543556119439697
3953,1.793939393939394,0.32585858585858585,-0.0003171506474702028,0.036184549433304465
3954,1.793939393939394,0.3318181818181818,5.930439307683217e-05,0.03704593602325425
3955,1.793939393939394,0.33777777777777773,0.0002293535789540352,0.03845060147397743
3956,1.793939393939394,0.34373737373737373,0.0002235499909313404,0.0386214325124516
3957,1.793939393939394,0.3496969696969697,0.00021914257866560173,0.039364841559801106
3958,1.793939393939394,0.3556565656565656,-0.0003868227561506528,0.04006811083479763
3959,1.793939393939394,0.3616161616161616,-1.8514688786745558e-05,0.04054651769150256
3960,1.793939393939394,0.36757575757575756,0.00017507351783631203,0.04104950009692247
3961,1.793939393939394,0.3735353535353535,-3.658503500875452e-05,0.042240566982266685
3962,1.793939393939394,0.37949494949494944,-8.04431263812021e-05,0.042310173018949584
3963,1.793939393939394,0.38545454545454544,-0.0007012095234040135,0.04291840223531677
3964,1.793939393939394,0.3914141414141414,-0.0003615789128305316,0.044150583938015034
3965,1.793939393939394,0.3973737373737373,8.644064756293141e-05,0.04464571329584085
3966,1.793939393939394,0.4033333333333333,-0.00016459864338526654,0.045867756968228215
3967,1.793939393939394,0.40929292929292926,5.583872122248228e-05,0.045867100838859094
3968,1.793939393939394,0.4152525252525252,-9.790260848034623e-05,0.04688288745165375
3969,1.793939393939394,0.42121212121212115,0.0005580813602620627,0.047771955876111875
3970,1.793939393939394,0.42717171717171715,-0.00042840306377081155,0.04806410219905551
3971,1.793939393939394,0.4331313131313131,-0.0002030900292718864,0.04852736535968048
3972,1.793939393939394,0.43909090909090903,0.00015728624843758124,0.04992104608521337
3973,1.793939393939394,0.44505050505050503,0.0008512324032847541,0.0501761628024334
3974,1.793939393939394,0.45101010101010097,0.000911808413975461,0.05166792217355332
3975,1.793939393939394,0.4569696969696969,0.0001078526740762798,0.051515524089872436
3976,1.793939393939394,0.4629292929292929,-0.0006768588434506644,0.051891523229842626
3977,1.793939393939394,0.46888888888888886,6.22609880283663e-05,0.05280212928843447
3978,1.793939393939394,0.4748484848484848,0.0004345908321972402,0.05379808213247299
3979,1.793939393939394,0.48080808080808074,0.0005639792261202694,0.054403253792186294
3980,1.793939393939394,0.48676767676767674,-0.0006056301672020465,0.05465909808509779
3981,1.793939393939394,0.4927272727272727,0.0003169078534764997,0.05492371742604704
3982,1.793939393939394,0.4986868686868686,0.000650480510123963,0.05653176880720192
3983,1.793939393939394,0.5046464646464646,-0.0004962610025613024,0.05624713500215369
3984,1.793939393939394,0.5106060606060605,0.00021090031278607957,0.05716584314898937
3985,1.793939393939394,0.5165656565656566,0.0001633730987875362,0.058888614020560795
3986,1.793939393939394,0.5225252525252525,-0.00018208048522085608,0.05911630627684021
3987,1.793939393939394,0.5284848484848484,-2.0129224591864613e-05,0.05959049835214895
3988,1.793939393939394,0.5344444444444444,0.0006464528119869331,0.06112807079610343
3989,1.793939393939394,0.5404040404040403,-0.00069112196653958,0.06050999669715145
3990,1.793939393939394,0.5463636363636363,0.000656808209055788,0.0621011401188272
3991,1.793939393939394,0.5523232323232323,-0.0005935329310180396,0.06252436802693066
3992,1.793939393939394,0.5582828282828283,-0.0004572897471908266,0.0629933671310304
3993,1.793939393939394,0.5642424242424242,0.0015585599657054236,0.0644244225551179
3994,1.793939393939394,0.5702020202020202,-0.00037597257220636917,0.063650454537422
3995,1.793939393939394,0.5761616161616161,0.0004673121882100922,0.06570231683119214
3996,1.793939393939394,0.582121212121212,-0.0007091209372710537,0.06497041006555046
3997,1.793939393939394,0.588080808080808,0.00019435111864826693,0.06684180002175724
3998,1.793939393939394,0.594040404040404,0.0007255133599846997,0.06776704378147701
3999,1.793939393939394,0.6,-0.0005062778380531108,0.06801323549328928
4000,1.8140404040404041,0.01,-5.394259577047655e-06,0.0011530388003319564
4001,1.8140404040404041,0.01595959595959596,7.948272595838524e-07,0.00182512813118484
4002,1.8140404040404041,0.021919191919191918,1.836427034365202e-05,0.0024894012799332238
4003,1.8140404040404041,0.027878787878787878,-5.060158739285593e-05,0.0031890914643037047
4004,1.8140404040404041,0.033838383838383834,-5.132941355582371e-05,0.003892437766212446
4005,1.8140404040404041,0.0397979797979798,-0.00012986109712451307,0.004505600006357463
4006,1.8140404040404041,0.045757575757575754,2.5527973632117395e-05,0.005231016335256426
4007,1.8140404040404041,0.05171717171717172,0.00017906527811467163,0.005921690867325203
4008,1.8140404040404041,0.05767676767676767,3.467938675893362e-05,0.006532548187947467
4009,1.8140404040404041,0.06363636363636363,6.00583221446622e-05,0.0073216557777128315
4010,1.8140404040404041,0.06959595959595959,8.687747846026559e-05,0.007966444221604524
4011,1.8140404040404041,0.07555555555555554,8.87234119465006e-05,0.008593986925891337
4012,1.8140404040404041,0.0815151515151515,1.0839704948217621e-05,0.009261547903993961
4013,1.8140404040404041,0.08747474747474746,0.00011982239834817685,0.010002652818541957
4014,1.8140404040404041,0.09343434343434343,-0.00015148789857228405,0.010726074744410704
4015,1.8140404040404041,0.09939393939393938,0.0001019093745426228,0.011317987388872582
4016,1.8140404040404041,0.10535353535353534,-5.5337042572948926e-05,0.012075454858824069
4017,1.8140404040404041,0.1113131313131313,0.00015625909098328022,0.012774730441885141
4018,1.8140404040404041,0.11727272727272725,4.72781005680024e-05,0.013371468519546676
4019,1.8140404040404041,0.12323232323232322,-0.00022117286942605836,0.014181643360224405
4020,1.8140404040404041,0.1291919191919192,0.00024800839890828144,0.014880724150129511
4021,1.8140404040404041,0.13515151515151513,0.00013914292681853685,0.015531052219743845
4022,1.8140404040404041,0.1411111111111111,4.601889698457663e-05,0.016085077349337066
4023,1.8140404040404041,0.14707070707070707,5.236030546538691e-05,0.01675461104962583
4024,1.8140404040404041,0.15303030303030302,0.0002171120485781211,0.017754309063277903
4025,1.8140404040404041,0.158989898989899,-4.671351179409872e-05,0.018213114574747592
4026,1.8140404040404041,0.16494949494949493,0.00035739579914073063,0.01885343416138202
4027,1.8140404040404041,0.1709090909090909,-0.00028827971405984127,0.01962559225859587
4028,1.8140404040404041,0.17686868686868687,-5.994047354057638e-05,0.020227344050980627
4029,1.8140404040404041,0.1828282828282828,7.058789927234689e-05,0.021002240430271036
4030,1.8140404040404041,0.18878787878787878,-7.114942301027316e-06,0.021809023807728322
4031,1.8140404040404041,0.19474747474747472,0.00022149187767383518,0.02238617518136257
4032,1.8140404040404041,0.2007070707070707,-0.00010806883663581504,0.022579326545876105
4033,1.8140404040404041,0.20666666666666667,-0.0001471541514352316,0.023766621333753454
4034,1.8140404040404041,0.2126262626262626,-0.00011960325658603227,0.02447287414583283
4035,1.8140404040404041,0.21858585858585858,0.00021913339667449026,0.025365149085580286
4036,1.8140404040404041,0.22454545454545452,7.756693737940264e-05,0.02551385191393478
4037,1.8140404040404041,0.2305050505050505,0.00014211135415957425,0.02679172291990068
4038,1.8140404040404041,0.23646464646464646,0.00010106592278482216,0.02696335868868026
4039,1.8140404040404041,0.2424242424242424,7.168097473912767e-05,0.02788990118670337
4040,1.8140404040404041,0.24838383838383837,-7.555679195093223e-06,0.028557379317385116
4041,1.8140404040404041,0.2543434343434343,6.44269775032333e-05,0.02914617552185865
4042,1.8140404040404041,0.26030303030303026,-0.0004786593870262112,0.029769535968644494
4043,1.8140404040404041,0.26626262626262626,0.0004850041058081898,0.030282344039668847
4044,1.8140404040404041,0.2722222222222222,-2.100023983838377e-05,0.031104159818799836
4045,1.8140404040404041,0.27818181818181814,0.0003204902454020342,0.03237463555032315
4046,1.8140404040404041,0.28414141414141414,-0.0005917069512668941,0.03240747856071334
4047,1.8140404040404041,0.2901010101010101,0.00026852213962178445,0.03339273857342174
4048,1.8140404040404041,0.296060606060606,0.00042575037969419587,0.03407785913075126
4049,1.8140404040404041,0.302020202020202,-7.367368116400766e-05,0.03512981437963223
4050,1.8140404040404041,0.30797979797979796,0.0005409011155201807,0.03525476708083153
4051,1.8140404040404041,0.3139393939393939,0.0007221857603748785,0.036313152668135174
4052,1.8140404040404041,0.31989898989898985,-2.2686184725766e-06,0.03702954796839784
4053,1.8140404040404041,0.32585858585858585,-4.320554682448925e-05,0.03825400095305526
4054,1.8140404040404041,0.3318181818181818,-0.00013404898088284926,0.03815237341924452
4055,1.8140404040404041,0.33777777777777773,0.00014687722297858854,0.039042543497768645
4056,1.8140404040404041,0.34373737373737373,-0.0003054805281755011,0.03920040217788407
4057,1.8140404040404041,0.3496969696969697,0.000633543564395028,0.040579961821999994
4058,1.8140404040404041,0.3556565656565656,-0.00036752355649392746,0.0407567783682132
4059,1.8140404040404041,0.3616161616161616,0.0004499170017911206,0.04150549806115571
4060,1.8140404040404041,0.36757575757575756,-0.0009282502389425378,0.0425094240477193
4061,1.8140404040404041,0.3735353535353535,-0.0010095139292067394,0.04309059820669449
4062,1.8140404040404041,0.37949494949494944,-0.0002407189548487049,0.043759096532592814
4063,1.8140404040404041,0.38545454545454544,0.0003503564142741903,0.04473812866416312
4064,1.8140404040404041,0.3914141414141414,-2.0860583304566348e-05,0.045276775670319354
4065,1.8140404040404041,0.3973737373737373,0.0004463726932626608,0.04660370675000814
4066,1.8140404040404041,0.4033333333333333,0.00042326875013795623,0.04704842686007474
4067,1.8140404040404041,0.40929292929292926,-0.0007487843464037647,0.046789729062561514
4068,1.8140404040404041,0.4152525252525252,0.0002899018825337336,0.0476683576266048
4069,1.8140404040404041,0.42121212121212115,-0.0005024602268695631,0.04870190534483674
4070,1.8140404040404041,0.42717171717171715,-0.00023016125293161683,0.04973964831495114
4071,1.8140404040404041,0.4331313131313131,-0.00012564460232032258,0.04958561077886047
4072,1.8140404040404041,0.43909090909090903,0.00020314621102943137,0.050770770532476625
4073,1.8140404040404041,0.44505050505050503,-0.00040841246967467007,0.05096411148712446
4074,1.8140404040404041,0.45101010101010097,0.00016330811303604445,0.05250950609006715
4075,1.8140404040404041,0.4569696969696969,0.00017150099746932756,0.053338731853525695
4076,1.8140404040404041,0.4629292929292929,9.34087876372685e-05,0.05334877823286974
4077,1.8140404040404041,0.46888888888888886,-0.0003221037078265007,0.0533266859304697
4078,1.8140404040404041,0.4748484848484848,6.027160407504759e-05,0.05552871627782278
4079,1.8140404040404041,0.48080808080808074,0.00010559807649807169,0.05564220730021534
4080,1.8140404040404041,0.48676767676767674,3.1390141141721096e-05,0.05654097212564599
4081,1.8140404040404041,0.4927272727272727,-0.0021120597842698517,0.05627266341207394
4082,1.8140404040404041,0.4986868686868686,-0.001163522604102906,0.05624043014021399
4083,1.8140404040404041,0.5046464646464646,-0.0009003162923491107,0.05806938463419513
4084,1.8140404040404041,0.5106060606060605,-0.0002943545512582249,0.05872002277230504
4085,1.8140404040404041,0.5165656565656566,-0.0005403467550259336,0.059737980696712545
4086,1.8140404040404041,0.5225252525252525,0.00017466009054779757,0.060478380068878755
4087,1.8140404040404041,0.5284848484848484,-7.719857110409838e-05,0.06099817976010116
4088,1.8140404040404041,0.5344444444444444,0.000500178787650791,0.06205286190687231
4089,1.8140404040404041,0.5404040404040403,-0.0011377913039857157,0.06225362685934204
4090,1.8140404040404041,0.5463636363636363,-0.0007797901647709004,0.062389708491502806
4091,1.8140404040404041,0.5523232323232323,8.775229201315557e-05,0.06443339119999561
4092,1.8140404040404041,0.5582828282828283,0.000178091668050876,0.0644942946264475
4093,1.8140404040404041,0.5642424242424242,-0.00011798781102688425,0.06537846881729248
4094,1.8140404040404041,0.5702020202020202,-4.0741825525021194e-05,0.06617710651844556
4095,1.8140404040404041,0.5761616161616161,0.0007869214467043062,0.06684155700009682
4096,1.8140404040404041,0.582121212121212,-0.0005308367496293749,0.06728730520724978
4097,1.8140404040404041,0.588080808080808,0.0014481138514072576,0.06872334301194787
4098,1.8140404040404041,0.594040404040404,-0.001209412539780246,0.06870303081745374
4099,1.8140404040404041,0.6,4.538162552911236e-05,0.07071165598804559
4100,1.8341414141414143,0.01,2.0585821479296273e-05,0.0011840726469573668
4101,1.8341414141414143,0.01595959595959596,1.8255873173530758e-05,0.0018680499534329711
4102,1.8341414141414143,0.021919191919191918,2.3704426842479976e-05,0.0025852464662184846
4103,1.8341414141414143,0.027878787878787878,2.1237011902652912e-05,0.0032819709281536073
4104,1.8341414141414143,0.033838383838383834,-6.363719037975729e-05,0.0039950908506883745
4105,1.8341414141414143,0.0397979797979798,-9.115093080935544e-06,0.004642874077712407
4106,1.8341414141414143,0.045757575757575754,-8.703521657192913e-05,0.005359919303488245
4107,1.8341414141414143,0.05171717171717172,5.0147944598020855e-05,0.006096650931149935
4108,1.8341414141414143,0.05767676767676767,-9.423748623200166e-05,0.006835067321469352
4109,1.8341414141414143,0.06363636363636363,-5.4931124464983506e-05,0.007431511956695429
4110,1.8341414141414143,0.06959595959595959,3.3801449374780744e-05,0.008200758530383967
4111,1.8341414141414143,0.07555555555555554,-9.922083191397449e-05,0.00876200300206132
4112,1.8341414141414143,0.0815151515151515,-9.56988898646168e-05,0.00957361340494285
4113,1.8341414141414143,0.08747474747474746,-0.00017484921372623287,0.01015662691287351
4114,1.8341414141414143,0.09343434343434343,0.00013449043081019022,0.011113898430779763
4115,1.8341414141414143,0.09939393939393938,3.740483246516787e-05,0.0116415398676767
4116,1.8341414141414143,0.10535353535353534,-2.8409906282747977e-05,0.012405543878228571
4117,1.8341414141414143,0.1113131313131313,0.00014398591584691237,0.01301317058898395
4118,1.8341414141414143,0.11727272727272725,0.00016506004097507638,0.013768267736376983
4119,1.8341414141414143,0.12323232323232322,2.7787451772213945e-05,0.0145741070679801
4120,1.8341414141414143,0.1291919191919192,0.00034306904807648116,0.015330066989187655
4121,1.8341414141414143,0.13515151515151513,-9.855528382727164e-06,0.01589036176745842
4122,1.8341414141414143,0.1411111111111111,0.00010558302706604592,0.016671163146344543
4123,1.8341414141414143,0.14707070707070707,0.0001369452302047124,0.017278028523378987
4124,1.8341414141414143,0.15303030303030302,0.0002701660250617439,0.01805625787485737
4125,1.8341414141414143,0.158989898989899,-0.000306437203689649,0.018622624236220412
4126,1.8341414141414143,0.16494949494949493,1.1865092997083693e-05,0.01949422187269085
4127,1.8341414141414143,0.1709090909090909,0.00014706085375749885,0.020240199663158792
4128,1.8341414141414143,0.17686868686868687,-0.0001043712829687188,0.020872885495679682
4129,1.8341414141414143,0.1828282828282828,-5.876785153390457e-05,0.02134860101842807
4130,1.8341414141414143,0.18878787878787878,-0.00010956332825512827,0.022139760251441213
4131,1.8341414141414143,0.19474747474747472,-0.00042474304884900985,0.022817894236716166
4132,1.8341414141414143,0.2007070707070707,-0.00016132157486707698,0.023645804098181823
4133,1.8341414141414143,0.20666666666666667,0.00018873160009725206,0.02446714567930442
4134,1.8341414141414143,0.2126262626262626,2.742582480514919e-05,0.025108687129125548
4135,1.8341414141414143,0.21858585858585858,-4.211854178829735e-05,0.025780941505162858
4136,1.8341414141414143,0.22454545454545452,0.0004152925652351632,0.026890022397544067
4137,1.8341414141414143,0.2305050505050505,0.00024233031762137483,0.026938896576772897
4138,1.8341414141414143,0.23646464646464646,-0.00024043005486883859,0.027714511849490742
4139,1.8341414141414143,0.2424242424242424,-0.00028752887880494825,0.02856669009077424
4140,1.8341414141414143,0.24838383838383837,-1.2748770976383972e-05,0.029633707300974324
4141,1.8341414141414143,0.2543434343434343,8.11135750195885e-05,0.029532453030680982
4142,1.8341414141414143,0.26030303030303026,-0.00014343296128688473,0.030337738079391965
4143,1.8341414141414143,0.26626262626262626,2.7747495229423957e-05,0.03153992428881738
4144,1.8341414141414143,0.2722222222222222,0.0003577510508590094,0.032191076087328276
4145,1.8341414141414143,0.27818181818181814,-0.0002689924489178893,0.03241382306263683
4146,1.8341414141414143,0.28414141414141414,0.000719173368707747,0.03296181715139916
4147,1.8341414141414143,0.2901010101010101,0.00027839507966670506,0.034271400647266435
4148,1.8341414141414143,0.296060606060606,-0.00036414014213439875,0.034769908856367916
4149,1.8341414141414143,0.302020202020202,-1.652620151926656e-05,0.035685739603912775
4150,1.8341414141414143,0.30797979797979796,-5.1188969645218975e-05,0.03631161928430339
4151,1.8341414141414143,0.3139393939393939,-0.00026439670011239055,0.03704118130329629
4152,1.8341414141414143,0.31989898989898985,-0.0003416714743300686,0.037504516220811406
4153,1.8341414141414143,0.32585858585858585,0.00037197815914968396,0.03861725820190373
4154,1.8341414141414143,0.3318181818181818,-0.0004711668123281459,0.039392656055652245
4155,1.8341414141414143,0.33777777777777773,-5.595700318082455e-05,0.04023432311618016
4156,1.8341414141414143,0.34373737373737373,0.0006564648884058177,0.03994503468726933
4157,1.8341414141414143,0.3496969696969697,-4.0856389121878657e-05,0.04110640348368559
4158,1.8341414141414143,0.3556565656565656,-0.0002848173298511731,0.041333602446148636
4159,1.8341414141414143,0.3616161616161616,0.00025453065415269343,0.04246618956982305
4160,1.8341414141414143,0.36757575757575756,-0.000757715394116784,0.043147612251858994
4161,1.8341414141414143,0.3735353535353535,0.00037800029111791864,0.04396371835624838
4162,1.8341414141414143,0.37949494949494944,-0.0006109198447524188,0.04472828448893173
4163,1.8341414141414143,0.38545454545454544,0.00056527855317008,0.04519003077087154
4164,1.8341414141414143,0.3914141414141414,-8.727310998594788e-05,0.046194498094067546
4165,1.8341414141414143,0.3973737373737373,-0.000310815912928139,0.046989846078295
4166,1.8341414141414143,0.4033333333333333,-0.0004568931045044418,0.047596920797329426
4167,1.8341414141414143,0.40929292929292926,0.0005946645464096765,0.04862502180563816
4168,1.8341414141414143,0.4152525252525252,0.0005749584542318196,0.048594589053299886
4169,1.8341414141414143,0.42121212121212115,0.0008161933816813538,0.050594339475504006
4170,1.8341414141414143,0.42717171717171715,-0.0005855768439471619,0.05072605423997304
4171,1.8341414141414143,0.4331313131313131,-0.0003763682362555018,0.05136725375775319
4172,1.8341414141414143,0.43909090909090903,-0.0002914291743825232,0.05276749664559897
4173,1.8341414141414143,0.44505050505050503,-0.0008064730083696467,0.05233686926773866
4174,1.8341414141414143,0.45101010101010097,0.0006501992386889341,0.05406540927872265
4175,1.8341414141414143,0.4569696969696969,-0.0003572032199073631,0.05369720707352537
4176,1.8341414141414143,0.4629292929292929,0.00047792007938675114,0.05522096136788886
4177,1.8341414141414143,0.46888888888888886,0.000828255476834464,0.055698475576321585
4178,1.8341414141414143,0.4748484848484848,0.000282815172293137,0.05646500320727105
4179,1.8341414141414143,0.48080808080808074,0.00087902973656353,0.057456850661606794
4180,1.8341414141414143,0.48676767676767674,0.0006919950759774979,0.05692173910709115
4181,1.8341414141414143,0.4927272727272727,0.0006384011709751786,0.05796082150290007
4182,1.8341414141414143,0.4986868686868686,0.0002653362065532024,0.05957560772436518
4183,1.8341414141414143,0.5046464646464646,-0.00035942316842560033,0.05874641131413409
4184,1.8341414141414143,0.5106060606060605,-0.00011680065382366296,0.061137686573624034
4185,1.8341414141414143,0.5165656565656566,-0.0002662238937488782,0.06158309560481215
4186,1.8341414141414143,0.5225252525252525,-0.00025754954394228757,0.06180091188979611
4187,1.8341414141414143,0.5284848484848484,-1.4018893550819933e-05,0.06325654744477527
4188,1.8341414141414143,0.5344444444444444,0.0013092257949704137,0.06410188336389465
4189,1.8341414141414143,0.5404040404040403,0.0003754529593465201,0.0641350325714698
4190,1.8341414141414143,0.5463636363636363,0.000480469804952218,0.06494873595137626
4191,1.8341414141414143,0.5523232323232323,-0.00032361203634559903,0.06459337292224344
4192,1.8341414141414143,0.5582828282828283,-7.824015173456904e-05,0.06690350699111776
4193,1.8341414141414143,0.5642424242424242,1.3271453942246137e-05,0.06701573968449603
4194,1.8341414141414143,0.5702020202020202,-0.0005622720094258304,0.06816941760969496
4195,1.8341414141414143,0.5761616161616161,-0.0007610955410833032,0.06828811921724795
4196,1.8341414141414143,0.582121212121212,-5.1168253077322975e-05,0.06807952323293798
4197,1.8341414141414143,0.588080808080808,-0.0006439122634277909,0.06990678787033161
4198,1.8341414141414143,0.594040404040404,-0.00017302948902840853,0.06997395079577157
4199,1.8341414141414143,0.6,3.0167311694860465e-05,0.07193251880321574
4200,1.8542424242424242,0.01,-9.965053722859606e-06,0.0012138689258370007
4201,1.8542424242424242,0.01595959595959596,-2.212978189153909e-05,0.001928302689180553
4202,1.8542424242424242,0.021919191919191918,-3.349280591548818e-05,0.002643832239732337
4203,1.8542424242424242,0.027878787878787878,-8.115507680776634e-05,0.0033396805407317
4204,1.8542424242424242,0.033838383838383834,-1.8684929500502967e-05,0.004045295504683544
4205,1.8542424242424242,0.0397979797979798,-4.718306151846879e-05,0.004802320994607157
4206,1.8542424242424242,0.045757575757575754,1.9753973412684288e-05,0.005470321067179007
4207,1.8542424242424242,0.05171717171717172,3.971147068943906e-05,0.006209261153963802
4208,1.8542424242424242,0.05767676767676767,3.311888631578107e-05,0.006884575430804429
4209,1.8542424242424242,0.06363636363636363,4.228833244057451e-06,0.007777015757497464
4210,1.8542424242424242,0.06959595959595959,1.52574751250516e-05,0.008418197603380436
4211,1.8542424242424242,0.07555555555555554,0.00013259485443423177,0.009040351066075137
4212,1.8542424242424242,0.0815151515151515,-7.731815467921061e-05,0.009836026481709424
4213,1.8542424242424242,0.08747474747474746,-0.00015327733561536295,0.0105025277292326
4214,1.8542424242424242,0.09343434343434343,-2.453959906365599e-05,0.011042312468799347
4215,1.8542424242424242,0.09939393939393938,0.00022929289627700284,0.012086880284326432
4216,1.8542424242424242,0.10535353535353534,6.771444777812977e-05,0.012647554183215068
4217,1.8542424242424242,0.1113131313131313,1.4729982064976011e-05,0.013407058923423677
4218,1.8542424242424242,0.11727272727272725,-6.376140287143993e-05,0.014148450661013232
4219,1.8542424242424242,0.12323232323232322,0.0003449030174864226,0.014881729101818564
4220,1.8542424242424242,0.1291919191919192,-2.927187412385609e-05,0.015554698776601943
4221,1.8542424242424242,0.13515151515151513,0.00011929850476061947,0.01627212358713283
4222,1.8542424242424242,0.1411111111111111,9.115387862871754e-05,0.017053726979652187
4223,1.8542424242424242,0.14707070707070707,-0.00032448998613656245,0.017886708351301323
4224,1.8542424242424242,0.15303030303030302,3.373261360427472e-05,0.018447022694025973
4225,1.8542424242424242,0.158989898989899,-6.088790631547215e-05,0.0191255431871219
4226,1.8542424242424242,0.16494949494949493,0.0003436581429546606,0.019508017695443473
4227,1.8542424242424242,0.1709090909090909,0.00015137121084144893,0.02041929891405504
4228,1.8542424242424242,0.17686868686868687,-0.0002663445264478493,0.02144437734565596
4229,1.8542424242424242,0.1828282828282828,-0.00019308293717245376,0.021562245411130696
4230,1.8542424242424242,0.18878787878787878,4.5086529294411036e-05,0.0225780051692226
4231,1.8542424242424242,0.19474747474747472,-3.64783835239933e-05,0.0234576568435711
4232,1.8542424242424242,0.2007070707070707,0.00021673967730023947,0.024147389333800288
4233,1.8542424242424242,0.20666666666666667,-0.00012896597758787104,0.025071940284850217
4234,1.8542424242424242,0.2126262626262626,0.0002179559417977878,0.025835151826735868
4235,1.8542424242424242,0.21858585858585858,0.00026553431949964505,0.026695753836234286
4236,1.8542424242424242,0.22454545454545452,0.0005086348477493748,0.02700960970053995
4237,1.8542424242424242,0.2305050505050505,9.504071172261213e-05,0.028200293652045426
4238,1.8542424242424242,0.23646464646464646,0.0003990131098227311,0.02865286897107204
4239,1.8542424242424242,0.2424242424242424,0.00023438400871843946,0.029429496934106725
4240,1.8542424242424242,0.24838383838383837,0.000429539232834693,0.03008926201820774
4241,1.8542424242424242,0.2543434343434343,0.00023153077955561575,0.030439632108768568
4242,1.8542424242424242,0.26030303030303026,-7.142189580192859e-07,0.03101794326044445
4243,1.8542424242424242,0.26626262626262626,0.00038414052520590084,0.03231347264928906
4244,1.8542424242424242,0.2722222222222222,-0.0002801404866345683,0.03283332499601755
4245,1.8542424242424242,0.27818181818181814,0.0001291449056523095,0.033729686087402296
4246,1.8542424242424242,0.28414141414141414,0.00029907078772785497,0.034560350253748935
4247,1.8542424242424242,0.2901010101010101,0.0005136369370175468,0.03529356483454447
4248,1.8542424242424242,0.296060606060606,0.00028648012881439533,0.03578075314069179
4249,1.8542424242424242,0.302020202020202,0.0002461517172787454,0.03682346575201563
4250,1.8542424242424242,0.30797979797979796,6.0752774966268475e-05,0.03732533339613331
4251,1.8542424242424242,0.3139393939393939,0.000502255180272628,0.037684094911218505
4252,1.8542424242424242,0.31989898989898985,-0.000445305677196286,0.03847347485820145
4253,1.8542424242424242,0.32585858585858585,-0.0003261179279903867,0.03924780499067998
4254,1.8542424242424242,0.3318181818181818,-0.0003014865711064635,0.03970868773593955
4255,1.8542424242424242,0.33777777777777773,-0.0001750225766222763,0.04088376486020412
4256,1.8542424242424242,0.34373737373737373,-3.7767100657873834e-05,0.04093994669659945
4257,1.8542424242424242,0.3496969696969697,6.904855849968844e-05,0.04239940810413692
4258,1.8542424242424242,0.3556565656565656,-0.0002738580691034796,0.042675401297068746
4259,1.8542424242424242,0.3616161616161616,-0.0001691944004500082,0.04363876602840963
4260,1.8542424242424242,0.36757575757575756,9.49983418055177e-05,0.044317861192378176
4261,1.8542424242424242,0.3735353535353535,-0.00015903524701335768,0.04545367866894348
4262,1.8542424242424242,0.37949494949494944,0.0002799118567674398,0.045802576508799896
4263,1.8542424242424242,0.38545454545454544,0.0004395184003222154,0.046120423951281936
4264,1.8542424242424242,0.3914141414141414,0.00014240180983537187,0.04774866733125969
4265,1.8542424242424242,0.3973737373737373,9.406966053328766e-05,0.04829645825434652
4266,1.8542424242424242,0.4033333333333333,0.0002955771422274088,0.04883878998633597
4267,1.8542424242424242,0.40929292929292926,0.0002694425069820981,0.04968288398498973
4268,1.8542424242424242,0.4152525252525252,-0.00017914005875556226,0.050768230938746196
4269,1.8542424242424242,0.42121212121212115,-0.0006288022770215994,0.051296932077219026
4270,1.8542424242424242,0.42717171717171715,8.175157399241649e-05,0.051918176115990845
4271,1.8542424242424242,0.4331313131313131,-0.00021536757831839263,0.052156365937965896
4272,1.8542424242424242,0.43909090909090903,-0.0005684036983023701,0.052556742622696835
4273,1.8542424242424242,0.44505050505050503,0.00016722078226378182,0.053955840878384106
4274,1.8542424242424242,0.45101010101010097,-0.0006484975128490258,0.054623971899183665
4275,1.8542424242424242,0.4569696969696969,-0.00044817993517883356,0.054433924459620725
4276,1.8542424242424242,0.4629292929292929,-0.001465292419882177,0.05570476835405917
4277,1.8542424242424242,0.46888888888888886,-0.0007096093030497448,0.057151150878450366
4278,1.8542424242424242,0.4748484848484848,-0.0002912587299231424,0.057548934759161105
4279,1.8542424242424242,0.48080808080808074,7.028616341825744e-05,0.05810312734365298
4280,1.8542424242424242,0.48676767676767674,-0.0007979154109611043,0.058628892203363946
4281,1.8542424242424242,0.4927272727272727,-0.0004013529976897213,0.06015053709043776
4282,1.8542424242424242,0.4986868686868686,-0.0004717803185461004,0.05976268691921805
4283,1.8542424242424242,0.5046464646464646,-0.00018621683376085586,0.061127093470699646
4284,1.8542424242424242,0.5106060606060605,-0.0001304960276459685,0.06279277257832683
4285,1.8542424242424242,0.5165656565656566,-0.00024507700640338304,0.06294771862262895
4286,1.8542424242424242,0.5225252525252525,0.001118400010438894,0.06406735062654696
4287,1.8542424242424242,0.5284848484848484,3.7522197975329074e-05,0.06444081519803795
4288,1.8542424242424242,0.5344444444444444,-8.136671749439257e-05,0.06507033942816963
4289,1.8542424242424242,0.5404040404040403,0.0004309474498172999,0.06526627039662755
4290,1.8542424242424242,0.5463636363636363,-0.00024633577163792167,0.06649637590080239
4291,1.8542424242424242,0.5523232323232323,-0.0004469375061115134,0.0664986256035872
4292,1.8542424242424242,0.5582828282828283,0.0006938713248969418,0.0680990021323963
4293,1.8542424242424242,0.5642424242424242,-0.0004456855275805404,0.06902397043467173
4294,1.8542424242424242,0.5702020202020202,0.0013270867631222007,0.06931594030604242
4295,1.8542424242424242,0.5761616161616161,0.0004641130722642739,0.07014271673197962
4296,1.8542424242424242,0.582121212121212,6.039616806912274e-06,0.07133054647859982
4297,1.8542424242424242,0.588080808080808,0.00015358743115954088,0.07192555878395454
4298,1.8542424242424242,0.594040404040404,-5.407020109021907e-05,0.07253431898350911
4299,1.8542424242424242,0.6,0.0012527989220706903,0.07350323313156978
4300,1.8743434343434344,0.01,-9.08800802606029e-06,0.0012338821629692626
4301,1.8743434343434344,0.01595959595959596,-2.980349722840725e-06,0.0019697082237487835
4302,1.8743434343434344,0.021919191919191918,5.097387834037441e-05,0.0026917585903807485
4303,1.8743434343434344,0.027878787878787878,-5.018213855165954e-06,0.00342825896279285
4304,1.8743434343434344,0.033838383838383834,2.1687617336893604e-05,0.004140347351850563
4305,1.8743434343434344,0.0397979797979798,-1.166661190756324e-06,0.0049240078156829944
4306,1.8743434343434344,0.045757575757575754,1.8581226921626892e-05,0.005590823152720144
4307,1.8743434343434344,0.05171717171717172,1.6793030538593833e-05,0.006399043000329012
4308,1.8743434343434344,0.05767676767676767,-5.687546516772689e-05,0.007051842775839398
4309,1.8743434343434344,0.06363636363636363,-7.017480371948294e-05,0.007834239274101724
4310,1.8743434343434344,0.06959595959595959,0.00010537018232153526,0.008601802893423549
4311,1.8743434343434344,0.07555555555555554,0.00012051018886948433,0.009282539790967772
4312,1.8743434343434344,0.0815151515151515,1.704732391121473e-05,0.009981305262177912
4313,1.8743434343434344,0.08747474747474746,-0.00021085589701742125,0.010748064572293933
4314,1.8743434343434344,0.09343434343434343,-7.353982323222383e-05,0.011398085758035541
4315,1.8743434343434344,0.09939393939393938,3.67177241722356e-05,0.012165981327542512
4316,1.8743434343434344,0.10535353535353534,-0.00020031806392947025,0.012946111877779248
4317,1.8743434343434344,0.1113131313131313,-8.646604776563713e-05,0.013593139782465131
4318,1.8743434343434344,0.11727272727272725,0.00022424350202708917,0.014358267301126212
4319,1.8743434343434344,0.12323232323232322,0.0001664417989113131,0.015195132453114756
4320,1.8743434343434344,0.1291919191919192,2.5437988637603092e-05,0.0159980087446636
4321,1.8743434343434344,0.13515151515151513,0.0001437796373485733,0.016464452777505485
4322,1.8743434343434344,0.1411111111111111,0.00017478725812240507,0.01732706011889042
4323,1.8743434343434344,0.14707070707070707,-5.818576197364158e-05,0.018204563242856187
4324,1.8743434343434344,0.15303030303030302,0.00012363591272499766,0.01865292459408003
4325,1.8743434343434344,0.158989898989899,0.00022444126849323212,0.019578438612211126
4326,1.8743434343434344,0.16494949494949493,6.151623535206451e-05,0.02031662772357687
4327,1.8743434343434344,0.1709090909090909,-7.859439606855592e-05,0.02101401880217222
4328,1.8743434343434344,0.17686868686868687,1.6337524645045032e-05,0.021918972030554904
4329,1.8743434343434344,0.1828282828282828,-0.0001019358343488233,0.022397359900351233
4330,1.8743434343434344,0.18878787878787878,-0.00024156161660286499,0.0232325694916709
4331,1.8743434343434344,0.19474747474747472,0.00014040862586116862,0.024147575168741813
4332,1.8743434343434344,0.2007070707070707,0.00023335602255352152,0.0249710121205266
4333,1.8743434343434344,0.20666666666666667,-0.00019616977970195404,0.025551686023211444
4334,1.8743434343434344,0.2126262626262626,-0.00023270143967320372,0.026309717611723495
4335,1.8743434343434344,0.21858585858585858,-2.312922710554024e-05,0.027092987889224113
4336,1.8743434343434344,0.22454545454545452,9.398630257141782e-06,0.027654921699698513
4337,1.8743434343434344,0.2305050505050505,6.0857526187928235e-05,0.02848883721694541
4338,1.8743434343434344,0.23646464646464646,0.00043301745343145477,0.029510373742855322
4339,1.8743434343434344,0.2424242424242424,0.00011374134554945405,0.029327790182908355
4340,1.8743434343434344,0.24838383838383837,-0.00025221385778725946,0.030817846229701282
4341,1.8743434343434344,0.2543434343434343,-0.00029719632417325335,0.03154643544481778
4342,1.8743434343434344,0.26030303030303026,-0.00017990728541456615,0.03216187684426715
4343,1.8743434343434344,0.26626262626262626,-0.000198388668052027,0.03311862281659683
4344,1.8743434343434344,0.2722222222222222,-0.00039718138943948666,0.03388754216377398
4345,1.8743434343434344,0.27818181818181814,0.000365447726220333,0.03435779576212423
4346,1.8743434343434344,0.28414141414141414,-0.0002649012587498853,0.03546175110506933
4347,1.8743434343434344,0.2901010101010101,0.0006840184572353966,0.03579097267991744
4348,1.8743434343434344,0.296060606060606,-0.0004339234951771703,0.03633262488818103
4349,1.8743434343434344,0.302020202020202,-0.0006992780217499334,0.03694120415235674
4350,1.8743434343434344,0.30797979797979796,-0.00011486784461313457,0.03791392332344032
4351,1.8743434343434344,0.3139393939393939,-7.528609381288939e-05,0.03913893022082404
4352,1.8743434343434344,0.31989898989898985,-8.505124709074994e-05,0.03918895486569578
4353,1.8743434343434344,0.32585858585858585,-0.00039373023737669595,0.040222443461139366
4354,1.8743434343434344,0.3318181818181818,-0.0007078323587094333,0.04086873272340424
4355,1.8743434343434344,0.33777777777777773,0.00025243749644887457,0.04162009778283504
4356,1.8743434343434344,0.34373737373737373,8.181989532246368e-05,0.04216722821663371
4357,1.8743434343434344,0.3496969696969697,0.0006060894815800238,0.04298085652926237
4358,1.8743434343434344,0.3556565656565656,0.00026336509864417366,0.04359754276033917
4359,1.8743434343434344,0.3616161616161616,0.0003311050774864119,0.04480445978304863
4360,1.8743434343434344,0.36757575757575756,7.319360966427091e-06,0.04659937836561458
4361,1.8743434343434344,0.3735353535353535,-0.0005704240805031371,0.045570980004713005
4362,1.8743434343434344,0.37949494949494944,0.001041203718001918,0.04695774251017086
4363,1.8743434343434344,0.38545454545454544,0.00013934550714176335,0.048011574974819254
4364,1.8743434343434344,0.3914141414141414,-0.0002523700088619849,0.04852352610559264
4365,1.8743434343434344,0.3973737373737373,3.270000775663826e-05,0.049137252439564974
4366,1.8743434343434344,0.4033333333333333,4.153941836198243e-05,0.050319904875762746
4367,1.8743434343434344,0.40929292929292926,0.00046142785226498226,0.051077688287210765
4368,1.8743434343434344,0.4152525252525252,-0.00025378284047806803,0.05143332353968039
4369,1.8743434343434344,0.42121212121212115,0.0005975503092733169,0.05177707386544861
4370,1.8743434343434344,0.42717171717171715,2.253606261373622e-05,0.05305723258408479
4371,1.8743434343434344,0.4331313131313131,0.0006853917083362625,0.05392200468631611
4372,1.8743434343434344,0.43909090909090903,0.0008844818330493844,0.05443997402815311
4373,1.8743434343434344,0.44505050505050503,0.00033275083702068056,0.055109930509462335
4374,1.8743434343434344,0.45101010101010097,-0.0002811029958035721,0.05553476683284931
4375,1.8743434343434344,0.4569696969696969,0.0013615290856289568,0.05686506008939366
4376,1.8743434343434344,0.4629292929292929,-0.000580534585719551,0.05713274524918505
4377,1.8743434343434344,0.46888888888888886,-0.0003446273728247645,0.05857138110186092
4378,1.8743434343434344,0.4748484848484848,-0.0005512569412717023,0.05872575435785673
4379,1.8743434343434344,0.48080808080808074,0.0005308030080924661,0.05933995800712245
4380,1.8743434343434344,0.48676767676767674,0.00040182320914973734,0.06090412971420676
4381,1.8743434343434344,0.4927272727272727,0.00010439062716728346,0.061224274739962385
4382,1.8743434343434344,0.4986868686868686,0.00023827287072614633,0.061521649441472114
4383,1.8743434343434344,0.5046464646464646,-0.0007376245785859525,0.062114047988659694
4384,1.8743434343434344,0.5106060606060605,-0.001075648303699568,0.06327137411412455
4385,1.8743434343434344,0.5165656565656566,-0.000434294311174698,0.06375573369915492
4386,1.8743434343434344,0.5225252525252525,-9.385061230301023e-05,0.06494138478627272
4387,1.8743434343434344,0.5284848484848484,-0.0008772659625963367,0.06598543225129484
4388,1.8743434343434344,0.5344444444444444,0.001157235214947712,0.06693525502472551
4389,1.8743434343434344,0.5404040404040403,0.0005429504570671799,0.06750529168679506
4390,1.8743434343434344,0.5463636363636363,4.7196130680758586e-05,0.06770860801414305
4391,1.8743434343434344,0.5523232323232323,2.184569753168859e-05,0.06807290485629415
4392,1.8743434343434344,0.5582828282828283,0.0016106486538608035,0.07053737674968637
4393,1.8743434343434344,0.5642424242424242,0.0010522294359056343,0.07053835327735901
4394,1.8743434343434344,0.5702020202020202,1.5635397336692237e-05,0.07124569888459471
4395,1.8743434343434344,0.5761616161616161,-0.0005053339241937062,0.0717852373011593
4396,1.8743434343434344,0.582121212121212,-0.0019419594291809716,0.07138527972369567
4397,1.8743434343434344,0.588080808080808,0.0016846696373511109,0.07371664591472817
4398,1.8743434343434344,0.594040404040404,-0.0008468346377278199,0.07265507388097345
4399,1.8743434343434344,0.6,1.2377426940063074e-05,0.0755290127813875
4400,1.8944444444444444,0.01,2.3944143078551716e-05,0.0012512608398386907
4401,1.8944444444444444,0.01595959595959596,-1.4637812085210178e-05,0.0020181420148159537
4402,1.8944444444444444,0.021919191919191918,4.025410066408274e-05,0.002754313769925258
4403,1.8944444444444444,0.027878787878787878,1.88903067184514e-05,0.0035346771768017555
4404,1.8944444444444444,0.033838383838383834,-1.87533011797809e-05,0.004238159699740668
4405,1.8944444444444444,0.0397979797979798,4.081720116023351e-05,0.005027276167408967
4406,1.8944444444444444,0.045757575757575754,5.887159103117955e-05,0.00576696096996312
4407,1.8944444444444444,0.05171717171717172,0.00010940139857214273,0.006580583595411213
4408,1.8944444444444444,0.05767676767676767,-1.4275800819489348e-05,0.007255764518577277
4409,1.8944444444444444,0.06363636363636363,6.0019287266513754e-05,0.007957307367199013
4410,1.8944444444444444,0.06959595959595959,0.0001050800737123739,0.008738478366792804
4411,1.8944444444444444,0.07555555555555554,0.000246316793139379,0.00948050859409
4412,1.8944444444444444,0.0815151515151515,3.236086242601998e-05,0.01035983321941955
4413,1.8944444444444444,0.08747474747474746,-8.701719126018221e-05,0.011094540915340595
4414,1.8944444444444444,0.09343434343434343,6.969427282803265e-05,0.011840665044223007
4415,1.8944444444444444,0.09939393939393938,0.00016955626461110436,0.01256070999121664
4416,1.8944444444444444,0.10535353535353534,-0.0002212331025203354,0.013371596545401194
4417,1.8944444444444444,0.1113131313131313,3.495335371086047e-05,0.013949125343652119
4418,1.8944444444444444,0.11727272727272725,7.846683003191084e-05,0.014673482953249176
4419,1.8944444444444444,0.12323232323232322,-0.00017085199641040267,0.015564334318833322
4420,1.8944444444444444,0.1291919191919192,0.00025325234747081306,0.016361292555230188
4421,1.8944444444444444,0.13515151515151513,6.972181685999515e-05,0.016888864135016248
4422,1.8944444444444444,0.1411111111111111,-0.00028061736008189533,0.017757455531915725
4423,1.8944444444444444,0.14707070707070707,4.323540615606609e-05,0.0185377567201381
4424,1.8944444444444444,0.15303030303030302,5.829980052506633e-06,0.019216588551224233
4425,1.8944444444444444,0.158989898989899,9.554536367622833e-05,0.02001644646989775
4426,1.8944444444444444,0.16494949494949493,0.00023277997931192164,0.020854885431830745
4427,1.8944444444444444,0.1709090909090909,0.00010658464538258526,0.021647740159349727
4428,1.8944444444444444,0.17686868686868687,-0.0005124316902004875,0.0220633323556841
4429,1.8944444444444444,0.1828282828282828,4.5126623201982486e-05,0.02313827228068785
4430,1.8944444444444444,0.18878787878787878,0.00011810878303316739,0.023662066703713673
4431,1.8944444444444444,0.19474747474747472,0.00023307929546967924,0.024464141262225233
4432,1.8944444444444444,0.2007070707070707,-0.00043780462489351207,0.025081458691388833
4433,1.8944444444444444,0.20666666666666667,-0.00015973096885003543,0.025474386175405973
4434,1.8944444444444444,0.2126262626262626,0.00016750789606038267,0.027060250513818888
4435,1.8944444444444444,0.21858585858585858,0.00016187087851535234,0.02768974892130517
4436,1.8944444444444444,0.22454545454545452,0.0005892544773708511,0.02865913772322186
4437,1.8944444444444444,0.2305050505050505,0.0003072952988129994,0.0289307153724883
4438,1.8944444444444444,0.23646464646464646,-0.0002931501890588696,0.03002610899711569
4439,1.8944444444444444,0.2424242424242424,-0.00012370179025307735,0.030469974914024516
4440,1.8944444444444444,0.24838383838383837,-0.00011846745674759733,0.03183503137248383
4441,1.8944444444444444,0.2543434343434343,0.00027815544021087273,0.032332761353381013
4442,1.8944444444444444,0.26030303030303026,0.00029228154250846825,0.03296360601686468
4443,1.8944444444444444,0.26626262626262626,0.0002411428259528212,0.033544876061674826
4444,1.8944444444444444,0.2722222222222222,-0.00021335036255414424,0.034143905935071356
4445,1.8944444444444444,0.27818181818181814,-0.00029207179940855246,0.0350403507973453
4446,1.8944444444444444,0.28414141414141414,-0.0001800731753013829,0.036021132618906285
4447,1.8944444444444444,0.2901010101010101,0.0003175581502967,0.036869429756052924
4448,1.8944444444444444,0.296060606060606,0.0002459041166734627,0.037711147556758605
4449,1.8944444444444444,0.302020202020202,-0.0003800848720424421,0.03794479345394033
4450,1.8944444444444444,0.30797979797979796,0.00012595474538150736,0.03887159159727997
4451,1.8944444444444444,0.3139393939393939,0.0001132690281715155,0.039466808607669414
4452,1.8944444444444444,0.31989898989898985,9.176129572322498e-05,0.04038901742191836
4453,1.8944444444444444,0.32585858585858585,0.00014713326506345732,0.04113708011580528
4454,1.8944444444444444,0.3318181818181818,-0.0005962193996860564,0.04186881754115768
4455,1.8944444444444444,0.33777777777777773,-0.0006434517760048891,0.04245950060277728
4456,1.8944444444444444,0.34373737373737373,0.0011733771583244108,0.043667066568837225
4457,1.8944444444444444,0.3496969696969697,0.00031094865493362065,0.044546739264853544
4458,1.8944444444444444,0.3556565656565656,0.0006037628854546465,0.04530913104501758
4459,1.8944444444444444,0.3616161616161616,-0.000323652998972519,0.04576982905312422
4460,1.8944444444444444,0.36757575757575756,-5.6223512913945685e-05,0.046653199716395644
4461,1.8944444444444444,0.3735353535353535,0.000871302655225752,0.047314564769919396
4462,1.8944444444444444,0.37949494949494944,-0.0012216484005378588,0.04766246090784633
4463,1.8944444444444444,0.38545454545454544,-0.00029898908347537775,0.04840045255605218
4464,1.8944444444444444,0.3914141414141414,-0.000727443925857376,0.04882003241919607
4465,1.8944444444444444,0.3973737373737373,0.00029759968319402133,0.05001183379236695
4466,1.8944444444444444,0.4033333333333333,0.00028442842985669834,0.051297806220942196
4467,1.8944444444444444,0.40929292929292926,-0.00040228727162093845,0.05146490763496463
4468,1.8944444444444444,0.4152525252525252,0.0008922918644106676,0.05264936961648738
4469,1.8944444444444444,0.42121212121212115,5.78675043332777e-06,0.053321608006445295
4470,1.8944444444444444,0.42717171717171715,0.0007833165316718527,0.053747759646265034
4471,1.8944444444444444,0.4331313131313131,2.2165613208312607e-05,0.05495583341316151
4472,1.8944444444444444,0.43909090909090903,0.0006357345820705802,0.055821137519168014
4473,1.8944444444444444,0.44505050505050503,-0.00019633129851653967,0.05644229918064756
4474,1.8944444444444444,0.45101010101010097,-0.0010333195870801746,0.05694429756439934
4475,1.8944444444444444,0.4569696969696969,0.00018300359142470004,0.05791373576181267
4476,1.8944444444444444,0.4629292929292929,0.0004867235898718723,0.05852625705671958
4477,1.8944444444444444,0.46888888888888886,0.0014991117092157185,0.06016135449961063
4478,1.8944444444444444,0.4748484848484848,0.0003601841102722939,0.05971485238843214
4479,1.8944444444444444,0.48080808080808074,-0.000319772111951765,0.06023171315098062
4480,1.8944444444444444,0.48676767676767674,-0.0005636347403045615,0.06164753856032217
4481,1.8944444444444444,0.4927272727272727,-3.181908866104774e-05,0.06238197212030624
4482,1.8944444444444444,0.4986868686868686,-0.0010725572774919654,0.06392100182000438
4483,1.8944444444444444,0.5046464646464646,0.0007800578043961259,0.06427643043699979
4484,1.8944444444444444,0.5106060606060605,0.0005417605826217137,0.065508220661404
4485,1.8944444444444444,0.5165656565656566,0.00018830133229264317,0.06501355510348437
4486,1.8944444444444444,0.5225252525252525,0.0001714130456615693,0.06671863620473405
4487,1.8944444444444444,0.5284848484848484,-0.00043254841029541976,0.06716862868502017
4488,1.8944444444444444,0.5344444444444444,0.00023606179261186942,0.06827198631097384
4489,1.8944444444444444,0.5404040404040403,-0.0002622666298232168,0.0687908626982253
4490,1.8944444444444444,0.5463636363636363,-0.0011072881323817396,0.06935261291627434
4491,1.8944444444444444,0.5523232323232323,0.0015111211562793528,0.07094253370113923
4492,1.8944444444444444,0.5582828282828283,-0.00013703207331273548,0.07084709896037286
4493,1.8944444444444444,0.5642424242424242,-0.000956728198940602,0.07077935190457516
4494,1.8944444444444444,0.5702020202020202,0.0004126738420539091,0.07299080241049687
4495,1.8944444444444444,0.5761616161616161,0.0007759996072109125,0.07348965478570843
4496,1.8944444444444444,0.582121212121212,0.000218433934354307,0.07448854125779132
4497,1.8944444444444444,0.588080808080808,-0.0006499848554681087,0.07582708589053046
4498,1.8944444444444444,0.594040404040404,-0.0008982074282776315,0.07538172069826812
4499,1.8944444444444444,0.6,-0.0006988798650715961,0.07671255899107943
4500,1.9145454545454546,0.01,1.0192340410997381e-05,0.001293666221163957
4501,1.9145454545454546,0.01595959595959596,-9.256040812063204e-06,0.002066320075810008
4502,1.9145454545454546,0.021919191919191918,-3.646580094442853e-06,0.002821300569224938
4503,1.9145454545454546,0.027878787878787878,4.0661894439573645e-05,0.0035890266049808423
4504,1.9145454545454546,0.033838383838383834,-4.8595967187125756e-05,0.004335003030071438
4505,1.9145454545454546,0.0397979797979798,5.01053842806761e-05,0.005092744943747235
4506,1.9145454545454546,0.045757575757575754,8.537415044540814e-05,0.005881980846251371
4507,1.9145454545454546,0.05171717171717172,6.36600008853385e-05,0.006651242244953233
4508,1.9145454545454546,0.05767676767676767,-2.09265000880864e-05,0.0074243307281428046
4509,1.9145454545454546,0.06363636363636363,-3.599893541242243e-05,0.008292726000705679
4510,1.9145454545454546,0.06959595959595959,0.00019895354300888761,0.008961157284448672
4511,1.9145454545454546,0.07555555555555554,-2.4022615144721983e-05,0.009641088924928376
4512,1.9145454545454546,0.0815151515151515,-0.00014801867209444447,0.010448443809298196
4513,1.9145454545454546,0.08747474747474746,-0.0001433491159059431,0.011342451231608552
4514,1.9145454545454546,0.09343434343434343,-0.00010983600886907902,0.011940647230507438
4515,1.9145454545454546,0.09939393939393938,-9.391920269553761e-05,0.012609839998464862
4516,1.9145454545454546,0.10535353535353534,3.071524166098155e-05,0.013609150807612606
4517,1.9145454545454546,0.1113131313131313,-4.3173675237715095e-05,0.014356440308022673
4518,1.9145454545454546,0.11727272727272725,2.958479522147164e-05,0.015203366795954137
4519,1.9145454545454546,0.12323232323232322,-9.125101151388462e-05,0.015983467776499862
4520,1.9145454545454546,0.1291919191919192,-0.00022930679015289467,0.016555068836848763
4521,1.9145454545454546,0.13515151515151513,-0.00015320856287241467,0.01711485869031301
4522,1.9145454545454546,0.1411111111111111,0.0001648477312426803,0.0180956975154058
4523,1.9145454545454546,0.14707070707070707,0.00041988757254421356,0.018771929730321137
4524,1.9145454545454546,0.15303030303030302,-4.0785053504192035e-06,0.019776467855021858
4525,1.9145454545454546,0.158989898989899,0.00013046931869568928,0.02046121468372376
4526,1.9145454545454546,0.16494949494949493,-0.0002522877592067503,0.021454456761722248
4527,1.9145454545454546,0.1709090909090909,0.0002083945084621904,0.02219190183043006
4528,1.9145454545454546,0.17686868686868687,-0.00019347183985515674,0.02277150600354737
4529,1.9145454545454546,0.1828282828282828,-6.1836190610464e-05,0.02341733184726419
4530,1.9145454545454546,0.18878787878787878,9.090398495998953e-05,0.024117447831340733
4531,1.9145454545454546,0.19474747474747472,0.00032477013051267895,0.02494746501420782
4532,1.9145454545454546,0.2007070707070707,-0.00010977420335422027,0.025962206715791816
4533,1.9145454545454546,0.20666666666666667,-0.0003640651134093682,0.02637772197728605
4534,1.9145454545454546,0.2126262626262626,1.4948020844117837e-05,0.02708455621028375
4535,1.9145454545454546,0.21858585858585858,0.0001335746329412256,0.028343312262096174
4536,1.9145454545454546,0.22454545454545452,0.00021173997284587914,0.028985672262920283
4537,1.9145454545454546,0.2305050505050505,0.0001129261205392929,0.029852173750352103
4538,1.9145454545454546,0.23646464646464646,0.00023487101070801027,0.030478817200476176
4539,1.9145454545454546,0.2424242424242424,0.00018081365810271684,0.03139973438069289
4540,1.9145454545454546,0.24838383838383837,-7.702373701529791e-05,0.031915621475517804
4541,1.9145454545454546,0.2543434343434343,0.0002710167070026685,0.032744369873674316
4542,1.9145454545454546,0.26030303030303026,3.8716353165643594e-05,0.03376615970544367
4543,1.9145454545454546,0.26626262626262626,0.0001468781019050619,0.034819477815792726
4544,1.9145454545454546,0.2722222222222222,0.0003825287643094914,0.0350537913876742
4545,1.9145454545454546,0.27818181818181814,0.00017457329195184665,0.035941220144607364
4546,1.9145454545454546,0.28414141414141414,-0.00026377550058471534,0.036770593076184445
4547,1.9145454545454546,0.2901010101010101,0.00013319058321037405,0.03772393277743791
4548,1.9145454545454546,0.296060606060606,-0.00032129352795478487,0.038140929791540684
4549,1.9145454545454546,0.302020202020202,1.620750099230639e-05,0.039294542741356825
4550,1.9145454545454546,0.30797979797979796,-0.00026258637578904835,0.039805574882382
4551,1.9145454545454546,0.3139393939393939,0.0002483100241027897,0.04053818450980741
4552,1.9145454545454546,0.31989898989898985,-0.0002797231169197695,0.04119211259061406
4553,1.9145454545454546,0.32585858585858585,0.00013370897836009751,0.042636165856944415
4554,1.9145454545454546,0.3318181818181818,0.0008806594730905278,0.04348055835400963
4555,1.9145454545454546,0.33777777777777773,-0.00010690986142369967,0.04350455279609333
4556,1.9145454545454546,0.34373737373737373,-8.043670396897884e-06,0.044346073548135044
4557,1.9145454545454546,0.3496969696969697,0.00017907480542244883,0.04551928331283951
4558,1.9145454545454546,0.3556565656565656,-0.0006453113797727705,0.04626590292631509
4559,1.9145454545454546,0.3616161616161616,0.0006760056805417375,0.046961570619627226
4560,1.9145454545454546,0.36757575757575756,0.00025422870649184127,0.04764241950001829
4561,1.9145454545454546,0.3735353535353535,0.0002704047660547975,0.04814003321558925
4562,1.9145454545454546,0.37949494949494944,4.048162763404428e-06,0.04960429199712487
4563,1.9145454545454546,0.38545454545454544,0.00016323190450958508,0.05001521292530574
4564,1.9145454545454546,0.3914141414141414,-0.0006846182512040158,0.050102749166644554
4565,1.9145454545454546,0.3973737373737373,0.00011498087838758622,0.05170631330774887
4566,1.9145454545454546,0.4033333333333333,0.0009064534808414935,0.052803484077241634
4567,1.9145454545454546,0.40929292929292926,0.0005172073747684517,0.05354367100224134
4568,1.9145454545454546,0.4152525252525252,0.0005575014730214512,0.05324718617903452
4569,1.9145454545454546,0.42121212121212115,0.0010671834434190935,0.05435765673012505
4570,1.9145454545454546,0.42717171717171715,0.00017936850367488536,0.055681178952326646
4571,1.9145454545454546,0.4331313131313131,-0.0014575782765155686,0.05614917012428901
4572,1.9145454545454546,0.43909090909090903,-0.0004400178639263343,0.05756632998891071
4573,1.9145454545454546,0.44505050505050503,-0.0003166935696019461,0.057494443687750904
4574,1.9145454545454546,0.45101010101010097,0.0001544276481166329,0.05830561468946206
4575,1.9145454545454546,0.4569696969696969,0.0010055197819336308,0.059860181087796185
4576,1.9145454545454546,0.4629292929292929,0.00024431675696672905,0.0600698142530471
4577,1.9145454545454546,0.46888888888888886,-0.0007793251913129857,0.060504033134905426
4578,1.9145454545454546,0.4748484848484848,-6.426844582456139e-05,0.06123853697657706
4579,1.9145454545454546,0.48080808080808074,6.636369613836775e-05,0.06282289698152496
4580,1.9145454545454546,0.48676767676767674,-0.00011202937839964888,0.0636676121730525
4581,1.9145454545454546,0.4927272727272727,0.0010506996492067433,0.06397011097027343
4582,1.9145454545454546,0.4986868686868686,0.0003317101898095471,0.06413651388857809
4583,1.9145454545454546,0.5046464646464646,-0.000113761486954858,0.06527060012541809
4584,1.9145454545454546,0.5106060606060605,1.566079981645836e-05,0.06598468246850694
4585,1.9145454545454546,0.5165656565656566,0.0005818820706088053,0.06767869119234085
4586,1.9145454545454546,0.5225252525252525,-0.0005453163302502165,0.06733315054701595
4587,1.9145454545454546,0.5284848484848484,-0.0003300982920158616,0.06862168102982713
4588,1.9145454545454546,0.5344444444444444,0.0003164245884360052,0.06927370290702188
4589,1.9145454545454546,0.5404040404040403,-0.0001065754139751979,0.0703185810807344
4590,1.9145454545454546,0.5463636363636363,0.000545351448618987,0.07134788735199075
4591,1.9145454545454546,0.5523232323232323,0.001580534726247663,0.07282572497059371
4592,1.9145454545454546,0.5582828282828283,0.0019498777712849853,0.07264321480712527
4593,1.9145454545454546,0.5642424242424242,-0.0001175488846735036,0.07329709742593747
4594,1.9145454545454546,0.5702020202020202,-0.0002588348752770823,0.07463300264279206
4595,1.9145454545454546,0.5761616161616161,0.0004102571410836475,0.075012656232416
4596,1.9145454545454546,0.582121212121212,0.0009597113628532976,0.07599990465551994
4597,1.9145454545454546,0.588080808080808,-0.0008598834674366191,0.0756204503313442
4598,1.9145454545454546,0.594040404040404,-0.0002923551051518429,0.07733821681363257
4599,1.9145454545454546,0.6,-0.0012025847090346344,0.07810491131610599
4600,1.9346464646464647,0.01,4.308647441711821e-06,0.0013282406902532565
4601,1.9346464646464647,0.01595959595959596,-1.1516356519766491e-05,0.0021217672937878036
4602,1.9346464646464647,0.021919191919191918,2.063560983493047e-05,0.002884608037753764
4603,1.9346464646464647,0.027878787878787878,4.3918812699489264e-05,0.0036763626836928257
4604,1.9346464646464647,0.033838383838383834,1.7325429391173264e-05,0.00443126604732651
4605,1.9346464646464647,0.0397979797979798,-2.6402239774043755e-05,0.005238300939399058
4606,1.9346464646464647,0.045757575757575754,7.43795995154387e-05,0.006039131129513884
4607,1.9346464646464647,0.05171717171717172,-2.8860168931620823e-05,0.006774629695373124
4608,1.9346464646464647,0.05767676767676767,-3.641295850094294e-05,0.007607958667348126
4609,1.9346464646464647,0.06363636363636363,-4.986734054258824e-05,0.008409819613584198
4610,1.9346464646464647,0.06959595959595959,-0.0001088365304405122,0.00923964011741753
4611,1.9346464646464647,0.07555555555555554,0.0001259237910033964,0.009898911290356973
4612,1.9346464646464647,0.0815151515151515,-0.00012073478359018323,0.010630842068147172
4613,1.9346464646464647,0.08747474747474746,0.00010372004694467138,0.011591112135298476
4614,1.9346464646464647,0.09343434343434343,-3.556976777499836e-05,0.012238453858080924
4615,1.9346464646464647,0.09939393939393938,7.065017351833924e-06,0.012963148725804364
4616,1.9346464646464647,0.10535353535353534,-0.0001918296482713288,0.013822673401310331
4617,1.9346464646464647,0.1113131313131313,-8.468132735021947e-05,0.014679856077343727
4618,1.9346464646464647,0.11727272727272725,-0.00016132647187451878,0.015549830284119789
4619,1.9346464646464647,0.12323232323232322,-2.6469255490834032e-05,0.015981343000345153
4620,1.9346464646464647,0.1291919191919192,0.00026059230078924613,0.01709315071343034
4621,1.9346464646464647,0.13515151515151513,7.553920652023567e-05,0.018029493759753573
4622,1.9346464646464647,0.1411111111111111,4.495374123216715e-05,0.018725151421304275
4623,1.9346464646464647,0.14707070707070707,-0.00020573907057655724,0.019405955896335737
4624,1.9346464646464647,0.15303030303030302,9.189834005414088e-06,0.01991710392949214
4625,1.9346464646464647,0.158989898989899,-6.173710179705027e-07,0.020884051840132013
4626,1.9346464646464647,0.16494949494949493,0.0002068952197903589,0.021700215144350055
4627,1.9346464646464647,0.1709090909090909,-2.0747195360602146e-05,0.022832851618207067
4628,1.9346464646464647,0.17686868686868687,-0.00017386293717030381,0.0232477906461006
4629,1.9346464646464647,0.1828282828282828,-2.2488332832170254e-05,0.0237437851180533
4630,1.9346464646464647,0.18878787878787878,0.000497979339002486,0.024899600339376445
4631,1.9346464646464647,0.19474747474747472,0.0002303598704189005,0.025812188245888015
4632,1.9346464646464647,0.2007070707070707,2.1959213176633363e-05,0.02620008920210689
4633,1.9346464646464647,0.20666666666666667,-0.0002552433863023067,0.027411553973227528
4634,1.9346464646464647,0.2126262626262626,0.0002069149680204363,0.028593821672014765
4635,1.9346464646464647,0.21858585858585858,-0.00028051551472145367,0.02890922796060857
4636,1.9346464646464647,0.22454545454545452,-0.00023477759395221064,0.029763548972584306
4637,1.9346464646464647,0.2305050505050505,0.000174696021687268,0.030784333957001794
4638,1.9346464646464647,0.23646464646464646,0.00011788337691962294,0.030937744035502063
4639,1.9346464646464647,0.2424242424242424,0.00035758100989846404,0.031768278650255104
4640,1.9346464646464647,0.24838383838383837,0.0006028575829714863,0.03278157970445432
4641,1.9346464646464647,0.2543434343434343,0.00026896660250630726,0.033521473208233246
4642,1.9346464646464647,0.26030303030303026,0.00015387200228595752,0.03449695944596425
4643,1.9346464646464647,0.26626262626262626,7.5243090498875e-05,0.03531075941926307
4644,1.9346464646464647,0.2722222222222222,6.059005378804698e-05,0.03582654180635077
4645,1.9346464646464647,0.27818181818181814,0.0007324547368283896,0.036938810115321165
4646,1.9346464646464647,0.28414141414141414,0.0005685739931149208,0.03759139311100692
4647,1.9346464646464647,0.2901010101010101,-0.0002362933576235029,0.03758628382933363
4648,1.9346464646464647,0.296060606060606,0.0002504509777531833,0.03891253630108538
4649,1.9346464646464647,0.302020202020202,0.0002361685794199496,0.039623447354133444
4650,1.9346464646464647,0.30797979797979796,0.0001076839805057532,0.04142028518708099
4651,1.9346464646464647,0.3139393939393939,0.00027794372539181644,0.0418983275532958
4652,1.9346464646464647,0.31989898989898985,-0.00025328166807556866,0.04255558642655052
4653,1.9346464646464647,0.32585858585858585,-0.00020634320688661784,0.043533902489874814
4654,1.9346464646464647,0.3318181818181818,0.0006240084467958679,0.04406679130403655
4655,1.9346464646464647,0.33777777777777773,0.0001976729708188762,0.044462414015700516
4656,1.9346464646464647,0.34373737373737373,-0.0003625320315604482,0.045467630775048375
4657,1.9346464646464647,0.3496969696969697,5.256293938095812e-05,0.04558995141088661
4658,1.9346464646464647,0.3556565656565656,-0.0005007906253522063,0.047132394757776246
4659,1.9346464646464647,0.3616161616161616,-0.00048390133012285463,0.047578709566763584
4660,1.9346464646464647,0.36757575757575756,0.00023658555081372342,0.0489012486166704
4661,1.9346464646464647,0.3735353535353535,0.00019807822669706213,0.049727875657417264
4662,1.9346464646464647,0.37949494949494944,-2.4908851352680562e-05,0.050012288550094264
4663,1.9346464646464647,0.38545454545454544,0.000987090274736907,0.051285918896083346
4664,1.9346464646464647,0.3914141414141414,-0.0005781891612510238,0.0514735917228633
4665,1.9346464646464647,0.3973737373737373,-0.00018142396245959943,0.052795248430686004
4666,1.9346464646464647,0.4033333333333333,-0.00024251487974580535,0.05309146280349257
4667,1.9346464646464647,0.40929292929292926,0.0004006090105965079,0.05371966055112909
4668,1.9346464646464647,0.4152525252525252,-0.0003183529568281442,0.05521436467736965
4669,1.9346464646464647,0.42121212121212115,9.452640253723814e-05,0.0560963635278864
4670,1.9346464646464647,0.42717171717171715,0.0001161622040451934,0.0576868024526768
4671,1.9346464646464647,0.4331313131313131,-0.0004776657397470528,0.05770068681739628
4672,1.9346464646464647,0.43909090909090903,-9.098218340555487e-05,0.05817845620341786
4673,1.9346464646464647,0.44505050505050503,0.0007862065486355673,0.05894280177386578
4674,1.9346464646464647,0.45101010101010097,0.00018695862347585973,0.060299497213477715
4675,1.9346464646464647,0.4569696969696969,-0.0003074000286359958,0.06066775109869396
4676,1.9346464646464647,0.4629292929292929,-0.0005009191096245925,0.06136833371118492
4677,1.9346464646464647,0.46888888888888886,-0.000936432946863898,0.061896619688137915
4678,1.9346464646464647,0.4748484848484848,0.00043396071127010786,0.06366616572687073
4679,1.9346464646464647,0.48080808080808074,0.00013892735726412866,0.06436882907112779
4680,1.9346464646464647,0.48676767676767674,0.0006953849739189369,0.0643662515619206
4681,1.9346464646464647,0.4927272727272727,-0.00017121679323240464,0.0654647666477566
4682,1.9346464646464647,0.4986868686868686,0.00044501146380760976,0.0656785488729145
4683,1.9346464646464647,0.5046464646464646,-0.0006593982641486186,0.06675757057910446
4684,1.9346464646464647,0.5106060606060605,-0.00010961426583029743,0.06727098475116255
4685,1.9346464646464647,0.5165656565656566,-0.00042883507683422087,0.06843173118666204
4686,1.9346464646464647,0.5225252525252525,0.0020102558346598806,0.07029119968882376
4687,1.9346464646464647,0.5284848484848484,0.0011508177370516957,0.07026065231778274
4688,1.9346464646464647,0.5344444444444444,-0.0006103865878511757,0.0710720503166112
4689,1.9346464646464647,0.5404040404040403,-0.00044880627779273483,0.07178613499872498
4690,1.9346464646464647,0.5463636363636363,0.0011669610107946813,0.07238947363795627
4691,1.9346464646464647,0.5523232323232323,-0.0006362963640253994,0.07336247157566274
4692,1.9346464646464647,0.5582828282828283,0.00011095672231417395,0.07473906669793315
4693,1.9346464646464647,0.5642424242424242,-0.00039428200432303263,0.07459495805411956
4694,1.9346464646464647,0.5702020202020202,0.00046749872758765533,0.07675609942442276
4695,1.9346464646464647,0.5761616161616161,9.231116435169495e-05,0.07723380556692395
4696,1.9346464646464647,0.582121212121212,-0.0004156369583759035,0.07797819259267627
4697,1.9346464646464647,0.588080808080808,0.0005604298308835382,0.07839270575139866
4698,1.9346464646464647,0.594040404040404,-0.002668497452525412,0.07812643085444425
4699,1.9346464646464647,0.6,0.0003060889624906629,0.08102785973946262
4700,1.954747474747475,0.01,4.317594484922504e-06,0.0013462972122805616
4701,1.954747474747475,0.01595959595959596,3.654954265169789e-05,0.00215881726174019
4702,1.954747474747475,0.021919191919191918,-5.1161343295552094e-05,0.0029402004082659887
4703,1.954747474747475,0.027878787878787878,-5.369499591764837e-06,0.003746143456349805
4704,1.954747474747475,0.033838383838383834,2.8768393589660602e-05,0.0045546583311613315
4705,1.954747474747475,0.0397979797979798,1.4213409665601407e-05,0.005280789406736205
4706,1.954747474747475,0.045757575757575754,7.093675383827957e-05,0.006165958479377827
4707,1.954747474747475,0.05171717171717172,8.876156521015586e-05,0.007091159833496743
4708,1.954747474747475,0.05767676767676767,-8.879675364573776e-05,0.007785370662181997
4709,1.954747474747475,0.06363636363636363,8.134091929851599e-05,0.008476863392731652
4710,1.954747474747475,0.06959595959595959,-3.0715875269285896e-05,0.009354133300392581
4711,1.954747474747475,0.07555555555555554,-6.461872525250238e-05,0.010239655955463965
4712,1.954747474747475,0.0815151515151515,-0.00018609420673106034,0.010871100785675769
4713,1.954747474747475,0.08747474747474746,6.595325658515552e-05,0.011666389032658821
4714,1.954747474747475,0.09343434343434343,-5.9378839223440496e-05,0.012435602238795756
4715,1.954747474747475,0.09939393939393938,-3.335462072775368e-05,0.013275242828494689
4716,1.954747474747475,0.10535353535353534,3.6547447544949804e-05,0.014049283829884457
4717,1.954747474747475,0.1113131313131313,-3.9323275333016894e-05,0.015004824424372752
4718,1.954747474747475,0.11727272727272725,7.64694225043986e-05,0.015611483346281655
4719,1.954747474747475,0.12323232323232322,8.447123259519992e-05,0.016558631637140418
4720,1.954747474747475,0.1291919191919192,-3.945719564230252e-05,0.017333650154379047
4721,1.954747474747475,0.13515151515151513,-0.00032766057504655813,0.018071109875027667
4722,1.954747474747475,0.1411111111111111,0.00015329014743876027,0.01895661677415236
4723,1.954747474747475,0.14707070707070707,3.8294205532366384e-05,0.01991532282970065
4724,1.954747474747475,0.15303030303030302,-0.0001150047684377809,0.020519597423171405
4725,1.954747474747475,0.158989898989899,0.0003045696383099521,0.021413418281484842
4726,1.954747474747475,0.16494949494949493,0.00018369315804663426,0.02218956787626913
4727,1.954747474747475,0.1709090909090909,0.0003029806417910187,0.0232978060194737
4728,1.954747474747475,0.17686868686868687,0.0002280156325186507,0.02370445609252581
4729,1.954747474747475,0.1828282828282828,-5.73765544105052e-05,0.02488325110261622
4730,1.954747474747475,0.18878787878787878,-0.00045988144174511784,0.025347665239586318
4731,1.954747474747475,0.19474747474747472,-5.740525178776024e-06,0.026205985102981423
4732,1.954747474747475,0.2007070707070707,-0.0003278028285457804,0.027067680675767956
4733,1.954747474747475,0.20666666666666667,0.0005734262439910942,0.027941513052239218
4734,1.954747474747475,0.2126262626262626,-0.0003089199345890775,0.028640568130162376
4735,1.954747474747475,0.21858585858585858,-0.00033542144493570067,0.02907725731133044
4736,1.954747474747475,0.22454545454545452,-0.0003057127505213515,0.030226867785318988
4737,1.954747474747475,0.2305050505050505,-0.00037813093739923247,0.031297355151657325
4738,1.954747474747475,0.23646464646464646,-1.1411702786650779e-05,0.031696309257131274
4739,1.954747474747475,0.2424242424242424,0.0005298138546092697,0.03267485410623894
4740,1.954747474747475,0.24838383838383837,0.00011077657497870039,0.03304962176371707
4741,1.954747474747475,0.2543434343434343,-0.00019166038376797187,0.034103268514055485
4742,1.954747474747475,0.26030303030303026,0.0006560423165707116,0.03537985789854694
4743,1.954747474747475,0.26626262626262626,0.0012593081841017716,0.035989234615953374
4744,1.954747474747475,0.2722222222222222,0.0006575750937828369,0.036814039939364475
4745,1.954747474747475,0.27818181818181814,0.00040159950623103316,0.036696947616336136
4746,1.954747474747475,0.28414141414141414,-0.0001411373528397005,0.03849136642465551
4747,1.954747474747475,0.2901010101010101,-0.00013255648762150444,0.039167118462420276
4748,1.954747474747475,0.296060606060606,3.6217873082391414e-05,0.040103880705918214
4749,1.954747474747475,0.302020202020202,6.192760736698324e-05,0.040657612200377974
4750,1.954747474747475,0.30797979797979796,9.288826063910268e-05,0.04144483852191482
4751,1.954747474747475,0.3139393939393939,-0.0004199371356609663,0.04241801944431956
4752,1.954747474747475,0.31989898989898985,-4.666836934008249e-05,0.04372138629502193
4753,1.954747474747475,0.32585858585858585,-0.0002965732652865634,0.04420369119910664
4754,1.954747474747475,0.3318181818181818,-0.0006473625404257094,0.04453415586934883
4755,1.954747474747475,0.33777777777777773,0.00041026796717393027,0.04629417037343632
4756,1.954747474747475,0.34373737373737373,0.00012229396494942827,0.04678316078958647
4757,1.954747474747475,0.3496969696969697,-0.0003801178081999358,0.0471537257162974
4758,1.954747474747475,0.3556565656565656,-0.0007036554661236828,0.04806128969314364
4759,1.954747474747475,0.3616161616161616,3.2649439829391134e-05,0.04909309287364528
4760,1.954747474747475,0.36757575757575756,0.00045211743858255,0.04928179682579802
4761,1.954747474747475,0.3735353535353535,-0.00015181405622677888,0.05003249637843772
4762,1.954747474747475,0.37949494949494944,0.0006557504582076105,0.051113930333938
4763,1.954747474747475,0.38545454545454544,-0.00043107954530089733,0.05229452306554752
4764,1.954747474747475,0.3914141414141414,-0.0001725242617268081,0.05285058440260087
4765,1.954747474747475,0.3973737373737373,0.0009109207433585229,0.054149781995621885
4766,1.954747474747475,0.4033333333333333,-0.00032240874733105104,0.054773362891432066
4767,1.954747474747475,0.40929292929292926,-0.0001125709600974417,0.05488755009627777
4768,1.954747474747475,0.4152525252525252,0.001443088029903646,0.05719399216280088
4769,1.954747474747475,0.42121212121212115,-0.0004098282392469514,0.05665861709340799
4770,1.954747474747475,0.42717171717171715,-0.00015171119343696074,0.058275979272084236
4771,1.954747474747475,0.4331313131313131,0.0006543494704427425,0.05899824883284176
4772,1.954747474747475,0.43909090909090903,0.0007618433886797801,0.05930506719709469
4773,1.954747474747475,0.44505050505050503,-0.0007709143357480038,0.059908491382845416
4774,1.954747474747475,0.45101010101010097,-0.0013199093675459652,0.060873566279145294
4775,1.954747474747475,0.4569696969696969,-0.00038981807984038913,0.06174322883215038
4776,1.954747474747475,0.4629292929292929,0.0008719678389799835,0.06268192199243194
4777,1.954747474747475,0.46888888888888886,0.0011658765299997534,0.06341994267788176
4778,1.954747474747475,0.4748484848484848,0.00043975387770042767,0.0636537081511427
4779,1.954747474747475,0.48080808080808074,-0.00016711048584319642,0.06437809028126432
4780,1.954747474747475,0.48676767676767674,0.0007407206729707796,0.0660773754029687
4781,1.954747474747475,0.4927272727272727,-0.0009349739607249742,0.06588866123514497
4782,1.954747474747475,0.4986868686868686,-0.00020067301909393141,0.06778195133917532
4783,1.954747474747475,0.5046464646464646,0.0002716421474208283,0.06814545085350696
4784,1.954747474747475,0.5106060606060605,-0.0006554144836252798,0.07040824666203245
4785,1.954747474747475,0.5165656565656566,0.0013277133005327674,0.0700779560909195
4786,1.954747474747475,0.5225252525252525,0.0018508045436530732,0.07184981928594579
4787,1.954747474747475,0.5284848484848484,0.00026018782553625215,0.07218968836945465
4788,1.954747474747475,0.5344444444444444,-0.00026107930697399884,0.07349170459333282
4789,1.954747474747475,0.5404040404040403,0.00015847223194361408,0.07380111818397735
4790,1.954747474747475,0.5463636363636363,-0.0007554043773505107,0.07318888622071434
4791,1.954747474747475,0.5523232323232323,6.123868261218421e-05,0.07483313251929756
4792,1.954747474747475,0.5582828282828283,0.0003486310164405965,0.07704415435695454
4793,1.954747474747475,0.5642424242424242,0.0011274076537628223,0.07650892255608485
4794,1.954747474747475,0.5702020202020202,0.0005184535134024113,0.07737510306321553
4795,1.954747474747475,0.5761616161616161,0.0008842868298012875,0.07825721529883942
4796,1.954747474747475,0.582121212121212,6.63064177660716e-05,0.07870793849354589
4797,1.954747474747475,0.588080808080808,-0.0008371646631215519,0.07941939317531096
4798,1.954747474747475,0.594040404040404,-0.0002390959732707793,0.08058664555343704
4799,1.954747474747475,0.6,-0.0002371570578911404,0.08084655541327808
4800,1.9748484848484849,0.01,-2.430070558915083e-05,0.0013790908066070393
4801,1.9748484848484849,0.01595959595959596,3.071386775194323e-05,0.0022201969512365537
4802,1.9748484848484849,0.021919191919191918,2.2298350464479112e-05,0.0030024326536558336
4803,1.9748484848484849,0.027878787878787878,-6.586869139016483e-06,0.0038448728639719305
4804,1.9748484848484849,0.033838383838383834,-4.450320499694438e-05,0.004648135874198466
4805,1.9748484848484849,0.0397979797979798,-1.831160615166899e-05,0.005416538784926508
4806,1.9748484848484849,0.045757575757575754,-5.865881185108587e-05,0.006337997274982999
4807,1.9748484848484849,0.05171717171717172,-1.9018619472906937e-05,0.00716427026895904
4808,1.9748484848484849,0.05767676767676767,8.185871947374391e-06,0.007909205751841836
4809,1.9748484848484849,0.06363636363636363,0.00017020115285280594,0.008708406635145337
4810,1.9748484848484849,0.06959595959595959,3.5190403461054706e-05,0.009647156746557342
4811,1.9748484848484849,0.07555555555555554,6.848519461312823e-05,0.010350773512260622
4812,1.9748484848484849,0.0815151515151515,-0.00015636748171504063,0.010993615377233895
4813,1.9748484848484849,0.08747474747474746,-4.8165772723300714e-05,0.01191348688689761
4814,1.9748484848484849,0.09343434343434343,0.0001990645766398866,0.012881770794082622
4815,1.9748484848484849,0.09939393939393938,8.59370052955574e-05,0.013674603970127533
4816,1.9748484848484849,0.10535353535353534,-7.10119133035369e-05,0.01451478770955136
4817,1.9748484848484849,0.1113131313131313,0.00028984830143213196,0.015467546432898929
4818,1.9748484848484849,0.11727272727272725,2.0250435717250604e-07,0.01619897968738092
4819,1.9748484848484849,0.12323232323232322,0.00011017115806905454,0.016911298375527812
4820,1.9748484848484849,0.1291919191919192,-0.00014834925175425683,0.017633335273177248
4821,1.9748484848484849,0.13515151515151513,-0.00017730655774177224,0.018546522428648723
4822,1.9748484848484849,0.1411111111111111,0.0001789737917471466,0.01941418776991775
4823,1.9748484848484849,0.14707070707070707,0.00029432942048618295,0.020236347767133275
4824,1.9748484848484849,0.15303030303030302,0.0005060378433700591,0.02095331366728158
4825,1.9748484848484849,0.158989898989899,-0.00026333129615432595,0.02192359354988265
4826,1.9748484848484849,0.16494949494949493,0.0001732184333678617,0.022494960527376196
4827,1.9748484848484849,0.1709090909090909,0.0002944780199517744,0.023697809129334033
4828,1.9748484848484849,0.17686868686868687,0.00020128040522452518,0.024557281648992593
4829,1.9748484848484849,0.1828282828282828,0.0001976370409372871,0.02505931111344959
4830,1.9748484848484849,0.18878787878787878,-9.043988238361143e-05,0.02600041717590356
4831,1.9748484848484849,0.19474747474747472,2.899275757193097e-05,0.02654972976370138
4832,1.9748484848484849,0.2007070707070707,0.0003578735508218581,0.027760222859902667
4833,1.9748484848484849,0.20666666666666667,0.00012182509563270689,0.028952408593789246
4834,1.9748484848484849,0.2126262626262626,0.0001815422132582224,0.02945624187332707
4835,1.9748484848484849,0.21858585858585858,-0.0001925934906224048,0.02984966712306189
4836,1.9748484848484849,0.22454545454545452,0.0005022751859820558,0.031115066604318828
4837,1.9748484848484849,0.2305050505050505,0.000529665676681355,0.03206819069449895
4838,1.9748484848484849,0.23646464646464646,0.00016913034358271873,0.032948996348435663
4839,1.9748484848484849,0.2424242424242424,-0.0007044680730986445,0.03333457776428459
4840,1.9748484848484849,0.24838383838383837,2.4618924327991697e-05,0.0338413530951434
4841,1.9748484848484849,0.2543434343434343,-0.00011852512715192329,0.03468230638731079
4842,1.9748484848484849,0.26030303030303026,-0.00013169383445653247,0.035825338581648374
4843,1.9748484848484849,0.26626262626262626,0.0001006782523023013,0.036782730068139466
4844,1.9748484848484849,0.2722222222222222,0.000146922183013778,0.037372125277585405
4845,1.9748484848484849,0.27818181818181814,9.804564381796701e-05,0.03861625935707272
4846,1.9748484848484849,0.28414141414141414,-2.186830134126323e-05,0.039555041762711955
4847,1.9748484848484849,0.2901010101010101,-0.0004001063030012233,0.03981779892364429
4848,1.9748484848484849,0.296060606060606,0.00016031807058728087,0.03992768130397276
4849,1.9748484848484849,0.302020202020202,-0.0007624358634231118,0.04172889016493386
4850,1.9748484848484849,0.30797979797979796,0.00031991834330588685,0.042399179076188113
4851,1.9748484848484849,0.3139393939393939,0.00032777048669919924,0.04299204455447296
4852,1.9748484848484849,0.31989898989898985,-0.000971767283741319,0.043978574457253096
4853,1.9748484848484849,0.32585858585858585,-0.000981839817820006,0.04506710281052272
4854,1.9748484848484849,0.3318181818181818,0.00039932855976165376,0.04621295145162594
4855,1.9748484848484849,0.33777777777777773,0.0008977834241687205,0.046265238830943585
4856,1.9748484848484849,0.34373737373737373,-8.506842306578409e-05,0.04706009905602288
4857,1.9748484848484849,0.3496969696969697,0.00014184378982429112,0.04810584424764632
4858,1.9748484848484849,0.3556565656565656,0.0002792410941428323,0.04932669650338412
4859,1.9748484848484849,0.3616161616161616,0.0005530556835745938,0.049455803613823346
4860,1.9748484848484849,0.36757575757575756,-0.001015540263403364,0.05027465275786622
4861,1.9748484848484849,0.3735353535353535,-0.0007580184712082517,0.051919644705280904
4862,1.9748484848484849,0.37949494949494944,-0.00021486192549556628,0.052271183589530056
4863,1.9748484848484849,0.38545454545454544,-0.0005167959623260753,0.052650292744308796
4864,1.9748484848484849,0.3914141414141414,0.0005459446993670382,0.05423727801680966
4865,1.9748484848484849,0.3973737373737373,-0.0004984733146378792,0.055040616244398356
4866,1.9748484848484849,0.4033333333333333,-3.323102294352207e-05,0.05568606813178853
4867,1.9748484848484849,0.40929292929292926,-0.00033514196767253656,0.056558781247462955
4868,1.9748484848484849,0.4152525252525252,-0.00024853355315847085,0.05735199896987759
4869,1.9748484848484849,0.42121212121212115,0.00043867595389909814,0.05813981188658726
4870,1.9748484848484849,0.42717171717171715,0.0007900441334138861,0.05948788236346976
4871,1.9748484848484849,0.4331313131313131,0.00022869013402776876,0.05992690318262639
4872,1.9748484848484849,0.43909090909090903,0.0010087345093661207,0.06123211469563795
4873,1.9748484848484849,0.44505050505050503,-0.0006963396115248214,0.06156431259154042
4874,1.9748484848484849,0.45101010101010097,-0.00037408925434178177,0.06253091225814586
4875,1.9748484848484849,0.4569696969696969,-0.0004815423444912721,0.06205331193801448
4876,1.9748484848484849,0.4629292929292929,-0.0008079649482690968,0.06404239004166834
4877,1.9748484848484849,0.46888888888888886,0.00010555714015487312,0.0652701006636432
4878,1.9748484848484849,0.4748484848484848,-0.0001669528328096468,0.06548005372447811
4879,1.9748484848484849,0.48080808080808074,-0.0003297243589081277,0.06676298525151161
4880,1.9748484848484849,0.48676767676767674,0.00028780994396784506,0.06679538308652483
4881,1.9748484848484849,0.4927272727272727,-0.0003134381766418547,0.06829248928279927
4882,1.9748484848484849,0.4986868686868686,0.00039872896499676907,0.06925535209589906
4883,1.9748484848484849,0.5046464646464646,0.0007121055451349086,0.06992940515321501
4884,1.9748484848484849,0.5106060606060605,0.0007659195913298518,0.06967017202580147
4885,1.9748484848484849,0.5165656565656566,0.00034778479796152066,0.0714398781273925
4886,1.9748484848484849,0.5225252525252525,0.0002048417459044678,0.07294725411642161
4887,1.9748484848484849,0.5284848484848484,-0.001132660703971467,0.07286685950995903
4888,1.9748484848484849,0.5344444444444444,-0.0006201245369636489,0.07341702752685073
4889,1.9748484848484849,0.5404040404040403,0.0005698264138425533,0.07400505311250405
4890,1.9748484848484849,0.5463636363636363,-0.0003060476828081727,0.07701129173261546
4891,1.9748484848484849,0.5523232323232323,0.0004310340067926581,0.07715198348451129
4892,1.9748484848484849,0.5582828282828283,-0.0007335200198688612,0.07685694745856163
4893,1.9748484848484849,0.5642424242424242,0.000564019595882956,0.07864710405510657
4894,1.9748484848484849,0.5702020202020202,-0.0006335430186830991,0.07977871451384985
4895,1.9748484848484849,0.5761616161616161,-0.0003921291829867724,0.08007703428148165
4896,1.9748484848484849,0.582121212121212,7.842080129283628e-05,0.08242214284294266
4897,1.9748484848484849,0.588080808080808,-0.00010925732134796316,0.08098324977058838
4898,1.9748484848484849,0.594040404040404,-2.968259944488061e-05,0.08178097500929911
4899,1.9748484848484849,0.6,0.00020581799600244178,0.08362463249828993
4900,1.994949494949495,0.01,4.804862121332754e-06,0.0014009028837058996
4901,1.994949494949495,0.01595959595959596,-1.5631218675046776e-05,0.00220461360642516
4902,1.994949494949495,0.021919191919191918,1.4655633007247993e-05,0.003073290003646606
4903,1.994949494949495,0.027878787878787878,-3.4250467422112144e-05,0.0039026557662967492
4904,1.994949494949495,0.033838383838383834,2.9566026293191648e-05,0.004733329664245583
4905,1.994949494949495,0.0397979797979798,-4.6463661011504165e-05,0.005581658470230903
4906,1.994949494949495,0.045757575757575754,-7.183636556883968e-05,0.006377109665466628
4907,1.994949494949495,0.05171717171717172,1.0971955464795668e-05,0.0072496000111751
4908,1.994949494949495,0.05767676767676767,7.97922192543766e-05,0.008124999498668241
4909,1.994949494949495,0.06363636363636363,0.00017442645786488705,0.008967334025939171
4910,1.994949494949495,0.06959595959595959,5.486229622617558e-05,0.009804576975890527
4911,1.994949494949495,0.07555555555555554,-9.832333897467926e-05,0.010631298541220318
4912,1.994949494949495,0.0815151515151515,2.5547568439773392e-05,0.011421760425764106
4913,1.994949494949495,0.08747474747474746,-0.0003352925575561301,0.012326906790377866
4914,1.994949494949495,0.09343434343434343,-7.67424358998335e-05,0.012970503669309293
4915,1.994949494949495,0.09939393939393938,0.0001587659957032864,0.013960480234678947
4916,1.994949494949495,0.10535353535353534,-0.00027678259838443493,0.014652934405213673
4917,1.994949494949495,0.1113131313131313,-8.182841334305252e-05,0.015753638721819452
4918,1.994949494949495,0.11727272727272725,0.00018025517772389006,0.016699315483957946
4919,1.994949494949495,0.12323232323232322,8.896542015140523e-05,0.01717922721328126
4920,1.994949494949495,0.1291919191919192,0.000494935639830973,0.018139408915802676
4921,1.994949494949495,0.13515151515151513,-8.00377129562347e-05,0.019256496786244366
4922,1.994949494949495,0.1411111111111111,-0.00019998405693797495,0.019846202676827872
4923,1.994949494949495,0.14707070707070707,-0.00017304776304209976,0.02044778991448234
4924,1.994949494949495,0.15303030303030302,0.0003738575017572076,0.021639785538905103
4925,1.994949494949495,0.158989898989899,-0.0003021676111623399,0.022216784370837198
4926,1.994949494949495,0.16494949494949493,-0.00015868463401564456,0.02318488018293846
4927,1.994949494949495,0.1709090909090909,-4.2339382946459756e-05,0.024000187739062616
4928,1.994949494949495,0.17686868686868687,0.0001245270013950744,0.02479652702284495
4929,1.994949494949495,0.1828282828282828,-0.0005413578851841782,0.02585351675595917
4930,1.994949494949495,0.18878787878787878,-1.1546069360317412e-05,0.02623481232847606
4931,1.994949494949495,0.19474747474747472,-4.788941800932589e-05,0.027542447311054034
4932,1.994949494949495,0.2007070707070707,-0.00020695906792908336,0.028450021864727112
4933,1.994949494949495,0.20666666666666667,6.282542617277229e-05,0.02900880178374428
4934,1.994949494949495,0.2126262626262626,-0.00012124461890577425,0.02969303277456445
4935,1.994949494949495,0.21858585858585858,-6.483714324872259e-05,0.030538386770687508
4936,1.994949494949495,0.22454545454545452,-0.00011693954069838397,0.03166506012382267
4937,1.994949494949495,0.2305050505050505,-0.0003917815156700376,0.03231693996547268
4938,1.994949494949495,0.23646464646464646,-9.968620752642934e-05,0.032995817177398155
4939,1.994949494949495,0.2424242424242424,0.00011623021075141447,0.03390617554508676
4940,1.994949494949495,0.24838383838383837,-0.00027979833500511576,0.0349646112987357
4941,1.994949494949495,0.2543434343434343,0.00041558792926884626,0.03566687095751218
4942,1.994949494949495,0.26030303030303026,6.31064974731439e-05,0.03677523593880161
4943,1.994949494949495,0.26626262626262626,-0.00031114709362811547,0.0370754461663221
4944,1.994949494949495,0.2722222222222222,0.00018642029254142348,0.03804040413733793
4945,1.994949494949495,0.27818181818181814,0.000380606472779558,0.0389949515386196
4946,1.994949494949495,0.28414141414141414,-2.7966636294423976e-06,0.03990708900099076
4947,1.994949494949495,0.2901010101010101,0.00011208337876829546,0.040985744022980615
4948,1.994949494949495,0.296060606060606,0.0006102389394771352,0.04163351478336503
4949,1.994949494949495,0.302020202020202,-0.00016396374168502366,0.04256237962979686
4950,1.994949494949495,0.30797979797979796,0.0002690427764052768,0.04355079632282979
4951,1.994949494949495,0.3139393939393939,-0.00043145399374963054,0.04410481147713492
4952,1.994949494949495,0.31989898989898985,-0.00040817545613814856,0.04470179935438487
4953,1.994949494949495,0.32585858585858585,-0.0003312945624287892,0.04603038237129014
4954,1.994949494949495,0.3318181818181818,0.0002379449392519677,0.046928232090062666
4955,1.994949494949495,0.33777777777777773,0.0003861328073055793,0.047552063359858475
4956,1.994949494949495,0.34373737373737373,0.00036973798636208774,0.04807252977434071
4957,1.994949494949495,0.3496969696969697,0.00035626998615361096,0.04944456180635087
4958,1.994949494949495,0.3556565656565656,-0.00029936665030716003,0.04951729863720691
4959,1.994949494949495,0.3616161616161616,-0.0007700269873378183,0.050752472436873045
4960,1.994949494949495,0.36757575757575756,-0.00043292869074205883,0.0516852146131129
4961,1.994949494949495,0.3735353535353535,0.0007891102843566866,0.051971388582175135
4962,1.994949494949495,0.37949494949494944,-0.0005541526734874008,0.05369091830433726
4963,1.994949494949495,0.38545454545454544,-5.095244579439626e-05,0.054664968534092855
4964,1.994949494949495,0.3914141414141414,8.343360861245279e-05,0.0548471678777854
4965,1.994949494949495,0.3973737373737373,0.0002778456615112461,0.056133993228853714
4966,1.994949494949495,0.4033333333333333,0.0007953363262782007,0.05668055692543882
4967,1.994949494949495,0.40929292929292926,-0.0006130331431326995,0.05818780541101685
4968,1.994949494949495,0.4152525252525252,0.00016827499978826297,0.05821381943514549
4969,1.994949494949495,0.42121212121212115,-0.0011638773196321458,0.05955963027431713
4970,1.994949494949495,0.42717171717171715,-0.0001786988536592911,0.06023087511524691
4971,1.994949494949495,0.4331313131313131,0.00025631696204830173,0.06134193812271445
4972,1.994949494949495,0.43909090909090903,-0.00020583093361644175,0.06207845419722913
4973,1.994949494949495,0.44505050505050503,-0.0007479355799377796,0.06249558976989582
4974,1.994949494949495,0.45101010101010097,-0.0011848248748198775,0.06273903011878454
4975,1.994949494949495,0.4569696969696969,-0.000464173375545136,0.06567981185427077
4976,1.994949494949495,0.4629292929292929,0.0006340443397827029,0.0649599476407141
4977,1.994949494949495,0.46888888888888886,-0.000952996688547525,0.06633740667696511
4978,1.994949494949495,0.4748484848484848,0.00019074650621615614,0.06681176351684487
4979,1.994949494949495,0.48080808080808074,1.7272880916496812e-05,0.06790795654348443
4980,1.994949494949495,0.48676767676767674,-0.0002863402045542384,0.06816754004812113
4981,1.994949494949495,0.4927272727272727,0.0002724383337645967,0.06904614697101889
4982,1.994949494949495,0.4986868686868686,0.0007934751446467452,0.07034147713944354
4983,1.994949494949495,0.5046464646464646,0.0005632065490977745,0.07095970988498643
4984,1.994949494949495,0.5106060606060605,0.0002491871420382623,0.07314921749110077
4985,1.994949494949495,0.5165656565656566,-0.00020279201753797818,0.07177759446629782
4986,1.994949494949495,0.5225252525252525,-0.0003776161719073909,0.07397428431526784
4987,1.994949494949495,0.5284848484848484,0.0022908159715078814,0.075193920423775
4988,1.994949494949495,0.5344444444444444,0.0010373874433497108,0.0770200814750703
4989,1.994949494949495,0.5404040404040403,0.0001885569008434075,0.07742452800172535
4990,1.994949494949495,0.5463636363636363,0.000149913094188395,0.0777226699493088
4991,1.994949494949495,0.5523232323232323,0.00026572807776399605,0.07819133386017241
4992,1.994949494949495,0.5582828282828283,-7.655541137153397e-05,0.07859109488406898
4993,1.994949494949495,0.5642424242424242,0.0005484883249263,0.08107213053587056
4994,1.994949494949495,0.5702020202020202,0.0008730811826426655,0.08154976784124761
4995,1.994949494949495,0.5761616161616161,0.0007268605771882532,0.08100252278103098
4996,1.994949494949495,0.582121212121212,0.0003427417647679648,0.08290186352700317
4997,1.994949494949495,0.588080808080808,0.0001572441588183153,0.08341131083004961
4998,1.994949494949495,0.594040404040404,0.0003936085007833749,0.08377567893125977
4999,1.994949494949495,0.6,0.00016022019663102646,0.0852163173658885
5000,2.015050505050505,0.01,2.3113787875372515e-05,0.0014221979905409878
5001,2.015050505050505,0.01595959595959596,-1.3216696225922252e-06,0.0022873380324680563
5002,2.015050505050505,0.021919191919191918,-5.0180621409088525e-06,0.0031394597539339685
5003,2.015050505050505,0.027878787878787878,-2.00285207105233e-07,0.004018660297535528
5004,2.015050505050505,0.033838383838383834,5.472733693951548e-06,0.004829988230298218
5005,2.015050505050505,0.0397979797979798,-4.663018289174614e-06,0.0057181488530732945
5006,2.015050505050505,0.045757575757575754,-9.626677966376548e-05,0.006502415002456545
5007,2.015050505050505,0.05171717171717172,3.8304221265863336e-05,0.007372330713028451
5008,2.015050505050505,0.05767676767676767,0.00012363826439254946,0.00826037139560502
5009,2.015050505050505,0.06363636363636363,-2.8934054763549633e-05,0.00905832757569341
5010,2.015050505050505,0.06959595959595959,-0.00011152474645814319,0.009952910104487721
5011,2.015050505050505,0.07555555555555554,-0.00011249723702115344,0.01083042696065949
5012,2.015050505050505,0.0815151515151515,4.957956629768545e-05,0.01160272757024975
5013,2.015050505050505,0.08747474747474746,2.6589186642098128e-05,0.0125573067969108
5014,2.015050505050505,0.09343434343434343,0.00011046123522235025,0.01327734435789055
5015,2.015050505050505,0.09939393939393938,-0.0002398193044290609,0.014168638481815403
5016,2.015050505050505,0.10535353535353534,4.383065196552855e-05,0.015076660887640883
5017,2.015050505050505,0.1113131313131313,8.808714202102921e-05,0.015971301078564756
5018,2.015050505050505,0.11727272727272725,-0.0001464308520386753,0.01674798609394733
5019,2.015050505050505,0.12323232323232322,-0.00012067496690738984,0.017679299853212215
5020,2.015050505050505,0.1291919191919192,5.008115440623e-05,0.018520361588595984
5021,2.015050505050505,0.13515151515151513,3.595318694724928e-05,0.019182960669529972
5022,2.015050505050505,0.1411111111111111,2.506361806011389e-05,0.020048384625451738
5023,2.015050505050505,0.14707070707070707,-8.501861173640614e-05,0.021111567354796842
5024,2.015050505050505,0.15303030303030302,6.416968662744989e-05,0.022110261667941753
5025,2.015050505050505,0.158989898989899,-2.819208858318971e-05,0.022957524411452705
5026,2.015050505050505,0.16494949494949493,0.0002344034170685814,0.023495724205749108
5027,2.015050505050505,0.1709090909090909,3.826776723155647e-05,0.02449331972000206
5028,2.015050505050505,0.17686868686868687,0.00015805388469663527,0.02532681918209156
5029,2.015050505050505,0.1828282828282828,-0.00021343579603535373,0.025981336925439247
5030,2.015050505050505,0.18878787878787878,9.042488711037889e-05,0.027327240863279558
5031,2.015050505050505,0.19474747474747472,-0.00020913832346785072,0.028044304013207372
5032,2.015050505050505,0.2007070707070707,-5.2006963908638235e-06,0.028993491706334324
5033,2.015050505050505,0.20666666666666667,-4.374325396435821e-05,0.029554213501538067
5034,2.015050505050505,0.2126262626262626,0.00028189613707246824,0.030782684088153666
5035,2.015050505050505,0.21858585858585858,0.0001796461421770323,0.030829199709550635
5036,2.015050505050505,0.22454545454545452,0.00030185712553986425,0.032078262201364414
5037,2.015050505050505,0.2305050505050505,-4.004866474746371e-06,0.033431476876549356
5038,2.015050505050505,0.23646464646464646,0.0003431980761047793,0.03387013612861292
5039,2.015050505050505,0.2424242424242424,0.0002398922077826926,0.03530215677879841
5040,2.015050505050505,0.24838383838383837,0.00013950167650717392,0.03573324604982493
5041,2.015050505050505,0.2543434343434343,-0.00024469025872727093,0.03624851466445527
5042,2.015050505050505,0.26030303030303026,-0.0008143737753987613,0.037364769391360096
5043,2.015050505050505,0.26626262626262626,0.00023818262735682928,0.03794823013054866
5044,2.015050505050505,0.2722222222222222,-0.0006059529551262306,0.03884791718175619
5045,2.015050505050505,0.27818181818181814,-0.0002119092988495022,0.04012646811885413
5046,2.015050505050505,0.28414141414141414,0.000293479360454806,0.0408462344951223
5047,2.015050505050505,0.2901010101010101,0.0003600898714693395,0.04075674985709777
5048,2.015050505050505,0.296060606060606,-4.2198739960644385e-05,0.04201105671360766
5049,2.015050505050505,0.302020202020202,0.00011371422184794345,0.043695129575828974
5050,2.015050505050505,0.30797979797979796,-0.00029457764021866196,0.04461431189585291
5051,2.015050505050505,0.3139393939393939,0.0004504990163092847,0.04549744045580576
5052,2.015050505050505,0.31989898989898985,-0.0003489787093850195,0.045562956074280826
5053,2.015050505050505,0.32585858585858585,-0.000123167964126524,0.04711757916078156
5054,2.015050505050505,0.3318181818181818,5.3697780655409576e-05,0.047709570017582525
5055,2.015050505050505,0.33777777777777773,-0.0011613487361474902,0.048601635093479166
5056,2.015050505050505,0.34373737373737373,-0.0004635960463767551,0.0495832326308038
5057,2.015050505050505,0.3496969696969697,-0.0004315222959472788,0.05010673454316312
5058,2.015050505050505,0.3556565656565656,0.0011670304049196175,0.05105312305911904
5059,2.015050505050505,0.3616161616161616,-0.00025748169428650226,0.05226802017962262
5060,2.015050505050505,0.36757575757575756,-0.0004455055558262045,0.05263804173401837
5061,2.015050505050505,0.3735353535353535,0.001078677023074472,0.05392554383442408
5062,2.015050505050505,0.37949494949494944,-0.0006315808357538886,0.05442415068356269
5063,2.015050505050505,0.38545454545454544,-0.0005940743809328523,0.05445723191650089
5064,2.015050505050505,0.3914141414141414,-0.00030882734269257507,0.05640917412842659
5065,2.015050505050505,0.3973737373737373,-0.0002881030943103812,0.05711681062747794
5066,2.015050505050505,0.4033333333333333,0.0010427685937254324,0.058638962597559116
5067,2.015050505050505,0.40929292929292926,-0.0013932984062820935,0.05795508828797817
5068,2.015050505050505,0.4152525252525252,-0.0002753162754801915,0.059931416488822276
5069,2.015050505050505,0.42121212121212115,-0.00012102164587460749,0.06012998187641059
5070,2.015050505050505,0.42717171717171715,-0.0004402164816645091,0.06180236942587298
5071,2.015050505050505,0.4331313131313131,0.0006971663272186662,0.06298402325346564
5072,2.015050505050505,0.43909090909090903,-0.00020327538649947234,0.06406223828645712
5073,2.015050505050505,0.44505050505050503,0.00036588896524563454,0.06348093890000842
5074,2.015050505050505,0.45101010101010097,-0.000502619568738484,0.06481074089962378
5075,2.015050505050505,0.4569696969696969,-0.0010425839231866583,0.0657591893978071
5076,2.015050505050505,0.4629292929292929,-0.0008464584536154803,0.06642101111659979
5077,2.015050505050505,0.46888888888888886,0.0009597848628492505,0.06714703233244601
5078,2.015050505050505,0.4748484848484848,-0.00017885925140035536,0.06858359959309535
5079,2.015050505050505,0.48080808080808074,-0.0015761015830144036,0.06898858395866152
5080,2.015050505050505,0.48676767676767674,-0.00041449726312002024,0.06932461399410145
5081,2.015050505050505,0.4927272727272727,0.00014633572705115893,0.0712601919385822
5082,2.015050505050505,0.4986868686868686,0.0008168467511343725,0.0729231385966827
5083,2.015050505050505,0.5046464646464646,0.00047873661653038095,0.07309754102193794
5084,2.015050505050505,0.5106060606060605,-0.0001190374073478873,0.07400966479281863
5085,2.015050505050505,0.5165656565656566,-0.0006256662586860066,0.07473526908194128
5086,2.015050505050505,0.5225252525252525,0.00036257246624975774,0.07544989300462622
5087,2.015050505050505,0.5284848484848484,-0.00020759403336857737,0.07632249839759483
5088,2.015050505050505,0.5344444444444444,0.00011450310155579939,0.07727685945559719
5089,2.015050505050505,0.5404040404040403,0.00043807150119002617,0.07791546195189285
5090,2.015050505050505,0.5463636363636363,-0.0007596130863884584,0.07811258373808458
5091,2.015050505050505,0.5523232323232323,0.00018678693766963387,0.0790733557005401
5092,2.015050505050505,0.5582828282828283,-0.0012211874198520358,0.07990237311147941
5093,2.015050505050505,0.5642424242424242,0.0009843786725673516,0.08269988705536856
5094,2.015050505050505,0.5702020202020202,-0.00042600724961826855,0.08234864846521861
5095,2.015050505050505,0.5761616161616161,-0.0017757774340585173,0.08331162876145105
5096,2.015050505050505,0.582121212121212,-0.0007293396572903315,0.08506987239920855
5097,2.015050505050505,0.588080808080808,0.0001911173933571622,0.08541160103814985
5098,2.015050505050505,0.594040404040404,0.0001637010029524428,0.08635366130071892
5099,2.015050505050505,0.6,-0.0006294223787305281,0.08670163427614637
5100,2.035151515151515,0.01,-2.3183750326548057e-05,0.0014647946662377331
5101,2.035151515151515,0.01595959595959596,-1.9738037845923096e-06,0.0023231471417054818
5102,2.035151515151515,0.021919191919191918,1.3430928101006611e-05,0.0032013547949819466
5103,2.035151515151515,0.027878787878787878,-8.474784942559599e-07,0.004044567988614329
5104,2.035151515151515,0.033838383838383834,-5.195029715157371e-05,0.004865443234125248
5105,2.035151515151515,0.0397979797979798,-9.257460657977412e-06,0.0058716948700527705
5106,2.035151515151515,0.045757575757575754,-0.0001216371587312348,0.00668995171499409
5107,2.035151515151515,0.05171717171717172,2.6888470595224844e-05,0.007586282463093272
5108,2.035151515151515,0.05767676767676767,2.184023786398426e-06,0.008423772110036034
5109,2.035151515151515,0.06363636363636363,-1.957995758912364e-05,0.009316492948943371
5110,2.035151515151515,0.06959595959595959,3.0871983454924054e-05,0.010210430655802015
5111,2.035151515151515,0.07555555555555554,-7.749621763724174e-05,0.011032588870158943
5112,2.035151515151515,0.0815151515151515,-3.840137357884917e-05,0.011890735945779638
5113,2.035151515151515,0.08747474747474746,-3.969421172553756e-05,0.012753564330301066
5114,2.035151515151515,0.09343434343434343,-2.5100697959083985e-06,0.013606528134124614
5115,2.035151515151515,0.09939393939393938,-6.869281391921614e-05,0.014643691630646575
5116,2.035151515151515,0.10535353535353534,2.744420951057611e-05,0.015419517378591104
5117,2.035151515151515,0.1113131313131313,3.471158770488082e-05,0.016332068717127116
5118,2.035151515151515,0.11727272727272725,0.00010401895814578243,0.017072320794030732
5119,2.035151515151515,0.12323232323232322,-7.738279028890151e-05,0.0179495933471969
5120,2.035151515151515,0.1291919191919192,0.000172239157815908,0.019121394311183502
5121,2.035151515151515,0.13515151515151513,-0.0001619784635868846,0.01938880830507748
5122,2.035151515151515,0.1411111111111111,2.9542752333580392e-05,0.02060791418402033
5123,2.035151515151515,0.14707070707070707,-0.00017390509492991896,0.0213889246826101
5124,2.035151515151515,0.15303030303030302,-0.00018687104165966958,0.022396347485353855
5125,2.035151515151515,0.158989898989899,0.00013245815286977428,0.02275168491563369
5126,2.035151515151515,0.16494949494949493,0.00021313128364776413,0.024109401527861955
5127,2.035151515151515,0.1709090909090909,-6.809317798188008e-06,0.024989103427024345
5128,2.035151515151515,0.17686868686868687,-0.0001962670251669226,0.02564890925552243
5129,2.035151515151515,0.1828282828282828,-0.0004612461014045785,0.02665060677338774
5130,2.035151515151515,0.18878787878787878,0.0003335996751727842,0.027423564774946896
5131,2.035151515151515,0.19474747474747472,5.578698577611916e-05,0.02866289344031437
5132,2.035151515151515,0.2007070707070707,-0.00011834532755475133,0.029126873559586625
5133,2.035151515151515,0.20666666666666667,-8.184704672589494e-06,0.030108864689134117
5134,2.035151515151515,0.2126262626262626,6.907679561554076e-05,0.03110456528342813
5135,2.035151515151515,0.21858585858585858,0.00021295365093322856,0.03221996037299154
5136,2.035151515151515,0.22454545454545452,-0.00043810014831200517,0.032858889155421435
5137,2.035151515151515,0.2305050505050505,0.0004546256483561889,0.0338171957987019
5138,2.035151515151515,0.23646464646464646,8.740677374944639e-05,0.03471282324695128
5139,2.035151515151515,0.2424242424242424,0.00012478493066449804,0.035581377225756154
5140,2.035151515151515,0.24838383838383837,5.401733705878489e-05,0.03669646270389925
5141,2.035151515151515,0.2543434343434343,-0.00039024863650190223,0.03742709683614617
5142,2.035151515151515,0.26030303030303026,-0.00013374657489459088,0.03773229501844515
5143,2.035151515151515,0.26626262626262626,-6.400586116664981e-05,0.03881424606903409
5144,2.035151515151515,0.2722222222222222,0.0006878673596674865,0.039807612615763016
5145,2.035151515151515,0.27818181818181814,-0.0003980880507158794,0.04071580886519745
5146,2.035151515151515,0.28414141414141414,0.0006985703896545266,0.0412665064103445
5147,2.035151515151515,0.2901010101010101,0.00035433546843246757,0.04198956774188834
5148,2.035151515151515,0.296060606060606,0.0002630658445436047,0.043522250368121934
5149,2.035151515151515,0.302020202020202,0.0005274561821787735,0.04376932653214412
5150,2.035151515151515,0.30797979797979796,-0.0004217374834944571,0.045103079151154614
5151,2.035151515151515,0.3139393939393939,0.00023687433111570363,0.046191932948338496
5152,2.035151515151515,0.31989898989898985,0.00044879508901438694,0.047179499215871785
5153,2.035151515151515,0.32585858585858585,-6.294848341132271e-05,0.04833493382344176
5154,2.035151515151515,0.3318181818181818,0.0005890596005572274,0.0486167453750234
5155,2.035151515151515,0.33777777777777773,0.000779623916297244,0.04979215816700026
5156,2.035151515151515,0.34373737373737373,6.889160828266826e-05,0.050460261859968394
5157,2.035151515151515,0.3496969696969697,0.0009363955827013939,0.051491847477163115
5158,2.035151515151515,0.3556565656565656,0.00011865227583619475,0.051759504368421784
5159,2.035151515151515,0.3616161616161616,-0.00032287618745531054,0.053077929409322225
5160,2.035151515151515,0.36757575757575756,-3.107881037917881e-06,0.0538814110149428
5161,2.035151515151515,0.3735353535353535,-0.00014940630365065482,0.05521194965254925
5162,2.035151515151515,0.37949494949494944,0.0001027143272212311,0.055878682515774374
5163,2.035151515151515,0.38545454545454544,-3.9703375142192866e-05,0.05570405601884656
5164,2.035151515151515,0.3914141414141414,-0.00011277629646770311,0.05770582372597673
5165,2.035151515151515,0.3973737373737373,0.00047271962288072326,0.058458623730388994
5166,2.035151515151515,0.4033333333333333,9.809130726468012e-05,0.059167055797562575
5167,2.035151515151515,0.40929292929292926,0.0015526594717864667,0.0608766870211134
5168,2.035151515151515,0.4152525252525252,-0.00029024371748135957,0.06045452253566175
5169,2.035151515151515,0.42121212121212115,-0.000489575617337551,0.06154077773621607
5170,2.035151515151515,0.42717171717171715,0.0008397661510572303,0.06302999668994215
5171,2.035151515151515,0.4331313131313131,-0.00071722354425827,0.06321527034470258
5172,2.035151515151515,0.43909090909090903,-0.0005134066703284697,0.06423173833212018
5173,2.035151515151515,0.44505050505050503,0.00014243833029632135,0.06557030456755959
5174,2.035151515151515,0.45101010101010097,-0.00022136742139175554,0.06709080245857041
5175,2.035151515151515,0.4569696969696969,-0.0007649261406125399,0.06689471093058624
5176,2.035151515151515,0.4629292929292929,-9.510121476510132e-05,0.06758576780846638
5177,2.035151515151515,0.46888888888888886,-0.00023905377194922495,0.0679402924378602
5178,2.035151515151515,0.4748484848484848,0.0005035047092816676,0.07104006519773733
5179,2.035151515151515,0.48080808080808074,5.7727653118547815e-05,0.07081707833096126
5180,2.035151515151515,0.48676767676767674,0.0001752935868339966,0.07143553905982673
5181,2.035151515151515,0.4927272727272727,0.0007721586806353691,0.07280435887551935
5182,2.035151515151515,0.4986868686868686,0.0006651160706475746,0.07352629907963229
5183,2.035151515151515,0.5046464646464646,0.00014919719681137872,0.07537907021298793
5184,2.035151515151515,0.5106060606060605,-0.000179515798131602,0.07480784233816559
5185,2.035151515151515,0.5165656565656566,-0.0010044907622112935,0.07550933039927864
5186,2.035151515151515,0.5225252525252525,-0.0004533050497438984,0.07717937841420637
5187,2.035151515151515,0.5284848484848484,-0.0006257064841061407,0.07748426551933923
5188,2.035151515151515,0.5344444444444444,0.0004028995886889059,0.07888409494057706
5189,2.035151515151515,0.5404040404040403,0.0008567897997451137,0.08042157408070812
5190,2.035151515151515,0.5463636363636363,-0.0010111865936041774,0.0801264349437392
5191,2.035151515151515,0.5523232323232323,0.0003811166766337267,0.08031103362179319
5192,2.035151515151515,0.5582828282828283,0.0011401879365274593,0.08263929030303893
5193,2.035151515151515,0.5642424242424242,-0.0002413982542970741,0.08311397761013305
5194,2.035151515151515,0.5702020202020202,0.0003635213850689142,0.08471447963985324
5195,2.035151515151515,0.5761616161616161,0.0021026290313717094,0.08625052686318804
5196,2.035151515151515,0.582121212121212,-0.0005071582174817681,0.08570902210162827
5197,2.035151515151515,0.588080808080808,0.0006219080112449904,0.08781389920372769
5198,2.035151515151515,0.594040404040404,-0.00024722438743933966,0.08880545249590352
5199,2.035151515151515,0.6,-0.0015808478292379253,0.08789760839432108
5200,2.0552525252525253,0.01,5.846855801584272e-06,0.0014856133876393711
5201,2.0552525252525253,0.01595959595959596,-1.1135946324609314e-05,0.0023701578105427353
5202,2.0552525252525253,0.021919191919191918,1.0634727496208652e-05,0.003253932631546757
5203,2.0552525252525253,0.027878787878787878,2.968634084654962e-05,0.00417740444226189
5204,2.0552525252525253,0.033838383838383834,-3.4049230705358116e-05,0.004987312615211363
5205,2.0552525252525253,0.0397979797979798,3.868029554837215e-06,0.0059255530274917746
5206,2.0552525252525253,0.045757575757575754,-6.991194395693635e-05,0.006842223384438474
5207,2.0552525252525253,0.05171717171717172,-4.168271040970101e-05,0.007683764964481645
5208,2.0552525252525253,0.05767676767676767,-9.595489881987023e-05,0.008577900242216191
5209,2.0552525252525253,0.06363636363636363,-4.0022208843075914e-05,0.009426182149571324
5210,2.0552525252525253,0.06959595959595959,-0.00010028150338655257,0.010323502431259367
5211,2.0552525252525253,0.07555555555555554,-6.082328737027528e-05,0.011282743462481294
5212,2.0552525252525253,0.0815151515151515,-7.33349034164277e-05,0.012051425946126763
5213,2.0552525252525253,0.08747474747474746,0.0001436715275663911,0.013152409306808624
5214,2.0552525252525253,0.09343434343434343,6.552837267447387e-05,0.013860958212205267
5215,2.0552525252525253,0.09939393939393938,-0.00016218757295257156,0.014874006071614786
5216,2.0552525252525253,0.10535353535353534,-1.89534687518915e-05,0.015508566975254521
5217,2.0552525252525253,0.1113131313131313,8.509796864040863e-05,0.016807565188013487
5218,2.0552525252525253,0.11727272727272725,-0.00014334448759397298,0.017318809825451274
5219,2.0552525252525253,0.12323232323232322,0.00014691180902803521,0.01823150110199789
5220,2.0552525252525253,0.1291919191919192,0.00018412995918625966,0.019231819272005356
5221,2.0552525252525253,0.13515151515151513,-0.00025454381540659606,0.020045063451038615
5222,2.0552525252525253,0.1411111111111111,0.00036290291314006325,0.02083903926107428
5223,2.0552525252525253,0.14707070707070707,-0.00022929421260841113,0.021755546578534304
5224,2.0552525252525253,0.15303030303030302,-0.00011486286704782849,0.022809881003023197
5225,2.0552525252525253,0.158989898989899,0.0004077249395469958,0.023617441313872493
5226,2.0552525252525253,0.16494949494949493,0.0003416263051612197,0.024538358946606876
5227,2.0552525252525253,0.1709090909090909,0.00033657247159318875,0.025502839301909323
5228,2.0552525252525253,0.17686868686868687,-0.0004225548815835538,0.026677556352547673
5229,2.0552525252525253,0.1828282828282828,0.0005008308610684822,0.027151515303513375
5230,2.0552525252525253,0.18878787878787878,0.00020543634203545934,0.02816900138314403
5231,2.0552525252525253,0.19474747474747472,-8.92336521301607e-05,0.029206092089407845
5232,2.0552525252525253,0.2007070707070707,0.00016708622171290947,0.029873768400241463
5233,2.0552525252525253,0.20666666666666667,0.00041196145299940694,0.031047558245137885
5234,2.0552525252525253,0.2126262626262626,-0.00024317771140503419,0.031705370705236866
5235,2.0552525252525253,0.21858585858585858,4.129447110917062e-06,0.03204228095696994
5236,2.0552525252525253,0.22454545454545452,0.000189503485846188,0.03355533109657229
5237,2.0552525252525253,0.2305050505050505,-5.5987747403617137e-05,0.03453387310720473
5238,2.0552525252525253,0.23646464646464646,-0.00019138455971287342,0.03474435680035103
5239,2.0552525252525253,0.2424242424242424,9.243188462211385e-05,0.03606158402152137
5240,2.0552525252525253,0.24838383838383837,0.0005865099984547629,0.03686798862259502
5241,2.0552525252525253,0.2543434343434343,-0.0002956079041363636,0.03786054167324715
5242,2.0552525252525253,0.26030303030303026,4.6897814932541996e-05,0.0392997069158352
5243,2.0552525252525253,0.26626262626262626,-0.00014454650607422374,0.040262093489478255
5244,2.0552525252525253,0.2722222222222222,0.00010369611340101265,0.04030874522373372
5245,2.0552525252525253,0.27818181818181814,-0.0005394953272139273,0.0412260855812912
5246,2.0552525252525253,0.28414141414141414,8.078695642225824e-05,0.04249620864084674
5247,2.0552525252525253,0.2901010101010101,3.1178005581639655e-05,0.04336921436471583
5248,2.0552525252525253,0.296060606060606,-3.639942244312224e-05,0.043701781454451125
5249,2.0552525252525253,0.302020202020202,0.00021595835030466625,0.04527656998925221
5250,2.0552525252525253,0.30797979797979796,0.00013963218739986293,0.04586486184482163
5251,2.0552525252525253,0.3139393939393939,0.0006160448465204249,0.046655265224018465
5252,2.0552525252525253,0.31989898989898985,4.503230281748896e-05,0.04762415062163275
5253,2.0552525252525253,0.32585858585858585,0.000134062810016419,0.04903788143461236
5254,2.0552525252525253,0.3318181818181818,-0.00019149910546235324,0.049166764462190135
5255,2.0552525252525253,0.33777777777777773,0.0008946882450982659,0.05082219530095491
5256,2.0552525252525253,0.34373737373737373,0.00016107351075950814,0.05156594537441181
5257,2.0552525252525253,0.3496969696969697,-0.0002893312104004456,0.05222539377160268
5258,2.0552525252525253,0.3556565656565656,0.00035205084713835097,0.053371677094241864
5259,2.0552525252525253,0.3616161616161616,0.0001576244726095626,0.05435588539929205
5260,2.0552525252525253,0.36757575757575756,5.4361361433752166e-05,0.05501767758285635
5261,2.0552525252525253,0.3735353535353535,0.0012281262806826997,0.05555565364408375
5262,2.0552525252525253,0.37949494949494944,-0.00028923406362974923,0.05627459520984475
5263,2.0552525252525253,0.38545454545454544,0.00041917082566063737,0.056800772807484565
5264,2.0552525252525253,0.3914141414141414,0.0004353566683535175,0.0584779620367351
5265,2.0552525252525253,0.3973737373737373,0.00041055215854704096,0.05975834242119933
5266,2.0552525252525253,0.4033333333333333,1.1998412330682796e-05,0.0599850313526819
5267,2.0552525252525253,0.40929292929292926,-0.0011551330034429914,0.06069883493042217
5268,2.0552525252525253,0.4152525252525252,0.0003850076040370941,0.06202324419216004
5269,2.0552525252525253,0.42121212121212115,-0.00033783876070694505,0.06222434532774651
5270,2.0552525252525253,0.42717171717171715,-0.00036570199143252127,0.06416454039549885
5271,2.0552525252525253,0.4331313131313131,0.000960295597585021,0.06580039637807814
5272,2.0552525252525253,0.43909090909090903,-8.376166319247473e-05,0.06532039903990786
5273,2.0552525252525253,0.44505050505050503,0.0001694000621672517,0.06741395574805435
5274,2.0552525252525253,0.45101010101010097,-0.00019087532356174211,0.0684599155196458
5275,2.0552525252525253,0.4569696969696969,-0.000350399726757805,0.06814374597748746
5276,2.0552525252525253,0.4629292929292929,-2.6632253744359514e-05,0.06982547471529361
5277,2.0552525252525253,0.46888888888888886,0.000268994725557351,0.06921668603480123
5278,2.0552525252525253,0.4748484848484848,0.0003080360510810956,0.07122199885792128
5279,2.0552525252525253,0.48080808080808074,-0.00034650661689841165,0.0720763347418397
5280,2.0552525252525253,0.48676767676767674,0.00034107564388474113,0.07311453251373713
5281,2.0552525252525253,0.4927272727272727,-0.0011718640678223514,0.07382482001822231
5282,2.0552525252525253,0.4986868686868686,-0.00023830129800659302,0.07394808969177279
5283,2.0552525252525253,0.5046464646464646,-0.0005503660247723516,0.07635522883070489
5284,2.0552525252525253,0.5106060606060605,0.0007458636718146078,0.07739327026784776
5285,2.0552525252525253,0.5165656565656566,0.0010205983483624608,0.07752669593963021
5286,2.0552525252525253,0.5225252525252525,0.0007820998830455004,0.07877405471560493
5287,2.0552525252525253,0.5284848484848484,0.0011578988583835226,0.07972965941702057
5288,2.0552525252525253,0.5344444444444444,-0.00033100673797857745,0.08060332261926977
5289,2.0552525252525253,0.5404040404040403,0.00028191791767883425,0.08104997431676947
5290,2.0552525252525253,0.5463636363636363,0.001129903763122325,0.08224185708358779
5291,2.0552525252525253,0.5523232323232323,-0.001739497941915125,0.08169626645743422
5292,2.0552525252525253,0.5582828282828283,-0.0006649914651444552,0.08357383397465426
5293,2.0552525252525253,0.5642424242424242,-0.00019614966495563202,0.08456361174836674
5294,2.0552525252525253,0.5702020202020202,-0.0003336762420518895,0.08616780241891926
5295,2.0552525252525253,0.5761616161616161,-0.0007565563820569033,0.0857659717157155
5296,2.0552525252525253,0.582121212121212,-0.00011302482342176794,0.08844370034706588
5297,2.0552525252525253,0.588080808080808,-0.0010645544013721461,0.08799511519958407
5298,2.0552525252525253,0.594040404040404,-0.0005398900793966095,0.08946784874275816
5299,2.0552525252525253,0.6,-0.00077667265264506,0.08962872347163399
5300,2.0753535353535355,0.01,2.8338563135266282e-06,0.0015173923121640448
5301,2.0753535353535355,0.01595959595959596,2.027428377360796e-05,0.002412171934269364
5302,2.0753535353535355,0.021919191919191918,-3.981951210770963e-05,0.0033220948467503537
5303,2.0753535353535355,0.027878787878787878,-4.349960889311116e-05,0.004223263411255041
5304,2.0753535353535355,0.033838383838383834,-3.425200745607748e-06,0.0051541568755897665
5305,2.0753535353535355,0.0397979797979798,2.8735304249170113e-05,0.005971062349193599
5306,2.0753535353535355,0.045757575757575754,3.160283852833606e-05,0.006939937492364536
5307,2.0753535353535355,0.05171717171717172,-4.368997273873187e-06,0.007747555109046155
5308,2.0753535353535355,0.05767676767676767,-1.0582977996188902e-05,0.008790341193097176
5309,2.0753535353535355,0.06363636363636363,4.1708720380035966e-05,0.009639830685233981
5310,2.0753535353535355,0.06959595959595959,9.479210306560534e-05,0.010499422982879043
5311,2.0753535353535355,0.07555555555555554,-5.955830320450702e-05,0.011381091264184469
5312,2.0753535353535355,0.0815151515151515,-4.0989190663467304e-05,0.012432916666414535
5313,2.0753535353535355,0.08747474747474746,-0.00022354966492019908,0.013281216194528211
5314,2.0753535353535355,0.09343434343434343,-8.717627842912236e-05,0.014215782654190295
5315,2.0753535353535355,0.09939393939393938,0.00017167891147500328,0.014965290075674582
5316,2.0753535353535355,0.10535353535353534,0.0002684113526539531,0.015943193292611832
5317,2.0753535353535355,0.1113131313131313,-8.825520090277892e-05,0.0168246918525595
5318,2.0753535353535355,0.11727272727272725,0.00028139152435040476,0.017850053265002636
5319,2.0753535353535355,0.12323232323232322,0.00011266820777035005,0.018775792582582284
5320,2.0753535353535355,0.1291919191919192,-0.00036777797225505914,0.019397751887001175
5321,2.0753535353535355,0.13515151515151513,0.0003224908787041661,0.020636319108113324
5322,2.0753535353535355,0.1411111111111111,-5.228874938417409e-05,0.021325363213388154
5323,2.0753535353535355,0.14707070707070707,6.56394992715862e-05,0.02200510633706202
5324,2.0753535353535355,0.15303030303030302,-5.7510728929720556e-05,0.023201759276845323
5325,2.0753535353535355,0.158989898989899,0.00011125274149745188,0.024000899446459743
5326,2.0753535353535355,0.16494949494949493,3.2433616887664174e-05,0.02502320483230356
5327,2.0753535353535355,0.1709090909090909,-0.00021779775853205825,0.025927049199730417
5328,2.0753535353535355,0.17686868686868687,1.4549288580299447e-05,0.026759599696423813
5329,2.0753535353535355,0.1828282828282828,0.00038419609203619215,0.028197005682744698
5330,2.0753535353535355,0.18878787878787878,-0.00023888053897764988,0.028815236792081762
5331,2.0753535353535355,0.19474747474747472,0.0001865574952473927,0.029315164798550737
5332,2.0753535353535355,0.2007070707070707,0.00016441704881109518,0.030399109664288652
5333,2.0753535353535355,0.20666666666666667,-0.00014569576059619168,0.031482148661083016
5334,2.0753535353535355,0.2126262626262626,4.69535105975798e-05,0.0322373043852432
5335,2.0753535353535355,0.21858585858585858,-0.0003066245420474064,0.03305063338651757
5336,2.0753535353535355,0.22454545454545452,0.0006393732975230617,0.03425006973597472
5337,2.0753535353535355,0.2305050505050505,-0.00035780872955425174,0.03512823144506842
5338,2.0753535353535355,0.23646464646464646,-0.0002473926724997842,0.035955984592422156
5339,2.0753535353535355,0.2424242424242424,0.00030806174794429666,0.0372292696697255
5340,2.0753535353535355,0.24838383838383837,-0.00014901155001483576,0.037889957598123906
5341,2.0753535353535355,0.2543434343434343,6.606969265794984e-05,0.038770162426535235
5342,2.0753535353535355,0.26030303030303026,-0.0006037003246554295,0.040037725099139686
5343,2.0753535353535355,0.26626262626262626,0.0005712008912064797,0.04085950154864033
5344,2.0753535353535355,0.2722222222222222,-0.00045025533662593274,0.04085550398301138
5345,2.0753535353535355,0.27818181818181814,-0.0002732601314030549,0.042703938431010745
5346,2.0753535353535355,0.28414141414141414,0.0004700447882197059,0.043282964418489125
5347,2.0753535353535355,0.2901010101010101,-0.0005092735681593116,0.04426449019618117
5348,2.0753535353535355,0.296060606060606,0.00024342824178556636,0.045240428049698286
5349,2.0753535353535355,0.302020202020202,-0.00033510390208816123,0.04575308646527442
5350,2.0753535353535355,0.30797979797979796,-7.841597368921426e-05,0.04699200090184701
5351,2.0753535353535355,0.3139393939393939,-0.00030769596423641665,0.04782271957214067
5352,2.0753535353535355,0.31989898989898985,-0.0005703019630969104,0.04871652416679129
5353,2.0753535353535355,0.32585858585858585,0.00033390414067643154,0.04935794325617619
5354,2.0753535353535355,0.3318181818181818,0.0005319906175469602,0.05002649384701431
5355,2.0753535353535355,0.33777777777777773,-0.0004074050879952177,0.05128841679862067
5356,2.0753535353535355,0.34373737373737373,-0.0005704085139324756,0.05214662109486646
5357,2.0753535353535355,0.3496969696969697,-0.00017401018621947975,0.05359899945225422
5358,2.0753535353535355,0.3556565656565656,0.0008098726488244217,0.054233825140420355
5359,2.0753535353535355,0.3616161616161616,0.00038335771959436085,0.0548226391140137
5360,2.0753535353535355,0.36757575757575756,-0.0003735363824966942,0.05575334541548068
5361,2.0753535353535355,0.3735353535353535,0.0001221292358731832,0.05654526502338512
5362,2.0753535353535355,0.37949494949494944,1.1257353294060945e-05,0.058114304305141494
5363,2.0753535353535355,0.38545454545454544,-0.0008696137124405367,0.05798069529386694
5364,2.0753535353535355,0.3914141414141414,-0.0004923111359770124,0.05985629791914329
5365,2.0753535353535355,0.3973737373737373,0.0004790354412813282,0.06093430820918835
5366,2.0753535353535355,0.4033333333333333,0.0020261123102131512,0.0628445314417178
5367,2.0753535353535355,0.40929292929292926,0.0004184412360680295,0.06267834033798698
5368,2.0753535353535355,0.4152525252525252,-0.0004703762131274084,0.0641411553629511
5369,2.0753535353535355,0.42121212121212115,6.748277337026476e-05,0.06467755731231634
5370,2.0753535353535355,0.42717171717171715,-0.0004018924154875311,0.0644273975763013
5371,2.0753535353535355,0.4331313131313131,0.0002141584025220821,0.06656175378869154
5372,2.0753535353535355,0.43909090909090903,-0.0005813468428063945,0.06688192547830685
5373,2.0753535353535355,0.44505050505050503,0.000978251271897338,0.0684350805375515
5374,2.0753535353535355,0.45101010101010097,-0.0007379167857742769,0.06794436698095635
5375,2.0753535353535355,0.4569696969696969,-0.00043813265914849353,0.06930960308454921
5376,2.0753535353535355,0.4629292929292929,0.0016455615360740168,0.07200459978630933
5377,2.0753535353535355,0.46888888888888886,0.0005102782613718057,0.07226976879828137
5378,2.0753535353535355,0.4748484848484848,-0.000515760652055879,0.072133676804592
5379,2.0753535353535355,0.48080808080808074,0.0007154407330594834,0.07426634710927264
5380,2.0753535353535355,0.48676767676767674,-0.0013448294343508034,0.07366452436661644
5381,2.0753535353535355,0.4927272727272727,-0.0003282859352979631,0.07627744238303914
5382,2.0753535353535355,0.4986868686868686,-0.0004503796799600944,0.0755758239347866
5383,2.0753535353535355,0.5046464646464646,-3.5423618259537726e-05,0.07712123779207794
5384,2.0753535353535355,0.5106060606060605,-0.0006950611325957493,0.07786858539028776
5385,2.0753535353535355,0.5165656565656566,-0.000590131397020074,0.07812097385441372
5386,2.0753535353535355,0.5225252525252525,-0.0012001274191138496,0.0791621686751157
5387,2.0753535353535355,0.5284848484848484,-0.0008463915859260416,0.0810623253214455
5388,2.0753535353535355,0.5344444444444444,-0.0015033474429188827,0.08163549021035538
5389,2.0753535353535355,0.5404040404040403,-0.00014097613227429,0.08257616211245436
5390,2.0753535353535355,0.5463636363636363,0.0009295112989922678,0.08332384205136546
5391,2.0753535353535355,0.5523232323232323,0.00014858135081239593,0.08377967164067329
5392,2.0753535353535355,0.5582828282828283,0.0010402730325704383,0.08531887961982088
5393,2.0753535353535355,0.5642424242424242,0.0007548979123461259,0.08605414456682683
5394,2.0753535353535355,0.5702020202020202,-0.00037565533479045954,0.08780062806741826
5395,2.0753535353535355,0.5761616161616161,-0.00036179254643086366,0.0877911677569867
5396,2.0753535353535355,0.582121212121212,0.0002784443976733242,0.08888747570118699
5397,2.0753535353535355,0.588080808080808,0.0007394275372804572,0.09069286566941084
5398,2.0753535353535355,0.594040404040404,-0.0006689265835151158,0.09001446286208586
5399,2.0753535353535355,0.6,-0.00017950273696798707,0.09253862061706747
5400,2.0954545454545457,0.01,-1.012514190069329e-05,0.0015610532972123402
5401,2.0954545454545457,0.01595959595959596,2.625517810830791e-05,0.0024711839274911894
5402,2.0954545454545457,0.021919191919191918,-3.804416312826583e-05,0.0033808803007660377
5403,2.0954545454545457,0.027878787878787878,-1.5080138770424133e-06,0.0042804271209758715
5404,2.0954545454545457,0.033838383838383834,2.9960336949296607e-05,0.0052730848572775015
5405,2.0954545454545457,0.0397979797979798,1.6372558148239404e-05,0.006098776345329761
5406,2.0954545454545457,0.045757575757575754,-5.8185720740240784e-05,0.007120420668543144
5407,2.0954545454545457,0.05171717171717172,-2.12141810661309e-05,0.008042888733137162
5408,2.0954545454545457,0.05767676767676767,9.667842389921455e-06,0.008896468778847977
5409,2.0954545454545457,0.06363636363636363,1.5209070719559758e-05,0.009839717611625401
5410,2.0954545454545457,0.06959595959595959,-6.100330401579499e-05,0.010690832455893853
5411,2.0954545454545457,0.07555555555555554,-0.00016746316889248482,0.01161295456636127
5412,2.0954545454545457,0.0815151515151515,0.00021914828857523373,0.01263101780714593
5413,2.0954545454545457,0.08747474747474746,2.545028033171589e-05,0.013534377863284893
5414,2.0954545454545457,0.09343434343434343,-3.948786301886721e-05,0.014484554677285176
5415,2.0954545454545457,0.09939393939393938,-0.0001605989715445821,0.015240778391688617
5416,2.0954545454545457,0.10535353535353534,-0.00011774632315058769,0.01635398036895917
5417,2.0954545454545457,0.1113131313131313,9.342864210661094e-05,0.01745096119468973
5418,2.0954545454545457,0.11727272727272725,-7.800504692881085e-05,0.018208127540968514
5419,2.0954545454545457,0.12323232323232322,0.00016877880150965868,0.019010479932141545
5420,2.0954545454545457,0.1291919191919192,-0.00016582454995210088,0.01996607980625281
5421,2.0954545454545457,0.13515151515151513,7.07357992379739e-05,0.020858741400284198
5422,2.0954545454545457,0.1411111111111111,-0.00019171959444673332,0.021415090412776446
5423,2.0954545454545457,0.14707070707070707,0.0003995683660224628,0.02271513757332702
5424,2.0954545454545457,0.15303030303030302,-7.572891572328721e-05,0.023654343490075058
5425,2.0954545454545457,0.158989898989899,-5.816739695834789e-05,0.024504329304998535
5426,2.0954545454545457,0.16494949494949493,0.0004679567993530485,0.025498705314340665
5427,2.0954545454545457,0.1709090909090909,-6.317921791923553e-05,0.026147241266307117
5428,2.0954545454545457,0.17686868686868687,0.00026674862139011094,0.02702475250906121
5429,2.0954545454545457,0.1828282828282828,5.195225226494772e-05,0.028629422867205944
5430,2.0954545454545457,0.18878787878787878,0.00020629111271999983,0.029259759090769995
5431,2.0954545454545457,0.19474747474747472,1.1477928144325867e-05,0.02994901200234267
5432,2.0954545454545457,0.2007070707070707,-2.212684242037588e-05,0.031068152230931616
5433,2.0954545454545457,0.20666666666666667,8.399854038879012e-05,0.031427860481884326
5434,2.0954545454545457,0.2126262626262626,1.3505139259489662e-05,0.03296568155828114
5435,2.0954545454545457,0.21858585858585858,-0.00023523880330815415,0.0336316441632313
5436,2.0954545454545457,0.22454545454545452,0.00036235581580620365,0.03516404320542577
5437,2.0954545454545457,0.2305050505050505,-0.0004027718316742173,0.03570207923487958
5438,2.0954545454545457,0.23646464646464646,0.0005009260548453385,0.03629953850416411
5439,2.0954545454545457,0.2424242424242424,-0.0003243717281663349,0.03763134616888793
5440,2.0954545454545457,0.24838383838383837,-5.806981294794737e-05,0.03830578807153148
5441,2.0954545454545457,0.2543434343434343,0.0006111832664353231,0.039536380516725554
5442,2.0954545454545457,0.26030303030303026,2.2822316821088762e-05,0.04035147501678141
5443,2.0954545454545457,0.26626262626262626,0.0002645915947373394,0.04091405456272134
5444,2.0954545454545457,0.2722222222222222,0.00035146846142682645,0.04200137404733499
5445,2.0954545454545457,0.27818181818181814,0.00043489848769421934,0.043513497683534665
5446,2.0954545454545457,0.28414141414141414,8.364531451185458e-05,0.04379764028889924
5447,2.0954545454545457,0.2901010101010101,-0.0002893611262017604,0.04435172645803828
5448,2.0954545454545457,0.296060606060606,-0.00030708262648573343,0.04639213192631734
5449,2.0954545454545457,0.302020202020202,-0.0005063573912279905,0.04684794895119198
5450,2.0954545454545457,0.30797979797979796,-0.0001944422867544727,0.047761191252013835
5451,2.0954545454545457,0.3139393939393939,0.00011979843950306046,0.04890832725351154
5452,2.0954545454545457,0.31989898989898985,0.0001278766259255064,0.04925247482652263
5453,2.0954545454545457,0.32585858585858585,0.0009543987921379095,0.050377746259900796
5454,2.0954545454545457,0.3318181818181818,-0.00042304313781420797,0.0517382170088951
5455,2.0954545454545457,0.33777777777777773,-0.0002383462107584871,0.05206629488277248
5456,2.0954545454545457,0.34373737373737373,-0.00048200488133938224,0.05297727283893132
5457,2.0954545454545457,0.3496969696969697,-0.0003945835503297501,0.05405217080861946
5458,2.0954545454545457,0.3556565656565656,6.579498013705983e-05,0.05511455005859081
5459,2.0954545454545457,0.3616161616161616,-8.836393461570218e-05,0.05590389097528033
5460,2.0954545454545457,0.36757575757575756,8.089914083101437e-05,0.05655812160700646
5461,2.0954545454545457,0.3735353535353535,0.0005333806173361022,0.057730033151094415
5462,2.0954545454545457,0.37949494949494944,8.971550686414975e-05,0.058856148600847036
5463,2.0954545454545457,0.38545454545454544,-0.000617502835983875,0.05966432245383647
5464,2.0954545454545457,0.3914141414141414,-7.390304632765981e-05,0.06074981227273628
5465,2.0954545454545457,0.3973737373737373,-0.00040053873095741486,0.06190093035196864
5466,2.0954545454545457,0.4033333333333333,0.0005185696694334004,0.06337184105413786
5467,2.0954545454545457,0.40929292929292926,0.00030767956693030245,0.06295782286504593
5468,2.0954545454545457,0.4152525252525252,0.00035916786335162774,0.06422214608250264
5469,2.0954545454545457,0.42121212121212115,0.0004281334135259535,0.06661337186852424
5470,2.0954545454545457,0.42717171717171715,-8.505765242379501e-05,0.06775876699346083
5471,2.0954545454545457,0.4331313131313131,-0.001064879020192247,0.06751703440655249
5472,2.0954545454545457,0.43909090909090903,4.1373062272784814e-05,0.06807941650558962
5473,2.0954545454545457,0.44505050505050503,0.0006574457083437236,0.0690337444304207
5474,2.0954545454545457,0.45101010101010097,-1.7139728481652215e-05,0.07008852471873564
5475,2.0954545454545457,0.4569696969696969,-0.0006019661695402701,0.07133714273075352
5476,2.0954545454545457,0.4629292929292929,0.0012096453077250573,0.07221333289240568
5477,2.0954545454545457,0.46888888888888886,-0.00024401323415398126,0.07290209191777994
5478,2.0954545454545457,0.4748484848484848,-0.000284089574422333,0.07404873517577042
5479,2.0954545454545457,0.48080808080808074,-0.0009203637121562284,0.07429629003703368
5480,2.0954545454545457,0.48676767676767674,-0.0007479033362868235,0.07648339892860702
5481,2.0954545454545457,0.4927272727272727,0.0010649422290173014,0.07750825938707732
5482,2.0954545454545457,0.4986868686868686,0.001293109784333788,0.07837333355422715
5483,2.0954545454545457,0.5046464646464646,-0.0003674825366030846,0.07834847239867096
5484,2.0954545454545457,0.5106060606060605,-0.00025683625685094804,0.07991579659992651
5485,2.0954545454545457,0.5165656565656566,0.0006699300773952035,0.08096653376687374
5486,2.0954545454545457,0.5225252525252525,-0.0015408376281159338,0.08105406233123383
5487,2.0954545454545457,0.5284848484848484,0.0005543817080024163,0.08311020718024602
5488,2.0954545454545457,0.5344444444444444,-0.00029737731357789643,0.08333389542373729
5489,2.0954545454545457,0.5404040404040403,-0.0002978918388128305,0.08346808791998896
5490,2.0954545454545457,0.5463636363636363,-0.0003201882014615266,0.08513295827451961
5491,2.0954545454545457,0.5523232323232323,0.0012794897407231542,0.0862854665041826
5492,2.0954545454545457,0.5582828282828283,0.0006404480030826309,0.08827302913933265
5493,2.0954545454545457,0.5642424242424242,-4.919211411613187e-05,0.08878790557884306
5494,2.0954545454545457,0.5702020202020202,-0.0016595537294672696,0.08870943984449155
5495,2.0954545454545457,0.5761616161616161,0.0005635073282869662,0.09140226883686729
5496,2.0954545454545457,0.582121212121212,0.0006469820149996226,0.09066894037164967
5497,2.0954545454545457,0.588080808080808,0.00036104109217798133,0.09276248692260113
5498,2.0954545454545457,0.594040404040404,0.00024698113403369344,0.09332845634993121
5499,2.0954545454545457,0.6,0.0009022756174780534,0.09400000819910687
5500,2.115555555555556,0.01,-9.744268604469642e-07,0.0015772294222205546
5501,2.115555555555556,0.01595959595959596,-3.577851510549758e-05,0.002503012826141749
5502,2.115555555555556,0.021919191919191918,3.6690221165315685e-05,0.0034484174908466425
5503,2.115555555555556,0.027878787878787878,6.150385033621097e-05,0.004350566750438297
5504,2.115555555555556,0.033838383838383834,2.5245673338240338e-05,0.005341845789800496
5505,2.115555555555556,0.0397979797979798,3.27284967125279e-05,0.00626355464361374
5506,2.115555555555556,0.045757575757575754,0.0001344940920536406,0.007282943455058682
5507,2.115555555555556,0.05171717171717172,4.208398389790764e-05,0.008094301294039555
5508,2.115555555555556,0.05767676767676767,0.00012935579970892988,0.009159131148647567
5509,2.115555555555556,0.06363636363636363,3.323979725110824e-05,0.010035644571726688
5510,2.115555555555556,0.06959595959595959,-3.6130784834967165e-05,0.010903695338287826
5511,2.115555555555556,0.07555555555555554,0.00013466895470782135,0.011687596676554878
5512,2.115555555555556,0.0815151515151515,0.00014928072180996158,0.012832537790745684
5513,2.115555555555556,0.08747474747474746,6.275572986537985e-05,0.01373258956912457
5514,2.115555555555556,0.09343434343434343,-0.0001934520015821784,0.014549435853734145
5515,2.115555555555556,0.09939393939393938,0.00014079294540699812,0.015625651253606293
5516,2.115555555555556,0.10535353535353534,-0.00024652104064760494,0.016523982533715165
5517,2.115555555555556,0.1113131313131313,0.00011564082651292091,0.017660886911656303
5518,2.115555555555556,0.11727272727272725,0.00019884976431572653,0.018296956335132602
5519,2.115555555555556,0.12323232323232322,-0.0002622603150312231,0.019521486205544288
5520,2.115555555555556,0.1291919191919192,-0.00018586709431089407,0.020267604917057744
5521,2.115555555555556,0.13515151515151513,-0.00016787842473321805,0.02119659885084347
5522,2.115555555555556,0.1411111111111111,0.0001042782053045719,0.022295822406613482
5523,2.115555555555556,0.14707070707070707,-3.73331724864054e-05,0.023279742757875296
5524,2.115555555555556,0.15303030303030302,-4.847213884059734e-05,0.023821373805992994
5525,2.115555555555556,0.158989898989899,-0.00017351376005958025,0.025174032782014896
5526,2.115555555555556,0.16494949494949493,9.631528263283256e-05,0.026017729336795664
5527,2.115555555555556,0.1709090909090909,0.0001231467789126547,0.02669131174706258
5528,2.115555555555556,0.17686868686868687,-1.7009033962063213e-07,0.027888482849082203
5529,2.115555555555556,0.1828282828282828,-0.0004838024450597417,0.028842928018008612
5530,2.115555555555556,0.18878787878787878,0.00029715474670820237,0.02926101173368663
5531,2.115555555555556,0.19474747474747472,-0.00021658112457277037,0.03035759820270396
5532,2.115555555555556,0.2007070707070707,0.00013936275562112822,0.03177902992690331
5533,2.115555555555556,0.20666666666666667,-0.0002355509424550811,0.03254440635668936
5534,2.115555555555556,0.2126262626262626,0.0002959170973997146,0.03296092687815859
5535,2.115555555555556,0.21858585858585858,1.2234716392173662e-06,0.03421099895011138
5536,2.115555555555556,0.22454545454545452,0.00018619225912241304,0.0353777012076505
5537,2.115555555555556,0.2305050505050505,-0.0005604919979536929,0.03609427272388928
5538,2.115555555555556,0.23646464646464646,-0.000226947581311887,0.03734002356355762
5539,2.115555555555556,0.2424242424242424,-0.00012348031392018247,0.03811730323995148
5540,2.115555555555556,0.24838383838383837,-0.0004295769831181021,0.038602997044437204
5541,2.115555555555556,0.2543434343434343,-0.0002702998352915899,0.03982449080020143
5542,2.115555555555556,0.26030303030303026,0.00032905327331452845,0.040185434720081216
5543,2.115555555555556,0.26626262626262626,-0.0005595975301860565,0.04199211307614833
5544,2.115555555555556,0.2722222222222222,-0.00013843658178168896,0.04284570682387849
5545,2.115555555555556,0.27818181818181814,-0.00016562015238340592,0.04406960900078923
5546,2.115555555555556,0.28414141414141414,-0.00031839869178317904,0.0449788171285426
5547,2.115555555555556,0.2901010101010101,-0.000779243089422471,0.045567652035977554
5548,2.115555555555556,0.296060606060606,-9.96624023836977e-05,0.04656836844564611
5549,2.115555555555556,0.302020202020202,-0.0005529451766929963,0.047917020251823095
5550,2.115555555555556,0.30797979797979796,-0.000822148866661431,0.04872719197866693
5551,2.115555555555556,0.3139393939393939,-0.00045588948030985164,0.05003599264676538
5552,2.115555555555556,0.31989898989898985,0.0004297563439536944,0.05013134652779756
5553,2.115555555555556,0.32585858585858585,-0.0005860735748899743,0.05156742136904135
5554,2.115555555555556,0.3318181818181818,-0.00020959549798021766,0.052297455368829016
5555,2.115555555555556,0.33777777777777773,-0.00039812764262242805,0.05339196512854497
5556,2.115555555555556,0.34373737373737373,-0.0003138467575896938,0.05397485363977094
5557,2.115555555555556,0.3496969696969697,0.0005119279596942678,0.05508076478715812
5558,2.115555555555556,0.3556565656565656,3.456554699500884e-05,0.05586907119611882
5559,2.115555555555556,0.3616161616161616,-0.000587786384752464,0.05666953153831694
5560,2.115555555555556,0.36757575757575756,-0.0001323451628971221,0.05896988013696866
5561,2.115555555555556,0.3735353535353535,-0.0002300198353207371,0.05935442268353072
5562,2.115555555555556,0.37949494949494944,0.0005860920713336349,0.060146140032403456
5563,2.115555555555556,0.38545454545454544,0.0006655132761149083,0.06130016112999701
5564,2.115555555555556,0.3914141414141414,-0.00010720499034209685,0.06146497120676105
5565,2.115555555555556,0.3973737373737373,-0.00012249303530504184,0.06278620977626397
5566,2.115555555555556,0.4033333333333333,-0.00019250286587094574,0.06379362601365841
5567,2.115555555555556,0.40929292929292926,-0.0008463877881546924,0.06476353323872062
5568,2.115555555555556,0.4152525252525252,-0.00023904560523762522,0.06581325512192455
5569,2.115555555555556,0.42121212121212115,-0.00023801814168128606,0.06598734187069935
5570,2.115555555555556,0.42717171717171715,0.00027329631714260246,0.06780562207573021
5571,2.115555555555556,0.4331313131313131,0.0009855675690047278,0.06949101141572536
5572,2.115555555555556,0.43909090909090903,0.00096741664026024,0.07011251747982439
5573,2.115555555555556,0.44505050505050503,-0.00020187905159318352,0.07005997466883608
5574,2.115555555555556,0.45101010101010097,0.0006720100700699139,0.07219645879669763
5575,2.115555555555556,0.4569696969696969,0.0002045970261049228,0.07188841701857687
5576,2.115555555555556,0.4629292929292929,-0.0007599854390503616,0.07308587424689318
5577,2.115555555555556,0.46888888888888886,0.000612382972440103,0.07469319891325435
5578,2.115555555555556,0.4748484848484848,0.00017898161241072374,0.07578882103717001
5579,2.115555555555556,0.48080808080808074,0.00029835433879886876,0.0766091252824729
5580,2.115555555555556,0.48676767676767674,-0.0005798057300718476,0.07566873126117447
5581,2.115555555555556,0.4927272727272727,0.00082120215594719,0.07841504460550194
5582,2.115555555555556,0.4986868686868686,0.00015267248771522136,0.07852909405193377
5583,2.115555555555556,0.5046464646464646,0.00030048705976102165,0.07966723236723626
5584,2.115555555555556,0.5106060606060605,-0.00016325793930085995,0.08055066874509809
5585,2.115555555555556,0.5165656565656566,-0.00044415981901009684,0.08188442692626936
5586,2.115555555555556,0.5225252525252525,0.0001646301905942659,0.08335721663024283
5587,2.115555555555556,0.5284848484848484,0.0007443261405164086,0.08414440414051857
5588,2.115555555555556,0.5344444444444444,0.0003376063045792411,0.08508512497115936
5589,2.115555555555556,0.5404040404040403,-0.0006766913351513183,0.08502647107247878
5590,2.115555555555556,0.5463636363636363,0.0001015696216031218,0.08843940572119904
5591,2.115555555555556,0.5523232323232323,0.00023355567873806766,0.08846972431242939
5592,2.115555555555556,0.5582828282828283,0.0006538364201426599,0.08876039393197768
5593,2.115555555555556,0.5642424242424242,-5.6682044211890934e-05,0.09063353879358585
5594,2.115555555555556,0.5702020202020202,0.0009688410352057928,0.09048372556245453
5595,2.115555555555556,0.5761616161616161,0.00010818223193206764,0.09210696487243908
5596,2.115555555555556,0.582121212121212,0.000456722305477887,0.09320724097565372
5597,2.115555555555556,0.588080808080808,-0.002358300171973633,0.09254261268496689
5598,2.115555555555556,0.594040404040404,0.00011033414397320196,0.09419280992914937
5599,2.115555555555556,0.6,-0.0005928167138555766,0.09576641326237788
5600,2.135656565656566,0.01,6.155005626874121e-06,0.0015875445763153012
5601,2.135656565656566,0.01595959595959596,3.918682790924166e-05,0.002534237236042122
5602,2.135656565656566,0.021919191919191918,-9.30494934176178e-06,0.003494981592825788
5603,2.135656565656566,0.027878787878787878,-4.013696568014114e-06,0.004443659129886864
5604,2.135656565656566,0.033838383838383834,2.555568262614438e-06,0.00537384232387003
5605,2.135656565656566,0.0397979797979798,-3.0312204889507166e-05,0.006413921744947273
5606,2.135656565656566,0.045757575757575754,0.0001042680588098627,0.007299610252067678
5607,2.135656565656566,0.05171717171717172,-0.0002445693431184693,0.008225353575977652
5608,2.135656565656566,0.05767676767676767,7.570877530437554e-05,0.00925053079524053
5609,2.135656565656566,0.06363636363636363,0.00014529386235681617,0.010217929211077727
5610,2.135656565656566,0.06959595959595959,9.398092317571112e-05,0.01122547932537465
5611,2.135656565656566,0.07555555555555554,0.00022049210410809536,0.01186666268884646
5612,2.135656565656566,0.0815151515151515,-0.0003280882625000996,0.01310144879801709
5613,2.135656565656566,0.08747474747474746,-0.0001615669041320659,0.01408176832221343
5614,2.135656565656566,0.09343434343434343,0.00015678054502840663,0.014833424205760722
5615,2.135656565656566,0.09939393939393938,-0.00024080084824065225,0.015716108974225075
5616,2.135656565656566,0.10535353535353534,4.2759451644256094e-05,0.01682039677287333
5617,2.135656565656566,0.1113131313131313,-0.00017327157392288517,0.017792509381503636
5618,2.135656565656566,0.11727272727272725,0.0001384042021704015,0.018931983155016784
5619,2.135656565656566,0.12323232323232322,1.3418366409710137e-05,0.020038659213182732
5620,2.135656565656566,0.1291919191919192,4.013642688550422e-05,0.020702962379351885
5621,2.135656565656566,0.13515151515151513,-4.9729408037618163e-05,0.0215798470407412
5622,2.135656565656566,0.1411111111111111,-0.00011074948073558835,0.022495339432995733
5623,2.135656565656566,0.14707070707070707,-7.902155753154009e-05,0.023504753897604955
5624,2.135656565656566,0.15303030303030302,-1.7611489370178557e-05,0.024466611537982425
5625,2.135656565656566,0.158989898989899,-2.9494469551942883e-05,0.025756368197756778
5626,2.135656565656566,0.16494949494949493,0.00028457336568192044,0.02673144530676688
5627,2.135656565656566,0.1709090909090909,0.00032176612832705484,0.027506160869112943
5628,2.135656565656566,0.17686868686868687,0.0002618822455415709,0.028307158171163773
5629,2.135656565656566,0.1828282828282828,0.00023103509015002873,0.02919952480692163
5630,2.135656565656566,0.18878787878787878,-0.00017564040785120243,0.03021777925090269
5631,2.135656565656566,0.19474747474747472,-4.4588058333261494e-05,0.031183394599944528
5632,2.135656565656566,0.2007070707070707,-0.00013642753230906038,0.03192046799751377
5633,2.135656565656566,0.20666666666666667,0.00037653652046964483,0.03297822059922689
5634,2.135656565656566,0.2126262626262626,-0.00023283751585072317,0.0342784103471676
5635,2.135656565656566,0.21858585858585858,8.34353782260715e-05,0.03487681758918495
5636,2.135656565656566,0.22454545454545452,-0.0002611036516323688,0.03619452091148148
5637,2.135656565656566,0.2305050505050505,-2.4949217161018532e-05,0.03696177503654749
5638,2.135656565656566,0.23646464646464646,-0.0002357149641678923,0.03808961626356073
5639,2.135656565656566,0.2424242424242424,0.0006825240075605939,0.03863360321831798
5640,2.135656565656566,0.24838383838383837,0.00011218427726095727,0.03942017771332857
5641,2.135656565656566,0.2543434343434343,-0.0001432030528543323,0.040743320843683484
5642,2.135656565656566,0.26030303030303026,-0.0010541593582519063,0.04145254020111347
5643,2.135656565656566,0.26626262626262626,-0.00020166017696400114,0.04307580230457534
5644,2.135656565656566,0.2722222222222222,-0.0001769430864567201,0.043560211527601575
5645,2.135656565656566,0.27818181818181814,6.266163720631494e-05,0.044439277100142005
5646,2.135656565656566,0.28414141414141414,-0.00044482616786178724,0.045456875199755144
5647,2.135656565656566,0.2901010101010101,0.00024320470232816848,0.046745049707435156
5648,2.135656565656566,0.296060606060606,1.2839124748141294e-05,0.04716624789142545
5649,2.135656565656566,0.302020202020202,-0.0008238360679175562,0.04865202552524987
5650,2.135656565656566,0.30797979797979796,0.0003847631994371832,0.049374889804110075
5651,2.135656565656566,0.3139393939393939,0.0008594923191394447,0.05046988797875022
5652,2.135656565656566,0.31989898989898985,-0.0003991836208728091,0.0510092221197566
5653,2.135656565656566,0.32585858585858585,0.00028970727587699887,0.05229698527359608
5654,2.135656565656566,0.3318181818181818,0.000350730845360803,0.05360527777113245
5655,2.135656565656566,0.33777777777777773,0.0005101737957716726,0.05493052016135969
5656,2.135656565656566,0.34373737373737373,7.335702673483339e-05,0.05545750102673713
5657,2.135656565656566,0.3496969696969697,0.00017447463323728857,0.05569729640903491
5658,2.135656565656566,0.3556565656565656,-0.0012765771837181213,0.05738031033642848
5659,2.135656565656566,0.3616161616161616,-0.00018736697957488516,0.05839559369656851
5660,2.135656565656566,0.36757575757575756,0.00027134338206678593,0.059262691257398775
5661,2.135656565656566,0.3735353535353535,0.00047534115774946974,0.06073908137811906
5662,2.135656565656566,0.37949494949494944,-0.00016333362697306905,0.061653704686154005
5663,2.135656565656566,0.38545454545454544,0.00021600055713310472,0.06201812114072087
5664,2.135656565656566,0.3914141414141414,-0.0017554255127689054,0.06277327310015603
5665,2.135656565656566,0.3973737373737373,-0.0010338604054239016,0.0637579263110932
5666,2.135656565656566,0.4033333333333333,-0.00024670124358639833,0.0651794877576713
5667,2.135656565656566,0.40929292929292926,-0.0005624334899870136,0.06576165536558727
5668,2.135656565656566,0.4152525252525252,-0.00027172261851265896,0.06680304977748229
5669,2.135656565656566,0.42121212121212115,0.0005602731808595416,0.06887812647134718
5670,2.135656565656566,0.42717171717171715,0.00021377813862918362,0.06789111865549774
5671,2.135656565656566,0.4331313131313131,0.0005114224887349862,0.06952561086502357
5672,2.135656565656566,0.43909090909090903,0.00026904167532072786,0.07089825002158985
5673,2.135656565656566,0.44505050505050503,0.0005225973029021313,0.07148626601478687
5674,2.135656565656566,0.45101010101010097,1.8153949339863252e-05,0.07222669020846398
5675,2.135656565656566,0.4569696969696969,6.331537033464767e-05,0.07423582505185619
5676,2.135656565656566,0.4629292929292929,-0.001461075860977148,0.07436205569224844
5677,2.135656565656566,0.46888888888888886,0.0003933427799598783,0.07714341048387088
5678,2.135656565656566,0.4748484848484848,-0.000588428375689694,0.07692540486086169
5679,2.135656565656566,0.48080808080808074,0.0005577709482106122,0.07752930624894117
5680,2.135656565656566,0.48676767676767674,-0.000930781713228538,0.07883415794598259
5681,2.135656565656566,0.4927272727272727,0.0005383231906581133,0.07980810570769112
5682,2.135656565656566,0.4986868686868686,-0.00010284118897192585,0.07984222624329651
5683,2.135656565656566,0.5046464646464646,0.0006072361682901373,0.0810866147460435
5684,2.135656565656566,0.5106060606060605,-0.0017720346107987996,0.08093215694017093
5685,2.135656565656566,0.5165656565656566,-0.0010856365931085892,0.08310296878331158
5686,2.135656565656566,0.5225252525252525,-0.0001199024918474866,0.08263374504771752
5687,2.135656565656566,0.5284848484848484,0.00017910237121331095,0.0857574318274371
5688,2.135656565656566,0.5344444444444444,-0.00171506681210446,0.08550933127280083
5689,2.135656565656566,0.5404040404040403,0.00040944758030077137,0.08666647258798975
5690,2.135656565656566,0.5463636363636363,-0.001568324064310495,0.08812542758852437
5691,2.135656565656566,0.5523232323232323,0.0006906450142118507,0.08918243901485107
5692,2.135656565656566,0.5582828282828283,-0.0007692766477331566,0.0910486680473295
5693,2.135656565656566,0.5642424242424242,0.0006478358748943606,0.09078835537504548
5694,2.135656565656566,0.5702020202020202,-0.00039782126368287536,0.09144722762972887
5695,2.135656565656566,0.5761616161616161,0.0009828042300042566,0.09299612432116289
5696,2.135656565656566,0.582121212121212,-0.0012352164601514655,0.09383612716313366
5697,2.135656565656566,0.588080808080808,-0.0009661182542703649,0.09407342547609367
5698,2.135656565656566,0.594040404040404,0.0001746823377601742,0.09600033734347321
5699,2.135656565656566,0.6,0.0002182317358896282,0.09609108803753807
5700,2.1557575757575758,0.01,-3.4929974564812616e-06,0.0016209179574369044
5701,2.1557575757575758,0.01595959595959596,1.5584658715213318e-05,0.0025905392254789053
5702,2.1557575757575758,0.021919191919191918,3.891655272058393e-05,0.0036106205304467422
5703,2.1557575757575758,0.027878787878787878,-5.379932690451995e-05,0.004542495287219437
5704,2.1557575757575758,0.033838383838383834,8.801490980726647e-05,0.005540948323171273
5705,2.1557575757575758,0.0397979797979798,2.9868731967507832e-06,0.006482278601239376
5706,2.1557575757575758,0.045757575757575754,-8.470411995390591e-06,0.007407263686013876
5707,2.1557575757575758,0.05171717171717172,5.5281756099585856e-05,0.008462292778532552
5708,2.1557575757575758,0.05767676767676767,-0.00017662028581484285,0.00938205196836353
5709,2.1557575757575758,0.06363636363636363,9.024582943210874e-05,0.010339269625872229
5710,2.1557575757575758,0.06959595959595959,-3.855867265277662e-05,0.011209954765365059
5711,2.1557575757575758,0.07555555555555554,-6.723476379528113e-05,0.012215760577391765
5712,2.1557575757575758,0.0815151515151515,-3.4204706092988555e-05,0.01323815487799884
5713,2.1557575757575758,0.08747474747474746,2.6106144998163484e-05,0.014096081809729584
5714,2.1557575757575758,0.09343434343434343,-2.3088401231728238e-05,0.01518276461031112
5715,2.1557575757575758,0.09939393939393938,-3.740909884201705e-05,0.016238218089002825
5716,2.1557575757575758,0.10535353535353534,0.00016916435054612565,0.017210896124181963
5717,2.1557575757575758,0.1113131313131313,0.00011018611322931868,0.018015761202842005
5718,2.1557575757575758,0.11727272727272725,-7.737665157397452e-05,0.01887715374809983
5719,2.1557575757575758,0.12323232323232322,0.00011428353548293488,0.020127190681346347
5720,2.1557575757575758,0.1291919191919192,5.956881979130091e-05,0.02129007407677032
5721,2.1557575757575758,0.13515151515151513,0.0004433853510773372,0.02220238086585533
5722,2.1557575757575758,0.1411111111111111,7.193323436333831e-05,0.022893584975929016
5723,2.1557575757575758,0.14707070707070707,0.0003627694548587116,0.024382585756303022
5724,2.1557575757575758,0.15303030303030302,-9.156015268180344e-05,0.024781390282928813
5725,2.1557575757575758,0.158989898989899,-4.5047729203917454e-05,0.025598564378309503
5726,2.1557575757575758,0.16494949494949493,-0.0003155473240759593,0.026815657623817945
5727,2.1557575757575758,0.1709090909090909,0.00013086061839627264,0.027644538332986024
5728,2.1557575757575758,0.17686868686868687,-2.8992941162085894e-05,0.029005797914810054
5729,2.1557575757575758,0.1828282828282828,0.0001931802360821508,0.029779196603377245
5730,2.1557575757575758,0.18878787878787878,0.00024740385157771654,0.030706641733835218
5731,2.1557575757575758,0.19474747474747472,0.00025388980504884224,0.03180544640365808
5732,2.1557575757575758,0.2007070707070707,0.00010012209333361306,0.03267582598909492
5733,2.1557575757575758,0.20666666666666667,-7.613907376679042e-05,0.03352852160323815
5734,2.1557575757575758,0.2126262626262626,0.0005723860209157964,0.0348612920991591
5735,2.1557575757575758,0.21858585858585858,-0.00024524752118089584,0.035574259979524084
5736,2.1557575757575758,0.22454545454545452,-0.00028174250638734495,0.03658870756948994
5737,2.1557575757575758,0.2305050505050505,0.0005298652326694598,0.037586010858503646
5738,2.1557575757575758,0.23646464646464646,-0.0005647198516245525,0.03835556393632449
5739,2.1557575757575758,0.2424242424242424,1.620349475731775e-05,0.03917369671279538
5740,2.1557575757575758,0.24838383838383837,3.358210205514267e-05,0.0404328008589415
5741,2.1557575757575758,0.2543434343434343,6.105632361019678e-05,0.041466132902433235
5742,2.1557575757575758,0.26030303030303026,-5.4384880360934054e-05,0.04292766893860434
5743,2.1557575757575758,0.26626262626262626,5.582605816445647e-05,0.04359322676390004
5744,2.1557575757575758,0.2722222222222222,0.000285838617129247,0.0447900084003687
5745,2.1557575757575758,0.27818181818181814,0.0005077655392420576,0.04545953206266923
5746,2.1557575757575758,0.28414141414141414,0.00019232129074051656,0.04649696276831789
5747,2.1557575757575758,0.2901010101010101,-7.940648191488622e-05,0.04702541740759527
5748,2.1557575757575758,0.296060606060606,-0.0005870897355176297,0.04858296778323056
5749,2.1557575757575758,0.302020202020202,0.0006895900367148192,0.05012962736838144
5750,2.1557575757575758,0.30797979797979796,0.00018327413595383172,0.05026560929890463
5751,2.1557575757575758,0.3139393939393939,0.0005323886984649688,0.0515152904924511
5752,2.1557575757575758,0.31989898989898985,-0.00041200104996063914,0.05210624494094035
5753,2.1557575757575758,0.32585858585858585,-5.368940927130858e-05,0.05367289065464585
5754,2.1557575757575758,0.3318181818181818,-0.0007397613338343441,0.054416049479483586
5755,2.1557575757575758,0.33777777777777773,-0.00020210170648381302,0.0552623140197195
5756,2.1557575757575758,0.34373737373737373,-0.0008477739921447909,0.055934064277468075
5757,2.1557575757575758,0.3496969696969697,0.0001125783344527064,0.05609804893801696
5758,2.1557575757575758,0.3556565656565656,-0.0007642490067160616,0.057836301529425725
5759,2.1557575757575758,0.3616161616161616,7.800200954769707e-05,0.05923939195873775
5760,2.1557575757575758,0.36757575757575756,0.00022878999473001686,0.059978141895050116
5761,2.1557575757575758,0.3735353535353535,0.00037008384206934936,0.06122855663940098
5762,2.1557575757575758,0.37949494949494944,0.0005045311768664576,0.06147144502560187
5763,2.1557575757575758,0.38545454545454544,-0.0007412462520436245,0.06309581470007881
5764,2.1557575757575758,0.3914141414141414,-0.00019000093768276022,0.06323153373038734
5765,2.1557575757575758,0.3973737373737373,0.00028752757808711793,0.06465930165337556
5766,2.1557575757575758,0.4033333333333333,0.0004049515706523162,0.06554742109646224
5767,2.1557575757575758,0.40929292929292926,-0.0009844936630911299,0.0667903146768839
5768,2.1557575757575758,0.4152525252525252,-0.00029456851234727066,0.0678366313743182
5769,2.1557575757575758,0.42121212121212115,0.00035320131095640763,0.06924559155855928
5770,2.1557575757575758,0.42717171717171715,0.00024382930311374614,0.07032035934266748
5771,2.1557575757575758,0.4331313131313131,-0.0008709027033707158,0.07044866056972575
5772,2.1557575757575758,0.43909090909090903,0.0007193318469228597,0.07263221834223138
5773,2.1557575757575758,0.44505050505050503,-0.0014387315125372717,0.07263014616022212
5774,2.1557575757575758,0.45101010101010097,-0.00020579380351429827,0.07252563446005549
5775,2.1557575757575758,0.4569696969696969,-6.695797102717482e-05,0.07462486429542305
5776,2.1557575757575758,0.4629292929292929,-0.0007647489899114472,0.0753122146743971
5777,2.1557575757575758,0.46888888888888886,-0.0008683752205742311,0.07609690390213077
5778,2.1557575757575758,0.4748484848484848,-0.0015431144175788662,0.07714314837187262
5779,2.1557575757575758,0.48080808080808074,0.0012408178871034683,0.07949445313703708
5780,2.1557575757575758,0.48676767676767674,0.0005458660242146108,0.08031457898589037
5781,2.1557575757575758,0.4927272727272727,0.0005383333280152553,0.08104750333136224
5782,2.1557575757575758,0.4986868686868686,-0.0001156463711922655,0.08166793872005094
5783,2.1557575757575758,0.5046464646464646,-0.0006248672463079625,0.08192474457642322
5784,2.1557575757575758,0.5106060606060605,9.207179556486027e-05,0.08306825892828534
5785,2.1557575757575758,0.5165656565656566,0.0002383066030693323,0.08488759436401122
5786,2.1557575757575758,0.5225252525252525,0.0001655770085565413,0.08702179819292487
5787,2.1557575757575758,0.5284848484848484,-0.00010444547373377841,0.08771020100358122
5788,2.1557575757575758,0.5344444444444444,-0.0008390783095323011,0.08761121696838386
5789,2.1557575757575758,0.5404040404040403,-0.0004363849386057106,0.08817114205154553
5790,2.1557575757575758,0.5463636363636363,0.001601291325414125,0.09032386667939026
5791,2.1557575757575758,0.5523232323232323,-9.367113101545898e-05,0.09077805583168912
5792,2.1557575757575758,0.5582828282828283,-0.002173397609769755,0.09157692458531462
5793,2.1557575757575758,0.5642424242424242,0.00031765078243874487,0.09331439395947061
5794,2.1557575757575758,0.5702020202020202,-0.00173386244397352,0.09344774033859789
5795,2.1557575757575758,0.5761616161616161,0.0002631376558720202,0.09517782982509919
5796,2.1557575757575758,0.582121212121212,-0.00041163712013346314,0.09570285311001599
5797,2.1557575757575758,0.588080808080808,0.0003443778967520075,0.09711078467729155
5798,2.1557575757575758,0.594040404040404,0.000907681227712606,0.09851518745779311
5799,2.1557575757575758,0.6,0.00040700619642254,0.09994809183649576
5800,2.175858585858586,0.01,2.1061773393524065e-05,0.0016587343200784267
5801,2.175858585858586,0.01595959595959596,-2.142471508534205e-06,0.002663380958629992
5802,2.175858585858586,0.021919191919191918,4.958371655938075e-05,0.003598131135936106
5803,2.175858585858586,0.027878787878787878,3.360537610435763e-05,0.004642361114996766
5804,2.175858585858586,0.033838383838383834,-4.8817719941646186e-06,0.005613089109387335
5805,2.175858585858586,0.0397979797979798,-3.8258952082584977e-05,0.006576098441708464
5806,2.175858585858586,0.045757575757575754,-5.904372536956236e-05,0.007583162690367524
5807,2.175858585858586,0.05171717171717172,-0.00014084221077487386,0.00849940101847129
5808,2.175858585858586,0.05767676767676767,6.985120135654589e-05,0.009563247110591077
5809,2.175858585858586,0.06363636363636363,9.271044679080627e-05,0.010466649753683721
5810,2.175858585858586,0.06959595959595959,-9.380367430744126e-05,0.011485140210140934
5811,2.175858585858586,0.07555555555555554,1.662043642877553e-06,0.012525602777774682
5812,2.175858585858586,0.0815151515151515,4.3930596286928614e-05,0.013464084010834694
5813,2.175858585858586,0.08747474747474746,-0.00019570681011560063,0.01452709733290124
5814,2.175858585858586,0.09343434343434343,0.00013926061411509045,0.01545846898097303
5815,2.175858585858586,0.09939393939393938,7.239591355404742e-05,0.016455765756995994
5816,2.175858585858586,0.10535353535353534,-0.0003528252143275858,0.01752627169893907
5817,2.175858585858586,0.1113131313131313,-7.673506458990272e-05,0.018521677308631447
5818,2.175858585858586,0.11727272727272725,-9.05796939774311e-05,0.019295211105965587
5819,2.175858585858586,0.12323232323232322,0.0001567158274681566,0.02044180151512691
5820,2.175858585858586,0.1291919191919192,-0.00012458515921711562,0.021308976283530356
5821,2.175858585858586,0.13515151515151513,0.0001593866117680637,0.022481535537744735
5822,2.175858585858586,0.1411111111111111,0.0001336335549054205,0.023449178060378918
5823,2.175858585858586,0.14707070707070707,-0.00013015637959665178,0.02459253499930798
5824,2.175858585858586,0.15303030303030302,0.00026062802249694154,0.025624965112078974
5825,2.175858585858586,0.158989898989899,-0.0002036167192588842,0.026451745919432664
5826,2.175858585858586,0.16494949494949493,-3.146549206882452e-05,0.027347137675717916
5827,2.175858585858586,0.1709090909090909,0.0001812855138076619,0.028530325725711278
5828,2.175858585858586,0.17686868686868687,-2.8871271843074986e-05,0.029385714716350906
5829,2.175858585858586,0.1828282828282828,-0.0001242716166606738,0.029913078239973467
5830,2.175858585858586,0.18878787878787878,-0.00016135688196202577,0.0314667389953501
5831,2.175858585858586,0.19474747474747472,0.00014294212451983912,0.032582470285705496
5832,2.175858585858586,0.2007070707070707,0.00032641720360362687,0.03315189945712112
5833,2.175858585858586,0.20666666666666667,0.000196071171009508,0.03430853773925722
5834,2.175858585858586,0.2126262626262626,0.0010381432555706769,0.03512080979015633
5835,2.175858585858586,0.21858585858585858,0.00027209593852447307,0.036427717980926345
5836,2.175858585858586,0.22454545454545452,-0.00031811763173002314,0.03745981930124199
5837,2.175858585858586,0.2305050505050505,0.0005173018141435507,0.03847772841401465
5838,2.175858585858586,0.23646464646464646,5.9413905653677434e-05,0.03926382647103586
5839,2.175858585858586,0.2424242424242424,0.0006445452120759041,0.040200492711763715
5840,2.175858585858586,0.24838383838383837,-0.0005222534878775345,0.04097880772866295
5841,2.175858585858586,0.2543434343434343,0.0004403075375478794,0.042499264946974286
5842,2.175858585858586,0.26030303030303026,-0.0005961657006590624,0.0430495535381219
5843,2.175858585858586,0.26626262626262626,0.00024724119899859894,0.044909789222920056
5844,2.175858585858586,0.2722222222222222,0.00045587703863071987,0.04528717115887915
5845,2.175858585858586,0.27818181818181814,-0.0003013848811620401,0.046574008147277426
5846,2.175858585858586,0.28414141414141414,0.0004937039386163249,0.047387952748535536
5847,2.175858585858586,0.2901010101010101,0.00032900005591519557,0.048288869825158974
5848,2.175858585858586,0.296060606060606,-4.769220301553414e-05,0.049225413921072596
5849,2.175858585858586,0.302020202020202,-8.49169086121608e-05,0.05086725548834284
5850,2.175858585858586,0.30797979797979796,-0.00037744880278188286,0.051873659603509883
5851,2.175858585858586,0.3139393939393939,-0.00012954214246670902,0.052058402802075285
5852,2.175858585858586,0.31989898989898985,-0.0009630860218079248,0.053470260014594824
5853,2.175858585858586,0.32585858585858585,-0.00018742282623182904,0.053765557002689084
5854,2.175858585858586,0.3318181818181818,0.001248259488644961,0.05551362376947681
5855,2.175858585858586,0.33777777777777773,8.057400414088054e-05,0.056574007215924364
5856,2.175858585858586,0.34373737373737373,1.0342988772982675e-06,0.0574180377816739
5857,2.175858585858586,0.3496969696969697,-2.121477544194006e-05,0.058316858253351915
5858,2.175858585858586,0.3556565656565656,0.0013668751421985856,0.058791006089706076
5859,2.175858585858586,0.3616161616161616,-0.00019757689477703565,0.059751493936469134
5860,2.175858585858586,0.36757575757575756,0.00044740681691531937,0.0601821263243731
5861,2.175858585858586,0.3735353535353535,-0.00012250594542164236,0.06262383393458301
5862,2.175858585858586,0.37949494949494944,1.6053236053539434e-05,0.06340162844547598
5863,2.175858585858586,0.38545454545454544,-0.0009379073135302712,0.06431425792415708
5864,2.175858585858586,0.3914141414141414,-0.00022739377745211527,0.06533726834867579
5865,2.175858585858586,0.3973737373737373,-6.817111686463537e-05,0.06611330685431918
5866,2.175858585858586,0.4033333333333333,-0.00015036357571454918,0.06802650289101263
5867,2.175858585858586,0.40929292929292926,0.0007429611900380217,0.06835423209556918
5868,2.175858585858586,0.4152525252525252,-0.0006451290908681887,0.06880767210390602
5869,2.175858585858586,0.42121212121212115,0.0013585581413172434,0.06986243885467092
5870,2.175858585858586,0.42717171717171715,-0.000709064148514989,0.0703840701856069
5871,2.175858585858586,0.4331313131313131,0.0026982777084454284,0.07272372735792014
5872,2.175858585858586,0.43909090909090903,-2.678451939912563e-07,0.07258272463710068
5873,2.175858585858586,0.44505050505050503,-0.0008792139516431659,0.07477843271073545
5874,2.175858585858586,0.45101010101010097,-0.0001723096987399781,0.07489358655943448
5875,2.175858585858586,0.4569696969696969,-1.9759329881522714e-05,0.07639462237394373
5876,2.175858585858586,0.4629292929292929,-0.0004427859579246448,0.07697896855003449
5877,2.175858585858586,0.46888888888888886,0.00114657386904136,0.0794616926706377
5878,2.175858585858586,0.4748484848484848,0.00036963856383728815,0.07991319519204489
5879,2.175858585858586,0.48080808080808074,-0.0010724710962031069,0.07990479395935446
5880,2.175858585858586,0.48676767676767674,0.0019315897800212675,0.08246460495653055
5881,2.175858585858586,0.4927272727272727,-0.00017895661143473224,0.0819115609219387
5882,2.175858585858586,0.4986868686868686,0.0008975135312155727,0.08427234925087358
5883,2.175858585858586,0.5046464646464646,-0.0007495830092872939,0.08440791850566902
5884,2.175858585858586,0.5106060606060605,0.0003958963167404534,0.08447943595860385
5885,2.175858585858586,0.5165656565656566,-0.0013981106468921468,0.08502176910435626
5886,2.175858585858586,0.5225252525252525,0.0005194826483277656,0.08718155161225727
5887,2.175858585858586,0.5284848484848484,0.0006172913038445351,0.08816948152996679
5888,2.175858585858586,0.5344444444444444,0.0007107716309483679,0.09018228670892929
5889,2.175858585858586,0.5404040404040403,-0.001109607371020008,0.09092306900516425
5890,2.175858585858586,0.5463636363636363,0.0004987521480712407,0.09173163654149256
5891,2.175858585858586,0.5523232323232323,-0.0004978171845671254,0.09178716632956224
5892,2.175858585858586,0.5582828282828283,-0.001136935998842414,0.09361579930669985
5893,2.175858585858586,0.5642424242424242,-0.0010952029796616313,0.09347025946844846
5894,2.175858585858586,0.5702020202020202,-0.001515427951548451,0.0953496179124788
5895,2.175858585858586,0.5761616161616161,0.000499263251440326,0.09598988806933755
5896,2.175858585858586,0.582121212121212,-0.0006050567341243208,0.09884757769432351
5897,2.175858585858586,0.588080808080808,-0.00030212627687491926,0.0992694110681603
5898,2.175858585858586,0.594040404040404,-0.0008476609984908762,0.09988270539406661
5899,2.175858585858586,0.6,0.00014601187924122083,0.10122506099447612
5900,2.195959595959596,0.01,-9.505674972172717e-06,0.0016671119031883717
5901,2.195959595959596,0.01595959595959596,1.3127373149987199e-05,0.0026793926826374627
5902,2.195959595959596,0.021919191919191918,-4.899245030906569e-05,0.0036821438710337878
5903,2.195959595959596,0.027878787878787878,-3.622250524590426e-05,0.004689985669292694
5904,2.195959595959596,0.033838383838383834,1.8607239868383928e-05,0.005698930749931458
5905,2.195959595959596,0.0397979797979798,6.161658929813754e-05,0.006652224772006203
5906,2.195959595959596,0.045757575757575754,6.490568499145539e-05,0.007760882402019565
5907,2.195959595959596,0.05171717171717172,-1.5032207562967715e-05,0.008783546293427775
5908,2.195959595959596,0.05767676767676767,4.164798072117254e-05,0.009725426453200747
5909,2.195959595959596,0.06363636363636363,-5.7771706412233525e-05,0.010652804000553963
5910,2.195959595959596,0.06959595959595959,0.00018441858718824282,0.011739939349165718
5911,2.195959595959596,0.07555555555555554,6.625856528146876e-05,0.012821971025129938
5912,2.195959595959596,0.0815151515151515,-0.00010309569761897505,0.013704857514061645
5913,2.195959595959596,0.08747474747474746,5.985359931248253e-05,0.014858997167289535
5914,2.195959595959596,0.09343434343434343,4.056348168015996e-05,0.01563467374214446
5915,2.195959595959596,0.09939393939393938,-2.547486679640383e-05,0.01682778788797604
5916,2.195959595959596,0.10535353535353534,0.0002584772846991089,0.017752853177959965
5917,2.195959595959596,0.1113131313131313,-0.00011575186440761436,0.018816860509916752
5918,2.195959595959596,0.11727272727272725,-9.222463746406673e-07,0.019652562754144086
5919,2.195959595959596,0.12323232323232322,-7.815839245246708e-05,0.021072120751706957
5920,2.195959595959596,0.1291919191919192,4.295464231476494e-05,0.02159378024105109
5921,2.195959595959596,0.13515151515151513,1.7184601768669095e-05,0.022865450360011527
5922,2.195959595959596,0.1411111111111111,-0.00031722974707600347,0.023835962506245974
5923,2.195959595959596,0.14707070707070707,0.0001222855372694296,0.024845222459331257
5924,2.195959595959596,0.15303030303030302,-2.4773951606824473e-05,0.025772382588333028
5925,2.195959595959596,0.158989898989899,-0.00025799026842811094,0.026700193032452024
5926,2.195959595959596,0.16494949494949493,-0.0004809811649097387,0.027810318103062386
5927,2.195959595959596,0.1709090909090909,7.327462171165486e-05,0.029315504715890034
5928,2.195959595959596,0.17686868686868687,0.00021913607701860694,0.030084916011381514
5929,2.195959595959596,0.1828282828282828,-0.00018944990579338673,0.03061933186776262
5930,2.195959595959596,0.18878787878787878,0.00015059942106656002,0.03186148690403962
5931,2.195959595959596,0.19474747474747472,-0.0006882819969046885,0.03267716171723711
5932,2.195959595959596,0.2007070707070707,0.00026838571960525413,0.03390527913421955
5933,2.195959595959596,0.20666666666666667,-0.00020042636860811882,0.034481799313201174
5934,2.195959595959596,0.2126262626262626,-0.00018311645314656144,0.03555575025076711
5935,2.195959595959596,0.21858585858585858,0.00027089461066490134,0.03651633153170818
5936,2.195959595959596,0.22454545454545452,-3.0153108443383414e-05,0.03803281604522472
5937,2.195959595959596,0.2305050505050505,-0.0005349222941756169,0.03879062478980475
5938,2.195959595959596,0.23646464646464646,-0.00041604555271390755,0.03956537423428187
5939,2.195959595959596,0.2424242424242424,-0.00013797900930183284,0.04117392932346161
5940,2.195959595959596,0.24838383838383837,-0.0004237365195243094,0.041963539195855264
5941,2.195959595959596,0.2543434343434343,-1.9005010195301097e-05,0.04295881933668648
5942,2.195959595959596,0.26030303030303026,-0.000371832135036289,0.044244608869785665
5943,2.195959595959596,0.26626262626262626,-0.0007486064709334479,0.04452350278520487
5944,2.195959595959596,0.2722222222222222,0.0004144338905666728,0.04606743869240112
5945,2.195959595959596,0.27818181818181814,0.0002827368222446997,0.04769082742290964
5946,2.195959595959596,0.28414141414141414,-0.00010516855148433675,0.047654907360066896
5947,2.195959595959596,0.2901010101010101,-0.0004311924391518212,0.04834266937057251
5948,2.195959595959596,0.296060606060606,5.747692194652636e-05,0.05014353525244957
5949,2.195959595959596,0.302020202020202,0.000535115746987577,0.0513707609267347
5950,2.195959595959596,0.30797979797979796,0.0005111450368544084,0.051874257167625164
5951,2.195959595959596,0.3139393939393939,0.0006569350914278321,0.05296127969649064
5952,2.195959595959596,0.31989898989898985,0.0002370591488388291,0.053937666415560984
5953,2.195959595959596,0.32585858585858585,0.0005322507916955427,0.05503269172820622
5954,2.195959595959596,0.3318181818181818,0.0008600974143628945,0.05652939689206218
5955,2.195959595959596,0.33777777777777773,-0.0002763851279056757,0.05676852228081127
5956,2.195959595959596,0.34373737373737373,-0.0007783494237466268,0.05774275976487891
5957,2.195959595959596,0.3496969696969697,-0.0006853840794346768,0.05939687203405545
5958,2.195959595959596,0.3556565656565656,-0.000698653957607155,0.06012822208802044
5959,2.195959595959596,0.3616161616161616,0.0010821221557561864,0.0616759591719874
5960,2.195959595959596,0.36757575757575756,-0.00022422407019176546,0.06277853750580047
5961,2.195959595959596,0.3735353535353535,-0.0012047771985035367,0.06261082232482307
5962,2.195959595959596,0.37949494949494944,-0.000971792126233375,0.06435866813978754
5963,2.195959595959596,0.38545454545454544,6.720240795335377e-05,0.06474865901901554
5964,2.195959595959596,0.3914141414141414,0.00032094738251144117,0.06577992341417443
5965,2.195959595959596,0.3973737373737373,-0.0002672717679928416,0.06738363363226259
5966,2.195959595959596,0.4033333333333333,-0.0009963995969646507,0.06807563094744425
5967,2.195959595959596,0.40929292929292926,-0.000645787447042198,0.06954612277365796
5968,2.195959595959596,0.4152525252525252,-0.0002790877195010649,0.06983778684168082
5969,2.195959595959596,0.42121212121212115,0.0009524495382989859,0.07199884761127923
5970,2.195959595959596,0.42717171717171715,6.616077146641364e-05,0.07265402565434129
5971,2.195959595959596,0.4331313131313131,0.00029083568143667844,0.07359803823860912
5972,2.195959595959596,0.43909090909090903,0.0011287652853915213,0.07485524616220618
5973,2.195959595959596,0.44505050505050503,-0.0010415092279446804,0.07534062811426304
5974,2.195959595959596,0.45101010101010097,-0.000175700022683685,0.07619768813291718
5975,2.195959595959596,0.4569696969696969,-0.0004474685700181661,0.07874245960115463
5976,2.195959595959596,0.4629292929292929,-0.0006747026384574181,0.0786098791417371
5977,2.195959595959596,0.46888888888888886,-0.0017074318485775593,0.07900871199226613
5978,2.195959595959596,0.4748484848484848,-0.0010719339590602847,0.08034054127534901
5979,2.195959595959596,0.48080808080808074,-0.0019828829353257782,0.08126385517940513
5980,2.195959595959596,0.48676767676767674,-0.0012125277921751143,0.08191582531023325
5981,2.195959595959596,0.4927272727272727,0.0009211780049705213,0.08440975650205235
5982,2.195959595959596,0.4986868686868686,-0.0006831341360992073,0.08434469499490292
5983,2.195959595959596,0.5046464646464646,0.001501323331426644,0.08618380164789233
5984,2.195959595959596,0.5106060606060605,-0.0002776089732358499,0.08629287761911217
5985,2.195959595959596,0.5165656565656566,-0.000538258878304698,0.08759901177172583
5986,2.195959595959596,0.5225252525252525,-0.0007110212510421618,0.08992013166185524
5987,2.195959595959596,0.5284848484848484,-0.00027879326787656826,0.09028583814105294
5988,2.195959595959596,0.5344444444444444,-0.000309061206459257,0.09008416609319796
5989,2.195959595959596,0.5404040404040403,0.0004658994429253246,0.0921651909575077
5990,2.195959595959596,0.5463636363636363,0.0010766931210959246,0.09380684357442609
5991,2.195959595959596,0.5523232323232323,0.0006727642282155377,0.09409904224385282
5992,2.195959595959596,0.5582828282828283,-0.00038476320023946524,0.09430745431213662
5993,2.195959595959596,0.5642424242424242,0.0007493250817753953,0.09565551725014888
5994,2.195959595959596,0.5702020202020202,-9.724900687362294e-05,0.097828632519423
5995,2.195959595959596,0.5761616161616161,-0.0002417458663578725,0.09843135434005068
5996,2.195959595959596,0.582121212121212,-0.0018449525358424153,0.09766118844962839
5997,2.195959595959596,0.588080808080808,0.00021340013898744344,0.10113893499817087
5998,2.195959595959596,0.594040404040404,-0.0007844183216556938,0.10086728499074779
5999,2.195959595959596,0.6,0.00018841276853417765,0.10185312629390984
6000,2.216060606060606,0.01,-1.2216995555406097e-05,0.0017166701204564712
6001,2.216060606060606,0.01595959595959596,-6.940893015010418e-05,0.0027059337434821827
6002,2.216060606060606,0.021919191919191918,-6.127826235843992e-06,0.0037763941156389006
6003,2.216060606060606,0.027878787878787878,-1.8579736249343938e-05,0.0047896620126179935
6004,2.216060606060606,0.033838383838383834,2.9543905716372698e-05,0.005780517845752068
6005,2.216060606060606,0.0397979797979798,7.347309857719253e-08,0.006840130753676085
6006,2.216060606060606,0.045757575757575754,1.3797602023492107e-05,0.007792330394548669
6007,2.216060606060606,0.05171717171717172,0.0001429408144677728,0.00878420150083556
6008,2.216060606060606,0.05767676767676767,8.625159218201115e-05,0.009996970417588739
6009,2.216060606060606,0.06363636363636363,-0.00011636735412878565,0.010996792367220263
6010,2.216060606060606,0.06959595959595959,0.0001805599490098442,0.012002991619861313
6011,2.216060606060606,0.07555555555555554,1.7490673115854172e-07,0.01289677409907787
6012,2.216060606060606,0.0815151515151515,-7.635896923559002e-05,0.013986351219728176
6013,2.216060606060606,0.08747474747474746,0.00022925350853849304,0.015078176959430274
6014,2.216060606060606,0.09343434343434343,3.882592485538113e-05,0.016289004166501416
6015,2.216060606060606,0.09939393939393938,-7.341751894380914e-05,0.0169799148432305
6016,2.216060606060606,0.10535353535353534,-8.417496577355287e-05,0.01797229508364126
6017,2.216060606060606,0.1113131313131313,0.00026061143942327923,0.018815481654657334
6018,2.216060606060606,0.11727272727272725,-0.00019999370090097082,0.02000695367346296
6019,2.216060606060606,0.12323232323232322,2.953905477172716e-05,0.02123832128717603
6020,2.216060606060606,0.1291919191919192,0.00020316605840279035,0.02187384859868292
6021,2.216060606060606,0.13515151515151513,0.0002842360124057162,0.023148320335403927
6022,2.216060606060606,0.1411111111111111,3.110430936771388e-05,0.024249476725008417
6023,2.216060606060606,0.14707070707070707,-0.00017593751947496842,0.02532091289480974
6024,2.216060606060606,0.15303030303030302,0.00014479126651116892,0.026235298551929753
6025,2.216060606060606,0.158989898989899,-3.3902845175302054e-05,0.027578742651833583
6026,2.216060606060606,0.16494949494949493,-0.0003970876289492869,0.02822229372671336
6027,2.216060606060606,0.1709090909090909,5.631120376812623e-05,0.02918420732238699
6028,2.216060606060606,0.17686868686868687,0.00019706610468762784,0.030483205284313867
6029,2.216060606060606,0.1828282828282828,0.0006659564866815201,0.031556605823584494
6030,2.216060606060606,0.18878787878787878,0.00020317343208550788,0.03231209762890578
6031,2.216060606060606,0.19474747474747472,4.2889102446562256e-05,0.033481649200097906
6032,2.216060606060606,0.2007070707070707,-0.0005243428734911221,0.034213987801750424
6033,2.216060606060606,0.20666666666666667,-9.600449457411742e-06,0.03497334221188552
6034,2.216060606060606,0.2126262626262626,-0.0001681680179893372,0.03620787647727304
6035,2.216060606060606,0.21858585858585858,-9.500575635761646e-05,0.03793159268811293
6036,2.216060606060606,0.22454545454545452,-9.22667822774199e-05,0.0386993507512617
6037,2.216060606060606,0.2305050505050505,-0.00042604493849152385,0.039032979693497914
6038,2.216060606060606,0.23646464646464646,0.0006130340395452446,0.041117009482385454
6039,2.216060606060606,0.2424242424242424,-9.097557421187048e-05,0.041732003881972034
6040,2.216060606060606,0.24838383838383837,-2.1350244757434254e-05,0.042833367441432346
6041,2.216060606060606,0.2543434343434343,-0.0006726346133098037,0.043562536387428616
6042,2.216060606060606,0.26030303030303026,6.519349698929555e-06,0.045153525700584625
6043,2.216060606060606,0.26626262626262626,0.0003975852776070785,0.04610551181790809
6044,2.216060606060606,0.2722222222222222,0.000874213130406823,0.04683283741941053
6045,2.216060606060606,0.27818181818181814,0.00010421117654457266,0.04812214672881575
6046,2.216060606060606,0.28414141414141414,-0.0003958777554655103,0.049016720666752944
6047,2.216060606060606,0.2901010101010101,-0.0008820651111920856,0.04994974140091328
6048,2.216060606060606,0.296060606060606,-5.678713487550384e-05,0.05110216831811479
6049,2.216060606060606,0.302020202020202,0.0005739853160215933,0.05204324985476126
6050,2.216060606060606,0.30797979797979796,5.6090337222677266e-05,0.053116785537000846
6051,2.216060606060606,0.3139393939393939,0.0004271613862862276,0.053646599946062135
6052,2.216060606060606,0.31989898989898985,-0.00023304459702545505,0.05499766168008788
6053,2.216060606060606,0.32585858585858585,-6.149792164689805e-07,0.05611515394868129
6054,2.216060606060606,0.3318181818181818,0.0005114563156441534,0.0573651044477662
6055,2.216060606060606,0.33777777777777773,4.8608290554423084e-05,0.058647708304900084
6056,2.216060606060606,0.34373737373737373,0.00046462432224541754,0.05970761671322718
6057,2.216060606060606,0.3496969696969697,-0.0002872169218014487,0.05995086675736478
6058,2.216060606060606,0.3556565656565656,-0.0002440731571072286,0.061409653415986074
6059,2.216060606060606,0.3616161616161616,-0.00010853147561777088,0.06221793619125053
6060,2.216060606060606,0.36757575757575756,0.000884539220298719,0.06331724938785252
6061,2.216060606060606,0.3735353535353535,-0.0009164027486306469,0.06406293217640455
6062,2.216060606060606,0.37949494949494944,0.00023692825031644045,0.06551757427822255
6063,2.216060606060606,0.38545454545454544,-0.0003532003198865832,0.06656496834358246
6064,2.216060606060606,0.3914141414141414,0.0006048913924251582,0.06761526504463256
6065,2.216060606060606,0.3973737373737373,-0.0004817634613365351,0.06864302053542401
6066,2.216060606060606,0.4033333333333333,6.101226830380924e-06,0.06871151520229166
6067,2.216060606060606,0.40929292929292926,0.0005635624056485062,0.07048971159948554
6068,2.216060606060606,0.4152525252525252,-0.0004774340857677953,0.07194538427937225
6069,2.216060606060606,0.42121212121212115,0.0002808675984752834,0.07265484404049237
6070,2.216060606060606,0.42717171717171715,-0.0003619268385881399,0.07349453102404827
6071,2.216060606060606,0.4331313131313131,-0.0003726828252807733,0.07485490428975315
6072,2.216060606060606,0.43909090909090903,0.0010617540791945206,0.07555991643870273
6073,2.216060606060606,0.44505050505050503,-0.0010831236249596139,0.0763112976963001
6074,2.216060606060606,0.45101010101010097,-0.0007283934631783197,0.07727199266877824
6075,2.216060606060606,0.4569696969696969,-0.00011145588657671785,0.07985636403859214
6076,2.216060606060606,0.4629292929292929,-0.0005242031674479932,0.07948065717158825
6077,2.216060606060606,0.46888888888888886,0.0003310909105586112,0.08152584486784478
6078,2.216060606060606,0.4748484848484848,-0.0007855388852367229,0.08165777473494788
6079,2.216060606060606,0.48080808080808074,-0.0012343848404576595,0.08316401659283933
6080,2.216060606060606,0.48676767676767674,-0.0007186742824449223,0.08425627634657933
6081,2.216060606060606,0.4927272727272727,0.0001729346867467873,0.08615280753464012
6082,2.216060606060606,0.4986868686868686,0.00030254084449177947,0.0850901555528816
6083,2.216060606060606,0.5046464646464646,-0.001069037177958354,0.08655573265629246
6084,2.216060606060606,0.5106060606060605,0.0011371714884482488,0.08879845606071848
6085,2.216060606060606,0.5165656565656566,-0.0008898178967104257,0.08828364950637894
6086,2.216060606060606,0.5225252525252525,-0.0032399766455670927,0.08882149740282327
6087,2.216060606060606,0.5284848484848484,7.458251069015702e-05,0.091588972224073
6088,2.216060606060606,0.5344444444444444,-0.0008271087634007148,0.09275412284722777
6089,2.216060606060606,0.5404040404040403,0.0006776459650166138,0.09437201569432255
6090,2.216060606060606,0.5463636363636363,0.0010992559362762837,0.09462295754580444
6091,2.216060606060606,0.5523232323232323,0.0019898713669493267,0.09682385665435439
6092,2.216060606060606,0.5582828282828283,-0.0006500584125376818,0.09907586607290587
6093,2.216060606060606,0.5642424242424242,0.0004925489578009826,0.09826410172500141
6094,2.216060606060606,0.5702020202020202,-0.0003149061655824019,0.10034979119023328
6095,2.216060606060606,0.5761616161616161,0.00035587556172131585,0.100380981742437
6096,2.216060606060606,0.582121212121212,-0.0016311287129452043,0.10034205448673472
6097,2.216060606060606,0.588080808080808,0.0012965800205413818,0.10275082812962623
6098,2.216060606060606,0.594040404040404,-0.0010748853271344162,0.10237106918179646
6099,2.216060606060606,0.6,0.0009398484262869856,0.10450271670797817
6100,2.236161616161616,0.01,9.127518971163006e-06,0.001726257167783465
6101,2.236161616161616,0.01595959595959596,-5.647291475091887e-06,0.002767005430134154
6102,2.236161616161616,0.021919191919191918,-1.300327138436227e-05,0.003824960227642234
6103,2.236161616161616,0.027878787878787878,-9.939855578022417e-06,0.00486353738251446
6104,2.236161616161616,0.033838383838383834,-3.838774747892238e-05,0.005952631520783319
6105,2.236161616161616,0.0397979797979798,4.844318811009662e-07,0.006969918841724478
6106,2.236161616161616,0.045757575757575754,0.0002411042807490022,0.007952690723318884
6107,2.236161616161616,0.05171717171717172,-5.9589875276560765e-05,0.009093495703132056
6108,2.236161616161616,0.05767676767676767,-2.4031686269401398e-05,0.010030181988956331
6109,2.236161616161616,0.06363636363636363,3.609952064434217e-05,0.011194477487911629
6110,2.236161616161616,0.06959595959595959,0.0001469616826889911,0.012077108336632655
6111,2.236161616161616,0.07555555555555554,-4.3651871180964566e-05,0.013177970186627277
6112,2.236161616161616,0.0815151515151515,-0.00012463092122212165,0.014182882183621633
6113,2.236161616161616,0.08747474747474746,-5.373285338859779e-05,0.015212092338040219
6114,2.236161616161616,0.09343434343434343,-0.00037093026147427355,0.016353763652848796
6115,2.236161616161616,0.09939393939393938,0.00020483616618124253,0.017160920444425232
6116,2.236161616161616,0.10535353535353534,0.00019602221374144838,0.018221236962118154
6117,2.236161616161616,0.1113131313131313,0.0001289107223435067,0.01939437429976784
6118,2.236161616161616,0.11727272727272725,5.497302050627255e-05,0.020555683324628867
6119,2.236161616161616,0.12323232323232322,0.00039734709361688257,0.02157654914167359
6120,2.236161616161616,0.1291919191919192,-0.0002685095630116913,0.02262441587661039
6121,2.236161616161616,0.13515151515151513,-4.314044931120712e-05,0.023719933204202875
6122,2.236161616161616,0.1411111111111111,0.0004871357844505285,0.024471471260503568
6123,2.236161616161616,0.14707070707070707,0.0002575303768039044,0.025709588238248905
6124,2.236161616161616,0.15303030303030302,0.000552041339545737,0.02676461643564946
6125,2.236161616161616,0.158989898989899,-0.00026095190208163513,0.027825891489959873
6126,2.236161616161616,0.16494949494949493,0.0004920072041567442,0.028814924366431217
6127,2.236161616161616,0.1709090909090909,-0.00016787943613349722,0.029861998313986973
6128,2.236161616161616,0.17686868686868687,-0.00023187916250593882,0.030745901747962042
6129,2.236161616161616,0.1828282828282828,1.5554337442232912e-05,0.03192851431468485
6130,2.236161616161616,0.18878787878787878,0.0005824848165017846,0.0334041446310433
6131,2.236161616161616,0.19474747474747472,-0.0004519692365468935,0.03384240866616801
6132,2.236161616161616,0.2007070707070707,0.00043672129630666225,0.03498638636744378
6133,2.236161616161616,0.20666666666666667,0.0004363462318592341,0.03576128373702836
6134,2.236161616161616,0.2126262626262626,0.00018952728294023742,0.03705111698955683
6135,2.236161616161616,0.21858585858585858,-0.0005114831849084402,0.03802979971074633
6136,2.236161616161616,0.22454545454545452,0.0002308124560968595,0.039197028530526666
6137,2.236161616161616,0.2305050505050505,-0.0008041272065110467,0.040237999109286285
6138,2.236161616161616,0.23646464646464646,0.0008361126863103644,0.041217797833537365
6139,2.236161616161616,0.2424242424242424,-2.1738747575643148e-05,0.04195876351053595
6140,2.236161616161616,0.24838383838383837,-0.00026532642693352274,0.04258756577834942
6141,2.236161616161616,0.2543434343434343,0.0006539091205560204,0.04493826712602843
6142,2.236161616161616,0.26030303030303026,0.0012059036933830922,0.04513038580251091
6143,2.236161616161616,0.26626262626262626,0.0002531271240293464,0.04689240540286681
6144,2.236161616161616,0.2722222222222222,-0.00020269022051583484,0.04754701903815055
6145,2.236161616161616,0.27818181818181814,0.00015317057978896984,0.048624940546740554
6146,2.236161616161616,0.28414141414141414,-0.00025914362284259183,0.04994276563484849
6147,2.236161616161616,0.2901010101010101,-0.000330176306363215,0.05130958962088764
6148,2.236161616161616,0.296060606060606,-8.735640371661398e-05,0.05232895364915839
6149,2.236161616161616,0.302020202020202,0.00031158943338152145,0.05339233067357328
6150,2.236161616161616,0.30797979797979796,-0.00022815697558912395,0.05350991870933668
6151,2.236161616161616,0.3139393939393939,0.00016188961855704065,0.05495615402233564
6152,2.236161616161616,0.31989898989898985,6.991995566713422e-05,0.05598664701110613
6153,2.236161616161616,0.32585858585858585,-0.0002072713788795859,0.05717841011323812
6154,2.236161616161616,0.3318181818181818,-8.168863804066869e-05,0.05733727037991595
6155,2.236161616161616,0.33777777777777773,0.0008798350591380943,0.06018698680830189
6156,2.236161616161616,0.34373737373737373,0.00015128271653022822,0.06034765659937735
6157,2.236161616161616,0.3496969696969697,0.0006287113186919133,0.06178172222833806
6158,2.236161616161616,0.3556565656565656,0.0001385327934214522,0.06252678396944027
6159,2.236161616161616,0.3616161616161616,0.00016779337132614855,0.06313018482643902
6160,2.236161616161616,0.36757575757575756,9.056160509901163e-05,0.06397669099860324
6161,2.236161616161616,0.3735353535353535,0.0002454994567201295,0.06590565173790239
6162,2.236161616161616,0.37949494949494944,0.0001908598368435232,0.06627814933618824
6163,2.236161616161616,0.38545454545454544,-0.00033659338808762074,0.06805268272312887
6164,2.236161616161616,0.3914141414141414,-0.0006075147231419225,0.06783723485954851
6165,2.236161616161616,0.3973737373737373,0.0007885500081510268,0.0695514319426162
6166,2.236161616161616,0.4033333333333333,0.00030261986020220163,0.07139729081048153
6167,2.236161616161616,0.40929292929292926,-0.00019205394428788188,0.07260372440897542
6168,2.236161616161616,0.4152525252525252,-0.0006620604212012973,0.0721394658418414
6169,2.236161616161616,0.42121212121212115,-0.0007322174546845606,0.07354981003341662
6170,2.236161616161616,0.42717171717171715,-0.00029588751720599715,0.07499925035988211
6171,2.236161616161616,0.4331313131313131,0.0005106219121710371,0.07607055703490813
6172,2.236161616161616,0.43909090909090903,0.0005993673679329684,0.07640711227324447
6173,2.236161616161616,0.44505050505050503,-0.0012835055413536415,0.07793181430919024
6174,2.236161616161616,0.45101010101010097,4.894414480959704e-05,0.07939073065285138
6175,2.236161616161616,0.4569696969696969,7.107651875751509e-05,0.07971839269761008
6176,2.236161616161616,0.4629292929292929,-0.00029921339760504166,0.08182289343408052
6177,2.236161616161616,0.46888888888888886,-0.0003441373338830241,0.0818942582145334
6178,2.236161616161616,0.4748484848484848,2.0795917540734844e-05,0.0837201350451366
6179,2.236161616161616,0.48080808080808074,0.000885048767304032,0.08480004948203626
6180,2.236161616161616,0.48676767676767674,-0.000351125393453444,0.08608263436685154
6181,2.236161616161616,0.4927272727272727,-0.0004526541248891685,0.08569137333313617
6182,2.236161616161616,0.4986868686868686,-0.0005542246755208765,0.08686000528145023
6183,2.236161616161616,0.5046464646464646,0.001988067879147216,0.08947402119653297
6184,2.236161616161616,0.5106060606060605,-0.0004921387574599003,0.0902165934071909
6185,2.236161616161616,0.5165656565656566,-0.0005334026429813017,0.09022153725810782
6186,2.236161616161616,0.5225252525252525,-0.0013064954802005108,0.09295455085512268
6187,2.236161616161616,0.5284848484848484,-5.9879619759171555e-05,0.09404735572347528
6188,2.236161616161616,0.5344444444444444,-0.0011010678270866653,0.09391946862099125
6189,2.236161616161616,0.5404040404040403,-0.0011756288780059067,0.09473650591947091
6190,2.236161616161616,0.5463636363636363,0.00022102397344945702,0.09696054873846942
6191,2.236161616161616,0.5523232323232323,0.00022384868497924906,0.09587079824342132
6192,2.236161616161616,0.5582828282828283,0.0003215765226184815,0.09872719939793419
6193,2.236161616161616,0.5642424242424242,0.0013925637110241485,0.09989211906887056
6194,2.236161616161616,0.5702020202020202,0.0002894389578373356,0.1008208330860687
6195,2.236161616161616,0.5761616161616161,0.00023391404068188386,0.10234199214345276
6196,2.236161616161616,0.582121212121212,-0.0007011221516800294,0.1034803716205856
6197,2.236161616161616,0.588080808080808,0.0014027873330226665,0.10425631301403963
6198,2.236161616161616,0.594040404040404,-0.00010115077924463352,0.10596339467054572
6199,2.236161616161616,0.6,-0.0010025698949641959,0.1054582246994443
6200,2.256262626262626,0.01,1.9737574009792037e-06,0.0017651923888852927
6201,2.256262626262626,0.01595959595959596,3.477232920579204e-05,0.002840686889303061
6202,2.256262626262626,0.021919191919191918,-8.832649353140509e-06,0.0038956636354936357
6203,2.256262626262626,0.027878787878787878,2.9250450653749092e-05,0.004948785743591277
6204,2.256262626262626,0.033838383838383834,4.002616048627006e-05,0.005959804775483694
6205,2.256262626262626,0.0397979797979798,1.5077603781910175e-05,0.006939152443169254
6206,2.256262626262626,0.045757575757575754,1.6312781333312275e-05,0.008105707440686314
6207,2.256262626262626,0.05171717171717172,-0.00011773624182145168,0.009236644507572772
6208,2.256262626262626,0.05767676767676767,1.3495519869082584e-05,0.010221837825977855
6209,2.256262626262626,0.06363636363636363,4.201796664280637e-05,0.01123933526577383
6210,2.256262626262626,0.06959595959595959,0.00013653611306639534,0.012141906248021446
6211,2.256262626262626,0.07555555555555554,5.574751954333527e-05,0.013511558663219247
6212,2.256262626262626,0.0815151515151515,1.2486908162800159e-05,0.014571333048942705
6213,2.256262626262626,0.08747474747474746,-0.000276531378018813,0.015533847784692342
6214,2.256262626262626,0.09343434343434343,0.0004054382731774778,0.016429313994291216
6215,2.256262626262626,0.09939393939393938,7.576587844386222e-05,0.017587801209920855
6216,2.256262626262626,0.10535353535353534,-0.00018203109874942133,0.018570814896248112
6217,2.256262626262626,0.1113131313131313,-0.0003244271002656536,0.01968307537767389
6218,2.256262626262626,0.11727272727272725,0.00023073329876874743,0.020590449002818503
6219,2.256262626262626,0.12323232323232322,-0.0002719513438767717,0.021583774109864968
6220,2.256262626262626,0.1291919191919192,-7.265152456318119e-05,0.02312949282654634
6221,2.256262626262626,0.13515151515151513,0.0001893158747019831,0.023833530016742783
6222,2.256262626262626,0.1411111111111111,-5.300990070614974e-05,0.02493177479390552
6223,2.256262626262626,0.14707070707070707,0.00013887707826887893,0.026196670232824473
6224,2.256262626262626,0.15303030303030302,-0.0005727751855350075,0.027002691287430363
6225,2.256262626262626,0.158989898989899,-2.1440958372183162e-05,0.027944395242234358
6226,2.256262626262626,0.16494949494949493,0.00023007636849176722,0.02932939449920879
6227,2.256262626262626,0.1709090909090909,0.00016739851767730093,0.03036032307523741
6228,2.256262626262626,0.17686868686868687,0.00030507970430986687,0.031156979872975363
6229,2.256262626262626,0.1828282828282828,-0.00017980701426678942,0.032207361130324665
6230,2.256262626262626,0.18878787878787878,5.406952065808838e-05,0.03375498738627808
6231,2.256262626262626,0.19474747474747472,0.00029970064702637,0.0342554192225129
6232,2.256262626262626,0.2007070707070707,7.07521017016139e-05,0.03582886713340219
6233,2.256262626262626,0.20666666666666667,0.0002531953822056038,0.036887714098881925
6234,2.256262626262626,0.2126262626262626,-6.767576770807671e-06,0.037510591137106364
6235,2.256262626262626,0.21858585858585858,-0.0001888142847552604,0.03881695626703197
6236,2.256262626262626,0.22454545454545452,5.095864596257392e-05,0.04019187872164735
6237,2.256262626262626,0.2305050505050505,0.00020682196867664526,0.04068877529664589
6238,2.256262626262626,0.23646464646464646,-0.00013097942095355344,0.042084969561244565
6239,2.256262626262626,0.2424242424242424,-0.0008689890551786434,0.04312272512765507
6240,2.256262626262626,0.24838383838383837,0.0001801958459029799,0.043837898384758545
6241,2.256262626262626,0.2543434343434343,-0.00014491379630991586,0.04487634554215034
6242,2.256262626262626,0.26030303030303026,-0.00013429751028016601,0.046512648459731964
6243,2.256262626262626,0.26626262626262626,-0.000424354767311111,0.04749285323957492
6244,2.256262626262626,0.2722222222222222,-5.950645680700992e-05,0.048352337910437415
6245,2.256262626262626,0.27818181818181814,0.0008558793368464389,0.0499153111597758
6246,2.256262626262626,0.28414141414141414,0.0012490181214200174,0.05046517953985021
6247,2.256262626262626,0.2901010101010101,-0.0006086723293544032,0.05171471517219383
6248,2.256262626262626,0.296060606060606,0.0009827203798765006,0.05246679982006263
6249,2.256262626262626,0.302020202020202,0.00020682047914311017,0.05450990838895148
6250,2.256262626262626,0.30797979797979796,-0.0009038714151394024,0.05456560006442628
6251,2.256262626262626,0.3139393939393939,2.8840292131834143e-05,0.05572399698630208
6252,2.256262626262626,0.31989898989898985,0.00022354671016103298,0.05623912829680459
6253,2.256262626262626,0.32585858585858585,0.00031854839571276284,0.05944777263267042
6254,2.256262626262626,0.3318181818181818,-0.0006711718494256956,0.058574852606591815
6255,2.256262626262626,0.33777777777777773,6.837414323971453e-05,0.060481565307746205
6256,2.256262626262626,0.34373737373737373,-9.746480718738264e-05,0.06174317807810603
6257,2.256262626262626,0.3496969696969697,-0.0009322508689910202,0.06207876349573304
6258,2.256262626262626,0.3556565656565656,0.0003543829966870689,0.06231469340132395
6259,2.256262626262626,0.3616161616161616,0.0009469168174050491,0.0647399582801198
6260,2.256262626262626,0.36757575757575756,0.00043641533475057194,0.06567928133882821
6261,2.256262626262626,0.3735353535353535,0.00024638257553460556,0.06661846210353319
6262,2.256262626262626,0.37949494949494944,0.00044474234036363916,0.06706548055046405
6263,2.256262626262626,0.38545454545454544,0.0003893396372988317,0.06858460385934215
6264,2.256262626262626,0.3914141414141414,0.0011812271314345136,0.06983909826326355
6265,2.256262626262626,0.3973737373737373,0.0011682199845334425,0.07096245684328133
6266,2.256262626262626,0.4033333333333333,-0.00018200396110315572,0.07264692416374592
6267,2.256262626262626,0.40929292929292926,-1.0948562384699766e-06,0.0725858390700267
6268,2.256262626262626,0.4152525252525252,-0.0009741078970837933,0.0738059507318096
6269,2.256262626262626,0.42121212121212115,0.0008659790976250903,0.07495286767525763
6270,2.256262626262626,0.42717171717171715,-0.0017246243044250747,0.07585713404930819
6271,2.256262626262626,0.4331313131313131,-7.537090378721558e-05,0.07718606149055378
6272,2.256262626262626,0.43909090909090903,-0.0001261863104601031,0.07774050692906948
6273,2.256262626262626,0.44505050505050503,0.000224223423482052,0.08012463605705909
6274,2.256262626262626,0.45101010101010097,0.0007852969370915637,0.07982914760704456
6275,2.256262626262626,0.4569696969696969,0.00016611910830300228,0.0819988981004085
6276,2.256262626262626,0.4629292929292929,-0.0008794286748326357,0.08287463516377712
6277,2.256262626262626,0.46888888888888886,-0.0009731382411159325,0.08277651523061451
6278,2.256262626262626,0.4748484848484848,0.0008181587102145953,0.08511544346820125
6279,2.256262626262626,0.48080808080808074,-0.002123032011949931,0.0854399049706695
6280,2.256262626262626,0.48676767676767674,0.0007355110151311383,0.08723914748758622
6281,2.256262626262626,0.4927272727272727,-0.0007729410708184969,0.08806135262587665
6282,2.256262626262626,0.4986868686868686,-0.0001466398423091622,0.08942631660072346
6283,2.256262626262626,0.5046464646464646,-0.000862323822183466,0.08955448715914704
6284,2.256262626262626,0.5106060606060605,0.00042831071541059166,0.09158581193294717
6285,2.256262626262626,0.5165656565656566,0.0007882454531780773,0.09286008362040495
6286,2.256262626262626,0.5225252525252525,-0.0005542512062301405,0.09449739957109661
6287,2.256262626262626,0.5284848484848484,0.001808717097403337,0.0961843417131543
6288,2.256262626262626,0.5344444444444444,-0.0006554957860398881,0.09527800251080282
6289,2.256262626262626,0.5404040404040403,-0.0007350291891564817,0.09749593736776217
6290,2.256262626262626,0.5463636363636363,-0.0004816220753353324,0.09714265505893656
6291,2.256262626262626,0.5523232323232323,-0.0005448660703946555,0.10124367582874359
6292,2.256262626262626,0.5582828282828283,0.000882537107219728,0.10067372605225089
6293,2.256262626262626,0.5642424242424242,-0.0019319215516272127,0.1004473255148078
6294,2.256262626262626,0.5702020202020202,0.0005933291305880809,0.10309415776088561
6295,2.256262626262626,0.5761616161616161,-0.0007532109834564264,0.1031079316858633
6296,2.256262626262626,0.582121212121212,-0.0006964805789587202,0.10487320275764622
6297,2.256262626262626,0.588080808080808,-0.0014253533852112514,0.10451724027166762
6298,2.256262626262626,0.594040404040404,0.001188227341259488,0.10777260813235467
6299,2.256262626262626,0.6,-0.0007056386485091729,0.10805890773812038
6300,2.2763636363636364,0.01,1.967780010281427e-05,0.0017970077969984386
6301,2.2763636363636364,0.01595959595959596,-5.458763817746448e-06,0.0028497025771023507
6302,2.2763636363636364,0.021919191919191918,3.0245230922111988e-05,0.0039195083746181155
6303,2.2763636363636364,0.027878787878787878,1.3209901904106235e-05,0.005055788556746817
6304,2.2763636363636364,0.033838383838383834,-2.5822954430774425e-05,0.006031238100576634
6305,2.2763636363636364,0.0397979797979798,4.029741347599692e-06,0.007245096919622684
6306,2.2763636363636364,0.045757575757575754,6.342435288460868e-06,0.008188938227014391
6307,2.2763636363636364,0.05171717171717172,0.00011029033984353607,0.009203082714783251
6308,2.2763636363636364,0.05767676767676767,-2.8498068212050297e-05,0.010525277042113534
6309,2.2763636363636364,0.06363636363636363,-0.0002093554481612638,0.011364328873157097
6310,2.2763636363636364,0.06959595959595959,-4.520384495254577e-05,0.012492818181953297
6311,2.2763636363636364,0.07555555555555554,-7.10735051373542e-05,0.013620355888573615
6312,2.2763636363636364,0.0815151515151515,6.810718203521218e-05,0.014543884389329768
6313,2.2763636363636364,0.08747474747474746,0.00012618116217706193,0.015572711339575511
6314,2.2763636363636364,0.09343434343434343,7.621012889058819e-05,0.01674066562915982
6315,2.2763636363636364,0.09939393939393938,-3.486376821969934e-05,0.017785440609702666
6316,2.2763636363636364,0.10535353535353534,-9.365776863879503e-05,0.019216324297820907
6317,2.2763636363636364,0.1113131313131313,0.0002807136502041336,0.020050188174860904
6318,2.2763636363636364,0.11727272727272725,-0.00021843970031569656,0.021154460766322762
6319,2.2763636363636364,0.12323232323232322,-0.00026869337789124306,0.02229754195481656
6320,2.2763636363636364,0.1291919191919192,-0.0004276986774902814,0.023376031362577203
6321,2.2763636363636364,0.13515151515151513,-4.011859813440002e-05,0.024438182313665607
6322,2.2763636363636364,0.1411111111111111,-6.386962716098654e-06,0.025390077838755788
6323,2.2763636363636364,0.14707070707070707,-5.809104696802273e-05,0.026328113574061746
6324,2.2763636363636364,0.15303030303030302,0.00010665510048404383,0.027692875507786745
6325,2.2763636363636364,0.158989898989899,-0.0004171091137010384,0.028602659858173098
6326,2.2763636363636364,0.16494949494949493,0.00016225936527220378,0.029739390004705123
6327,2.2763636363636364,0.1709090909090909,0.0005430526615751225,0.030739242336769057
6328,2.2763636363636364,0.17686868686868687,2.2535120810112152e-05,0.03187746795435205
6329,2.2763636363636364,0.1828282828282828,-3.585980727058538e-05,0.032752491887034996
6330,2.2763636363636364,0.18878787878787878,0.00024415752618208337,0.034092856101941536
6331,2.2763636363636364,0.19474747474747472,-3.459838576848138e-05,0.03527499309870318
6332,2.2763636363636364,0.2007070707070707,-0.000665768383181469,0.036493142120565536
6333,2.2763636363636364,0.20666666666666667,-0.000454274073188076,0.03690988300877096
6334,2.2763636363636364,0.2126262626262626,9.794095714627597e-05,0.03865545342836897
6335,2.2763636363636364,0.21858585858585858,-0.000595117808328406,0.03960815769715694
6336,2.2763636363636364,0.22454545454545452,-0.0001181276091495787,0.04041250014554512
6337,2.2763636363636364,0.2305050505050505,0.0003331311939471003,0.0414936126692185
6338,2.2763636363636364,0.23646464646464646,0.0005876922664344367,0.04273566348257213
6339,2.2763636363636364,0.2424242424242424,-0.00031162831094319577,0.04392487751063367
6340,2.2763636363636364,0.24838383838383837,-0.00023831792042256015,0.0449576192008297
6341,2.2763636363636364,0.2543434343434343,0.0003669771133754877,0.04547142194304729
6342,2.2763636363636364,0.26030303030303026,-0.0002576440091828874,0.04720392047465983
6343,2.2763636363636364,0.26626262626262626,1.1177002513897239e-05,0.048133914541313674
6344,2.2763636363636364,0.2722222222222222,0.0001510742889420843,0.048850607375163675
6345,2.2763636363636364,0.27818181818181814,-0.00012106187004165662,0.04975155200825368
6346,2.2763636363636364,0.28414141414141414,-0.00019400949637040613,0.05160615090476403
6347,2.2763636363636364,0.2901010101010101,0.0001591687078590179,0.05270269288695647
6348,2.2763636363636364,0.296060606060606,-0.0002614738975457223,0.05310402713282893
6349,2.2763636363636364,0.302020202020202,0.00044287935089295285,0.05431731962964875
6350,2.2763636363636364,0.30797979797979796,0.00021480780388116548,0.05594194992364037
6351,2.2763636363636364,0.3139393939393939,0.0005774243932369846,0.05685503393302413
6352,2.2763636363636364,0.31989898989898985,0.0005001949034321452,0.05776901657320569
6353,2.2763636363636364,0.32585858585858585,0.00027125173845035075,0.05914532025561871
6354,2.2763636363636364,0.3318181818181818,-0.0008845579295776945,0.05994207922929892
6355,2.2763636363636364,0.33777777777777773,-0.0002392884402118952,0.06016210051841637
6356,2.2763636363636364,0.34373737373737373,0.0006085944539617344,0.06251866518961266
6357,2.2763636363636364,0.3496969696969697,0.00020986872716875914,0.06328905935914521
6358,2.2763636363636364,0.3556565656565656,0.00041075054585099763,0.06438441850643627
6359,2.2763636363636364,0.3616161616161616,0.0003129050381837394,0.06510276104920737
6360,2.2763636363636364,0.36757575757575756,-0.000615864041801277,0.06592267914330377
6361,2.2763636363636364,0.3735353535353535,-0.00010357286350168185,0.0681067846431756
6362,2.2763636363636364,0.37949494949494944,-0.0010839095771990996,0.0677630690014801
6363,2.2763636363636364,0.38545454545454544,1.692094937654285e-05,0.0694074674892049
6364,2.2763636363636364,0.3914141414141414,-0.0003781490169993391,0.07167561944817209
6365,2.2763636363636364,0.3973737373737373,-0.00023627641524350578,0.07116333451726208
6366,2.2763636363636364,0.4033333333333333,0.0003587667178004905,0.07221782922272364
6367,2.2763636363636364,0.40929292929292926,0.0002967030948269448,0.07379620264256735
6368,2.2763636363636364,0.4152525252525252,-1.5931668966634515e-05,0.0764133133404539
6369,2.2763636363636364,0.42121212121212115,-0.00032291433507801085,0.07581691720963447
6370,2.2763636363636364,0.42717171717171715,0.0002598128331735633,0.0771806694016576
6371,2.2763636363636364,0.4331313131313131,-0.0002165316938511116,0.07846090979855264
6372,2.2763636363636364,0.43909090909090903,-0.0006258972257627688,0.08073216400268964
6373,2.2763636363636364,0.44505050505050503,-0.0013552361189476656,0.08054093540680786
6374,2.2763636363636364,0.45101010101010097,9.194847259791184e-05,0.08204618283449566
6375,2.2763636363636364,0.4569696969696969,-0.00019342042401485475,0.0845920820984748
6376,2.2763636363636364,0.4629292929292929,-0.0005563563155160338,0.08434342009367918
6377,2.2763636363636364,0.46888888888888886,0.00015509967655344116,0.08558362665980077
6378,2.2763636363636364,0.4748484848484848,0.0013674480490275182,0.08682381318546924
6379,2.2763636363636364,0.48080808080808074,0.001050827769935724,0.08779104395322819
6380,2.2763636363636364,0.48676767676767674,0.0005792793352346482,0.08876863679643664
6381,2.2763636363636364,0.4927272727272727,0.0021043129725841696,0.08975222949404237
6382,2.2763636363636364,0.4986868686868686,0.0010950299470183086,0.09034128099074826
6383,2.2763636363636364,0.5046464646464646,0.0014549677048796427,0.09139621316281776
6384,2.2763636363636364,0.5106060606060605,-0.0001761593358578707,0.09280598196445142
6385,2.2763636363636364,0.5165656565656566,0.0010017787072465027,0.09347535522326836
6386,2.2763636363636364,0.5225252525252525,-0.00015420810012256117,0.09488302300840222
6387,2.2763636363636364,0.5284848484848484,0.0005819674423954463,0.09565370478635363
6388,2.2763636363636364,0.5344444444444444,0.00044186687781551387,0.09805948288263026
6389,2.2763636363636364,0.5404040404040403,-0.0010569590071783225,0.09894183912288972
6390,2.2763636363636364,0.5463636363636363,-0.0012018128023272145,0.09823385598930477
6391,2.2763636363636364,0.5523232323232323,0.0010873846665283011,0.10102338897169855
6392,2.2763636363636364,0.5582828282828283,-0.0012137579034162153,0.10317477582657769
6393,2.2763636363636364,0.5642424242424242,-0.0008477498510779196,0.10206686226985262
6394,2.2763636363636364,0.5702020202020202,0.0006202886324704876,0.1040907566690566
6395,2.2763636363636364,0.5761616161616161,0.0007794506451594597,0.10566255065544909
6396,2.2763636363636364,0.582121212121212,-0.0030668638119992777,0.10504503222171149
6397,2.2763636363636364,0.588080808080808,-0.0013231234866280211,0.10467726988860528
6398,2.2763636363636364,0.594040404040404,0.00021891712375057636,0.10848613101403512
6399,2.2763636363636364,0.6,0.0005871616285371234,0.11059294381044638
6400,2.2964646464646465,0.01,4.209111425839884e-06,0.0018203786217420726
6401,2.2964646464646465,0.01595959595959596,1.2140274030022068e-05,0.0029161799876216525
6402,2.2964646464646465,0.021919191919191918,-1.0029501104894523e-05,0.004007593241643225
6403,2.2964646464646465,0.027878787878787878,7.47644224662995e-05,0.00502986929774767
6404,2.2964646464646465,0.033838383838383834,5.468761695823288e-06,0.006237898858381151
6405,2.2964646464646465,0.0397979797979798,8.469678711227183e-05,0.0072432594599462444
6406,2.2964646464646465,0.045757575757575754,3.1473352132275e-05,0.008319527571823014
6407,2.2964646464646465,0.05171717171717172,-9.740446276310541e-05,0.009511777948933844
6408,2.2964646464646465,0.05767676767676767,-4.668816741101611e-05,0.010489975775000345
6409,2.2964646464646465,0.06363636363636363,-0.00014332230973354608,0.011687685642661145
6410,2.2964646464646465,0.06959595959595959,1.3226790625138141e-05,0.012627682957135775
6411,2.2964646464646465,0.07555555555555554,-0.00025009535589130155,0.01376695587147863
6412,2.2964646464646465,0.0815151515151515,-0.0001999661504415892,0.014849859812229728
6413,2.2964646464646465,0.08747474747474746,0.00016968503076913874,0.01605234738939153
6414,2.2964646464646465,0.09343434343434343,-5.403370152692289e-05,0.017067781111827957
6415,2.2964646464646465,0.09939393939393938,-0.00014933496921368478,0.018043347690514033
6416,2.2964646464646465,0.10535353535353534,-1.2901766595534036e-05,0.019242640291646657
6417,2.2964646464646465,0.1113131313131313,-0.0004445726947387187,0.020245058257194564
6418,2.2964646464646465,0.11727272727272725,0.00011052129834164109,0.021523135020965905
6419,2.2964646464646465,0.12323232323232322,-0.0003447612159244581,0.022455475798226595
6420,2.2964646464646465,0.1291919191919192,-0.000606816060566623,0.023495910630361418
6421,2.2964646464646465,0.13515151515151513,0.0005043727358015966,0.024596734441171414
6422,2.2964646464646465,0.1411111111111111,4.979674657375084e-05,0.025827471589268736
6423,2.2964646464646465,0.14707070707070707,4.2300211100065866e-05,0.02656506589128632
6424,2.2964646464646465,0.15303030303030302,9.238394392039994e-06,0.028105343301782902
6425,2.2964646464646465,0.158989898989899,-0.0004049872932140823,0.028904987649452717
6426,2.2964646464646465,0.16494949494949493,0.0001881285282820163,0.03012831032767554
6427,2.2964646464646465,0.1709090909090909,0.0001414637166023388,0.03114874805839573
6428,2.2964646464646465,0.17686868686868687,0.00019370623022667036,0.03203161150699774
6429,2.2964646464646465,0.1828282828282828,0.0005450306985818969,0.03284363853085359
6430,2.2964646464646465,0.18878787878787878,-0.00014131599407791296,0.03420091773643464
6431,2.2964646464646465,0.19474747474747472,-8.544337580723445e-05,0.03546385012032251
6432,2.2964646464646465,0.2007070707070707,0.0006707199799488424,0.0364587234985576
6433,2.2964646464646465,0.20666666666666667,0.000352295700573854,0.03778051579531483
6434,2.2964646464646465,0.2126262626262626,0.0005048658902231176,0.03904640199425378
6435,2.2964646464646465,0.21858585858585858,5.330376225643283e-05,0.04040948643521825
6436,2.2964646464646465,0.22454545454545452,-0.00039731969957665126,0.04074092633265257
6437,2.2964646464646465,0.2305050505050505,-6.230740336070309e-05,0.04250580428782729
6438,2.2964646464646465,0.23646464646464646,0.0007447491220165547,0.0433481866246894
6439,2.2964646464646465,0.2424242424242424,0.00025949223758342434,0.04400304070721893
6440,2.2964646464646465,0.24838383838383837,0.000751797658351856,0.04601628384967499
6441,2.2964646464646465,0.2543434343434343,-8.87150286860647e-05,0.04625849224401221
6442,2.2964646464646465,0.26030303030303026,-0.00021324119541990115,0.048313139659284576
6443,2.2964646464646465,0.26626262626262626,-0.0006875791465293194,0.04861912661842215
6444,2.2964646464646465,0.2722222222222222,0.0002706683866044881,0.04984201120869361
6445,2.2964646464646465,0.27818181818181814,-0.00040161565622489866,0.05057823756290625
6446,2.2964646464646465,0.28414141414141414,-0.0006326147009404764,0.05174476089974289
6447,2.2964646464646465,0.2901010101010101,0.00015350049959002505,0.05286816933325355
6448,2.2964646464646465,0.296060606060606,0.0002331848024817493,0.05392715053056828
6449,2.2964646464646465,0.302020202020202,0.0011064185878028891,0.0555560248569956
6450,2.2964646464646465,0.30797979797979796,-5.31003716561431e-05,0.05652546616993503
6451,2.2964646464646465,0.3139393939393939,0.0004273254757126596,0.05806010060785988
6452,2.2964646464646465,0.31989898989898985,0.0006679637867434008,0.05871187536252878
6453,2.2964646464646465,0.32585858585858585,-0.0010200296424213683,0.05954075866913898
6454,2.2964646464646465,0.3318181818181818,-0.0008324023662687582,0.06096888268795496
6455,2.2964646464646465,0.33777777777777773,0.0001662255696043733,0.06214477679944966
6456,2.2964646464646465,0.34373737373737373,0.00019997693016181347,0.0635172685011469
6457,2.2964646464646465,0.3496969696969697,0.0002663371962995224,0.06450680018240153
6458,2.2964646464646465,0.3556565656565656,0.00048140459342274367,0.06581066187913265
6459,2.2964646464646465,0.3616161616161616,-0.001486408503786873,0.06595474105201757
6460,2.2964646464646465,0.36757575757575756,-5.920216444040394e-06,0.06643678561492501
6461,2.2964646464646465,0.3735353535353535,-0.0008886935472671164,0.06949693715048619
6462,2.2964646464646465,0.37949494949494944,-0.0010379006159316785,0.0699524477777674
6463,2.2964646464646465,0.38545454545454544,0.0008061549097928076,0.07189247889643495
6464,2.2964646464646465,0.3914141414141414,-0.0006058584943912038,0.07214033417305417
6465,2.2964646464646465,0.3973737373737373,-0.0009129490348493512,0.07266356752523526
6466,2.2964646464646465,0.4033333333333333,-0.0007823017289921905,0.07398459431387489
6467,2.2964646464646465,0.40929292929292926,-0.0005530967646696831,0.07555205103872882
6468,2.2964646464646465,0.4152525252525252,-0.0012928059400198998,0.07669960961497414
6469,2.2964646464646465,0.42121212121212115,-0.0001096155501193377,0.07709596151719766
6470,2.2964646464646465,0.42717171717171715,0.0003020639471242027,0.0781327894616941
6471,2.2964646464646465,0.4331313131313131,-7.301998027010463e-05,0.07864738972876498
6472,2.2964646464646465,0.43909090909090903,5.698417572058201e-05,0.08115188452594044
6473,2.2964646464646465,0.44505050505050503,0.0010473357975604707,0.08159693266553407
6474,2.2964646464646465,0.45101010101010097,0.0009742406413190828,0.08203820865978068
6475,2.2964646464646465,0.4569696969696969,-0.001545718160105488,0.08437833886377326
6476,2.2964646464646465,0.4629292929292929,-0.0004642903292731813,0.08393758872970762
6477,2.2964646464646465,0.46888888888888886,-0.0009053711292082095,0.08556740880673896
6478,2.2964646464646465,0.4748484848484848,0.0005196007699183579,0.08763794601856666
6479,2.2964646464646465,0.48080808080808074,0.0007602382380266761,0.08768462355670673
6480,2.2964646464646465,0.48676767676767674,-1.4072009832170895e-05,0.090637645288776
6481,2.2964646464646465,0.4927272727272727,-0.001943516911293878,0.09008789876523596
6482,2.2964646464646465,0.4986868686868686,0.00044705389677604377,0.09314035901535526
6483,2.2964646464646465,0.5046464646464646,0.0006369343516815759,0.09216361966801216
6484,2.2964646464646465,0.5106060606060605,0.001186039733332807,0.09428868217086915
6485,2.2964646464646465,0.5165656565656566,0.0007678633699729455,0.09545552732504377
6486,2.2964646464646465,0.5225252525252525,0.0011114152483310137,0.09635446431028516
6487,2.2964646464646465,0.5284848484848484,-0.00033594339907302897,0.09804474178516231
6488,2.2964646464646465,0.5344444444444444,-0.0006724928687507476,0.09925937793441755
6489,2.2964646464646465,0.5404040404040403,-0.00019675567947452226,0.10016345057106457
6490,2.2964646464646465,0.5463636363636363,-0.0004959448220029748,0.10101320925331787
6491,2.2964646464646465,0.5523232323232323,-0.0012521475104612801,0.10302793588190212
6492,2.2964646464646465,0.5582828282828283,9.449238801742918e-05,0.10285687957086082
6493,2.2964646464646465,0.5642424242424242,0.0022055678403595336,0.10678555543259018
6494,2.2964646464646465,0.5702020202020202,-0.0001112747734006351,0.10634651365315057
6495,2.2964646464646465,0.5761616161616161,-0.0015986789290896115,0.10608532709705111
6496,2.2964646464646465,0.582121212121212,-0.0010041512126450095,0.10729548737000963
6497,2.2964646464646465,0.588080808080808,0.0024865849294612593,0.10795600906953444
6498,2.2964646464646465,0.594040404040404,0.0013291533375592165,0.11135294326038432
6499,2.2964646464646465,0.6,0.0023421587522759455,0.11272953517504679
6500,2.3165656565656567,0.01,1.3227369609532302e-06,0.0018332571063003288
6501,2.3165656565656567,0.01595959595959596,-1.546168048122808e-05,0.0029577304939958494
6502,2.3165656565656567,0.021919191919191918,5.9732550496642937e-05,0.004090793143747458
6503,2.3165656565656567,0.027878787878787878,-2.810406194303161e-06,0.005211696667348479
6504,2.3165656565656567,0.033838383838383834,9.120611669611578e-06,0.006287428379273948
6505,2.3165656565656567,0.0397979797979798,9.518016179673452e-05,0.007430086215070352
6506,2.3165656565656567,0.045757575757575754,5.302083158370442e-05,0.00851517852214641
6507,2.3165656565656567,0.05171717171717172,-6.875925242004457e-05,0.00957581849608529
6508,2.3165656565656567,0.05767676767676767,6.096257170105798e-05,0.010628695227620456
6509,2.3165656565656567,0.06363636363636363,-9.747942964356471e-05,0.011884151955006465
6510,2.3165656565656567,0.06959595959595959,1.857103364438335e-05,0.012785397438179816
6511,2.3165656565656567,0.07555555555555554,6.335510695391952e-05,0.014098600230840995
6512,2.3165656565656567,0.0815151515151515,-0.0001417198369451057,0.014914774999283075
6513,2.3165656565656567,0.08747474747474746,-0.0002666756145681004,0.016257780588372486
6514,2.3165656565656567,0.09343434343434343,7.826046339541133e-05,0.01728926112601785
6515,2.3165656565656567,0.09939393939393938,-0.00017457186099275503,0.018359790998766317
6516,2.3165656565656567,0.10535353535353534,8.174006204520594e-05,0.0193899496317841
6517,2.3165656565656567,0.1113131313131313,9.995438866889863e-05,0.020796106556578063
6518,2.3165656565656567,0.11727272727272725,-4.80186591345765e-05,0.02179346128558954
6519,2.3165656565656567,0.12323232323232322,-0.00027464528027078397,0.022685948712395994
6520,2.3165656565656567,0.1291919191919192,-7.515419382742e-05,0.023880019841938573
6521,2.3165656565656567,0.13515151515151513,0.00013848462072681616,0.025345477731386724
6522,2.3165656565656567,0.1411111111111111,0.00016304883883393152,0.026175923396888616
6523,2.3165656565656567,0.14707070707070707,-0.0004353157310268104,0.027273521609355644
6524,2.3165656565656567,0.15303030303030302,-0.0005867888863684211,0.028480143635378485
6525,2.3165656565656567,0.158989898989899,-0.00011586318516206862,0.029626790909712132
6526,2.3165656565656567,0.16494949494949493,0.00014119367185722858,0.030963400448165257
6527,2.3165656565656567,0.1709090909090909,-0.00013322978404126546,0.03132790040039293
6528,2.3165656565656567,0.17686868686868687,0.00021251764491553624,0.032926066997047906
6529,2.3165656565656567,0.1828282828282828,-0.00035023904368941127,0.033875156122711324
6530,2.3165656565656567,0.18878787878787878,0.0003610673303066722,0.03500898831671238
6531,2.3165656565656567,0.19474747474747472,-0.00035516955264745266,0.036251067849125324
6532,2.3165656565656567,0.2007070707070707,0.0008952567409602782,0.03814280594347876
6533,2.3165656565656567,0.20666666666666667,-1.5429153008465213e-05,0.03853489253723774
6534,2.3165656565656567,0.2126262626262626,-0.0010172015843746415,0.0389720671265276
6535,2.3165656565656567,0.21858585858585858,0.0002984010658550704,0.04089193245160944
6536,2.3165656565656567,0.22454545454545452,0.00010677769746121557,0.041341533952590534
6537,2.3165656565656567,0.2305050505050505,0.0004429360752007646,0.042591404617728146
6538,2.3165656565656567,0.23646464646464646,0.0008673875604457027,0.044288436940862416
6539,2.3165656565656567,0.2424242424242424,0.0004842327553357789,0.04509270074359826
6540,2.3165656565656567,0.24838383838383837,5.485895312982774e-05,0.046565745652940534
6541,2.3165656565656567,0.2543434343434343,8.388655811850646e-05,0.047350642753242786
6542,2.3165656565656567,0.26030303030303026,-0.00028966026018757045,0.04902601192915234
6543,2.3165656565656567,0.26626262626262626,-0.00024644160275308363,0.04911201276784192
6544,2.3165656565656567,0.2722222222222222,0.00042353451697372895,0.05061218079890001
6545,2.3165656565656567,0.27818181818181814,6.286040579091559e-05,0.05237552782082571
6546,2.3165656565656567,0.28414141414141414,4.100259913183417e-05,0.05274134154644159
6547,2.3165656565656567,0.2901010101010101,0.0001477414715579176,0.05420277691515435
6548,2.3165656565656567,0.296060606060606,0.0003085096658666244,0.05523581715687552
6549,2.3165656565656567,0.302020202020202,-0.0003914644261186153,0.05656459735471365
6550,2.3165656565656567,0.30797979797979796,-0.00020501025602177593,0.056779357060226965
6551,2.3165656565656567,0.3139393939393939,0.0001092645237983723,0.05860325263610387
6552,2.3165656565656567,0.31989898989898985,0.0006308506489977004,0.06021681057825051
6553,2.3165656565656567,0.32585858585858585,-0.0011028928833230944,0.060645590853603444
6554,2.3165656565656567,0.3318181818181818,0.00033638431708529504,0.06145095968098023
6555,2.3165656565656567,0.33777777777777773,-0.0009007994193283278,0.06272388114025104
6556,2.3165656565656567,0.34373737373737373,0.0009128260965247033,0.06409707114368872
6557,2.3165656565656567,0.3496969696969697,0.001258716357651836,0.06578909731741697
6558,2.3165656565656567,0.3556565656565656,0.0003591604866851762,0.06645303315603954
6559,2.3165656565656567,0.3616161616161616,0.000203379126293503,0.06761565619517143
6560,2.3165656565656567,0.36757575757575756,0.00048553448308476097,0.06900276656138772
6561,2.3165656565656567,0.3735353535353535,9.334194981846738e-05,0.06993638582014869
6562,2.3165656565656567,0.37949494949494944,-0.0005767539252851044,0.07033634838610435
6563,2.3165656565656567,0.38545454545454544,0.001373313392750481,0.07224545069448728
6564,2.3165656565656567,0.3914141414141414,0.0004348348469535125,0.073284031552425
6565,2.3165656565656567,0.3973737373737373,0.0004048908768809882,0.07379350424327247
6566,2.3165656565656567,0.4033333333333333,-0.00032814413608745754,0.07467284834050962
6567,2.3165656565656567,0.40929292929292926,0.001488751958557831,0.07753874443660208
6568,2.3165656565656567,0.4152525252525252,0.0004189058376579707,0.07776916734744194
6569,2.3165656565656567,0.42121212121212115,-0.0005902922720683108,0.07854816761570205
6570,2.3165656565656567,0.42717171717171715,-0.000397130855588726,0.08058434706931511
6571,2.3165656565656567,0.4331313131313131,-0.0002757078360122231,0.08232005557838885
6572,2.3165656565656567,0.43909090909090903,-0.0006520272744673056,0.08179350228981981
6573,2.3165656565656567,0.44505050505050503,0.0008717955964149365,0.08456450306779216
6574,2.3165656565656567,0.45101010101010097,-0.0002956037758836976,0.08442368785647866
6575,2.3165656565656567,0.4569696969696969,0.00043528942536120606,0.0846454056049955
6576,2.3165656565656567,0.4629292929292929,-6.96414047920737e-05,0.08620771529185577
6577,2.3165656565656567,0.46888888888888886,0.0016188621824700191,0.08749704398558426
6578,2.3165656565656567,0.4748484848484848,8.68347778659115e-05,0.08831102272560273
6579,2.3165656565656567,0.48080808080808074,-0.0008489096261702559,0.09015701814179883
6580,2.3165656565656567,0.48676767676767674,0.00013832329035421407,0.09096728471008719
6581,2.3165656565656567,0.4927272727272727,-0.00010616362746857961,0.09292047231209666
6582,2.3165656565656567,0.4986868686868686,0.0009028460992920806,0.09352037204464449
6583,2.3165656565656567,0.5046464646464646,9.684325954657424e-06,0.09310502280436933
6584,2.3165656565656567,0.5106060606060605,-0.0011953022270125456,0.09457159870667095
6585,2.3165656565656567,0.5165656565656566,-0.0006030945719946733,0.0986965495336408
6586,2.3165656565656567,0.5225252525252525,-0.0007864721644266387,0.09850229742802372
6587,2.3165656565656567,0.5284848484848484,8.035502512414618e-05,0.09920193534316543
6588,2.3165656565656567,0.5344444444444444,-0.001698092830078995,0.09983082476378352
6589,2.3165656565656567,0.5404040404040403,-0.00091106516059572,0.10093575108300788
6590,2.3165656565656567,0.5463636363636363,0.0011238311469287732,0.10339695194667413
6591,2.3165656565656567,0.5523232323232323,-0.00046623244800318605,0.10381697970833344
6592,2.3165656565656567,0.5582828282828283,0.0013335865921590738,0.10359075278966963
6593,2.3165656565656567,0.5642424242424242,-0.001090854786272554,0.10490106882508633
6594,2.3165656565656567,0.5702020202020202,0.0009898160244593572,0.1063059918083186
6595,2.3165656565656567,0.5761616161616161,0.0002623356400162591,0.1090349062816459
6596,2.3165656565656567,0.582121212121212,-0.0005062597667356159,0.10894170468603485
6597,2.3165656565656567,0.588080808080808,0.0006290925365594694,0.11110124394220604
6598,2.3165656565656567,0.594040404040404,0.0012167567121235828,0.11281944138500079
6599,2.3165656565656567,0.6,-0.00027723185237140655,0.11380920764814793
6600,2.336666666666667,0.01,-9.801856180645919e-06,0.0018654452134870543
6601,2.336666666666667,0.01595959595959596,1.6898121247506003e-05,0.0030113915727264452
6602,2.336666666666667,0.021919191919191918,-6.580103866507107e-05,0.004096932614441102
6603,2.336666666666667,0.027878787878787878,1.6171202244834813e-05,0.005247671732277817
6604,2.336666666666667,0.033838383838383834,-4.4637144657951545e-05,0.006414338403625226
6605,2.336666666666667,0.0397979797979798,4.0094117863563106e-05,0.007507184328194641
6606,2.336666666666667,0.045757575757575754,-1.318174532044294e-05,0.008557572389967686
6607,2.336666666666667,0.05171717171717172,1.4732364483425763e-05,0.009815579873936277
6608,2.336666666666667,0.05767676767676767,-4.2937351156936075e-05,0.010869861136823436
6609,2.336666666666667,0.06363636363636363,0.0002900803104078488,0.012053970958100442
6610,2.336666666666667,0.06959595959595959,0.00012026693200006915,0.013088019205528753
6611,2.336666666666667,0.07555555555555554,0.00012062632029114101,0.014242288559843998
6612,2.336666666666667,0.0815151515151515,0.00016074723792927967,0.015225944775259978
6613,2.336666666666667,0.08747474747474746,-2.9855690604005038e-05,0.01643924489189357
6614,2.336666666666667,0.09343434343434343,-0.0003630668949277973,0.017859115454934623
6615,2.336666666666667,0.09939393939393938,-7.469230472480626e-05,0.01873843419964888
6616,2.336666666666667,0.10535353535353534,-0.0001420590976767999,0.01993634394611572
6617,2.336666666666667,0.1113131313131313,-0.0004106370933857563,0.020865663065877605
6618,2.336666666666667,0.11727272727272725,0.0004938047053959398,0.022146814773215475
6619,2.336666666666667,0.12323232323232322,4.744472864351867e-05,0.023051875498780516
6620,2.336666666666667,0.1291919191919192,0.00033441301580770864,0.02457801063431735
6621,2.336666666666667,0.13515151515151513,-5.089990246832645e-05,0.025551941574134773
6622,2.336666666666667,0.1411111111111111,-9.882346304797404e-05,0.02635226108796481
6623,2.336666666666667,0.14707070707070707,-0.00011052817830860655,0.027612821506610437
6624,2.336666666666667,0.15303030303030302,0.00011158576204722896,0.028621898969034932
6625,2.336666666666667,0.158989898989899,-0.0003795359189678473,0.029853514644988092
6626,2.336666666666667,0.16494949494949493,0.0003305265159403087,0.030933572176367774
6627,2.336666666666667,0.1709090909090909,-0.0005066270181644007,0.032294717253637764
6628,2.336666666666667,0.17686868686868687,-0.00039107843586987437,0.0334399298896358
6629,2.336666666666667,0.1828282828282828,-0.00011898984985742651,0.03417755950061962
6630,2.336666666666667,0.18878787878787878,-0.0003316026174919342,0.03572915046076468
6631,2.336666666666667,0.19474747474747472,-0.0005990838777006078,0.03669911652064883
6632,2.336666666666667,0.2007070707070707,2.8711966119890198e-05,0.03781802897908672
6633,2.336666666666667,0.20666666666666667,-0.00046080263098759254,0.03871785451278852
6634,2.336666666666667,0.2126262626262626,-0.0002923460466987236,0.0398395778023545
6635,2.336666666666667,0.21858585858585858,0.00031243258965402924,0.04109495680313556
6636,2.336666666666667,0.22454545454545452,-0.0006688170385490797,0.04255625360723896
6637,2.336666666666667,0.2305050505050505,0.0003823991980837244,0.043049583509186695
6638,2.336666666666667,0.23646464646464646,0.0007489503126393243,0.044516352382751714
6639,2.336666666666667,0.2424242424242424,0.0006472143963380663,0.04602110223440741
6640,2.336666666666667,0.24838383838383837,0.00019322289863983277,0.04705817186393089
6641,2.336666666666667,0.2543434343434343,-0.0001657887070926705,0.0479196989264545
6642,2.336666666666667,0.26030303030303026,0.0002554690799508185,0.04919818760585068
6643,2.336666666666667,0.26626262626262626,-0.0008269687003342374,0.050147542674131816
6644,2.336666666666667,0.2722222222222222,0.00030168971353240244,0.05138947952913883
6645,2.336666666666667,0.27818181818181814,-0.000399418897797909,0.05228005554868861
6646,2.336666666666667,0.28414141414141414,-0.0008581472502584647,0.05348512210327468
6647,2.336666666666667,0.2901010101010101,0.0004088387702890036,0.054381730545958795
6648,2.336666666666667,0.296060606060606,-7.97035094567308e-05,0.05562271264293977
6649,2.336666666666667,0.302020202020202,-0.0001707122045376547,0.057371683601646226
6650,2.336666666666667,0.30797979797979796,0.0009969073616390317,0.05887005169851384
6651,2.336666666666667,0.3139393939393939,0.0006048053076210526,0.06008187486296113
6652,2.336666666666667,0.31989898989898985,-0.0013962481120565397,0.059772144180117184
6653,2.336666666666667,0.32585858585858585,-0.00039503588497583444,0.062215679440489266
6654,2.336666666666667,0.3318181818181818,0.0003407049570176243,0.06270746513767751
6655,2.336666666666667,0.33777777777777773,0.0005118618409456728,0.06473099602225364
6656,2.336666666666667,0.34373737373737373,0.00036452419485220243,0.0659886154388702
6657,2.336666666666667,0.3496969696969697,-0.0008041841596933554,0.06605348581401306
6658,2.336666666666667,0.3556565656565656,-0.00014100219041609705,0.067466220068665
6659,2.336666666666667,0.3616161616161616,-0.002339087854755075,0.06814676986610235
6660,2.336666666666667,0.36757575757575756,-0.0005332762343850627,0.06935547752001445
6661,2.336666666666667,0.3735353535353535,-0.0008526221910119396,0.07070027326703537
6662,2.336666666666667,0.37949494949494944,0.0008210508174601374,0.0724337169447557
6663,2.336666666666667,0.38545454545454544,0.00011058988085940074,0.07429659757953716
6664,2.336666666666667,0.3914141414141414,0.0003256320834601951,0.07434651262297554
6665,2.336666666666667,0.3973737373737373,-0.00041225041498290407,0.07499256171439526
6666,2.336666666666667,0.4033333333333333,0.0006113432680205095,0.07713276864260296
6667,2.336666666666667,0.40929292929292926,-0.0006637573360672318,0.07783869482768044
6668,2.336666666666667,0.4152525252525252,-0.0006880176895006192,0.07760090033502087
6669,2.336666666666667,0.42121212121212115,0.00021169569723544272,0.07916171681325214
6670,2.336666666666667,0.42717171717171715,0.0007362290727113015,0.08243545178384996
6671,2.336666666666667,0.4331313131313131,0.0007560897784109781,0.08264698051572575
6672,2.336666666666667,0.43909090909090903,-4.8766759550605476e-05,0.08315003443066081
6673,2.336666666666667,0.44505050505050503,0.0005536240069345005,0.08439034170415934
6674,2.336666666666667,0.45101010101010097,0.0005137631653820556,0.08560675068684502
6675,2.336666666666667,0.4569696969696969,-0.0008540926911530156,0.08663352880193446
6676,2.336666666666667,0.4629292929292929,-0.0023648414060679843,0.08663348713695004
6677,2.336666666666667,0.46888888888888886,-0.0004984069956910175,0.0896528616165512
6678,2.336666666666667,0.4748484848484848,-0.0005626757948446586,0.08987728172512707
6679,2.336666666666667,0.48080808080808074,-0.00044744936160234306,0.09122042842000555
6680,2.336666666666667,0.48676767676767674,0.0012896826396116851,0.09243487146724438
6681,2.336666666666667,0.4927272727272727,-0.0012060569505380119,0.09409343143374092
6682,2.336666666666667,0.4986868686868686,-0.0014355699304614941,0.09438198447735263
6683,2.336666666666667,0.5046464646464646,0.0007849282559198155,0.09720482416223962
6684,2.336666666666667,0.5106060606060605,-0.001552761723690033,0.09622336793850463
6685,2.336666666666667,0.5165656565656566,0.0002677805333300324,0.09819401769522511
6686,2.336666666666667,0.5225252525252525,-0.0004939323554712852,0.09889077795986996
6687,2.336666666666667,0.5284848484848484,0.0009523036308929825,0.10041248981500124
6688,2.336666666666667,0.5344444444444444,0.0028458986000314546,0.10342889255947589
6689,2.336666666666667,0.5404040404040403,0.0007053875902669454,0.10292926936498681
6690,2.336666666666667,0.5463636363636363,-0.0014899258649282328,0.10343591677089173
6691,2.336666666666667,0.5523232323232323,0.0013464123410115633,0.1041093513995153
6692,2.336666666666667,0.5582828282828283,0.0019643079699919294,0.10628585487896715
6693,2.336666666666667,0.5642424242424242,0.0011066944618334266,0.10929817429322689
6694,2.336666666666667,0.5702020202020202,0.00012789547381418672,0.10864973364525432
6695,2.336666666666667,0.5761616161616161,0.0006116404345954267,0.11195935813078225
6696,2.336666666666667,0.582121212121212,0.001103278430933756,0.11178639779461791
6697,2.336666666666667,0.588080808080808,0.0006800182643360765,0.11155083909317699
6698,2.336666666666667,0.594040404040404,-0.0005483407847659054,0.11299042615000791
6699,2.336666666666667,0.6,-0.0004165956984377042,0.11372660370759968
6700,2.356767676767677,0.01,1.4784704081883515e-05,0.001913375417037133
6701,2.356767676767677,0.01595959595959596,-1.1297573819514506e-05,0.003036224962920105
6702,2.356767676767677,0.021919191919191918,-3.0795006652409715e-05,0.004197964626383659
6703,2.356767676767677,0.027878787878787878,-8.945165010317252e-05,0.005334636068828048
6704,2.356767676767677,0.033838383838383834,0.00010127165531977665,0.0064386403083695936
6705,2.356767676767677,0.0397979797979798,-0.00011786412961875343,0.007651494945934421
6706,2.356767676767677,0.045757575757575754,-0.000251266074029212,0.008788044623486615
6707,2.356767676767677,0.05171717171717172,-0.0001318013349847514,0.009924027317543133
6708,2.356767676767677,0.05767676767676767,-0.00010057536569616883,0.011084242071555473
6709,2.356767676767677,0.06363636363636363,-2.801431818090465e-05,0.012164031901568577
6710,2.356767676767677,0.06959595959595959,7.699928840417378e-05,0.013274389976747356
6711,2.356767676767677,0.07555555555555554,-2.3941901067334326e-05,0.01459360337602034
6712,2.356767676767677,0.0815151515151515,4.624804291407511e-05,0.015548803176881912
6713,2.356767676767677,0.08747474747474746,0.00022694263259991394,0.016633828709360716
6714,2.356767676767677,0.09343434343434343,-7.89532027945105e-05,0.01777463248818739
6715,2.356767676767677,0.09939393939393938,-2.9718308689457218e-05,0.019061623852530477
6716,2.356767676767677,0.10535353535353534,0.0001309544600707386,0.02019620757909422
6717,2.356767676767677,0.1113131313131313,-0.00013715152407363032,0.021145586025881555
6718,2.356767676767677,0.11727272727272725,-0.00010543400587026745,0.02242448174937174
6719,2.356767676767677,0.12323232323232322,-0.00010527896412300308,0.023425616952648037
6720,2.356767676767677,0.1291919191919192,-0.0003977196441610856,0.024347103677131186
6721,2.356767676767677,0.13515151515151513,1.062098139790233e-05,0.025796322851029722
6722,2.356767676767677,0.1411111111111111,-0.00012599609114120552,0.02679831980523961
6723,2.356767676767677,0.14707070707070707,-0.00021818624073068697,0.028303724267958245
6724,2.356767676767677,0.15303030303030302,-0.000354620104058575,0.029031988245654908
6725,2.356767676767677,0.158989898989899,-0.00012882818699434025,0.03039872249322979
6726,2.356767676767677,0.16494949494949493,0.0006842397774546416,0.031204112165397622
6727,2.356767676767677,0.1709090909090909,0.0002208717735378198,0.033100695163145503
6728,2.356767676767677,0.17686868686868687,0.0005521012980540438,0.03381324631368993
6729,2.356767676767677,0.1828282828282828,-0.00019231157438429292,0.034925176059447456
6730,2.356767676767677,0.18878787878787878,0.0003690360801373404,0.036729059575567484
6731,2.356767676767677,0.19474747474747472,-6.237052379660058e-05,0.03759260022074647
6732,2.356767676767677,0.2007070707070707,0.00032794098177744795,0.03826805800919512
6733,2.356767676767677,0.20666666666666667,0.00041696200020708077,0.039264037557823046
6734,2.356767676767677,0.2126262626262626,-0.00011989700448813018,0.04060673890216162
6735,2.356767676767677,0.21858585858585858,-0.0010494835374272532,0.04168178554481204
6736,2.356767676767677,0.22454545454545452,0.0002813468562508387,0.04298088807234916
6737,2.356767676767677,0.2305050505050505,0.00044237338869560346,0.044220594958722236
6738,2.356767676767677,0.23646464646464646,-0.0005191292883435015,0.04500353164312386
6739,2.356767676767677,0.2424242424242424,0.0006158497046694992,0.047255595066463554
6740,2.356767676767677,0.24838383838383837,-0.0004456722516849611,0.04778752205665435
6741,2.356767676767677,0.2543434343434343,-0.00017911494500788238,0.04876171145989264
6742,2.356767676767677,0.26030303030303026,-0.0007205731796584228,0.04969035182964411
6743,2.356767676767677,0.26626262626262626,-7.89891228980105e-05,0.05116926838557537
6744,2.356767676767677,0.2722222222222222,-0.0002935750455235329,0.05185503528412067
6745,2.356767676767677,0.27818181818181814,-0.0003233335523493319,0.05387172226566242
6746,2.356767676767677,0.28414141414141414,0.0005727097697778359,0.05563201839724048
6747,2.356767676767677,0.2901010101010101,0.0003001529162479442,0.05592992520110801
6748,2.356767676767677,0.296060606060606,-0.00024458951476279817,0.056986229049972255
6749,2.356767676767677,0.302020202020202,0.000819813764367046,0.05869734969608592
6750,2.356767676767677,0.30797979797979796,0.0008744244787867462,0.059156122051639254
6751,2.356767676767677,0.3139393939393939,0.00043474571084178024,0.05992446357023811
6752,2.356767676767677,0.31989898989898985,0.0004568198093642868,0.061078022665069134
6753,2.356767676767677,0.32585858585858585,-0.0007641892654866922,0.06243362394508003
6754,2.356767676767677,0.3318181818181818,0.0004030667554686483,0.06345197132943861
6755,2.356767676767677,0.33777777777777773,0.00012530133277632025,0.06501889587159583
6756,2.356767676767677,0.34373737373737373,-0.00030305926896189274,0.06600060369177993
6757,2.356767676767677,0.3496969696969697,8.649048177385548e-05,0.0678333483218735
6758,2.356767676767677,0.3556565656565656,0.00014825958094693864,0.06816293345044466
6759,2.356767676767677,0.3616161616161616,0.0008379502691103334,0.06909458996258884
6760,2.356767676767677,0.36757575757575756,0.0011581650990027872,0.07141020346633943
6761,2.356767676767677,0.3735353535353535,-0.0005023364256106462,0.07255251760441288
6762,2.356767676767677,0.37949494949494944,0.000348361013572725,0.07322382113177527
6763,2.356767676767677,0.38545454545454544,0.0008811049344980773,0.07440069778098697
6764,2.356767676767677,0.3914141414141414,0.0003240300083280677,0.07435893547286263
6765,2.356767676767677,0.3973737373737373,-2.0144609996428598e-05,0.07631537000157246
6766,2.356767676767677,0.4033333333333333,0.0022511047840924657,0.07790540120961142
6767,2.356767676767677,0.40929292929292926,0.00013550212030738235,0.07851746401725233
6768,2.356767676767677,0.4152525252525252,-0.0011059717471967013,0.07984087392558849
6769,2.356767676767677,0.42121212121212115,-0.00015510274788966676,0.08189235552853714
6770,2.356767676767677,0.42717171717171715,-1.4546864479940424e-05,0.08225167871716903
6771,2.356767676767677,0.4331313131313131,0.0005984923230513184,0.08391972066774676
6772,2.356767676767677,0.43909090909090903,-0.0011392249639658814,0.0847571150071045
6773,2.356767676767677,0.44505050505050503,0.0006989408940142147,0.0856750668698996
6774,2.356767676767677,0.45101010101010097,0.00204493607237343,0.0875407709248323
6775,2.356767676767677,0.4569696969696969,0.0015674480543187224,0.08859677007070463
6776,2.356767676767677,0.4629292929292929,-0.0009267631080612581,0.08851685333076102
6777,2.356767676767677,0.46888888888888886,-0.0014694658943198635,0.08960322484856934
6778,2.356767676767677,0.4748484848484848,0.0022432328984451416,0.0916574391645217
6779,2.356767676767677,0.48080808080808074,-0.0003098345770166814,0.09344210466624879
6780,2.356767676767677,0.48676767676767674,-0.0007069025336193075,0.09295208222887022
6781,2.356767676767677,0.4927272727272727,0.00011822470407627253,0.09593603938783071
6782,2.356767676767677,0.4986868686868686,0.00014631335529152265,0.09719778318634227
6783,2.356767676767677,0.5046464646464646,0.0008252628641183009,0.09875622872537217
6784,2.356767676767677,0.5106060606060605,0.0010105675693001075,0.09946122364354962
6785,2.356767676767677,0.5165656565656566,0.00043250950062019236,0.10006557161361512
6786,2.356767676767677,0.5225252525252525,-0.0009726147654711115,0.10118916098244296
6787,2.356767676767677,0.5284848484848484,0.0009631871200576971,0.1022984162747156
6788,2.356767676767677,0.5344444444444444,0.0011581102483813532,0.10408173910241339
6789,2.356767676767677,0.5404040404040403,0.0005170678412335986,0.10615380394543387
6790,2.356767676767677,0.5463636363636363,-0.0015149181575316814,0.10514800325664445
6791,2.356767676767677,0.5523232323232323,-0.0007661264940302372,0.10760964199985684
6792,2.356767676767677,0.5582828282828283,0.0002863103677497898,0.10917321584173083
6793,2.356767676767677,0.5642424242424242,-0.00045431122402904374,0.10994717211175756
6794,2.356767676767677,0.5702020202020202,0.00042912890024312264,0.11054043854468644
6795,2.356767676767677,0.5761616161616161,-0.00036544408638936705,0.11161524137874436
6796,2.356767676767677,0.582121212121212,0.0009238961806517394,0.1128406623580421
6797,2.356767676767677,0.588080808080808,0.0009296064096549198,0.11411210993935668
6798,2.356767676767677,0.594040404040404,0.0004699734442735311,0.11663772287338861
6799,2.356767676767677,0.6,-0.0006072230271346637,0.11598424661331141
6800,2.3768686868686872,0.01,5.4103374590471875e-06,0.0019427268170212222
6801,2.3768686868686872,0.01595959595959596,5.771468908306574e-05,0.003087075653850908
6802,2.3768686868686872,0.021919191919191918,3.1587315121988536e-06,0.004261344135786652
6803,2.3768686868686872,0.027878787878787878,0.00010709042315953788,0.005381595823611722
6804,2.3768686868686872,0.033838383838383834,7.641566624113494e-05,0.006546705595855569
6805,2.3768686868686872,0.0397979797979798,-0.00010500952161811492,0.007752079668554247
6806,2.3768686868686872,0.045757575757575754,1.70372170210068e-06,0.008868536013120138
6807,2.3768686868686872,0.05171717171717172,-5.3547770091525956e-05,0.00997995592301608
6808,2.3768686868686872,0.05767676767676767,-0.00011274424649935622,0.011239446948551212
6809,2.3768686868686872,0.06363636363636363,-2.798030839724499e-05,0.012333623405992844
6810,2.3768686868686872,0.06959595959595959,6.90142617436503e-05,0.013460645201410054
6811,2.3768686868686872,0.07555555555555554,8.65224576025796e-05,0.014506811653616152
6812,2.3768686868686872,0.0815151515151515,1.8269585758598694e-05,0.01564199059637315
6813,2.3768686868686872,0.08747474747474746,-0.0002089724059459837,0.017044727478341792
6814,2.3768686868686872,0.09343434343434343,0.00023733708490718996,0.01826765729606941
6815,2.3768686868686872,0.09939393939393938,0.0003450886279547077,0.019348289989627218
6816,2.3768686868686872,0.10535353535353534,1.4061315297068722e-05,0.020338105977016453
6817,2.3768686868686872,0.1113131313131313,-0.0002859063865635709,0.021695212991218432
6818,2.3768686868686872,0.11727272727272725,-0.00013819760475582634,0.022519329508738327
6819,2.3768686868686872,0.12323232323232322,0.00026573808068710165,0.02412025157588545
6820,2.3768686868686872,0.1291919191919192,3.1194881377750636e-05,0.025166748008090708
6821,2.3768686868686872,0.13515151515151513,0.0003162566179864416,0.026116817680897998
6822,2.3768686868686872,0.1411111111111111,-5.017980432314673e-06,0.027347279612568765
6823,2.3768686868686872,0.14707070707070707,-0.0005019842243363457,0.028678214765809694
6824,2.3768686868686872,0.15303030303030302,-7.660366533861715e-05,0.029960396063154413
6825,2.3768686868686872,0.158989898989899,-0.00013316804448240135,0.030603236887894646
6826,2.3768686868686872,0.16494949494949493,0.00034949083681265854,0.031973372709793196
6827,2.3768686868686872,0.1709090909090909,-0.00044447954935626237,0.03338400751978432
6828,2.3768686868686872,0.17686868686868687,-0.00024230301605675933,0.034133256555649215
6829,2.3768686868686872,0.1828282828282828,0.0003363182649249022,0.035438352848458435
6830,2.3768686868686872,0.18878787878787878,-0.00036076000004992605,0.036449078675077025
6831,2.3768686868686872,0.19474747474747472,0.0004092110664833057,0.03807343191041216
6832,2.3768686868686872,0.2007070707070707,3.7187509330428913e-06,0.03917447741362518
6833,2.3768686868686872,0.20666666666666667,0.00031579348261419945,0.03978291611044407
6834,2.3768686868686872,0.2126262626262626,0.00015052029504680086,0.040991978850596154
6835,2.3768686868686872,0.21858585858585858,0.0002552280522653597,0.04259052831262918
6836,2.3768686868686872,0.22454545454545452,7.397631146322459e-06,0.04367555090222685
6837,2.3768686868686872,0.2305050505050505,0.0004242393387202222,0.04498962421851304
6838,2.3768686868686872,0.23646464646464646,-8.845391637542948e-05,0.0455237684192
6839,2.3768686868686872,0.2424242424242424,-1.9951504781558694e-05,0.04758968856059456
6840,2.3768686868686872,0.24838383838383837,0.00046757175602941335,0.0484004697930938
6841,2.3768686868686872,0.2543434343434343,-5.450669982889469e-05,0.04924522860292049
6842,2.3768686868686872,0.26030303030303026,4.0210521856373974e-05,0.050506271063379314
6843,2.3768686868686872,0.26626262626262626,-7.429422485853283e-05,0.051937160400555994
6844,2.3768686868686872,0.2722222222222222,0.0002975321289171318,0.05299112073097874
6845,2.3768686868686872,0.27818181818181814,-8.776165456107142e-05,0.053360224345356644
6846,2.3768686868686872,0.28414141414141414,0.0006834126685154138,0.05576928205863975
6847,2.3768686868686872,0.2901010101010101,0.00025411153743053953,0.05743608096348653
6848,2.3768686868686872,0.296060606060606,-0.0003418644156252669,0.0587649441966361
6849,2.3768686868686872,0.302020202020202,0.0005552270283208159,0.05834063542068435
6850,2.3768686868686872,0.30797979797979796,-0.0013280522116120871,0.05993007561681757
6851,2.3768686868686872,0.3139393939393939,-0.0004582514795254973,0.061372691454121005
6852,2.3768686868686872,0.31989898989898985,0.0012486122195359232,0.0621764151862752
6853,2.3768686868686872,0.32585858585858585,-6.590246744900505e-05,0.06307275476411386
6854,2.3768686868686872,0.3318181818181818,0.0007743949523832921,0.06482186477762313
6855,2.3768686868686872,0.33777777777777773,-0.0010269608892892704,0.06480672230268383
6856,2.3768686868686872,0.34373737373737373,-0.0015878671245847234,0.06721336336423585
6857,2.3768686868686872,0.3496969696969697,-0.00042714264075917986,0.06813192729208539
6858,2.3768686868686872,0.3556565656565656,-0.0007292376269934398,0.06939860770794141
6859,2.3768686868686872,0.3616161616161616,-0.00036072515300403127,0.07076255830019658
6860,2.3768686868686872,0.36757575757575756,0.00015555794783317546,0.07185325675612991
6861,2.3768686868686872,0.3735353535353535,-0.00025514361674298155,0.07360448848680286
6862,2.3768686868686872,0.37949494949494944,-0.0002085150435168301,0.07343789615926463
6863,2.3768686868686872,0.38545454545454544,0.0020197385782176804,0.0754806131022529
6864,2.3768686868686872,0.3914141414141414,-0.0007694837518888763,0.0758224751768903
6865,2.3768686868686872,0.3973737373737373,0.002003645846528093,0.07804269615174601
6866,2.3768686868686872,0.4033333333333333,0.0008530484912292805,0.07879948326882205
6867,2.3768686868686872,0.40929292929292926,0.0005127346319419286,0.07993703203907968
6868,2.3768686868686872,0.4152525252525252,-0.0007773983866962426,0.08033304879506116
6869,2.3768686868686872,0.42121212121212115,0.00039430250990533,0.08239612059360274
6870,2.3768686868686872,0.42717171717171715,-0.00017643696193244432,0.08318153550789348
6871,2.3768686868686872,0.4331313131313131,-0.0014749198807202824,0.0841886600711879
6872,2.3768686868686872,0.43909090909090903,-0.0006281979788637022,0.0859209867817336
6873,2.3768686868686872,0.44505050505050503,0.00031783536379703046,0.08718011680687152
6874,2.3768686868686872,0.45101010101010097,-0.0003363084370618735,0.08858169669801183
6875,2.3768686868686872,0.4569696969696969,-7.442815241789855e-05,0.08889495100868258
6876,2.3768686868686872,0.4629292929292929,0.001078744227954355,0.0911505765392801
6877,2.3768686868686872,0.46888888888888886,0.00039697461339559953,0.09273456658018553
6878,2.3768686868686872,0.4748484848484848,-0.001359775286066448,0.09273167569908079
6879,2.3768686868686872,0.48080808080808074,-0.001155821885052008,0.09386294454715141
6880,2.3768686868686872,0.48676767676767674,-0.001429834261020374,0.09487819760215012
6881,2.3768686868686872,0.4927272727272727,-5.8538420839279584e-05,0.09590271107212517
6882,2.3768686868686872,0.4986868686868686,0.0008304954181396195,0.0982070573967483
6883,2.3768686868686872,0.5046464646464646,-0.0027515191897396086,0.09805211866173973
6884,2.3768686868686872,0.5106060606060605,0.001198845477599445,0.1004245368306474
6885,2.3768686868686872,0.5165656565656566,0.0005196358350914245,0.10135284344016585
6886,2.3768686868686872,0.5225252525252525,-0.0005317008301517826,0.10160491668642455
6887,2.3768686868686872,0.5284848484848484,0.0014480853568671467,0.1045682995521213
6888,2.3768686868686872,0.5344444444444444,-0.00041344150422009207,0.10386440588926572
6889,2.3768686868686872,0.5404040404040403,0.0002577321676471361,0.10575915703222513
6890,2.3768686868686872,0.5463636363636363,-0.00045659976994915876,0.10728523245009301
6891,2.3768686868686872,0.5523232323232323,0.0009057162887576041,0.10811679041213312
6892,2.3768686868686872,0.5582828282828283,0.0002712871369501441,0.11061541686221057
6893,2.3768686868686872,0.5642424242424242,0.0015836054551500145,0.11091960986506137
6894,2.3768686868686872,0.5702020202020202,-0.0009547569562269813,0.11186313366035698
6895,2.3768686868686872,0.5761616161616161,3.237964972592624e-05,0.1126267930587549
6896,2.3768686868686872,0.582121212121212,-0.0006013138619053903,0.11427595430651452
6897,2.3768686868686872,0.588080808080808,0.0006812123506858964,0.11716715130292571
6898,2.3768686868686872,0.594040404040404,0.001514451685113335,0.11812879323597184
6899,2.3768686868686872,0.6,0.0019448644556005804,0.11818161750067571
6900,2.396969696969697,0.01,-1.6922573716847e-05,0.0019927881419006693
6901,2.396969696969697,0.01595959595959596,3.100462876246023e-05,0.003132279183577886
6902,2.396969696969697,0.021919191919191918,0.00010203098191967714,0.004301104203136761
6903,2.396969696969697,0.027878787878787878,-2.3924908106314335e-05,0.005437140365258294
6904,2.396969696969697,0.033838383838383834,0.0001383758736737673,0.006661377035157572
6905,2.396969696969697,0.0397979797979798,-9.292188979260934e-05,0.007886780044185889
6906,2.396969696969697,0.045757575757575754,-0.0001375928951420067,0.00896050524145895
6907,2.396969696969697,0.05171717171717172,-0.00017642147400684044,0.01014455510372094
6908,2.396969696969697,0.05767676767676767,5.910716741647445e-05,0.011406040623961501
6909,2.396969696969697,0.06363636363636363,-0.00016226798568957722,0.012544902012843204
6910,2.396969696969697,0.06959595959595959,-9.96222091311804e-05,0.01359743312772328
6911,2.396969696969697,0.07555555555555554,0.0001593091661148556,0.014797455400068405
6912,2.396969696969697,0.0815151515151515,-0.000199856213104987,0.015881439013900538
6913,2.396969696969697,0.08747474747474746,0.00032959773216101535,0.017314813673925476
6914,2.396969696969697,0.09343434343434343,-0.00014827601958257805,0.018498715268022024
6915,2.396969696969697,0.09939393939393938,-8.131920748189111e-05,0.019605813858499386
6916,2.396969696969697,0.10535353535353534,0.00014853827951637696,0.020483280464204362
6917,2.396969696969697,0.1113131313131313,7.736753554908984e-05,0.021763485063644335
6918,2.396969696969697,0.11727272727272725,0.00013923345254008472,0.02305378437324058
6919,2.396969696969697,0.12323232323232322,-0.00019786003271479467,0.024105845497527135
6920,2.396969696969697,0.1291919191919192,-0.00027606897240662405,0.025517091925404207
6921,2.396969696969697,0.13515151515151513,-0.00015434249733948735,0.026654763344248655
6922,2.396969696969697,0.1411111111111111,-0.0004673422261755366,0.027697577284129256
6923,2.396969696969697,0.14707070707070707,-0.00036108815416312516,0.028812288847792775
6924,2.396969696969697,0.15303030303030302,-0.0007826770863531346,0.030126011773328427
6925,2.396969696969697,0.158989898989899,-0.00033958917309215124,0.03113845416836247
6926,2.396969696969697,0.16494949494949493,-0.0003022443707132029,0.032390778786526
6927,2.396969696969697,0.1709090909090909,0.00020719553592081583,0.033409682510883956
6928,2.396969696969697,0.17686868686868687,-0.0008348694887948717,0.03482553668032319
6929,2.396969696969697,0.1828282828282828,0.00014764364897631248,0.03579368886616835
6930,2.396969696969697,0.18878787878787878,0.00016428540228148887,0.036725772472567655
6931,2.396969696969697,0.19474747474747472,-0.00019452750594883613,0.038704436263713116
6932,2.396969696969697,0.2007070707070707,-5.337222485602331e-05,0.03953193207185666
6933,2.396969696969697,0.20666666666666667,2.1339276612362746e-05,0.040693003836217864
6934,2.396969696969697,0.2126262626262626,-7.607374234896472e-05,0.04177228384356664
6935,2.396969696969697,0.21858585858585858,8.850718090731151e-05,0.04313816056757934
6936,2.396969696969697,0.22454545454545452,3.7288106881235185e-05,0.044246268994420294
6937,2.396969696969697,0.2305050505050505,-0.00043311869220546414,0.04559274248160495
6938,2.396969696969697,0.23646464646464646,0.00015293956220669675,0.04684653198293834
6939,2.396969696969697,0.2424242424242424,0.0004448865065813768,0.04743976690707461
6940,2.396969696969697,0.24838383838383837,-0.0001262095295699002,0.04857965440845708
6941,2.396969696969697,0.2543434343434343,-0.0004329230158659476,0.05032481595615045
6942,2.396969696969697,0.26030303030303026,-0.0005365079906616316,0.05151316732230677
6943,2.396969696969697,0.26626262626262626,0.0007746164737609632,0.05228527306074584
6944,2.396969696969697,0.2722222222222222,-0.00029526555498587167,0.053969685812289746
6945,2.396969696969697,0.27818181818181814,0.000521483996589754,0.05548598228109262
6946,2.396969696969697,0.28414141414141414,-6.447635788953811e-05,0.05563097497986529
6947,2.396969696969697,0.2901010101010101,-0.0003792561319549625,0.0574368785230748
6948,2.396969696969697,0.296060606060606,-0.00038847286213567687,0.05878564446456014
6949,2.396969696969697,0.302020202020202,0.0003958268543251311,0.05911905150744781
6950,2.396969696969697,0.30797979797979796,-0.0005217288026847664,0.06158802674729862
6951,2.396969696969697,0.3139393939393939,0.0005418137641801358,0.06186349626105595
6952,2.396969696969697,0.31989898989898985,0.001173656994646285,0.06282472434219753
6953,2.396969696969697,0.32585858585858585,0.0006941781363485865,0.06453902658416368
6954,2.396969696969697,0.3318181818181818,-0.0005990770471778037,0.0653488516262857
6955,2.396969696969697,0.33777777777777773,0.0016944830741510459,0.06723969601848
6956,2.396969696969697,0.34373737373737373,-0.00037726373117244716,0.06629602089030831
6957,2.396969696969697,0.3496969696969697,-0.00015326983941233783,0.06925237501615457
6958,2.396969696969697,0.3556565656565656,-0.0014883639176488384,0.06992834440347998
6959,2.396969696969697,0.3616161616161616,0.0015162465093269486,0.07175900574539094
6960,2.396969696969697,0.36757575757575756,-0.0002461429973667955,0.0722320064880298
6961,2.396969696969697,0.3735353535353535,-0.0019962587089653026,0.07325102633327296
6962,2.396969696969697,0.37949494949494944,-0.00028323113134933007,0.0755642001050935
6963,2.396969696969697,0.38545454545454544,-0.0002708179959452915,0.07650889820100883
6964,2.396969696969697,0.3914141414141414,2.4166756788502042e-05,0.07626392729505156
6965,2.396969696969697,0.3973737373737373,0.0007968377094303575,0.07881437697199703
6966,2.396969696969697,0.4033333333333333,-0.0009054076266126321,0.07882787491080258
6967,2.396969696969697,0.40929292929292926,0.00019208034939924076,0.08110860412577432
6968,2.396969696969697,0.4152525252525252,0.0008125511261142877,0.08232602427681097
6969,2.396969696969697,0.42121212121212115,-0.00020020947849114514,0.0833044382160786
6970,2.396969696969697,0.42717171717171715,0.0006340636338076664,0.08469202773335208
6971,2.396969696969697,0.4331313131313131,-0.000550425811710477,0.08658581326891704
6972,2.396969696969697,0.43909090909090903,0.0019200539680721065,0.08674069288227643
6973,2.396969696969697,0.44505050505050503,0.0003747337266842396,0.0887335474210468
6974,2.396969696969697,0.45101010101010097,6.509018193492367e-07,0.08863429019486034
6975,2.396969696969697,0.4569696969696969,0.0001892488739011904,0.09207292801623189
6976,2.396969696969697,0.4629292929292929,-0.0004786208158972255,0.09107474468969196
6977,2.396969696969697,0.46888888888888886,-0.00043524523345762347,0.09352290517461102
6978,2.396969696969697,0.4748484848484848,-0.0003485218620885409,0.09492365062662483
6979,2.396969696969697,0.48080808080808074,-3.361303850583388e-05,0.09600162939520034
6980,2.396969696969697,0.48676767676767674,-1.4002925160725387e-05,0.09644551710976139
6981,2.396969696969697,0.4927272727272727,-0.0008010377353099049,0.1001689911707267
6982,2.396969696969697,0.4986868686868686,0.0004506856546080525,0.0999767437968155
6983,2.396969696969697,0.5046464646464646,-0.0003905245960074586,0.09883320267377213
6984,2.396969696969697,0.5106060606060605,0.0008945100448962456,0.10184587220805304
6985,2.396969696969697,0.5165656565656566,-0.0004792112642583491,0.10259122095897052
6986,2.396969696969697,0.5225252525252525,0.000759694780638504,0.10514895797718367
6987,2.396969696969697,0.5284848484848484,0.0015176755136884783,0.10514633910427908
6988,2.396969696969697,0.5344444444444444,-0.0012213057089780766,0.10667828060371334
6989,2.396969696969697,0.5404040404040403,-0.0005635908317021432,0.10716441246520682
6990,2.396969696969697,0.5463636363636363,-0.00042165136761657574,0.10954069684471074
6991,2.396969696969697,0.5523232323232323,-0.0021706235582472488,0.1111719546880121
6992,2.396969696969697,0.5582828282828283,-0.0007867733007775219,0.11119216411742994
6993,2.396969696969697,0.5642424242424242,0.0004180133560514355,0.11236889154980752
6994,2.396969696969697,0.5702020202020202,0.0002876363864856374,0.11411327702390438
6995,2.396969696969697,0.5761616161616161,-0.0009109925346895448,0.1141318890606574
6996,2.396969696969697,0.582121212121212,0.0018154289077425823,0.11857825429418035
6997,2.396969696969697,0.588080808080808,-0.0004852493881889414,0.11730123809969183
6998,2.396969696969697,0.594040404040404,0.0008150429213979049,0.11896419820677169
6999,2.396969696969697,0.6,-0.0019834985307366944,0.12014230235573516
7000,2.417070707070707,0.01,-8.144895220310178e-06,0.0020115020445079326
7001,2.417070707070707,0.01595959595959596,2.7132148544509504e-05,0.0031946545577985733
7002,2.417070707070707,0.021919191919191918,4.80101446784443e-05,0.004395727080970641
7003,2.417070707070707,0.027878787878787878,-1.8572661300580818e-05,0.005545156606022162
7004,2.417070707070707,0.033838383838383834,-6.7552102604707e-05,0.006775255135919874
7005,2.417070707070707,0.0397979797979798,1.9113305854768346e-05,0.007948324538808635
7006,2.417070707070707,0.045757575757575754,8.780973580180866e-05,0.009145143345530836
7007,2.417070707070707,0.05171717171717172,4.191862775405496e-05,0.010094241152295281
7008,2.417070707070707,0.05767676767676767,-9.022881593766734e-05,0.01144621749180163
7009,2.417070707070707,0.06363636363636363,6.620227570117225e-05,0.01265442798448953
7010,2.417070707070707,0.06959595959595959,9.23143221601053e-05,0.0140128904087313
7011,2.417070707070707,0.07555555555555554,-9.112488191857006e-05,0.015253807927804584
7012,2.417070707070707,0.0815151515151515,-4.985599414187013e-05,0.01621390117246812
7013,2.417070707070707,0.08747474747474746,-0.0002075767531563817,0.01738096017834671
7014,2.417070707070707,0.09343434343434343,-8.978845948725842e-05,0.01847266038186078
7015,2.417070707070707,0.09939393939393938,-4.3364525235633165e-05,0.0199460122941478
7016,2.417070707070707,0.10535353535353534,-1.1790763868708854e-05,0.020702672967582526
7017,2.417070707070707,0.1113131313131313,-0.00024223344902834896,0.021936786657792164
7018,2.417070707070707,0.11727272727272725,-5.094317321619749e-05,0.023281269098959598
7019,2.417070707070707,0.12323232323232322,0.0002798975978521166,0.024409720940183878
7020,2.417070707070707,0.1291919191919192,0.00029894956793741375,0.026198642832556084
7021,2.417070707070707,0.13515151515151513,-0.00036520673201271626,0.027071804964153404
7022,2.417070707070707,0.1411111111111111,-0.00018900330164726249,0.027965699305896402
7023,2.417070707070707,0.14707070707070707,0.00023522317507964098,0.02930852675998706
7024,2.417070707070707,0.15303030303030302,0.00015653282714558388,0.031113193522820264
7025,2.417070707070707,0.158989898989899,-5.2399238676905616e-05,0.031777853203777344
7026,2.417070707070707,0.16494949494949493,-0.00010403784809116905,0.03303936275511357
7027,2.417070707070707,0.1709090909090909,1.0859555842245805e-05,0.03427768225385678
7028,2.417070707070707,0.17686868686868687,2.3886546633153037e-05,0.035115922106225474
7029,2.417070707070707,0.1828282828282828,-2.271389420676262e-05,0.03614609465246563
7030,2.417070707070707,0.18878787878787878,0.0008599776540560722,0.038196243175139505
7031,2.417070707070707,0.19474747474747472,-0.00020058854793335185,0.03873921190524386
7032,2.417070707070707,0.2007070707070707,0.0010869337202040876,0.0404077722047834
7033,2.417070707070707,0.20666666666666667,0.0002959907836485959,0.041766414731528784
7034,2.417070707070707,0.2126262626262626,0.000651051513080782,0.042376819848497185
7035,2.417070707070707,0.21858585858585858,3.19563468527948e-05,0.04412390849440856
7036,2.417070707070707,0.22454545454545452,0.0005677307964983173,0.045460343888857994
7037,2.417070707070707,0.2305050505050505,0.0006301320850467951,0.046428097886555456
7038,2.417070707070707,0.23646464646464646,0.0006316243102682226,0.047323217715205104
7039,2.417070707070707,0.2424242424242424,5.843890807438841e-05,0.0479394129881206
7040,2.417070707070707,0.24838383838383837,0.0010528767276776164,0.049539210000626825
7041,2.417070707070707,0.2543434343434343,0.00011364637698061562,0.05082355287839842
7042,2.417070707070707,0.26030303030303026,-0.00038901277898984365,0.052600357999330806
7043,2.417070707070707,0.26626262626262626,-0.00036092498153340744,0.05295647969112867
7044,2.417070707070707,0.2722222222222222,0.0004308117431875593,0.05461877417505268
7045,2.417070707070707,0.27818181818181814,-0.00017929307257421754,0.0556438296363528
7046,2.417070707070707,0.28414141414141414,0.0006205465421975998,0.05698151301984599
7047,2.417070707070707,0.2901010101010101,0.0005187932490592024,0.057910192138903076
7048,2.417070707070707,0.296060606060606,0.00021165411808618905,0.058861211523012005
7049,2.417070707070707,0.302020202020202,-0.0008783123126889505,0.060113129208336995
7050,2.417070707070707,0.30797979797979796,0.000991937138503038,0.0615858786980017
7051,2.417070707070707,0.3139393939393939,0.00027718166012172447,0.06269350902879578
7052,2.417070707070707,0.31989898989898985,0.0001738560220198623,0.0645969628247369
7053,2.417070707070707,0.32585858585858585,0.0008698780325073662,0.065531896274841
7054,2.417070707070707,0.3318181818181818,0.00026732483417184455,0.06658297577198256
7055,2.417070707070707,0.33777777777777773,0.0006985670966077569,0.06752179211515363
7056,2.417070707070707,0.34373737373737373,-0.0007686054006217527,0.06868603390434931
7057,2.417070707070707,0.3496969696969697,0.0012885532311569165,0.07015887051313155
7058,2.417070707070707,0.3556565656565656,0.00015625567417296425,0.07125545283336086
7059,2.417070707070707,0.3616161616161616,0.0010373688014465672,0.07192687710294803
7060,2.417070707070707,0.36757575757575756,0.0005889998976907585,0.0744609804760097
7061,2.417070707070707,0.3735353535353535,-0.001467473879284297,0.07476093939093757
7062,2.417070707070707,0.37949494949494944,0.0009080343665776905,0.0765165939622544
7063,2.417070707070707,0.38545454545454544,0.00032719809807394584,0.07742372311229055
7064,2.417070707070707,0.3914141414141414,0.001182111027201675,0.07824505912722872
7065,2.417070707070707,0.3973737373737373,-0.0014300847102594173,0.07915049247031608
7066,2.417070707070707,0.4033333333333333,-0.0009937856805090353,0.08119397735709519
7067,2.417070707070707,0.40929292929292926,-0.0007131830350839215,0.08234854900590877
7068,2.417070707070707,0.4152525252525252,-0.0006709175931500083,0.08326579728266163
7069,2.417070707070707,0.42121212121212115,0.0022212759278665488,0.08540400641014162
7070,2.417070707070707,0.42717171717171715,0.00036521824966591647,0.08641976012023667
7071,2.417070707070707,0.4331313131313131,0.0009320011271266921,0.08765981712025572
7072,2.417070707070707,0.43909090909090903,0.00014069987144938465,0.08806015708307981
7073,2.417070707070707,0.44505050505050503,0.0014834567248600957,0.08888980079888661
7074,2.417070707070707,0.45101010101010097,0.0011111258776989497,0.09043548367549667
7075,2.417070707070707,0.4569696969696969,-0.0007884162122009389,0.09204688839041114
7076,2.417070707070707,0.4629292929292929,-0.0007432901509320653,0.09397298581960824
7077,2.417070707070707,0.46888888888888886,0.0010779976794578871,0.09546637423940209
7078,2.417070707070707,0.4748484848484848,0.0024868806457963664,0.0976479155775387
7079,2.417070707070707,0.48080808080808074,-0.00020228560329488296,0.09666611716280812
7080,2.417070707070707,0.48676767676767674,3.162145610772047e-05,0.09792359312926506
7081,2.417070707070707,0.4927272727272727,0.0016634953926145948,0.10033310216833319
7082,2.417070707070707,0.4986868686868686,-0.0014916627670451734,0.10085552430100815
7083,2.417070707070707,0.5046464646464646,-0.00147162618851467,0.10333397591104182
7084,2.417070707070707,0.5106060606060605,4.2594336773472376e-05,0.10236389769399695
7085,2.417070707070707,0.5165656565656566,-0.001014029369724769,0.10477777708671117
7086,2.417070707070707,0.5225252525252525,0.0007329218229054364,0.10608438044578508
7087,2.417070707070707,0.5284848484848484,0.000826371846775022,0.10706866824269691
7088,2.417070707070707,0.5344444444444444,0.0011051034948265403,0.10955116076471266
7089,2.417070707070707,0.5404040404040403,2.677348260143395e-05,0.11143158792867025
7090,2.417070707070707,0.5463636363636363,0.0007577747135540781,0.11016104403615508
7091,2.417070707070707,0.5523232323232323,-1.1022104346552909e-05,0.110537178147606
7092,2.417070707070707,0.5582828282828283,-0.00011744466722359964,0.11321858270874342
7093,2.417070707070707,0.5642424242424242,-0.00038764663633314943,0.11524675912777964
7094,2.417070707070707,0.5702020202020202,0.0005820337281706241,0.1154553268735193
7095,2.417070707070707,0.5761616161616161,0.0013917002637405496,0.11772382025703747
7096,2.417070707070707,0.582121212121212,-0.001850225887996244,0.11716233421164075
7097,2.417070707070707,0.588080808080808,0.00045252668156446976,0.11855279894014155
7098,2.417070707070707,0.594040404040404,-0.0001578792639711006,0.1201869744929069
7099,2.417070707070707,0.6,-0.00011462773025784996,0.12217468142183231
7100,2.4371717171717173,0.01,-3.151709513902363e-05,0.0020287000461960813
7101,2.4371717171717173,0.01595959595959596,-3.954633642515726e-05,0.0032392747022912814
7102,2.4371717171717173,0.021919191919191918,-4.052232718589186e-05,0.00440671736699972
7103,2.4371717171717173,0.027878787878787878,6.462424145405972e-05,0.0056450227677425436
7104,2.4371717171717173,0.033838383838383834,-2.5158347888495614e-05,0.006850947946649526
7105,2.4371717171717173,0.0397979797979798,-9.524965681345761e-05,0.008023315330142717
7106,2.4371717171717173,0.045757575757575754,8.9265861356745e-05,0.00920816888394926
7107,2.4371717171717173,0.05171717171717172,-5.789680803790133e-05,0.010504681546864264
7108,2.4371717171717173,0.05767676767676767,-3.7978935271659294e-05,0.011674261778027592
7109,2.4371717171717173,0.06363636363636363,-0.0002955693460939242,0.013084361411727035
7110,2.4371717171717173,0.06959595959595959,0.00010458307905665618,0.01429116414462276
7111,2.4371717171717173,0.07555555555555554,9.500028614829162e-05,0.01517433775083611
7112,2.4371717171717173,0.0815151515151515,0.00012178708059100649,0.016410120011332092
7113,2.4371717171717173,0.08747474747474746,-1.3473520304436581e-05,0.01778501082956874
7114,2.4371717171717173,0.09343434343434343,-0.00021963434914057766,0.018749813697888817
7115,2.4371717171717173,0.09939393939393938,-1.0887210979216854e-06,0.020075085184080736
7116,2.4371717171717173,0.10535353535353534,0.0005775203484070004,0.021081036041461054
7117,2.4371717171717173,0.1113131313131313,3.114380412600255e-05,0.0227241528142517
7118,2.4371717171717173,0.11727272727272725,-0.0001329889394310424,0.023652257802872247
7119,2.4371717171717173,0.12323232323232322,-0.0004949827969237256,0.024925497351691927
7120,2.4371717171717173,0.1291919191919192,2.7072963849497412e-05,0.026300140205519292
7121,2.4371717171717173,0.13515151515151513,-0.0002318176955465686,0.02712838436912649
7122,2.4371717171717173,0.1411111111111111,-0.00012871241800505482,0.02872507101623603
7123,2.4371717171717173,0.14707070707070707,-0.0004059630632515878,0.02964409172638296
7124,2.4371717171717173,0.15303030303030302,0.00016640559830280043,0.030572861889633478
7125,2.4371717171717173,0.158989898989899,-1.2748562273317154e-05,0.031941231731471634
7126,2.4371717171717173,0.16494949494949493,-0.0005727451508557938,0.03337097408880902
7127,2.4371717171717173,0.1709090909090909,0.00019181144650543236,0.03431203997526095
7128,2.4371717171717173,0.17686868686868687,-0.00042827548660760186,0.03569747098180761
7129,2.4371717171717173,0.1828282828282828,0.000117744453189943,0.037078451992657614
7130,2.4371717171717173,0.18878787878787878,-9.185148116449151e-05,0.03802465677882009
7131,2.4371717171717173,0.19474747474747472,0.00010485711110511345,0.03966534813524222
7132,2.4371717171717173,0.2007070707070707,4.2345186519000456e-05,0.04020652810265689
7133,2.4371717171717173,0.20666666666666667,6.680791277805724e-05,0.04200445722748744
7134,2.4371717171717173,0.2126262626262626,0.0006837290293146648,0.042551573504840345
7135,2.4371717171717173,0.21858585858585858,0.00013468182459121944,0.044331818666834465
7136,2.4371717171717173,0.22454545454545452,0.0005016510794662154,0.04520278540481498
7137,2.4371717171717173,0.2305050505050505,-0.00015662556538142587,0.04710607487799779
7138,2.4371717171717173,0.23646464646464646,-0.0002619369146289136,0.0478380169034514
7139,2.4371717171717173,0.2424242424242424,-0.000765940765251421,0.048982772328910296
7140,2.4371717171717173,0.24838383838383837,-0.0001370319933494824,0.04992570916675737
7141,2.4371717171717173,0.2543434343434343,0.00029843421563727126,0.05146638973613926
7142,2.4371717171717173,0.26030303030303026,-0.0002514101130839135,0.05372772962922193
7143,2.4371717171717173,0.26626262626262626,0.00046788812896141253,0.05405197551084335
7144,2.4371717171717173,0.2722222222222222,0.00070207351451623,0.05571983147788204
7145,2.4371717171717173,0.27818181818181814,0.00026681506277386244,0.056126397361771614
7146,2.4371717171717173,0.28414141414141414,-0.00023010072613729795,0.05715410783155295
7147,2.4371717171717173,0.2901010101010101,0.001098133626115163,0.05948552045909948
7148,2.4371717171717173,0.296060606060606,0.0007519135171395495,0.06129555245386758
7149,2.4371717171717173,0.302020202020202,0.0002981919645059446,0.0617167670243105
7150,2.4371717171717173,0.30797979797979796,0.0006016392494904055,0.062216647941899336
7151,2.4371717171717173,0.3139393939393939,-0.0001301991996687732,0.06393223230539846
7152,2.4371717171717173,0.31989898989898985,-6.716871296386175e-05,0.0650637777364718
7153,2.4371717171717173,0.32585858585858585,0.0015897168392342079,0.06670937997808767
7154,2.4371717171717173,0.3318181818181818,-0.00010069300508965573,0.0674956077955323
7155,2.4371717171717173,0.33777777777777773,-7.147065544401875e-05,0.06815101295705377
7156,2.4371717171717173,0.34373737373737373,0.0009745923988914857,0.07032595112778676
7157,2.4371717171717173,0.3496969696969697,0.0020380982383434343,0.07174701756096595
7158,2.4371717171717173,0.3556565656565656,-0.0002617366746143482,0.07248515152232746
7159,2.4371717171717173,0.3616161616161616,0.0008258750784242664,0.07337101248171048
7160,2.4371717171717173,0.36757575757575756,0.00019876352983909712,0.0740309080708834
7161,2.4371717171717173,0.3735353535353535,-0.0008163940946941712,0.07538560760082846
7162,2.4371717171717173,0.37949494949494944,0.0007694333417845476,0.07819663596485257
7163,2.4371717171717173,0.38545454545454544,-0.00023088645500939363,0.07827731994668093
7164,2.4371717171717173,0.3914141414141414,0.000228043124149786,0.0788268475192006
7165,2.4371717171717173,0.3973737373737373,-0.00046285246278517117,0.08092974943828288
7166,2.4371717171717173,0.4033333333333333,0.0017676169823544743,0.0828696640667607
7167,2.4371717171717173,0.40929292929292926,-7.285151079247436e-05,0.08306607617599363
7168,2.4371717171717173,0.4152525252525252,0.00010361212673884763,0.08540044293003787
7169,2.4371717171717173,0.42121212121212115,0.0005762775412835726,0.0859880040163159
7170,2.4371717171717173,0.42717171717171715,0.0004184625880995796,0.08780885026217454
7171,2.4371717171717173,0.4331313131313131,0.0007627655105886405,0.08790938007176381
7172,2.4371717171717173,0.43909090909090903,-0.00043208987959407333,0.08833556022844545
7173,2.4371717171717173,0.44505050505050503,0.0005260323179307019,0.09190135524572873
7174,2.4371717171717173,0.45101010101010097,-0.0015152497689466867,0.09225875392470824
7175,2.4371717171717173,0.4569696969696969,-0.0010487790228223047,0.09357000638585375
7176,2.4371717171717173,0.4629292929292929,-0.0004555335881904841,0.09452832588382354
7177,2.4371717171717173,0.46888888888888886,0.0007626627213036004,0.09607386376298133
7178,2.4371717171717173,0.4748484848484848,-0.0005644722568577938,0.0957215903078027
7179,2.4371717171717173,0.48080808080808074,0.0006034530831675844,0.09922185347509574
7180,2.4371717171717173,0.48676767676767674,0.00028237061717261385,0.10097104344043845
7181,2.4371717171717173,0.4927272727272727,0.00026444739012057296,0.0994145876195629
7182,2.4371717171717173,0.4986868686868686,0.00021092198540177608,0.10329882761167863
7183,2.4371717171717173,0.5046464646464646,0.0007735588800288332,0.10304447310348162
7184,2.4371717171717173,0.5106060606060605,-0.0003705203770958299,0.10597715465977732
7185,2.4371717171717173,0.5165656565656566,0.0015058375609618866,0.10793132862341975
7186,2.4371717171717173,0.5225252525252525,0.0006572951774595544,0.10846423756209117
7187,2.4371717171717173,0.5284848484848484,-0.0005661504758785712,0.10969268364789202
7188,2.4371717171717173,0.5344444444444444,-0.0008560068777331721,0.1084457905614914
7189,2.4371717171717173,0.5404040404040403,-0.002102295837765163,0.10894458940779954
7190,2.4371717171717173,0.5463636363636363,-0.0008189439830632544,0.11109084994799694
7191,2.4371717171717173,0.5523232323232323,-0.001443807117593266,0.11330614390904886
7192,2.4371717171717173,0.5582828282828283,-0.00012498914017945744,0.11539406582448188
7193,2.4371717171717173,0.5642424242424242,-0.0008629264216378668,0.11574336170724049
7194,2.4371717171717173,0.5702020202020202,-0.0003173031789032173,0.11944411328195818
7195,2.4371717171717173,0.5761616161616161,-0.001462616057961107,0.1163291461184692
7196,2.4371717171717173,0.582121212121212,0.00035089981509942676,0.11983504138912751
7197,2.4371717171717173,0.588080808080808,0.0012590145259637581,0.12144247226720895
7198,2.4371717171717173,0.594040404040404,-0.0017828399134316541,0.1203980757248451
7199,2.4371717171717173,0.6,-0.00041987983253370176,0.1240167095481978
7200,2.457272727272727,0.01,-2.2994739454644807e-07,0.0020524243086923882
7201,2.457272727272727,0.01595959595959596,-1.545458336413882e-05,0.0032733454859069856
7202,2.457272727272727,0.021919191919191918,-1.719153854401695e-05,0.004541439623837711
7203,2.457272727272727,0.027878787878787878,3.2605480710234514e-05,0.005735910580076837
7204,2.457272727272727,0.033838383838383834,4.2787518127537425e-05,0.006998510609418264
7205,2.457272727272727,0.0397979797979798,0.00012018301682876342,0.008225386343587979
7206,2.457272727272727,0.045757575757575754,4.3091276860188344e-05,0.009399213318691282
7207,2.457272727272727,0.05171717171717172,8.592159102104288e-05,0.01070137330090509
7208,2.457272727272727,0.05767676767676767,-6.339063832200117e-05,0.01180154524578162
7209,2.457272727272727,0.06363636363636363,-0.00022149390821360576,0.013277433859471024
7210,2.457272727272727,0.06959595959595959,-8.607097068404933e-05,0.014347270530778852
7211,2.457272727272727,0.07555555555555554,-0.00016966574975444461,0.015531844908593575
7212,2.457272727272727,0.0815151515151515,-0.00010326414831658213,0.016706859803718683
7213,2.457272727272727,0.08747474747474746,3.4812462595080255e-05,0.018114931684931803
7214,2.457272727272727,0.09343434343434343,0.00023896348499711468,0.019196558279941205
7215,2.457272727272727,0.09939393939393938,3.152223624355265e-05,0.020572130909161677
7216,2.457272727272727,0.10535353535353534,0.00021862960914261924,0.02151040969952478
7217,2.457272727272727,0.1113131313131313,8.675376291321307e-05,0.02288765816461681
7218,2.457272727272727,0.11727272727272725,-3.248554100055955e-05,0.024032952304452997
7219,2.457272727272727,0.12323232323232322,0.0005274845710164373,0.025315027257262562
7220,2.457272727272727,0.1291919191919192,-0.00028815811844247436,0.026853806774304163
7221,2.457272727272727,0.13515151515151513,-2.808871116411513e-05,0.027700650075499385
7222,2.457272727272727,0.1411111111111111,-0.0005048840604009173,0.028989045106377696
7223,2.457272727272727,0.14707070707070707,0.0003061076668303393,0.030590447175692703
7224,2.457272727272727,0.15303030303030302,0.000593891475687499,0.03156211466107846
7225,2.457272727272727,0.158989898989899,-0.0005681956062603868,0.032491379953359725
7226,2.457272727272727,0.16494949494949493,-7.570742170689901e-05,0.03403849069162838
7227,2.457272727272727,0.1709090909090909,0.00037351113873075224,0.035036307255319414
7228,2.457272727272727,0.17686868686868687,-0.00015541121930478022,0.03671377947740981
7229,2.457272727272727,0.1828282828282828,1.8645393592594628e-05,0.03758905756162113
7230,2.457272727272727,0.18878787878787878,0.00031674093061124907,0.03863833499859966
7231,2.457272727272727,0.19474747474747472,-0.00032197650045690294,0.039795511977369746
7232,2.457272727272727,0.2007070707070707,-0.00040173329061854977,0.04097494933279296
7233,2.457272727272727,0.20666666666666667,8.256186393619563e-05,0.04281004629427455
7234,2.457272727272727,0.2126262626262626,-8.26209329975162e-05,0.04344400181001292
7235,2.457272727272727,0.21858585858585858,0.00019194214609925695,0.04469420031229196
7236,2.457272727272727,0.22454545454545452,-0.0005363901973245461,0.046515067237929454
7237,2.457272727272727,0.2305050505050505,-0.00015771386837358636,0.04722835388098513
7238,2.457272727272727,0.23646464646464646,-0.00029484336492746475,0.0484846778532529
7239,2.457272727272727,0.2424242424242424,-0.0005770574057561642,0.05001188642640455
7240,2.457272727272727,0.24838383838383837,-0.00016175020758552408,0.0505392081985162
7241,2.457272727272727,0.2543434343434343,0.0009098447896562472,0.05203952846776598
7242,2.457272727272727,0.26030303030303026,-4.919312515054188e-05,0.05349721969536048
7243,2.457272727272727,0.26626262626262626,0.0006785149468302428,0.05456245759702014
7244,2.457272727272727,0.2722222222222222,0.00012692412460981237,0.056686935495137966
7245,2.457272727272727,0.27818181818181814,-5.426788589291704e-05,0.05686973407500924
7246,2.457272727272727,0.28414141414141414,-0.000623516515725977,0.058291558085119814
7247,2.457272727272727,0.2901010101010101,0.0003244392528402708,0.06037722407146154
7248,2.457272727272727,0.296060606060606,-0.0011681722096687614,0.060294798463170665
7249,2.457272727272727,0.302020202020202,-0.0004257728811524599,0.06240963258170671
7250,2.457272727272727,0.30797979797979796,5.069675912228426e-05,0.06338555985002883
7251,2.457272727272727,0.3139393939393939,0.000183268729473527,0.06477895600393338
7252,2.457272727272727,0.31989898989898985,-0.001081591429997905,0.06525062783021394
7253,2.457272727272727,0.32585858585858585,4.59398591205268e-05,0.06683951764019028
7254,2.457272727272727,0.3318181818181818,-0.0012359216212987952,0.06877565789561033
7255,2.457272727272727,0.33777777777777773,0.0003541223801686071,0.0700333551397612
7256,2.457272727272727,0.34373737373737373,-5.24637277945148e-06,0.0700867688724369
7257,2.457272727272727,0.3496969696969697,-0.0012918011762463742,0.07192139007280005
7258,2.457272727272727,0.3556565656565656,0.0005000498632769669,0.0731946723680423
7259,2.457272727272727,0.3616161616161616,-4.108846413276215e-05,0.07522078604612756
7260,2.457272727272727,0.36757575757575756,-8.489018078924579e-05,0.07634373470082573
7261,2.457272727272727,0.3735353535353535,1.2538931172492918e-05,0.07691646159796757
7262,2.457272727272727,0.37949494949494944,-0.0004936708780992762,0.07872518131118271
7263,2.457272727272727,0.38545454545454544,-7.96717391435934e-05,0.08044468453263258
7264,2.457272727272727,0.3914141414141414,-0.0003231266826189679,0.08200285068023234
7265,2.457272727272727,0.3973737373737373,-2.026126192010054e-05,0.08184267900676336
7266,2.457272727272727,0.4033333333333333,-0.00088237071375303,0.08348331955849825
7267,2.457272727272727,0.40929292929292926,-0.0006578452996647993,0.08518604493940192
7268,2.457272727272727,0.4152525252525252,-0.0010725567496814895,0.08654605769765028
7269,2.457272727272727,0.42121212121212115,-0.00033995052829881333,0.08727137373694342
7270,2.457272727272727,0.42717171717171715,7.698746601658097e-05,0.0882411183078882
7271,2.457272727272727,0.4331313131313131,-0.0022789914182367527,0.08867492942294589
7272,2.457272727272727,0.43909090909090903,0.0013070985652376597,0.09066397905982002
7273,2.457272727272727,0.44505050505050503,-0.0005726995903774888,0.09101333556009839
7274,2.457272727272727,0.45101010101010097,-0.00029711028721739224,0.09417142752510191
7275,2.457272727272727,0.4569696969696969,-0.0007189750331938561,0.0941303684731171
7276,2.457272727272727,0.4629292929292929,6.767708508839089e-05,0.09645895041657379
7277,2.457272727272727,0.46888888888888886,-0.0010249569610614366,0.09623606218917098
7278,2.457272727272727,0.4748484848484848,-0.00018037813397368967,0.09801327471869563
7279,2.457272727272727,0.48080808080808074,0.0005834755404772162,0.10036395673554706
7280,2.457272727272727,0.48676767676767674,0.0006699001254342386,0.10113390021991979
7281,2.457272727272727,0.4927272727272727,-0.0003562554143516503,0.1026379003777148
7282,2.457272727272727,0.4986868686868686,1.7121418635983864e-05,0.10238027252494239
7283,2.457272727272727,0.5046464646464646,0.0009249239536454503,0.10567858773842692
7284,2.457272727272727,0.5106060606060605,-0.0008876917466242805,0.10603589413275308
7285,2.457272727272727,0.5165656565656566,-0.0005579721971882329,0.10649736809664656
7286,2.457272727272727,0.5225252525252525,-0.00041615295136868406,0.10815384705045694
7287,2.457272727272727,0.5284848484848484,0.0010072304462071943,0.10877487358760388
7288,2.457272727272727,0.5344444444444444,-0.0018759017068754912,0.11065945781507813
7289,2.457272727272727,0.5404040404040403,0.000740379103803399,0.11064026689108762
7290,2.457272727272727,0.5463636363636363,-0.0003606879667092806,0.11433221586177073
7291,2.457272727272727,0.5523232323232323,0.0017997812669478933,0.1170893826508032
7292,2.457272727272727,0.5582828282828283,-0.0018263577099193106,0.11609276687619006
7293,2.457272727272727,0.5642424242424242,0.0008041834884872772,0.1171327419312716
7294,2.457272727272727,0.5702020202020202,0.0001309848772385578,0.11899433793737642
7295,2.457272727272727,0.5761616161616161,0.000767627227671598,0.11884464849159053
7296,2.457272727272727,0.582121212121212,-0.0006102061825742708,0.12106887819482513
7297,2.457272727272727,0.588080808080808,0.001541837699924146,0.12367497069163676
7298,2.457272727272727,0.594040404040404,-0.0011280011022694705,0.12323605615364977
7299,2.457272727272727,0.6,0.002557441774612164,0.12558684915731358
7300,2.4773737373737372,0.01,-7.761404265623106e-07,0.002076911568799225
7301,2.4773737373737372,0.01595959595959596,2.600318088278759e-05,0.0033288671367534472
7302,2.4773737373737372,0.021919191919191918,-3.1795529545468005e-05,0.004575077749454323
7303,2.4773737373737372,0.027878787878787878,1.6116349214051983e-05,0.00587132847029163
7304,2.4773737373737372,0.033838383838383834,0.00013075011186365216,0.007091565870266111
7305,2.4773737373737372,0.0397979797979798,3.806999712699852e-05,0.00827071566730647
7306,2.4773737373737372,0.045757575757575754,-6.729451159144383e-05,0.00945989743490373
7307,2.4773737373737372,0.05171717171717172,0.00017966597602578504,0.010631880612583666
7308,2.4773737373737372,0.05767676767676767,-2.2905930886099714e-06,0.012163667871216173
7309,2.4773737373737372,0.06363636363636363,4.392488739183581e-05,0.013224245710035096
7310,2.4773737373737372,0.06959595959595959,-6.71637416988744e-06,0.01463405628244708
7311,2.4773737373737372,0.07555555555555554,-0.0002661532443037724,0.015794923772748416
7312,2.4773737373737372,0.0815151515151515,0.0001255603514469788,0.016901740506519207
7313,2.4773737373737372,0.08747474747474746,-5.042028919083272e-05,0.018285430943279585
7314,2.4773737373737372,0.09343434343434343,-0.00022297768485369404,0.019654119766557183
7315,2.4773737373737372,0.09939393939393938,7.566698079138102e-05,0.020797145447252956
7316,2.4773737373737372,0.10535353535353534,-0.00035497736858612346,0.022018628219299823
7317,2.4773737373737372,0.1113131313131313,4.3875057475637045e-05,0.022902631476867382
7318,2.4773737373737372,0.11727272727272725,-0.00016330421049664666,0.024152319016551575
7319,2.4773737373737372,0.12323232323232322,-0.0002939417800435038,0.025576681290664757
7320,2.4773737373737372,0.1291919191919192,6.895146430102361e-06,0.026671327903968554
7321,2.4773737373737372,0.13515151515151513,0.0003051348454931862,0.02807386911615516
7322,2.4773737373737372,0.1411111111111111,8.694370086611625e-05,0.02922006302846407
7323,2.4773737373737372,0.14707070707070707,-6.39042085214994e-05,0.03022491664703187
7324,2.4773737373737372,0.15303030303030302,4.1175444514820844e-05,0.03209966931970707
7325,2.4773737373737372,0.158989898989899,-0.00031466810472646805,0.033283197930803005
7326,2.4773737373737372,0.16494949494949493,9.141292895262661e-05,0.034299319567290196
7327,2.4773737373737372,0.1709090909090909,0.00041459181628172674,0.035939973983617805
7328,2.4773737373737372,0.17686868686868687,0.00023077114629085202,0.036629377847186846
7329,2.4773737373737372,0.1828282828282828,-0.00022442540672035715,0.0380466614595571
7330,2.4773737373737372,0.18878787878787878,0.0002789453601941688,0.03998920569945062
7331,2.4773737373737372,0.19474747474747472,0.00010070734261613002,0.040875014928174816
7332,2.4773737373737372,0.2007070707070707,0.0001329053691246649,0.042300527445873426
7333,2.4773737373737372,0.20666666666666667,-0.00022353401328107788,0.042897016305809894
7334,2.4773737373737372,0.2126262626262626,-0.00013161098564303387,0.043948322062501995
7335,2.4773737373737372,0.21858585858585858,0.0003135472671031976,0.045942088723260825
7336,2.4773737373737372,0.22454545454545452,-0.0002103622521550899,0.04691833655830288
7337,2.4773737373737372,0.2305050505050505,0.0007255178032670318,0.04827027149429337
7338,2.4773737373737372,0.23646464646464646,-0.00028690861420226815,0.04991877579315603
7339,2.4773737373737372,0.2424242424242424,0.001081505670366683,0.05052466114735772
7340,2.4773737373737372,0.24838383838383837,5.563298655983653e-05,0.05204591288064163
7341,2.4773737373737372,0.2543434343434343,0.00051264334323446,0.05275663797310334
7342,2.4773737373737372,0.26030303030303026,0.0002545671887400375,0.05418342949175366
7343,2.4773737373737372,0.26626262626262626,8.378882121217578e-06,0.05541529584929228
7344,2.4773737373737372,0.2722222222222222,-0.0006286759792677501,0.05695270560900839
7345,2.4773737373737372,0.27818181818181814,-0.0013119258196945776,0.058243101508999494
7346,2.4773737373737372,0.28414141414141414,1.4826989006739355e-05,0.05951435538664555
7347,2.4773737373737372,0.2901010101010101,-0.000454813419108247,0.0611593199285929
7348,2.4773737373737372,0.296060606060606,-0.0005939664055109298,0.06165642511984021
7349,2.4773737373737372,0.302020202020202,-0.0005876625621357792,0.06276871851577408
7350,2.4773737373737372,0.30797979797979796,0.000952544204748711,0.06484761958162986
7351,2.4773737373737372,0.3139393939393939,0.0007165800167493358,0.06560475548509177
7352,2.4773737373737372,0.31989898989898985,-1.928805730378169e-05,0.06641959483344807
7353,2.4773737373737372,0.32585858585858585,-0.00011663261592593144,0.06753827913829258
7354,2.4773737373737372,0.3318181818181818,0.00033889324533939506,0.06856560549855255
7355,2.4773737373737372,0.33777777777777773,-0.0004103772635864183,0.07031081293347387
7356,2.4773737373737372,0.34373737373737373,0.0011976590729124883,0.07235436828535959
7357,2.4773737373737372,0.3496969696969697,6.674537145025083e-05,0.07417626337781306
7358,2.4773737373737372,0.3556565656565656,0.000670204341576504,0.07578684825864268
7359,2.4773737373737372,0.3616161616161616,0.00024305260420923408,0.07595584211440226
7360,2.4773737373737372,0.36757575757575756,-0.0011810435697117356,0.07624671579551803
7361,2.4773737373737372,0.3735353535353535,-0.0007447442862429656,0.07852477825144541
7362,2.4773737373737372,0.37949494949494944,-1.4900273663697216e-05,0.07942172294176054
7363,2.4773737373737372,0.38545454545454544,0.0010253894166292622,0.0816868531026526
7364,2.4773737373737372,0.3914141414141414,0.0002744828479411934,0.08188664276572051
7365,2.4773737373737372,0.3973737373737373,0.0015712526354882655,0.08337498155349592
7366,2.4773737373737372,0.4033333333333333,0.0009524731253738917,0.08529751404158141
7367,2.4773737373737372,0.40929292929292926,-0.00036370235904494767,0.0857817177783783
7368,2.4773737373737372,0.4152525252525252,-0.0026196761166543086,0.08737132892326055
7369,2.4773737373737372,0.42121212121212115,0.0008282086430495503,0.08874979281991206
7370,2.4773737373737372,0.42717171717171715,-0.0013718698757800914,0.08998819013173479
7371,2.4773737373737372,0.4331313131313131,0.0015355555180736112,0.09132397434475042
7372,2.4773737373737372,0.43909090909090903,0.00029647717646414333,0.09342253684658325
7373,2.4773737373737372,0.44505050505050503,-0.000648811074940164,0.09543674412801428
7374,2.4773737373737372,0.45101010101010097,-0.000667828358363945,0.09520447269145889
7375,2.4773737373737372,0.4569696969696969,0.00018477605630052866,0.09563062412139514
7376,2.4773737373737372,0.4629292929292929,-3.033930264822082e-05,0.09774154039529882
7377,2.4773737373737372,0.46888888888888886,0.0007308398640489301,0.0994638801237811
7378,2.4773737373737372,0.4748484848484848,0.0008266762036986705,0.10081907371527513
7379,2.4773737373737372,0.48080808080808074,0.000788824809576706,0.10130562206290697
7380,2.4773737373737372,0.48676767676767674,0.0010393423095199528,0.1027302414273377
7381,2.4773737373737372,0.4927272727272727,-0.00028707342532602304,0.10393520875570979
7382,2.4773737373737372,0.4986868686868686,0.0009657371226968594,0.10475830043344089
7383,2.4773737373737372,0.5046464646464646,0.0020042884600459713,0.10695679574953086
7384,2.4773737373737372,0.5106060606060605,-0.0001267965084899318,0.108221603928435
7385,2.4773737373737372,0.5165656565656566,0.00027808388999833885,0.10796827892643975
7386,2.4773737373737372,0.5225252525252525,0.00033405231775732376,0.10976091386217005
7387,2.4773737373737372,0.5284848484848484,-5.624479770441759e-06,0.11132941077880136
7388,2.4773737373737372,0.5344444444444444,-0.0015627177044746975,0.11346978055639015
7389,2.4773737373737372,0.5404040404040403,-0.00042024339187008726,0.11446322639384202
7390,2.4773737373737372,0.5463636363636363,0.00020308667394357372,0.11556032282925185
7391,2.4773737373737372,0.5523232323232323,0.0004307047101332316,0.117645560520466
7392,2.4773737373737372,0.5582828282828283,-0.0019470783019779018,0.11640258269561413
7393,2.4773737373737372,0.5642424242424242,8.213750831826427e-05,0.11949436700594386
7394,2.4773737373737372,0.5702020202020202,0.0008896818581020183,0.11948350612100965
7395,2.4773737373737372,0.5761616161616161,-0.001353533729464656,0.12268162460728631
7396,2.4773737373737372,0.582121212121212,-0.0011950738399501206,0.1233912117592229
7397,2.4773737373737372,0.588080808080808,-0.000889407500260738,0.12318438997711656
7398,2.4773737373737372,0.594040404040404,0.00136292036716866,0.12675396928563934
7399,2.4773737373737372,0.6,-2.6090702093971173e-05,0.12708726571482945
7400,2.4974747474747474,0.01,2.403639406491931e-06,0.0020854502406735
7401,2.4974747474747474,0.01595959595959596,8.453955581196057e-05,0.0033755186616461243
7402,2.4974747474747474,0.021919191919191918,8.548835974416525e-05,0.004658653381986566
7403,2.4974747474747474,0.027878787878787878,-1.5791936910084514e-07,0.005932943084311509
7404,2.4974747474747474,0.033838383838383834,5.691216422486648e-05,0.007128852107416243
7405,2.4974747474747474,0.0397979797979798,4.229481820038752e-05,0.00832886197750024
7406,2.4974747474747474,0.045757575757575754,-2.0678626173597292e-05,0.00958695525069994
7407,2.4974747474747474,0.05171717171717172,0.0001057401702944811,0.010960023661504208
7408,2.4974747474747474,0.05767676767676767,-2.9744519091970988e-05,0.012235493683174786
7409,2.4974747474747474,0.06363636363636363,-0.00017338837312778316,0.013352573031299064
7410,2.4974747474747474,0.06959595959595959,0.00031821687924600404,0.01471222036152569
7411,2.4974747474747474,0.07555555555555554,0.00011638834663330764,0.015874820348246367
7412,2.4974747474747474,0.0815151515151515,0.00015130975186445004,0.017183576377627303
7413,2.4974747474747474,0.08747474747474746,5.315555676567809e-05,0.018434226098322196
7414,2.4974747474747474,0.09343434343434343,-8.604443578972643e-05,0.01953679527466794
7415,2.4974747474747474,0.09939393939393938,-0.00020761982700460052,0.02097388555675751
7416,2.4974747474747474,0.10535353535353534,0.00031349546324894843,0.022050795017588994
7417,2.4974747474747474,0.1113131313131313,-0.00018416499482673724,0.02340404009234387
7418,2.4974747474747474,0.11727272727272725,0.00014997298805034687,0.024780777158929068
7419,2.4974747474747474,0.12323232323232322,-0.00020644359516938936,0.02606370376131539
7420,2.4974747474747474,0.1291919191919192,0.0007697446888819627,0.02729311906913172
7421,2.4974747474747474,0.13515151515151513,8.996148311599361e-05,0.0282399867192326
7422,2.4974747474747474,0.1411111111111111,-7.628342674189936e-05,0.029808643300388345
7423,2.4974747474747474,0.14707070707070707,9.202807141663272e-06,0.031093023630756556
7424,2.4974747474747474,0.15303030303030302,-8.441344034486797e-05,0.032248508510254605
7425,2.4974747474747474,0.158989898989899,0.00011987877325139253,0.03363376892909104
7426,2.4974747474747474,0.16494949494949493,-7.710685164822294e-05,0.034926791760777794
7427,2.4974747474747474,0.1709090909090909,-0.00021002341684324256,0.03635349202841493
7428,2.4974747474747474,0.17686868686868687,0.00013249514122065152,0.0374136899248343
7429,2.4974747474747474,0.1828282828282828,-0.00013985927203555285,0.03893548578841032
7430,2.4974747474747474,0.18878787878787878,3.593912451865737e-05,0.03992404582799562
7431,2.4974747474747474,0.19474747474747472,0.0005670347258416999,0.040512740840755034
7432,2.4974747474747474,0.2007070707070707,0.00029582333297005324,0.04278056276506754
7433,2.4974747474747474,0.20666666666666667,-0.00021203638589722748,0.043639414879334974
7434,2.4974747474747474,0.2126262626262626,0.0009088079622226218,0.04496806399780396
7435,2.4974747474747474,0.21858585858585858,-0.000680382118575709,0.04632108095672845
7436,2.4974747474747474,0.22454545454545452,-0.00019374170998657343,0.047969699292724564
7437,2.4974747474747474,0.2305050505050505,-9.236152770992652e-05,0.0496573708449427
7438,2.4974747474747474,0.23646464646464646,-0.00016709725384707113,0.0501718293676906
7439,2.4974747474747474,0.2424242424242424,-0.0003621198998334873,0.05124044790302128
7440,2.4974747474747474,0.24838383838383837,0.00026350415374675157,0.052954053724136405
7441,2.4974747474747474,0.2543434343434343,0.0011115669730009268,0.05436824514539612
7442,2.4974747474747474,0.26030303030303026,-0.0006996030490068509,0.05456573097108551
7443,2.4974747474747474,0.26626262626262626,0.000990435062371364,0.05703117967695949
7444,2.4974747474747474,0.2722222222222222,0.00012477472311801864,0.057960310446529495
7445,2.4974747474747474,0.27818181818181814,-0.00040008533787753303,0.05809029804918116
7446,2.4974747474747474,0.28414141414141414,-6.832277101074478e-05,0.06004790834616417
7447,2.4974747474747474,0.2901010101010101,0.00017509440472988374,0.06162860252911967
7448,2.4974747474747474,0.296060606060606,-0.0004843731383811742,0.06311250110058284
7449,2.4974747474747474,0.302020202020202,0.0002841457877340265,0.06449519015768579
7450,2.4974747474747474,0.30797979797979796,0.000514192623228627,0.06538816391088223
7451,2.4974747474747474,0.3139393939393939,0.0003311994464856398,0.06613006971190045
7452,2.4974747474747474,0.31989898989898985,-0.0010833700726503056,0.06765713020068566
7453,2.4974747474747474,0.32585858585858585,0.0008508492682283603,0.06882887656171875
7454,2.4974747474747474,0.3318181818181818,-2.170560319146988e-05,0.07121303121286153
7455,2.4974747474747474,0.33777777777777773,0.0009807406035736983,0.07160276560214462
7456,2.4974747474747474,0.34373737373737373,0.0006920561774357111,0.0721591284223675
7457,2.4974747474747474,0.3496969696969697,-1.7037728939300044e-05,0.0744334064147372
7458,2.4974747474747474,0.3556565656565656,-0.0012127209302630361,0.0752136505441187
7459,2.4974747474747474,0.3616161616161616,-0.0005962759450607511,0.07686635891265416
7460,2.4974747474747474,0.36757575757575756,2.2626688899305236e-05,0.07727305929859632
7461,2.4974747474747474,0.3735353535353535,0.0007328191744040733,0.07981848273938255
7462,2.4974747474747474,0.37949494949494944,0.0016794109896259286,0.08060169838934059
7463,2.4974747474747474,0.38545454545454544,-0.0012477863402509096,0.08245532784839889
7464,2.4974747474747474,0.3914141414141414,0.0005007364070644553,0.08444921968609684
7465,2.4974747474747474,0.3973737373737373,-0.001111524132242488,0.08326293160349676
7466,2.4974747474747474,0.4033333333333333,-7.008525346839228e-05,0.08485741353934614
7467,2.4974747474747474,0.40929292929292926,0.0005203460648793286,0.08589375961129533
7468,2.4974747474747474,0.4152525252525252,0.000804549065728727,0.08814366620900574
7469,2.4974747474747474,0.42121212121212115,0.0006458709602110071,0.08971524649298772
7470,2.4974747474747474,0.42717171717171715,1.356039228166388e-05,0.09031879073565169
7471,2.4974747474747474,0.4331313131313131,-0.0011960217822798113,0.09238981746799256
7472,2.4974747474747474,0.43909090909090903,0.001430353939046353,0.09369091544538297
7473,2.4974747474747474,0.44505050505050503,-5.581669391632733e-05,0.09421284844138461
7474,2.4974747474747474,0.45101010101010097,0.00010526528854472063,0.09507199572498155
7475,2.4974747474747474,0.4569696969696969,0.0005164993430111362,0.09781177787135609
7476,2.4974747474747474,0.4629292929292929,0.000833636170912291,0.09972799762218973
7477,2.4974747474747474,0.46888888888888886,-5.879569236584748e-05,0.1000053933013485
7478,2.4974747474747474,0.4748484848484848,5.725770391232654e-06,0.10050337421083098
7479,2.4974747474747474,0.48080808080808074,-0.0002935384829896513,0.10295822979240252
7480,2.4974747474747474,0.48676767676767674,-8.789357976810601e-05,0.1027717695826121
7481,2.4974747474747474,0.4927272727272727,0.0004196016604134324,0.10457273002645846
7482,2.4974747474747474,0.4986868686868686,-0.00037340155680573356,0.10749522754584757
7483,2.4974747474747474,0.5046464646464646,0.0004177468740490065,0.10673386971889373
7484,2.4974747474747474,0.5106060606060605,-0.0007154254492310189,0.1084890084628528
7485,2.4974747474747474,0.5165656565656566,-0.0024934821259598233,0.10882623012715521
7486,2.4974747474747474,0.5225252525252525,-0.0005375746919478664,0.11097982687621696
7487,2.4974747474747474,0.5284848484848484,-0.0008497657446929274,0.11304281802991496
7488,2.4974747474747474,0.5344444444444444,-0.0006993053747271268,0.11399036379890126
7489,2.4974747474747474,0.5404040404040403,0.0028922723511899725,0.11789511039355667
7490,2.4974747474747474,0.5463636363636363,-0.0007899750511052364,0.11626350624223017
7491,2.4974747474747474,0.5523232323232323,0.0009931402010891278,0.11853506856875576
7492,2.4974747474747474,0.5582828282828283,0.0004055212789070861,0.1197821874219352
7493,2.4974747474747474,0.5642424242424242,-0.0017734856494143968,0.12015965719181247
7494,2.4974747474747474,0.5702020202020202,0.0007137911737303923,0.12272711694598848
7495,2.4974747474747474,0.5761616161616161,-0.0009166640058116094,0.12270585882623875
7496,2.4974747474747474,0.582121212121212,-0.00207518597775459,0.12386680196810056
7497,2.4974747474747474,0.588080808080808,0.0006661752111122541,0.12477944269504354
7498,2.4974747474747474,0.594040404040404,-1.1246229457788104e-05,0.1262978089632466
7499,2.4974747474747474,0.6,0.001573552477550845,0.12761053955385093
7500,2.5175757575757576,0.01,5.295177413412122e-07,0.0021015693641397307
7501,2.5175757575757576,0.01595959595959596,1.7544370977894485e-05,0.0034043496263410303
7502,2.5175757575757576,0.021919191919191918,-4.2401435783115515e-05,0.004702007754107092
7503,2.5175757575757576,0.027878787878787878,4.069160930042027e-05,0.005996193758924164
7504,2.5175757575757576,0.033838383838383834,-0.00010092399884936418,0.007213539924247858
7505,2.5175757575757576,0.0397979797979798,2.4725609281631445e-05,0.008528142303323138
7506,2.5175757575757576,0.045757575757575754,-0.00012779361073811133,0.00981335092832349
7507,2.5175757575757576,0.05171717171717172,0.00012313902345274065,0.010992263237770436
7508,2.5175757575757576,0.05767676767676767,-4.351522060293542e-05,0.012500864480291298
7509,2.5175757575757576,0.06363636363636363,8.866073544915482e-05,0.013638143199887582
7510,2.5175757575757576,0.06959595959595959,-0.00023831156827530737,0.014999878968751972
7511,2.5175757575757576,0.07555555555555554,-2.407963432490121e-05,0.016073845765247036
7512,2.5175757575757576,0.0815151515151515,-3.5434906042640125e-05,0.01740550433341129
7513,2.5175757575757576,0.08747474747474746,0.00021141492658002933,0.01880071524815663
7514,2.5175757575757576,0.09343434343434343,0.00010222926523898144,0.019950298680026617
7515,2.5175757575757576,0.09939393939393938,9.744177191903414e-05,0.021626689573429378
7516,2.5175757575757576,0.10535353535353534,-6.946573528932688e-05,0.02263292555224251
7517,2.5175757575757576,0.1113131313131313,-0.00036607431381305695,0.023588154587687007
7518,2.5175757575757576,0.11727272727272725,0.00042647932527603035,0.02530814100331247
7519,2.5175757575757576,0.12323232323232322,0.0003408405934310929,0.026320493181200822
7520,2.5175757575757576,0.1291919191919192,0.00042880309103898907,0.0277869436028634
7521,2.5175757575757576,0.13515151515151513,-0.00026812894963471436,0.029038711047612593
7522,2.5175757575757576,0.1411111111111111,3.062946072451791e-05,0.030424905697080853
7523,2.5175757575757576,0.14707070707070707,-0.00030250095413396957,0.03181581194067061
7524,2.5175757575757576,0.15303030303030302,2.3019503406564322e-05,0.032610955083533455
7525,2.5175757575757576,0.158989898989899,-0.00021786561726444567,0.03361063623663151
7526,2.5175757575757576,0.16494949494949493,0.0006966628309712246,0.03552643823004044
7527,2.5175757575757576,0.1709090909090909,-9.873282555218534e-05,0.03663266461295727
7528,2.5175757575757576,0.17686868686868687,-0.00046692962953224593,0.03779557529320339
7529,2.5175757575757576,0.1828282828282828,-0.0003125042277677999,0.03928237294452897
7530,2.5175757575757576,0.18878787878787878,0.00017589076916521416,0.04010201807543273
7531,2.5175757575757576,0.19474747474747472,0.0004910808085510054,0.041851550548229595
7532,2.5175757575757576,0.2007070707070707,0.0004760103746327314,0.04346420376207389
7533,2.5175757575757576,0.20666666666666667,0.00016230333287711973,0.044027344379620706
7534,2.5175757575757576,0.2126262626262626,-0.0007159760721075892,0.04560515848333512
7535,2.5175757575757576,0.21858585858585858,0.0003267328947115564,0.04754457008742536
7536,2.5175757575757576,0.22454545454545452,-0.0004382557126585727,0.04801463207178231
7537,2.5175757575757576,0.2305050505050505,0.0004572259875707397,0.04932996123876805
7538,2.5175757575757576,0.23646464646464646,0.0010620186238361764,0.051679438998703885
7539,2.5175757575757576,0.2424242424242424,-0.0004693006876308724,0.05170255394768981
7540,2.5175757575757576,0.24838383838383837,-0.00014927292335919918,0.05285728914961693
7541,2.5175757575757576,0.2543434343434343,0.00046916987995419026,0.05460713218954852
7542,2.5175757575757576,0.26030303030303026,0.00041076527841678827,0.05573443376543591
7543,2.5175757575757576,0.26626262626262626,0.0001805124962602783,0.05780902684578478
7544,2.5175757575757576,0.2722222222222222,9.757930199533664e-05,0.05801508844306751
7545,2.5175757575757576,0.27818181818181814,-0.00039126231152415393,0.05928659925049115
7546,2.5175757575757576,0.28414141414141414,-1.7225950131917366e-05,0.06103271330853945
7547,2.5175757575757576,0.2901010101010101,0.00013879843051846222,0.06317992242161802
7548,2.5175757575757576,0.296060606060606,-0.00018334442504761226,0.06335734087480933
7549,2.5175757575757576,0.302020202020202,9.192003480788332e-05,0.06420342978838038
7550,2.5175757575757576,0.30797979797979796,5.67013982133397e-05,0.06689708178078747
7551,2.5175757575757576,0.3139393939393939,0.0002917024017740694,0.06747472745320816
7552,2.5175757575757576,0.31989898989898985,-8.25573699468185e-06,0.06778006058044693
7553,2.5175757575757576,0.32585858585858585,-9.22996638265317e-05,0.06949582610084079
7554,2.5175757575757576,0.3318181818181818,0.0010695475168667162,0.07148219571558528
7555,2.5175757575757576,0.33777777777777773,-0.0004468838822664691,0.07159553603473669
7556,2.5175757575757576,0.34373737373737373,-0.0007512502513664683,0.07385280771849635
7557,2.5175757575757576,0.3496969696969697,-8.341816724175132e-05,0.07562736900152596
7558,2.5175757575757576,0.3556565656565656,0.001455362523250014,0.07651658655213484
7559,2.5175757575757576,0.3616161616161616,0.00015977050249108945,0.07779926621580056
7560,2.5175757575757576,0.36757575757575756,-0.0004125334720537931,0.07938872405182724
7561,2.5175757575757576,0.3735353535353535,-2.219903046876146e-05,0.07989570026802562
7562,2.5175757575757576,0.37949494949494944,-0.0005071800447386238,0.08070505573886284
7563,2.5175757575757576,0.38545454545454544,0.0002272594953987685,0.08273392111370961
7564,2.5175757575757576,0.3914141414141414,-0.0003464210263044537,0.08406259942262362
7565,2.5175757575757576,0.3973737373737373,-0.0023416233229713325,0.08456225816935226
7566,2.5175757575757576,0.4033333333333333,-0.00011450624494535627,0.08651765144556738
7567,2.5175757575757576,0.40929292929292926,-0.0007717708533295078,0.08782926765887973
7568,2.5175757575757576,0.4152525252525252,-0.00020962500423844506,0.08915877688813946
7569,2.5175757575757576,0.42121212121212115,-0.0012654135709260536,0.09029197517768649
7570,2.5175757575757576,0.42717171717171715,-0.0007741295051642525,0.09232506084826553
7571,2.5175757575757576,0.4331313131313131,0.0007126168105793347,0.09326802764206482
7572,2.5175757575757576,0.43909090909090903,-0.0018059523142018505,0.09517582946484196
7573,2.5175757575757576,0.44505050505050503,0.0002646205516661773,0.09720913968911511
7574,2.5175757575757576,0.45101010101010097,9.41749186741001e-05,0.09752809223386101
7575,2.5175757575757576,0.4569696969696969,-0.0019288148752651243,0.09809388362815549
7576,2.5175757575757576,0.4629292929292929,0.0010114880016835576,0.09995285965231103
7577,2.5175757575757576,0.46888888888888886,0.0010886967048612448,0.10127403996547721
7578,2.5175757575757576,0.4748484848484848,0.00022208070209779233,0.10229330873407254
7579,2.5175757575757576,0.48080808080808074,6.484927786481353e-05,0.10529170678619569
7580,2.5175757575757576,0.48676767676767674,0.0024267922959282286,0.10593946192596884
7581,2.5175757575757576,0.4927272727272727,-0.0008006728817874721,0.10665439552050278
7582,2.5175757575757576,0.4986868686868686,0.0018574951560165072,0.10915312118607806
7583,2.5175757575757576,0.5046464646464646,0.0009435535186503637,0.11010358977225494
7584,2.5175757575757576,0.5106060606060605,-8.179808153996309e-05,0.1113266565477256
7585,2.5175757575757576,0.5165656565656566,0.00020535436408290186,0.1114771865044889
7586,2.5175757575757576,0.5225252525252525,0.002342827944211492,0.11364410796247036
7587,2.5175757575757576,0.5284848484848484,-0.0012766090664855362,0.11411957138147495
7588,2.5175757575757576,0.5344444444444444,-0.0003935983126595864,0.11609543791040598
7589,2.5175757575757576,0.5404040404040403,-0.000381275087205943,0.11695051613229399
7590,2.5175757575757576,0.5463636363636363,0.0007009861345391027,0.116548283399545
7591,2.5175757575757576,0.5523232323232323,1.342026780802339e-05,0.12031292817934565
7592,2.5175757575757576,0.5582828282828283,0.0008849814668027977,0.11998843762648197
7593,2.5175757575757576,0.5642424242424242,-0.0016373578254339591,0.12141619604843805
7594,2.5175757575757576,0.5702020202020202,0.00045623580323898914,0.12455981745905753
7595,2.5175757575757576,0.5761616161616161,0.0002597463650467571,0.12699028311097144
7596,2.5175757575757576,0.582121212121212,0.0017166328598210204,0.12769252143136306
7597,2.5175757575757576,0.588080808080808,0.00014319763327498992,0.12790297028719141
7598,2.5175757575757576,0.594040404040404,-0.0006379394913126165,0.12826383795027216
7599,2.5175757575757576,0.6,0.0007959261616683811,0.1298634593485778
7600,2.5376767676767678,0.01,5.968213886376917e-06,0.0021510313081481935
7601,2.5376767676767678,0.01595959595959596,-6.93168465944295e-05,0.0034833155877031746
7602,2.5376767676767678,0.021919191919191918,2.8225041004312967e-05,0.004795135742343663
7603,2.5376767676767678,0.027878787878787878,6.220643716229136e-05,0.0060580996969994425
7604,2.5376767676767678,0.033838383838383834,2.2622315686207794e-05,0.007236078759243927
7605,2.5376767676767678,0.0397979797979798,-2.9234235899426442e-05,0.008477072935879527
7606,2.5376767676767678,0.045757575757575754,-8.189207786749416e-05,0.009969469389516662
7607,2.5376767676767678,0.05171717171717172,-9.790731826085667e-05,0.011204106596820251
7608,2.5376767676767678,0.05767676767676767,-6.504453440979828e-05,0.012382574652888887
7609,2.5376767676767678,0.06363636363636363,3.104529101993907e-05,0.01375056095498143
7610,2.5376767676767678,0.06959595959595959,3.5246453980045556e-06,0.01525995348004908
7611,2.5376767676767678,0.07555555555555554,4.1770169177592855e-05,0.016135695840943563
7612,2.5376767676767678,0.0815151515151515,-0.0003005847442681222,0.017565695330401483
7613,2.5376767676767678,0.08747474747474746,5.5356670125695714e-05,0.018916889302700798
7614,2.5376767676767678,0.09343434343434343,0.00020842823155980795,0.020385146888955895
7615,2.5376767676767678,0.09939393939393938,-0.00016412034877425117,0.021615796087312303
7616,2.5376767676767678,0.10535353535353534,0.00014022298278767499,0.022673541589173785
7617,2.5376767676767678,0.1113131313131313,0.00025072446815021203,0.023740253897059947
7618,2.5376767676767678,0.11727272727272725,0.0001553272182609122,0.02529374412370799
7619,2.5376767676767678,0.12323232323232322,-0.0002532706826004275,0.026752512158602783
7620,2.5376767676767678,0.1291919191919192,7.745900213258556e-05,0.028258418053413097
7621,2.5376767676767678,0.13515151515151513,-0.00015791735326719464,0.028952599060421313
7622,2.5376767676767678,0.1411111111111111,0.0002461632172416976,0.03034962702239384
7623,2.5376767676767678,0.14707070707070707,-0.0001466466421386479,0.0315404969422786
7624,2.5376767676767678,0.15303030303030302,-0.00036537278742895324,0.032890808436410957
7625,2.5376767676767678,0.158989898989899,-0.00012643171216176064,0.034453295546397394
7626,2.5376767676767678,0.16494949494949493,-9.080866581257794e-05,0.03612602648999009
7627,2.5376767676767678,0.1709090909090909,0.00040995772097834296,0.036739907059057074
7628,2.5376767676767678,0.17686868686868687,-0.0002571571534244506,0.03843557264130107
7629,2.5376767676767678,0.1828282828282828,5.147225228282779e-05,0.039448950463389344
7630,2.5376767676767678,0.18878787878787878,9.217451913125223e-05,0.04031718731004897
7631,2.5376767676767678,0.19474747474747472,-0.000837620718271928,0.041534198239326796
7632,2.5376767676767678,0.2007070707070707,0.0001447851965279318,0.04375804748858028
7633,2.5376767676767678,0.20666666666666667,8.612243072737692e-05,0.04484439235747597
7634,2.5376767676767678,0.2126262626262626,0.0008570539687248119,0.046392203814465335
7635,2.5376767676767678,0.21858585858585858,-0.00046407189294139474,0.04731999243690782
7636,2.5376767676767678,0.22454545454545452,-0.0002090073533550126,0.04924417309634002
7637,2.5376767676767678,0.2305050505050505,-0.00020384748423686597,0.049689350163121454
7638,2.5376767676767678,0.23646464646464646,0.0005154024978559771,0.05163204707232036
7639,2.5376767676767678,0.2424242424242424,0.00036071212057979724,0.05260644640356642
7640,2.5376767676767678,0.24838383838383837,-0.00020543533274568242,0.0542577449322764
7641,2.5376767676767678,0.2543434343434343,0.0003426962026829332,0.05514586168601916
7642,2.5376767676767678,0.26030303030303026,-0.00015789923498842984,0.05640479942797776
7643,2.5376767676767678,0.26626262626262626,0.00021012420050875195,0.0580887404874853
7644,2.5376767676767678,0.2722222222222222,-0.00026856221744344104,0.059691145930908775
7645,2.5376767676767678,0.27818181818181814,-0.0007910369874675814,0.06076305268965097
7646,2.5376767676767678,0.28414141414141414,0.0003211262306401287,0.06194429790674929
7647,2.5376767676767678,0.2901010101010101,-0.00043857897533493685,0.06322815504456741
7648,2.5376767676767678,0.296060606060606,0.00033673832901894257,0.06440940674882621
7649,2.5376767676767678,0.302020202020202,-0.0008783337535283588,0.06516385848965273
7650,2.5376767676767678,0.30797979797979796,-0.0006549451531046366,0.06694453448608054
7651,2.5376767676767678,0.3139393939393939,-0.0016876582101151007,0.06843134824368223
7652,2.5376767676767678,0.31989898989898985,0.00015010929458567223,0.06943713917670044
7653,2.5376767676767678,0.32585858585858585,9.783055463156374e-05,0.07126113149887264
7654,2.5376767676767678,0.3318181818181818,-0.00023066238707279325,0.07164582743126789
7655,2.5376767676767678,0.33777777777777773,0.0002821540361216778,0.07266357110481944
7656,2.5376767676767678,0.34373737373737373,0.0009911921785831466,0.07543802131172674
7657,2.5376767676767678,0.3496969696969697,-0.00016819909495535663,0.07594919742877537
7658,2.5376767676767678,0.3556565656565656,0.00010794753634036069,0.07748588312033035
7659,2.5376767676767678,0.3616161616161616,0.00026655166928401863,0.07896265321572264
7660,2.5376767676767678,0.36757575757575756,-0.0002505595551725352,0.07919430389445802
7661,2.5376767676767678,0.3735353535353535,0.002696884959361742,0.08146475121465845
7662,2.5376767676767678,0.37949494949494944,-0.00025356532456382084,0.08335701800274899
7663,2.5376767676767678,0.38545454545454544,0.0004412361941022631,0.08449518144720031
7664,2.5376767676767678,0.3914141414141414,-0.0011673069900204917,0.0847812509552014
7665,2.5376767676767678,0.3973737373737373,0.001001297273164144,0.08682891157140483
7666,2.5376767676767678,0.4033333333333333,-0.00014990300260971367,0.08825366972175022
7667,2.5376767676767678,0.40929292929292926,-0.0002848068614592861,0.08957689386568543
7668,2.5376767676767678,0.4152525252525252,-0.00045954365187035286,0.08972942380828729
7669,2.5376767676767678,0.42121212121212115,-0.0007481184581889519,0.09278042208927756
7670,2.5376767676767678,0.42717171717171715,-0.0014954790375852017,0.09179184558114782
7671,2.5376767676767678,0.4331313131313131,-0.00017410217478631404,0.09453459725950598
7672,2.5376767676767678,0.43909090909090903,0.0019210714386416296,0.09693248852991182
7673,2.5376767676767678,0.44505050505050503,0.0010500367909458276,0.09681594135661452
7674,2.5376767676767678,0.45101010101010097,-6.506823826977265e-05,0.10011359154829712
7675,2.5376767676767678,0.4569696969696969,5.9100934677993064e-05,0.09925131621913584
7676,2.5376767676767678,0.4629292929292929,0.0011571608216815845,0.10100880738827481
7677,2.5376767676767678,0.46888888888888886,-0.0012997418391963156,0.10293478718067577
7678,2.5376767676767678,0.4748484848484848,0.0019503984073662621,0.10472821019915537
7679,2.5376767676767678,0.48080808080808074,0.00036168082164765255,0.10405952682212274
7680,2.5376767676767678,0.48676767676767674,-0.0007500051149714045,0.10672262443447285
7681,2.5376767676767678,0.4927272727272727,0.0011760861485057559,0.10900152121462693
7682,2.5376767676767678,0.4986868686868686,-0.00118128529478022,0.10902307971358312
7683,2.5376767676767678,0.5046464646464646,0.0009637447741404408,0.11180621119642796
7684,2.5376767676767678,0.5106060606060605,0.00011103865276797019,0.11074093746378681
7685,2.5376767676767678,0.5165656565656566,0.00047889640329450736,0.11261379583953261
7686,2.5376767676767678,0.5225252525252525,-0.00017526473383891,0.11389915922160003
7687,2.5376767676767678,0.5284848484848484,0.0009736137557251613,0.11680759635987502
7688,2.5376767676767678,0.5344444444444444,0.00017443618155473618,0.11696946588628063
7689,2.5376767676767678,0.5404040404040403,-0.0007906935824876825,0.11883158649975853
7690,2.5376767676767678,0.5463636363636363,-0.002026628233459329,0.12064182751741127
7691,2.5376767676767678,0.5523232323232323,0.002161499631302613,0.12357949579100791
7692,2.5376767676767678,0.5582828282828283,0.0015962273205916513,0.12256231645906795
7693,2.5376767676767678,0.5642424242424242,-0.00019654009007795214,0.1229401819675335
7694,2.5376767676767678,0.5702020202020202,-0.0006102778583124223,0.12651500781569205
7695,2.5376767676767678,0.5761616161616161,-0.0006332401355071638,0.1260311859118201
7696,2.5376767676767678,0.582121212121212,0.0010141944287283774,0.1293311547150767
7697,2.5376767676767678,0.588080808080808,-4.522236811938285e-06,0.12880974078931368
7698,2.5376767676767678,0.594040404040404,0.002631998639022558,0.13101948018380247
7699,2.5376767676767678,0.6,-0.00111605333568481,0.13137341226124952
7700,2.557777777777778,0.01,-1.0883493497698715e-05,0.0021723994230686996
7701,2.557777777777778,0.01595959595959596,3.610571636018789e-06,0.003496457533769418
7702,2.557777777777778,0.021919191919191918,-7.833847537264345e-05,0.004861508199854544
7703,2.557777777777778,0.027878787878787878,-1.2627577696292892e-05,0.0061944521311397905
7704,2.557777777777778,0.033838383838383834,-3.8869744535723394e-05,0.007427797663256932
7705,2.557777777777778,0.0397979797979798,1.1717937961604297e-05,0.008623122701719419
7706,2.557777777777778,0.045757575757575754,0.00014985354102263815,0.009905758293437652
7707,2.557777777777778,0.05171717171717172,0.00023135005700871997,0.011335517257936328
7708,2.557777777777778,0.05767676767676767,-9.633004132804527e-05,0.012750139326213815
7709,2.557777777777778,0.06363636363636363,0.00011209344809740234,0.014012918323199237
7710,2.557777777777778,0.06959595959595959,5.25983230439919e-05,0.015198539483979537
7711,2.557777777777778,0.07555555555555554,0.0003170819465003755,0.01671719758715829
7712,2.557777777777778,0.0815151515151515,-0.00014954202719729196,0.018074112966369557
7713,2.557777777777778,0.08747474747474746,-4.057411729190119e-05,0.019331463649574273
7714,2.557777777777778,0.09343434343434343,-0.00015497191160809788,0.020563219999225148
7715,2.557777777777778,0.09939393939393938,0.00019104107714227193,0.021886643964565647
7716,2.557777777777778,0.10535353535353534,-7.210075797512437e-05,0.0233073963472683
7717,2.557777777777778,0.1113131313131313,-0.0002921442646088549,0.024298508558629684
7718,2.557777777777778,0.11727272727272725,2.6740324356183386e-05,0.025732848039425976
7719,2.557777777777778,0.12323232323232322,-0.00021398501636563837,0.026795648005410663
7720,2.557777777777778,0.1291919191919192,0.0004834834732333354,0.02865011615714039
7721,2.557777777777778,0.13515151515151513,-0.00014085525021019672,0.029469216086825956
7722,2.557777777777778,0.1411111111111111,-0.0006199872123460159,0.031136212634439924
7723,2.557777777777778,0.14707070707070707,0.00015459199077018617,0.03232023485578706
7724,2.557777777777778,0.15303030303030302,0.00029466180207545287,0.03351232274226176
7725,2.557777777777778,0.158989898989899,-4.204891249279852e-06,0.03535656128265028
7726,2.557777777777778,0.16494949494949493,-0.0004784448051701851,0.03605165874413328
7727,2.557777777777778,0.1709090909090909,0.0005874406883385637,0.03755007777283541
7728,2.557777777777778,0.17686868686868687,-0.00017860276569312304,0.038879644058076486
7729,2.557777777777778,0.1828282828282828,0.000794849707586981,0.040628663394217245
7730,2.557777777777778,0.18878787878787878,0.00021225784266144454,0.04149370893961362
7731,2.557777777777778,0.19474747474747472,-0.00016965642203931443,0.04289789327073304
7732,2.557777777777778,0.2007070707070707,-0.000282088519137642,0.043893077124881
7733,2.557777777777778,0.20666666666666667,7.239088310579325e-05,0.04549444540858099
7734,2.557777777777778,0.2126262626262626,0.0009529574236231315,0.047315721459607316
7735,2.557777777777778,0.21858585858585858,0.0003093100487042736,0.048207899078156265
7736,2.557777777777778,0.22454545454545452,0.00010329167736875622,0.049689470283077915
7737,2.557777777777778,0.2305050505050505,0.0005369760929076938,0.05010889466896103
7738,2.557777777777778,0.23646464646464646,-0.0005471171611389872,0.05161504341137353
7739,2.557777777777778,0.2424242424242424,2.1860641699956407e-05,0.05339166913495611
7740,2.557777777777778,0.24838383838383837,0.0007187780354635291,0.05548609240146643
7741,2.557777777777778,0.2543434343434343,-0.0008453627214750259,0.05613037272188333
7742,2.557777777777778,0.26030303030303026,0.0003495269063807016,0.056522532619434365
7743,2.557777777777778,0.26626262626262626,-0.00032586328151841217,0.0588099873700043
7744,2.557777777777778,0.2722222222222222,-0.0004176048396785531,0.05999021544046971
7745,2.557777777777778,0.27818181818181814,-0.0003152681409998592,0.06110907540878802
7746,2.557777777777778,0.28414141414141414,6.876638291994412e-05,0.06313237641724855
7747,2.557777777777778,0.2901010101010101,-0.00011414961773996914,0.06419023995903303
7748,2.557777777777778,0.296060606060606,-0.0004965437990574503,0.06491850935583263
7749,2.557777777777778,0.302020202020202,3.466424251055966e-05,0.06574899684901991
7750,2.557777777777778,0.30797979797979796,-0.0005850451871746977,0.0675895542205272
7751,2.557777777777778,0.3139393939393939,0.0001787930499455789,0.06889288222406581
7752,2.557777777777778,0.31989898989898985,0.00019638855904408365,0.07009865296358712
7753,2.557777777777778,0.32585858585858585,0.00023924327735717478,0.07100401190972681
7754,2.557777777777778,0.3318181818181818,-7.594870845909476e-05,0.07301165248300834
7755,2.557777777777778,0.33777777777777773,0.00010173557056502571,0.0750530104215683
7756,2.557777777777778,0.34373737373737373,0.00019041598984887332,0.07454555617078654
7757,2.557777777777778,0.3496969696969697,-0.0010533606719256904,0.07687547353345647
7758,2.557777777777778,0.3556565656565656,-0.0014789342975935476,0.07759715388025043
7759,2.557777777777778,0.3616161616161616,-0.0006359863131472272,0.08066812711887819
7760,2.557777777777778,0.36757575757575756,-0.0016427569059168448,0.08136109693984668
7761,2.557777777777778,0.3735353535353535,-0.00043870127439415415,0.08276736065042771
7762,2.557777777777778,0.37949494949494944,-0.000719560538807914,0.08401263187636239
7763,2.557777777777778,0.38545454545454544,-0.0008522611305156257,0.08456157102213518
7764,2.557777777777778,0.3914141414141414,0.0007240551510001425,0.08691444381884415
7765,2.557777777777778,0.3973737373737373,-0.00026982429198288177,0.08790486296587867
7766,2.557777777777778,0.4033333333333333,-3.9541727691355734e-05,0.0892844003392198
7767,2.557777777777778,0.40929292929292926,-0.0009632277160472136,0.09005605850967117
7768,2.557777777777778,0.4152525252525252,1.7018918342515255e-05,0.09258314659734587
7769,2.557777777777778,0.42121212121212115,0.0011644213443499484,0.09330948178246305
7770,2.557777777777778,0.42717171717171715,0.0005869631480504719,0.0943492854417351
7771,2.557777777777778,0.4331313131313131,-0.0010184784087602415,0.0952866522557706
7772,2.557777777777778,0.43909090909090903,-0.00011461362053074184,0.09716224282462653
7773,2.557777777777778,0.44505050505050503,0.000196240149715836,0.09972669020115016
7774,2.557777777777778,0.45101010101010097,-0.0008344991680671999,0.1006835185970759
7775,2.557777777777778,0.4569696969696969,-0.0001068866608708758,0.10223163185949549
7776,2.557777777777778,0.4629292929292929,-0.0002738174592394972,0.10381083287692945
7777,2.557777777777778,0.46888888888888886,0.0008095157164524352,0.10426482199895143
7778,2.557777777777778,0.4748484848484848,-0.0018520718217615976,0.10542621532840363
7779,2.557777777777778,0.48080808080808074,0.0008538905778359172,0.1073123741377317
7780,2.557777777777778,0.48676767676767674,0.002575946051030511,0.10938807513441139
7781,2.557777777777778,0.4927272727272727,0.0007999603506011568,0.11009383956833886
7782,2.557777777777778,0.4986868686868686,-0.000105534864358615,0.10916053027045755
7783,2.557777777777778,0.5046464646464646,0.00018086926188306204,0.11071929254077717
7784,2.557777777777778,0.5106060606060605,0.00013410753363463736,0.1140745808321594
7785,2.557777777777778,0.5165656565656566,0.0013738232326223432,0.11696913063530238
7786,2.557777777777778,0.5225252525252525,0.0012150287142083077,0.11705872477638309
7787,2.557777777777778,0.5284848484848484,0.0011341716495234947,0.11837861339214281
7788,2.557777777777778,0.5344444444444444,-0.00048679711700554476,0.11871047911305879
7789,2.557777777777778,0.5404040404040403,-0.000332649210821432,0.12100967896746777
7790,2.557777777777778,0.5463636363636363,0.0004930833943725313,0.1215417978760555
7791,2.557777777777778,0.5523232323232323,-0.0032454089580667314,0.12208324049439415
7792,2.557777777777778,0.5582828282828283,-0.0013706294326896297,0.1245688920437814
7793,2.557777777777778,0.5642424242424242,-8.713434554977289e-05,0.12604520039237294
7794,2.557777777777778,0.5702020202020202,-0.0005387677636288536,0.12754337640854746
7795,2.557777777777778,0.5761616161616161,0.0015402087763739,0.12840285454649797
7796,2.557777777777778,0.582121212121212,-0.001709595691863592,0.13016025340488913
7797,2.557777777777778,0.588080808080808,0.00046357196607951784,0.13239848906665858
7798,2.557777777777778,0.594040404040404,0.0019641334824587573,0.13397138367032788
7799,2.557777777777778,0.6,-0.0023412437994677414,0.13202710617118746
7800,2.577878787878788,0.01,-1.360546009111605e-05,0.0022206904886162135
7801,2.577878787878788,0.01595959595959596,-6.797839377866468e-05,0.003550379356801312
7802,2.577878787878788,0.021919191919191918,-4.505824999845032e-06,0.004863625227675521
7803,2.577878787878788,0.027878787878787878,-8.244299568070856e-06,0.006162855263888848
7804,2.577878787878788,0.033838383838383834,-1.1720734824957723e-06,0.007532731702323371
7805,2.577878787878788,0.0397979797979798,-9.22436166899141e-05,0.008847192638240287
7806,2.577878787878788,0.045757575757575754,7.06240428216972e-06,0.010085345982681192
7807,2.577878787878788,0.05171717171717172,9.233184030732597e-05,0.011573228819317948
7808,2.577878787878788,0.05767676767676767,6.950721084778079e-05,0.012922422548154254
7809,2.577878787878788,0.06363636363636363,0.00011232181885624431,0.014212869324290696
7810,2.577878787878788,0.06959595959595959,0.00010138793374042248,0.015428784769303275
7811,2.577878787878788,0.07555555555555554,0.00020850028537745203,0.016893970028253442
7812,2.577878787878788,0.0815151515151515,0.000214009293539702,0.018095965756654248
7813,2.577878787878788,0.08747474747474746,-7.513343594659691e-05,0.01919236951803061
7814,2.577878787878788,0.09343434343434343,0.00016300315633884673,0.02058919406962713
7815,2.577878787878788,0.09939393939393938,0.00026123287939302267,0.02228610295385753
7816,2.577878787878788,0.10535353535353534,-0.00018035623488745758,0.02318447060648119
7817,2.577878787878788,0.1113131313131313,-0.00016785026749038467,0.024644370968987892
7818,2.577878787878788,0.11727272727272725,-7.786905188916044e-05,0.02589215717565915
7819,2.577878787878788,0.12323232323232322,-0.00014696379041212915,0.027153089539043183
7820,2.577878787878788,0.1291919191919192,-9.454237711132244e-05,0.028637265688037945
7821,2.577878787878788,0.13515151515151513,0.00029682587612209205,0.029881847475644232
7822,2.577878787878788,0.1411111111111111,-4.718358405129381e-05,0.03149044516407588
7823,2.577878787878788,0.14707070707070707,0.0002308484327204842,0.03249534729389007
7824,2.577878787878788,0.15303030303030302,-0.00014565172681522533,0.034080114998506626
7825,2.577878787878788,0.158989898989899,0.00011440273549882782,0.03567059007253454
7826,2.577878787878788,0.16494949494949493,0.00023859338553057074,0.03687571333371073
7827,2.577878787878788,0.1709090909090909,-0.0006983472863732844,0.038349068731747114
7828,2.577878787878788,0.17686868686868687,-0.0001914874676360049,0.039552837427158045
7829,2.577878787878788,0.1828282828282828,-0.0001630150819031853,0.040558585249820485
7830,2.577878787878788,0.18878787878787878,4.168817874632118e-05,0.041550747260057086
7831,2.577878787878788,0.19474747474747472,-0.000137424309902271,0.043817957691438425
7832,2.577878787878788,0.2007070707070707,-0.00016020135218591135,0.04453039507697256
7833,2.577878787878788,0.20666666666666667,-0.0004110526827915368,0.04666638242844544
7834,2.577878787878788,0.2126262626262626,0.0007364177756738215,0.047574365213698226
7835,2.577878787878788,0.21858585858585858,1.4189956014338146e-05,0.04882256753192864
7836,2.577878787878788,0.22454545454545452,-0.0004180495214177677,0.050043716443826596
7837,2.577878787878788,0.2305050505050505,0.00026848985124056107,0.05052876922751619
7838,2.577878787878788,0.23646464646464646,-0.000689051940646358,0.052178109587127174
7839,2.577878787878788,0.2424242424242424,-0.0006897724463464913,0.05341674416555735
7840,2.577878787878788,0.24838383838383837,-0.001200956218506956,0.054446707759568704
7841,2.577878787878788,0.2543434343434343,0.0002889904812428398,0.0571965062801241
7842,2.577878787878788,0.26030303030303026,0.00028731469658829626,0.05735079286335844
7843,2.577878787878788,0.26626262626262626,0.0005726954808248282,0.059802584257512795
7844,2.577878787878788,0.2722222222222222,-0.0005352624486450517,0.061374027081472556
7845,2.577878787878788,0.27818181818181814,0.0007559663078473079,0.06225797314661669
7846,2.577878787878788,0.28414141414141414,0.00017565229965065042,0.062395738509339875
7847,2.577878787878788,0.2901010101010101,-0.0003356607871572098,0.06445820046666761
7848,2.577878787878788,0.296060606060606,8.051419432720528e-05,0.06691178329228742
7849,2.577878787878788,0.302020202020202,0.0006402999247333259,0.06726244272015054
7850,2.577878787878788,0.30797979797979796,-0.0017009274612455577,0.06858321567892844
7851,2.577878787878788,0.3139393939393939,-0.00021424917611535466,0.07060250206284756
7852,2.577878787878788,0.31989898989898985,-0.0009921651547852603,0.07159633355499624
7853,2.577878787878788,0.32585858585858585,0.0009084152053127206,0.07268532787802708
7854,2.577878787878788,0.3318181818181818,0.00031931918286664385,0.07508547262262781
7855,2.577878787878788,0.33777777777777773,-0.00032952522878727087,0.07510059222282929
7856,2.577878787878788,0.34373737373737373,0.0012126887616112046,0.07706763987951348
7857,2.577878787878788,0.3496969696969697,-0.0010202954340204691,0.07827384310699322
7858,2.577878787878788,0.3556565656565656,0.0002265897420786061,0.07953476441006067
7859,2.577878787878788,0.3616161616161616,-0.001123358787321607,0.08175284626834832
7860,2.577878787878788,0.36757575757575756,0.0007644995337369543,0.08249062943922256
7861,2.577878787878788,0.3735353535353535,-0.0009367993597043089,0.08371721579149528
7862,2.577878787878788,0.37949494949494944,7.816710455868052e-05,0.08475877605566372
7863,2.577878787878788,0.38545454545454544,0.000692021468721385,0.08605189231575082
7864,2.577878787878788,0.3914141414141414,-0.0006960987744698611,0.08740902324498837
7865,2.577878787878788,0.3973737373737373,-0.00035346145947108196,0.08824702674921948
7866,2.577878787878788,0.4033333333333333,-0.0007841489930561182,0.09067784338311005
7867,2.577878787878788,0.40929292929292926,-0.0007582004129806886,0.09165088596654386
7868,2.577878787878788,0.4152525252525252,-0.0009721660976707309,0.09265041464690399
7869,2.577878787878788,0.42121212121212115,-0.0004924980701507863,0.0953030018207828
7870,2.577878787878788,0.42717171717171715,0.0014987640803372094,0.09634505534201342
7871,2.577878787878788,0.4331313131313131,-0.00118700033952761,0.09733485211646455
7872,2.577878787878788,0.43909090909090903,0.0018255525957729763,0.09864870059266352
7873,2.577878787878788,0.44505050505050503,-0.0011320709974757682,0.09878217534057802
7874,2.577878787878788,0.45101010101010097,0.0006923580282847426,0.100760542934411
7875,2.577878787878788,0.4569696969696969,-0.00025282751248614506,0.10377314933595887
7876,2.577878787878788,0.4629292929292929,0.0002636927921677514,0.10448832128532796
7877,2.577878787878788,0.46888888888888886,0.0004115091766159859,0.10605543340703039
7878,2.577878787878788,0.4748484848484848,0.0024872090335116086,0.10788897425412357
7879,2.577878787878788,0.48080808080808074,-0.001017963558309108,0.10752829436477544
7880,2.577878787878788,0.48676767676767674,-0.0014822962317072913,0.11042432111551258
7881,2.577878787878788,0.4927272727272727,-0.0018048380997544235,0.11077376899726099
7882,2.577878787878788,0.4986868686868686,0.00041083654357037657,0.11270170013191992
7883,2.577878787878788,0.5046464646464646,-0.0009869993956140141,0.11282042263403982
7884,2.577878787878788,0.5106060606060605,-0.0003218460070980302,0.11460807742946995
7885,2.577878787878788,0.5165656565656566,0.0006604510179398517,0.1184671640657222
7886,2.577878787878788,0.5225252525252525,0.0005173139758597864,0.11867047282391181
7887,2.577878787878788,0.5284848484848484,-0.0006913905752418458,0.11910962650487229
7888,2.577878787878788,0.5344444444444444,-2.0616203828817882e-05,0.12048500231899345
7889,2.577878787878788,0.5404040404040403,9.409997373203365e-05,0.12237628873119942
7890,2.577878787878788,0.5463636363636363,0.0011472127654877195,0.12420356831130366
7891,2.577878787878788,0.5523232323232323,0.001063825171337367,0.12636009327151057
7892,2.577878787878788,0.5582828282828283,0.0016210588213868885,0.1266195936196379
7893,2.577878787878788,0.5642424242424242,0.0004162605618493982,0.12655408934303916
7894,2.577878787878788,0.5702020202020202,0.00025160612904520175,0.1291362738412395
7895,2.577878787878788,0.5761616161616161,-0.0008183268530871292,0.13001265265771816
7896,2.577878787878788,0.582121212121212,-0.0013843446097773794,0.13028659765676598
7897,2.577878787878788,0.588080808080808,0.001066330069275803,0.13212631084553567
7898,2.577878787878788,0.594040404040404,0.00017150753884414608,0.1335016603659823
7899,2.577878787878788,0.6,0.001046516471355726,0.13515158234826402
7900,2.5979797979797983,0.01,1.754074366673619e-06,0.0022087974911769955
7901,2.5979797979797983,0.01595959595959596,2.123360761835392e-05,0.0035901202796213795
7902,2.5979797979797983,0.021919191919191918,-0.0001057545881844764,0.0050277536243190785
7903,2.5979797979797983,0.027878787878787878,-8.634567757277621e-05,0.006357949614968357
7904,2.5979797979797983,0.033838383838383834,-2.913210568383785e-05,0.007680181943763523
7905,2.5979797979797983,0.0397979797979798,-3.984326762125023e-06,0.00900160721286553
7906,2.5979797979797983,0.045757575757575754,-9.13337665055869e-05,0.010263964959621842
7907,2.5979797979797983,0.05171717171717172,0.00016553754579154515,0.011717632575313462
7908,2.5979797979797983,0.05767676767676767,0.00022737370197731924,0.012852832438083503
7909,2.5979797979797983,0.06363636363636363,-0.00021310386764105074,0.014247588572412373
7910,2.5979797979797983,0.06959595959595959,0.00010613208653951421,0.015691743478497125
7911,2.5979797979797983,0.07555555555555554,8.674063243914665e-05,0.016876516116793524
7912,2.5979797979797983,0.0815151515151515,-0.0002311860216448787,0.01822020898358778
7913,2.5979797979797983,0.08747474747474746,2.5538672783374694e-05,0.01974746759326937
7914,2.5979797979797983,0.09343434343434343,-0.0004770328614177993,0.02121871373964127
7915,2.5979797979797983,0.09939393939393938,0.000285265232835328,0.022443710071885926
7916,2.5979797979797983,0.10535353535353534,0.00010656466557272899,0.023677553939507313
7917,2.5979797979797983,0.1113131313131313,6.043302847332583e-05,0.025080681903363072
7918,2.5979797979797983,0.11727272727272725,7.060848763895519e-05,0.026366863264186222
7919,2.5979797979797983,0.12323232323232322,8.903390334141563e-05,0.028117581177638417
7920,2.5979797979797983,0.1291919191919192,0.00016251158714212125,0.02903158239839312
7921,2.5979797979797983,0.13515151515151513,0.0005397960780107583,0.03052320100720276
7922,2.5979797979797983,0.1411111111111111,-0.0003620238010797525,0.031930737706257324
7923,2.5979797979797983,0.14707070707070707,-9.955862492581375e-05,0.03312588371358398
7924,2.5979797979797983,0.15303030303030302,0.0005331640898336042,0.03402133871986383
7925,2.5979797979797983,0.158989898989899,3.22849066062036e-05,0.03543928808729232
7926,2.5979797979797983,0.16494949494949493,-0.0005258130895135657,0.036646481903072854
7927,2.5979797979797983,0.1709090909090909,0.00020115104067619746,0.038696437119883485
7928,2.5979797979797983,0.17686868686868687,-3.5372329257490343e-06,0.04052983378039269
7929,2.5979797979797983,0.1828282828282828,9.922671229259643e-05,0.0415592418644984
7930,2.5979797979797983,0.18878787878787878,-0.0011148990141918009,0.04253585665097058
7931,2.5979797979797983,0.19474747474747472,-0.0005611649925816872,0.04370967113706421
7932,2.5979797979797983,0.2007070707070707,-4.5536685881736225e-05,0.04632454227694103
7933,2.5979797979797983,0.20666666666666667,-0.00017061219524130988,0.0464159914697888
7934,2.5979797979797983,0.2126262626262626,-0.000443442585043063,0.047126607164349174
7935,2.5979797979797983,0.21858585858585858,0.00014991445418865675,0.04910832315468937
7936,2.5979797979797983,0.22454545454545452,7.16993101754783e-05,0.050613872298529816
7937,2.5979797979797983,0.2305050505050505,-0.0006691489971025628,0.0516094246440359
7938,2.5979797979797983,0.23646464646464646,-0.00019912675558424878,0.053608792795574414
7939,2.5979797979797983,0.2424242424242424,-0.0005357017847689245,0.05450719452309526
7940,2.5979797979797983,0.24838383838383837,0.0004885447400371192,0.056419887393233926
7941,2.5979797979797983,0.2543434343434343,5.427284751292554e-05,0.0575640545292643
7942,2.5979797979797983,0.26030303030303026,-0.0008898040930939606,0.05901635530426791
7943,2.5979797979797983,0.26626262626262626,-0.0005577089182132583,0.059299608746823954
7944,2.5979797979797983,0.2722222222222222,6.323000701342389e-05,0.06190664619254584
7945,2.5979797979797983,0.27818181818181814,-0.0009808296002534955,0.06234912303343123
7946,2.5979797979797983,0.28414141414141414,0.0010750141419075241,0.06399943459616231
7947,2.5979797979797983,0.2901010101010101,0.00020354595110140555,0.06549283732555089
7948,2.5979797979797983,0.296060606060606,-0.00011007873263631698,0.0668776069650487
7949,2.5979797979797983,0.302020202020202,0.0013778985498823697,0.06825125829233712
7950,2.5979797979797983,0.30797979797979796,-0.0005534901962862547,0.06938239337398777
7951,2.5979797979797983,0.3139393939393939,-0.0008959574885657751,0.07064035302211115
7952,2.5979797979797983,0.31989898989898985,-0.000445695902237287,0.07225445432900952
7953,2.5979797979797983,0.32585858585858585,0.0009635610695172843,0.07314853390477082
7954,2.5979797979797983,0.3318181818181818,0.0005047819541048803,0.07544486214350085
7955,2.5979797979797983,0.33777777777777773,-0.0002688481906741158,0.07689228390059047
7956,2.5979797979797983,0.34373737373737373,0.000943364299223428,0.07808916088777126
7957,2.5979797979797983,0.3496969696969697,0.0012296706680336702,0.07888506574142848
7958,2.5979797979797983,0.3556565656565656,0.0008448394951086867,0.08033373995031945
7959,2.5979797979797983,0.3616161616161616,-0.0010496152427208422,0.08099856589025128
7960,2.5979797979797983,0.36757575757575756,-0.00035784909846465845,0.08349419341280041
7961,2.5979797979797983,0.3735353535353535,0.0005527363206899833,0.08457955439841855
7962,2.5979797979797983,0.37949494949494944,0.00018416269985508112,0.08570835728580135
7963,2.5979797979797983,0.38545454545454544,-3.7933344161355364e-05,0.08816690780299831
7964,2.5979797979797983,0.3914141414141414,0.0006134079825030015,0.08821663099380983
7965,2.5979797979797983,0.3973737373737373,8.695886746755459e-05,0.09126370801505881
7966,2.5979797979797983,0.4033333333333333,-0.000626170850694134,0.09052049303887956
7967,2.5979797979797983,0.40929292929292926,-0.0011704348587746683,0.09233640177073638
7968,2.5979797979797983,0.4152525252525252,-0.0003206607100817798,0.09452700042110727
7969,2.5979797979797983,0.42121212121212115,-0.0004973354061004556,0.09607824629291215
7970,2.5979797979797983,0.42717171717171715,-0.0011914411673174755,0.09669616956823228
7971,2.5979797979797983,0.4331313131313131,2.2113646502824657e-05,0.09835791528445123
7972,2.5979797979797983,0.43909090909090903,0.0002702177588783247,0.10086388804193265
7973,2.5979797979797983,0.44505050505050503,-0.00010529520445268643,0.10042598165479505
7974,2.5979797979797983,0.45101010101010097,0.0007705702646894601,0.10292277814430746
7975,2.5979797979797983,0.4569696969696969,0.00030073344126468605,0.10522850507941518
7976,2.5979797979797983,0.4629292929292929,0.00034265235964657634,0.10490985725263255
7977,2.5979797979797983,0.46888888888888886,-3.5818179841698773e-06,0.1058335852847684
7978,2.5979797979797983,0.4748484848484848,-0.000359642198531517,0.10716277517725349
7979,2.5979797979797983,0.48080808080808074,-0.000413000086743267,0.10952264807668906
7980,2.5979797979797983,0.48676767676767674,-0.0021673074020340864,0.10984138076510573
7981,2.5979797979797983,0.4927272727272727,0.0004040255261657046,0.11294244239340977
7982,2.5979797979797983,0.4986868686868686,-0.000905118479176878,0.11377023064232511
7983,2.5979797979797983,0.5046464646464646,-0.0006750705553856489,0.1145088677014485
7984,2.5979797979797983,0.5106060606060605,0.0005297608397166511,0.11685311220678608
7985,2.5979797979797983,0.5165656565656566,0.0013262146716614693,0.11941364320894832
7986,2.5979797979797983,0.5225252525252525,0.0006284784728633076,0.12038100817480997
7987,2.5979797979797983,0.5284848484848484,0.0004307427759799305,0.12027269240008091
7988,2.5979797979797983,0.5344444444444444,0.0003145789597494945,0.1206571165578476
7989,2.5979797979797983,0.5404040404040403,0.0010035406746899535,0.12386075171739445
7990,2.5979797979797983,0.5463636363636363,-3.94672346313385e-07,0.12425418328623675
7991,2.5979797979797983,0.5523232323232323,-0.0015992056719644288,0.1253040850095371
7992,2.5979797979797983,0.5582828282828283,0.00014586786879310516,0.1299227417634603
7993,2.5979797979797983,0.5642424242424242,-0.0004781398403174447,0.12974331416029083
7994,2.5979797979797983,0.5702020202020202,0.0002569393347836023,0.12942389187093556
7995,2.5979797979797983,0.5761616161616161,0.0022080278177416127,0.13166784189163272
7996,2.5979797979797983,0.582121212121212,0.0008054020258542441,0.13210767898874448
7997,2.5979797979797983,0.588080808080808,-0.0009750247755083281,0.13457825601493867
7998,2.5979797979797983,0.594040404040404,0.0010825234929573138,0.13613506901443273
7999,2.5979797979797983,0.6,-0.0036923619908105737,0.13641120393296427
8000,2.6180808080808085,0.01,-4.202289293621895e-05,0.0022693294918577425
8001,2.6180808080808085,0.01595959595959596,5.211228356269704e-05,0.003636137030953122
8002,2.6180808080808085,0.021919191919191918,-2.6473850210902294e-05,0.005025055394729985
8003,2.6180808080808085,0.027878787878787878,3.599430581917087e-05,0.0063305476190043545
8004,2.6180808080808085,0.033838383838383834,4.060191882814785e-05,0.007719755258007022
8005,2.6180808080808085,0.0397979797979798,-0.00010293939940608791,0.00902380775488911
8006,2.6180808080808085,0.045757575757575754,4.450916265741701e-05,0.0104917369015084
8007,2.6180808080808085,0.05171717171717172,9.938113194639687e-06,0.011733425703453836
8008,2.6180808080808085,0.05767676767676767,-0.00013029142636852202,0.013265729264568009
8009,2.6180808080808085,0.06363636363636363,8.652700770998268e-05,0.014460229848014622
8010,2.6180808080808085,0.06959595959595959,0.0002787780172134323,0.015989987018236444
8011,2.6180808080808085,0.07555555555555554,-0.0001785093321738099,0.017089509827414903
8012,2.6180808080808085,0.0815151515151515,1.0763489361087297e-05,0.018666112156440994
8013,2.6180808080808085,0.08747474747474746,1.67683416289405e-05,0.01991552950392716
8014,2.6180808080808085,0.09343434343434343,0.00017409053055274048,0.021462319329615002
8015,2.6180808080808085,0.09939393939393938,-0.00010070343751334203,0.022547052078333282
8016,2.6180808080808085,0.10535353535353534,0.00017512703409396956,0.02424058306332869
8017,2.6180808080808085,0.1113131313131313,0.00041912675483721175,0.025789149715281064
8018,2.6180808080808085,0.11727272727272725,-6.405170672734834e-05,0.026766480869041435
8019,2.6180808080808085,0.12323232323232322,-9.515961585339544e-05,0.02813078286047244
8020,2.6180808080808085,0.1291919191919192,4.872512473837358e-05,0.029291367357492992
8021,2.6180808080808085,0.13515151515151513,9.278612105674174e-05,0.03086597203627494
8022,2.6180808080808085,0.1411111111111111,-0.00025657476328661835,0.0321998553836344
8023,2.6180808080808085,0.14707070707070707,-0.00017073121959728952,0.03355041694863263
8024,2.6180808080808085,0.15303030303030302,-7.818820395203147e-05,0.03431067687647537
8025,2.6180808080808085,0.158989898989899,0.0005199193053030936,0.03585389251937068
8026,2.6180808080808085,0.16494949494949493,0.00015374764453735174,0.037400933971229594
8027,2.6180808080808085,0.1709090909090909,0.00026548292723544467,0.038752745820016
8028,2.6180808080808085,0.17686868686868687,0.00038485227807329674,0.04044945192496276
8029,2.6180808080808085,0.1828282828282828,-0.0008202672855267493,0.04206045424354034
8030,2.6180808080808085,0.18878787878787878,0.000310351672059128,0.04298732796778803
8031,2.6180808080808085,0.19474747474747472,-5.694932002804614e-05,0.043973072224839135
8032,2.6180808080808085,0.2007070707070707,-0.0004172446624190105,0.045847045621623485
8033,2.6180808080808085,0.20666666666666667,0.0005318769011540101,0.04692863358767239
8034,2.6180808080808085,0.2126262626262626,0.0002934698034999432,0.049072779484540446
8035,2.6180808080808085,0.21858585858585858,0.00047740578126598303,0.04959996187536404
8036,2.6180808080808085,0.22454545454545452,-0.00015617701317673525,0.05140432779121385
8037,2.6180808080808085,0.2305050505050505,0.0005280618078668441,0.05289245374664517
8038,2.6180808080808085,0.23646464646464646,0.00024273597209172992,0.054047494319651807
8039,2.6180808080808085,0.2424242424242424,0.0006035127414440683,0.05561901319621651
8040,2.6180808080808085,0.24838383838383837,-0.00020422498018610592,0.056818843168901206
8041,2.6180808080808085,0.2543434343434343,-0.0005382367615462144,0.058341624557075235
8042,2.6180808080808085,0.26030303030303026,0.00018371814408723114,0.05997324203887717
8043,2.6180808080808085,0.26626262626262626,0.0002669562559292183,0.060883301579719926
8044,2.6180808080808085,0.2722222222222222,-0.0004269122054834295,0.06281301949572986
8045,2.6180808080808085,0.27818181818181814,-0.00031978950376239384,0.06475548216534277
8046,2.6180808080808085,0.28414141414141414,0.00027247019996242105,0.064599737431131
8047,2.6180808080808085,0.2901010101010101,0.00036855165225690463,0.06718463029682131
8048,2.6180808080808085,0.296060606060606,0.00042551266566381553,0.06798171754394208
8049,2.6180808080808085,0.302020202020202,-0.00039195303698048763,0.06828623097240635
8050,2.6180808080808085,0.30797979797979796,-0.0010060819101527087,0.07055750544918965
8051,2.6180808080808085,0.3139393939393939,-0.00041525736608685586,0.07284315893475876
8052,2.6180808080808085,0.31989898989898985,3.028571636901658e-05,0.07357218264222337
8053,2.6180808080808085,0.32585858585858585,-0.00014097782380721594,0.07457825869343572
8054,2.6180808080808085,0.3318181818181818,-0.0005328737314391964,0.07577262472431798
8055,2.6180808080808085,0.33777777777777773,0.00018970727100574048,0.07770337108715672
8056,2.6180808080808085,0.34373737373737373,0.0006411514318231204,0.07807045506751947
8057,2.6180808080808085,0.3496969696969697,0.001036543100246543,0.08077121866048342
8058,2.6180808080808085,0.3556565656565656,-0.00052497061119975,0.0814036768533183
8059,2.6180808080808085,0.3616161616161616,-0.001147920857343417,0.08412737426779317
8060,2.6180808080808085,0.36757575757575756,0.0001171928671052367,0.0844210403344733
8061,2.6180808080808085,0.3735353535353535,0.0002462124916329719,0.0859268278485536
8062,2.6180808080808085,0.37949494949494944,8.992428273202356e-05,0.08652394767633194
8063,2.6180808080808085,0.38545454545454544,0.0015356262152958439,0.0887915553949941
8064,2.6180808080808085,0.3914141414141414,-0.0012720850054059978,0.08948795670104862
8065,2.6180808080808085,0.3973737373737373,-0.00029210789845181636,0.09256287250099632
8066,2.6180808080808085,0.4033333333333333,0.00018801120150021742,0.09221555298540005
8067,2.6180808080808085,0.40929292929292926,0.001626446109319911,0.09456784550484656
8068,2.6180808080808085,0.4152525252525252,0.0003249910491061067,0.09533052710640295
8069,2.6180808080808085,0.42121212121212115,0.0004201386929682365,0.09723669669985234
8070,2.6180808080808085,0.42717171717171715,0.0013395844282663926,0.09788546779784077
8071,2.6180808080808085,0.4331313131313131,-0.0019985586443629884,0.09865974158130161
8072,2.6180808080808085,0.43909090909090903,-0.0014496932560413944,0.101984078599165
8073,2.6180808080808085,0.44505050505050503,0.0024018833786091363,0.10307245641767163
8074,2.6180808080808085,0.45101010101010097,0.0015088008585945238,0.10343915102754206
8075,2.6180808080808085,0.4569696969696969,-0.002319341684470942,0.1054117092938726
8076,2.6180808080808085,0.4629292929292929,-0.0001616024575564014,0.10853796100887463
8077,2.6180808080808085,0.46888888888888886,-0.0017734622075230876,0.10724902502004997
8078,2.6180808080808085,0.4748484848484848,-0.0006454750068590512,0.1101887792302374
8079,2.6180808080808085,0.48080808080808074,4.6907932378517e-05,0.11178974546104474
8080,2.6180808080808085,0.48676767676767674,5.110256225769807e-05,0.11308726126831237
8081,2.6180808080808085,0.4927272727272727,-0.002965158238818557,0.11380028507063084
8082,2.6180808080808085,0.4986868686868686,-0.0005667083102253213,0.11461609948898453
8083,2.6180808080808085,0.5046464646464646,-8.010734011979483e-05,0.115293422506685
8084,2.6180808080808085,0.5106060606060605,-0.002753867156573205,0.1161618166362332
8085,2.6180808080808085,0.5165656565656566,-0.0005572317017256443,0.11908655771887176
8086,2.6180808080808085,0.5225252525252525,-0.00040757100150019257,0.12236872102649035
8087,2.6180808080808085,0.5284848484848484,0.0009447284759378104,0.12281401685122927
8088,2.6180808080808085,0.5344444444444444,0.00168183706653911,0.1216718538170742
8089,2.6180808080808085,0.5404040404040403,-0.00034531165836063896,0.12429952300275218
8090,2.6180808080808085,0.5463636363636363,-0.0005020373176190171,0.1256279664182161
8091,2.6180808080808085,0.5523232323232323,0.001306099242396869,0.12896219552181007
8092,2.6180808080808085,0.5582828282828283,-0.0012491030979667574,0.12636506095943043
8093,2.6180808080808085,0.5642424242424242,-0.001077440512937305,0.1292394207204797
8094,2.6180808080808085,0.5702020202020202,0.0006280986766974906,0.13286081462256247
8095,2.6180808080808085,0.5761616161616161,-0.000448567891497936,0.1334738397431757
8096,2.6180808080808085,0.582121212121212,-0.002964262578240554,0.13578634309587248
8097,2.6180808080808085,0.588080808080808,2.4077160300395308e-06,0.13742334066685363
8098,2.6180808080808085,0.594040404040404,-0.0009618674449661244,0.13729020980465437
8099,2.6180808080808085,0.6,-0.0005784277779119582,0.13872509143674347
8100,2.638181818181818,0.01,2.41578404616816e-05,0.0022923176445082977
8101,2.638181818181818,0.01595959595959596,-1.0053768998356305e-06,0.0036892531710455796
8102,2.638181818181818,0.021919191919191918,2.9322346443206303e-06,0.0050827092203783696
8103,2.638181818181818,0.027878787878787878,-6.678986845250873e-05,0.006444300275124194
8104,2.638181818181818,0.033838383838383834,2.7182847023788736e-05,0.007847794286658131
8105,2.638181818181818,0.0397979797979798,5.407430470623057e-05,0.00918368358474329
8106,2.638181818181818,0.045757575757575754,0.00011356206889610468,0.010534466056536048
8107,2.638181818181818,0.05171717171717172,-0.0001957656750520247,0.011758071687757263
8108,2.638181818181818,0.05767676767676767,-0.00011363875364299114,0.013158483668514612
8109,2.638181818181818,0.06363636363636363,-0.00019574261340941083,0.014740362741498082
8110,2.638181818181818,0.06959595959595959,0.00012514598385013958,0.016406730067650196
8111,2.638181818181818,0.07555555555555554,-4.151021866527138e-05,0.01754992040005105
8112,2.638181818181818,0.0815151515151515,0.00017276101070236877,0.01897981948812394
8113,2.638181818181818,0.08747474747474746,-0.00019870294550472327,0.020427650545801028
8114,2.638181818181818,0.09343434343434343,0.0002851908653691982,0.021815355141357913
8115,2.638181818181818,0.09939393939393938,0.00030043171585725963,0.022943730035664873
8116,2.638181818181818,0.10535353535353534,0.00041151175137077835,0.024263098221490864
8117,2.638181818181818,0.1113131313131313,-9.347709572599232e-05,0.025860313009063805
8118,2.638181818181818,0.11727272727272725,8.692522411219028e-05,0.026810715756439753
8119,2.638181818181818,0.12323232323232322,0.00024135901421631166,0.028679156345047207
8120,2.638181818181818,0.1291919191919192,0.000588935590549668,0.029991382555348355
8121,2.638181818181818,0.13515151515151513,-0.00019313743877048646,0.031319147325482036
8122,2.638181818181818,0.1411111111111111,-0.00040426433723328827,0.032881037080905985
8123,2.638181818181818,0.14707070707070707,-0.00029667874847891804,0.033952164755517225
8124,2.638181818181818,0.15303030303030302,0.0001934178980460122,0.03563478619472884
8125,2.638181818181818,0.158989898989899,-0.0004052859414533568,0.03693973727577157
8126,2.638181818181818,0.16494949494949493,-0.0003989543077710315,0.03844283145592486
8127,2.638181818181818,0.1709090909090909,-3.300341232096444e-05,0.03912128610815543
8128,2.638181818181818,0.17686868686868687,0.0003579620318877934,0.04097992185966106
8129,2.638181818181818,0.1828282828282828,0.0007890857560844412,0.04201831590272528
8130,2.638181818181818,0.18878787878787878,-0.00026877784401985394,0.043157555863459617
8131,2.638181818181818,0.19474747474747472,0.000999893827015769,0.045374033837978
8132,2.638181818181818,0.2007070707070707,-1.2226149750353366e-05,0.04612931696657117
8133,2.638181818181818,0.20666666666666667,-6.173125455026218e-05,0.04761926648607461
8134,2.638181818181818,0.2126262626262626,6.646400645712466e-05,0.04912956759330421
8135,2.638181818181818,0.21858585858585858,0.00015647005458295298,0.05036239858583053
8136,2.638181818181818,0.22454545454545452,6.158973056367582e-05,0.051396288476384486
8137,2.638181818181818,0.2305050505050505,0.0010353290474220008,0.052971700600637106
8138,2.638181818181818,0.23646464646464646,-0.00012191645404923319,0.05418768258406377
8139,2.638181818181818,0.2424242424242424,-0.00015641054106884606,0.05556226421716572
8140,2.638181818181818,0.24838383838383837,0.0014896431487432303,0.05829857725547954
8141,2.638181818181818,0.2543434343434343,0.0008807636822827241,0.05939242771613488
8142,2.638181818181818,0.26030303030303026,0.0005713657277110169,0.05993826849444788
8143,2.638181818181818,0.26626262626262626,-0.001171112148263766,0.062099259798755635
8144,2.638181818181818,0.2722222222222222,5.129636886150735e-06,0.06338075390869613
8145,2.638181818181818,0.27818181818181814,-0.0005946842338261831,0.06504969694900506
8146,2.638181818181818,0.28414141414141414,7.41066573356715e-05,0.06648188344983189
8147,2.638181818181818,0.2901010101010101,-0.0002223041588339799,0.06676795086631636
8148,2.638181818181818,0.296060606060606,-0.0006780792369635626,0.06798049030939203
8149,2.638181818181818,0.302020202020202,-0.0005600626367040052,0.07109097255308272
8150,2.638181818181818,0.30797979797979796,-0.0007324757024006501,0.07138836632251842
8151,2.638181818181818,0.3139393939393939,3.088522550358981e-05,0.07234096142084397
8152,2.638181818181818,0.31989898989898985,0.0014789966631723567,0.07436924647486771
8153,2.638181818181818,0.32585858585858585,-0.0009410358519221266,0.07486369002369597
8154,2.638181818181818,0.3318181818181818,0.00014764542588422476,0.07692476323212323
8155,2.638181818181818,0.33777777777777773,-0.0005895174689035857,0.07904132977045361
8156,2.638181818181818,0.34373737373737373,0.00025310905135712694,0.08033012406573292
8157,2.638181818181818,0.3496969696969697,8.288893902333908e-05,0.08130149265373904
8158,2.638181818181818,0.3556565656565656,-0.001646299331669922,0.08164809267887997
8159,2.638181818181818,0.3616161616161616,-0.00022515878131553797,0.08415932522090072
8160,2.638181818181818,0.36757575757575756,0.0005007835620751816,0.08468049641468751
8161,2.638181818181818,0.3735353535353535,-0.0007241735549573319,0.08637085991623066
8162,2.638181818181818,0.37949494949494944,0.0002877677127496973,0.08906136441797574
8163,2.638181818181818,0.38545454545454544,-0.0008250472360892512,0.08860784132939034
8164,2.638181818181818,0.3914141414141414,0.00019527123000058255,0.09178597690678303
8165,2.638181818181818,0.3973737373737373,0.000766497250884016,0.09300223308014756
8166,2.638181818181818,0.4033333333333333,-0.0003152797160916767,0.09504820325330722
8167,2.638181818181818,0.40929292929292926,0.0011012198385238218,0.09545610053920058
8168,2.638181818181818,0.4152525252525252,0.0015298895333140114,0.09856529639988786
8169,2.638181818181818,0.42121212121212115,-0.0006009859294036175,0.09675856549407251
8170,2.638181818181818,0.42717171717171715,-0.0011646951645615548,0.0986132846657204
8171,2.638181818181818,0.4331313131313131,-0.0007366064905575501,0.10011165577881952
8172,2.638181818181818,0.43909090909090903,-0.0011582848337462195,0.10069797025921617
8173,2.638181818181818,0.44505050505050503,-0.00023476165702719155,0.10378772169931075
8174,2.638181818181818,0.45101010101010097,0.0014575698789326403,0.10663943788291712
8175,2.638181818181818,0.4569696969696969,0.001370496185230865,0.10606742302048815
8176,2.638181818181818,0.4629292929292929,-0.0007034643755159612,0.10743581573328231
8177,2.638181818181818,0.46888888888888886,0.00017654243488231103,0.1104707658017635
8178,2.638181818181818,0.4748484848484848,-0.0008266856643328118,0.10988098371595395
8179,2.638181818181818,0.48080808080808074,-0.0017228907529263022,0.11201810211386487
8180,2.638181818181818,0.48676767676767674,-0.0007238450313267815,0.11203308888209852
8181,2.638181818181818,0.4927272727272727,0.002336438242590018,0.11525706168001304
8182,2.638181818181818,0.4986868686868686,0.0009509888018804293,0.11838673717079079
8183,2.638181818181818,0.5046464646464646,0.0003349428929459687,0.11824954756870003
8184,2.638181818181818,0.5106060606060605,0.0002809958432618868,0.11883148400315194
8185,2.638181818181818,0.5165656565656566,0.00019842846165847962,0.11943106982845747
8186,2.638181818181818,0.5225252525252525,0.0010376835850924627,0.12096234136531078
8187,2.638181818181818,0.5284848484848484,-0.0009757532742942813,0.12476123518169531
8188,2.638181818181818,0.5344444444444444,-0.000336607837984776,0.12416537877940256
8189,2.638181818181818,0.5404040404040403,-0.0024427775942237936,0.12672554455796045
8190,2.638181818181818,0.5463636363636363,0.001999087016245096,0.12744429031200039
8191,2.638181818181818,0.5523232323232323,-0.0004278287614644624,0.12922038140916375
8192,2.638181818181818,0.5582828282828283,0.0016439220636359604,0.1316041033475494
8193,2.638181818181818,0.5642424242424242,-0.0008416915948185991,0.13170289757214165
8194,2.638181818181818,0.5702020202020202,0.0006521647706942601,0.1330749213470883
8195,2.638181818181818,0.5761616161616161,0.003701558848471734,0.13490723263810667
8196,2.638181818181818,0.582121212121212,-0.0007569337450697495,0.13859708227031506
8197,2.638181818181818,0.588080808080808,0.0010449880464141802,0.1381320020382077
8198,2.638181818181818,0.594040404040404,-0.0011025025160091978,0.13939018715210577
8199,2.638181818181818,0.6,-0.00017469464527733515,0.13940028157417722
8200,2.6582828282828284,0.01,2.0190474097696155e-05,0.0023385076017486727
8201,2.6582828282828284,0.01595959595959596,-4.954891456822674e-05,0.003723697462849012
8202,2.6582828282828284,0.021919191919191918,1.672962039053161e-05,0.005125150514515086
8203,2.6582828282828284,0.027878787878787878,-4.6733315316847036e-05,0.006536147011782989
8204,2.6582828282828284,0.033838383838383834,7.678484738274522e-05,0.007894791748309963
8205,2.6582828282828284,0.0397979797979798,-0.0001552859414314611,0.009256981003850763
8206,2.6582828282828284,0.045757575757575754,6.85939621716511e-05,0.010650478670462748
8207,2.6582828282828284,0.05171717171717172,-1.9984405403511475e-05,0.011923963163368627
8208,2.6582828282828284,0.05767676767676767,-0.00031033447619257046,0.013470122280810888
8209,2.6582828282828284,0.06363636363636363,-0.00019895278707038978,0.014826229704471575
8210,2.6582828282828284,0.06959595959595959,-0.0001748147046677209,0.016162721326186104
8211,2.6582828282828284,0.07555555555555554,-4.6159482882382805e-05,0.01777081188729787
8212,2.6582828282828284,0.0815151515151515,-0.0001482364173931488,0.018990276642265873
8213,2.6582828282828284,0.08747474747474746,9.654750202786127e-05,0.02046689033988775
8214,2.6582828282828284,0.09343434343434343,9.369994156369484e-05,0.022085037249931223
8215,2.6582828282828284,0.09939393939393938,0.0003302075688310051,0.023045921906932738
8216,2.6582828282828284,0.10535353535353534,1.8119534137770944e-05,0.024752643553829026
8217,2.6582828282828284,0.1113131313131313,2.225076934707475e-05,0.026264837138539998
8218,2.6582828282828284,0.11727272727272725,-0.00012548459612352444,0.02715308988221982
8219,2.6582828282828284,0.12323232323232322,-6.14751832463527e-05,0.028726954628488566
8220,2.6582828282828284,0.1291919191919192,0.000123222186010106,0.03011590141192153
8221,2.6582828282828284,0.13515151515151513,3.24584893106747e-05,0.03213222912438026
8222,2.6582828282828284,0.1411111111111111,-2.541348426100477e-05,0.03326590076031128
8223,2.6582828282828284,0.14707070707070707,-0.0003278215225492668,0.03410121634368373
8224,2.6582828282828284,0.15303030303030302,-3.7267405901129244e-05,0.035710195875525395
8225,2.6582828282828284,0.158989898989899,0.00022055435720400713,0.03699142843758473
8226,2.6582828282828284,0.16494949494949493,0.0003500676444291917,0.03864034236770915
8227,2.6582828282828284,0.1709090909090909,-0.0004345369035809011,0.04021369153168936
8228,2.6582828282828284,0.17686868686868687,6.254740789811098e-06,0.04132324857940503
8229,2.6582828282828284,0.1828282828282828,-0.0002999464375032498,0.04292962053847796
8230,2.6582828282828284,0.18878787878787878,-0.00035949874615618597,0.04318096302144342
8231,2.6582828282828284,0.19474747474747472,6.634292261415045e-05,0.04539786904875263
8232,2.6582828282828284,0.2007070707070707,-0.0002168270315292334,0.047018458284130905
8233,2.6582828282828284,0.20666666666666667,-0.0001237570719571743,0.048453447281450075
8234,2.6582828282828284,0.2126262626262626,-3.768465502066976e-05,0.04948593462998179
8235,2.6582828282828284,0.21858585858585858,0.00042735791870390295,0.05188903502901739
8236,2.6582828282828284,0.22454545454545452,0.00031320660971621557,0.052478930311755
8237,2.6582828282828284,0.2305050505050505,0.0003773855385773187,0.05362116799613384
8238,2.6582828282828284,0.23646464646464646,0.00024859288532655155,0.05553409028049934
8239,2.6582828282828284,0.2424242424242424,0.0005529745844991076,0.056540269112883484
8240,2.6582828282828284,0.24838383838383837,0.0008444672618787813,0.05861871253850253
8241,2.6582828282828284,0.2543434343434343,-0.00024633227286504315,0.059851975112590286
8242,2.6582828282828284,0.26030303030303026,0.00021477542576980922,0.06125853218665176
8243,2.6582828282828284,0.26626262626262626,-0.00027424201558820435,0.0617182853358034
8244,2.6582828282828284,0.2722222222222222,-0.00042450733889857605,0.06349989380534335
8245,2.6582828282828284,0.27818181818181814,0.0005611443216718277,0.0648612092766089
8246,2.6582828282828284,0.28414141414141414,0.00048550442085825595,0.06649408913569647
8247,2.6582828282828284,0.2901010101010101,0.0006306846703371662,0.06730729215589402
8248,2.6582828282828284,0.296060606060606,-0.00018298711592756788,0.06928844217544154
8249,2.6582828282828284,0.302020202020202,-0.0006386672654658811,0.07102996464384848
8250,2.6582828282828284,0.30797979797979796,1.920694364194482e-05,0.07263882980592284
8251,2.6582828282828284,0.3139393939393939,0.0008310601650145647,0.07375554718161609
8252,2.6582828282828284,0.31989898989898985,2.6714687510914127e-05,0.07517242705181518
8253,2.6582828282828284,0.32585858585858585,-0.00041327093721541387,0.0769658398007241
8254,2.6582828282828284,0.3318181818181818,-0.00019614315944695878,0.07761642229551736
8255,2.6582828282828284,0.33777777777777773,-0.0008096051184170865,0.07984005433969962
8256,2.6582828282828284,0.34373737373737373,0.000376018830618367,0.08073311838192088
8257,2.6582828282828284,0.3496969696969697,0.0006013093514946959,0.08204736524666185
8258,2.6582828282828284,0.3556565656565656,0.00014749885815077074,0.08451287700464225
8259,2.6582828282828284,0.3616161616161616,0.00046295041882955204,0.08498703087045495
8260,2.6582828282828284,0.36757575757575756,-0.002021091183080813,0.08534943792729742
8261,2.6582828282828284,0.3735353535353535,0.0018875568364286536,0.08848984391444722
8262,2.6582828282828284,0.37949494949494944,0.0003630665346957459,0.0890481228513855
8263,2.6582828282828284,0.38545454545454544,0.0014710587725046747,0.09099120731773523
8264,2.6582828282828284,0.3914141414141414,-0.00026504261808535465,0.09235460739848143
8265,2.6582828282828284,0.3973737373737373,0.0006718930050435437,0.09420982461269933
8266,2.6582828282828284,0.4033333333333333,-0.00191867846658316,0.09525142164272521
8267,2.6582828282828284,0.40929292929292926,3.265645154131258e-06,0.09585088036742534
8268,2.6582828282828284,0.4152525252525252,-0.001025378093058619,0.09787440420338388
8269,2.6582828282828284,0.42121212121212115,-0.0005262085561845227,0.09993133026977484
8270,2.6582828282828284,0.42717171717171715,-0.00039231962653245224,0.1018568022234716
8271,2.6582828282828284,0.4331313131313131,-0.0010448583498619635,0.10254121227680006
8272,2.6582828282828284,0.43909090909090903,-0.0005211958498042922,0.10371717667224806
8273,2.6582828282828284,0.44505050505050503,-0.0010631226049634072,0.10559844424342324
8274,2.6582828282828284,0.45101010101010097,0.00041328157185763806,0.1054773116431058
8275,2.6582828282828284,0.4569696969696969,8.613426873806765e-05,0.10953247312566858
8276,2.6582828282828284,0.4629292929292929,0.00015231726214149735,0.10908493383896356
8277,2.6582828282828284,0.46888888888888886,0.0009312936694960269,0.11038351980546592
8278,2.6582828282828284,0.4748484848484848,-0.002945712559587729,0.11211919661831816
8279,2.6582828282828284,0.48080808080808074,-0.000738097032133264,0.11466078914356817
8280,2.6582828282828284,0.48676767676767674,0.0008243006729193143,0.11663849410585228
8281,2.6582828282828284,0.4927272727272727,-0.0008272545569774241,0.11695051266413077
8282,2.6582828282828284,0.4986868686868686,0.0005822617218788533,0.11915695885204271
8283,2.6582828282828284,0.5046464646464646,0.000851909645270694,0.11938143241707017
8284,2.6582828282828284,0.5106060606060605,-0.0007498093081560844,0.11912837604378254
8285,2.6582828282828284,0.5165656565656566,-0.0004490722982215587,0.1220635548478685
8286,2.6582828282828284,0.5225252525252525,-0.002704929362574602,0.12330526330753142
8287,2.6582828282828284,0.5284848484848484,-0.0006002052342135939,0.12463545135376083
8288,2.6582828282828284,0.5344444444444444,-3.05688907888344e-05,0.12796273730517052
8289,2.6582828282828284,0.5404040404040403,0.001249598112086923,0.12774879155923452
8290,2.6582828282828284,0.5463636363636363,6.2352853560134315e-06,0.12978100613598326
8291,2.6582828282828284,0.5523232323232323,0.0012535201803150727,0.13347498781489014
8292,2.6582828282828284,0.5582828282828283,-0.0026899783989529215,0.13252796044754275
8293,2.6582828282828284,0.5642424242424242,-3.801619527335971e-05,0.13259667331226552
8294,2.6582828282828284,0.5702020202020202,0.0024076910915765168,0.1379139768155011
8295,2.6582828282828284,0.5761616161616161,-0.0009316007208053429,0.13638925648243552
8296,2.6582828282828284,0.582121212121212,-0.0014463409192374231,0.138050359336763
8297,2.6582828282828284,0.588080808080808,-0.00018039396438689748,0.13961361221237142
8298,2.6582828282828284,0.594040404040404,-0.000423601371736597,0.14120125290365887
8299,2.6582828282828284,0.6,-0.0014264557505033694,0.14282593702061402
8300,2.6783838383838385,0.01,-1.1894209029087033e-05,0.002371478260414872
8301,2.6783838383838385,0.01595959595959596,-3.9138668164863976e-05,0.003754331629949131
8302,2.6783838383838385,0.021919191919191918,-4.887502190877524e-05,0.005162750405524417
8303,2.6783838383838385,0.027878787878787878,3.846621981427606e-05,0.006560045620990181
8304,2.6783838383838385,0.033838383838383834,-5.954266240683985e-05,0.007928629159794419
8305,2.6783838383838385,0.0397979797979798,-0.00016810398826507935,0.009303211816360757
8306,2.6783838383838385,0.045757575757575754,2.60882935171047e-05,0.010755805590836304
8307,2.6783838383838385,0.05171717171717172,3.599121312304523e-05,0.012213073924685007
8308,2.6783838383838385,0.05767676767676767,-4.609026065562418e-05,0.01367176370650466
8309,2.6783838383838385,0.06363636363636363,-0.00018064697258196518,0.015026908075410553
8310,2.6783838383838385,0.06959595959595959,0.00017084924226711174,0.01623863055497981
8311,2.6783838383838385,0.07555555555555554,0.00017493040227903333,0.017731494741373924
8312,2.6783838383838385,0.0815151515151515,4.168825227425632e-05,0.01928001577146967
8313,2.6783838383838385,0.08747474747474746,1.799936981876642e-05,0.020890215750383044
8314,2.6783838383838385,0.09343434343434343,0.00020433309968834746,0.022027181139079855
8315,2.6783838383838385,0.09939393939393938,-0.00018883944423889328,0.023394826204132725
8316,2.6783838383838385,0.10535353535353534,-4.0637440206794584e-05,0.025045702316341633
8317,2.6783838383838385,0.1113131313131313,4.9044626443892934e-05,0.02656587570480078
8318,2.6783838383838385,0.11727272727272725,-0.0002459001983226641,0.027722714225350227
8319,2.6783838383838385,0.12323232323232322,-0.0002044851495984449,0.02913451378425427
8320,2.6783838383838385,0.1291919191919192,4.572605993704807e-05,0.030537836506094363
8321,2.6783838383838385,0.13515151515151513,-0.00016057007421850007,0.03216159911325389
8322,2.6783838383838385,0.1411111111111111,-0.00021194347413165554,0.03348826196712842
8323,2.6783838383838385,0.14707070707070707,-0.0004575391441165619,0.03476523669294385
8324,2.6783838383838385,0.15303030303030302,0.00015352608812542657,0.03634865652044513
8325,2.6783838383838385,0.158989898989899,0.0006686410852978339,0.037719682846506904
8326,2.6783838383838385,0.16494949494949493,-0.00015775328382270265,0.0391045160904186
8327,2.6783838383838385,0.1709090909090909,-5.284805363507759e-05,0.040692377542245674
8328,2.6783838383838385,0.17686868686868687,-0.0004341792380217564,0.041846800861395174
8329,2.6783838383838385,0.1828282828282828,0.0007010229974501357,0.043416637301847145
8330,2.6783838383838385,0.18878787878787878,-0.00030159099724702315,0.04432936769198797
8331,2.6783838383838385,0.19474747474747472,-0.00022530563454639928,0.04573453820733238
8332,2.6783838383838385,0.2007070707070707,0.0006709373277058934,0.047282109678312305
8333,2.6783838383838385,0.20666666666666667,-0.00028786090772811747,0.04915188351443892
8334,2.6783838383838385,0.2126262626262626,-0.0009565803691157321,0.049917041443947326
8335,2.6783838383838385,0.21858585858585858,-0.00019309563815566268,0.05182842975020943
8336,2.6783838383838385,0.22454545454545452,-0.0001712103278233457,0.05420921155343102
8337,2.6783838383838385,0.2305050505050505,-0.00030997161600622306,0.05416736450152231
8338,2.6783838383838385,0.23646464646464646,0.0007170486170808912,0.05678883080663177
8339,2.6783838383838385,0.2424242424242424,-0.0012594037673435104,0.05614587328791815
8340,2.6783838383838385,0.24838383838383837,-7.933109356647674e-05,0.05922073709627405
8341,2.6783838383838385,0.2543434343434343,6.510049383674526e-05,0.06036747727721102
8342,2.6783838383838385,0.26030303030303026,0.00028878892833113793,0.06179210508916091
8343,2.6783838383838385,0.26626262626262626,0.0005789841835257684,0.06299114731986047
8344,2.6783838383838385,0.2722222222222222,-0.0003474277090443609,0.06446651405671694
8345,2.6783838383838385,0.27818181818181814,-0.0011417676669623492,0.06553879650133666
8346,2.6783838383838385,0.28414141414141414,-0.0007206179732352848,0.06788701033988728
8347,2.6783838383838385,0.2901010101010101,-0.0011221119217661069,0.06881712000687203
8348,2.6783838383838385,0.296060606060606,-0.001178064974199601,0.06994241401559646
8349,2.6783838383838385,0.302020202020202,-0.0008782949662467342,0.07147310876292226
8350,2.6783838383838385,0.30797979797979796,0.001564704228998604,0.07336991101020564
8351,2.6783838383838385,0.3139393939393939,0.0011415681323837682,0.07419473514290166
8352,2.6783838383838385,0.31989898989898985,0.001047154952078981,0.07600501163008738
8353,2.6783838383838385,0.32585858585858585,-0.00011237683845895119,0.07735583463725987
8354,2.6783838383838385,0.3318181818181818,-0.00137185432796128,0.07886394707544553
8355,2.6783838383838385,0.33777777777777773,-0.0006399735512303136,0.07981395806854698
8356,2.6783838383838385,0.34373737373737373,0.0006550857105990948,0.08216767930667829
8357,2.6783838383838385,0.3496969696969697,0.0004651839255167676,0.08417663880756385
8358,2.6783838383838385,0.3556565656565656,-0.0015542780807264688,0.08506988798748064
8359,2.6783838383838385,0.3616161616161616,-0.000341019835579258,0.08683157693583295
8360,2.6783838383838385,0.36757575757575756,-0.0003945814020188516,0.08787136831494564
8361,2.6783838383838385,0.3735353535353535,0.0007358607151969376,0.08861946472180748
8362,2.6783838383838385,0.37949494949494944,-0.00025111815699782765,0.08968284868500627
8363,2.6783838383838385,0.38545454545454544,0.00031978044826362514,0.09214353589689737
8364,2.6783838383838385,0.3914141414141414,2.3835267102166213e-06,0.09389190651278896
8365,2.6783838383838385,0.3973737373737373,0.0016744986634896304,0.09395167792203575
8366,2.6783838383838385,0.4033333333333333,0.00045286581035358555,0.0957914036442459
8367,2.6783838383838385,0.40929292929292926,-0.0012946132500087114,0.09825393102113185
8368,2.6783838383838385,0.4152525252525252,-0.000496828034830461,0.09760555514057342
8369,2.6783838383838385,0.42121212121212115,0.0009677582030319384,0.10074482174585705
8370,2.6783838383838385,0.42717171717171715,-0.0004905861510391448,0.10324409329817076
8371,2.6783838383838385,0.4331313131313131,0.0005030785807300218,0.10366370500976763
8372,2.6783838383838385,0.43909090909090903,0.00025685036824771057,0.10506787931654371
8373,2.6783838383838385,0.44505050505050503,0.0009192823053278798,0.10632543047653975
8374,2.6783838383838385,0.45101010101010097,-0.002641100505677094,0.10723581910060238
8375,2.6783838383838385,0.4569696969696969,-0.0009718742977266905,0.10934169938650815
8376,2.6783838383838385,0.4629292929292929,0.0002724453570598392,0.11084812226077828
8377,2.6783838383838385,0.46888888888888886,0.00040527544338186434,0.11227880402975804
8378,2.6783838383838385,0.4748484848484848,0.00015801082628717625,0.11394307352884103
8379,2.6783838383838385,0.48080808080808074,-0.0008332519056894729,0.11599899370488277
8380,2.6783838383838385,0.48676767676767674,-0.001381203607782479,0.1150722518299314
8381,2.6783838383838385,0.4927272727272727,-0.0008158001827857733,0.1159990670786457
8382,2.6783838383838385,0.4986868686868686,-0.0007787958843016323,0.11888810442538225
8383,2.6783838383838385,0.5046464646464646,0.0004415512183162706,0.12047876338120882
8384,2.6783838383838385,0.5106060606060605,8.169726789321743e-05,0.12284308194623474
8385,2.6783838383838385,0.5165656565656566,-0.0018987654872353182,0.12398819075587279
8386,2.6783838383838385,0.5225252525252525,-0.0022305891325632918,0.12543817845304317
8387,2.6783838383838385,0.5284848484848484,-0.0012815944047199416,0.12678793779510023
8388,2.6783838383838385,0.5344444444444444,0.0008808165186398282,0.1291201998266832
8389,2.6783838383838385,0.5404040404040403,-0.0012113527149774082,0.1297228023720555
8390,2.6783838383838385,0.5463636363636363,-1.2500101243158169e-05,0.13006655709835963
8391,2.6783838383838385,0.5523232323232323,-0.0006425538114248455,0.13315760412295713
8392,2.6783838383838385,0.5582828282828283,0.0010184015903247135,0.1350493283123886
8393,2.6783838383838385,0.5642424242424242,0.0017629487689955355,0.13682404217944735
8394,2.6783838383838385,0.5702020202020202,0.0008159626650539078,0.13877173107508703
8395,2.6783838383838385,0.5761616161616161,-0.0006705015208751668,0.13761811509556923
8396,2.6783838383838385,0.582121212121212,0.0008201564158325033,0.13999214759151093
8397,2.6783838383838385,0.588080808080808,-0.001251207807496282,0.1411959885484134
8398,2.6783838383838385,0.594040404040404,0.0011074792723814032,0.1442288083136889
8399,2.6783838383838385,0.6,0.003438755232417118,0.14538473282486544
8400,2.6984848484848483,0.01,-1.391533677287553e-05,0.0023924322702258078
8401,2.6984848484848483,0.01595959595959596,6.503955959531771e-06,0.0038770959452559726
8402,2.6984848484848483,0.021919191919191918,1.4263592551239057e-05,0.005258061647627655
8403,2.6984848484848483,0.027878787878787878,7.872075521663179e-05,0.0067110091777274955
8404,2.6984848484848483,0.033838383838383834,0.000114808943606505,0.008064736773129353
8405,2.6984848484848483,0.0397979797979798,-0.00013961551312859397,0.009499156022218031
8406,2.6984848484848483,0.045757575757575754,-2.1279571493544302e-05,0.01091026273859771
8407,2.6984848484848483,0.05171717171717172,5.704576875726897e-06,0.01230510423390494
8408,2.6984848484848483,0.05767676767676767,7.43776799181707e-05,0.013856549285279197
8409,2.6984848484848483,0.06363636363636363,4.20609260804091e-05,0.015165093628024463
8410,2.6984848484848483,0.06959595959595959,-0.00016203134004901776,0.016710224159106286
8411,2.6984848484848483,0.07555555555555554,0.00013043545810600493,0.018271610251195565
8412,2.6984848484848483,0.0815151515151515,0.00033584272309592676,0.019643355088494834
8413,2.6984848484848483,0.08747474747474746,-0.00019371719193610502,0.02104581808234135
8414,2.6984848484848483,0.09343434343434343,0.00042326840774896315,0.022420324969954258
8415,2.6984848484848483,0.09939393939393938,0.000120767578862167,0.023691720737804893
8416,2.6984848484848483,0.10535353535353534,1.3697790652920095e-05,0.025251175888684183
8417,2.6984848484848483,0.1113131313131313,-0.00041184351422849546,0.02679788207794561
8418,2.6984848484848483,0.11727272727272725,-0.0002741294583251132,0.0281804917825521
8419,2.6984848484848483,0.12323232323232322,0.00029681903869265274,0.029347531613095446
8420,2.6984848484848483,0.1291919191919192,-6.605127285030772e-05,0.030705111406109178
8421,2.6984848484848483,0.13515151515151513,0.0001795946212099784,0.032261537826095255
8422,2.6984848484848483,0.1411111111111111,0.00038375302618690114,0.033911589249539
8423,2.6984848484848483,0.14707070707070707,-4.4242737394360795e-06,0.03536407511704559
8424,2.6984848484848483,0.15303030303030302,0.0007077012975194048,0.03655638590352003
8425,2.6984848484848483,0.158989898989899,-0.0005803216084711019,0.03794202525950632
8426,2.6984848484848483,0.16494949494949493,-0.0001859175861571931,0.03950067629631066
8427,2.6984848484848483,0.1709090909090909,0.000756871776638468,0.04156716297398747
8428,2.6984848484848483,0.17686868686868687,0.00036428479893176085,0.042248852672715866
8429,2.6984848484848483,0.1828282828282828,0.00039299443118667363,0.044107513261312827
8430,2.6984848484848483,0.18878787878787878,8.492560755973109e-05,0.045173041406491525
8431,2.6984848484848483,0.19474747474747472,0.00015511369323685585,0.046536081627664566
8432,2.6984848484848483,0.2007070707070707,0.0004858813629297186,0.04772583349261532
8433,2.6984848484848483,0.20666666666666667,-0.0002654457556409595,0.04959403101735379
8434,2.6984848484848483,0.2126262626262626,0.00020835810139939782,0.05133248328204515
8435,2.6984848484848483,0.21858585858585858,0.0006752251556717536,0.05246086778278275
8436,2.6984848484848483,0.22454545454545452,0.0005123281541780471,0.05383107802174377
8437,2.6984848484848483,0.2305050505050505,-0.0006038276401870928,0.05451673635499081
8438,2.6984848484848483,0.23646464646464646,-0.0002778087668593832,0.05587591262255467
8439,2.6984848484848483,0.2424242424242424,-0.00019752550574946956,0.058420518447360355
8440,2.6984848484848483,0.24838383838383837,8.247093381501292e-05,0.05973437702484107
8441,2.6984848484848483,0.2543434343434343,0.00036068746839168676,0.06148485703867286
8442,2.6984848484848483,0.26030303030303026,-0.0009264535958641261,0.061104626561584816
8443,2.6984848484848483,0.26626262626262626,-0.0007717053740340166,0.06358317397515288
8444,2.6984848484848483,0.2722222222222222,-0.0003201999341435152,0.06620906269484308
8445,2.6984848484848483,0.27818181818181814,8.05356627154275e-05,0.06746089927140284
8446,2.6984848484848483,0.28414141414141414,0.00043905557244706327,0.0685929364784982
8447,2.6984848484848483,0.2901010101010101,-0.0007939042993579544,0.07005759118483633
8448,2.6984848484848483,0.296060606060606,0.0003396844316565358,0.071892214432348
8449,2.6984848484848483,0.302020202020202,0.0004703176716624004,0.07237590146078374
8450,2.6984848484848483,0.30797979797979796,9.831069484533128e-05,0.07369057213686064
8451,2.6984848484848483,0.3139393939393939,-0.00016530692617902612,0.0760229877562965
8452,2.6984848484848483,0.31989898989898985,0.001129679344082441,0.07699926236248665
8453,2.6984848484848483,0.32585858585858585,8.641816669486899e-05,0.07863442211470387
8454,2.6984848484848483,0.3318181818181818,0.0010565103249757953,0.08059810258924358
8455,2.6984848484848483,0.33777777777777773,-0.0004803917177125958,0.08140943484374424
8456,2.6984848484848483,0.34373737373737373,-0.0007581060405216796,0.08213691701384622
8457,2.6984848484848483,0.3496969696969697,4.419378597852855e-05,0.08433801755453396
8458,2.6984848484848483,0.3556565656565656,-0.00037755695293945123,0.08488041823751077
8459,2.6984848484848483,0.3616161616161616,0.0010789372241903673,0.0884998072090052
8460,2.6984848484848483,0.36757575757575756,-0.0006187806727201243,0.08745214497986277
8461,2.6984848484848483,0.3735353535353535,0.0009699689511467869,0.08900104425232835
8462,2.6984848484848483,0.37949494949494944,-0.0014671173306154352,0.09111242590234835
8463,2.6984848484848483,0.38545454545454544,0.0001632620997484023,0.09307256240352935
8464,2.6984848484848483,0.3914141414141414,0.0003384609493463011,0.09500921742841456
8465,2.6984848484848483,0.3973737373737373,-0.0005994147383176275,0.09460673518255072
8466,2.6984848484848483,0.4033333333333333,-0.0008866315213858393,0.09774439457275745
8467,2.6984848484848483,0.40929292929292926,0.00027776631182144755,0.098860769411591
8468,2.6984848484848483,0.4152525252525252,-0.0003756835440313433,0.10030449179241924
8469,2.6984848484848483,0.42121212121212115,-0.00017476632360118843,0.10139871936796932
8470,2.6984848484848483,0.42717171717171715,0.00013064953745185823,0.10337403167806619
8471,2.6984848484848483,0.4331313131313131,-0.00013033726800012685,0.10435195832313034
8472,2.6984848484848483,0.43909090909090903,0.0026619737399422804,0.1080957470955144
8473,2.6984848484848483,0.44505050505050503,0.0005990568824005303,0.10641039827076691
8474,2.6984848484848483,0.45101010101010097,0.0002643916567403359,0.10855774527978916
8475,2.6984848484848483,0.4569696969696969,0.0015232070603877622,0.11128753853016515
8476,2.6984848484848483,0.4629292929292929,0.0007542896270216235,0.11132244559420669
8477,2.6984848484848483,0.46888888888888886,-0.0008911625186954215,0.11350149857690799
8478,2.6984848484848483,0.4748484848484848,-0.0014728563285061756,0.1151960201341475
8479,2.6984848484848483,0.48080808080808074,-0.0017087064482935468,0.11510026663971844
8480,2.6984848484848483,0.48676767676767674,-0.00014165323900828158,0.11694327100799576
8481,2.6984848484848483,0.4927272727272727,0.0003775405840514491,0.12100296061749947
8482,2.6984848484848483,0.4986868686868686,-0.0005343432572584557,0.12103301286356814
8483,2.6984848484848483,0.5046464646464646,-0.0003862774496771774,0.12237548024935199
8484,2.6984848484848483,0.5106060606060605,0.00021337207380442517,0.12251946834938508
8485,2.6984848484848483,0.5165656565656566,-0.00035669145335714346,0.12620933342097668
8486,2.6984848484848483,0.5225252525252525,0.0008625258200798973,0.1268518836616022
8487,2.6984848484848483,0.5284848484848484,0.002371475461747194,0.1295174951950112
8488,2.6984848484848483,0.5344444444444444,0.0023173085924265706,0.13059094332811197
8489,2.6984848484848483,0.5404040404040403,0.0025003805539247437,0.13132956689686046
8490,2.6984848484848483,0.5463636363636363,0.00031055053721875135,0.13194012951717066
8491,2.6984848484848483,0.5523232323232323,-0.0008767460493548791,0.13557815517185737
8492,2.6984848484848483,0.5582828282828283,0.00023392299922792023,0.13667626494148866
8493,2.6984848484848483,0.5642424242424242,-0.002006497348810951,0.13679524253841666
8494,2.6984848484848483,0.5702020202020202,0.0011034308165431856,0.14039101685866068
8495,2.6984848484848483,0.5761616161616161,0.0007392052967174732,0.14022303152388352
8496,2.6984848484848483,0.582121212121212,0.0018614475290333193,0.1418347479373217
8497,2.6984848484848483,0.588080808080808,-0.001821552935430731,0.14290515205893753
8498,2.6984848484848483,0.594040404040404,-0.0014601691386349994,0.14520904201572032
8499,2.6984848484848483,0.6,-0.0005540278537256538,0.14681639504954705
8500,2.7185858585858584,0.01,-2.6263596401252297e-05,0.002440169053490304
8501,2.7185858585858584,0.01595959595959596,2.7045042717715083e-05,0.003860542618162105
8502,2.7185858585858584,0.021919191919191918,1.3162829476571536e-05,0.0053312922680693675
8503,2.7185858585858584,0.027878787878787878,-8.752680351003444e-05,0.00668192486547509
8504,2.7185858585858584,0.033838383838383834,-8.211461287344906e-05,0.008201507561974323
8505,2.7185858585858584,0.0397979797979798,9.984008439038373e-05,0.009658736813408295
8506,2.7185858585858584,0.045757575757575754,0.0002542800215713813,0.01119393465848985
8507,2.7185858585858584,0.05171717171717172,6.629326047756866e-05,0.012544444432101632
8508,2.7185858585858584,0.05767676767676767,-1.7422952772856125e-05,0.013922967619084717
8509,2.7185858585858584,0.06363636363636363,0.00021035082342501924,0.015457485056495721
8510,2.7185858585858584,0.06959595959595959,0.0002947879312925175,0.016971365096505854
8511,2.7185858585858584,0.07555555555555554,-0.00010251215913959795,0.01812549292134045
8512,2.7185858585858584,0.0815151515151515,-0.00012140915199773501,0.01953853839177804
8513,2.7185858585858584,0.08747474747474746,-0.0002406151764910908,0.020998294433188736
8514,2.7185858585858584,0.09343434343434343,-2.159599491725368e-05,0.02275451643605871
8515,2.7185858585858584,0.09939393939393938,0.0002157988245859733,0.02385919076873511
8516,2.7185858585858584,0.10535353535353534,0.00013167266939133855,0.02557480950237623
8517,2.7185858585858584,0.1113131313131313,0.0005179142884098143,0.02680046154352747
8518,2.7185858585858584,0.11727272727272725,9.647572940547969e-05,0.0280780011355836
8519,2.7185858585858584,0.12323232323232322,0.0003056798747866382,0.02989449784063214
8520,2.7185858585858584,0.1291919191919192,0.00022832253445847478,0.03139935155522176
8521,2.7185858585858584,0.13515151515151513,0.000113863623214437,0.03274289673659205
8522,2.7185858585858584,0.1411111111111111,0.00031737193404052173,0.033995963416750284
8523,2.7185858585858584,0.14707070707070707,-0.00020324110501064062,0.03587970954152589
8524,2.7185858585858584,0.15303030303030302,-4.336154074035565e-05,0.03745637627881302
8525,2.7185858585858584,0.158989898989899,-0.00018413028669989973,0.03864905672624131
8526,2.7185858585858584,0.16494949494949493,-0.00015901525801217037,0.03923436504181444
8527,2.7185858585858584,0.1709090909090909,0.0006989871934235282,0.04133342409514979
8528,2.7185858585858584,0.17686868686868687,-0.0002573651405336873,0.04302849246995587
8529,2.7185858585858584,0.1828282828282828,-0.00023006570612679235,0.04378267125430222
8530,2.7185858585858584,0.18878787878787878,-0.0007398868320147356,0.04579419378983685
8531,2.7185858585858584,0.19474747474747472,0.00023104973323311416,0.0469489743073665
8532,2.7185858585858584,0.2007070707070707,-0.0003962967197926588,0.04878862643625015
8533,2.7185858585858584,0.20666666666666667,0.00035268906391886233,0.050405658528909464
8534,2.7185858585858584,0.2126262626262626,-0.00013197137078985982,0.05152111096408618
8535,2.7185858585858584,0.21858585858585858,0.0007938206548381753,0.053248542247355285
8536,2.7185858585858584,0.22454545454545452,0.0003826403368578347,0.054516089207556115
8537,2.7185858585858584,0.2305050505050505,3.84867873061743e-05,0.056362108631442254
8538,2.7185858585858584,0.23646464646464646,-0.00040465220332141377,0.057079231757883646
8539,2.7185858585858584,0.2424242424242424,-0.0001991625090692976,0.05930815972931694
8540,2.7185858585858584,0.24838383838383837,-0.00014049738059564442,0.05973847639357991
8541,2.7185858585858584,0.2543434343434343,0.00012098882668535139,0.062439665974772386
8542,2.7185858585858584,0.26030303030303026,-0.0006853473731950527,0.0631635864629198
8543,2.7185858585858584,0.26626262626262626,0.00011655499186367573,0.064307300282218
8544,2.7185858585858584,0.2722222222222222,0.0004987946147771108,0.06658873821291583
8545,2.7185858585858584,0.27818181818181814,-0.0005861493737815705,0.06737616302941611
8546,2.7185858585858584,0.28414141414141414,0.0007605875018161139,0.06841016559619748
8547,2.7185858585858584,0.2901010101010101,-0.0004742417455033545,0.07054371392645066
8548,2.7185858585858584,0.296060606060606,-6.0276297707625306e-05,0.07158189201633004
8549,2.7185858585858584,0.302020202020202,-0.001161261423212694,0.07320401666726646
8550,2.7185858585858584,0.30797979797979796,-0.0005912714893607799,0.07487261764271752
8551,2.7185858585858584,0.3139393939393939,-0.0004871456310318276,0.07528766817234095
8552,2.7185858585858584,0.31989898989898985,-0.0009174028080185229,0.07678412969482755
8553,2.7185858585858584,0.32585858585858585,0.0005668846007785738,0.07961905751206076
8554,2.7185858585858584,0.3318181818181818,0.0006805107942218367,0.08046093270322696
8555,2.7185858585858584,0.33777777777777773,-0.000555258028402605,0.08175888348610715
8556,2.7185858585858584,0.34373737373737373,0.001299342656948878,0.08404999204985465
8557,2.7185858585858584,0.3496969696969697,0.000614315181632652,0.08430820309061933
8558,2.7185858585858584,0.3556565656565656,0.001286455828179809,0.08673200158662889
8559,2.7185858585858584,0.3616161616161616,-0.0008027847531909537,0.0874290773452989
8560,2.7185858585858584,0.36757575757575756,0.0003900232840325957,0.09080595011541803
8561,2.7185858585858584,0.3735353535353535,-0.0005144834338119288,0.0906501496596908
8562,2.7185858585858584,0.37949494949494944,-0.0006402242008610858,0.09334422614578965
8563,2.7185858585858584,0.38545454545454544,0.0022085467162167058,0.09517041028028128
8564,2.7185858585858584,0.3914141414141414,0.0004673642513350993,0.09561371695402811
8565,2.7185858585858584,0.3973737373737373,-0.0009302375588730428,0.09833278351162096
8566,2.7185858585858584,0.4033333333333333,0.0009483446463751638,0.09760507427941409
8567,2.7185858585858584,0.40929292929292926,0.0013522886335784942,0.09988967390669747
8568,2.7185858585858584,0.4152525252525252,0.00047103596742172174,0.10230253769822081
8569,2.7185858585858584,0.42121212121212115,0.00043893056670579484,0.10195095692827318
8570,2.7185858585858584,0.42717171717171715,0.002615789918117589,0.10596683842185466
8571,2.7185858585858584,0.4331313131313131,0.0010991815149686006,0.10544220215185474
8572,2.7185858585858584,0.43909090909090903,0.002816826369182188,0.10778472525241703
8573,2.7185858585858584,0.44505050505050503,-0.0009495526731781613,0.10833969054879214
8574,2.7185858585858584,0.45101010101010097,-8.050959246967189e-05,0.1101953915236328
8575,2.7185858585858584,0.4569696969696969,0.0014183109715092137,0.11396607661406179
8576,2.7185858585858584,0.4629292929292929,0.0009494515039706439,0.1136429716718532
8577,2.7185858585858584,0.46888888888888886,0.0012544774494550768,0.11634122663518637
8578,2.7185858585858584,0.4748484848484848,-0.0014002105146401305,0.11674821827984877
8579,2.7185858585858584,0.48080808080808074,1.2515232621007133e-05,0.11779656984673471
8580,2.7185858585858584,0.48676767676767674,-0.0009304897193330941,0.11887684620749298
8581,2.7185858585858584,0.4927272727272727,-0.0014677254443220293,0.12099726268921641
8582,2.7185858585858584,0.4986868686868686,-0.0006503186424351184,0.12246849040380779
8583,2.7185858585858584,0.5046464646464646,-0.0005871242050981226,0.12300816022580872
8584,2.7185858585858584,0.5106060606060605,0.0004001993947009625,0.1251427244896591
8585,2.7185858585858584,0.5165656565656566,0.0003514871403051745,0.12565707249253777
8586,2.7185858585858584,0.5225252525252525,0.001581049951867366,0.13109372428208774
8587,2.7185858585858584,0.5284848484848484,0.0005364505320594132,0.13044549628695915
8588,2.7185858585858584,0.5344444444444444,0.0002659796119499111,0.13073975005425104
8589,2.7185858585858584,0.5404040404040403,0.0012257344263916466,0.13541189741722162
8590,2.7185858585858584,0.5463636363636363,-0.0004007877148670498,0.1337688797643109
8591,2.7185858585858584,0.5523232323232323,0.0019618752806644835,0.1367542923382824
8592,2.7185858585858584,0.5582828282828283,0.0020936160781848973,0.1377256478905255
8593,2.7185858585858584,0.5642424242424242,0.00244899188723514,0.13942816567127841
8594,2.7185858585858584,0.5702020202020202,-0.0008728036094628328,0.14147393193502217
8595,2.7185858585858584,0.5761616161616161,0.0010993577291280483,0.1449905085631166
8596,2.7185858585858584,0.582121212121212,-3.5087761695200645e-05,0.14571765123900587
8597,2.7185858585858584,0.588080808080808,0.0005770553037421023,0.14622346354132196
8598,2.7185858585858584,0.594040404040404,-0.0009276974263443959,0.14528762927902
8599,2.7185858585858584,0.6,0.00019477039311484087,0.147997129522154
8600,2.7386868686868686,0.01,-4.187086824123992e-05,0.002421051755975317
8601,2.7386868686868686,0.01595959595959596,-5.186126497123611e-06,0.003914222641278896
8602,2.7386868686868686,0.021919191919191918,6.479196904743948e-05,0.005418988785774511
8603,2.7386868686868686,0.027878787878787878,3.949394954912426e-05,0.0069658725143395646
8604,2.7386868686868686,0.033838383838383834,0.00016149030887036199,0.00827287280704673
8605,2.7386868686868686,0.0397979797979798,6.620904448199849e-05,0.009949719118136302
8606,2.7386868686868686,0.045757575757575754,8.480797833015516e-05,0.011259084514151346
8607,2.7386868686868686,0.05171717171717172,0.0001364397207956638,0.012665613484547962
8608,2.7386868686868686,0.05767676767676767,0.00038589895607854985,0.014118109122433635
8609,2.7386868686868686,0.06363636363636363,-7.214132288391797e-05,0.015454385717040373
8610,2.7386868686868686,0.06959595959595959,8.939324820684102e-06,0.01690667474264255
8611,2.7386868686868686,0.07555555555555554,-0.0003501326759196518,0.018434727747811363
8612,2.7386868686868686,0.0815151515151515,0.00028145614965635526,0.0200230863254286
8613,2.7386868686868686,0.08747474747474746,-0.00015130870340143937,0.021546386208014103
8614,2.7386868686868686,0.09343434343434343,-0.00023500874466810036,0.02285854925610327
8615,2.7386868686868686,0.09939393939393938,-0.00017241060100237448,0.02407649679983061
8616,2.7386868686868686,0.10535353535353534,-0.0006699341759540664,0.02601052477279559
8617,2.7386868686868686,0.1113131313131313,0.00010540881243451081,0.027554941874602945
8618,2.7386868686868686,0.11727272727272725,-0.00015900400510498208,0.02878229484550826
8619,2.7386868686868686,0.12323232323232322,1.0653648861709942e-05,0.03002982955432734
8620,2.7386868686868686,0.1291919191919192,-0.0007151412074351848,0.03125991729973597
8621,2.7386868686868686,0.13515151515151513,-9.791478914608966e-05,0.033320394717970374
8622,2.7386868686868686,0.1411111111111111,0.0003855911576266592,0.03494302872426897
8623,2.7386868686868686,0.14707070707070707,-0.00012113079621313725,0.03592711865644901
8624,2.7386868686868686,0.15303030303030302,0.000169417614278099,0.037368657544822305
8625,2.7386868686868686,0.158989898989899,0.00017284474545603334,0.038657172585552686
8626,2.7386868686868686,0.16494949494949493,0.00013614965724521226,0.04082247816214608
8627,2.7386868686868686,0.1709090909090909,0.0001442941576221478,0.04232360429839204
8628,2.7386868686868686,0.17686868686868687,0.0006551543763710884,0.043558446453737985
8629,2.7386868686868686,0.1828282828282828,-0.0003407028199495369,0.04521697817582232
8630,2.7386868686868686,0.18878787878787878,-0.00020860063424898021,0.04680775717985899
8631,2.7386868686868686,0.19474747474747472,-0.00035190466413936167,0.04800291024622309
8632,2.7386868686868686,0.2007070707070707,0.00011560662934884935,0.049696083868355966
8633,2.7386868686868686,0.20666666666666667,0.00010580095148710908,0.050662167234212255
8634,2.7386868686868686,0.2126262626262626,0.0003153784570464994,0.05216379682097388
8635,2.7386868686868686,0.21858585858585858,0.00018840993497158337,0.05368835905891369
8636,2.7386868686868686,0.22454545454545452,0.0005339745309709004,0.055511515635278966
8637,2.7386868686868686,0.2305050505050505,-0.0001422784088046252,0.05671215686551008
8638,2.7386868686868686,0.23646464646464646,0.0005247429516315741,0.058367336027064606
8639,2.7386868686868686,0.2424242424242424,0.000477920540520577,0.05993211976879746
8640,2.7386868686868686,0.24838383838383837,0.0003801513334410507,0.06192286596256368
8641,2.7386868686868686,0.2543434343434343,0.00028288085110113667,0.06211938833532884
8642,2.7386868686868686,0.26030303030303026,-0.0002849940383064849,0.06354279385333811
8643,2.7386868686868686,0.26626262626262626,0.00023641391154221564,0.06543844129782972
8644,2.7386868686868686,0.2722222222222222,9.472185131441462e-05,0.06677737902635271
8645,2.7386868686868686,0.27818181818181814,0.0008947007200623204,0.06855030071215669
8646,2.7386868686868686,0.28414141414141414,-0.00016583605339462562,0.06983556974760002
8647,2.7386868686868686,0.2901010101010101,0.0002185216718437502,0.07142312201144681
8648,2.7386868686868686,0.296060606060606,0.0002875114423177059,0.07249277281797495
8649,2.7386868686868686,0.302020202020202,-0.000405653638015369,0.07498772839310115
8650,2.7386868686868686,0.30797979797979796,0.00016578377018948009,0.07547922307670771
8651,2.7386868686868686,0.3139393939393939,-0.0004489248761372199,0.07670277898581197
8652,2.7386868686868686,0.31989898989898985,0.0016058415872371604,0.07873083017113641
8653,2.7386868686868686,0.32585858585858585,0.0017200096938691884,0.08162653270056751
8654,2.7386868686868686,0.3318181818181818,0.002708236222021331,0.08160942135017821
8655,2.7386868686868686,0.33777777777777773,-0.0004015592589073497,0.08387496007637676
8656,2.7386868686868686,0.34373737373737373,-0.00026735140488638265,0.08367089455551685
8657,2.7386868686868686,0.3496969696969697,0.0001317679268732994,0.08666899134972393
8658,2.7386868686868686,0.3556565656565656,-0.0011107369080702075,0.08713392280384627
8659,2.7386868686868686,0.3616161616161616,-0.001208627645942288,0.089174821376716
8660,2.7386868686868686,0.36757575757575756,-0.000211274689325879,0.09037505797163194
8661,2.7386868686868686,0.3735353535353535,0.0012803627838738237,0.0942253200142379
8662,2.7386868686868686,0.37949494949494944,0.000672989815092925,0.0935672922135744
8663,2.7386868686868686,0.38545454545454544,0.0011093029858159085,0.09556127759494888
8664,2.7386868686868686,0.3914141414141414,0.0006893360126009496,0.0974480084723231
8665,2.7386868686868686,0.3973737373737373,0.0004316755756215165,0.09781660064816056
8666,2.7386868686868686,0.4033333333333333,-0.000547193566837466,0.09898035248432033
8667,2.7386868686868686,0.40929292929292926,-0.0006076383790501134,0.10066489322479726
8668,2.7386868686868686,0.4152525252525252,0.000663327221143973,0.10334345496400535
8669,2.7386868686868686,0.42121212121212115,-0.0002600840736011732,0.10393439129670619
8670,2.7386868686868686,0.42717171717171715,-0.0006239089403701402,0.10651172050871648
8671,2.7386868686868686,0.4331313131313131,0.0010407226340926668,0.10637788239639683
8672,2.7386868686868686,0.43909090909090903,0.0008623993386216311,0.10876165979827251
8673,2.7386868686868686,0.44505050505050503,-0.0022648036006072654,0.1076178204049173
8674,2.7386868686868686,0.45101010101010097,0.0011237142871414578,0.11232448481209967
8675,2.7386868686868686,0.4569696969696969,-0.0002630915049082989,0.11393007600812158
8676,2.7386868686868686,0.4629292929292929,-0.001046757278973561,0.11397855718313166
8677,2.7386868686868686,0.46888888888888886,-0.0004931921318505874,0.11641019698585599
8678,2.7386868686868686,0.4748484848484848,-0.0006570395616332267,0.11622437301713841
8679,2.7386868686868686,0.48080808080808074,-0.0008442273709922471,0.11868466647941017
8680,2.7386868686868686,0.48676767676767674,0.001400433985586527,0.12166170368089681
8681,2.7386868686868686,0.4927272727272727,0.000830207625908597,0.12222318557037792
8682,2.7386868686868686,0.4986868686868686,0.0004536909795343468,0.1257311913276379
8683,2.7386868686868686,0.5046464646464646,-0.0014521159514171928,0.12543714656757218
8684,2.7386868686868686,0.5106060606060605,0.0008013600651966439,0.12756400279958174
8685,2.7386868686868686,0.5165656565656566,-0.0015452521762594688,0.12820712963560066
8686,2.7386868686868686,0.5225252525252525,-0.0008638773930470637,0.1315146115163119
8687,2.7386868686868686,0.5284848484848484,-0.0018522478584671387,0.1314195624221514
8688,2.7386868686868686,0.5344444444444444,-0.0016056172469971145,0.13305347345221438
8689,2.7386868686868686,0.5404040404040403,-0.0018634680066633984,0.13219554111842516
8690,2.7386868686868686,0.5463636363636363,0.0021543271467602252,0.13819507904404524
8691,2.7386868686868686,0.5523232323232323,-3.049871557437327e-05,0.13734605284962728
8692,2.7386868686868686,0.5582828282828283,-0.002234118717754364,0.13917365868595058
8693,2.7386868686868686,0.5642424242424242,0.0005222058428689066,0.1413762885192329
8694,2.7386868686868686,0.5702020202020202,0.0016099191386780554,0.1446084802292788
8695,2.7386868686868686,0.5761616161616161,0.003598934412681925,0.1452377294246722
8696,2.7386868686868686,0.582121212121212,0.0003183219531072585,0.14477536704971578
8697,2.7386868686868686,0.588080808080808,-0.00010063045402838125,0.14632261504445146
8698,2.7386868686868686,0.594040404040404,0.0014647409780500886,0.14914289477659293
8699,2.7386868686868686,0.6,-0.0007506925551961106,0.14985152904852986
8700,2.758787878787879,0.01,-1.3413292401226128e-06,0.002485690553544958
8701,2.758787878787879,0.01595959595959596,1.2437228526623656e-05,0.003934895339078592
8702,2.758787878787879,0.021919191919191918,-6.730246205196577e-06,0.005361325767684771
8703,2.758787878787879,0.027878787878787878,-3.7119719282941634e-05,0.0069719673459969975
8704,2.758787878787879,0.033838383838383834,6.985387113546748e-06,0.008345087024359389
8705,2.758787878787879,0.0397979797979798,-9.860978053089014e-05,0.009872732996406893
8706,2.758787878787879,0.045757575757575754,7.016651331179475e-05,0.011336991698293728
8707,2.758787878787879,0.05171717171717172,6.209894707656707e-05,0.012874350520284747
8708,2.758787878787879,0.05767676767676767,-7.819391579206543e-05,0.014173966797114176
8709,2.758787878787879,0.06363636363636363,-3.05955367657183e-05,0.01588322836567485
8710,2.758787878787879,0.06959595959595959,0.0001848650994927637,0.017257431213589688
8711,2.758787878787879,0.07555555555555554,-4.823537858388764e-05,0.01870861771360118
8712,2.758787878787879,0.0815151515151515,0.00018464739174201328,0.020207209466228677
8713,2.758787878787879,0.08747474747474746,-8.410551623337043e-05,0.02157960731760757
8714,2.758787878787879,0.09343434343434343,9.736629929034303e-05,0.023087289642352175
8715,2.758787878787879,0.09939393939393938,-0.00023092641244106988,0.024775840455046334
8716,2.758787878787879,0.10535353535353534,0.0001691190568786689,0.025891809418172068
8717,2.758787878787879,0.1113131313131313,-0.00040959402140509427,0.027328935754724646
8718,2.758787878787879,0.11727272727272725,-0.00022536305944826864,0.029289883604051926
8719,2.758787878787879,0.12323232323232322,0.00025640709234624887,0.030757890435174063
8720,2.758787878787879,0.1291919191919192,-0.000450186331502501,0.03185834150777711
8721,2.758787878787879,0.13515151515151513,-9.887762734814925e-05,0.03319731740786094
8722,2.758787878787879,0.1411111111111111,-0.00018630590331381212,0.034804738220815104
8723,2.758787878787879,0.14707070707070707,0.0004929872581239662,0.03602162132439651
8724,2.758787878787879,0.15303030303030302,-0.0002774998284270086,0.0383110746987207
8725,2.758787878787879,0.158989898989899,-9.596897576938981e-05,0.039780586459688405
8726,2.758787878787879,0.16494949494949493,0.0005431730182034647,0.04101166111485241
8727,2.758787878787879,0.1709090909090909,-1.3018993893183362e-05,0.042868867137035874
8728,2.758787878787879,0.17686868686868687,-0.00011436015683491932,0.044010936816653114
8729,2.758787878787879,0.1828282828282828,0.00018833429566313172,0.04587132897197537
8730,2.758787878787879,0.18878787878787878,-0.00027507607314778684,0.046485102794797784
8731,2.758787878787879,0.19474747474747472,0.0004915308778563901,0.04811348092983379
8732,2.758787878787879,0.2007070707070707,6.701250862443386e-05,0.049794000145687946
8733,2.758787878787879,0.20666666666666667,-0.00017801232899452297,0.05123246945466191
8734,2.758787878787879,0.2126262626262626,0.0012170163380288436,0.052585552636780206
8735,2.758787878787879,0.21858585858585858,-0.00034259168117782395,0.05374119595302066
8736,2.758787878787879,0.22454545454545452,0.0006013348042080214,0.05651050583750587
8737,2.758787878787879,0.2305050505050505,-9.404498064130785e-05,0.0575213831076484
8738,2.758787878787879,0.23646464646464646,0.0006445392667189488,0.05850172851788754
8739,2.758787878787879,0.2424242424242424,-0.0007260460842574202,0.06013833082875234
8740,2.758787878787879,0.24838383838383837,-0.00033023385868359166,0.06132107293417477
8741,2.758787878787879,0.2543434343434343,0.00012869393516600795,0.06306731268653182
8742,2.758787878787879,0.26030303030303026,-0.00016500008615600903,0.06476303815473569
8743,2.758787878787879,0.26626262626262626,-0.0007324505503468976,0.06637326984247924
8744,2.758787878787879,0.2722222222222222,0.0009287368320942765,0.06801061404279052
8745,2.758787878787879,0.27818181818181814,0.0006526856479384867,0.06893101988527833
8746,2.758787878787879,0.28414141414141414,0.0002469579237493393,0.07151349828799287
8747,2.758787878787879,0.2901010101010101,-0.0010286921889095528,0.07245815289550131
8748,2.758787878787879,0.296060606060606,-0.0014659604642838226,0.07318913872253403
8749,2.758787878787879,0.302020202020202,-0.0005393195825860957,0.07657038396405952
8750,2.758787878787879,0.30797979797979796,-0.0011500453839320616,0.07674123775660559
8751,2.758787878787879,0.3139393939393939,-0.0002725581235155264,0.07795220003023715
8752,2.758787878787879,0.31989898989898985,0.0017413601537613036,0.08029400962658918
8753,2.758787878787879,0.32585858585858585,-0.000288320636530983,0.08124534884844546
8754,2.758787878787879,0.3318181818181818,0.00017187936899446053,0.08421806756398101
8755,2.758787878787879,0.33777777777777773,0.0008264741412084618,0.08380750392611719
8756,2.758787878787879,0.34373737373737373,-0.0001738944822243112,0.08555822753068419
8757,2.758787878787879,0.3496969696969697,0.0006347985030336294,0.08844270449654586
8758,2.758787878787879,0.3556565656565656,-0.0019888058067281896,0.08811775121282685
8759,2.758787878787879,0.3616161616161616,-4.219115131184483e-05,0.09075224166108938
8760,2.758787878787879,0.36757575757575756,-5.537349307274182e-05,0.09237426525394161
8761,2.758787878787879,0.3735353535353535,3.4534512536392723e-07,0.09214653746397888
8762,2.758787878787879,0.37949494949494944,5.51255715149483e-05,0.09498951852798411
8763,2.758787878787879,0.38545454545454544,0.0013332874573522872,0.09720454944816187
8764,2.758787878787879,0.3914141414141414,0.00038924996148702974,0.0986107702064463
8765,2.758787878787879,0.3973737373737373,0.0008255127128518565,0.10000672069684055
8766,2.758787878787879,0.4033333333333333,-0.0008831664863319205,0.10146271964743706
8767,2.758787878787879,0.40929292929292926,-0.0015636926322245594,0.10180859570296052
8768,2.758787878787879,0.4152525252525252,0.0014170548479316366,0.10376005841976114
8769,2.758787878787879,0.42121212121212115,-0.0008732208911808438,0.10452852744985199
8770,2.758787878787879,0.42717171717171715,0.0008804458172237919,0.10592319040004733
8771,2.758787878787879,0.4331313131313131,0.0002866891464103932,0.10946070560639627
8772,2.758787878787879,0.43909090909090903,0.0004590709803100787,0.10995363306526727
8773,2.758787878787879,0.44505050505050503,-0.00030404233403513834,0.11093465670830112
8774,2.758787878787879,0.45101010101010097,-4.6711636892234495e-05,0.11124116145789284
8775,2.758787878787879,0.4569696969696969,-0.0005727406621078525,0.11485083793801598
8776,2.758787878787879,0.4629292929292929,-0.0008885412290275596,0.11574017227369757
8777,2.758787878787879,0.46888888888888886,-0.0009557756258225671,0.11775768621113433
8778,2.758787878787879,0.4748484848484848,0.0009933114030048606,0.1210261942721196
8779,2.758787878787879,0.48080808080808074,-0.0014930688201601258,0.12001020572468667
8780,2.758787878787879,0.48676767676767674,-0.002637268594668718,0.12155128691039616
8781,2.758787878787879,0.4927272727272727,-0.00013073734870526756,0.1235087590997916
8782,2.758787878787879,0.4986868686868686,0.001131718468935415,0.12423720064958917
8783,2.758787878787879,0.5046464646464646,0.000310226614445014,0.12799230248386267
8784,2.758787878787879,0.5106060606060605,0.0008462943129905442,0.12993441580205367
8785,2.758787878787879,0.5165656565656566,0.002063289016134635,0.1292178558887724
8786,2.758787878787879,0.5225252525252525,0.0026319990316690045,0.13347800232409562
8787,2.758787878787879,0.5284848484848484,0.0022699261709982414,0.1340808189375883
8788,2.758787878787879,0.5344444444444444,-0.0007061255137713434,0.13288763551367966
8789,2.758787878787879,0.5404040404040403,-0.0015770849177683054,0.13350489290407366
8790,2.758787878787879,0.5463636363636363,0.0007904540005601093,0.13509983796505912
8791,2.758787878787879,0.5523232323232323,-0.0006742221450503255,0.13749154671480707
8792,2.758787878787879,0.5582828282828283,-0.0018608312629887418,0.14009282031123999
8793,2.758787878787879,0.5642424242424242,-0.0005948116513767282,0.14187056554672292
8794,2.758787878787879,0.5702020202020202,-0.0010438657149754132,0.14430698705179898
8795,2.758787878787879,0.5761616161616161,-0.002263827027922108,0.14369626673443592
8796,2.758787878787879,0.582121212121212,0.0013388640194434472,0.14873421657387653
8797,2.758787878787879,0.588080808080808,0.0013913771441393425,0.14833044678788015
8798,2.758787878787879,0.594040404040404,-0.0011924582827949931,0.15302259013989242
8799,2.758787878787879,0.6,0.0009385644391908641,0.1503635021041093
8800,2.778888888888889,0.01,-2.9394858222605324e-05,0.00252875713531332
8801,2.778888888888889,0.01595959595959596,-6.665947198412522e-05,0.004020261236652924
8802,2.778888888888889,0.021919191919191918,-6.677037307508326e-05,0.005474186457624493
8803,2.778888888888889,0.027878787878787878,-4.617617681692205e-05,0.006954418654544877
8804,2.778888888888889,0.033838383838383834,1.7683726922623766e-05,0.008572090032918771
8805,2.778888888888889,0.0397979797979798,-6.715511404039227e-05,0.009987207518883478
8806,2.778888888888889,0.045757575757575754,-7.552112884927574e-05,0.011481068212743289
8807,2.778888888888889,0.05171717171717172,-1.9791693057709815e-05,0.01304653893794665
8808,2.778888888888889,0.05767676767676767,4.890852756457464e-06,0.014461580669226065
8809,2.778888888888889,0.06363636363636363,-7.754985079794163e-05,0.016062726620975517
8810,2.778888888888889,0.06959595959595959,-0.00024783051332137005,0.01740230611208762
8811,2.778888888888889,0.07555555555555554,-5.942943800783801e-05,0.018824760961275368
8812,2.778888888888889,0.0815151515151515,3.9396553390723455e-06,0.020208698775075848
8813,2.778888888888889,0.08747474747474746,-4.24538837781171e-05,0.02233368273474025
8814,2.778888888888889,0.09343434343434343,-0.00016369273415996316,0.02340792354768412
8815,2.778888888888889,0.09939393939393938,-0.00031929047064888446,0.024747457073593798
8816,2.778888888888889,0.10535353535353534,0.00010131549595859903,0.026423371850665244
8817,2.778888888888889,0.1113131313131313,-4.488573843436796e-05,0.027569959665835905
8818,2.778888888888889,0.11727272727272725,-6.298041014752144e-05,0.029401172626721858
8819,2.778888888888889,0.12323232323232322,-5.761909164629193e-05,0.03090815767334171
8820,2.778888888888889,0.1291919191919192,-0.00017285000037479094,0.032387751755091516
8821,2.778888888888889,0.13515151515151513,0.00042743411694863874,0.034031217384146537
8822,2.778888888888889,0.1411111111111111,-1.572191920985144e-05,0.03541670811054332
8823,2.778888888888889,0.14707070707070707,-0.0005192800535457497,0.036813190564895334
8824,2.778888888888889,0.15303030303030302,-0.00014259599398972766,0.03878652252978278
8825,2.778888888888889,0.158989898989899,0.0004455900947404139,0.03999416785818852
8826,2.778888888888889,0.16494949494949493,0.00016392504778344326,0.04139935943805278
8827,2.778888888888889,0.1709090909090909,-0.0004952586109617561,0.04321097533541984
8828,2.778888888888889,0.17686868686868687,-0.0002603809093190876,0.04438340165575655
8829,2.778888888888889,0.1828282828282828,-0.0005905294464311516,0.04536611556817248
8830,2.778888888888889,0.18878787878787878,-0.0008930742419371999,0.046425072795920716
8831,2.778888888888889,0.19474747474747472,0.00022355737999350112,0.04884395665206377
8832,2.778888888888889,0.2007070707070707,-0.0003777841738583661,0.05017906765196593
8833,2.778888888888889,0.20666666666666667,0.00026117304510241027,0.051940876727256065
8834,2.778888888888889,0.2126262626262626,0.0009256534588290245,0.05397635667370941
8835,2.778888888888889,0.21858585858585858,0.00047999800206317014,0.055163022181474786
8836,2.778888888888889,0.22454545454545452,-0.00043866233743413953,0.05647721381335362
8837,2.778888888888889,0.2305050505050505,-0.0009271841833451642,0.057995912696406304
8838,2.778888888888889,0.23646464646464646,0.00039943750907550743,0.05942603907625785
8839,2.778888888888889,0.2424242424242424,0.001011746177741565,0.0609225028337425
8840,2.778888888888889,0.24838383838383837,0.0008966363688410858,0.062089810759984695
8841,2.778888888888889,0.2543434343434343,0.001383246133692585,0.06364661882875648
8842,2.778888888888889,0.26030303030303026,0.00017520192906939088,0.0656523278045247
8843,2.778888888888889,0.26626262626262626,-0.0011417271649512887,0.06717508406559032
8844,2.778888888888889,0.2722222222222222,-0.0002191734165598203,0.06834316866641346
8845,2.778888888888889,0.27818181818181814,0.0008582341958286238,0.06987939980169401
8846,2.778888888888889,0.28414141414141414,-0.00015886743190120583,0.07087763534596192
8847,2.778888888888889,0.2901010101010101,0.0005710673967457265,0.07301412015175078
8848,2.778888888888889,0.296060606060606,-0.0008875214627246734,0.07428198012497239
8849,2.778888888888889,0.302020202020202,0.0009971289293180877,0.07592135181573433
8850,2.778888888888889,0.30797979797979796,0.0005324299414717022,0.07790924504375994
8851,2.778888888888889,0.3139393939393939,0.0003367274963441452,0.07948956757813135
8852,2.778888888888889,0.31989898989898985,-5.754158796609934e-05,0.08040335714019078
8853,2.778888888888889,0.32585858585858585,0.0009812168548620707,0.08220498734332995
8854,2.778888888888889,0.3318181818181818,-0.000661678020022667,0.08336376342978317
8855,2.778888888888889,0.33777777777777773,0.0002029682555804047,0.08538326582883686
8856,2.778888888888889,0.34373737373737373,-0.0006434157620029956,0.08685127116015513
8857,2.778888888888889,0.3496969696969697,0.0009839110873689492,0.08702741559639719
8858,2.778888888888889,0.3556565656565656,0.00015665717200109936,0.08929596952504666
8859,2.778888888888889,0.3616161616161616,-9.643778266882554e-05,0.08997812643632194
8860,2.778888888888889,0.36757575757575756,0.0010229774491260482,0.09302676234721383
8861,2.778888888888889,0.3735353535353535,-0.00038359076145768467,0.0951827214399955
8862,2.778888888888889,0.37949494949494944,0.0002520539610442641,0.09604090769663073
8863,2.778888888888889,0.38545454545454544,0.0003203042796069007,0.09652094202469952
8864,2.778888888888889,0.3914141414141414,-0.0016882239996459049,0.09884210650805007
8865,2.778888888888889,0.3973737373737373,-0.001452585940983633,0.10036536112107652
8866,2.778888888888889,0.4033333333333333,0.0009093796916961232,0.10171183425011054
8867,2.778888888888889,0.40929292929292926,-0.0015496022659281788,0.10328881141194349
8868,2.778888888888889,0.4152525252525252,-0.0003533867621472165,0.10475633721654622
8869,2.778888888888889,0.42121212121212115,-0.0008889023988923318,0.1043154574061437
8870,2.778888888888889,0.42717171717171715,-0.0005241432721875916,0.10694096195958278
8871,2.778888888888889,0.4331313131313131,0.0006313118662907633,0.11120124662899117
8872,2.778888888888889,0.43909090909090903,-0.00030518587582292555,0.11110481851423791
8873,2.778888888888889,0.44505050505050503,0.00123202608970745,0.11271966444373134
8874,2.778888888888889,0.45101010101010097,0.0009164214869845121,0.1144926446910364
8875,2.778888888888889,0.4569696969696969,0.0005581089551951154,0.11590072647970462
8876,2.778888888888889,0.4629292929292929,0.0017863776833396024,0.11823138372314437
8877,2.778888888888889,0.46888888888888886,-0.0021564811837986434,0.11908302966724715
8878,2.778888888888889,0.4748484848484848,-0.0003138730924975575,0.12173385797926768
8879,2.778888888888889,0.48080808080808074,-0.0013574699456025468,0.1221804326101902
8880,2.778888888888889,0.48676767676767674,0.00024426706112633034,0.12305427303289979
8881,2.778888888888889,0.4927272727272727,-0.0008488362726312849,0.1250630352297018
8882,2.778888888888889,0.4986868686868686,-0.0011899636102263615,0.12668720652191312
8883,2.778888888888889,0.5046464646464646,0.002224891752542173,0.12974886187819148
8884,2.778888888888889,0.5106060606060605,0.0012491277315685907,0.12987438189960954
8885,2.778888888888889,0.5165656565656566,0.0001478407118601898,0.13184826119029133
8886,2.778888888888889,0.5225252525252525,-0.0006036931184252733,0.1314863535360794
8887,2.778888888888889,0.5284848484848484,0.0005940494643476587,0.13544322058365107
8888,2.778888888888889,0.5344444444444444,0.0012332825335163444,0.13533919482713264
8889,2.778888888888889,0.5404040404040403,-0.000689491385199868,0.1381516714732182
8890,2.778888888888889,0.5463636363636363,0.0002618614089775134,0.13984066403064366
8891,2.778888888888889,0.5523232323232323,0.00040363868761847036,0.13879917142986586
8892,2.778888888888889,0.5582828282828283,0.00023163836977230457,0.1439623331638795
8893,2.778888888888889,0.5642424242424242,0.0020098061173498515,0.14421816392026152
8894,2.778888888888889,0.5702020202020202,-0.0013457070672609026,0.14489005205161767
8895,2.778888888888889,0.5761616161616161,0.00015732563596633,0.1463704457145112
8896,2.778888888888889,0.582121212121212,-0.0016836462815832376,0.1460480374801505
8897,2.778888888888889,0.588080808080808,-0.0007619856905839879,0.15266605799710067
8898,2.778888888888889,0.594040404040404,0.0005558367246833682,0.15140753373942867
8899,2.778888888888889,0.6,-0.002085551758471578,0.15245802060518227
8900,2.798989898989899,0.01,-3.717735862213212e-05,0.0025167375905395723
8901,2.798989898989899,0.01595959595959596,-3.8848237903605945e-05,0.0039999774387072815
8902,2.798989898989899,0.021919191919191918,1.9515060452997235e-05,0.005484679723601126
8903,2.798989898989899,0.027878787878787878,-9.785307840201814e-05,0.007112494501802188
8904,2.798989898989899,0.033838383838383834,5.4616445947735235e-05,0.008604776343336956
8905,2.798989898989899,0.0397979797979798,0.00013873807511533852,0.010073541881413404
8906,2.798989898989899,0.045757575757575754,-1.53389317854969e-05,0.011577515482333597
8907,2.798989898989899,0.05171717171717172,1.4345361534696232e-06,0.013062123240685444
8908,2.798989898989899,0.05767676767676767,0.00019063997593492176,0.01445020755667674
8909,2.798989898989899,0.06363636363636363,-0.000333140013056288,0.016328658210804762
8910,2.798989898989899,0.06959595959595959,-0.00017385631852738793,0.017451273986794184
8911,2.798989898989899,0.07555555555555554,0.00042808803461316013,0.019323796397133147
8912,2.798989898989899,0.0815151515151515,-0.0004855046428353173,0.02057153603736664
8913,2.798989898989899,0.08747474747474746,0.00014584295173098482,0.02202733517191807
8914,2.798989898989899,0.09343434343434343,9.56048463266094e-05,0.023904550687804015
8915,2.798989898989899,0.09939393939393938,-5.506906556058864e-05,0.024876578909633712
8916,2.798989898989899,0.10535353535353534,-0.0002603048040875078,0.02640631360088995
8917,2.798989898989899,0.1113131313131313,0.00019011193479919703,0.028316102175267567
8918,2.798989898989899,0.11727272727272725,5.824560308470397e-05,0.03008376133675791
8919,2.798989898989899,0.12323232323232322,-5.6104189817364826e-05,0.031048766257385747
8920,2.798989898989899,0.1291919191919192,0.000632758553142636,0.03244106726688259
8921,2.798989898989899,0.13515151515151513,6.036466582300073e-05,0.034439564301427625
8922,2.798989898989899,0.1411111111111111,-0.00019110676197112386,0.03580860783784231
8923,2.798989898989899,0.14707070707070707,0.00025254302331383083,0.03752089498568889
8924,2.798989898989899,0.15303030303030302,-0.000398813414014134,0.038461081058657864
8925,2.798989898989899,0.158989898989899,0.00031771385536625624,0.04032141146611273
8926,2.798989898989899,0.16494949494949493,3.641619156684208e-05,0.041558698758299546
8927,2.798989898989899,0.1709090909090909,-0.00044547254049956495,0.04340580093252842
8928,2.798989898989899,0.17686868686868687,-0.0002202244957393269,0.04529135827115083
8929,2.798989898989899,0.1828282828282828,-0.0008244335126370725,0.04593922784010573
8930,2.798989898989899,0.18878787878787878,-0.000188848552708482,0.04760469542395685
8931,2.798989898989899,0.19474747474747472,-0.0008123274198437392,0.04963927076261845
8932,2.798989898989899,0.2007070707070707,-0.0003035522169074859,0.051011089380454955
8933,2.798989898989899,0.20666666666666667,-0.0002015600076039039,0.05287054066962845
8934,2.798989898989899,0.2126262626262626,0.0005017666501807201,0.054019456296901115
8935,2.798989898989899,0.21858585858585858,0.0008119216311976256,0.05537464807753131
8936,2.798989898989899,0.22454545454545452,-0.0010104172213156368,0.057301675387980554
8937,2.798989898989899,0.2305050505050505,-0.0005957636931038913,0.05861196612990771
8938,2.798989898989899,0.23646464646464646,0.0005921700511941575,0.060362806112252934
8939,2.798989898989899,0.2424242424242424,0.00043527986445492263,0.06176339777631107
8940,2.798989898989899,0.24838383838383837,-0.0004817218766817141,0.06302472697771323
8941,2.798989898989899,0.2543434343434343,-0.0005762753544995728,0.06500626678824933
8942,2.798989898989899,0.26030303030303026,0.0010926935883160613,0.06626067328811563
8943,2.798989898989899,0.26626262626262626,-0.0002354198407016904,0.06834908158863635
8944,2.798989898989899,0.2722222222222222,0.0019900927558049596,0.07035759117362006
8945,2.798989898989899,0.27818181818181814,-0.0007201369960261827,0.0704798388109189
8946,2.798989898989899,0.28414141414141414,0.00027076970772387735,0.07265300588015522
8947,2.798989898989899,0.2901010101010101,-0.0004296074245373423,0.07328420376954894
8948,2.798989898989899,0.296060606060606,0.0015564436314828196,0.07502228540030971
8949,2.798989898989899,0.302020202020202,-0.00047856054685101553,0.07712858547098006
8950,2.798989898989899,0.30797979797979796,0.0002702327813968163,0.07824991149534506
8951,2.798989898989899,0.3139393939393939,-0.00042826457153868035,0.07948548577442711
8952,2.798989898989899,0.31989898989898985,-0.00011644043068458628,0.08085468521789187
8953,2.798989898989899,0.32585858585858585,0.0005084116234266117,0.08328565157450342
8954,2.798989898989899,0.3318181818181818,6.118176347239866e-05,0.08449608617435811
8955,2.798989898989899,0.33777777777777773,0.00020692935617693081,0.08600070950184886
8956,2.798989898989899,0.34373737373737373,-0.000949951097896111,0.08769046091749726
8957,2.798989898989899,0.3496969696969697,0.001692368571294407,0.09000214024963865
8958,2.798989898989899,0.3556565656565656,-0.0001345399732785644,0.09134918686306885
8959,2.798989898989899,0.3616161616161616,0.0008495252155892185,0.09326526883673825
8960,2.798989898989899,0.36757575757575756,0.0013082966556512048,0.09386329121986545
8961,2.798989898989899,0.3735353535353535,0.0006264536413980283,0.09558172345794991
8962,2.798989898989899,0.37949494949494944,0.0003139623003309827,0.09684444648956368
8963,2.798989898989899,0.38545454545454544,-0.00016947872265682574,0.09875580324578495
8964,2.798989898989899,0.3914141414141414,-0.00016295535852190555,0.09936332207572943
8965,2.798989898989899,0.3973737373737373,-0.000692034134516788,0.10154805749600336
8966,2.798989898989899,0.4033333333333333,-0.0016803935528033247,0.10375077155188302
8967,2.798989898989899,0.40929292929292926,-0.001300757279426662,0.10489406097815075
8968,2.798989898989899,0.4152525252525252,-0.0003722723781398576,0.10769162426707422
8969,2.798989898989899,0.42121212121212115,-0.0004921922289416365,0.10845045879006938
8970,2.798989898989899,0.42717171717171715,0.0009258020321343471,0.10883750865473321
8971,2.798989898989899,0.4331313131313131,0.000983739783590006,0.1114398920619905
8972,2.798989898989899,0.43909090909090903,-0.0008254246285790526,0.11212668695253142
8973,2.798989898989899,0.44505050505050503,0.0008642786034656336,0.1135668595843888
8974,2.798989898989899,0.45101010101010097,-0.0011625225740891382,0.11630865434050595
8975,2.798989898989899,0.4569696969696969,0.0003873662968013981,0.11780729592029474
8976,2.798989898989899,0.4629292929292929,0.0006037789181462036,0.11895663631142726
8977,2.798989898989899,0.46888888888888886,0.0015243746157696189,0.11972552673636162
8978,2.798989898989899,0.4748484848484848,-0.00018981918853581644,0.12223464254749367
8979,2.798989898989899,0.48080808080808074,0.000475872534974849,0.12329112118378135
8980,2.798989898989899,0.48676767676767674,-0.0027215299885248777,0.12385598282216287
8981,2.798989898989899,0.4927272727272727,0.002827249074087051,0.12731219879015754
8982,2.798989898989899,0.4986868686868686,9.628528479316091e-05,0.12715545065686062
8983,2.798989898989899,0.5046464646464646,0.0009295516102863242,0.1311889362434295
8984,2.798989898989899,0.5106060606060605,0.0009036363676719384,0.12919244126400206
8985,2.798989898989899,0.5165656565656566,-0.00014744384560706205,0.13257570545016226
8986,2.798989898989899,0.5225252525252525,-0.0010443244339005807,0.13447881308280385
8987,2.798989898989899,0.5284848484848484,0.0010505095618103726,0.13634483603539307
8988,2.798989898989899,0.5344444444444444,0.00025640610128436423,0.13802503539081226
8989,2.798989898989899,0.5404040404040403,0.0018824023468334641,0.13868934763842297
8990,2.798989898989899,0.5463636363636363,0.000408134453377168,0.1409782748920476
8991,2.798989898989899,0.5523232323232323,-0.0004458642816868693,0.14004370415990922
8992,2.798989898989899,0.5582828282828283,-0.0012234823505847907,0.1438036255505552
8993,2.798989898989899,0.5642424242424242,0.0015451395705202487,0.14622674363670207
8994,2.798989898989899,0.5702020202020202,0.0015766482330346028,0.14789062687655763
8995,2.798989898989899,0.5761616161616161,0.0010462992641658735,0.14836614025400638
8996,2.798989898989899,0.582121212121212,0.0013616583333043706,0.15157053359406047
8997,2.798989898989899,0.588080808080808,-0.0028396338344565727,0.15108450745271626
8998,2.798989898989899,0.594040404040404,-0.0016741690719855192,0.1524452252835181
8999,2.798989898989899,0.6,0.0023544690291498467,0.15646162765936106
9000,2.8190909090909093,0.01,3.615033786473547e-05,0.002549823094004135
9001,2.8190909090909093,0.01595959595959596,-7.064695209563165e-06,0.004075676248166408
9002,2.8190909090909093,0.021919191919191918,-7.326814938868165e-05,0.005657818742684238
9003,2.8190909090909093,0.027878787878787878,8.0790821901863e-05,0.007168314550214082
9004,2.8190909090909093,0.033838383838383834,-4.3152008552383e-05,0.008699238162208868
9005,2.8190909090909093,0.0397979797979798,-2.6628872998812227e-06,0.01010163593027297
9006,2.8190909090909093,0.045757575757575754,-0.00014845272587297081,0.011658083514692719
9007,2.8190909090909093,0.05171717171717172,-7.879131311393993e-05,0.013313981019802511
9008,2.8190909090909093,0.05767676767676767,0.0002862322972955781,0.014779289788160378
9009,2.8190909090909093,0.06363636363636363,2.133160435667524e-05,0.016342109352971586
9010,2.8190909090909093,0.06959595959595959,7.140456789566187e-05,0.018032584308351862
9011,2.8190909090909093,0.07555555555555554,0.00012045821838454458,0.01909530963925553
9012,2.8190909090909093,0.0815151515151515,0.0006382798603454756,0.020995783062676705
9013,2.8190909090909093,0.08747474747474746,-7.861606520410857e-06,0.022486483055739227
9014,2.8190909090909093,0.09343434343434343,4.295309678908081e-05,0.02393883155072732
9015,2.8190909090909093,0.09939393939393938,0.00013470402861135366,0.025223538298625323
9016,2.8190909090909093,0.10535353535353534,0.000543134548943715,0.027201658660985065
9017,2.8190909090909093,0.1113131313131313,-0.00022208848209603644,0.02846035898694948
9018,2.8190909090909093,0.11727272727272725,0.0002674952832553411,0.030353286500678405
9019,2.8190909090909093,0.12323232323232322,1.6520816823636508e-05,0.03145180876161189
9020,2.8190909090909093,0.1291919191919192,0.0005713994790863399,0.03303605541192932
9021,2.8190909090909093,0.13515151515151513,-6.017211463360925e-05,0.03435684093197542
9022,2.8190909090909093,0.1411111111111111,-0.00025046213733786766,0.03579361818266416
9023,2.8190909090909093,0.14707070707070707,-6.09793606476608e-05,0.03793363198874152
9024,2.8190909090909093,0.15303030303030302,0.0005732799698673428,0.039370212150344475
9025,2.8190909090909093,0.158989898989899,0.0006533306432511554,0.04108661911031533
9026,2.8190909090909093,0.16494949494949493,0.00019403453623361618,0.04199224937638197
9027,2.8190909090909093,0.1709090909090909,0.0006557785166910875,0.044119320996637096
9028,2.8190909090909093,0.17686868686868687,0.00017388200971140102,0.045363147564428774
9029,2.8190909090909093,0.1828282828282828,-0.0008215073798936312,0.04724895702378658
9030,2.8190909090909093,0.18878787878787878,0.00021629296513206832,0.04866706991182629
9031,2.8190909090909093,0.19474747474747472,0.0004228669953408749,0.05029279829761128
9032,2.8190909090909093,0.2007070707070707,0.0007187554479106693,0.05186766762496978
9033,2.8190909090909093,0.20666666666666667,-0.001635365192304821,0.05282080567993533
9034,2.8190909090909093,0.2126262626262626,0.0009149321279583514,0.05503821022909519
9035,2.8190909090909093,0.21858585858585858,2.9585335474888563e-05,0.055886797384129994
9036,2.8190909090909093,0.22454545454545452,-0.00028941425298679345,0.05774914509440176
9037,2.8190909090909093,0.2305050505050505,0.0005657924262865528,0.058747937687755804
9038,2.8190909090909093,0.23646464646464646,0.0006119573968137411,0.060604344117956205
9039,2.8190909090909093,0.2424242424242424,-8.989498645142055e-05,0.06256714043833299
9040,2.8190909090909093,0.24838383838383837,0.0011709468116147105,0.06340628906510613
9041,2.8190909090909093,0.2543434343434343,-0.00029589094779810437,0.06551263110740622
9042,2.8190909090909093,0.26030303030303026,7.860258639182956e-05,0.06679284835073333
9043,2.8190909090909093,0.26626262626262626,9.57399973428073e-05,0.06864425017893512
9044,2.8190909090909093,0.2722222222222222,0.0005716106547630339,0.07092367634874219
9045,2.8190909090909093,0.27818181818181814,0.000192234773590461,0.07289760875372353
9046,2.8190909090909093,0.28414141414141414,0.0001504545843901984,0.07377572721908342
9047,2.8190909090909093,0.2901010101010101,-0.00010288680453382697,0.07542613272722735
9048,2.8190909090909093,0.296060606060606,-0.00042608605144479997,0.07598440207590725
9049,2.8190909090909093,0.302020202020202,0.0007623649543580769,0.07814107566286287
9050,2.8190909090909093,0.30797979797979796,-0.00010307686629293565,0.078575975123682
9051,2.8190909090909093,0.3139393939393939,-0.0014700821796517392,0.07985597713088025
9052,2.8190909090909093,0.31989898989898985,0.0006134036960509387,0.08215947512501738
9053,2.8190909090909093,0.32585858585858585,-0.0008420909969240963,0.08418477310319629
9054,2.8190909090909093,0.3318181818181818,0.0010043329376653246,0.08566695803814733
9055,2.8190909090909093,0.33777777777777773,0.0019960374538781187,0.08765030974479661
9056,2.8190909090909093,0.34373737373737373,-0.0012841619030396008,0.0889461685225177
9057,2.8190909090909093,0.3496969696969697,0.0012086790287874453,0.09099005802129753
9058,2.8190909090909093,0.3556565656565656,-0.0008206035514974627,0.09243189962768075
9059,2.8190909090909093,0.3616161616161616,-0.001174279766530401,0.09268337289763615
9060,2.8190909090909093,0.36757575757575756,-0.0002855913713072223,0.094862555111842
9061,2.8190909090909093,0.3735353535353535,-0.001043436895542215,0.0974945282414382
9062,2.8190909090909093,0.37949494949494944,-0.0005095774770702317,0.0978591974354443
9063,2.8190909090909093,0.38545454545454544,0.001373834625418525,0.10009364547484029
9064,2.8190909090909093,0.3914141414141414,0.0003851807564216867,0.10236536071338954
9065,2.8190909090909093,0.3973737373737373,-0.0015730701851622514,0.10269311357503473
9066,2.8190909090909093,0.4033333333333333,0.0004375559274923577,0.10411554095994585
9067,2.8190909090909093,0.40929292929292926,-0.00014831469996051466,0.10541041938868637
9068,2.8190909090909093,0.4152525252525252,-0.0008836901427915427,0.10818133681485444
9069,2.8190909090909093,0.42121212121212115,0.0015936247656588311,0.11073120601251475
9070,2.8190909090909093,0.42717171717171715,-0.0009545070283325316,0.1088981329355672
9071,2.8190909090909093,0.4331313131313131,-0.0010754704656172833,0.11235193135872246
9072,2.8190909090909093,0.43909090909090903,-3.28578603909218e-05,0.11403266983281656
9073,2.8190909090909093,0.44505050505050503,-0.0012945929410832391,0.11502715290112962
9074,2.8190909090909093,0.45101010101010097,-0.0027321186544415517,0.11466546565695986
9075,2.8190909090909093,0.4569696969696969,-0.001007869679735032,0.11905374107632856
9076,2.8190909090909093,0.4629292929292929,0.0010999000893434812,0.11892501205840075
9077,2.8190909090909093,0.46888888888888886,0.00023465888491384752,0.12192329007548329
9078,2.8190909090909093,0.4748484848484848,-0.0006712955539259722,0.12296499278294806
9079,2.8190909090909093,0.48080808080808074,0.001548688464803837,0.12488906485060217
9080,2.8190909090909093,0.48676767676767674,-0.0016309869965359354,0.12484157307970756
9081,2.8190909090909093,0.4927272727272727,-0.002712805975855015,0.12629967396878955
9082,2.8190909090909093,0.4986868686868686,1.7504643249232465e-05,0.13107060860247677
9083,2.8190909090909093,0.5046464646464646,0.002010409675263146,0.13394604369098956
9084,2.8190909090909093,0.5106060606060605,-0.0003900583117574108,0.13422275187385888
9085,2.8190909090909093,0.5165656565656566,-0.0008213963204649368,0.13525200142006086
9086,2.8190909090909093,0.5225252525252525,-0.0016392676339892394,0.1346861236861691
9087,2.8190909090909093,0.5284848484848484,-0.0020415606798954242,0.13716533709511147
9088,2.8190909090909093,0.5344444444444444,0.0007610897308735536,0.14041560516899274
9089,2.8190909090909093,0.5404040404040403,0.0010860763023411105,0.14103865108322233
9090,2.8190909090909093,0.5463636363636363,0.00047379164918178167,0.14255958838170257
9091,2.8190909090909093,0.5523232323232323,-0.00010990680219551802,0.1431428520000553
9092,2.8190909090909093,0.5582828282828283,0.0010159401370113054,0.14645153861611526
9093,2.8190909090909093,0.5642424242424242,-0.0007920306365357695,0.1465876884930746
9094,2.8190909090909093,0.5702020202020202,-0.0025589352053046453,0.14962293066914156
9095,2.8190909090909093,0.5761616161616161,-0.0013249456566446316,0.15070458965297862
9096,2.8190909090909093,0.582121212121212,0.0006685499497980606,0.1499420135687698
9097,2.8190909090909093,0.588080808080808,0.002077038120574708,0.15557794128660074
9098,2.8190909090909093,0.594040404040404,0.0003314288940711891,0.15673406554040084
9099,2.8190909090909093,0.6,3.9294747108429064e-05,0.15413903401485254
9100,2.8391919191919195,0.01,-8.002837445089273e-06,0.0026071652093344697
9101,2.8391919191919195,0.01595959595959596,-9.302529906383172e-05,0.004089782608439663
9102,2.8391919191919195,0.021919191919191918,-3.2557674584860974e-05,0.005684293235026702
9103,2.8391919191919195,0.027878787878787878,-2.99184567910331e-05,0.007199401049278687
9104,2.8391919191919195,0.033838383838383834,9.384838217947902e-05,0.008814355536363339
9105,2.8391919191919195,0.0397979797979798,-1.453697307209002e-05,0.01036572258828867
9106,2.8391919191919195,0.045757575757575754,-0.00010911234872840247,0.011751759673280016
9107,2.8391919191919195,0.05171717171717172,-6.0705002956371925e-05,0.013365902836448661
9108,2.8391919191919195,0.05767676767676767,2.1505581873544178e-05,0.014953019467002624
9109,2.8391919191919195,0.06363636363636363,-1.0710359714390083e-05,0.01658367386862738
9110,2.8391919191919195,0.06959595959595959,0.00011644142995823299,0.01820920349539498
9111,2.8391919191919195,0.07555555555555554,5.303983972174851e-05,0.019464054472674075
9112,2.8391919191919195,0.0815151515151515,0.000483660690430378,0.021074198810366034
9113,2.8391919191919195,0.08747474747474746,-8.006998006669705e-05,0.022506295101009027
9114,2.8391919191919195,0.09343434343434343,-0.0006535915540167266,0.02446630716041806
9115,2.8391919191919195,0.09939393939393938,-0.0004697416494150305,0.02585607728877632
9116,2.8391919191919195,0.10535353535353534,0.00019570810014574766,0.027285751610084237
9117,2.8391919191919195,0.1113131313131313,-0.0001920908664091716,0.02834847282211263
9118,2.8391919191919195,0.11727272727272725,-0.0002812298769415621,0.030512444053799832
9119,2.8391919191919195,0.12323232323232322,-7.270118434046151e-05,0.031850418815927824
9120,2.8391919191919195,0.1291919191919192,0.0001679191585441548,0.03364775498171784
9121,2.8391919191919195,0.13515151515151513,0.0003799175124715759,0.0350847273444358
9122,2.8391919191919195,0.1411111111111111,-0.0004401440678516281,0.03647781066389528
9123,2.8391919191919195,0.14707070707070707,-0.00029527793773632407,0.03832777513653687
9124,2.8391919191919195,0.15303030303030302,-0.0006215241585699001,0.03938036629773515
9125,2.8391919191919195,0.158989898989899,7.751895349362208e-05,0.04067821967566235
9126,2.8391919191919195,0.16494949494949493,-0.0005084157205452826,0.04273137547666092
9127,2.8391919191919195,0.1709090909090909,0.0003099674868309822,0.04402014745124047
9128,2.8391919191919195,0.17686868686868687,0.00034143137721086726,0.04652196372722486
9129,2.8391919191919195,0.1828282828282828,-0.00041318674746791223,0.047277061356109214
9130,2.8391919191919195,0.18878787878787878,0.0009764795780769137,0.048956830614152014
9131,2.8391919191919195,0.19474747474747472,0.0007119363343213623,0.05046042202796936
9132,2.8391919191919195,0.2007070707070707,0.00014467432211763537,0.051757035935329404
9133,2.8391919191919195,0.20666666666666667,-0.0010318921781875237,0.052711914892861186
9134,2.8391919191919195,0.2126262626262626,0.00035747416145630106,0.05586126795761786
9135,2.8391919191919195,0.21858585858585858,-0.00019290486298786228,0.056324715305521016
9136,2.8391919191919195,0.22454545454545452,0.0003840809110320648,0.05854926687105849
9137,2.8391919191919195,0.2305050505050505,-0.0008092162858903648,0.059274604608164756
9138,2.8391919191919195,0.23646464646464646,-0.0005335029073476621,0.06187986586715915
9139,2.8391919191919195,0.2424242424242424,-0.0006163447035561992,0.06266003440154648
9140,2.8391919191919195,0.24838383838383837,-0.00045184119274938473,0.06438560139814548
9141,2.8391919191919195,0.2543434343434343,-0.00020587370308463663,0.06635174233397742
9142,2.8391919191919195,0.26030303030303026,0.0004788167404851965,0.06781940262550458
9143,2.8391919191919195,0.26626262626262626,0.00022904324889613158,0.06902740787580668
9144,2.8391919191919195,0.2722222222222222,0.0009298959414962582,0.07103931882933658
9145,2.8391919191919195,0.27818181818181814,-0.0004487396039790877,0.07216354416535424
9146,2.8391919191919195,0.28414141414141414,-0.000938205345163594,0.07392090204931753
9147,2.8391919191919195,0.2901010101010101,0.000585799725487241,0.0758815119710066
9148,2.8391919191919195,0.296060606060606,-0.00024081912791993699,0.0773720211512773
9149,2.8391919191919195,0.302020202020202,0.0013951814186730393,0.0791541885079744
9150,2.8391919191919195,0.30797979797979796,-0.0007095419736152477,0.0804378160462137
9151,2.8391919191919195,0.3139393939393939,-0.00016689354469104237,0.08152731872105676
9152,2.8391919191919195,0.31989898989898985,-0.001141520613858587,0.08278897106371552
9153,2.8391919191919195,0.32585858585858585,-0.0007723465511324665,0.08460073898187871
9154,2.8391919191919195,0.3318181818181818,-0.001191149787273096,0.0855723321156678
9155,2.8391919191919195,0.33777777777777773,-0.0013083358676994896,0.08848506302939198
9156,2.8391919191919195,0.34373737373737373,-0.0008566925224354421,0.08934935722466934
9157,2.8391919191919195,0.3496969696969697,-0.0006968494694677949,0.09113643965626654
9158,2.8391919191919195,0.3556565656565656,-0.000813923266978121,0.0929073658542956
9159,2.8391919191919195,0.3616161616161616,-0.0005271473546900957,0.09462410329318088
9160,2.8391919191919195,0.36757575757575756,-0.0010503843871391793,0.09576538361628434
9161,2.8391919191919195,0.3735353535353535,9.92199338485655e-05,0.09850484316725794
9162,2.8391919191919195,0.37949494949494944,0.00029499836052226003,0.09810869988944744
9163,2.8391919191919195,0.38545454545454544,-0.0005326845546563531,0.09951868133908542
9164,2.8391919191919195,0.3914141414141414,0.0005355178237828953,0.10307627986889306
9165,2.8391919191919195,0.3973737373737373,-0.000974682843181918,0.10295375042502596
9166,2.8391919191919195,0.4033333333333333,-0.0004418886399046642,0.1056281026883347
9167,2.8391919191919195,0.40929292929292926,-0.0009518017727927756,0.10676826549450286
9168,2.8391919191919195,0.4152525252525252,0.0007793790407763208,0.10889011437745555
9169,2.8391919191919195,0.42121212121212115,-0.0004424330739062559,0.10992037267349763
9170,2.8391919191919195,0.42717171717171715,0.0015997154716202837,0.11352964687829153
9171,2.8391919191919195,0.4331313131313131,-0.0018945844024830514,0.11350542922882356
9172,2.8391919191919195,0.43909090909090903,-0.0004497853896076171,0.11538026222290251
9173,2.8391919191919195,0.44505050505050503,-0.0010246439203283556,0.11659914872628384
9174,2.8391919191919195,0.45101010101010097,-0.00016839018733869632,0.11658318052790816
9175,2.8391919191919195,0.4569696969696969,0.0011420097864794107,0.12096822103967289
9176,2.8391919191919195,0.4629292929292929,0.0010972064915756921,0.12217109226728752
9177,2.8391919191919195,0.46888888888888886,0.0015961833851655164,0.12274283402479143
9178,2.8391919191919195,0.4748484848484848,-0.0006710180983848125,0.12549926566548872
9179,2.8391919191919195,0.48080808080808074,0.0001278434094549945,0.12549739951019256
9180,2.8391919191919195,0.48676767676767674,-0.00035899980708470374,0.1296074858778812
9181,2.8391919191919195,0.4927272727272727,0.00150818642971483,0.1304707430906545
9182,2.8391919191919195,0.4986868686868686,-0.002695981229873344,0.13004592730703507
9183,2.8391919191919195,0.5046464646464646,-0.0011601753725142573,0.132595170177393
9184,2.8391919191919195,0.5106060606060605,0.001181575187734666,0.1357865959671041
9185,2.8391919191919195,0.5165656565656566,-0.0014647480598967294,0.1339642070316125
9186,2.8391919191919195,0.5225252525252525,-0.002647359202418422,0.1366210229275912
9187,2.8391919191919195,0.5284848484848484,0.002497506720075056,0.14056846538098877
9188,2.8391919191919195,0.5344444444444444,0.0006811045329860174,0.141741413813152
9189,2.8391919191919195,0.5404040404040403,0.00047389344868981433,0.14378998567462212
9190,2.8391919191919195,0.5463636363636363,0.0018406271148869613,0.1444238272574514
9191,2.8391919191919195,0.5523232323232323,-0.00011406499462225786,0.14596014687058034
9192,2.8391919191919195,0.5582828282828283,0.0012505471964318752,0.14967923612463813
9193,2.8391919191919195,0.5642424242424242,-0.0004436428403179738,0.1493662298262259
9194,2.8391919191919195,0.5702020202020202,0.0009019132005770488,0.15232437923257564
9195,2.8391919191919195,0.5761616161616161,-0.0013522303292046844,0.15169114422241614
9196,2.8391919191919195,0.582121212121212,-0.0019152277709517183,0.15455880588935525
9197,2.8391919191919195,0.588080808080808,0.0006140879164902677,0.15659903733277752
9198,2.8391919191919195,0.594040404040404,-0.0008214902135781106,0.158964434462897
9199,2.8391919191919195,0.6,-0.0006655025658612771,0.15979019819821716
9200,2.8592929292929297,0.01,7.314588445690384e-06,0.0026275682499595186
9201,2.8592929292929297,0.01595959595959596,-1.8436185558191487e-05,0.00413099304349353
9202,2.8592929292929297,0.021919191919191918,-5.713721942347372e-06,0.005686125425060254
9203,2.8592929292929297,0.027878787878787878,-1.8389617580378292e-05,0.007324266320980375
9204,2.8592929292929297,0.033838383838383834,0.00011075138423600033,0.008940348372235132
9205,2.8592929292929297,0.0397979797979798,0.00010165985219436981,0.010507157212121636
9206,2.8592929292929297,0.045757575757575754,4.5023993343987556e-05,0.011908760898834636
9207,2.8592929292929297,0.05171717171717172,-2.2668808887059622e-05,0.013555601843603321
9208,2.8592929292929297,0.05767676767676767,-8.090767399902168e-05,0.01512818690324552
9209,2.8592929292929297,0.06363636363636363,-0.00014276693779211716,0.01679417421316279
9210,2.8592929292929297,0.06959595959595959,-6.172097705565058e-05,0.01837677937729252
9211,2.8592929292929297,0.07555555555555554,3.4793418622094655e-05,0.019718272667900445
9212,2.8592929292929297,0.0815151515151515,-0.00014559392293039805,0.02129111576148076
9213,2.8592929292929297,0.08747474747474746,0.0001479373353525728,0.023080488876028264
9214,2.8592929292929297,0.09343434343434343,9.134123860611674e-05,0.02442866905121021
9215,2.8592929292929297,0.09939393939393938,-0.0002287703036246417,0.02576595660051204
9216,2.8592929292929297,0.10535353535353534,0.0002015343779745209,0.027843645352073447
9217,2.8592929292929297,0.1113131313131313,5.942437423184944e-05,0.02908906910300965
9218,2.8592929292929297,0.11727272727272725,-0.0007328073887287128,0.030639139964649047
9219,2.8592929292929297,0.12323232323232322,0.0001314980413366562,0.03226005664966537
9220,2.8592929292929297,0.1291919191919192,-2.6667153489924056e-05,0.034144897440714535
9221,2.8592929292929297,0.13515151515151513,0.0001231717937293447,0.035424878319537986
9222,2.8592929292929297,0.1411111111111111,-4.6183479474199095e-05,0.03709756040731159
9223,2.8592929292929297,0.14707070707070707,-0.0005398313380683909,0.03854739497139119
9224,2.8592929292929297,0.15303030303030302,0.0004945069671513789,0.04023679812788992
9225,2.8592929292929297,0.158989898989899,0.0005471713097057437,0.042174119882180915
9226,2.8592929292929297,0.16494949494949493,0.00035114692811958476,0.04382134615420571
9227,2.8592929292929297,0.1709090909090909,-0.0004776431457433812,0.04450303246369898
9228,2.8592929292929297,0.17686868686868687,0.000227537280690902,0.046042063722266734
9229,2.8592929292929297,0.1828282828282828,8.124829199650203e-05,0.04882661778401632
9230,2.8592929292929297,0.18878787878787878,-0.0007673984476464186,0.04942420105840681
9231,2.8592929292929297,0.19474747474747472,0.0003166984823737728,0.050938011224141364
9232,2.8592929292929297,0.2007070707070707,-0.0008321364633027809,0.05301527408099986
9233,2.8592929292929297,0.20666666666666667,-1.907574823919227e-05,0.05489546597992066
9234,2.8592929292929297,0.2126262626262626,0.0004351376067669502,0.05654020002328321
9235,2.8592929292929297,0.21858585858585858,-0.0009154567637486807,0.05679036917161536
9236,2.8592929292929297,0.22454545454545452,0.0006123051276248655,0.058710466144344574
9237,2.8592929292929297,0.2305050505050505,0.0001556365852253478,0.06097119878265616
9238,2.8592929292929297,0.23646464646464646,0.0007374470888588533,0.0626180054342756
9239,2.8592929292929297,0.2424242424242424,-0.00044602730694172507,0.06338530144717149
9240,2.8592929292929297,0.24838383838383837,-0.0001633632548415037,0.06503084376012618
9241,2.8592929292929297,0.2543434343434343,0.00037537284679251605,0.06735642079272929
9242,2.8592929292929297,0.26030303030303026,-0.0005180034844044345,0.06802331905128609
9243,2.8592929292929297,0.26626262626262626,-0.0004003762783547592,0.06992521479548673
9244,2.8592929292929297,0.2722222222222222,-0.0012418980461127063,0.07165763477064528
9245,2.8592929292929297,0.27818181818181814,-0.0010291961175519673,0.07287274888447776
9246,2.8592929292929297,0.28414141414141414,0.0002066316094454467,0.07483700716890819
9247,2.8592929292929297,0.2901010101010101,0.0008730208495456807,0.07678253491203249
9248,2.8592929292929297,0.296060606060606,-0.0013352298644337666,0.07787916912922954
9249,2.8592929292929297,0.302020202020202,0.0005917300298623082,0.07827866843027789
9250,2.8592929292929297,0.30797979797979796,-0.001030985322221121,0.0809680679102053
9251,2.8592929292929297,0.3139393939393939,-0.0004195611698741226,0.08323823019162013
9252,2.8592929292929297,0.31989898989898985,0.0011143716028206249,0.08476677580175843
9253,2.8592929292929297,0.32585858585858585,0.0011566692601298581,0.08609339683236447
9254,2.8592929292929297,0.3318181818181818,0.00020301254230372398,0.08818620425306388
9255,2.8592929292929297,0.33777777777777773,-0.00015484838674718047,0.08844811239131777
9256,2.8592929292929297,0.34373737373737373,0.00011181559042546263,0.0906027787854104
9257,2.8592929292929297,0.3496969696969697,0.0010077673865818266,0.09153461019196887
9258,2.8592929292929297,0.3556565656565656,0.0014322536232020987,0.09342671994431696
9259,2.8592929292929297,0.3616161616161616,0.0003527498141137596,0.0954800168880396
9260,2.8592929292929297,0.36757575757575756,0.00017481279850471539,0.09824073518960318
9261,2.8592929292929297,0.3735353535353535,0.0002646731020487348,0.09933269191133541
9262,2.8592929292929297,0.37949494949494944,0.0009406194170184161,0.10041261681419167
9263,2.8592929292929297,0.38545454545454544,-0.0003242699368723114,0.10282305160275414
9264,2.8592929292929297,0.3914141414141414,-0.0008822957496857169,0.10251631565037857
9265,2.8592929292929297,0.3973737373737373,0.0003472405441416751,0.10412791649482173
9266,2.8592929292929297,0.4033333333333333,0.0004861829282440144,0.10656411663138414
9267,2.8592929292929297,0.40929292929292926,0.0009424527372235936,0.1080580482009153
9268,2.8592929292929297,0.4152525252525252,-0.0024708920445021456,0.10817865065189892
9269,2.8592929292929297,0.42121212121212115,0.002592176436393725,0.1120970063822379
9270,2.8592929292929297,0.42717171717171715,-0.0021263924573999104,0.11219262564943767
9271,2.8592929292929297,0.4331313131313131,0.0016131456134051713,0.11548672170321196
9272,2.8592929292929297,0.43909090909090903,0.0002937966099615294,0.11636940181458878
9273,2.8592929292929297,0.44505050505050503,-0.0015648577233411285,0.11892981709333104
9274,2.8592929292929297,0.45101010101010097,0.0004836806342367614,0.12025996404355362
9275,2.8592929292929297,0.4569696969696969,-0.0002625528289776896,0.1228317251841567
9276,2.8592929292929297,0.4629292929292929,0.0004324439812404712,0.12363763179580785
9277,2.8592929292929297,0.46888888888888886,0.00035472354306505764,0.12495730960801787
9278,2.8592929292929297,0.4748484848484848,-0.001328895264646348,0.12500303948642835
9279,2.8592929292929297,0.48080808080808074,-0.0003256397676806882,0.1256786848600166
9280,2.8592929292929297,0.48676767676767674,0.0004158307941335318,0.13051105601175306
9281,2.8592929292929297,0.4927272727272727,-0.00024438703264130306,0.13094713778700678
9282,2.8592929292929297,0.4986868686868686,-0.0011202449479589508,0.13254054363047485
9283,2.8592929292929297,0.5046464646464646,-0.002862840690428742,0.1347995820137878
9284,2.8592929292929297,0.5106060606060605,-0.0008679410827767541,0.1358358458951973
9285,2.8592929292929297,0.5165656565656566,5.187517455083279e-05,0.1384170206193924
9286,2.8592929292929297,0.5225252525252525,0.0009440774442633161,0.13814776110093854
9287,2.8592929292929297,0.5284848484848484,-0.0013524517151346205,0.14158594328797325
9288,2.8592929292929297,0.5344444444444444,-0.0008622845122472196,0.1423930849269584
9289,2.8592929292929297,0.5404040404040403,0.0005624554083857746,0.14182556996085433
9290,2.8592929292929297,0.5463636363636363,0.002455239806553324,0.14753742462711752
9291,2.8592929292929297,0.5523232323232323,9.18220333893724e-05,0.14667762631487016
9292,2.8592929292929297,0.5582828282828283,-0.0004902327391679501,0.14851306033458392
9293,2.8592929292929297,0.5642424242424242,0.0014497444339482922,0.15058963673852302
9294,2.8592929292929297,0.5702020202020202,0.0016216211143511884,0.15270799915506686
9295,2.8592929292929297,0.5761616161616161,-0.0009706410007392165,0.1537199567784503
9296,2.8592929292929297,0.582121212121212,-0.0014164878449760031,0.15450776495498802
9297,2.8592929292929297,0.588080808080808,-0.0016057678981996936,0.15817752134644378
9298,2.8592929292929297,0.594040404040404,-0.0007599853545595183,0.15926589304899344
9299,2.8592929292929297,0.6,0.0017536065145318666,0.15983134162491047
9300,2.8793939393939394,0.01,-1.5642863168986188e-05,0.002693114206469681
9301,2.8793939393939394,0.01595959595959596,-7.244544564960198e-06,0.0042014189776885084
9302,2.8793939393939394,0.021919191919191918,-1.3042411784947427e-05,0.00579308821558444
9303,2.8793939393939394,0.027878787878787878,-2.0051412059569884e-05,0.007379291882344941
9304,2.8793939393939394,0.033838383838383834,0.00014131806155218843,0.008981092863210633
9305,2.8793939393939394,0.0397979797979798,-6.799354184565704e-05,0.010510393800184622
9306,2.8793939393939394,0.045757575757575754,-0.0001147832975189405,0.012152688666239137
9307,2.8793939393939394,0.05171717171717172,-0.000183613332533552,0.013498603434008723
9308,2.8793939393939394,0.05767676767676767,1.4078664756703752e-05,0.015202882012183488
9309,2.8793939393939394,0.06363636363636363,-1.3837476865553589e-05,0.016872380832213096
9310,2.8793939393939394,0.06959595959595959,-1.3260822152701735e-05,0.01844869948564904
9311,2.8793939393939394,0.07555555555555554,0.00010251636166340146,0.019909197072228685
9312,2.8793939393939394,0.0815151515151515,-5.175512394013926e-07,0.021316723189561893
9313,2.8793939393939394,0.08747474747474746,0.0002271904661440288,0.023131464968386535
9314,2.8793939393939394,0.09343434343434343,-0.0002304967665254257,0.024898742309698674
9315,2.8793939393939394,0.09939393939393938,0.00034701209300836826,0.026341325471137884
9316,2.8793939393939394,0.10535353535353534,0.00018949796326635883,0.02802028531863492
9317,2.8793939393939394,0.1113131313131313,-0.00010159373917277753,0.02961295608310248
9318,2.8793939393939394,0.11727272727272725,0.00012089051415004608,0.031284379044429725
9319,2.8793939393939394,0.12323232323232322,0.0002550330962518172,0.03236133385949039
9320,2.8793939393939394,0.1291919191919192,5.636405988167147e-05,0.0343135499055255
9321,2.8793939393939394,0.13515151515151513,0.0003342101051347014,0.035913128654617335
9322,2.8793939393939394,0.1411111111111111,0.0001058992492219542,0.037195120980623976
9323,2.8793939393939394,0.14707070707070707,-6.863919313262665e-05,0.0388261070815684
9324,2.8793939393939394,0.15303030303030302,0.00013166832525469694,0.040167600227833396
9325,2.8793939393939394,0.158989898989899,-0.0003173160503818953,0.04205555642534244
9326,2.8793939393939394,0.16494949494949493,-0.0005016743726000549,0.04368298189674365
9327,2.8793939393939394,0.1709090909090909,0.0008909335662994416,0.04610864742036085
9328,2.8793939393939394,0.17686868686868687,0.0006547956356184487,0.04660220814663756
9329,2.8793939393939394,0.1828282828282828,0.0005291824424280281,0.048449124434161335
9330,2.8793939393939394,0.18878787878787878,0.0002979371234391314,0.05012651921157055
9331,2.8793939393939394,0.19474747474747472,0.0004889285509454136,0.05177114491529662
9332,2.8793939393939394,0.2007070707070707,-0.00014981772059980393,0.053700290179769655
9333,2.8793939393939394,0.20666666666666667,0.00024454659785238267,0.055207053813506664
9334,2.8793939393939394,0.2126262626262626,0.0004297121289766366,0.056779175821953985
9335,2.8793939393939394,0.21858585858585858,0.00028899224527494674,0.05833719151199304
9336,2.8793939393939394,0.22454545454545452,-0.0005747594857249727,0.05961849142780325
9337,2.8793939393939394,0.2305050505050505,-0.0006987268785469044,0.06012257924252636
9338,2.8793939393939394,0.23646464646464646,0.00040566018340448817,0.06256879555638095
9339,2.8793939393939394,0.2424242424242424,0.00019264914021411777,0.06411669883082317
9340,2.8793939393939394,0.24838383838383837,-0.0005195938941190506,0.06498762830271877
9341,2.8793939393939394,0.2543434343434343,-0.000511526824874523,0.06846898492563064
9342,2.8793939393939394,0.26030303030303026,-0.0003640065024473092,0.06933611721588429
9343,2.8793939393939394,0.26626262626262626,-0.0006723578386256193,0.07028752757722745
9344,2.8793939393939394,0.2722222222222222,-0.0005064023411242099,0.07230773404564193
9345,2.8793939393939394,0.27818181818181814,-0.0005765043094718764,0.07454688021733347
9346,2.8793939393939394,0.28414141414141414,0.0005601272616027622,0.07612421411340496
9347,2.8793939393939394,0.2901010101010101,0.00016311444005345365,0.07671269402262534
9348,2.8793939393939394,0.296060606060606,-0.0011739812348613022,0.07833129255267644
9349,2.8793939393939394,0.302020202020202,0.00031996720308156263,0.07977010926682429
9350,2.8793939393939394,0.30797979797979796,-0.000812990070496633,0.08151702273759759
9351,2.8793939393939394,0.3139393939393939,-0.0002905113161906327,0.0828924193737346
9352,2.8793939393939394,0.31989898989898985,0.00020027993119223694,0.08458703161650927
9353,2.8793939393939394,0.32585858585858585,0.00040386816925537224,0.08604932964987455
9354,2.8793939393939394,0.3318181818181818,0.0009482402400999556,0.08797891859835497
9355,2.8793939393939394,0.33777777777777773,5.5724727788353804e-05,0.08946480597049679
9356,2.8793939393939394,0.34373737373737373,0.0007555648577138244,0.09194090786913901
9357,2.8793939393939394,0.3496969696969697,-0.00027725855966299467,0.09515452928370219
9358,2.8793939393939394,0.3556565656565656,-0.00018606164845839278,0.09501987058615582
9359,2.8793939393939394,0.3616161616161616,-0.0012379389872901783,0.09618436261000028
9360,2.8793939393939394,0.36757575757575756,0.0014461620668819617,0.0982803382219698
9361,2.8793939393939394,0.3735353535353535,0.0010883781852405975,0.09955147967207137
9362,2.8793939393939394,0.37949494949494944,-0.00026243064326201507,0.10067479548420351
9363,2.8793939393939394,0.38545454545454544,-0.001861490957651489,0.10286195470973393
9364,2.8793939393939394,0.3914141414141414,0.001074526535099578,0.10395258617113698
9365,2.8793939393939394,0.3973737373737373,-0.0010285769102978467,0.104978502280552
9366,2.8793939393939394,0.4033333333333333,-0.0008601997042688531,0.10851063594567222
9367,2.8793939393939394,0.40929292929292926,-0.00011108231628293108,0.10999454961430177
9368,2.8793939393939394,0.4152525252525252,0.0011797863021730196,0.11209948085140344
9369,2.8793939393939394,0.42121212121212115,2.152299355639995e-05,0.11283677940798122
9370,2.8793939393939394,0.42717171717171715,-0.0015308632406456216,0.11408437714204128
9371,2.8793939393939394,0.4331313131313131,0.0005351088576294199,0.11567757161570329
9372,2.8793939393939394,0.43909090909090903,-0.0020606290000019386,0.1160618123535633
9373,2.8793939393939394,0.44505050505050503,-0.0007279735659962071,0.11945049956810112
9374,2.8793939393939394,0.45101010101010097,-0.002470972772623664,0.11976819273542814
9375,2.8793939393939394,0.4569696969696969,-0.0023334048233203055,0.12173907333766643
9376,2.8793939393939394,0.4629292929292929,-0.001867235391088767,0.1242840827253007
9377,2.8793939393939394,0.46888888888888886,-0.000359059423153405,0.1254398393341537
9378,2.8793939393939394,0.4748484848484848,0.0009328317800768087,0.12854176358125824
9379,2.8793939393939394,0.48080808080808074,-0.00104768199128471,0.13092105103212645
9380,2.8793939393939394,0.48676767676767674,1.4410545511608808e-05,0.13096366933227102
9381,2.8793939393939394,0.4927272727272727,-6.616918527597982e-06,0.13252355386758027
9382,2.8793939393939394,0.4986868686868686,-0.0010428046547913514,0.1336394816067315
9383,2.8793939393939394,0.5046464646464646,0.002111330313860329,0.13606209160483174
9384,2.8793939393939394,0.5106060606060605,-0.0016723482558964114,0.1379058029774174
9385,2.8793939393939394,0.5165656565656566,0.0007272030912399092,0.138712175555519
9386,2.8793939393939394,0.5225252525252525,-0.0005928115291457072,0.13975267225409826
9387,2.8793939393939394,0.5284848484848484,-0.0013835371525613303,0.14158172672324248
9388,2.8793939393939394,0.5344444444444444,-0.0014352004254131522,0.14314096289173006
9389,2.8793939393939394,0.5404040404040403,-0.0018397368347271123,0.14451749877395034
9390,2.8793939393939394,0.5463636363636363,1.657606454609706e-05,0.1485162258990543
9391,2.8793939393939394,0.5523232323232323,0.0016157640646327141,0.14848055344518524
9392,2.8793939393939394,0.5582828282828283,-0.0024476152491704076,0.1480791100002311
9393,2.8793939393939394,0.5642424242424242,0.00012602609718320953,0.15118155276607878
9394,2.8793939393939394,0.5702020202020202,0.002402430437253704,0.15538520010279452
9395,2.8793939393939394,0.5761616161616161,0.001646893291269722,0.15606251930235304
9396,2.8793939393939394,0.582121212121212,-0.0018330596809016,0.15605267496348293
9397,2.8793939393939394,0.588080808080808,0.0007152567756806108,0.1586876645143627
9398,2.8793939393939394,0.594040404040404,-0.002111238507897212,0.1615361423516078
9399,2.8793939393939394,0.6,0.0020050055061051936,0.1638903096011481
9400,2.8994949494949496,0.01,-4.22075324660306e-06,0.002683448358891835
9401,2.8994949494949496,0.01595959595959596,-8.59322926875551e-06,0.004258220438403571
9402,2.8994949494949496,0.021919191919191918,2.1690168538738918e-05,0.005888881234676194
9403,2.8994949494949496,0.027878787878787878,-1.4039951386012784e-05,0.00741995191491579
9404,2.8994949494949496,0.033838383838383834,6.100897153448233e-05,0.009058962839705255
9405,2.8994949494949496,0.0397979797979798,0.00015112505540019146,0.01061850230177757
9406,2.8994949494949496,0.045757575757575754,1.5352088707513145e-06,0.012142396436262151
9407,2.8994949494949496,0.05171717171717172,1.8924456254981892e-05,0.013716010790200104
9408,2.8994949494949496,0.05767676767676767,-0.00011214826579200463,0.015422784116115014
9409,2.8994949494949496,0.06363636363636363,0.00029972717627957434,0.0168696483208017
9410,2.8994949494949496,0.06959595959595959,0.00013832748262549978,0.018707507024462198
9411,2.8994949494949496,0.07555555555555554,-0.0004858586703407587,0.020039958445964103
9412,2.8994949494949496,0.0815151515151515,0.00032481717755071635,0.021856914975246076
9413,2.8994949494949496,0.08747474747474746,0.00012976887079405828,0.02350195799398444
9414,2.8994949494949496,0.09343434343434343,8.369185718154651e-05,0.025395383969692337
9415,2.8994949494949496,0.09939393939393938,-0.0002064681126312254,0.02658071108942255
9416,2.8994949494949496,0.10535353535353534,2.550349781811927e-05,0.028163727269369304
9417,2.8994949494949496,0.1113131313131313,-0.0001640368500816986,0.029731284175500826
9418,2.8994949494949496,0.11727272727272725,5.221907325214832e-05,0.031244223575850497
9419,2.8994949494949496,0.12323232323232322,-0.00019414703618350529,0.03319767685062072
9420,2.8994949494949496,0.1291919191919192,-0.00011294094150424283,0.034609770641110336
9421,2.8994949494949496,0.13515151515151513,0.0003075009949587902,0.036030636598780724
9422,2.8994949494949496,0.1411111111111111,-9.883171586024026e-05,0.038116738721099386
9423,2.8994949494949496,0.14707070707070707,-0.000743478378472642,0.03909778577925233
9424,2.8994949494949496,0.15303030303030302,-0.00040314938865631866,0.04086720808610661
9425,2.8994949494949496,0.158989898989899,-0.0005917623136412873,0.04219181423197503
9426,2.8994949494949496,0.16494949494949493,0.0009204388192244475,0.04446883145431601
9427,2.8994949494949496,0.1709090909090909,2.0281137888744237e-05,0.045580026975769086
9428,2.8994949494949496,0.17686868686868687,0.00021973640849659785,0.04804033637315687
9429,2.8994949494949496,0.1828282828282828,0.0006952106951545539,0.049093233325754645
9430,2.8994949494949496,0.18878787878787878,0.00019382979753279953,0.049896512786945985
9431,2.8994949494949496,0.19474747474747472,0.0009755350245209645,0.052978195488955895
9432,2.8994949494949496,0.2007070707070707,0.0002086603732929193,0.05432389775314934
9433,2.8994949494949496,0.20666666666666667,-0.0007282618245267683,0.05537486137428665
9434,2.8994949494949496,0.2126262626262626,-0.00015344026486590226,0.05695628407613029
9435,2.8994949494949496,0.21858585858585858,-0.0005373018749119965,0.05864675589766403
9436,2.8994949494949496,0.22454545454545452,-0.00019090987645435068,0.05930320376435145
9437,2.8994949494949496,0.2305050505050505,-0.00045098451070068614,0.06227988500511757
9438,2.8994949494949496,0.23646464646464646,-0.0008452642790932457,0.06327493464369277
9439,2.8994949494949496,0.2424242424242424,-0.00045467789776449725,0.06468611528417381
9440,2.8994949494949496,0.24838383838383837,0.000462555168246691,0.06654526138735392
9441,2.8994949494949496,0.2543434343434343,0.00044091763814625153,0.06933948802097964
9442,2.8994949494949496,0.26030303030303026,-0.00043492791529419107,0.07019538399501864
9443,2.8994949494949496,0.26626262626262626,-0.0019092983197272306,0.07161478080261488
9444,2.8994949494949496,0.2722222222222222,-0.00030274414981288473,0.07382299712131037
9445,2.8994949494949496,0.27818181818181814,0.0001519734062147037,0.07394236129616494
9446,2.8994949494949496,0.28414141414141414,0.0005558164511664579,0.07656985314060676
9447,2.8994949494949496,0.2901010101010101,0.00042746843341698586,0.07836504982148453
9448,2.8994949494949496,0.296060606060606,0.0005829894547876614,0.08028525811664573
9449,2.8994949494949496,0.302020202020202,-0.0013366009863005435,0.08200329727287335
9450,2.8994949494949496,0.30797979797979796,1.6296618817059638e-05,0.08228688087974381
9451,2.8994949494949496,0.3139393939393939,-0.0004377203147298653,0.08441665462246264
9452,2.8994949494949496,0.31989898989898985,0.0011524815187153566,0.08638425056715501
9453,2.8994949494949496,0.32585858585858585,0.0002433748340295443,0.08729599542834728
9454,2.8994949494949496,0.3318181818181818,-0.00043060977978499367,0.08983866170127217
9455,2.8994949494949496,0.33777777777777773,-0.0002535552103657834,0.08978420761096056
9456,2.8994949494949496,0.34373737373737373,-0.0005459244230411829,0.0910369637469148
9457,2.8994949494949496,0.3496969696969697,0.00024979112252737867,0.09390276193389692
9458,2.8994949494949496,0.3556565656565656,3.5166409694668045e-05,0.09550629400433608
9459,2.8994949494949496,0.3616161616161616,0.0009252310279518762,0.09833644882270177
9460,2.8994949494949496,0.36757575757575756,-0.0015598685044064904,0.09836969008280921
9461,2.8994949494949496,0.3735353535353535,-0.0004247410175448959,0.09906159928666755
9462,2.8994949494949496,0.37949494949494944,0.0013733792151392312,0.10216607631806218
9463,2.8994949494949496,0.38545454545454544,0.0011194021829713408,0.1043290675467779
9464,2.8994949494949496,0.3914141414141414,-0.00020139697791580772,0.10609112499999636
9465,2.8994949494949496,0.3973737373737373,0.0007722019170780646,0.10852897258858185
9466,2.8994949494949496,0.4033333333333333,0.000870883615401425,0.10833316584473307
9467,2.8994949494949496,0.40929292929292926,-0.00032061262193107566,0.1112193908866707
9468,2.8994949494949496,0.4152525252525252,-0.00018529997769669597,0.11268655282468408
9469,2.8994949494949496,0.42121212121212115,-0.0024580156108114258,0.11311407887284343
9470,2.8994949494949496,0.42717171717171715,0.0007022521656388563,0.1149859729621624
9471,2.8994949494949496,0.4331313131313131,0.0018521099374577605,0.116474071981282
9472,2.8994949494949496,0.43909090909090903,-0.0006441703451792165,0.11933401967980498
9473,2.8994949494949496,0.44505050505050503,0.0013945890485879183,0.12189888068785537
9474,2.8994949494949496,0.45101010101010097,-0.0002875996377634093,0.12289139451699685
9475,2.8994949494949496,0.4569696969696969,0.0001226329808853714,0.12584307389880467
9476,2.8994949494949496,0.4629292929292929,0.0009014697314373828,0.12684044100239922
9477,2.8994949494949496,0.46888888888888886,0.0021035899389361813,0.12768442600561952
9478,2.8994949494949496,0.4748484848484848,-0.00012337653085075137,0.12806119342077404
9479,2.8994949494949496,0.48080808080808074,-0.00030715120852640505,0.13061886075659487
9480,2.8994949494949496,0.48676767676767674,-0.0015908521066291378,0.1314258516968644
9481,2.8994949494949496,0.4927272727272727,0.00015933400161290178,0.13473970691569634
9482,2.8994949494949496,0.4986868686868686,-7.75255236675481e-05,0.13659209518392204
9483,2.8994949494949496,0.5046464646464646,0.0009981726531057172,0.13688243486287172
9484,2.8994949494949496,0.5106060606060605,0.0011372904486161984,0.1390215644362325
9485,2.8994949494949496,0.5165656565656566,-2.0650089893839186e-05,0.1403572888841608
9486,2.8994949494949496,0.5225252525252525,0.0010300398362070023,0.14282742952871072
9487,2.8994949494949496,0.5284848484848484,0.0006243261050074189,0.14362129374942884
9488,2.8994949494949496,0.5344444444444444,-0.0014039569555708347,0.1459043811023858
9489,2.8994949494949496,0.5404040404040403,0.0009784104239311542,0.14628382624226413
9490,2.8994949494949496,0.5463636363636363,-0.0016742024456877877,0.1489365839665754
9491,2.8994949494949496,0.5523232323232323,0.0009128486382522867,0.151226963305158
9492,2.8994949494949496,0.5582828282828283,-0.000854916174306303,0.15288595540349728
9493,2.8994949494949496,0.5642424242424242,0.0005564195233858057,0.15255325686054322
9494,2.8994949494949496,0.5702020202020202,0.002285479803915813,0.15716717545296185
9495,2.8994949494949496,0.5761616161616161,-0.0024251094274919957,0.15616111514063258
9496,2.8994949494949496,0.582121212121212,0.0023648664471968817,0.1590021130872543
9497,2.8994949494949496,0.588080808080808,-0.00017951702721094421,0.16107803184673336
9498,2.8994949494949496,0.594040404040404,0.0005348138486296224,0.1635800230841398
9499,2.8994949494949496,0.6,-0.0015877431140658648,0.1641115421881947
9500,2.9195959595959597,0.01,1.0686149226130392e-05,0.0026983291478890527
9501,2.9195959595959597,0.01595959595959596,-3.606767683797335e-05,0.004315541157784191
9502,2.9195959595959597,0.021919191919191918,-0.00010835929300492344,0.0059651421483257975
9503,2.9195959595959597,0.027878787878787878,-7.2135633282896e-05,0.0074882264443068775
9504,2.9195959595959597,0.033838383838383834,0.000192710618904081,0.0091565450327323
9505,2.9195959595959597,0.0397979797979798,-0.00010358533569332662,0.010852574504044251
9506,2.9195959595959597,0.045757575757575754,-0.00011877072546046751,0.012352064622672052
9507,2.9195959595959597,0.05171717171717172,-0.0001254296462640232,0.014094375080204759
9508,2.9195959595959597,0.05767676767676767,5.5156033495138756e-05,0.015709792491998498
9509,2.9195959595959597,0.06363636363636363,0.00023384882872362102,0.017182901160466234
9510,2.9195959595959597,0.06959595959595959,6.316227518230385e-05,0.019011979803086634
9511,2.9195959595959597,0.07555555555555554,-0.00014420105425240552,0.020740489439438268
9512,2.9195959595959597,0.0815151515151515,-0.0001655452548068164,0.022067567427567398
9513,2.9195959595959597,0.08747474747474746,0.00013456965063162523,0.02387008733091838
9514,2.9195959595959597,0.09343434343434343,1.9449502844742607e-05,0.025245048446969877
9515,2.9195959595959597,0.09939393939393938,0.00020437893411118084,0.02669799066889819
9516,2.9195959595959597,0.10535353535353534,0.00024771106740143904,0.0287114929665774
9517,2.9195959595959597,0.1113131313131313,0.0002393875150618161,0.02978083345079425
9518,2.9195959595959597,0.11727272727272725,0.0001821875579729562,0.03184722333493213
9519,2.9195959595959597,0.12323232323232322,-0.00021447901411439005,0.0330091901238786
9520,2.9195959595959597,0.1291919191919192,0.00011558243930714048,0.035220949308554336
9521,2.9195959595959597,0.13515151515151513,0.0003207901736337842,0.03645535186978925
9522,2.9195959595959597,0.1411111111111111,-0.000598210200115707,0.03836993963718219
9523,2.9195959595959597,0.14707070707070707,-0.0012012919980142758,0.03940999022647099
9524,2.9195959595959597,0.15303030303030302,0.00011333631585921076,0.04144685130967862
9525,2.9195959595959597,0.158989898989899,0.00018327285078708754,0.04330133978548069
9526,2.9195959595959597,0.16494949494949493,0.00020357674485028848,0.045141092328306494
9527,2.9195959595959597,0.1709090909090909,-0.00024303216256480758,0.04634994407481169
9528,2.9195959595959597,0.17686868686868687,0.00031158160158979226,0.04742214668724738
9529,2.9195959595959597,0.1828282828282828,-0.001094269031132248,0.05007193990106667
9530,2.9195959595959597,0.18878787878787878,-0.0007775988181551599,0.05097237098794305
9531,2.9195959595959597,0.19474747474747472,-0.0006266725825264359,0.05279211900748322
9532,2.9195959595959597,0.2007070707070707,-0.000259344849623933,0.053997088444469085
9533,2.9195959595959597,0.20666666666666667,-0.0005300777161147898,0.055980374940551664
9534,2.9195959595959597,0.2126262626262626,0.00018330541350822067,0.057816806000122976
9535,2.9195959595959597,0.21858585858585858,-0.0005654578562481633,0.059648528566154886
9536,2.9195959595959597,0.22454545454545452,-2.084172996418432e-05,0.06050397097107386
9537,2.9195959595959597,0.2305050505050505,-0.0003961274120786175,0.062025220263448665
9538,2.9195959595959597,0.23646464646464646,0.0007561845351519997,0.06323773648920612
9539,2.9195959595959597,0.2424242424242424,-0.0005523034635410561,0.06589911001488327
9540,2.9195959595959597,0.24838383838383837,0.00015663903589248278,0.0674773983933437
9541,2.9195959595959597,0.2543434343434343,-4.493396496235302e-05,0.06855219662417668
9542,2.9195959595959597,0.26030303030303026,-0.00017839770018504005,0.07089158356802892
9543,2.9195959595959597,0.26626262626262626,0.0015097624758412707,0.07208221399671927
9544,2.9195959595959597,0.2722222222222222,0.0014696172202980278,0.07391672118605792
9545,2.9195959595959597,0.27818181818181814,0.0007722879403925073,0.076695724589959
9546,2.9195959595959597,0.28414141414141414,0.0010238539806544185,0.0769805086397681
9547,2.9195959595959597,0.2901010101010101,0.0003676470660055256,0.07876278589620317
9548,2.9195959595959597,0.296060606060606,0.0014394231081007458,0.08067412417786152
9549,2.9195959595959597,0.302020202020202,-0.000794029700713112,0.08163353059182454
9550,2.9195959595959597,0.30797979797979796,0.0001907930695199711,0.08399240449487716
9551,2.9195959595959597,0.3139393939393939,0.0003626564022260804,0.08575938496834976
9552,2.9195959595959597,0.31989898989898985,0.00036980626546134906,0.08639632097732784
9553,2.9195959595959597,0.32585858585858585,0.001207278437800666,0.08987174184130114
9554,2.9195959595959597,0.3318181818181818,-0.00044646825005592523,0.09058892776646013
9555,2.9195959595959597,0.33777777777777773,0.0008866965289200295,0.09215802236230003
9556,2.9195959595959597,0.34373737373737373,-0.0009670582486864159,0.09244890610763473
9557,2.9195959595959597,0.3496969696969697,2.581220345177204e-05,0.09560325376099499
9558,2.9195959595959597,0.3556565656565656,0.0005769353515267043,0.09695846212870238
9559,2.9195959595959597,0.3616161616161616,-0.001381989224154123,0.09736342797823677
9560,2.9195959595959597,0.36757575757575756,-0.0013810385874575158,0.09989182246370665
9561,2.9195959595959597,0.3735353535353535,-0.0008427157932060912,0.10062837286987641
9562,2.9195959595959597,0.37949494949494944,0.0001780068700557326,0.10447055410432105
9563,2.9195959595959597,0.38545454545454544,-0.0004649887789854061,0.10453210217336566
9564,2.9195959595959597,0.3914141414141414,-0.0031453749542909473,0.1058821731075446
9565,2.9195959595959597,0.3973737373737373,0.0005762710433578212,0.10846496426140947
9566,2.9195959595959597,0.4033333333333333,-0.0014281729946381753,0.10909402760177164
9567,2.9195959595959597,0.40929292929292926,-5.9011226646503e-05,0.11325810219612134
9568,2.9195959595959597,0.4152525252525252,-0.0019102353599253345,0.11435470996806163
9569,2.9195959595959597,0.42121212121212115,-0.0009548062485317082,0.11500812127032962
9570,2.9195959595959597,0.42717171717171715,0.0024493541523509643,0.11829434240899693
9571,2.9195959595959597,0.4331313131313131,-0.0005662391081148511,0.12001450849102781
9572,2.9195959595959597,0.43909090909090903,0.00190976928938413,0.12043086552678157
9573,2.9195959595959597,0.44505050505050503,0.0014645821851755822,0.12176565802346158
9574,2.9195959595959597,0.45101010101010097,-0.0024147006445309266,0.12430712042716241
9575,2.9195959595959597,0.4569696969696969,0.0001080219075983143,0.12503203504045202
9576,2.9195959595959597,0.4629292929292929,0.001235794920727766,0.1272436321091758
9577,2.9195959595959597,0.46888888888888886,0.0012160171459002914,0.12894767767238607
9578,2.9195959595959597,0.4748484848484848,-0.001243602689002444,0.12959325499828414
9579,2.9195959595959597,0.48080808080808074,0.0006795886516898706,0.13269826583104805
9580,2.9195959595959597,0.48676767676767674,-0.0023138675784531697,0.1338140552006326
9581,2.9195959595959597,0.4927272727272727,0.00020801390728755412,0.13602229508311306
9582,2.9195959595959597,0.4986868686868686,0.0035655027392881918,0.1373615870027108
9583,2.9195959595959597,0.5046464646464646,-0.0013449401639493328,0.1364619636432149
9584,2.9195959595959597,0.5106060606060605,-0.001942309192872816,0.14136177742656714
9585,2.9195959595959597,0.5165656565656566,0.0010299713631633982,0.14340109388519964
9586,2.9195959595959597,0.5225252525252525,0.0018775415626913429,0.14499251366588972
9587,2.9195959595959597,0.5284848484848484,0.00045256316606127634,0.14423147930674293
9588,2.9195959595959597,0.5344444444444444,1.9027667288965856e-05,0.14748987616496076
9589,2.9195959595959597,0.5404040404040403,0.0009259191453188735,0.1490068129978316
9590,2.9195959595959597,0.5463636363636363,0.000452839882433077,0.1502441007195918
9591,2.9195959595959597,0.5523232323232323,-0.0014932283497762142,0.15134315324814696
9592,2.9195959595959597,0.5582828282828283,-0.0015195765800815146,0.15292150670764182
9593,2.9195959595959597,0.5642424242424242,0.003154743120587364,0.1557234052022466
9594,2.9195959595959597,0.5702020202020202,-0.00032777931427220987,0.1582729694277945
9595,2.9195959595959597,0.5761616161616161,-0.0019673267752588004,0.15709093068828864
9596,2.9195959595959597,0.582121212121212,-0.0014089774492770837,0.15746671787683045
9597,2.9195959595959597,0.588080808080808,-0.0032018211503482947,0.16183340401056392
9598,2.9195959595959597,0.594040404040404,0.00042708039239301916,0.16397397601907793
9599,2.9195959595959597,0.6,-0.0014666446026405317,0.16617402300045825
9600,2.9396969696969695,0.01,9.91561966658484e-06,0.0027336274484581163
9601,2.9396969696969695,0.01595959595959596,-1.900915518786259e-05,0.00432161256401549
9602,2.9396969696969695,0.021919191919191918,4.139623410096892e-05,0.006010018630307401
9603,2.9396969696969695,0.027878787878787878,-5.51536273490692e-05,0.007572090756978869
9604,2.9396969696969695,0.033838383838383834,3.793601321841833e-06,0.009220336957643436
9605,2.9396969696969695,0.0397979797979798,-2.937733346992982e-05,0.0109995724396786
9606,2.9396969696969695,0.045757575757575754,0.00010579098186253682,0.012314776837951388
9607,2.9396969696969695,0.05171717171717172,-4.859405973835795e-06,0.014149879957320095
9608,2.9396969696969695,0.05767676767676767,9.603052643106477e-05,0.015771477935323942
9609,2.9396969696969695,0.06363636363636363,-0.00019674857498308524,0.017161700158634496
9610,2.9396969696969695,0.06959595959595959,-0.0001401354845886847,0.01889085455045459
9611,2.9396969696969695,0.07555555555555554,-0.0002491329992090637,0.0207238719518405
9612,2.9396969696969695,0.0815151515151515,0.000102471486116031,0.022275425642245664
9613,2.9396969696969695,0.08747474747474746,-8.74701608999054e-05,0.02384034020327089
9614,2.9396969696969695,0.09343434343434343,0.0003893201269396163,0.025770234766308527
9615,2.9396969696969695,0.09939393939393938,0.0003728526400935461,0.02674713924079317
9616,2.9396969696969695,0.10535353535353534,-6.044797333241738e-05,0.028937052919520714
9617,2.9396969696969695,0.1113131313131313,-9.120605508255971e-05,0.030241800422661544
9618,2.9396969696969695,0.11727272727272725,0.00037740098707717847,0.03195524979873441
9619,2.9396969696969695,0.12323232323232322,-0.0005853595056057602,0.03359299358836581
9620,2.9396969696969695,0.1291919191919192,-1.0037905950081183e-05,0.03532771619407199
9621,2.9396969696969695,0.13515151515151513,-1.716866658946199e-05,0.036810519498786956
9622,2.9396969696969695,0.1411111111111111,0.0005010654677510569,0.03867565304098536
9623,2.9396969696969695,0.14707070707070707,0.0002330182536019779,0.03973992087633391
9624,2.9396969696969695,0.15303030303030302,-0.0002986188090732179,0.04153310975618981
9625,2.9396969696969695,0.158989898989899,0.00011139985934204129,0.0431100781392773
9626,2.9396969696969695,0.16494949494949493,-9.467351466806662e-05,0.0451215339589904
9627,2.9396969696969695,0.1709090909090909,-0.00024134749120457188,0.04685669361895275
9628,2.9396969696969695,0.17686868686868687,0.00012138184952251072,0.048247968182806994
9629,2.9396969696969695,0.1828282828282828,-0.0002818519450921515,0.04958132805247496
9630,2.9396969696969695,0.18878787878787878,-0.0007011968493697142,0.05153840840769723
9631,2.9396969696969695,0.19474747474747472,-0.00027745129292736196,0.053764973575565575
9632,2.9396969696969695,0.2007070707070707,0.00045707812728342374,0.05480430074819975
9633,2.9396969696969695,0.20666666666666667,0.0006831765626030572,0.05653418725215135
9634,2.9396969696969695,0.2126262626262626,1.019981090191564e-05,0.0581504412851518
9635,2.9396969696969695,0.21858585858585858,0.0003895597580287285,0.05958695166426508
9636,2.9396969696969695,0.22454545454545452,-0.0004993326500942376,0.06107996836688663
9637,2.9396969696969695,0.2305050505050505,0.00045391713183657326,0.0630287064433819
9638,2.9396969696969695,0.23646464646464646,-0.0005808626167012478,0.06450379331433512
9639,2.9396969696969695,0.2424242424242424,-0.00043556386181143366,0.06649013783338782
9640,2.9396969696969695,0.24838383838383837,-0.0006396445504672948,0.06780663976291698
9641,2.9396969696969695,0.2543434343434343,-0.0002964065156145542,0.06917026074097617
9642,2.9396969696969695,0.26030303030303026,-0.001028359675916494,0.07123836166896319
9643,2.9396969696969695,0.26626262626262626,0.0003127335728105902,0.0734899482558881
9644,2.9396969696969695,0.2722222222222222,-0.0013046413904528895,0.07516862728692195
9645,2.9396969696969695,0.27818181818181814,0.0006256873309400635,0.07658337349627287
9646,2.9396969696969695,0.28414141414141414,0.0007552658632841165,0.07804178639139164
9647,2.9396969696969695,0.2901010101010101,-0.0006995862538217032,0.07934800972448486
9648,2.9396969696969695,0.296060606060606,0.0005439660114375613,0.08111490802818055
9649,2.9396969696969695,0.302020202020202,0.000715940113808352,0.08311355114262067
9650,2.9396969696969695,0.30797979797979796,-0.00018096605436046894,0.08503469179797761
9651,2.9396969696969695,0.3139393939393939,0.0009076444281204486,0.08678117175738505
9652,2.9396969696969695,0.31989898989898985,-0.0006336202458657016,0.08791277845509017
9653,2.9396969696969695,0.32585858585858585,0.0007213295345388285,0.08971356799295806
9654,2.9396969696969695,0.3318181818181818,-0.0014662344115621072,0.09202139769974661
9655,2.9396969696969695,0.33777777777777773,-0.0005974420088803973,0.09241708254743289
9656,2.9396969696969695,0.34373737373737373,0.00016544999952521362,0.09462130111811914
9657,2.9396969696969695,0.3496969696969697,-0.0016667305926566676,0.09628462486606619
9658,2.9396969696969695,0.3556565656565656,0.00042095440935712396,0.09819648113050823
9659,2.9396969696969695,0.3616161616161616,0.0008489297078981391,0.1004732224799242
9660,2.9396969696969695,0.36757575757575756,0.001521942257854142,0.10234196845035534
9661,2.9396969696969695,0.3735353535353535,0.0005734848436150303,0.10405427734622347
9662,2.9396969696969695,0.37949494949494944,0.0009701899648226062,0.10462002195329999
9663,2.9396969696969695,0.38545454545454544,0.0005659578049889807,0.1060070364577432
9664,2.9396969696969695,0.3914141414141414,-0.00024508666779274216,0.10765560253228881
9665,2.9396969696969695,0.3973737373737373,-0.0006708256638282608,0.10936221362884423
9666,2.9396969696969695,0.4033333333333333,2.2003064702769136e-06,0.11129350755571331
9667,2.9396969696969695,0.40929292929292926,-0.0011765060837571222,0.11354209738910068
9668,2.9396969696969695,0.4152525252525252,-0.0014176594797567963,0.11557194506870565
9669,2.9396969696969695,0.42121212121212115,-0.00044514591324214763,0.11724414344886114
9670,2.9396969696969695,0.42717171717171715,-0.0005236297360963115,0.1174510114763649
9671,2.9396969696969695,0.4331313131313131,0.0005854219790200652,0.12075868368037253
9672,2.9396969696969695,0.43909090909090903,-0.0016019529187900644,0.11878310021310107
9673,2.9396969696969695,0.44505050505050503,0.0006571964641582132,0.12192921542354698
9674,2.9396969696969695,0.45101010101010097,0.0004502579124419989,0.12516633096633492
9675,2.9396969696969695,0.4569696969696969,-0.0003786315393416609,0.12564256654184058
9676,2.9396969696969695,0.4629292929292929,0.0032055604994561094,0.12801671910515416
9677,2.9396969696969695,0.46888888888888886,-0.0017456531669773714,0.12844077016226543
9678,2.9396969696969695,0.4748484848484848,0.0009690581106543821,0.13342985290593826
9679,2.9396969696969695,0.48080808080808074,-0.0017294298761870428,0.1332165936198245
9680,2.9396969696969695,0.48676767676767674,-0.002332593175531942,0.1321523339247254
9681,2.9396969696969695,0.4927272727272727,-0.0004786032374705563,0.1385848411209696
9682,2.9396969696969695,0.4986868686868686,-0.0019893138889452984,0.13733162453135267
9683,2.9396969696969695,0.5046464646464646,-7.501820882469215e-05,0.14060173200912518
9684,2.9396969696969695,0.5106060606060605,0.00042782183066508576,0.14230349767998485
9685,2.9396969696969695,0.5165656565656566,-0.0012173165361006953,0.14464220462161892
9686,2.9396969696969695,0.5225252525252525,0.001032764801692033,0.14596899162393162
9687,2.9396969696969695,0.5284848484848484,0.001309245827441713,0.1478971439438432
9688,2.9396969696969695,0.5344444444444444,0.0016778973338708084,0.1492903934490461
9689,2.9396969696969695,0.5404040404040403,-0.0005717210799330605,0.149382381852658
9690,2.9396969696969695,0.5463636363636363,0.000596089624931692,0.1532006614392544
9691,2.9396969696969695,0.5523232323232323,-0.0013497035080911356,0.15463331411586484
9692,2.9396969696969695,0.5582828282828283,-0.001241925845962493,0.15661341580579233
9693,2.9396969696969695,0.5642424242424242,0.0022952249280507892,0.1585466978182941
9694,2.9396969696969695,0.5702020202020202,-0.002170718691112694,0.15871987498225903
9695,2.9396969696969695,0.5761616161616161,0.00010952306588855781,0.16205530807417
9696,2.9396969696969695,0.582121212121212,0.0005496384502287359,0.16245366277853623
9697,2.9396969696969695,0.588080808080808,-0.000840363777303068,0.16309294490371545
9698,2.9396969696969695,0.594040404040404,0.000463310544248283,0.16545732949680497
9699,2.9396969696969695,0.6,0.0019400047373885993,0.17145418159165707
9700,2.9597979797979797,0.01,5.1139535223662854e-05,0.002772428728273518
9701,2.9597979797979797,0.01595959595959596,-3.9483085068583127e-05,0.004437906121376774
9702,2.9597979797979797,0.021919191919191918,2.386030517621789e-05,0.006073600359469402
9703,2.9597979797979797,0.027878787878787878,-1.2210973914195234e-06,0.0076347306599181
9704,2.9597979797979797,0.033838383838383834,6.209954704031739e-06,0.009405865774485824
9705,2.9597979797979797,0.0397979797979798,-7.958296551004973e-05,0.01108639649875366
9706,2.9597979797979797,0.045757575757575754,0.00017958407089552856,0.012592231274650681
9707,2.9597979797979797,0.05171717171717172,-1.6472693700144258e-05,0.014349339613815243
9708,2.9597979797979797,0.05767676767676767,-0.0004455083056344625,0.015964618816287843
9709,2.9597979797979797,0.06363636363636363,-9.127097491810437e-05,0.017337106238317385
9710,2.9597979797979797,0.06959595959595959,2.167862501004745e-05,0.019198760604726063
9711,2.9597979797979797,0.07555555555555554,-0.00014610144413950554,0.020665307273801045
9712,2.9597979797979797,0.0815151515151515,3.2094672823509554e-05,0.022734322753524012
9713,2.9597979797979797,0.08747474747474746,-8.47729434167771e-05,0.02409934427398397
9714,2.9597979797979797,0.09343434343434343,-2.2761098059569163e-05,0.0258849193035341
9715,2.9597979797979797,0.09939393939393938,-8.663758105139674e-06,0.027570900038312942
9716,2.9597979797979797,0.10535353535353534,-0.0003359055390592107,0.029432199640718158
9717,2.9597979797979797,0.1113131313131313,-0.00033496772936324735,0.030365814474075374
9718,2.9597979797979797,0.11727272727272725,0.0005896631931150159,0.032824273312615566
9719,2.9597979797979797,0.12323232323232322,-8.952603319135664e-05,0.03370995016108668
9720,2.9597979797979797,0.1291919191919192,-5.667172738840698e-06,0.03572817662634172
9721,2.9597979797979797,0.13515151515151513,-0.0001006929359340056,0.03753468266630134
9722,2.9597979797979797,0.1411111111111111,0.000588481043428157,0.03868620745918422
9723,2.9597979797979797,0.14707070707070707,-7.258404727400913e-06,0.04073164490481412
9724,2.9597979797979797,0.15303030303030302,0.00039735262363651473,0.04215761656484119
9725,2.9597979797979797,0.158989898989899,0.0006140201340579551,0.04413755306297819
9726,2.9597979797979797,0.16494949494949493,-0.00038706389295798825,0.04577716927425671
9727,2.9597979797979797,0.1709090909090909,0.00011347028146177127,0.046832687704350215
9728,2.9597979797979797,0.17686868686868687,-0.0003769897378207526,0.04894752218219143
9729,2.9597979797979797,0.1828282828282828,-0.0008807812339457477,0.0508072698076253
9730,2.9597979797979797,0.18878787878787878,0.00042753924002566937,0.052444043210117634
9731,2.9597979797979797,0.19474747474747472,-0.0011237267792372464,0.05352706753769898
9732,2.9597979797979797,0.2007070707070707,-6.96226704483883e-05,0.05601040958437572
9733,2.9597979797979797,0.20666666666666667,0.0008283883632772989,0.057309215253316
9734,2.9597979797979797,0.2126262626262626,-0.0003534292445737158,0.05949158909723899
9735,2.9597979797979797,0.21858585858585858,-0.00016962362123185937,0.06088260510414739
9736,2.9597979797979797,0.22454545454545452,0.0004177162876521473,0.061957618642317046
9737,2.9597979797979797,0.2305050505050505,0.0003846792613133021,0.06409361750397316
9738,2.9597979797979797,0.23646464646464646,-0.0013628706730303918,0.06586803271506352
9739,2.9597979797979797,0.2424242424242424,0.0003083389293209047,0.06643328242847575
9740,2.9597979797979797,0.24838383838383837,0.0007221739014323157,0.06910624656160327
9741,2.9597979797979797,0.2543434343434343,0.00014669014608674155,0.07007918766789034
9742,2.9597979797979797,0.26030303030303026,0.0011357157834511987,0.07182879079124323
9743,2.9597979797979797,0.26626262626262626,0.0012895031871670583,0.07318804801513912
9744,2.9597979797979797,0.2722222222222222,0.0004607860936109498,0.07537082073108732
9745,2.9597979797979797,0.27818181818181814,0.00012319767984809933,0.07712271096705876
9746,2.9597979797979797,0.28414141414141414,0.00015788374976894275,0.07896424466137401
9747,2.9597979797979797,0.2901010101010101,-0.0011013762354961565,0.08054722937151701
9748,2.9597979797979797,0.296060606060606,0.0012896225081601678,0.08253474450294475
9749,2.9597979797979797,0.302020202020202,-0.001999088532118146,0.0839270265873429
9750,2.9597979797979797,0.30797979797979796,-0.0006954677077284004,0.08488468158591869
9751,2.9597979797979797,0.3139393939393939,0.0001692314885835125,0.08688615179763598
9752,2.9597979797979797,0.31989898989898985,-0.00012187092605596925,0.0890191669423003
9753,2.9597979797979797,0.32585858585858585,-0.001251385443996476,0.09092278846438351
9754,2.9597979797979797,0.3318181818181818,-0.0005503528267693112,0.09232102651226375
9755,2.9597979797979797,0.33777777777777773,-0.0008211182337620943,0.09425805947156009
9756,2.9597979797979797,0.34373737373737373,0.0001955420206113437,0.09716269723809084
9757,2.9597979797979797,0.3496969696969697,0.0016607032676239748,0.09897605504205065
9758,2.9597979797979797,0.3556565656565656,-0.0005089063231333191,0.09951772558463229
9759,2.9597979797979797,0.3616161616161616,7.672137343096956e-05,0.10035700264446594
9760,2.9597979797979797,0.36757575757575756,0.0018757750895852653,0.10251651025856323
9761,2.9597979797979797,0.3735353535353535,0.0006423471792273849,0.1043071153774049
9762,2.9597979797979797,0.37949494949494944,-0.003027012182180641,0.10396755372369243
9763,2.9597979797979797,0.38545454545454544,0.000660705846043324,0.10731789501631593
9764,2.9597979797979797,0.3914141414141414,0.0005712419421688094,0.1102538465866972
9765,2.9597979797979797,0.3973737373737373,0.0012601484639658868,0.11085562552822009
9766,2.9597979797979797,0.4033333333333333,-0.001756091532133272,0.11156747228937906
9767,2.9597979797979797,0.40929292929292926,0.001061239580818698,0.11310418492820075
9768,2.9597979797979797,0.4152525252525252,0.0012254873434625834,0.11465287723671547
9769,2.9597979797979797,0.42121212121212115,-0.0025614421852247268,0.11670302351821521
9770,2.9597979797979797,0.42717171717171715,0.0019155401128222345,0.11934653935782615
9771,2.9597979797979797,0.4331313131313131,0.0005746375237582251,0.12107510310517457
9772,2.9597979797979797,0.43909090909090903,-0.0017794219525429022,0.12169689929793019
9773,2.9597979797979797,0.44505050505050503,-0.000631456916413026,0.12355230780273832
9774,2.9597979797979797,0.45101010101010097,-0.002095230239802997,0.12643113132464237
9775,2.9597979797979797,0.4569696969696969,-0.00185676754551235,0.1291931926426535
9776,2.9597979797979797,0.4629292929292929,-8.758750418506888e-06,0.12936168889978256
9777,2.9597979797979797,0.46888888888888886,-0.0010413940697857572,0.129473548013357
9778,2.9597979797979797,0.4748484848484848,0.000264565198343788,0.13364860524651487
9779,2.9597979797979797,0.48080808080808074,-0.000855177171895498,0.135447423096324
9780,2.9597979797979797,0.48676767676767674,0.0010925473320589332,0.13630199524233202
9781,2.9597979797979797,0.4927272727272727,-0.0015160027785090678,0.1364890448114412
9782,2.9597979797979797,0.4986868686868686,-0.00032315372456559325,0.14182135172733287
9783,2.9597979797979797,0.5046464646464646,-0.0010162678826386759,0.1425672569258863
9784,2.9597979797979797,0.5106060606060605,-0.001760214507345221,0.14159258493574625
9785,2.9597979797979797,0.5165656565656566,-0.0003021821090549859,0.14595112211554973
9786,2.9597979797979797,0.5225252525252525,0.0009677397142736368,0.14638823068840529
9787,2.9597979797979797,0.5284848484848484,0.001115699810538921,0.14813489549172512
9788,2.9597979797979797,0.5344444444444444,-0.0004276386874729537,0.15048663933278705
9789,2.9597979797979797,0.5404040404040403,0.0010576916618289594,0.15144763396041117
9790,2.9597979797979797,0.5463636363636363,0.001882376430651513,0.15461030566217246
9791,2.9597979797979797,0.5523232323232323,-0.0015709836885311954,0.15497422785637582
9792,2.9597979797979797,0.5582828282828283,0.002672081561782872,0.1584604059730053
9793,2.9597979797979797,0.5642424242424242,-0.0022614120078556176,0.15755160351649017
9794,2.9597979797979797,0.5702020202020202,0.0014707785006826887,0.15943275470837584
9795,2.9597979797979797,0.5761616161616161,-0.0012774750267083598,0.1632827232910488
9796,2.9597979797979797,0.582121212121212,-0.002124261594827248,0.1622076077956116
9797,2.9597979797979797,0.588080808080808,0.0005774132440176241,0.16940477418973088
9798,2.9597979797979797,0.594040404040404,0.00035956525913177957,0.16751459309931116
9799,2.9597979797979797,0.6,0.00011323757898270595,0.16945799380550167
9800,2.97989898989899,0.01,-2.741528542090821e-06,0.002793143083429641
9801,2.97989898989899,0.01595959595959596,-1.4356009602545583e-05,0.0043923170718310825
9802,2.97989898989899,0.021919191919191918,1.8585095860637058e-07,0.006121908054261935
9803,2.97989898989899,0.027878787878787878,2.0317938771892043e-05,0.007844740177060036
9804,2.97989898989899,0.033838383838383834,-5.342576446336654e-05,0.009428902543551986
9805,2.97989898989899,0.0397979797979798,-5.33633304115937e-05,0.011189365304636299
9806,2.97989898989899,0.045757575757575754,-7.926112063872565e-05,0.012900708072545035
9807,2.97989898989899,0.05171717171717172,0.00025171049101809444,0.014528509657198903
9808,2.97989898989899,0.05767676767676767,0.000178285725565447,0.0160912485587699
9809,2.97989898989899,0.06363636363636363,-1.3076869974784678e-05,0.017703615124239132
9810,2.97989898989899,0.06959595959595959,9.177091928281121e-05,0.019315545937796375
9811,2.97989898989899,0.07555555555555554,0.0001850479585506202,0.021238995025190072
9812,2.97989898989899,0.0815151515151515,0.0005156045777778387,0.02309876814885182
9813,2.97989898989899,0.08747474747474746,-0.00031335784728965494,0.024520472041424664
9814,2.97989898989899,0.09343434343434343,0.00029068773865655533,0.025921748387787883
9815,2.97989898989899,0.09939393939393938,-7.538448372707665e-05,0.02757206565974138
9816,2.97989898989899,0.10535353535353534,-1.4359461544040663e-06,0.02954457766520856
9817,2.97989898989899,0.1113131313131313,0.00017282182275745722,0.0312396995427341
9818,2.97989898989899,0.11727272727272725,-1.3960998927918888e-05,0.03234001874052089
9819,2.97989898989899,0.12323232323232322,-6.467667086513246e-05,0.034024180609711664
9820,2.97989898989899,0.1291919191919192,-0.00016856939998988437,0.03585454048468082
9821,2.97989898989899,0.13515151515151513,-0.000578112124315021,0.037828926224367634
9822,2.97989898989899,0.1411111111111111,-0.00017060620453308677,0.03991047551353855
9823,2.97989898989899,0.14707070707070707,-0.0004633458284176618,0.04078491365442048
9824,2.97989898989899,0.15303030303030302,0.00010619252553991076,0.0428540128885297
9825,2.97989898989899,0.158989898989899,-0.00010568659376376264,0.04455850081027048
9826,2.97989898989899,0.16494949494949493,-0.00011096316098649235,0.04673561783270546
9827,2.97989898989899,0.1709090909090909,0.0002462214100889433,0.04740889059318083
9828,2.97989898989899,0.17686868686868687,0.0005470433138166681,0.049454617521834165
9829,2.97989898989899,0.1828282828282828,-0.0006275957045182847,0.051442766938138304
9830,2.97989898989899,0.18878787878787878,-7.053529608919526e-05,0.0530006717175159
9831,2.97989898989899,0.19474747474747472,-0.0014284318291951396,0.05365081694474618
9832,2.97989898989899,0.2007070707070707,0.001173618078264515,0.056572245292812975
9833,2.97989898989899,0.20666666666666667,0.0006448749321950054,0.057878484692780806
9834,2.97989898989899,0.2126262626262626,0.0010291544582362211,0.05921357369351394
9835,2.97989898989899,0.21858585858585858,0.0008265634636866811,0.060949293611589385
9836,2.97989898989899,0.22454545454545452,-2.804845926355919e-05,0.06328587827930202
9837,2.97989898989899,0.2305050505050505,-0.0006038625871766617,0.06514444364547466
9838,2.97989898989899,0.23646464646464646,-0.00018963389177705824,0.0653534680857273
9839,2.97989898989899,0.2424242424242424,0.0001761555326002481,0.06821590770053312
9840,2.97989898989899,0.24838383838383837,0.0003907206725267063,0.06992159658199378
9841,2.97989898989899,0.2543434343434343,0.00027588798078423675,0.07161804385691663
9842,2.97989898989899,0.26030303030303026,-0.00012822158116110227,0.07311995593431146
9843,2.97989898989899,0.26626262626262626,0.0009735626398740266,0.0752154717772646
9844,2.97989898989899,0.2722222222222222,0.00030910178062079814,0.07703628088637705
9845,2.97989898989899,0.27818181818181814,0.00024999977588725304,0.07806611392549741
9846,2.97989898989899,0.28414141414141414,-0.00014038628240815965,0.07993019638367671
9847,2.97989898989899,0.2901010101010101,0.0012192056422196127,0.08256696202572839
9848,2.97989898989899,0.296060606060606,-0.000991548269751192,0.08296380896939937
9849,2.97989898989899,0.302020202020202,-0.00015026145145098245,0.08459269854371229
9850,2.97989898989899,0.30797979797979796,-0.00021964340567428984,0.0870776169018235
9851,2.97989898989899,0.3139393939393939,-0.00020113808693369287,0.08888562761693769
9852,2.97989898989899,0.31989898989898985,0.0010172993583137298,0.08929680780572842
9853,2.97989898989899,0.32585858585858585,-0.0005914015411639471,0.09076667517833087
9854,2.97989898989899,0.3318181818181818,-0.0004951799480580025,0.09187554224984144
9855,2.97989898989899,0.33777777777777773,0.0016388887361142444,0.09573438021838156
9856,2.97989898989899,0.34373737373737373,0.0006262551873022157,0.09792403481200444
9857,2.97989898989899,0.3496969696969697,0.00023516418297647902,0.09736055351116676
9858,2.97989898989899,0.3556565656565656,0.0007447713559870474,0.09947535291830929
9859,2.97989898989899,0.3616161616161616,-0.0007221466496650424,0.10282681653960303
9860,2.97989898989899,0.36757575757575756,-0.0008935789555444958,0.1034461194669414
9861,2.97989898989899,0.3735353535353535,-0.0007519613771856924,0.10494614021609844
9862,2.97989898989899,0.37949494949494944,0.00029677524211204476,0.10667558406757387
9863,2.97989898989899,0.38545454545454544,0.0007005611773101885,0.109634790439132
9864,2.97989898989899,0.3914141414141414,0.0008443683309229549,0.11024915262915244
9865,2.97989898989899,0.3973737373737373,0.0006048739201002905,0.11165753349251317
9866,2.97989898989899,0.4033333333333333,-0.0010999789980075155,0.11264355370192349
9867,2.97989898989899,0.40929292929292926,0.000488164211271354,0.1149624116662013
9868,2.97989898989899,0.4152525252525252,0.00011334313473684552,0.11739489540101909
9869,2.97989898989899,0.42121212121212115,-0.001967410601149318,0.11725865483257024
9870,2.97989898989899,0.42717171717171715,-6.616561111118741e-05,0.12088535902419169
9871,2.97989898989899,0.4331313131313131,-0.0010618446636581928,0.12190090751216014
9872,2.97989898989899,0.43909090909090903,0.0005876264493672746,0.12190003858606614
9873,2.97989898989899,0.44505050505050503,-0.000216160111367887,0.12295009663361857
9874,2.97989898989899,0.45101010101010097,-0.0011100076469597532,0.12499949452229926
9875,2.97989898989899,0.4569696969696969,-0.0006197762073228245,0.12866269951593423
9876,2.97989898989899,0.4629292929292929,0.0014902823929846738,0.13137031859695322
9877,2.97989898989899,0.46888888888888886,0.0007748167075330535,0.13265347259838978
9878,2.97989898989899,0.4748484848484848,-0.0007963000079027278,0.13447804721730383
9879,2.97989898989899,0.48080808080808074,-0.0012627166120462692,0.13478668577303182
9880,2.97989898989899,0.48676767676767674,0.0015794506317158821,0.1377843840116355
9881,2.97989898989899,0.4927272727272727,-0.0003610055790243793,0.1400974086648653
9882,2.97989898989899,0.4986868686868686,0.0005286870091764137,0.1413503118641472
9883,2.97989898989899,0.5046464646464646,8.873662833845986e-05,0.14311723068936083
9884,2.97989898989899,0.5106060606060605,0.0025309987120066047,0.14653841575861457
9885,2.97989898989899,0.5165656565656566,0.0008954965651822343,0.1453407879752878
9886,2.97989898989899,0.5225252525252525,0.0023509168174377123,0.14990168264920467
9887,2.97989898989899,0.5284848484848484,-0.00047380063436525105,0.15061050519810465
9888,2.97989898989899,0.5344444444444444,0.0009600421321104964,0.15309458963939165
9889,2.97989898989899,0.5404040404040403,-0.0005122299194102863,0.15202139201311557
9890,2.97989898989899,0.5463636363636363,0.0006885570799389587,0.15608863173436127
9891,2.97989898989899,0.5523232323232323,0.001860134973887596,0.15890376923168392
9892,2.97989898989899,0.5582828282828283,-0.0009420008696539757,0.1575334385585677
9893,2.97989898989899,0.5642424242424242,0.00019856162221428654,0.1612761085363224
9894,2.97989898989899,0.5702020202020202,0.0005351197874939244,0.162757000461531
9895,2.97989898989899,0.5761616161616161,-0.0009697721940811007,0.16229428676085747
9896,2.97989898989899,0.582121212121212,-0.0016842056483250382,0.1649257806047136
9897,2.97989898989899,0.588080808080808,0.0011320911114307173,0.16986347967447288
9898,2.97989898989899,0.594040404040404,0.003101153720636426,0.17117065545620344
9899,2.97989898989899,0.6,-0.00034492104603064835,0.16899079255522592
9900,3.0,0.01,-8.843161428683554e-06,0.002815960749337535
9901,3.0,0.01595959595959596,7.566738762867564e-06,0.004508729392819088
9902,3.0,0.021919191919191918,2.650654087930122e-05,0.00619353638895842
9903,3.0,0.027878787878787878,-1.958456990582611e-05,0.007856197762050194
9904,3.0,0.033838383838383834,-3.507315254317793e-05,0.0095093774351719
9905,3.0,0.0397979797979798,9.924423568021871e-05,0.01131223372849304
9906,3.0,0.045757575757575754,-0.00012507915873792447,0.012957913608481095
9907,3.0,0.05171717171717172,6.215729537646445e-05,0.014510739739734086
9908,3.0,0.05767676767676767,0.0005063413120037886,0.01630195379023505
9909,3.0,0.06363636363636363,7.435828545272506e-05,0.017949589944075566
9910,3.0,0.06959595959595959,-3.35866068764171e-05,0.019755125266189905
9911,3.0,0.07555555555555554,6.731953842969927e-05,0.021444628653576114
9912,3.0,0.0815151515151515,0.0004022929798540783,0.023108415747598098
9913,3.0,0.08747474747474746,0.00040438078711382407,0.02469648075922156
9914,3.0,0.09343434343434343,-0.00033624118459818107,0.026387256565361263
9915,3.0,0.09939393939393938,0.00014359947033386078,0.028322119926807898
9916,3.0,0.10535353535353534,-0.0003046753423508944,0.02963022187024011
9917,3.0,0.1113131313131313,0.0007840055611076807,0.030846931607033272
9918,3.0,0.11727272727272725,0.00013478807355362367,0.03348216954491179
9919,3.0,0.12323232323232322,-0.0001625177202495618,0.03454553227243985
9920,3.0,0.1291919191919192,-9.322700389168554e-05,0.03653287694787
9921,3.0,0.13515151515151513,0.00019247240107219798,0.03834718989266835
9922,3.0,0.1411111111111111,-0.00013336682471174456,0.03969773420370955
9923,3.0,0.14707070707070707,-0.0005915142545182082,0.04119758427796028
9924,3.0,0.15303030303030302,9.908117312386139e-05,0.04351796600299606
9925,3.0,0.158989898989899,0.0001262519291293839,0.044660212990260795
9926,3.0,0.16494949494949493,0.00024449862857982236,0.04657575380316946
9927,3.0,0.1709090909090909,-0.00039032433593355815,0.04814622945445969
9928,3.0,0.17686868686868687,0.000262844309996124,0.05015294274130239
9929,3.0,0.1828282828282828,-0.0016494582152592416,0.051792537899524496
9930,3.0,0.18878787878787878,-0.00010035083187546294,0.05321078573439692
9931,3.0,0.19474747474747472,-0.0002079760434123254,0.054776020763930164
9932,3.0,0.2007070707070707,0.00038642844026052223,0.056612049111255634
9933,3.0,0.20666666666666667,0.00047303886875180466,0.05871962292609461
9934,3.0,0.2126262626262626,-6.622297332399674e-05,0.059701397844059555
9935,3.0,0.21858585858585858,0.00020523845239465839,0.06092442520940104
9936,3.0,0.22454545454545452,2.2965977778072756e-05,0.06301499198054593
9937,3.0,0.2305050505050505,-0.0004253705401592537,0.0651170064337123
9938,3.0,0.23646464646464646,-8.190592062791957e-05,0.0671696037673999
9939,3.0,0.2424242424242424,0.0014922462068243999,0.06875698760055882
9940,3.0,0.24838383838383837,-0.0009282894381731279,0.06896292427938996
9941,3.0,0.2543434343434343,-0.00048310032290673177,0.07205991232647117
9942,3.0,0.26030303030303026,0.00023851057051479932,0.07162977762723043
9943,3.0,0.26626262626262626,-0.0003474480942170226,0.07496130996823334
9944,3.0,0.2722222222222222,0.0002998869495829147,0.07774140741286056
9945,3.0,0.27818181818181814,-7.165433528497074e-05,0.07933243690544364
9946,3.0,0.28414141414141414,0.0011330978396159163,0.08065329552997548
9947,3.0,0.2901010101010101,-0.0006743467778123625,0.0829607828650711
9948,3.0,0.296060606060606,-0.0005914002997338515,0.08426023275124478
9949,3.0,0.302020202020202,-0.0007892560348665727,0.0844236249142338
9950,3.0,0.30797979797979796,-0.0006748216137543034,0.08782844888900877
9951,3.0,0.3139393939393939,-0.0005540661600565495,0.08996708158466746
9952,3.0,0.31989898989898985,-0.000679969573723761,0.09136129996185668
9953,3.0,0.32585858585858585,-0.00025771255691023614,0.09214327194547828
9954,3.0,0.3318181818181818,-0.0012955658977596325,0.09371478835498069
9955,3.0,0.33777777777777773,-0.000662161374802464,0.09674073459952025
9956,3.0,0.34373737373737373,-0.0006491628219840816,0.09868943687176567
9957,3.0,0.3496969696969697,-3.1986168803314287e-06,0.09796166092550566
9958,3.0,0.3556565656565656,-0.0010092473695490483,0.10058524184580449
9959,3.0,0.3616161616161616,-1.4913712175675675e-05,0.10264229476751655
9960,3.0,0.36757575757575756,-0.0004976553052308899,0.10461890200455365
9961,3.0,0.3735353535353535,2.814106413306401e-05,0.10629438692855236
9962,3.0,0.37949494949494944,-0.00022582757889858787,0.10788478201234822
9963,3.0,0.38545454545454544,0.0008080403802179547,0.1090996464150893
9964,3.0,0.3914141414141414,-0.002275859202578107,0.1121662377254167
9965,3.0,0.3973737373737373,0.00045901116922515006,0.11316661895172658
9966,3.0,0.4033333333333333,0.00021605348732747008,0.11600972530602675
9967,3.0,0.40929292929292926,-0.001321573609270475,0.11762464716615167
9968,3.0,0.4152525252525252,0.0005522879788325511,0.1190114726527436
9969,3.0,0.42121212121212115,-0.00027118360477491475,0.12057545736367802
9970,3.0,0.42717171717171715,0.0011439290078030149,0.12009277388239778
9971,3.0,0.4331313131313131,0.0006909837835544984,0.12460113069061396
9972,3.0,0.43909090909090903,0.0014795209067157238,0.12627061525412206
9973,3.0,0.44505050505050503,-0.000646371046229188,0.1266622076323917
9974,3.0,0.45101010101010097,7.932499192413558e-05,0.12685148589058604
9975,3.0,0.4569696969696969,0.0011770806587790982,0.1289371729800227
9976,3.0,0.4629292929292929,-0.0006273159653893339,0.13234953175028766
9977,3.0,0.46888888888888886,-0.001556002732186786,0.13177489181711485
9978,3.0,0.4748484848484848,0.00045711534650094736,0.13629150548458957
9979,3.0,0.48080808080808074,0.0007846035806689514,0.13788221741646575
9980,3.0,0.48676767676767674,0.000846845312888064,0.14181188401727882
9981,3.0,0.4927272727272727,-0.0036651510655860086,0.13839879532512084
9982,3.0,0.4986868686868686,-0.0001697921424642617,0.14475273591466803
9983,3.0,0.5046464646464646,0.0009682600235180384,0.14458544235566284
9984,3.0,0.5106060606060605,0.0014613912717853907,0.14614370035901836
9985,3.0,0.5165656565656566,-0.0005052728127666861,0.14701236230019077
9986,3.0,0.5225252525252525,-0.0030326440302164636,0.14958335982596252
9987,3.0,0.5284848484848484,-0.0005690416632110548,0.15307378541962738
9988,3.0,0.5344444444444444,0.002591504984294338,0.15419768167564835
9989,3.0,0.5404040404040403,-0.001185827251037192,0.15435596094761225
9990,3.0,0.5463636363636363,0.0009519368356678353,0.156859574604252
9991,3.0,0.5523232323232323,-0.00032964210708337163,0.15601525317830456
9992,3.0,0.5582828282828283,-0.0021238924792321345,0.15802000730632823
9993,3.0,0.5642424242424242,-9.318711580052579e-05,0.16273568986426587
9994,3.0,0.5702020202020202,0.0022328376156777636,0.1649932655926835
9995,3.0,0.5761616161616161,0.0008520455217748312,0.16335093429995035
9996,3.0,0.582121212121212,0.0005627823779315154,0.16975959130226023
9997,3.0,0.588080808080808,-0.000889127552790739,0.1703169236900732
9998,3.0,0.594040404040404,0.0014050215350940058,0.17201470093315582
9999,3.0,0.6,0.00034331421937579536,0.17419511643154673
