,leverage,sigma,mean,std
0,1.01,0.01,1.918196767347613e-08,1.4050994557679706e-05
1,1.01,0.01595959595959596,-2.3429143853924695e-07,2.2562028467112038e-05
2,1.01,0.021919191919191918,1.4010633830625618e-07,3.0344954264920507e-05
3,1.01,0.027878787878787878,-5.228117838030899e-08,3.9103332405433326e-05
4,1.01,0.033838383838383834,7.093045390593744e-10,4.736270662248038e-05
5,1.01,0.0397979797979798,3.290451992585819e-08,5.51753143360805e-05
6,1.01,0.045757575757575754,-3.3979828432415536e-07,6.41483063470172e-05
7,1.01,0.05171717171717172,-8.532226277329857e-07,7.272473666816326e-05
8,1.01,0.05767676767676767,-3.2279747499107667e-07,8.096364446264607e-05
9,1.01,0.06363636363636363,-1.0444536038125007e-06,9.103948932238378e-05
10,1.01,0.06959595959595959,-1.1207563281024013e-06,9.739197180445329e-05
11,1.01,0.07555555555555554,4.3410152607250563e-07,0.00010600490148893828
12,1.01,0.0815151515151515,-7.588005459487457e-07,0.00011457188339045169
13,1.01,0.08747474747474746,-1.955102292259503e-06,0.00012364147763968235
14,1.01,0.09343434343434343,-3.8974243455008885e-07,0.00013242936293375644
15,1.01,0.09939393939393938,4.6331423343773936e-07,0.00014087989057083832
16,1.01,0.10535353535353534,4.5843798860394357e-07,0.0001479197456163739
17,1.01,0.1113131313131313,6.219990823856602e-07,0.00015583486587174126
18,1.01,0.11727272727272725,1.227627166497014e-06,0.0001643200396019799
19,1.01,0.12323232323232322,1.0977736358455115e-07,0.00017374695656428241
20,1.01,0.1291919191919192,1.2579471778397245e-06,0.00018091040147320353
21,1.01,0.13515151515151513,-2.4703144144872513e-06,0.00019010146924313174
22,1.01,0.1411111111111111,3.940395680001263e-07,0.00019944731836500317
23,1.01,0.14707070707070707,-2.2619369845318094e-06,0.00020760837892646114
24,1.01,0.15303030303030302,7.020946615095335e-07,0.00021558122777452874
25,1.01,0.158989898989899,3.4749340122763873e-07,0.00022559463487643666
26,1.01,0.16494949494949493,-1.364114655131865e-06,0.00022948103446128874
27,1.01,0.1709090909090909,4.769621660905444e-07,0.00024167579906268546
28,1.01,0.17686868686868687,-3.5317137004399757e-06,0.0002481491092920598
29,1.01,0.1828282828282828,-6.143755164304321e-07,0.00026379232385417004
30,1.01,0.18878787878787878,-9.18986451188053e-07,0.00026695051308459804
31,1.01,0.19474747474747472,2.3571232604581495e-06,0.00027304751108775236
32,1.01,0.2007070707070707,-1.1029495071103067e-06,0.0002853857103057254
33,1.01,0.20666666666666667,-1.9667432846167785e-06,0.0002867240978559882
34,1.01,0.2126262626262626,-7.181820192912247e-07,0.00029716250882190715
35,1.01,0.21858585858585858,1.6912434320809467e-06,0.0003090735399915227
36,1.01,0.22454545454545452,-1.9247229912289776e-06,0.00031783729301686106
37,1.01,0.2305050505050505,8.032240419110326e-07,0.00032703668068434006
38,1.01,0.23646464646464646,4.79286485944741e-07,0.0003349008391184276
39,1.01,0.2424242424242424,-2.2133804796593214e-06,0.0003412134577987758
40,1.01,0.24838383838383837,-2.5767590136792085e-06,0.0003496330333242698
41,1.01,0.2543434343434343,2.1254794190119218e-06,0.00036182092285580485
42,1.01,0.26030303030303026,9.143603685861645e-08,0.00036321553147910217
43,1.01,0.26626262626262626,1.8668553665247e-06,0.0003732196625536529
44,1.01,0.2722222222222222,-7.17220450984617e-06,0.0003829839867518373
45,1.01,0.27818181818181814,-2.1805558812949876e-06,0.0003914712144073204
46,1.01,0.28414141414141414,1.4990667330353368e-06,0.00040112762717455517
47,1.01,0.2901010101010101,-4.6888111124897544e-07,0.0004122264435658414
48,1.01,0.296060606060606,4.2783686439301636e-06,0.00042239639651782656
49,1.01,0.302020202020202,1.3491085579779848e-07,0.0004250979524419022
50,1.01,0.30797979797979796,-2.673154131978217e-06,0.0004352195634708996
51,1.01,0.3139393939393939,6.640041243333727e-07,0.000445824550390395
52,1.01,0.31989898989898985,-1.7117232904443224e-06,0.0004513847560052681
53,1.01,0.32585858585858585,-4.2108681405044203e-07,0.0004590174751465204
54,1.01,0.3318181818181818,-1.6717053925149993e-06,0.0004709491516044755
55,1.01,0.33777777777777773,7.242706926902831e-06,0.00047879765976837236
56,1.01,0.34373737373737373,4.807605018263683e-06,0.00048518557726667664
57,1.01,0.3496969696969697,-2.6875773867116705e-06,0.0004902848617050112
58,1.01,0.3556565656565656,3.702099354607946e-06,0.0005072455070552478
59,1.01,0.3616161616161616,6.419876047329975e-06,0.0005102446892243667
60,1.01,0.36757575757575756,-2.365560164529734e-06,0.0005174866566626392
61,1.01,0.3735353535353535,-6.267671701520105e-06,0.0005299916820922514
62,1.01,0.37949494949494944,-1.055951782891118e-06,0.000530801168454853
63,1.01,0.38545454545454544,-3.093230176160966e-06,0.0005365895187733065
64,1.01,0.3914141414141414,3.826035232206892e-06,0.0005543278506830684
65,1.01,0.3973737373737373,7.463281152138556e-06,0.0005662326747548279
66,1.01,0.4033333333333333,2.6802681416634444e-07,0.0005730194191517472
67,1.01,0.40929292929292926,5.582725439583591e-06,0.0005779714062838565
68,1.01,0.4152525252525252,-2.0690096484558882e-06,0.0005771161436131202
69,1.01,0.42121212121212115,-7.265847828476213e-06,0.0005937668868562656
70,1.01,0.42717171717171715,5.180709662998528e-06,0.0006044391311562623
71,1.01,0.4331313131313131,1.74387655806989e-06,0.0006115441340650982
72,1.01,0.43909090909090903,-3.872957148696432e-06,0.0006193188736979785
73,1.01,0.44505050505050503,-1.2518544596186899e-05,0.0006259089986138545
74,1.01,0.45101010101010097,-7.790541671092522e-06,0.0006389441867098072
75,1.01,0.4569696969696969,1.5408600602480283e-06,0.0006481157490247689
76,1.01,0.4629292929292929,-6.208630935562709e-06,0.0006501642284253571
77,1.01,0.46888888888888886,6.539605820045302e-06,0.0006568119370608216
78,1.01,0.4748484848484848,-1.5726724660884318e-06,0.0006696299122590058
79,1.01,0.48080808080808074,1.3009748734641346e-05,0.0006864789959673669
80,1.01,0.48676767676767674,-2.011447145236256e-06,0.0006910569052961718
81,1.01,0.4927272727272727,-1.6893896798346896e-05,0.0006944377417811287
82,1.01,0.4986868686868686,-1.929349223959231e-06,0.0007012991681669976
83,1.01,0.5046464646464646,-4.2787199878471015e-06,0.000714763835717951
84,1.01,0.5106060606060605,-1.3336385874077395e-05,0.0007205351816571236
85,1.01,0.5165656565656566,7.818566078334488e-06,0.0007258902174217471
86,1.01,0.5225252525252525,1.405034832721175e-06,0.000731624027697414
87,1.01,0.5284848484848484,1.430711845715087e-05,0.0007511337322510034
88,1.01,0.5344444444444444,1.9743115384236452e-06,0.0007576849398445504
89,1.01,0.5404040404040403,3.6357778893551627e-06,0.000770980190556589
90,1.01,0.5463636363636363,-2.605609926692876e-06,0.0007682669182991612
91,1.01,0.5523232323232323,-2.276676211984352e-07,0.0007969244604538325
92,1.01,0.5582828282828283,1.955870540310327e-05,0.0008012797798306709
93,1.01,0.5642424242424242,-9.754814561988946e-06,0.0007990977166848425
94,1.01,0.5702020202020202,6.039650485664539e-06,0.0008108298080241279
95,1.01,0.5761616161616161,5.053516326069641e-06,0.0008151502770134787
96,1.01,0.582121212121212,-1.1520978837184382e-05,0.0008203099715246512
97,1.01,0.588080808080808,-1.4877222483841368e-05,0.0008337855851547609
98,1.01,0.594040404040404,1.6363656084279555e-05,0.0008397724639531023
99,1.01,0.6,4.164363034142893e-06,0.0008529242812893004
100,1.0301010101010102,0.01,-9.098736556147902e-08,4.206277708313921e-05
101,1.0301010101010102,0.01595959595959596,9.522247525132199e-08,6.775354787583132e-05
102,1.0301010101010102,0.021919191919191918,5.730264710930078e-07,9.219420012843769e-05
103,1.0301010101010102,0.027878787878787878,1.1865076665089847e-06,0.00011885446651043754
104,1.0301010101010102,0.033838383838383834,-1.251472597871306e-06,0.0001429794305833155
105,1.0301010101010102,0.0397979797979798,3.2110609870332097e-06,0.0001680518433241428
106,1.0301010101010102,0.045757575757575754,6.897705555734435e-07,0.0001967181649473541
107,1.0301010101010102,0.05171717171717172,-3.2659120067979996e-06,0.00021947516355585797
108,1.0301010101010102,0.05767676767676767,-3.0836838135198883e-06,0.00024301631066443624
109,1.0301010101010102,0.06363636363636363,3.7982172797233594e-06,0.0002702887090793324
110,1.0301010101010102,0.06959595959595959,4.505862533516647e-06,0.00029255959331435323
111,1.0301010101010102,0.07555555555555554,-6.998194407847658e-07,0.00032249830416961127
112,1.0301010101010102,0.0815151515151515,1.609201899983037e-06,0.00034270388122046355
113,1.0301010101010102,0.08747474747474746,2.5448314640423186e-06,0.00037188772059750566
114,1.0301010101010102,0.09343434343434343,5.9904216140386545e-06,0.0003986883826239516
115,1.0301010101010102,0.09939393939393938,5.466204451579637e-06,0.0004260030654822073
116,1.0301010101010102,0.10535353535353534,-2.013047787469624e-06,0.00044709033284338857
117,1.0301010101010102,0.1113131313131313,1.1960850931736266e-06,0.0004699172094567957
118,1.0301010101010102,0.11727272727272725,2.6947342001472306e-06,0.000498415108978297
119,1.0301010101010102,0.12323232323232322,1.920000173047387e-06,0.000521782958316664
120,1.0301010101010102,0.1291919191919192,-2.3982786414846302e-06,0.0005447385734551135
121,1.0301010101010102,0.13515151515151513,5.375257091703645e-06,0.0005674096180488587
122,1.0301010101010102,0.1411111111111111,1.4046729832746907e-06,0.0006039649015571086
123,1.0301010101010102,0.14707070707070707,2.741299729528579e-06,0.0006172941439000148
124,1.0301010101010102,0.15303030303030302,-6.349923244776013e-06,0.0006462947711572549
125,1.0301010101010102,0.158989898989899,-1.4540236565089626e-06,0.0006755039764653438
126,1.0301010101010102,0.16494949494949493,4.816983950034381e-06,0.0006967434314258671
127,1.0301010101010102,0.1709090909090909,-1.8185132177291008e-06,0.0007278000615381897
128,1.0301010101010102,0.17686868686868687,-2.8789079440942224e-06,0.0007529303463602046
129,1.0301010101010102,0.1828282828282828,1.7451738377574655e-05,0.0007781636750357809
130,1.0301010101010102,0.18878787878787878,-4.595610905331582e-06,0.0008020515302300629
131,1.0301010101010102,0.19474747474747472,4.787231356865273e-06,0.0008218319693673292
132,1.0301010101010102,0.2007070707070707,3.6537522687100645e-06,0.000854256912217171
133,1.0301010101010102,0.20666666666666667,-3.9124127818886965e-06,0.0008705267032579272
134,1.0301010101010102,0.2126262626262626,8.308235816215692e-06,0.0009021509318126325
135,1.0301010101010102,0.21858585858585858,6.317587624189702e-06,0.000930908781507354
136,1.0301010101010102,0.22454545454545452,-1.041663620107004e-05,0.0009586643532247162
137,1.0301010101010102,0.2305050505050505,-1.4925232958974689e-05,0.0009852021311668182
138,1.0301010101010102,0.23646464646464646,4.653137597554669e-06,0.0010060038888085865
139,1.0301010101010102,0.2424242424242424,9.327818332275484e-06,0.001035317537991373
140,1.0301010101010102,0.24838383838383837,-1.883864595569007e-06,0.0010544718415792821
141,1.0301010101010102,0.2543434343434343,-3.3935421504023512e-06,0.00107984184480359
142,1.0301010101010102,0.26030303030303026,-6.236213361197962e-06,0.0011035640794553677
143,1.0301010101010102,0.26626262626262626,7.635421632993988e-06,0.0011444979367683942
144,1.0301010101010102,0.2722222222222222,-1.0201815726337526e-05,0.0011407088635872647
145,1.0301010101010102,0.27818181818181814,-8.888004748076061e-06,0.001168779683162316
146,1.0301010101010102,0.28414141414141414,4.904303331066562e-06,0.0012212211230785183
147,1.0301010101010102,0.2901010101010101,-1.4561800263906266e-05,0.0012235183805909136
148,1.0301010101010102,0.296060606060606,-3.851958782752718e-06,0.0012574920512484326
149,1.0301010101010102,0.302020202020202,-1.5527467882109537e-05,0.001270979872107352
150,1.0301010101010102,0.30797979797979796,-3.865564059489401e-06,0.0012904764196918325
151,1.0301010101010102,0.3139393939393939,-6.545174354961391e-06,0.0013149869964977935
152,1.0301010101010102,0.31989898989898985,-1.5083971772976068e-05,0.001362595190425891
153,1.0301010101010102,0.32585858585858585,-1.168262677228069e-05,0.0013774108497887105
154,1.0301010101010102,0.3318181818181818,-2.1244659223848837e-05,0.0014142177542454688
155,1.0301010101010102,0.33777777777777773,2.063826482902764e-06,0.0014275494810033287
156,1.0301010101010102,0.34373737373737373,1.4443710996851023e-05,0.0014507756011616173
157,1.0301010101010102,0.3496969696969697,-1.3169936642122771e-05,0.00149028806500264
158,1.0301010101010102,0.3556565656565656,1.6716058299674354e-05,0.0014946299097753442
159,1.0301010101010102,0.3616161616161616,1.6875929966844773e-05,0.0015416033499296349
160,1.0301010101010102,0.36757575757575756,1.8122694816436757e-05,0.001556793314348874
161,1.0301010101010102,0.3735353535353535,7.098588174281039e-06,0.0016088678501247147
162,1.0301010101010102,0.37949494949494944,4.24177779505942e-06,0.0016122165473272322
163,1.0301010101010102,0.38545454545454544,5.554450049193904e-06,0.0016394731545369173
164,1.0301010101010102,0.3914141414141414,1.1700923289668996e-05,0.0016479656418530726
165,1.0301010101010102,0.3973737373737373,-9.325212498787394e-06,0.0017094455778887158
166,1.0301010101010102,0.4033333333333333,-1.371549578070459e-05,0.0017231719115313824
167,1.0301010101010102,0.40929292929292926,7.96236519403748e-06,0.0017365973413575873
168,1.0301010101010102,0.4152525252525252,-1.474728146632922e-05,0.0017687744697548373
169,1.0301010101010102,0.42121212121212115,1.8735958245020455e-05,0.001800833118214335
170,1.0301010101010102,0.42717171717171715,1.6437539342869213e-05,0.0018125662519315913
171,1.0301010101010102,0.4331313131313131,-3.93345171536994e-05,0.001847496388411556
172,1.0301010101010102,0.43909090909090903,7.591953390300388e-07,0.0018588830094785009
173,1.0301010101010102,0.44505050505050503,-1.2036620739937243e-05,0.0018917721691549772
174,1.0301010101010102,0.45101010101010097,3.360889230675024e-06,0.001912052908545084
175,1.0301010101010102,0.4569696969696969,-1.780309487801509e-05,0.0019387295117235465
176,1.0301010101010102,0.4629292929292929,-1.6876217616421606e-05,0.0019793601767512247
177,1.0301010101010102,0.46888888888888886,1.805736537623337e-06,0.002029384185175279
178,1.0301010101010102,0.4748484848484848,-6.866064502194858e-06,0.00200163364200207
179,1.0301010101010102,0.48080808080808074,5.674601275018632e-06,0.002048296903978039
180,1.0301010101010102,0.48676767676767674,5.6948526527488274e-05,0.002097806468742297
181,1.0301010101010102,0.4927272727272727,5.3014917215165265e-06,0.0021282913217856303
182,1.0301010101010102,0.4986868686868686,3.4150217642903865e-05,0.002118215689670068
183,1.0301010101010102,0.5046464646464646,-3.571764230206331e-05,0.0021242129073194924
184,1.0301010101010102,0.5106060606060605,3.264839143665178e-05,0.002169932631691535
185,1.0301010101010102,0.5165656565656566,8.954883693933668e-06,0.002217214496588073
186,1.0301010101010102,0.5225252525252525,3.932962270136087e-06,0.002224723747444515
187,1.0301010101010102,0.5284848484848484,2.1465773599066308e-05,0.0022512810839381498
188,1.0301010101010102,0.5344444444444444,-8.832145103215994e-06,0.0022605410462726164
189,1.0301010101010102,0.5404040404040403,2.8555660791118553e-05,0.00229792960720975
190,1.0301010101010102,0.5463636363636363,-5.369862643100698e-06,0.002329193550608756
191,1.0301010101010102,0.5523232323232323,-4.41984929783391e-05,0.0023504802322888737
192,1.0301010101010102,0.5582828282828283,3.960241167505509e-05,0.002385161638197826
193,1.0301010101010102,0.5642424242424242,-3.1838329679255964e-05,0.0024310161018806843
194,1.0301010101010102,0.5702020202020202,-8.119676905808427e-06,0.0024321377553250304
195,1.0301010101010102,0.5761616161616161,-2.6332567953472475e-05,0.0024443370332547774
196,1.0301010101010102,0.582121212121212,4.140419021335026e-05,0.0024968864389524515
197,1.0301010101010102,0.588080808080808,-1.5351917351269507e-08,0.0024743090582081744
198,1.0301010101010102,0.594040404040404,3.214230311764315e-05,0.002542024082173887
199,1.0301010101010102,0.6,5.505987901436028e-05,0.002596038307843047
200,1.0502020202020201,0.01,7.298251611958073e-07,7.039224950168e-05
201,1.0502020202020201,0.01595959595959596,2.7729501052180526e-07,0.0001114435840612913
202,1.0502020202020201,0.021919191919191918,1.8190293286221017e-07,0.00015580134061084406
203,1.0502020202020201,0.027878787878787878,-1.2530109230353582e-06,0.00019628760870943676
204,1.0502020202020201,0.033838383838383834,6.577685394419719e-07,0.0002393153153985098
205,1.0502020202020201,0.0397979797979798,-2.4786524042114235e-06,0.0002835393552309872
206,1.0502020202020201,0.045757575757575754,-4.057720690821865e-06,0.00032420530123219424
207,1.0502020202020201,0.05171717171717172,-1.4348567877038643e-06,0.0003679888598949106
208,1.0502020202020201,0.05767676767676767,-1.663691484111096e-06,0.00040275997716662467
209,1.0502020202020201,0.06363636363636363,1.5837303477189146e-06,0.0004499934143358573
210,1.0502020202020201,0.06959595959595959,-3.050496881758602e-06,0.0004958813476948736
211,1.0502020202020201,0.07555555555555554,-1.630956751142132e-06,0.0005288329556022747
212,1.0502020202020201,0.0815151515151515,-4.679486947378298e-06,0.0005786492057497199
213,1.0502020202020201,0.08747474747474746,-1.9987547211256508e-06,0.0006167441711130665
214,1.0502020202020201,0.09343434343434343,7.06079522757197e-06,0.0006699354666765454
215,1.0502020202020201,0.09939393939393938,-2.3057671424253855e-06,0.0006999705495028596
216,1.0502020202020201,0.10535353535353534,1.8807062617985136e-05,0.0007513767680985078
217,1.0502020202020201,0.1113131313131313,9.582683647275069e-06,0.0007876994934841282
218,1.0502020202020201,0.11727272727272725,-1.9514022341689974e-06,0.0008125653400048337
219,1.0502020202020201,0.12323232323232322,-1.5592890252561474e-05,0.0008805388868812255
220,1.0502020202020201,0.1291919191919192,-1.951167618282146e-06,0.0009154720712557453
221,1.0502020202020201,0.13515151515151513,3.940888480066962e-06,0.0009471795410070325
222,1.0502020202020201,0.1411111111111111,4.7528636744046615e-06,0.001004535661004838
223,1.0502020202020201,0.14707070707070707,2.005549951002039e-06,0.0010371440341853558
224,1.0502020202020201,0.15303030303030302,4.587345445477442e-06,0.0010809390620315014
225,1.0502020202020201,0.158989898989899,-2.350461617680948e-05,0.001126445959877317
226,1.0502020202020201,0.16494949494949493,-3.4601214847300832e-06,0.0011836947608052945
227,1.0502020202020201,0.1709090909090909,-4.60557483058931e-06,0.0012080719603559718
228,1.0502020202020201,0.17686868686868687,-1.5672329515695903e-05,0.0012512498018317365
229,1.0502020202020201,0.1828282828282828,-1.5794474413849834e-05,0.0012937330554279225
230,1.0502020202020201,0.18878787878787878,6.226152534922469e-06,0.0013392685368877992
231,1.0502020202020201,0.19474747474747472,-9.98853103629237e-06,0.0013786542472305988
232,1.0502020202020201,0.2007070707070707,1.479402148111698e-05,0.0014318096963928152
233,1.0502020202020201,0.20666666666666667,2.222126696462523e-06,0.0014569919923681856
234,1.0502020202020201,0.2126262626262626,-2.216933611807167e-05,0.001487059682875399
235,1.0502020202020201,0.21858585858585858,8.839422606087243e-06,0.001559348158464417
236,1.0502020202020201,0.22454545454545452,3.874389185517501e-06,0.0015762653448374842
237,1.0502020202020201,0.2305050505050505,-2.1274537050619326e-06,0.0016284336813942536
238,1.0502020202020201,0.23646464646464646,1.9566767532751994e-06,0.0016752741103701128
239,1.0502020202020201,0.2424242424242424,-1.3495775292520152e-05,0.0017253612098111926
240,1.0502020202020201,0.24838383838383837,4.0749065085807e-06,0.0017697862982338007
241,1.0502020202020201,0.2543434343434343,3.923393819299401e-05,0.0017797587195394363
242,1.0502020202020201,0.26030303030303026,-1.1815214053375488e-06,0.001832130378956842
243,1.0502020202020201,0.26626262626262626,2.405339667141503e-05,0.0019103062804023741
244,1.0502020202020201,0.2722222222222222,-5.483050649716547e-07,0.0019114365768848247
245,1.0502020202020201,0.27818181818181814,8.727387600783832e-06,0.001968845344575387
246,1.0502020202020201,0.28414141414141414,1.4191491176362182e-05,0.002017946456656612
247,1.0502020202020201,0.2901010101010101,-2.6652757813347972e-06,0.002061611522819043
248,1.0502020202020201,0.296060606060606,2.629309102593618e-05,0.0021103343905209703
249,1.0502020202020201,0.302020202020202,-7.655299367432911e-06,0.0021345011501407328
250,1.0502020202020201,0.30797979797979796,1.0638042499391908e-05,0.0021730278734704432
251,1.0502020202020201,0.3139393939393939,-2.091007780996751e-05,0.002211983604941043
252,1.0502020202020201,0.31989898989898985,-6.838851872756313e-06,0.002266517252710642
253,1.0502020202020201,0.32585858585858585,1.5815135350573086e-05,0.0023251087957277044
254,1.0502020202020201,0.3318181818181818,-7.5589321388315315e-06,0.002331042960609713
255,1.0502020202020201,0.33777777777777773,-3.098778848770612e-05,0.0023897041279274003
256,1.0502020202020201,0.34373737373737373,-2.243968240497647e-05,0.002473016811906261
257,1.0502020202020201,0.3496969696969697,1.7231129413419222e-05,0.002474531669182515
258,1.0502020202020201,0.3556565656565656,8.852450351632513e-07,0.0025209912115850093
259,1.0502020202020201,0.3616161616161616,2.247997872724704e-05,0.0025947226110064657
260,1.0502020202020201,0.36757575757575756,-1.982766176601678e-05,0.002622400360522725
261,1.0502020202020201,0.3735353535353535,-3.7689388245861585e-05,0.0025977051016869567
262,1.0502020202020201,0.37949494949494944,1.73426455295711e-05,0.0027091422285911515
263,1.0502020202020201,0.38545454545454544,-6.660091933637846e-06,0.0027152685140188703
264,1.0502020202020201,0.3914141414141414,-1.0554468618677692e-05,0.0027570659518998896
265,1.0502020202020201,0.3973737373737373,2.0770501563723997e-05,0.0028342469329068177
266,1.0502020202020201,0.4033333333333333,-1.4001257720860193e-05,0.002882576987962573
267,1.0502020202020201,0.40929292929292926,-3.111316240857254e-05,0.002958957290075886
268,1.0502020202020201,0.4152525252525252,3.7582553878209526e-05,0.002948353032161662
269,1.0502020202020201,0.42121212121212115,4.926371531200976e-05,0.002992957290506219
270,1.0502020202020201,0.42717171717171715,1.6363023684773736e-05,0.0030200576568863336
271,1.0502020202020201,0.4331313131313131,1.1729000604584061e-05,0.003060763752003687
272,1.0502020202020201,0.43909090909090903,-6.33410851896826e-05,0.003117487585346695
273,1.0502020202020201,0.44505050505050503,-1.7905252862170217e-05,0.003137683768926787
274,1.0502020202020201,0.45101010101010097,-4.863572721135634e-06,0.0031781097526068693
275,1.0502020202020201,0.4569696969696969,1.2245485632297526e-05,0.0032827278120816034
276,1.0502020202020201,0.4629292929292929,6.247778020302375e-06,0.0032539606915683006
277,1.0502020202020201,0.46888888888888886,-8.52855395307036e-06,0.0033219018166396256
278,1.0502020202020201,0.4748484848484848,2.8158956323043606e-05,0.0034261540087108483
279,1.0502020202020201,0.48080808080808074,6.410124919906479e-05,0.0034301878692129533
280,1.0502020202020201,0.48676767676767674,-2.591318192796266e-06,0.0034430948716715954
281,1.0502020202020201,0.4927272727272727,-1.6723241245271493e-05,0.003498907196468441
282,1.0502020202020201,0.4986868686868686,3.337513788017015e-05,0.0035157347311399983
283,1.0502020202020201,0.5046464646464646,-1.149363979770005e-05,0.0035564838608797447
284,1.0502020202020201,0.5106060606060605,2.0962701703295818e-05,0.003641011552655459
285,1.0502020202020201,0.5165656565656566,-1.4485304431658442e-05,0.003622204486042343
286,1.0502020202020201,0.5225252525252525,-6.025197708645794e-05,0.003747814569381121
287,1.0502020202020201,0.5284848484848484,5.5611357754929834e-05,0.0037448321469042705
288,1.0502020202020201,0.5344444444444444,3.4188162510581664e-05,0.0038526367400897443
289,1.0502020202020201,0.5404040404040403,1.458699001739503e-05,0.0038661190200505254
290,1.0502020202020201,0.5463636363636363,7.479634687318147e-05,0.0038939564526201042
291,1.0502020202020201,0.5523232323232323,-4.540722537668563e-05,0.003963058865129565
292,1.0502020202020201,0.5582828282828283,-2.4530022797654704e-06,0.003948356506608409
293,1.0502020202020201,0.5642424242424242,-6.035108303526393e-06,0.004017426419943251
294,1.0502020202020201,0.5702020202020202,3.079088945034649e-05,0.00407783865207387
295,1.0502020202020201,0.5761616161616161,-8.975388908709228e-05,0.004070334050134794
296,1.0502020202020201,0.582121212121212,-2.3499138695557277e-05,0.0041399916546052355
297,1.0502020202020201,0.588080808080808,2.7975427407957397e-05,0.004215974647769972
298,1.0502020202020201,0.594040404040404,-2.1638665462453187e-05,0.004203730924507469
299,1.0502020202020201,0.6,-5.080261171773955e-05,0.004299929003635238
300,1.0703030303030303,0.01,1.7392756077801997e-07,9.974635479104976e-05
301,1.0703030303030303,0.01595959595959596,2.868388761357865e-06,0.00015828029964650594
302,1.0703030303030303,0.021919191919191918,-2.9693525829123435e-06,0.0002196178977922299
303,1.0703030303030303,0.027878787878787878,3.1458739044217144e-06,0.0002736224947139928
304,1.0703030303030303,0.033838383838383834,3.568788794693267e-06,0.0003351541195491389
305,1.0703030303030303,0.0397979797979798,-4.571504140148252e-06,0.000397586989535109
306,1.0703030303030303,0.045757575757575754,7.2438545175789736e-06,0.0004507096606411709
307,1.0703030303030303,0.05171717171717172,3.238082432255762e-06,0.0005084033830843535
308,1.0703030303030303,0.05767676767676767,-1.118625455536435e-05,0.0005699292052669639
309,1.0703030303030303,0.06363636363636363,1.731859458287155e-06,0.0006267389067412918
310,1.0703030303030303,0.06959595959595959,3.914071354192139e-06,0.0006832751017521292
311,1.0703030303030303,0.07555555555555554,-1.1033067265517027e-05,0.0007503411199652255
312,1.0703030303030303,0.0815151515151515,1.4590154936287503e-05,0.000813834873126251
313,1.0703030303030303,0.08747474747474746,-6.471948227270596e-07,0.0008563954180669833
314,1.0703030303030303,0.09343434343434343,8.325706125830868e-06,0.0009187487031778878
315,1.0703030303030303,0.09939393939393938,-1.0658642578364196e-05,0.0009894236198189372
316,1.0703030303030303,0.10535353535353534,3.1639106895573032e-06,0.001050100458022369
317,1.0703030303030303,0.1113131313131313,-2.9009277567332183e-06,0.0011027112662123743
318,1.0703030303030303,0.11727272727272725,6.2419402472233654e-06,0.0011633909325416
319,1.0703030303030303,0.12323232323232322,9.259507307634973e-06,0.0012067702755078566
320,1.0703030303030303,0.1291919191919192,-1.4883942363738035e-05,0.001285560516148431
321,1.0703030303030303,0.13515151515151513,1.2948564729540113e-05,0.0013437695007929222
322,1.0703030303030303,0.1411111111111111,1.6993430666540564e-05,0.0014070015427526204
323,1.0703030303030303,0.14707070707070707,-5.181691985507964e-06,0.0014532510246485835
324,1.0703030303030303,0.15303030303030302,-1.840461967648006e-05,0.0015141102863760485
325,1.0703030303030303,0.158989898989899,3.152004420388728e-05,0.0015734139254041607
326,1.0703030303030303,0.16494949494949493,-3.706320957069039e-05,0.0016494481865129207
327,1.0703030303030303,0.1709090909090909,-1.0475712860896025e-05,0.0017003540241027444
328,1.0703030303030303,0.17686868686868687,-5.903645245993072e-06,0.0017683797341999283
329,1.0703030303030303,0.1828282828282828,-1.3054108652080821e-05,0.0018098136579689215
330,1.0703030303030303,0.18878787878787878,-2.094699877008379e-05,0.001863282145677606
331,1.0703030303030303,0.19474747474747472,1.2895649482762306e-05,0.0019298830109388933
332,1.0703030303030303,0.2007070707070707,-1.3721577981801624e-06,0.0019829293412421596
333,1.0703030303030303,0.20666666666666667,3.786512895123625e-05,0.002061942989207704
334,1.0703030303030303,0.2126262626262626,1.973452416836926e-05,0.0021420455306047984
335,1.0703030303030303,0.21858585858585858,-1.0999585649988963e-05,0.0021578429855622075
336,1.0703030303030303,0.22454545454545452,2.6676749072328532e-05,0.002243317933103373
337,1.0703030303030303,0.2305050505050505,5.774019789294038e-07,0.002263520305659379
338,1.0703030303030303,0.23646464646464646,-1.163475653646706e-05,0.0023471227212050684
339,1.0703030303030303,0.2424242424242424,-1.3391258914222205e-05,0.002412189454786124
340,1.0703030303030303,0.24838383838383837,-4.8727134754537825e-06,0.002468210211678919
341,1.0703030303030303,0.2543434343434343,3.561567430768253e-05,0.002532735327459687
342,1.0703030303030303,0.26030303030303026,-9.356335882003475e-06,0.0025807033883053047
343,1.0703030303030303,0.26626262626262626,-7.374494398089993e-06,0.0026411204018284345
344,1.0703030303030303,0.2722222222222222,-9.30286219258959e-06,0.002721171850002034
345,1.0703030303030303,0.27818181818181814,-7.032313888786801e-06,0.0027372322389223975
346,1.0703030303030303,0.28414141414141414,4.360412509551258e-05,0.002825317000857087
347,1.0703030303030303,0.2901010101010101,-5.503203109003074e-05,0.002891232438588228
348,1.0703030303030303,0.296060606060606,1.0855378837598495e-05,0.0029213163000777922
349,1.0703030303030303,0.302020202020202,2.4022650881452723e-06,0.002989770964883765
350,1.0703030303030303,0.30797979797979796,1.9517253860969375e-05,0.0030754706277721744
351,1.0703030303030303,0.3139393939393939,5.126822753314201e-05,0.003133759553779509
352,1.0703030303030303,0.31989898989898985,-4.3266376762850975e-05,0.0031692224918325636
353,1.0703030303030303,0.32585858585858585,-5.299758056843504e-05,0.0032157775071092074
354,1.0703030303030303,0.3318181818181818,3.795157652077364e-05,0.0032946035436728104
355,1.0703030303030303,0.33777777777777773,-1.0385138597629684e-06,0.0033340105099156675
356,1.0703030303030303,0.34373737373737373,-4.4650886108995534e-05,0.0033853871558157766
357,1.0703030303030303,0.3496969696969697,2.079861244763078e-05,0.003458414949502259
358,1.0703030303030303,0.3556565656565656,-2.6694394854174787e-05,0.003554733586819567
359,1.0703030303030303,0.3616161616161616,3.2306433558021263e-05,0.003605312782390804
360,1.0703030303030303,0.36757575757575756,3.621835974304003e-05,0.0036813954822045784
361,1.0703030303030303,0.3735353535353535,6.564837323052486e-05,0.0037217371471664077
362,1.0703030303030303,0.37949494949494944,-2.5979231617142108e-06,0.0038166327184613936
363,1.0703030303030303,0.38545454545454544,1.0796696164255459e-05,0.003836515696992842
364,1.0703030303030303,0.3914141414141414,-8.798194480800055e-05,0.003860712554375862
365,1.0703030303030303,0.3973737373737373,-1.4610800617098585e-05,0.003975255474977557
366,1.0703030303030303,0.4033333333333333,3.0392173018514568e-05,0.004092072129655444
367,1.0703030303030303,0.40929292929292926,1.408958463932255e-05,0.004051865440588463
368,1.0703030303030303,0.4152525252525252,-1.396487627302523e-06,0.00410773182243708
369,1.0703030303030303,0.42121212121212115,-5.529616862231931e-05,0.004205321169680734
370,1.0703030303030303,0.42717171717171715,3.3593560894380456e-05,0.00423610299475319
371,1.0703030303030303,0.4331313131313131,-7.246783620375019e-06,0.004264850502420218
372,1.0703030303030303,0.43909090909090903,-1.485269049525284e-07,0.0043451646387829
373,1.0703030303030303,0.44505050505050503,2.6284051413744157e-05,0.004421889765828396
374,1.0703030303030303,0.45101010101010097,-3.202806505648376e-05,0.004498226917986684
375,1.0703030303030303,0.4569696969696969,-2.299211787208858e-05,0.004574389408741961
376,1.0703030303030303,0.4629292929292929,-2.0976193960163903e-05,0.004618178687610797
377,1.0703030303030303,0.46888888888888886,-7.206101076526428e-06,0.00467163962628362
378,1.0703030303030303,0.4748484848484848,8.064658788834588e-06,0.004749205245390411
379,1.0703030303030303,0.48080808080808074,-3.4019908670147593e-06,0.004744802132709404
380,1.0703030303030303,0.48676767676767674,-4.4218647852962035e-05,0.0047822322374949456
381,1.0703030303030303,0.4927272727272727,-8.883222763631234e-05,0.004866234891189754
382,1.0703030303030303,0.4986868686868686,2.1352956163322457e-05,0.00491759293652581
383,1.0703030303030303,0.5046464646464646,-7.632881139600922e-07,0.005019101762086341
384,1.0703030303030303,0.5106060606060605,-1.4964021139922567e-05,0.005121944443304163
385,1.0703030303030303,0.5165656565656566,-8.543872647143625e-07,0.005162164757093044
386,1.0703030303030303,0.5225252525252525,7.528951474865915e-05,0.005214721598190614
387,1.0703030303030303,0.5284848484848484,1.256643800839885e-05,0.005217119109995397
388,1.0703030303030303,0.5344444444444444,3.432198679398895e-05,0.005332798219250883
389,1.0703030303030303,0.5404040404040403,-5.407243445062189e-05,0.005359616096837717
390,1.0703030303030303,0.5463636363636363,4.987024658803833e-05,0.00540109561339263
391,1.0703030303030303,0.5523232323232323,3.5273068387480153e-05,0.005462356803811048
392,1.0703030303030303,0.5582828282828283,-1.084991241998432e-05,0.005552335894996431
393,1.0703030303030303,0.5642424242424242,-2.3275855123479527e-05,0.005664162957016423
394,1.0703030303030303,0.5702020202020202,-2.945089411386067e-05,0.005717741939476428
395,1.0703030303030303,0.5761616161616161,-7.997741157493876e-06,0.005698419340475576
396,1.0703030303030303,0.582121212121212,8.291462426298736e-05,0.005804219838399096
397,1.0703030303030303,0.588080808080808,1.0638026060941564e-05,0.005827924499035391
398,1.0703030303030303,0.594040404040404,9.411762886882352e-05,0.005944546900504373
399,1.0703030303030303,0.6,-6.091616264463424e-05,0.005937503708695422
400,1.0904040404040405,0.01,-1.5664952535751064e-06,0.0001262765487314411
401,1.0904040404040405,0.01595959595959596,2.2025172013224846e-06,0.0002067328192715266
402,1.0904040404040405,0.021919191919191918,3.28259647455742e-07,0.00028190476054155283
403,1.0904040404040405,0.027878787878787878,-1.3698626067763841e-06,0.0003585636246647663
404,1.0904040404040405,0.033838383838383834,-5.084946311300853e-07,0.0004302650110530013
405,1.0904040404040405,0.0397979797979798,-1.112328663321005e-06,0.000498489374258949
406,1.0904040404040405,0.045757575757575754,1.5096268794503654e-06,0.0005824333109324274
407,1.0904040404040405,0.05171717171717172,3.0248618417546225e-06,0.0006571282786106674
408,1.0904040404040405,0.05767676767676767,-2.1319351637312355e-06,0.0007346899204245982
409,1.0904040404040405,0.06363636363636363,-4.256450443879855e-06,0.0008099794136137524
410,1.0904040404040405,0.06959595959595959,6.158734543059319e-06,0.0008869166599973443
411,1.0904040404040405,0.07555555555555554,-7.198371757960232e-07,0.0009601650881575568
412,1.0904040404040405,0.0815151515151515,-2.693221039438476e-06,0.0010405095169355968
413,1.0904040404040405,0.08747474747474746,-7.362365589677467e-06,0.0011180827738022103
414,1.0904040404040405,0.09343434343434343,1.5052374306228434e-05,0.001182041958099217
415,1.0904040404040405,0.09939393939393938,-2.9563055593956543e-05,0.001271444384055241
416,1.0904040404040405,0.10535353535353534,-1.934828398462586e-05,0.0013433293453677996
417,1.0904040404040405,0.1113131313131313,-1.7593512330892136e-05,0.0014188086455539613
418,1.0904040404040405,0.11727272727272725,2.8325408286697497e-06,0.0014984800826334315
419,1.0904040404040405,0.12323232323232322,9.705235281208236e-06,0.0015682019318447205
420,1.0904040404040405,0.1291919191919192,1.616813027406462e-05,0.0016345875008085817
421,1.0904040404040405,0.13515151515151513,-2.9812871397305084e-05,0.00171861850819559
422,1.0904040404040405,0.1411111111111111,4.722255150820465e-06,0.0017902745696857898
423,1.0904040404040405,0.14707070707070707,2.0859198482977536e-05,0.0018839970445144601
424,1.0904040404040405,0.15303030303030302,-6.233993865391085e-06,0.001945428912936916
425,1.0904040404040405,0.158989898989899,1.3284025948225187e-05,0.0020276986204835912
426,1.0904040404040405,0.16494949494949493,7.574902653174664e-06,0.00212595462514923
427,1.0904040404040405,0.1709090909090909,-1.556408079381284e-05,0.0021859629033782048
428,1.0904040404040405,0.17686868686868687,4.843665975077482e-06,0.002249947922904302
429,1.0904040404040405,0.1828282828282828,1.7634750942674594e-05,0.0023336389889289442
430,1.0904040404040405,0.18878787878787878,-3.3656005696146216e-05,0.002399916570461155
431,1.0904040404040405,0.19474747474747472,-1.604194580182596e-05,0.0024958875755552454
432,1.0904040404040405,0.2007070707070707,5.667296722431624e-05,0.002563029666358956
433,1.0904040404040405,0.20666666666666667,4.548284227028865e-06,0.0026454862506105877
434,1.0904040404040405,0.2126262626262626,3.9911840942420196e-05,0.00271929055631391
435,1.0904040404040405,0.21858585858585858,-4.663747212426963e-05,0.0027665303395609108
436,1.0904040404040405,0.22454545454545452,2.4664108655716445e-06,0.0028976502900303594
437,1.0904040404040405,0.2305050505050505,-5.103899650070575e-06,0.0029342612141691595
438,1.0904040404040405,0.23646464646464646,5.3419030545193854e-05,0.0030012759103585905
439,1.0904040404040405,0.2424242424242424,2.3642848035965115e-05,0.003093783804896146
440,1.0904040404040405,0.24838383838383837,-4.0517508721875286e-05,0.003177347181841682
441,1.0904040404040405,0.2543434343434343,-3.774042191111948e-05,0.0032678165834190832
442,1.0904040404040405,0.26030303030303026,2.2027465385611044e-05,0.003356428765084574
443,1.0904040404040405,0.26626262626262626,2.800774105023073e-05,0.0033848487067126565
444,1.0904040404040405,0.2722222222222222,6.89756607879457e-05,0.003459810838486017
445,1.0904040404040405,0.27818181818181814,-2.305503574935065e-05,0.003531835402489766
446,1.0904040404040405,0.28414141414141414,-1.9485385495415243e-05,0.003622907468862098
447,1.0904040404040405,0.2901010101010101,4.367494501097546e-06,0.003654824173961867
448,1.0904040404040405,0.296060606060606,-1.065191654546197e-05,0.003807717684340257
449,1.0904040404040405,0.302020202020202,5.021634111446911e-05,0.003864190815375425
450,1.0904040404040405,0.30797979797979796,7.229954521456099e-05,0.003971454188587514
451,1.0904040404040405,0.3139393939393939,-4.589793876065828e-05,0.00401648699548471
452,1.0904040404040405,0.31989898989898985,3.899491438113506e-05,0.0040278646126439745
453,1.0904040404040405,0.32585858585858585,2.500572478368628e-05,0.004154252190795679
454,1.0904040404040405,0.3318181818181818,-3.599398413749959e-05,0.004271665195677028
455,1.0904040404040405,0.33777777777777773,-5.378022815562023e-05,0.004356383956823145
456,1.0904040404040405,0.34373737373737373,9.332690995012404e-06,0.0044426254770480594
457,1.0904040404040405,0.3496969696969697,-8.784318556599004e-05,0.0044685390467039
458,1.0904040404040405,0.3556565656565656,-5.125044427325391e-05,0.004549925940518444
459,1.0904040404040405,0.3616161616161616,-3.8371721548271655e-05,0.004694830455654705
460,1.0904040404040405,0.36757575757575756,-5.591282495173866e-06,0.004675751095241651
461,1.0904040404040405,0.3735353535353535,-2.788463087634836e-05,0.004776975376896771
462,1.0904040404040405,0.37949494949494944,-4.285506687573859e-06,0.004871132998681265
463,1.0904040404040405,0.38545454545454544,7.175761911199564e-05,0.004889875716822777
464,1.0904040404040405,0.3914141414141414,4.4279120202804145e-05,0.005013857617894422
465,1.0904040404040405,0.3973737373737373,-7.911852911065333e-05,0.005072884448141987
466,1.0904040404040405,0.4033333333333333,3.682765556983174e-05,0.005093869970083708
467,1.0904040404040405,0.40929292929292926,-4.221685386413816e-05,0.0052122823049471625
468,1.0904040404040405,0.4152525252525252,1.8643291394505612e-05,0.0053365487597997795
469,1.0904040404040405,0.42121212121212115,-2.2707036376665878e-05,0.005317401615438437
470,1.0904040404040405,0.42717171717171715,1.341531155968898e-05,0.005489685972422883
471,1.0904040404040405,0.4331313131313131,-5.841808419964289e-06,0.005499407723524025
472,1.0904040404040405,0.43909090909090903,9.5539358357854e-05,0.005590453387199862
473,1.0904040404040405,0.44505050505050503,3.5891213069419224e-05,0.00566744254428071
474,1.0904040404040405,0.45101010101010097,3.87654245953149e-05,0.0058386089855957685
475,1.0904040404040405,0.4569696969696969,-5.06448645519894e-05,0.005816255971744909
476,1.0904040404040405,0.4629292929292929,4.7388934212353494e-05,0.005903810017793106
477,1.0904040404040405,0.46888888888888886,8.542967904720866e-07,0.0059926168420137696
478,1.0904040404040405,0.4748484848484848,3.749818539983994e-05,0.006119379873247192
479,1.0904040404040405,0.48080808080808074,-4.331650660037281e-05,0.006056345834704929
480,1.0904040404040405,0.48676767676767674,-8.315465289884465e-05,0.006167121679128124
481,1.0904040404040405,0.4927272727272727,-4.653510860622389e-06,0.006286341841080796
482,1.0904040404040405,0.4986868686868686,5.76220213847135e-05,0.00638559351595174
483,1.0904040404040405,0.5046464646464646,5.7548567409788465e-05,0.006521953514805971
484,1.0904040404040405,0.5106060606060605,7.248295010334301e-05,0.006576524946666874
485,1.0904040404040405,0.5165656565656566,1.907390895549421e-05,0.006694034315446602
486,1.0904040404040405,0.5225252525252525,-3.983159575733201e-05,0.00669028395479325
487,1.0904040404040405,0.5284848484848484,-2.470146074743638e-05,0.00675549650108251
488,1.0904040404040405,0.5344444444444444,-0.00010699757222501546,0.006973104844999726
489,1.0904040404040405,0.5404040404040403,2.565920008286594e-05,0.0069591484922752805
490,1.0904040404040405,0.5463636363636363,6.797070516933643e-05,0.007073503180693019
491,1.0904040404040405,0.5523232323232323,-1.718688465741055e-05,0.007004497385692555
492,1.0904040404040405,0.5582828282828283,-2.9214527000689495e-05,0.007131902945862778
493,1.0904040404040405,0.5642424242424242,-0.00013989097176448379,0.007243727370420738
494,1.0904040404040405,0.5702020202020202,-6.587540381667013e-05,0.0072372600006693644
495,1.0904040404040405,0.5761616161616161,2.7275020428253018e-05,0.007392534218419635
496,1.0904040404040405,0.582121212121212,-5.3956927672621646e-05,0.007442551303544104
497,1.0904040404040405,0.588080808080808,2.221346601474693e-05,0.007505094121408938
498,1.0904040404040405,0.594040404040404,-1.3828663979236822e-05,0.007733527771429997
499,1.0904040404040405,0.6,-5.98620263655113e-06,0.007705047236234792
500,1.1105050505050504,0.01,-5.993315521191755e-07,0.00015381474610800784
501,1.1105050505050504,0.01595959595959596,4.639939902315593e-07,0.0002477873064499137
502,1.1105050505050504,0.021919191919191918,-4.429187206843077e-06,0.00034204896571281485
503,1.1105050505050504,0.027878787878787878,-5.776843350438043e-07,0.0004322427185690735
504,1.1105050505050504,0.033838383838383834,1.4654128824644342e-06,0.0005246082213423587
505,1.1105050505050504,0.0397979797979798,1.1867970350115e-06,0.000626605769345121
506,1.1105050505050504,0.045757575757575754,-4.08682635229799e-06,0.0007099101029127919
507,1.1105050505050504,0.05171717171717172,8.42715041078007e-06,0.0008090853395135262
508,1.1105050505050504,0.05767676767676767,-3.671891097398572e-06,0.0008948006164135364
509,1.1105050505050504,0.06363636363636363,-1.5387977581549085e-07,0.0009943279769967274
510,1.1105050505050504,0.06959595959595959,-2.967534292950402e-06,0.0010771585982228167
511,1.1105050505050504,0.07555555555555554,-5.037633982200751e-06,0.0011713893214485892
512,1.1105050505050504,0.0815151515151515,1.0314180549111485e-06,0.001270194820536936
513,1.1105050505050504,0.08747474747474746,6.4646592424473455e-06,0.0013487540798057778
514,1.1105050505050504,0.09343434343434343,-2.417557080160293e-06,0.0014569603264440324
515,1.1105050505050504,0.09939393939393938,-4.2230722043044785e-06,0.0015569617133534754
516,1.1105050505050504,0.10535353535353534,-7.398517972287255e-06,0.0016301715875599104
517,1.1105050505050504,0.1113131313131313,2.241726362072467e-05,0.0017508618654484443
518,1.1105050505050504,0.11727272727272725,1.5569126202103821e-06,0.0018230595500350613
519,1.1105050505050504,0.12323232323232322,1.0142323871068438e-05,0.0019072359039305228
520,1.1105050505050504,0.1291919191919192,3.491952509875662e-06,0.001983523066785478
521,1.1105050505050504,0.13515151515151513,4.0725136500103884e-05,0.0021082347978242017
522,1.1105050505050504,0.1411111111111111,3.4178066626416356e-05,0.0021881616036751594
523,1.1105050505050504,0.14707070707070707,-2.5233987857435424e-05,0.0022842272356473747
524,1.1105050505050504,0.15303030303030302,5.132408901742025e-06,0.002390795929221523
525,1.1105050505050504,0.158989898989899,-4.796305172058313e-06,0.0024746777186495992
526,1.1105050505050504,0.16494949494949493,5.447090012213661e-05,0.0025737003596491494
527,1.1105050505050504,0.1709090909090909,-1.709690656088665e-05,0.00264487865925157
528,1.1105050505050504,0.17686868686868687,9.767240020021661e-06,0.0027635459303522562
529,1.1105050505050504,0.1828282828282828,2.2587984612226975e-05,0.002844444982918217
530,1.1105050505050504,0.18878787878787878,1.0082917057547069e-05,0.0029482867482735517
531,1.1105050505050504,0.19474747474747472,-4.851205393160418e-08,0.0030173408523050944
532,1.1105050505050504,0.2007070707070707,-5.663175413896038e-06,0.003088050804082892
533,1.1105050505050504,0.20666666666666667,3.2815768115332166e-05,0.003235359284802978
534,1.1105050505050504,0.2126262626262626,2.7343594357441236e-05,0.003314681248955243
535,1.1105050505050504,0.21858585858585858,-3.589256667387659e-05,0.003405631978987685
536,1.1105050505050504,0.22454545454545452,2.5959844336007064e-06,0.003495960557984592
537,1.1105050505050504,0.2305050505050505,1.804433761624631e-05,0.0035736133197804285
538,1.1105050505050504,0.23646464646464646,9.914553609092725e-06,0.003662946659659297
539,1.1105050505050504,0.2424242424242424,6.177153038582891e-05,0.0037903125815773077
540,1.1105050505050504,0.24838383838383837,-5.200255144974304e-05,0.003913540355296259
541,1.1105050505050504,0.2543434343434343,-1.1704205093954757e-06,0.0039036669737171504
542,1.1105050505050504,0.26030303030303026,-5.7404872063264145e-05,0.004017048545994959
543,1.1105050505050504,0.26626262626262626,-8.759544903202964e-07,0.004157307804797871
544,1.1105050505050504,0.2722222222222222,4.47266859164654e-05,0.004249734721216925
545,1.1105050505050504,0.27818181818181814,-8.27142624853985e-05,0.004327766055283056
546,1.1105050505050504,0.28414141414141414,-1.3514956799904598e-05,0.004379089043468818
547,1.1105050505050504,0.2901010101010101,-8.7027556769097e-05,0.004461777304792881
548,1.1105050505050504,0.296060606060606,-3.423443791810823e-05,0.004623286794677913
549,1.1105050505050504,0.302020202020202,6.948443884927337e-05,0.004705130257110102
550,1.1105050505050504,0.30797979797979796,-6.430940176420407e-05,0.00476178260546389
551,1.1105050505050504,0.3139393939393939,-5.232757750544348e-06,0.004904347954942798
552,1.1105050505050504,0.31989898989898985,2.8083512796468368e-06,0.004981735629743368
553,1.1105050505050504,0.32585858585858585,-2.3376313139057237e-05,0.005091889381195266
554,1.1105050505050504,0.3318181818181818,2.268290382918813e-05,0.005169119711189122
555,1.1105050505050504,0.33777777777777773,5.729153415722288e-06,0.005262509759422659
556,1.1105050505050504,0.34373737373737373,4.9913767561249865e-05,0.005416149410696188
557,1.1105050505050504,0.3496969696969697,-3.743646298937283e-05,0.005469146995457472
558,1.1105050505050504,0.3556565656565656,6.863420621941678e-05,0.005583981434815856
559,1.1105050505050504,0.3616161616161616,-4.921991627463762e-06,0.005601041936488177
560,1.1105050505050504,0.36757575757575756,-3.1413449687891917e-05,0.005734153824191149
561,1.1105050505050504,0.3735353535353535,4.758813427968267e-05,0.0058410055834013305
562,1.1105050505050504,0.37949494949494944,-1.0291013365236957e-05,0.005941174862873563
563,1.1105050505050504,0.38545454545454544,-2.9714913109863207e-05,0.00600495084929061
564,1.1105050505050504,0.3914141414141414,-7.116983454444142e-05,0.0061173219262502364
565,1.1105050505050504,0.3973737373737373,-7.74712047423457e-05,0.006153239105895109
566,1.1105050505050504,0.4033333333333333,-2.2129385789740307e-05,0.0063184029076749195
567,1.1105050505050504,0.40929292929292926,8.731331984084456e-05,0.00633754511868659
568,1.1105050505050504,0.4152525252525252,-5.877998414087972e-05,0.0064987991961625476
569,1.1105050505050504,0.42121212121212115,-7.023464817671165e-05,0.0065694226260239585
570,1.1105050505050504,0.42717171717171715,-4.548032582416697e-05,0.0066569212733744495
571,1.1105050505050504,0.4331313131313131,-0.00013041549743071084,0.006834451508764049
572,1.1105050505050504,0.43909090909090903,2.5030372352384612e-05,0.006887616112442427
573,1.1105050505050504,0.44505050505050503,-8.051512128274301e-05,0.006946296391002993
574,1.1105050505050504,0.45101010101010097,0.0001060395193027931,0.007115923013065042
575,1.1105050505050504,0.4569696969696969,0.00011706809524338158,0.007195289056520091
576,1.1105050505050504,0.4629292929292929,2.125272700566242e-05,0.007191176645465256
577,1.1105050505050504,0.46888888888888886,-0.00010796645920669288,0.0072731525290011135
578,1.1105050505050504,0.4748484848484848,-6.886141038591628e-05,0.00738596384723234
579,1.1105050505050504,0.48080808080808074,7.619586528443582e-05,0.007539367025815809
580,1.1105050505050504,0.48676767676767674,0.00012979242180162834,0.0075657576361779985
581,1.1105050505050504,0.4927272727272727,-5.928907508317459e-05,0.007689023462513923
582,1.1105050505050504,0.4986868686868686,-3.314598725434654e-05,0.00776397529055015
583,1.1105050505050504,0.5046464646464646,-1.9008934287231827e-05,0.007899217792454
584,1.1105050505050504,0.5106060606060605,-6.0175100460425446e-05,0.007896869846516653
585,1.1105050505050504,0.5165656565656566,0.00012942600399667005,0.00813051588808343
586,1.1105050505050504,0.5225252525252525,0.0001073376598936375,0.008270198953906011
587,1.1105050505050504,0.5284848484848484,-5.6948508991158795e-05,0.008298657161273797
588,1.1105050505050504,0.5344444444444444,-0.0001245572713895338,0.008338098203681293
589,1.1105050505050504,0.5404040404040403,-4.115631322780077e-05,0.008417592942455582
590,1.1105050505050504,0.5463636363636363,3.1012230613337224e-05,0.00845978498448892
591,1.1105050505050504,0.5523232323232323,-0.00018867559829307027,0.00853257841046723
592,1.1105050505050504,0.5582828282828283,2.637884612407653e-05,0.008746356148792548
593,1.1105050505050504,0.5642424242424242,8.140187341300756e-05,0.00892503539443514
594,1.1105050505050504,0.5702020202020202,-2.0753796060017228e-05,0.008917028337243206
595,1.1105050505050504,0.5761616161616161,-6.302088421336704e-05,0.009043262107411843
596,1.1105050505050504,0.582121212121212,-1.1262677725743032e-05,0.00920282422444635
597,1.1105050505050504,0.588080808080808,0.00016423761741056996,0.009254283693214379
598,1.1105050505050504,0.594040404040404,-6.804260889032385e-05,0.009313914297266315
599,1.1105050505050504,0.6,-0.0002207426268161787,0.009356073643979185
600,1.1306060606060606,0.01,-5.525348005619101e-07,0.00018399736777095164
601,1.1306060606060606,0.01595959595959596,3.8312701512429604e-07,0.00029690530515165674
602,1.1306060606060606,0.021919191919191918,-4.042452098248794e-06,0.00040373709881953604
603,1.1306060606060606,0.027878787878787878,1.6840708278243022e-06,0.0005134963873459953
604,1.1306060606060606,0.033838383838383834,-1.2234443856524656e-05,0.0006214334985869013
605,1.1306060606060606,0.0397979797979798,1.6490748340605599e-06,0.0007280295914637673
606,1.1306060606060606,0.045757575757575754,-9.46678836305287e-06,0.0008394086447437169
607,1.1306060606060606,0.05171717171717172,2.2327725979117586e-06,0.0009400509093461703
608,1.1306060606060606,0.05767676767676767,2.005663117806822e-06,0.0010647167204230748
609,1.1306060606060606,0.06363636363636363,9.806093680714223e-06,0.001172912261505061
610,1.1306060606060606,0.06959595959595959,2.1932912887530308e-05,0.0013118277150284245
611,1.1306060606060606,0.07555555555555554,-4.515136334302883e-06,0.0013952846668925474
612,1.1306060606060606,0.0815151515151515,1.5339476719425095e-05,0.0015028188782652138
613,1.1306060606060606,0.08747474747474746,-1.4323506806255515e-05,0.0016187051486657895
614,1.1306060606060606,0.09343434343434343,3.267004795483236e-05,0.001720342473099294
615,1.1306060606060606,0.09939393939393938,5.957454228571657e-06,0.0018360106995286667
616,1.1306060606060606,0.10535353535353534,5.446218862475938e-06,0.001927837192156297
617,1.1306060606060606,0.1113131313131313,1.80076202718908e-05,0.002069362342019188
618,1.1306060606060606,0.11727272727272725,-1.2815400621142704e-05,0.0021863127756845497
619,1.1306060606060606,0.12323232323232322,3.8243785498295e-05,0.002290139945389041
620,1.1306060606060606,0.1291919191919192,-1.537460353744834e-05,0.0023496100105925124
621,1.1306060606060606,0.13515151515151513,-2.15166351254654e-05,0.002473686404580288
622,1.1306060606060606,0.1411111111111111,9.527172489585222e-06,0.002586356403435116
623,1.1306060606060606,0.14707070707070707,-9.60006088867238e-06,0.0027443025358703174
624,1.1306060606060606,0.15303030303030302,1.0345717993884852e-05,0.0028499935896243974
625,1.1306060606060606,0.158989898989899,-2.2669892873210473e-05,0.002944064359060032
626,1.1306060606060606,0.16494949494949493,-1.6865532222457436e-05,0.003026180338599873
627,1.1306060606060606,0.1709090909090909,-5.49106805345021e-06,0.0031515927286939805
628,1.1306060606060606,0.17686868686868687,-7.751031998227765e-06,0.003253045636074363
629,1.1306060606060606,0.1828282828282828,-9.41927274992953e-06,0.0033974086769668374
630,1.1306060606060606,0.18878787878787878,5.3752941281434785e-05,0.003477157560557512
631,1.1306060606060606,0.19474747474747472,-4.471011737272911e-05,0.003542210632580338
632,1.1306060606060606,0.2007070707070707,-3.556087275966401e-05,0.0037214180208331327
633,1.1306060606060606,0.20666666666666667,6.213750266435649e-05,0.0037749699751444443
634,1.1306060606060606,0.2126262626262626,-1.9900902683566268e-05,0.003895294214802458
635,1.1306060606060606,0.21858585858585858,-3.515228125856633e-05,0.004038840126219217
636,1.1306060606060606,0.22454545454545452,-2.167137460212234e-05,0.004177718924960383
637,1.1306060606060606,0.2305050505050505,2.263306916947645e-05,0.0042295773824365095
638,1.1306060606060606,0.23646464646464646,3.7077825809861165e-05,0.004345105996469241
639,1.1306060606060606,0.2424242424242424,3.001014706865278e-05,0.004449807278723813
640,1.1306060606060606,0.24838383838383837,5.136791841349852e-07,0.004559163787908072
641,1.1306060606060606,0.2543434343434343,-6.542953203378932e-06,0.004696812938272845
642,1.1306060606060606,0.26030303030303026,6.518189319001517e-05,0.004801658625985514
643,1.1306060606060606,0.26626262626262626,1.7826857158110808e-05,0.004884761077721339
644,1.1306060606060606,0.2722222222222222,-1.3415026615805547e-05,0.005000321430913344
645,1.1306060606060606,0.27818181818181814,-2.6909696266491388e-05,0.005130078250040029
646,1.1306060606060606,0.28414141414141414,-1.7866237388344043e-05,0.005220027582086802
647,1.1306060606060606,0.2901010101010101,5.229982358325933e-05,0.00535876641559334
648,1.1306060606060606,0.296060606060606,3.4549829240055316e-05,0.005491359614938008
649,1.1306060606060606,0.302020202020202,0.00011212333044060805,0.0056082045689679234
650,1.1306060606060606,0.30797979797979796,-1.651234732326017e-05,0.005572312052992271
651,1.1306060606060606,0.3139393939393939,8.294929131408988e-05,0.005806870736003671
652,1.1306060606060606,0.31989898989898985,8.474347306645242e-05,0.00586610565284292
653,1.1306060606060606,0.32585858585858585,-4.163877720296487e-05,0.0059697299513299835
654,1.1306060606060606,0.3318181818181818,-3.3093244181348315e-05,0.0060837249241298815
655,1.1306060606060606,0.33777777777777773,-5.01475013719208e-05,0.006194333807435709
656,1.1306060606060606,0.34373737373737373,-1.2319316404085768e-05,0.006386880277225533
657,1.1306060606060606,0.3496969696969697,-4.9726652930642704e-05,0.006419450536956377
658,1.1306060606060606,0.3556565656565656,-1.9715877725527998e-05,0.0065005561701953415
659,1.1306060606060606,0.3616161616161616,-2.4344146285728586e-05,0.006723599269095154
660,1.1306060606060606,0.36757575757575756,4.99411172472195e-05,0.006738044284098484
661,1.1306060606060606,0.3735353535353535,-2.0571710121020915e-05,0.0069657788190669425
662,1.1306060606060606,0.37949494949494944,1.479287327158384e-05,0.0070178408252777194
663,1.1306060606060606,0.38545454545454544,9.246406066418995e-05,0.007156225476997678
664,1.1306060606060606,0.3914141414141414,-4.456419162497318e-05,0.0072619306599941156
665,1.1306060606060606,0.3973737373737373,0.0002609960431929404,0.0073196019795589914
666,1.1306060606060606,0.4033333333333333,9.382772141812556e-06,0.007518795085691712
667,1.1306060606060606,0.40929292929292926,0.0001285227806457652,0.007564230275777713
668,1.1306060606060606,0.4152525252525252,-6.248503948162496e-05,0.007624858817941006
669,1.1306060606060606,0.42121212121212115,-0.00011455294124048873,0.007748847950827674
670,1.1306060606060606,0.42717171717171715,-7.63791386708785e-05,0.007950417062189784
671,1.1306060606060606,0.4331313131313131,-0.0001201040584764853,0.007934887890360807
672,1.1306060606060606,0.43909090909090903,8.150251450212593e-05,0.008097958262315328
673,1.1306060606060606,0.44505050505050503,-7.676217332978974e-05,0.00823982213533414
674,1.1306060606060606,0.45101010101010097,-7.075164081049232e-05,0.008260634887480398
675,1.1306060606060606,0.4569696969696969,3.3595739231672436e-05,0.008452139365153238
676,1.1306060606060606,0.4629292929292929,5.969818467834443e-05,0.008401251227662608
677,1.1306060606060606,0.46888888888888886,7.139696262409324e-05,0.008617579992935975
678,1.1306060606060606,0.4748484848484848,1.5879803180230523e-06,0.008802818588198097
679,1.1306060606060606,0.48080808080808074,-5.499862870269723e-05,0.008730915046909996
680,1.1306060606060606,0.48676767676767674,-9.243614469197385e-05,0.009049044169966103
681,1.1306060606060606,0.4927272727272727,2.5448126172477493e-05,0.009058972714467454
682,1.1306060606060606,0.4986868686868686,0.00019308776361184698,0.009200718821847625
683,1.1306060606060606,0.5046464646464646,0.0001344670842685004,0.009276059456860782
684,1.1306060606060606,0.5106060606060605,9.298510569746271e-05,0.009498620343705397
685,1.1306060606060606,0.5165656565656566,4.5059446238598986e-05,0.009610934336133041
686,1.1306060606060606,0.5225252525252525,0.00023966239442031582,0.009677672079436709
687,1.1306060606060606,0.5284848484848484,-2.3185518696552377e-05,0.009716446301085332
688,1.1306060606060606,0.5344444444444444,-0.00013528365319287933,0.009876282361558452
689,1.1306060606060606,0.5404040404040403,2.5630852503561298e-05,0.009922079543363918
690,1.1306060606060606,0.5463636363636363,3.607330637348184e-05,0.010033235734824297
691,1.1306060606060606,0.5523232323232323,-9.344038188196797e-05,0.010230357463981512
692,1.1306060606060606,0.5582828282828283,-0.00011258938349956151,0.010282703556968349
693,1.1306060606060606,0.5642424242424242,0.0001509382806450914,0.010382611920641582
694,1.1306060606060606,0.5702020202020202,5.2899338998036215e-05,0.010673813801001072
695,1.1306060606060606,0.5761616161616161,-8.435741949071837e-05,0.010645543879798314
696,1.1306060606060606,0.582121212121212,-0.0001536675848759994,0.010780869842487564
697,1.1306060606060606,0.588080808080808,0.00010693997508609967,0.01090776715441508
698,1.1306060606060606,0.594040404040404,-8.485581417691216e-05,0.011030910504190184
699,1.1306060606060606,0.6,-5.319300254201038e-05,0.011073942896188103
700,1.1507070707070708,0.01,-1.5995036823157727e-06,0.00021199284531255675
701,1.1507070707070708,0.01595959595959596,-5.140742499137263e-06,0.0003379339873157629
702,1.1507070707070708,0.021919191919191918,-4.650688592656315e-06,0.000472834657718058
703,1.1507070707070708,0.027878787878787878,9.877698124227575e-06,0.0005904993237061994
704,1.1507070707070708,0.033838383838383834,-1.0922191715693974e-06,0.0007093752980135736
705,1.1507070707070708,0.0397979797979798,8.115334479872338e-07,0.0008470424690216476
706,1.1507070707070708,0.045757575757575754,7.83804280008793e-07,0.0009598727763245775
707,1.1507070707070708,0.05171717171717172,-1.0126107655443939e-05,0.0010968681102614633
708,1.1507070707070708,0.05767676767676767,-1.358516652489019e-05,0.0012246761158988214
709,1.1507070707070708,0.06363636363636363,-2.9789544689830927e-05,0.0013488488682051008
710,1.1507070707070708,0.06959595959595959,1.0524111916114742e-05,0.0014746389801416188
711,1.1507070707070708,0.07555555555555554,2.3668897815235733e-06,0.0015975935490264185
712,1.1507070707070708,0.0815151515151515,1.0456072832628616e-05,0.0017277673936360815
713,1.1507070707070708,0.08747474747474746,-7.711724743023829e-06,0.0018589506110047343
714,1.1507070707070708,0.09343434343434343,1.23085790154439e-05,0.002003731394346159
715,1.1507070707070708,0.09939393939393938,-1.3420298236286865e-05,0.0021095775398109556
716,1.1507070707070708,0.10535353535353534,-2.185822273969954e-05,0.002247075983078898
717,1.1507070707070708,0.1113131313131313,-2.2720578364899256e-05,0.002368336772754579
718,1.1507070707070708,0.11727272727272725,2.5713862473938987e-05,0.0025021431256148463
719,1.1507070707070708,0.12323232323232322,-5.311319533499526e-06,0.0025878885007373943
720,1.1507070707070708,0.1291919191919192,-5.36357864734765e-05,0.0027414889281193494
721,1.1507070707070708,0.13515151515151513,8.066015651502257e-06,0.002872225164837085
722,1.1507070707070708,0.1411111111111111,1.7476626571907006e-05,0.002995770881030175
723,1.1507070707070708,0.14707070707070707,4.590714539074343e-05,0.0031348522908423646
724,1.1507070707070708,0.15303030303030302,-1.2387980499650498e-05,0.003275467337861568
725,1.1507070707070708,0.158989898989899,-3.3034344896337607e-06,0.003366790417633409
726,1.1507070707070708,0.16494949494949493,-1.2071929043036344e-05,0.0034621055981382642
727,1.1507070707070708,0.1709090909090909,-8.678142244758136e-06,0.0036438485375855922
728,1.1507070707070708,0.17686868686868687,4.083293497114363e-05,0.0037189213332574013
729,1.1507070707070708,0.1828282828282828,-2.9237944421521644e-05,0.003850609539408248
730,1.1507070707070708,0.18878787878787878,3.7902656540139777e-05,0.004033474841610094
731,1.1507070707070708,0.19474747474747472,-4.284836025833929e-05,0.004117242155389204
732,1.1507070707070708,0.2007070707070707,2.5860356681266472e-05,0.0042914032117962585
733,1.1507070707070708,0.20666666666666667,-1.4160424845692243e-05,0.004324755097020859
734,1.1507070707070708,0.2126262626262626,6.67826797235615e-05,0.00456864211194754
735,1.1507070707070708,0.21858585858585858,5.5307915519967235e-05,0.004633587750920518
736,1.1507070707070708,0.22454545454545452,3.121896966614506e-05,0.0047146213343591675
737,1.1507070707070708,0.2305050505050505,1.3882180838438852e-05,0.00487974672917276
738,1.1507070707070708,0.23646464646464646,2.693594678063632e-05,0.005047013383263412
739,1.1507070707070708,0.2424242424242424,-8.179376178284426e-06,0.005131015236392903
740,1.1507070707070708,0.24838383838383837,-6.604043394922231e-05,0.005211406464697882
741,1.1507070707070708,0.2543434343434343,3.1017650764883283e-05,0.005409331229339974
742,1.1507070707070708,0.26030303030303026,-3.886245301904508e-05,0.005529886739322947
743,1.1507070707070708,0.26626262626262626,2.4453337934410193e-05,0.005698130458749605
744,1.1507070707070708,0.2722222222222222,5.795261455261991e-05,0.005834903027163204
745,1.1507070707070708,0.27818181818181814,-6.667036826752834e-05,0.005959686318111104
746,1.1507070707070708,0.28414141414141414,-2.469448016822805e-05,0.0060590719011509656
747,1.1507070707070708,0.2901010101010101,-4.4213383962500254e-05,0.006100467523790778
748,1.1507070707070708,0.296060606060606,-6.253151854435816e-05,0.006314244656745491
749,1.1507070707070708,0.302020202020202,9.840727650398885e-05,0.006466951756648976
750,1.1507070707070708,0.30797979797979796,7.713159571962538e-05,0.00662758151102985
751,1.1507070707070708,0.3139393939393939,5.832700598282514e-05,0.006702566240975481
752,1.1507070707070708,0.31989898989898985,-7.125063578145974e-05,0.006801630526392397
753,1.1507070707070708,0.32585858585858585,-4.0508742221808e-06,0.006877889885659829
754,1.1507070707070708,0.3318181818181818,-5.202110655817665e-05,0.007055030537141711
755,1.1507070707070708,0.33777777777777773,-4.371169300983434e-05,0.007124896282151948
756,1.1507070707070708,0.34373737373737373,-8.03477952500783e-06,0.007324244297741955
757,1.1507070707070708,0.3496969696969697,-1.3950108769729807e-05,0.007381613306579233
758,1.1507070707070708,0.3556565656565656,-2.7179674051420577e-05,0.007524217822994374
759,1.1507070707070708,0.3616161616161616,-4.699438093590155e-05,0.0076758325132305506
760,1.1507070707070708,0.36757575757575756,-4.607810444982384e-05,0.007850644142399707
761,1.1507070707070708,0.3735353535353535,-8.229861309860731e-06,0.007956237801482807
762,1.1507070707070708,0.37949494949494944,1.8321951110559153e-05,0.008043566062894376
763,1.1507070707070708,0.38545454545454544,-2.5703820009571622e-05,0.008264045760163529
764,1.1507070707070708,0.3914141414141414,-2.0478670737896552e-05,0.00830170380997177
765,1.1507070707070708,0.3973737373737373,8.140123668201763e-05,0.008503654611882844
766,1.1507070707070708,0.4033333333333333,-5.465435758020497e-05,0.008579336689428486
767,1.1507070707070708,0.40929292929292926,-4.0717415545317194e-05,0.008639107265222695
768,1.1507070707070708,0.4152525252525252,2.70238686918691e-05,0.00886235901608063
769,1.1507070707070708,0.42121212121212115,-0.00016350608113208426,0.008966207539950909
770,1.1507070707070708,0.42717171717171715,5.733093997764981e-05,0.009042444107010454
771,1.1507070707070708,0.4331313131313131,0.00011606713789620307,0.009339664295103257
772,1.1507070707070708,0.43909090909090903,3.75094381131744e-05,0.009360160916526056
773,1.1507070707070708,0.44505050505050503,-4.7649019436023e-05,0.00951134660216602
774,1.1507070707070708,0.45101010101010097,-0.0001077830187005019,0.009648745788152885
775,1.1507070707070708,0.4569696969696969,-9.854338516220783e-05,0.009805369788444854
776,1.1507070707070708,0.4629292929292929,6.220351353376823e-05,0.009851989001875899
777,1.1507070707070708,0.46888888888888886,-2.175776064347812e-05,0.010028003536115843
778,1.1507070707070708,0.4748484848484848,-0.00014714368165353426,0.01015606232216624
779,1.1507070707070708,0.48080808080808074,9.270175663334942e-05,0.010362058860091634
780,1.1507070707070708,0.48676767676767674,5.800615478147291e-05,0.010267239276352357
781,1.1507070707070708,0.4927272727272727,-9.874495927946506e-05,0.010490947288043572
782,1.1507070707070708,0.4986868686868686,9.937219271931012e-05,0.010586182795120753
783,1.1507070707070708,0.5046464646464646,1.696145399985286e-05,0.010782887633985648
784,1.1507070707070708,0.5106060606060605,-0.00014653392662400242,0.010843980105350867
785,1.1507070707070708,0.5165656565656566,-2.956528921606014e-05,0.010921072244542784
786,1.1507070707070708,0.5225252525252525,-0.00012090889364258266,0.011069932950992789
787,1.1507070707070708,0.5284848484848484,-7.472832674040541e-05,0.011149118344839969
788,1.1507070707070708,0.5344444444444444,-3.0505614809509364e-05,0.01137513433936937
789,1.1507070707070708,0.5404040404040403,-0.0002558252593218667,0.011490131736942829
790,1.1507070707070708,0.5463636363636363,7.013241261840869e-05,0.011654790998837766
791,1.1507070707070708,0.5523232323232323,0.000304298297094792,0.01198501899461906
792,1.1507070707070708,0.5582828282828283,0.00011829576425560003,0.011865181658252585
793,1.1507070707070708,0.5642424242424242,3.206756657586062e-05,0.012094453422237793
794,1.1507070707070708,0.5702020202020202,-0.00016781364554266864,0.012141227484663562
795,1.1507070707070708,0.5761616161616161,-0.00020303176868419025,0.012150854876378878
796,1.1507070707070708,0.582121212121212,-0.00015219225287828065,0.012584474541809066
797,1.1507070707070708,0.588080808080808,-0.00012725742947273524,0.012542779174379601
798,1.1507070707070708,0.594040404040404,6.008082455180581e-05,0.012716665107324185
799,1.1507070707070708,0.6,0.00028992605166504586,0.01288769873645185
800,1.1708080808080807,0.01,4.874018418784143e-06,0.0002399263823512208
801,1.1708080808080807,0.01595959595959596,1.0849302573057284e-05,0.00038409802267403554
802,1.1708080808080807,0.021919191919191918,5.273297023950785e-06,0.0005271561009132884
803,1.1708080808080807,0.027878787878787878,-7.729801245834423e-06,0.0006747245199944848
804,1.1708080808080807,0.033838383838383834,3.099806598542143e-08,0.0008171024945184381
805,1.1708080808080807,0.0397979797979798,-3.982495397938346e-06,0.0009561123626658355
806,1.1708080808080807,0.045757575757575754,-7.051456360830377e-07,0.0011061951310069988
807,1.1708080808080807,0.05171717171717172,-6.924122358885154e-06,0.0012522039173141711
808,1.1708080808080807,0.05767676767676767,-3.4180989038425923e-06,0.0013813229680213056
809,1.1708080808080807,0.06363636363636363,1.5197553726053026e-06,0.0015320511462838845
810,1.1708080808080807,0.06959595959595959,2.6157327609519852e-05,0.001677056886248212
811,1.1708080808080807,0.07555555555555554,-2.8557214136221787e-05,0.001820758433290474
812,1.1708080808080807,0.0815151515151515,-2.0974949977385914e-07,0.0019707135261641875
813,1.1708080808080807,0.08747474747474746,-3.19027025015012e-05,0.0021171763494997903
814,1.1708080808080807,0.09343434343434343,-4.9451958777747e-06,0.0022370098857426484
815,1.1708080808080807,0.09939393939393938,3.2772697367087987e-06,0.002400371257057225
816,1.1708080808080807,0.10535353535353534,-4.1173428285404564e-05,0.002491878881379571
817,1.1708080808080807,0.1113131313131313,-1.6463275729211034e-05,0.0026669779281387755
818,1.1708080808080807,0.11727272727272725,-5.8358990969888545e-05,0.0028181010968698532
819,1.1708080808080807,0.12323232323232322,-5.167828150190796e-05,0.0029808565662784547
820,1.1708080808080807,0.1291919191919192,-4.442471522378537e-05,0.003081212871620174
821,1.1708080808080807,0.13515151515151513,8.8516472478953e-06,0.003249244014495604
822,1.1708080808080807,0.1411111111111111,-1.884836976839268e-05,0.0033537113995554136
823,1.1708080808080807,0.14707070707070707,5.708963190841072e-05,0.003526488870582464
824,1.1708080808080807,0.15303030303030302,-4.4388778570112795e-05,0.0036685586125181947
825,1.1708080808080807,0.158989898989899,2.421609584521861e-05,0.0038022271497944993
826,1.1708080808080807,0.16494949494949493,2.6513924154022495e-05,0.003926688657048353
827,1.1708080808080807,0.1709090909090909,2.689549036603489e-05,0.004122485670421451
828,1.1708080808080807,0.17686868686868687,1.2049874305592123e-06,0.004248474087057062
829,1.1708080808080807,0.1828282828282828,4.848866750962399e-05,0.00441643178644285
830,1.1708080808080807,0.18878787878787878,1.1091530821022355e-05,0.0045420670528942605
831,1.1708080808080807,0.19474747474747472,-2.1318943422063407e-05,0.004676426563507139
832,1.1708080808080807,0.2007070707070707,3.893804015467939e-06,0.004748606826276921
833,1.1708080808080807,0.20666666666666667,6.984383404644845e-06,0.004885697542996164
834,1.1708080808080807,0.2126262626262626,2.7176195159517834e-05,0.00515204652177169
835,1.1708080808080807,0.21858585858585858,-1.9128305988952533e-05,0.0052692307844852465
836,1.1708080808080807,0.22454545454545452,-1.4326132997527174e-05,0.005397359636063723
837,1.1708080808080807,0.2305050505050505,-9.491771143735938e-06,0.005442874045230902
838,1.1708080808080807,0.23646464646464646,-3.856793804807023e-05,0.0057638659636422935
839,1.1708080808080807,0.2424242424242424,9.015780888793066e-05,0.00585402755500211
840,1.1708080808080807,0.24838383838383837,2.364816319428772e-05,0.005915721816133233
841,1.1708080808080807,0.2543434343434343,-0.00011122556327751992,0.006150804068554918
842,1.1708080808080807,0.26030303030303026,-9.42144825318899e-06,0.006312461918023737
843,1.1708080808080807,0.26626262626262626,-1.0890260403964002e-05,0.006363939289639485
844,1.1708080808080807,0.2722222222222222,5.492445470530349e-05,0.006566438017949753
845,1.1708080808080807,0.27818181818181814,3.269133119958478e-05,0.006731349868117888
846,1.1708080808080807,0.28414141414141414,0.00011695317538081387,0.00685084791620027
847,1.1708080808080807,0.2901010101010101,5.2415893425218464e-06,0.007060689501628894
848,1.1708080808080807,0.296060606060606,1.7359384142446044e-05,0.00713023713874294
849,1.1708080808080807,0.302020202020202,5.643605472530453e-05,0.007254028460618359
850,1.1708080808080807,0.30797979797979796,-4.692379658156869e-05,0.007443760100208291
851,1.1708080808080807,0.3139393939393939,-8.297787732130632e-05,0.007634630242435611
852,1.1708080808080807,0.31989898989898985,3.275344839116315e-05,0.007776071603572232
853,1.1708080808080807,0.32585858585858585,-3.8313775942909336e-05,0.00791096090245924
854,1.1708080808080807,0.3318181818181818,-6.481748078486113e-05,0.007962068172793246
855,1.1708080808080807,0.33777777777777773,3.0706799871784164e-05,0.008185849853779877
856,1.1708080808080807,0.34373737373737373,-7.924588515304106e-05,0.008267561258531023
857,1.1708080808080807,0.3496969696969697,-0.0001458779721783317,0.00836676478155841
858,1.1708080808080807,0.3556565656565656,-3.433349891274933e-05,0.008671564232469271
859,1.1708080808080807,0.3616161616161616,-0.00013306239487181996,0.008781150262807524
860,1.1708080808080807,0.36757575757575756,9.229654623168022e-05,0.008814834672642696
861,1.1708080808080807,0.3735353535353535,-1.7923016029908313e-06,0.008980327696087208
862,1.1708080808080807,0.37949494949494944,1.552141085855854e-05,0.009060042922759536
863,1.1708080808080807,0.38545454545454544,-9.252982459953089e-05,0.00922652621641278
864,1.1708080808080807,0.3914141414141414,0.0001548856731695228,0.00949391472710722
865,1.1708080808080807,0.3973737373737373,-2.4725838871834482e-05,0.009517423710340344
866,1.1708080808080807,0.4033333333333333,8.268458947969082e-05,0.009712233432592369
867,1.1708080808080807,0.40929292929292926,7.83419019931585e-06,0.009933390030204634
868,1.1708080808080807,0.4152525252525252,-7.96348935167524e-05,0.009908818388724082
869,1.1708080808080807,0.42121212121212115,-0.0001183146252599141,0.010187281675142651
870,1.1708080808080807,0.42717171717171715,3.161769912320171e-05,0.010368223294492102
871,1.1708080808080807,0.4331313131313131,-9.62495311847702e-05,0.01057769256640156
872,1.1708080808080807,0.43909090909090903,-0.00011113311803628183,0.010532639243331343
873,1.1708080808080807,0.44505050505050503,4.7947601633896064e-05,0.010823623265043762
874,1.1708080808080807,0.45101010101010097,0.00020404849349336062,0.010942229741654383
875,1.1708080808080807,0.4569696969696969,-0.000227222465096184,0.010934981238915498
876,1.1708080808080807,0.4629292929292929,1.2141046250376785e-05,0.011172823155374394
877,1.1708080808080807,0.46888888888888886,1.6807105878856653e-05,0.011312998669268288
878,1.1708080808080807,0.4748484848484848,-1.7725007503895153e-05,0.011523488633657961
879,1.1708080808080807,0.48080808080808074,2.4793485473135225e-05,0.011634708383393559
880,1.1708080808080807,0.48676767676767674,6.856164470927861e-05,0.011829320972946433
881,1.1708080808080807,0.4927272727272727,-0.00015573926066956,0.011822620566131488
882,1.1708080808080807,0.4986868686868686,-0.00013260986282107165,0.01195734079962827
883,1.1708080808080807,0.5046464646464646,-0.00019554402908535082,0.012043531598828447
884,1.1708080808080807,0.5106060606060605,-1.4531010168730241e-05,0.01242081414732011
885,1.1708080808080807,0.5165656565656566,0.00029653386848648176,0.012530533221133275
886,1.1708080808080807,0.5225252525252525,4.287156389304807e-05,0.012695094949884954
887,1.1708080808080807,0.5284848484848484,0.00014323344426514197,0.012799004563811993
888,1.1708080808080807,0.5344444444444444,2.0287529233233325e-05,0.013125388545280114
889,1.1708080808080807,0.5404040404040403,4.8437573892914884e-05,0.013125706527200099
890,1.1708080808080807,0.5463636363636363,0.00030253904735081635,0.013347868837983062
891,1.1708080808080807,0.5523232323232323,0.00012474032710938583,0.01342789074239189
892,1.1708080808080807,0.5582828282828283,0.00022801210065773688,0.013695885009786501
893,1.1708080808080807,0.5642424242424242,-5.2051327048463324e-05,0.013724135243833991
894,1.1708080808080807,0.5702020202020202,0.0002290709403965879,0.013982326207442247
895,1.1708080808080807,0.5761616161616161,0.00026094568950734906,0.013989309421350602
896,1.1708080808080807,0.582121212121212,-4.070739378220151e-05,0.014180320993627094
897,1.1708080808080807,0.588080808080808,0.0001262309561805659,0.014329167301563257
898,1.1708080808080807,0.594040404040404,-0.00012070371509797022,0.014423142777689643
899,1.1708080808080807,0.6,3.363071596195287e-05,0.014303893236634713
900,1.190909090909091,0.01,-2.4707450389792607e-06,0.0002645162842776805
901,1.190909090909091,0.01595959595959596,-4.393129670859142e-07,0.00043210278075418
902,1.190909090909091,0.021919191919191918,7.865054572668362e-06,0.0005984860318448142
903,1.190909090909091,0.027878787878787878,3.445315631416812e-06,0.0007472609146304574
904,1.190909090909091,0.033838383838383834,-2.021224792675701e-05,0.0009183536377558499
905,1.190909090909091,0.0397979797979798,6.761151028096668e-06,0.0010580104852277621
906,1.190909090909091,0.045757575757575754,1.0120468497575774e-05,0.0012317801780823278
907,1.190909090909091,0.05171717171717172,-8.600414533654122e-07,0.0013963405105083951
908,1.190909090909091,0.05767676767676767,-9.890400525847265e-06,0.0015619314956135046
909,1.190909090909091,0.06363636363636363,1.2580862303524432e-05,0.0017121644504227349
910,1.190909090909091,0.06959595959595959,-1.983717202872304e-06,0.0018779624295742622
911,1.190909090909091,0.07555555555555554,4.744069439892385e-06,0.002036296071812692
912,1.190909090909091,0.0815151515151515,7.914531625342258e-06,0.0022236833992890395
913,1.190909090909091,0.08747474747474746,-5.673964535775577e-06,0.0023480662531603757
914,1.190909090909091,0.09343434343434343,-3.2098864949502826e-05,0.0025000023333123125
915,1.190909090909091,0.09939393939393938,-2.9941904571792156e-05,0.00269711467475674
916,1.190909090909091,0.10535353535353534,7.931488067653847e-06,0.002839064375318181
917,1.190909090909091,0.1113131313131313,-1.2511245748286437e-05,0.002979235309793749
918,1.190909090909091,0.11727272727272725,-5.635567079407178e-06,0.0031501095427266686
919,1.190909090909091,0.12323232323232322,-4.969743442140412e-05,0.003249856089927383
920,1.190909090909091,0.1291919191919192,-3.1225638897950414e-05,0.0034461684306008895
921,1.190909090909091,0.13515151515151513,-3.264353969080273e-05,0.0036212762134952264
922,1.190909090909091,0.1411111111111111,6.215038266952258e-05,0.0038180554720558453
923,1.190909090909091,0.14707070707070707,6.272605870114702e-05,0.003952134929828513
924,1.190909090909091,0.15303030303030302,-8.998523580605711e-06,0.004094980066168567
925,1.190909090909091,0.158989898989899,3.426864846543014e-05,0.0043378804591387475
926,1.190909090909091,0.16494949494949493,7.40328539431081e-06,0.004432950238845951
927,1.190909090909091,0.1709090909090909,1.6569718670981338e-05,0.0046062682976416355
928,1.190909090909091,0.17686868686868687,-1.537598151306868e-05,0.004746226638702782
929,1.190909090909091,0.1828282828282828,6.642290737809885e-05,0.004886383012911242
930,1.190909090909091,0.18878787878787878,-6.180853088420888e-05,0.005059051412490004
931,1.190909090909091,0.19474747474747472,-3.5815568010553854e-06,0.005220305738894574
932,1.190909090909091,0.2007070707070707,5.1882801631375696e-05,0.005411258652437113
933,1.190909090909091,0.20666666666666667,7.183347140136303e-05,0.005640396522575266
934,1.190909090909091,0.2126262626262626,-6.479677801767392e-06,0.005749128004836221
935,1.190909090909091,0.21858585858585858,-3.0348245231899716e-06,0.005917054000846027
936,1.190909090909091,0.22454545454545452,-2.198207179550449e-05,0.006056467557592544
937,1.190909090909091,0.2305050505050505,-2.839064779668705e-05,0.006185064671414845
938,1.190909090909091,0.23646464646464646,-1.939268746383481e-05,0.006321111213774721
939,1.190909090909091,0.2424242424242424,-0.0001572655438962661,0.006523248759865508
940,1.190909090909091,0.24838383838383837,-4.401011205099158e-05,0.006681445170164136
941,1.190909090909091,0.2543434343434343,6.524758135755859e-06,0.006823833220203654
942,1.190909090909091,0.26030303030303026,1.0479623602452604e-05,0.006926044891097426
943,1.190909090909091,0.26626262626262626,0.00014603636613789658,0.00715206395463775
944,1.190909090909091,0.2722222222222222,7.515292584662841e-05,0.007337908059840588
945,1.190909090909091,0.27818181818181814,0.00011610544857179241,0.007463300268822055
946,1.190909090909091,0.28414141414141414,-2.9885446085790657e-05,0.00759107499229419
947,1.190909090909091,0.2901010101010101,0.00011515924926976313,0.0078490648538452
948,1.190909090909091,0.296060606060606,7.871701092443577e-05,0.008080080661041275
949,1.190909090909091,0.302020202020202,0.00010648362364825461,0.008117188774568289
950,1.190909090909091,0.30797979797979796,8.375565086120201e-05,0.008311009009407651
951,1.190909090909091,0.3139393939393939,-3.1005056009492328e-06,0.008583882980078747
952,1.190909090909091,0.31989898989898985,5.810814488592009e-05,0.008585139004287468
953,1.190909090909091,0.32585858585858585,-4.606965156993413e-05,0.008785500088046959
954,1.190909090909091,0.3318181818181818,-1.5361010265569574e-05,0.008857250421642518
955,1.190909090909091,0.33777777777777773,4.504588323923385e-05,0.009212340575101086
956,1.190909090909091,0.34373737373737373,3.351343591381336e-05,0.009228820060078424
957,1.190909090909091,0.3496969696969697,-6.912221936740718e-05,0.00938046242600589
958,1.190909090909091,0.3556565656565656,-0.00017460636715055754,0.00970039567651038
959,1.190909090909091,0.3616161616161616,-0.00014398624855163845,0.009736912959285677
960,1.190909090909091,0.36757575757575756,-2.5292325855335663e-05,0.00982314699269208
961,1.190909090909091,0.3735353535353535,6.100440686842486e-05,0.010147614823473579
962,1.190909090909091,0.37949494949494944,0.00013896169711960775,0.01017111876775428
963,1.190909090909091,0.38545454545454544,-0.00012455868124996167,0.010375905640371526
964,1.190909090909091,0.3914141414141414,-0.00011806231114132844,0.010627642129184513
965,1.190909090909091,0.3973737373737373,-0.00010194261772363442,0.010813540585810898
966,1.190909090909091,0.4033333333333333,4.517343667780499e-05,0.011012610199162621
967,1.190909090909091,0.40929292929292926,1.23366711846557e-05,0.011087565643018424
968,1.190909090909091,0.4152525252525252,6.232014114508507e-05,0.011196683116568717
969,1.190909090909091,0.42121212121212115,-1.7950557534079703e-06,0.011407957310573712
970,1.190909090909091,0.42717171717171715,0.00013478184695721107,0.011393715626970948
971,1.190909090909091,0.4331313131313131,-2.6414954799857872e-05,0.011695990024909196
972,1.190909090909091,0.43909090909090903,5.9122528938962224e-05,0.011761569651817015
973,1.190909090909091,0.44505050505050503,6.130561943393567e-05,0.01205594934637048
974,1.190909090909091,0.45101010101010097,-4.799807531744493e-05,0.012144571418212013
975,1.190909090909091,0.4569696969696969,-3.0154783445581924e-05,0.012266249309847495
976,1.190909090909091,0.4629292929292929,-5.051313769776183e-05,0.01243292027133796
977,1.190909090909091,0.46888888888888886,6.003170440121486e-06,0.012384364419104019
978,1.190909090909091,0.4748484848484848,0.000106724899205424,0.01285314983938803
979,1.190909090909091,0.48080808080808074,3.295139039183185e-05,0.013046501945564736
980,1.190909090909091,0.48676767676767674,-0.0003138215792803057,0.013049649676025375
981,1.190909090909091,0.4927272727272727,0.0001561491717775196,0.013504469499955339
982,1.190909090909091,0.4986868686868686,-4.9637643298621084e-05,0.013321706499108923
983,1.190909090909091,0.5046464646464646,8.554497949222606e-05,0.013630769595899692
984,1.190909090909091,0.5106060606060605,-0.00014204704354833173,0.013927157889012538
985,1.190909090909091,0.5165656565656566,-0.00014976925828297856,0.013936763959575375
986,1.190909090909091,0.5225252525252525,0.0002951683399367301,0.014153095559662847
987,1.190909090909091,0.5284848484848484,0.00015383981498076103,0.014293173176575955
988,1.190909090909091,0.5344444444444444,-0.00022044472852770803,0.014332674070218775
989,1.190909090909091,0.5404040404040403,0.00021868917183539397,0.01459743091041554
990,1.190909090909091,0.5463636363636363,3.771403179528185e-05,0.014694186471758498
991,1.190909090909091,0.5523232323232323,-2.6301280964770324e-05,0.014666322026785838
992,1.190909090909091,0.5582828282828283,0.00012169566662516751,0.015140973709941028
993,1.190909090909091,0.5642424242424242,0.00019397305799884795,0.015347061032354847
994,1.190909090909091,0.5702020202020202,0.00015984011879975382,0.015529413620951742
995,1.190909090909091,0.5761616161616161,-4.755898457532822e-05,0.015585067177132523
996,1.190909090909091,0.582121212121212,8.19676422628317e-06,0.015780858511579645
997,1.190909090909091,0.588080808080808,-3.372968814462457e-05,0.01596788002609019
998,1.190909090909091,0.594040404040404,6.095913243194382e-05,0.015928643746617753
999,1.190909090909091,0.6,-0.00010935399114800846,0.01616427896865923
1000,1.211010101010101,0.01,-3.17931754317049e-06,0.0002979124466061152
1001,1.211010101010101,0.01595959595959596,1.8786391183226892e-06,0.0004757096084285225
1002,1.211010101010101,0.021919191919191918,-3.1436333045523514e-06,0.0006530540936880925
1003,1.211010101010101,0.027878787878787878,-4.977856798994895e-06,0.0008290085962682532
1004,1.211010101010101,0.033838383838383834,1.02931035110017e-05,0.0010041228533191314
1005,1.211010101010101,0.0397979797979798,1.1467252362823622e-05,0.0011823536489600558
1006,1.211010101010101,0.045757575757575754,6.824292384062769e-06,0.001361020017075476
1007,1.211010101010101,0.05171717171717172,1.640613727074568e-05,0.001522420563740096
1008,1.211010101010101,0.05767676767676767,-3.136398916213623e-06,0.0016914923398333136
1009,1.211010101010101,0.06363636363636363,-3.132077826077305e-05,0.001869924191607348
1010,1.211010101010101,0.06959595959595959,-1.231827885475103e-05,0.002083626363810067
1011,1.211010101010101,0.07555555555555554,-1.4196582862997565e-05,0.00221933818036447
1012,1.211010101010101,0.0815151515151515,-2.6675190889377843e-05,0.0024391337885382473
1013,1.211010101010101,0.08747474747474746,-9.421407246221358e-06,0.0025885209982999457
1014,1.211010101010101,0.09343434343434343,-3.0326065118836586e-05,0.002782042853742107
1015,1.211010101010101,0.09939393939393938,-4.090663805022291e-05,0.002955764913694346
1016,1.211010101010101,0.10535353535353534,8.995256586272782e-06,0.003135857985066919
1017,1.211010101010101,0.1113131313131313,3.365857352460866e-08,0.0032975460941730263
1018,1.211010101010101,0.11727272727272725,6.590576806899966e-05,0.0035033703587125506
1019,1.211010101010101,0.12323232323232322,3.630189044865621e-05,0.0036938996850433884
1020,1.211010101010101,0.1291919191919192,-6.525755894683749e-06,0.0038708443690386035
1021,1.211010101010101,0.13515151515151513,-1.2110877813357623e-06,0.004010112467369178
1022,1.211010101010101,0.1411111111111111,5.372103842911125e-05,0.004172637754081747
1023,1.211010101010101,0.14707070707070707,7.377989076722065e-05,0.004327100081505596
1024,1.211010101010101,0.15303030303030302,4.855752652090229e-05,0.004523665464366559
1025,1.211010101010101,0.158989898989899,-3.423031518850658e-05,0.004695131367581277
1026,1.211010101010101,0.16494949494949493,2.815673079233304e-05,0.004913205863459587
1027,1.211010101010101,0.1709090909090909,5.157552511110597e-06,0.0050143799006341925
1028,1.211010101010101,0.17686868686868687,-4.88982527969549e-05,0.005267261621112991
1029,1.211010101010101,0.1828282828282828,-1.669599329996162e-05,0.00548418949810008
1030,1.211010101010101,0.18878787878787878,0.00010729269485237359,0.005605925608109973
1031,1.211010101010101,0.19474747474747472,-4.702023735159554e-05,0.005740266159789503
1032,1.211010101010101,0.2007070707070707,2.1152782670959523e-05,0.005969595296420216
1033,1.211010101010101,0.20666666666666667,-5.442634048174122e-06,0.006166082983248018
1034,1.211010101010101,0.2126262626262626,-3.589882789577175e-05,0.006343816493528084
1035,1.211010101010101,0.21858585858585858,1.0253106893148545e-05,0.00651954336380323
1036,1.211010101010101,0.22454545454545452,-3.17007707492055e-05,0.00671529980899513
1037,1.211010101010101,0.2305050505050505,-0.00011524589893113588,0.006792796796357062
1038,1.211010101010101,0.23646464646464646,0.00014644907689173004,0.007048591509345754
1039,1.211010101010101,0.2424242424242424,-3.927640093099582e-05,0.0071680020072275126
1040,1.211010101010101,0.24838383838383837,3.546422434117402e-06,0.0073652291522823855
1041,1.211010101010101,0.2543434343434343,-7.848410915442045e-05,0.007575245655266122
1042,1.211010101010101,0.26030303030303026,2.3313666368972218e-05,0.007720608939045558
1043,1.211010101010101,0.26626262626262626,2.6618361867294882e-05,0.007925049674646821
1044,1.211010101010101,0.2722222222222222,-0.0001515837822440061,0.008201981747056337
1045,1.211010101010101,0.27818181818181814,5.651678052613018e-07,0.00839050258252909
1046,1.211010101010101,0.28414141414141414,-0.00013078594911772364,0.008543146061882992
1047,1.211010101010101,0.2901010101010101,2.8443181082699496e-05,0.008634724173569565
1048,1.211010101010101,0.296060606060606,-5.342498476483726e-06,0.008818487577411764
1049,1.211010101010101,0.302020202020202,-0.00019499426570456402,0.009020523739181734
1050,1.211010101010101,0.30797979797979796,-7.443930018670313e-05,0.00917415946823427
1051,1.211010101010101,0.3139393939393939,-4.996671773909721e-05,0.009365805406798955
1052,1.211010101010101,0.31989898989898985,3.979344913538842e-05,0.009531718755638437
1053,1.211010101010101,0.32585858585858585,-9.271728779377304e-05,0.009747640261254744
1054,1.211010101010101,0.3318181818181818,6.548757365523718e-05,0.009963878312939592
1055,1.211010101010101,0.33777777777777773,-0.00015338304385148347,0.010025839142758673
1056,1.211010101010101,0.34373737373737373,-9.571327027096537e-05,0.01030483467816884
1057,1.211010101010101,0.3496969696969697,-0.00017096222417118566,0.01042069253878272
1058,1.211010101010101,0.3556565656565656,5.9948125293704424e-05,0.010560846852210615
1059,1.211010101010101,0.3616161616161616,7.224784076030899e-06,0.01073772886327143
1060,1.211010101010101,0.36757575757575756,0.00013682844564710223,0.011055883982951606
1061,1.211010101010101,0.3735353535353535,6.487591161343977e-05,0.011155008737272782
1062,1.211010101010101,0.37949494949494944,4.278462635197122e-05,0.011249737238957412
1063,1.211010101010101,0.38545454545454544,-7.906283090356456e-05,0.01151314407465959
1064,1.211010101010101,0.3914141414141414,-0.00015257885600564793,0.011635167960897929
1065,1.211010101010101,0.3973737373737373,-0.00015836332555040783,0.011807115064152615
1066,1.211010101010101,0.4033333333333333,-0.00015219184819482545,0.011950414405778995
1067,1.211010101010101,0.40929292929292926,0.0001945941461357042,0.012347010789462166
1068,1.211010101010101,0.4152525252525252,3.541478277019855e-05,0.012526308740344895
1069,1.211010101010101,0.42121212121212115,6.519348914490759e-05,0.01252342966962183
1070,1.211010101010101,0.42717171717171715,2.0247172175130433e-05,0.012983327254245272
1071,1.211010101010101,0.4331313131313131,-0.00019059297923664612,0.012955635321823717
1072,1.211010101010101,0.43909090909090903,-0.0001330117307929393,0.012898626130763329
1073,1.211010101010101,0.44505050505050503,-0.00017869719256856386,0.013351065852442993
1074,1.211010101010101,0.45101010101010097,0.00014421352480827382,0.013556452156079759
1075,1.211010101010101,0.4569696969696969,-8.02900459545873e-05,0.013611947625989823
1076,1.211010101010101,0.4629292929292929,-1.9103472171565962e-05,0.013966483914001645
1077,1.211010101010101,0.46888888888888886,0.00015521217501110248,0.013978638578874356
1078,1.211010101010101,0.4748484848484848,-0.00023230142704846834,0.014112789457181274
1079,1.211010101010101,0.48080808080808074,0.00010793982426674405,0.014422076916282008
1080,1.211010101010101,0.48676767676767674,6.20988687748241e-05,0.014652733935905883
1081,1.211010101010101,0.4927272727272727,-7.970387170643451e-05,0.014671401111647909
1082,1.211010101010101,0.4986868686868686,0.00031590360743928656,0.014956834332221523
1083,1.211010101010101,0.5046464646464646,-0.00010091556558076266,0.015010721930723978
1084,1.211010101010101,0.5106060606060605,-0.00012651382688339728,0.01499743025212523
1085,1.211010101010101,0.5165656565656566,-7.793868230631365e-05,0.015298800279482083
1086,1.211010101010101,0.5225252525252525,-0.000450958050368702,0.015390690144684919
1087,1.211010101010101,0.5284848484848484,-0.00016789600650735995,0.015848979054197628
1088,1.211010101010101,0.5344444444444444,0.00021459806776178732,0.015923966206779248
1089,1.211010101010101,0.5404040404040403,6.450153654211835e-05,0.016255119468412384
1090,1.211010101010101,0.5463636363636363,-0.0002124772307813383,0.01634000801629129
1091,1.211010101010101,0.5523232323232323,1.4876672367292788e-05,0.01673615718570147
1092,1.211010101010101,0.5582828282828283,7.181067738379571e-05,0.01657467377274518
1093,1.211010101010101,0.5642424242424242,0.00020172179840791061,0.01698306280539911
1094,1.211010101010101,0.5702020202020202,0.00027195939431897434,0.01707841743171024
1095,1.211010101010101,0.5761616161616161,4.693033618841922e-05,0.017301707638445282
1096,1.211010101010101,0.582121212121212,-1.9603720605354913e-05,0.01732404417208734
1097,1.211010101010101,0.588080808080808,-0.00014277999709669752,0.017534305944516115
1098,1.211010101010101,0.594040404040404,-0.0002397443734111653,0.017797253670488476
1099,1.211010101010101,0.6,8.260099010517182e-05,0.01796887799366771
1100,1.231111111111111,0.01,6.168611585588013e-07,0.0003236240816666829
1101,1.231111111111111,0.01595959595959596,-7.5476811348099585e-06,0.0005214905461902161
1102,1.231111111111111,0.021919191919191918,-6.169946781929414e-06,0.0007113785609852936
1103,1.231111111111111,0.027878787878787878,-1.7778663946726558e-06,0.0009184008016487554
1104,1.231111111111111,0.033838383838383834,6.847207179847614e-06,0.0011002427026270405
1105,1.231111111111111,0.0397979797979798,-2.3157850455354234e-07,0.0013076807478106833
1106,1.231111111111111,0.045757575757575754,2.1255406623813612e-05,0.0015053655142939456
1107,1.231111111111111,0.05171717171717172,-1.119586930842842e-06,0.001674850782078818
1108,1.231111111111111,0.05767676767676767,1.5017612512372935e-05,0.0018857842641685617
1109,1.231111111111111,0.06363636363636363,5.604107783315304e-06,0.002095191856736751
1110,1.231111111111111,0.06959595959595959,1.2248959127444115e-05,0.0022611819032030715
1111,1.231111111111111,0.07555555555555554,-2.3758465837483732e-05,0.002464141563877807
1112,1.231111111111111,0.0815151515151515,-3.126883907534536e-05,0.0026469113856309226
1113,1.231111111111111,0.08747474747474746,3.242307192839386e-05,0.0028300273198651913
1114,1.231111111111111,0.09343434343434343,3.783362929972167e-05,0.0030664887052529255
1115,1.231111111111111,0.09939393939393938,1.9489654156866343e-05,0.003240207449997891
1116,1.231111111111111,0.10535353535353534,-4.6287725860812577e-05,0.003432871950273507
1117,1.231111111111111,0.1113131313131313,3.629330699145016e-05,0.0035966177648692685
1118,1.231111111111111,0.11727272727272725,-1.7319185187632703e-05,0.003882372769273476
1119,1.231111111111111,0.12323232323232322,-6.522649760052199e-05,0.004005160340291341
1120,1.231111111111111,0.1291919191919192,9.216655802549453e-05,0.004144432720926247
1121,1.231111111111111,0.13515151515151513,2.1048616667198238e-05,0.0044026233485675945
1122,1.231111111111111,0.1411111111111111,-6.268584749723012e-05,0.004634321691043183
1123,1.231111111111111,0.14707070707070707,5.54597632905262e-05,0.004856195752583755
1124,1.231111111111111,0.15303030303030302,-1.9919459972633692e-05,0.005044058479210282
1125,1.231111111111111,0.158989898989899,-4.019104798412792e-05,0.005197348398886469
1126,1.231111111111111,0.16494949494949493,2.105976024842704e-05,0.005319975377806056
1127,1.231111111111111,0.1709090909090909,-4.947002836483628e-05,0.0055415337441135
1128,1.231111111111111,0.17686868686868687,-8.615558642132371e-05,0.005700877692428136
1129,1.231111111111111,0.1828282828282828,7.346754509420794e-08,0.005950290129140476
1130,1.231111111111111,0.18878787878787878,4.859511287369142e-05,0.006166859819396785
1131,1.231111111111111,0.19474747474747472,-2.667457476270232e-05,0.006359969637303845
1132,1.231111111111111,0.2007070707070707,-1.648072089615783e-05,0.006522067845571616
1133,1.231111111111111,0.20666666666666667,-0.00017475220378249437,0.006759696383794428
1134,1.231111111111111,0.2126262626262626,7.668696899684952e-05,0.006909885320326332
1135,1.231111111111111,0.21858585858585858,-3.0269320196270754e-05,0.007156432106098206
1136,1.231111111111111,0.22454545454545452,4.465193237248279e-05,0.007252205136134609
1137,1.231111111111111,0.2305050505050505,-4.069488527353577e-05,0.0074470616047445
1138,1.231111111111111,0.23646464646464646,3.7820518799276726e-05,0.007732297339719046
1139,1.231111111111111,0.2424242424242424,0.00010152350171344626,0.007938721702476725
1140,1.231111111111111,0.24838383838383837,-0.00019923349075629657,0.007978021770488987
1141,1.231111111111111,0.2543434343434343,3.211815246515287e-05,0.008339921411453875
1142,1.231111111111111,0.26030303030303026,3.6881809119650954e-05,0.008368185772249976
1143,1.231111111111111,0.26626262626262626,-1.4218701597261573e-06,0.00872188115055299
1144,1.231111111111111,0.2722222222222222,-0.00010269886321138694,0.008895441497191242
1145,1.231111111111111,0.27818181818181814,2.5116115855336553e-05,0.009096440428600108
1146,1.231111111111111,0.28414141414141414,-0.0001293837802204501,0.009169650252243184
1147,1.231111111111111,0.2901010101010101,-0.00014998543605469557,0.009453035907980585
1148,1.231111111111111,0.296060606060606,-5.770987733469524e-06,0.009637432442774613
1149,1.231111111111111,0.302020202020202,0.00023699481130936607,0.009908431178877441
1150,1.231111111111111,0.30797979797979796,-3.090688029481869e-05,0.010082173121183504
1151,1.231111111111111,0.3139393939393939,5.860803547322777e-05,0.010293618143614276
1152,1.231111111111111,0.31989898989898985,-4.395421974937871e-05,0.010314935386865036
1153,1.231111111111111,0.32585858585858585,5.0841926462567935e-05,0.010496314433972392
1154,1.231111111111111,0.3318181818181818,8.250926055779172e-05,0.01081798194797435
1155,1.231111111111111,0.33777777777777773,-0.00014670474031726148,0.011018261660582689
1156,1.231111111111111,0.34373737373737373,-2.6191997983900984e-05,0.011189221209500328
1157,1.231111111111111,0.3496969696969697,0.00012820720391674257,0.01134260054580725
1158,1.231111111111111,0.3556565656565656,0.00016707010345950977,0.011503327767182788
1159,1.231111111111111,0.3616161616161616,0.00018709088595938366,0.011899907540622399
1160,1.231111111111111,0.36757575757575756,7.074204447986565e-07,0.012020124442344748
1161,1.231111111111111,0.3735353535353535,-0.00032974992244717247,0.012113832554883965
1162,1.231111111111111,0.37949494949494944,1.116355199741761e-05,0.012321588034109272
1163,1.231111111111111,0.38545454545454544,0.0001383416730206365,0.012645826688720108
1164,1.231111111111111,0.3914141414141414,-0.00017134254206106143,0.012842707610385903
1165,1.231111111111111,0.3973737373737373,0.00010384882799138533,0.012922373430902058
1166,1.231111111111111,0.4033333333333333,4.158685608284906e-05,0.013230192062441403
1167,1.231111111111111,0.40929292929292926,-0.00017035109684054167,0.013446626349407008
1168,1.231111111111111,0.4152525252525252,-0.00017559107275552,0.013345834600836826
1169,1.231111111111111,0.42121212121212115,0.0002380145114268835,0.013820183409045676
1170,1.231111111111111,0.42717171717171715,-0.0001278906481062308,0.013934520014014691
1171,1.231111111111111,0.4331313131313131,-0.00015404148775942806,0.01413823786120636
1172,1.231111111111111,0.43909090909090903,0.00023717436799275103,0.014545133416460496
1173,1.231111111111111,0.44505050505050503,0.00010231386382933996,0.014734008891441663
1174,1.231111111111111,0.45101010101010097,5.2153649450954025e-06,0.01458327310774051
1175,1.231111111111111,0.4569696969696969,-3.5813427295741376e-05,0.015087960719543225
1176,1.231111111111111,0.4629292929292929,-0.00010296147319527949,0.01520632898939626
1177,1.231111111111111,0.46888888888888886,-0.00016213075210185334,0.015184504066206608
1178,1.231111111111111,0.4748484848484848,-9.070617545332514e-05,0.015610450415952899
1179,1.231111111111111,0.48080808080808074,-3.1084255035419604e-05,0.015591313016656002
1180,1.231111111111111,0.48676767676767674,0.0003081036194729664,0.016113668577984862
1181,1.231111111111111,0.4927272727272727,-0.00016781459520493123,0.01617300710886736
1182,1.231111111111111,0.4986868686868686,0.00016775783513347023,0.01622649327447015
1183,1.231111111111111,0.5046464646464646,0.00017517188971819878,0.01670250804669048
1184,1.231111111111111,0.5106060606060605,0.0001643275073202629,0.01674659276814378
1185,1.231111111111111,0.5165656565656566,8.56044000922076e-05,0.016636946842662915
1186,1.231111111111111,0.5225252525252525,-5.831396160909884e-05,0.01711342487353012
1187,1.231111111111111,0.5284848484848484,-0.00012783978264121378,0.017039728735078457
1188,1.231111111111111,0.5344444444444444,-9.706085647580148e-05,0.017592733246606533
1189,1.231111111111111,0.5404040404040403,0.0002954208711460741,0.017588416819549736
1190,1.231111111111111,0.5463636363636363,0.00016388883881879418,0.017920930938675243
1191,1.231111111111111,0.5523232323232323,0.000289720245714254,0.018327173454475335
1192,1.231111111111111,0.5582828282828283,0.00025674199186440365,0.018308423833710463
1193,1.231111111111111,0.5642424242424242,0.00022149376817179003,0.018465902324982297
1194,1.231111111111111,0.5702020202020202,-5.387714302342246e-05,0.018771770548609745
1195,1.231111111111111,0.5761616161616161,-0.00016964413599791705,0.018614190847293727
1196,1.231111111111111,0.582121212121212,0.000116270401006473,0.018923482126001367
1197,1.231111111111111,0.588080808080808,8.122889663901534e-06,0.019087158774908995
1198,1.231111111111111,0.594040404040404,-6.694597741536859e-05,0.019638264351320572
1199,1.231111111111111,0.6,0.00010072474469812097,0.01970914835365241
1200,1.2512121212121212,0.01,2.9445602593451635e-06,0.0003529327526854696
1201,1.2512121212121212,0.01595959595959596,2.762296405863118e-07,0.0005701925509134369
1202,1.2512121212121212,0.021919191919191918,-8.827002137892348e-06,0.0007767675865944543
1203,1.2512121212121212,0.027878787878787878,-1.5608208343939455e-05,0.0009777616334525595
1204,1.2512121212121212,0.033838383838383834,-6.391339961448394e-06,0.0011946923986669012
1205,1.2512121212121212,0.0397979797979798,8.523499631939935e-06,0.0014001367359413673
1206,1.2512121212121212,0.045757575757575754,2.6453595082915093e-05,0.0016084909866986503
1207,1.2512121212121212,0.05171717171717172,1.4453042714721908e-05,0.0018666590119822165
1208,1.2512121212121212,0.05767676767676767,9.802850172854671e-06,0.002041599235708727
1209,1.2512121212121212,0.06363636363636363,2.958722648355987e-05,0.0022587202446334755
1210,1.2512121212121212,0.06959595959595959,-9.502147090733493e-07,0.002462667772429436
1211,1.2512121212121212,0.07555555555555554,-1.0414764037640356e-05,0.002701288003169918
1212,1.2512121212121212,0.0815151515151515,-3.094117959980214e-06,0.0029037894891392304
1213,1.2512121212121212,0.08747474747474746,9.47026320493407e-06,0.0030780048759062495
1214,1.2512121212121212,0.09343434343434343,-8.269816863643841e-06,0.0033371258629253044
1215,1.2512121212121212,0.09939393939393938,-2.8495206678043228e-05,0.003491944757233538
1216,1.2512121212121212,0.10535353535353534,5.73590948380163e-05,0.0037235177360927007
1217,1.2512121212121212,0.1113131313131313,6.423462761067969e-05,0.003959650012916148
1218,1.2512121212121212,0.11727272727272725,-3.064337778756068e-05,0.004163282566384228
1219,1.2512121212121212,0.12323232323232322,4.5933505734854286e-05,0.0043161713771908885
1220,1.2512121212121212,0.1291919191919192,-5.1482373158171876e-05,0.004595301882062979
1221,1.2512121212121212,0.13515151515151513,-6.842148556945247e-05,0.004778599626279047
1222,1.2512121212121212,0.1411111111111111,4.184299422265457e-05,0.004985838623583474
1223,1.2512121212121212,0.14707070707070707,-2.982237571243761e-05,0.005200036983916194
1224,1.2512121212121212,0.15303030303030302,-1.283788802632102e-05,0.005478218255729548
1225,1.2512121212121212,0.158989898989899,5.662335447934163e-06,0.00558827056585557
1226,1.2512121212121212,0.16494949494949493,-5.793828527226169e-05,0.005819818222926406
1227,1.2512121212121212,0.1709090909090909,3.0892633988039986e-07,0.006035396611039141
1228,1.2512121212121212,0.17686868686868687,2.8288533816248096e-05,0.006233372674042487
1229,1.2512121212121212,0.1828282828282828,-7.50972998509118e-05,0.006494709537379821
1230,1.2512121212121212,0.18878787878787878,6.526749142067544e-05,0.0066976533684172355
1231,1.2512121212121212,0.19474747474747472,-2.5521697530917377e-06,0.006892060355808038
1232,1.2512121212121212,0.2007070707070707,7.495340169308096e-06,0.007084153915147153
1233,1.2512121212121212,0.20666666666666667,9.106632254249791e-06,0.007353140332493049
1234,1.2512121212121212,0.2126262626262626,-0.00014353280437556703,0.00758117316981392
1235,1.2512121212121212,0.21858585858585858,1.7437426351541886e-05,0.007727409121455195
1236,1.2512121212121212,0.22454545454545452,-9.194444941183255e-06,0.008039251313410354
1237,1.2512121212121212,0.2305050505050505,4.310217509849057e-07,0.00819368208783137
1238,1.2512121212121212,0.23646464646464646,-0.00011227387642205628,0.008320603427740395
1239,1.2512121212121212,0.2424242424242424,-3.81420527557837e-05,0.008501048767355815
1240,1.2512121212121212,0.24838383838383837,-0.00010241812774656171,0.008826839572313807
1241,1.2512121212121212,0.2543434343434343,8.41832276098684e-06,0.008938374470169529
1242,1.2512121212121212,0.26030303030303026,-7.034186300561721e-05,0.00916804298382696
1243,1.2512121212121212,0.26626262626262626,9.00494872907706e-05,0.009532005229164106
1244,1.2512121212121212,0.2722222222222222,-3.0076236324416973e-05,0.00961589028488169
1245,1.2512121212121212,0.27818181818181814,3.5415377797606396e-06,0.009840298827617073
1246,1.2512121212121212,0.28414141414141414,8.480111592462754e-05,0.010094690506418211
1247,1.2512121212121212,0.2901010101010101,7.904908591447601e-05,0.010223446785156739
1248,1.2512121212121212,0.296060606060606,-0.00015914180619238795,0.010637617693330588
1249,1.2512121212121212,0.302020202020202,-2.617251544106699e-05,0.010582386574746363
1250,1.2512121212121212,0.30797979797979796,-4.043400009495057e-05,0.010923161604021604
1251,1.2512121212121212,0.3139393939393939,8.714455508524322e-05,0.011169649002760174
1252,1.2512121212121212,0.31989898989898985,-5.4260571451395026e-05,0.011330251494563494
1253,1.2512121212121212,0.32585858585858585,-9.319590525022365e-05,0.01154964419054789
1254,1.2512121212121212,0.3318181818181818,-0.0001783619706797352,0.01180002557503186
1255,1.2512121212121212,0.33777777777777773,5.92058194267395e-05,0.011909073039517104
1256,1.2512121212121212,0.34373737373737373,0.00010705234019744067,0.012257118497816143
1257,1.2512121212121212,0.3496969696969697,3.630566556293677e-05,0.012353189827882157
1258,1.2512121212121212,0.3556565656565656,0.00019570730652914198,0.0125639109402885
1259,1.2512121212121212,0.3616161616161616,9.778450706992636e-06,0.012912908037778994
1260,1.2512121212121212,0.36757575757575756,-0.00011574094207988903,0.012855668252784601
1261,1.2512121212121212,0.3735353535353535,0.0002605878055540096,0.013336515814486407
1262,1.2512121212121212,0.37949494949494944,-1.8277524296342318e-05,0.013505741392246503
1263,1.2512121212121212,0.38545454545454544,0.00018180265568069234,0.01378121972248228
1264,1.2512121212121212,0.3914141414141414,-0.00021900007461809272,0.01383355767286194
1265,1.2512121212121212,0.3973737373737373,-3.425964028038067e-05,0.014167454083455667
1266,1.2512121212121212,0.4033333333333333,0.00014681834071984617,0.014216485165338686
1267,1.2512121212121212,0.40929292929292926,4.188902715821006e-05,0.014580884580585988
1268,1.2512121212121212,0.4152525252525252,2.8782704369195677e-05,0.014578462980109178
1269,1.2512121212121212,0.42121212121212115,-1.9350868001306e-05,0.01497316441026509
1270,1.2512121212121212,0.42717171717171715,-3.410830990994329e-06,0.015186482731209231
1271,1.2512121212121212,0.4331313131313131,-6.74562116742014e-05,0.01520126699749146
1272,1.2512121212121212,0.43909090909090903,-2.9187025849101522e-05,0.01566170755827365
1273,1.2512121212121212,0.44505050505050503,3.0240189732831736e-05,0.015763808115423505
1274,1.2512121212121212,0.45101010101010097,4.738135801576559e-06,0.01594382634894333
1275,1.2512121212121212,0.4569696969696969,6.815747292013731e-05,0.016101310624308775
1276,1.2512121212121212,0.4629292929292929,0.0003007715468884899,0.01653504988387226
1277,1.2512121212121212,0.46888888888888886,-5.32944717191991e-06,0.016655870387449784
1278,1.2512121212121212,0.4748484848484848,5.3706688082755924e-05,0.016822731973169802
1279,1.2512121212121212,0.48080808080808074,-5.7407378508221505e-05,0.016924038905444295
1280,1.2512121212121212,0.48676767676767674,0.00013499795390128647,0.01730229730623378
1281,1.2512121212121212,0.4927272727272727,0.00011570275809656047,0.0172857026897982
1282,1.2512121212121212,0.4986868686868686,-0.00026234615039218297,0.01781094160469657
1283,1.2512121212121212,0.5046464646464646,-0.00019881687938792317,0.01788088233757004
1284,1.2512121212121212,0.5106060606060605,0.0001058833148751478,0.018238811081943165
1285,1.2512121212121212,0.5165656565656566,3.011202073478171e-05,0.01866620011052536
1286,1.2512121212121212,0.5225252525252525,7.704360618144547e-05,0.018894199874001937
1287,1.2512121212121212,0.5284848484848484,-0.00022697110712060602,0.018455964909356234
1288,1.2512121212121212,0.5344444444444444,-7.085134757854197e-05,0.019189367527570465
1289,1.2512121212121212,0.5404040404040403,0.00022419614200960914,0.019216241888076063
1290,1.2512121212121212,0.5463636363636363,0.00028601290818453407,0.01973929871090935
1291,1.2512121212121212,0.5523232323232323,-0.0001713860433825118,0.01966500493402697
1292,1.2512121212121212,0.5582828282828283,-2.9291929134318882e-05,0.019706409922300314
1293,1.2512121212121212,0.5642424242424242,-0.00018438975276481313,0.02026113970217665
1294,1.2512121212121212,0.5702020202020202,8.474944308623536e-05,0.020387087636122955
1295,1.2512121212121212,0.5761616161616161,4.7502408117409e-05,0.020930081694959798
1296,1.2512121212121212,0.582121212121212,-0.0002238720720899623,0.020553293075558806
1297,1.2512121212121212,0.588080808080808,-0.0003071119971376207,0.02093631771016324
1298,1.2512121212121212,0.594040404040404,0.00032997043658645797,0.02115369310358165
1299,1.2512121212121212,0.6,-6.857608364534923e-05,0.021718595548177
1300,1.2713131313131314,0.01,-2.383001913451388e-06,0.00038354636552297936
1301,1.2713131313131314,0.01595959595959596,-1.5936205923712143e-06,0.0006146404704077873
1302,1.2713131313131314,0.021919191919191918,1.0819342822866308e-05,0.0008517212294376925
1303,1.2713131313131314,0.027878787878787878,-1.2113878614268647e-05,0.0010604062495522108
1304,1.2713131313131314,0.033838383838383834,6.843361686717175e-07,0.0012944887609688796
1305,1.2713131313131314,0.0397979797979798,6.203764852279692e-06,0.0015302029394166352
1306,1.2713131313131314,0.045757575757575754,1.1136103721562251e-05,0.0017687340933336144
1307,1.2713131313131314,0.05171717171717172,-3.153352495938189e-06,0.001962535432098595
1308,1.2713131313131314,0.05767676767676767,-2.072982546715687e-05,0.0022019851913801696
1309,1.2713131313131314,0.06363636363636363,-3.2192504131393084e-05,0.002426686754405239
1310,1.2713131313131314,0.06959595959595959,2.0619880823018687e-05,0.0026594835046189745
1311,1.2713131313131314,0.07555555555555554,-5.213521354188621e-07,0.002901896382754369
1312,1.2713131313131314,0.0815151515151515,8.33752330864389e-06,0.0031565567618122357
1313,1.2713131313131314,0.08747474747474746,-6.845728758842413e-05,0.003370301221119242
1314,1.2713131313131314,0.09343434343434343,2.7092984881120486e-05,0.0035631311559664834
1315,1.2713131313131314,0.09939393939393938,2.884257212989242e-05,0.003763151363826034
1316,1.2713131313131314,0.10535353535353534,-3.4698628807359635e-05,0.004043745917255036
1317,1.2713131313131314,0.1113131313131313,-7.342911805841076e-05,0.004215066598635529
1318,1.2713131313131314,0.11727272727272725,-1.721656390233154e-05,0.004500020931535203
1319,1.2713131313131314,0.12323232323232322,-3.622997642870469e-05,0.004672943029926965
1320,1.2713131313131314,0.1291919191919192,-1.1089363392966656e-05,0.004929717625243128
1321,1.2713131313131314,0.13515151515151513,-2.1291190973884533e-05,0.005171159698728625
1322,1.2713131313131314,0.1411111111111111,-2.0066060176456368e-05,0.005313440174995761
1323,1.2713131313131314,0.14707070707070707,-7.411083614379799e-05,0.0055765130681846515
1324,1.2713131313131314,0.15303030303030302,-2.8455042086971614e-05,0.005860000827950046
1325,1.2713131313131314,0.158989898989899,-8.849867025628611e-06,0.00606154959722231
1326,1.2713131313131314,0.16494949494949493,2.1105923990361964e-05,0.006297798409218883
1327,1.2713131313131314,0.1709090909090909,-7.610934947838421e-06,0.006552056606034806
1328,1.2713131313131314,0.17686868686868687,5.14650791011944e-05,0.0067854298104663684
1329,1.2713131313131314,0.1828282828282828,7.655129541715186e-05,0.007085969422110366
1330,1.2713131313131314,0.18878787878787878,-6.649296858910103e-06,0.007239245429015318
1331,1.2713131313131314,0.19474747474747472,-2.1911864509433344e-05,0.00743240024791803
1332,1.2713131313131314,0.2007070707070707,4.8765394237499584e-05,0.007696054754162451
1333,1.2713131313131314,0.20666666666666667,-4.261209419690404e-06,0.007918353544578344
1334,1.2713131313131314,0.2126262626262626,0.0001212092321725967,0.008216981774766999
1335,1.2713131313131314,0.21858585858585858,0.0001920815983632722,0.008351400458660287
1336,1.2713131313131314,0.22454545454545452,3.903751236914119e-05,0.008648530144732922
1337,1.2713131313131314,0.2305050505050505,-6.0382449341845115e-06,0.008731572028942498
1338,1.2713131313131314,0.23646464646464646,-0.00011098108344811104,0.009105977439088657
1339,1.2713131313131314,0.2424242424242424,1.9324540750804364e-05,0.009191417382058416
1340,1.2713131313131314,0.24838383838383837,-5.935388324130208e-07,0.009385748537604504
1341,1.2713131313131314,0.2543434343434343,-1.8827245494109936e-05,0.009792104334422068
1342,1.2713131313131314,0.26030303030303026,-6.18480964847069e-05,0.009939506085013912
1343,1.2713131313131314,0.26626262626262626,-0.00011728672134443252,0.010149593727210332
1344,1.2713131313131314,0.2722222222222222,-3.5824078504847325e-05,0.010361570582568248
1345,1.2713131313131314,0.27818181818181814,5.1770690099555125e-05,0.010638012147258505
1346,1.2713131313131314,0.28414141414141414,-8.29667078893511e-05,0.010854891876550383
1347,1.2713131313131314,0.2901010101010101,3.222888020939756e-05,0.011132766748921604
1348,1.2713131313131314,0.296060606060606,0.00021607977746678842,0.011452143943976052
1349,1.2713131313131314,0.302020202020202,-0.00011012941104505405,0.011641216792269737
1350,1.2713131313131314,0.30797979797979796,0.00010488138046987226,0.011909012352803552
1351,1.2713131313131314,0.3139393939393939,-0.00013309257817272364,0.01192155294578965
1352,1.2713131313131314,0.31989898989898985,-0.00017885122502757174,0.012215699641009088
1353,1.2713131313131314,0.32585858585858585,-9.234394494997289e-05,0.012464275544430992
1354,1.2713131313131314,0.3318181818181818,5.55967969215864e-05,0.012660443128194013
1355,1.2713131313131314,0.33777777777777773,0.00016266438583304894,0.013136796621658106
1356,1.2713131313131314,0.34373737373737373,0.00012085312578942245,0.013331018573067214
1357,1.2713131313131314,0.3496969696969697,9.40028367457697e-06,0.013313739312845869
1358,1.2713131313131314,0.3556565656565656,0.00011648778685146346,0.013787940344476113
1359,1.2713131313131314,0.3616161616161616,-0.0001423290761284853,0.01381925294884572
1360,1.2713131313131314,0.36757575757575756,4.5797209269592556e-05,0.014092246869676901
1361,1.2713131313131314,0.3735353535353535,4.5979478456720235e-06,0.014171638303861343
1362,1.2713131313131314,0.37949494949494944,-0.00012220508086981842,0.014526909933931879
1363,1.2713131313131314,0.38545454545454544,8.951566557999192e-05,0.014865767099238791
1364,1.2713131313131314,0.3914141414141414,-4.4100011907101534e-05,0.015028856244504259
1365,1.2713131313131314,0.3973737373737373,-2.6110195894741627e-05,0.015276793383376262
1366,1.2713131313131314,0.4033333333333333,0.00010718024702469551,0.01554561672732466
1367,1.2713131313131314,0.40929292929292926,-0.0001753981379661579,0.015691617127128767
1368,1.2713131313131314,0.4152525252525252,-0.00019440057703130868,0.01601732287642201
1369,1.2713131313131314,0.42121212121212115,-3.462489062199747e-05,0.016307467646379633
1370,1.2713131313131314,0.42717171717171715,0.00012887575866933588,0.01660919857017693
1371,1.2713131313131314,0.4331313131313131,-0.0003240404690297794,0.016462658954412228
1372,1.2713131313131314,0.43909090909090903,0.00044189246105752835,0.01694502926642294
1373,1.2713131313131314,0.44505050505050503,0.00014500800044997634,0.017184177191874046
1374,1.2713131313131314,0.45101010101010097,-0.00014898225209641685,0.017173758416953896
1375,1.2713131313131314,0.4569696969696969,6.92304102353849e-05,0.01777706047369759
1376,1.2713131313131314,0.4629292929292929,-0.00019409295368439657,0.017788339044545666
1377,1.2713131313131314,0.46888888888888886,0.00019792823636895668,0.017811872335473575
1378,1.2713131313131314,0.4748484848484848,3.2364396134588094e-05,0.01831329556916431
1379,1.2713131313131314,0.48080808080808074,-0.00029394933941296047,0.018319749388185362
1380,1.2713131313131314,0.48676767676767674,0.00015824390297794765,0.018932944869955524
1381,1.2713131313131314,0.4927272727272727,0.00017151124813398016,0.018892781650111077
1382,1.2713131313131314,0.4986868686868686,8.448939390471138e-05,0.019060260079209346
1383,1.2713131313131314,0.5046464646464646,-6.47071316098713e-06,0.019454325254801567
1384,1.2713131313131314,0.5106060606060605,0.00024559131708769353,0.019603163721548144
1385,1.2713131313131314,0.5165656565656566,0.0004404572484186608,0.019913394185794332
1386,1.2713131313131314,0.5225252525252525,7.412167438852109e-05,0.01995818549284561
1387,1.2713131313131314,0.5284848484848484,-0.00028095579970125286,0.020290571934285472
1388,1.2713131313131314,0.5344444444444444,2.8965840254010767e-05,0.02062872079087431
1389,1.2713131313131314,0.5404040404040403,0.00026376123107497567,0.020580087697315768
1390,1.2713131313131314,0.5463636363636363,-2.2849186947252052e-05,0.021057720692991642
1391,1.2713131313131314,0.5523232323232323,-1.052572997811856e-05,0.021351871774965777
1392,1.2713131313131314,0.5582828282828283,0.0003103924592058882,0.02142666605682353
1393,1.2713131313131314,0.5642424242424242,-7.033949280987644e-05,0.021894060858745356
1394,1.2713131313131314,0.5702020202020202,-0.00026084656899247295,0.02179855201201872
1395,1.2713131313131314,0.5761616161616161,0.00028036893652833825,0.02234272661428827
1396,1.2713131313131314,0.582121212121212,-0.00019737679669181495,0.022424748133501503
1397,1.2713131313131314,0.588080808080808,0.0003270971372439877,0.02271275040151549
1398,1.2713131313131314,0.594040404040404,0.00017528660984915864,0.02316793853853052
1399,1.2713131313131314,0.6,0.0003844240737539631,0.023303504097949054
1400,1.2914141414141413,0.01,1.7809329463787104e-07,0.000409314048768531
1401,1.2914141414141413,0.01595959595959596,-6.564093628066048e-06,0.0006503081520513062
1402,1.2914141414141413,0.021919191919191918,8.724284543608885e-06,0.0009068843400869032
1403,1.2914141414141413,0.027878787878787878,3.730405206065901e-06,0.0011282626876949302
1404,1.2914141414141413,0.033838383838383834,-9.967468329584616e-07,0.0013990433625023038
1405,1.2914141414141413,0.0397979797979798,3.4068059211899704e-06,0.0016513761008179802
1406,1.2914141414141413,0.045757575757575754,1.5628100445304916e-05,0.001882411992754879
1407,1.2914141414141413,0.05171717171717172,2.446862623447994e-05,0.002135542498356393
1408,1.2914141414141413,0.05767676767676767,2.784381638787815e-05,0.002397244139731059
1409,1.2914141414141413,0.06363636363636363,1.4450357038917371e-05,0.0026111901520028437
1410,1.2914141414141413,0.06959595959595959,1.668658235946644e-05,0.0028404284022156036
1411,1.2914141414141413,0.07555555555555554,-1.9662895526009504e-05,0.003113919081787189
1412,1.2914141414141413,0.0815151515151515,-2.9327348148219633e-05,0.00337359195287481
1413,1.2914141414141413,0.08747474747474746,-1.131496162317549e-05,0.003610984891510324
1414,1.2914141414141413,0.09343434343434343,5.201986290594746e-05,0.0038380240264045537
1415,1.2914141414141413,0.09939393939393938,-9.8921627711697e-06,0.0040601059750598415
1416,1.2914141414141413,0.10535353535353534,6.895203752650026e-05,0.004323591343530821
1417,1.2914141414141413,0.1113131313131313,6.19152963879979e-05,0.004585522942541828
1418,1.2914141414141413,0.11727272727272725,4.596565451030182e-05,0.004857179622895758
1419,1.2914141414141413,0.12323232323232322,1.348993748487457e-05,0.0050980018843104265
1420,1.2914141414141413,0.1291919191919192,5.430475146092699e-05,0.005333624252781335
1421,1.2914141414141413,0.13515151515151513,-0.00010655462048841637,0.005519316716604944
1422,1.2914141414141413,0.1411111111111111,-9.815942544411648e-06,0.005771849366919595
1423,1.2914141414141413,0.14707070707070707,-8.871748785188099e-05,0.006116394871649176
1424,1.2914141414141413,0.15303030303030302,-2.4291519517573446e-05,0.00636969983508195
1425,1.2914141414141413,0.158989898989899,1.1867893817265274e-06,0.006503788710678175
1426,1.2914141414141413,0.16494949494949493,8.382809524830359e-05,0.006761124872976911
1427,1.2914141414141413,0.1709090909090909,2.559810968502222e-05,0.0070034075771665625
1428,1.2914141414141413,0.17686868686868687,-7.606381051543428e-05,0.007278815858227805
1429,1.2914141414141413,0.1828282828282828,-7.194652660962494e-05,0.007556908360769957
1430,1.2914141414141413,0.18878787878787878,0.00022392694659437601,0.0077139929904684575
1431,1.2914141414141413,0.19474747474747472,1.927692465353821e-05,0.007844949141824282
1432,1.2914141414141413,0.2007070707070707,-6.930786378612796e-06,0.008277644605685423
1433,1.2914141414141413,0.20666666666666667,7.025768947006073e-05,0.00854419878942579
1434,1.2914141414141413,0.2126262626262626,-1.1137792505800615e-05,0.008730813836722674
1435,1.2914141414141413,0.21858585858585858,3.410802008406833e-05,0.009039829176619354
1436,1.2914141414141413,0.22454545454545452,0.00011852312827774334,0.009311111301081976
1437,1.2914141414141413,0.2305050505050505,8.399022840805384e-05,0.009509557249822448
1438,1.2914141414141413,0.23646464646464646,-1.0879703390318762e-05,0.009801860993888451
1439,1.2914141414141413,0.2424242424242424,6.40599259666619e-05,0.010043595027434161
1440,1.2914141414141413,0.24838383838383837,6.610658426221995e-05,0.01025616065153868
1441,1.2914141414141413,0.2543434343434343,0.00014105785993572778,0.010534463973295442
1442,1.2914141414141413,0.26030303030303026,-0.00019679013137709252,0.010675411390615423
1443,1.2914141414141413,0.26626262626262626,2.6152730318303973e-05,0.010944248058145437
1444,1.2914141414141413,0.2722222222222222,3.733980641365966e-05,0.01130742822073404
1445,1.2914141414141413,0.27818181818181814,0.0001521146306607251,0.011544228253898947
1446,1.2914141414141413,0.28414141414141414,0.00015268923429606786,0.011677513312465037
1447,1.2914141414141413,0.2901010101010101,1.713347470710649e-05,0.011981851395593626
1448,1.2914141414141413,0.296060606060606,0.00014592893279863283,0.01214923896543801
1449,1.2914141414141413,0.302020202020202,-5.461520946293006e-05,0.012368044513429086
1450,1.2914141414141413,0.30797979797979796,0.00012662150731720506,0.012698908086750496
1451,1.2914141414141413,0.3139393939393939,0.00039810938010127295,0.013010050506821387
1452,1.2914141414141413,0.31989898989898985,-3.6114987164842275e-05,0.013046890907520502
1453,1.2914141414141413,0.32585858585858585,1.7778469964251554e-05,0.013341901195813606
1454,1.2914141414141413,0.3318181818181818,-3.7289417888203616e-05,0.013613519112626543
1455,1.2914141414141413,0.33777777777777773,-1.5573029422855345e-05,0.013703103997102322
1456,1.2914141414141413,0.34373737373737373,-0.00019389369940234558,0.014122249930394407
1457,1.2914141414141413,0.3496969696969697,0.00031475004258685216,0.01417912194430239
1458,1.2914141414141413,0.3556565656565656,5.734473207931372e-05,0.01452495054830558
1459,1.2914141414141413,0.3616161616161616,0.0001316269103783462,0.014929899343501439
1460,1.2914141414141413,0.36757575757575756,8.228910429856384e-05,0.015294696971353472
1461,1.2914141414141413,0.3735353535353535,0.00012019177385974929,0.01527818295854409
1462,1.2914141414141413,0.37949494949494944,-0.0002559020617107603,0.01561968650389194
1463,1.2914141414141413,0.38545454545454544,-1.5728502996562254e-05,0.01585370953473662
1464,1.2914141414141413,0.3914141414141414,-4.719931550853495e-05,0.016180812764557545
1465,1.2914141414141413,0.3973737373737373,-2.9603268230066428e-05,0.016205916472317266
1466,1.2914141414141413,0.4033333333333333,-0.00012475286063593014,0.016640805746216097
1467,1.2914141414141413,0.40929292929292926,-0.0001776833059184896,0.016621685473081838
1468,1.2914141414141413,0.4152525252525252,8.307779656538318e-05,0.01720573294123086
1469,1.2914141414141413,0.42121212121212115,-4.578710563018636e-05,0.017497173350276264
1470,1.2914141414141413,0.42717171717171715,0.0001614877629886915,0.017539514868331777
1471,1.2914141414141413,0.4331313131313131,9.222148690409598e-05,0.017867792801063532
1472,1.2914141414141413,0.43909090909090903,-0.00011874901406051719,0.01828754084613452
1473,1.2914141414141413,0.44505050505050503,0.00024205923299363953,0.018115670603211752
1474,1.2914141414141413,0.45101010101010097,0.00025561654977995465,0.018609423199247094
1475,1.2914141414141413,0.4569696969696969,-0.00023150592313556236,0.018989610656924692
1476,1.2914141414141413,0.4629292929292929,5.175118503756886e-05,0.019126418418193167
1477,1.2914141414141413,0.46888888888888886,-0.0002555936699874134,0.019398713542437676
1478,1.2914141414141413,0.4748484848484848,0.00022452781364970873,0.019924409075013316
1479,1.2914141414141413,0.48080808080808074,8.58733401062655e-05,0.01994284755694541
1480,1.2914141414141413,0.48676767676767674,-0.00010503933788722141,0.019855289155668306
1481,1.2914141414141413,0.4927272727272727,1.043298281080407e-08,0.020069662459462245
1482,1.2914141414141413,0.4986868686868686,0.00029540802809550166,0.02078296742602376
1483,1.2914141414141413,0.5046464646464646,0.00038691382556342287,0.02108304983303398
1484,1.2914141414141413,0.5106060606060605,-0.0002474896425818819,0.021060654425615968
1485,1.2914141414141413,0.5165656565656566,0.0001808374993230587,0.0212549287462001
1486,1.2914141414141413,0.5225252525252525,1.2788216800103391e-05,0.021607172576051083
1487,1.2914141414141413,0.5284848484848484,0.00022143322336598193,0.02188306988650115
1488,1.2914141414141413,0.5344444444444444,0.00033184724881587277,0.022159991619824643
1489,1.2914141414141413,0.5404040404040403,-0.0003427541363832218,0.022323103753168854
1490,1.2914141414141413,0.5463636363636363,0.000424765323852621,0.022742978606352673
1491,1.2914141414141413,0.5523232323232323,0.00029617583712224417,0.023003626043338523
1492,1.2914141414141413,0.5582828282828283,-0.00023737784862365107,0.022911812601174964
1493,1.2914141414141413,0.5642424242424242,4.556126610219334e-05,0.023356562640617008
1494,1.2914141414141413,0.5702020202020202,0.00017871446029586537,0.02337908578936917
1495,1.2914141414141413,0.5761616161616161,5.674813103613625e-05,0.023969730340543834
1496,1.2914141414141413,0.582121212121212,0.00010786582593598948,0.024285450422898012
1497,1.2914141414141413,0.588080808080808,-5.233740933818787e-05,0.024219514856630354
1498,1.2914141414141413,0.594040404040404,0.00018253457771366568,0.024809556437754614
1499,1.2914141414141413,0.6,-3.057308244933893e-05,0.02464816670235948
1500,1.3115151515151515,0.01,-3.517650504185832e-06,0.0004335377216791789
1501,1.3115151515151515,0.01595959595959596,-8.402316670923005e-06,0.0006966908441279424
1502,1.3115151515151515,0.021919191919191918,1.0378821616037903e-05,0.0009559016190847479
1503,1.3115151515151515,0.027878787878787878,-4.401856970085116e-06,0.0012122479908216505
1504,1.3115151515151515,0.033838383838383834,-8.26390409895873e-06,0.0014878822292393452
1505,1.3115151515151515,0.0397979797979798,-1.938592033164407e-05,0.0017398796783276893
1506,1.3115151515151515,0.045757575757575754,1.1359811990181113e-05,0.0019899557710618206
1507,1.3115151515151515,0.05171717171717172,7.356939579909749e-06,0.0022890179093161067
1508,1.3115151515151515,0.05767676767676767,3.1342607218299526e-05,0.0025105038618513224
1509,1.3115151515151515,0.06363636363636363,-4.766158608863338e-05,0.002774957912620746
1510,1.3115151515151515,0.06959595959595959,1.5917638839878123e-05,0.003125550890540457
1511,1.3115151515151515,0.07555555555555554,-2.126214045501894e-05,0.0032607237194451186
1512,1.3115151515151515,0.0815151515151515,7.55160202672221e-05,0.003537685450035891
1513,1.3115151515151515,0.08747474747474746,2.226159421352425e-05,0.0038664389615965765
1514,1.3115151515151515,0.09343434343434343,3.218054992417666e-05,0.004100399785802568
1515,1.3115151515151515,0.09939393939393938,1.6215178529732576e-05,0.004327949592801181
1516,1.3115151515151515,0.10535353535353534,-6.196960765192029e-05,0.004605187745558269
1517,1.3115151515151515,0.1113131313131313,4.8595837232205105e-05,0.004902790677341787
1518,1.3115151515151515,0.11727272727272725,-5.5979396759648384e-05,0.005114706376729689
1519,1.3115151515151515,0.12323232323232322,-5.023779859119948e-07,0.005439160936988129
1520,1.3115151515151515,0.1291919191919192,7.167115872275765e-06,0.005735384021691617
1521,1.3115151515151515,0.13515151515151513,1.1863380516982157e-05,0.006015181969135803
1522,1.3115151515151515,0.1411111111111111,-9.942727258022998e-06,0.00620318299550985
1523,1.3115151515151515,0.14707070707070707,1.4935993641990497e-05,0.0064813144444760525
1524,1.3115151515151515,0.15303030303030302,4.391113639361422e-05,0.006815707701967109
1525,1.3115151515151515,0.158989898989899,2.1156147816151292e-05,0.006980149294992445
1526,1.3115151515151515,0.16494949494949493,6.326463830164167e-05,0.007262036811340007
1527,1.3115151515151515,0.1709090909090909,6.881474225341198e-05,0.007473262821868517
1528,1.3115151515151515,0.17686868686868687,7.739091516690168e-05,0.007851078248125264
1529,1.3115151515151515,0.1828282828282828,-2.0616789886617015e-05,0.008099295064869472
1530,1.3115151515151515,0.18878787878787878,1.9441595393122848e-06,0.008366341082901005
1531,1.3115151515151515,0.19474747474747472,0.00011391099650300995,0.008498422424435395
1532,1.3115151515151515,0.2007070707070707,-0.00013045905882724728,0.008798559722040375
1533,1.3115151515151515,0.20666666666666667,-9.794346318151126e-07,0.009063262111606839
1534,1.3115151515151515,0.2126262626262626,-0.00014201621867032218,0.009331424852714423
1535,1.3115151515151515,0.21858585858585858,-8.569208876345407e-05,0.009692126122606093
1536,1.3115151515151515,0.22454545454545452,4.589094010803685e-05,0.009823170585349907
1537,1.3115151515151515,0.2305050505050505,7.528124218016691e-05,0.010022600622809004
1538,1.3115151515151515,0.23646464646464646,0.00010177191912952473,0.010339322277214113
1539,1.3115151515151515,0.2424242424242424,-3.9448239679684403e-05,0.010730963320724669
1540,1.3115151515151515,0.24838383838383837,0.00012389311666585447,0.010907188025698516
1541,1.3115151515151515,0.2543434343434343,8.391771701828289e-06,0.01111561891004886
1542,1.3115151515151515,0.26030303030303026,-8.590953941630631e-05,0.011370401734879281
1543,1.3115151515151515,0.26626262626262626,0.00012134851645985365,0.01175521992210482
1544,1.3115151515151515,0.2722222222222222,2.9580434375561614e-05,0.011862766480021547
1545,1.3115151515151515,0.27818181818181814,-4.466436698003963e-05,0.012241980326714497
1546,1.3115151515151515,0.28414141414141414,4.440700836587616e-05,0.012653040027950741
1547,1.3115151515151515,0.2901010101010101,4.9222636569342036e-05,0.012743325762108317
1548,1.3115151515151515,0.296060606060606,-2.278208251816838e-06,0.013080405661091636
1549,1.3115151515151515,0.302020202020202,6.440849059750999e-05,0.013182496698204583
1550,1.3115151515151515,0.30797979797979796,-4.6783697879361595e-05,0.013582597093941709
1551,1.3115151515151515,0.3139393939393939,-0.00023247981283872773,0.013708674487254107
1552,1.3115151515151515,0.31989898989898985,4.2169310359607693e-07,0.014044798179547192
1553,1.3115151515151515,0.32585858585858585,-0.00017704060725751055,0.014386290407993314
1554,1.3115151515151515,0.3318181818181818,0.00013615746913715282,0.01474468736526248
1555,1.3115151515151515,0.33777777777777773,0.0001864909175740927,0.014647418271669883
1556,1.3115151515151515,0.34373737373737373,-2.524183967136373e-05,0.015231932162165746
1557,1.3115151515151515,0.3496969696969697,0.00017332680523102909,0.015456748064046053
1558,1.3115151515151515,0.3556565656565656,-0.0003060732370514613,0.015732198407345018
1559,1.3115151515151515,0.3616161616161616,-0.00020568352999203362,0.015886836121561117
1560,1.3115151515151515,0.36757575757575756,-3.150645899310931e-05,0.016199530187782345
1561,1.3115151515151515,0.3735353535353535,0.0002847026001300707,0.016610127876183853
1562,1.3115151515151515,0.37949494949494944,-3.1398351808308356e-05,0.016648478992302495
1563,1.3115151515151515,0.38545454545454544,0.00027381711147885505,0.016974909694682842
1564,1.3115151515151515,0.3914141414141414,-0.0002593539858079291,0.01729614617363866
1565,1.3115151515151515,0.3973737373737373,0.00027339759716331607,0.017372748531794095
1566,1.3115151515151515,0.4033333333333333,0.00012706785673904938,0.017911078533582765
1567,1.3115151515151515,0.40929292929292926,9.148293709510199e-05,0.01777863946666497
1568,1.3115151515151515,0.4152525252525252,-0.00020135003778850747,0.01809148995901838
1569,1.3115151515151515,0.42121212121212115,-5.1000982213053044e-06,0.01846209832799642
1570,1.3115151515151515,0.42717171717171715,0.00013365272347894334,0.01896927850393249
1571,1.3115151515151515,0.4331313131313131,0.00012148430282059005,0.019224018655284284
1572,1.3115151515151515,0.43909090909090903,-2.1267677250526074e-05,0.01929591618672753
1573,1.3115151515151515,0.44505050505050503,0.0002041794554044161,0.019810527532826493
1574,1.3115151515151515,0.45101010101010097,-0.00015272258445927486,0.019994115959065275
1575,1.3115151515151515,0.4569696969696969,0.0001945075963575245,0.02016103399302394
1576,1.3115151515151515,0.4629292929292929,0.0003563744193628828,0.020251267489419196
1577,1.3115151515151515,0.46888888888888886,-0.00022250878094226564,0.02081558285037557
1578,1.3115151515151515,0.4748484848484848,-6.751424410904891e-05,0.020906061345288558
1579,1.3115151515151515,0.48080808080808074,-0.0002317586009520559,0.021340941676412584
1580,1.3115151515151515,0.48676767676767674,-7.974493344089755e-05,0.021577052611392575
1581,1.3115151515151515,0.4927272727272727,-1.2374748498254041e-06,0.021712073642664583
1582,1.3115151515151515,0.4986868686868686,0.00010575764282469584,0.021988806208015237
1583,1.3115151515151515,0.5046464646464646,-7.87035721394349e-05,0.022326873287449072
1584,1.3115151515151515,0.5106060606060605,-9.68886125269924e-05,0.022496446952236952
1585,1.3115151515151515,0.5165656565656566,-0.00029538401464525765,0.022779839627048045
1586,1.3115151515151515,0.5225252525252525,-0.00016564874621046943,0.023176419214131525
1587,1.3115151515151515,0.5284848484848484,-0.0002663758158185665,0.023311138483599055
1588,1.3115151515151515,0.5344444444444444,-9.270002080153734e-05,0.023796921619084182
1589,1.3115151515151515,0.5404040404040403,0.000391068447153855,0.024064364870093533
1590,1.3115151515151515,0.5463636363636363,-0.0003549948683093082,0.023810744222155886
1591,1.3115151515151515,0.5523232323232323,-0.0006994254239847031,0.024145312066445015
1592,1.3115151515151515,0.5582828282828283,-2.0741746571139054e-05,0.0245068383864419
1593,1.3115151515151515,0.5642424242424242,-0.00011828665869073175,0.02493194614548815
1594,1.3115151515151515,0.5702020202020202,-6.72117357751067e-05,0.025337040922946773
1595,1.3115151515151515,0.5761616161616161,-0.0004368275795197933,0.0254965627179479
1596,1.3115151515151515,0.582121212121212,7.913077513900349e-05,0.025500432172587788
1597,1.3115151515151515,0.588080808080808,2.833178468689771e-05,0.025987395685843857
1598,1.3115151515151515,0.594040404040404,-0.00022385502777805407,0.026268219233979713
1599,1.3115151515151515,0.6,0.0004367875828045277,0.026698596736650298
1600,1.3316161616161617,0.01,-1.4888779824038134e-06,0.000468965521671078
1601,1.3316161616161617,0.01595959595959596,1.1231551552857533e-05,0.0007391586494036156
1602,1.3316161616161617,0.021919191919191918,1.4473674640582357e-06,0.0010135655404144891
1603,1.3316161616161617,0.027878787878787878,-1.0295127237016366e-05,0.0013000372554807262
1604,1.3316161616161617,0.033838383838383834,2.8993734990457075e-05,0.0015603556893278383
1605,1.3316161616161617,0.0397979797979798,-2.898653050698452e-06,0.0018729358490557446
1606,1.3316161616161617,0.045757575757575754,-2.1200820262048392e-07,0.00213358726919814
1607,1.3316161616161617,0.05171717171717172,1.7365568287959622e-05,0.002433025982391688
1608,1.3316161616161617,0.05767676767676767,4.841595731201236e-05,0.0026997096987104105
1609,1.3316161616161617,0.06363636363636363,1.0829935671382217e-05,0.0029755437327820323
1610,1.3316161616161617,0.06959595959595959,-1.1284958290956515e-05,0.0032554257153576
1611,1.3316161616161617,0.07555555555555554,-5.146756671509414e-05,0.003510357527205043
1612,1.3316161616161617,0.0815151515151515,-2.3363040387588672e-05,0.003809710598459503
1613,1.3316161616161617,0.08747474747474746,-5.1750187491560564e-05,0.004106757941384236
1614,1.3316161616161617,0.09343434343434343,2.197174944204542e-05,0.004387409292374931
1615,1.3316161616161617,0.09939393939393938,1.877022381630804e-05,0.00466802719261781
1616,1.3316161616161617,0.10535353535353534,-7.941038859495475e-06,0.004962464665844932
1617,1.3316161616161617,0.1113131313131313,-1.961448022991207e-05,0.0051651111335195505
1618,1.3316161616161617,0.11727272727272725,-1.402421888020402e-05,0.005496191984757463
1619,1.3316161616161617,0.12323232323232322,-3.7151498353619524e-05,0.005748943696056352
1620,1.3316161616161617,0.1291919191919192,9.167029360514502e-05,0.006020349345365754
1621,1.3316161616161617,0.13515151515151513,6.931601416587131e-05,0.006298337868657391
1622,1.3316161616161617,0.1411111111111111,-0.00011365508063760993,0.006539744902216512
1623,1.3316161616161617,0.14707070707070707,-3.5540393798102534e-05,0.006971673361937734
1624,1.3316161616161617,0.15303030303030302,0.00014727936631138625,0.007272552098624861
1625,1.3316161616161617,0.158989898989899,0.00014048862847948777,0.0074350022876245635
1626,1.3316161616161617,0.16494949494949493,-2.0427371395426274e-05,0.007794298292581585
1627,1.3316161616161617,0.1709090909090909,0.00013507084229301338,0.008073727109325595
1628,1.3316161616161617,0.17686868686868687,-4.8769181603193766e-05,0.008360928280763704
1629,1.3316161616161617,0.1828282828282828,0.00011362703423256435,0.008628798622706674
1630,1.3316161616161617,0.18878787878787878,-7.999635024609809e-05,0.008860542530929015
1631,1.3316161616161617,0.19474747474747472,0.0002268562000785261,0.00911186115377071
1632,1.3316161616161617,0.2007070707070707,-6.241853044082749e-05,0.009369981127501013
1633,1.3316161616161617,0.20666666666666667,4.9752764339432506e-05,0.00959603991428137
1634,1.3316161616161617,0.2126262626262626,-9.111603556944614e-05,0.00993730348765701
1635,1.3316161616161617,0.21858585858585858,0.00021668383094862448,0.010317640952934309
1636,1.3316161616161617,0.22454545454545452,-9.673628244949115e-05,0.010498356077497203
1637,1.3316161616161617,0.2305050505050505,-7.335516322190805e-06,0.01084750588267521
1638,1.3316161616161617,0.23646464646464646,-0.0001624356537079185,0.011157990311974678
1639,1.3316161616161617,0.2424242424242424,-3.7843240379114695e-05,0.011409894866449166
1640,1.3316161616161617,0.24838383838383837,-1.0893820501743412e-05,0.011655956057055716
1641,1.3316161616161617,0.2543434343434343,1.9211925876428894e-05,0.012036668840963884
1642,1.3316161616161617,0.26030303030303026,-2.9380081408714164e-05,0.012060904242011491
1643,1.3316161616161617,0.26626262626262626,0.0002036020927493785,0.012501307033065226
1644,1.3316161616161617,0.2722222222222222,-8.972046255286991e-06,0.012688093342327825
1645,1.3316161616161617,0.27818181818181814,3.3324514737306353e-06,0.013012774007913515
1646,1.3316161616161617,0.28414141414141414,-0.0003196423888329188,0.01324679456275669
1647,1.3316161616161617,0.2901010101010101,0.0002482470131791084,0.013637523840229218
1648,1.3316161616161617,0.296060606060606,-0.0001482202168121981,0.013806032996187382
1649,1.3316161616161617,0.302020202020202,3.108627723857893e-09,0.014223777682584952
1650,1.3316161616161617,0.30797979797979796,7.235838016627216e-06,0.01437212527833397
1651,1.3316161616161617,0.3139393939393939,0.00024282643253071426,0.014662252637658236
1652,1.3316161616161617,0.31989898989898985,-0.00016216053621047254,0.01500927364064947
1653,1.3316161616161617,0.32585858585858585,-0.00020684642113229872,0.015197839049039912
1654,1.3316161616161617,0.3318181818181818,-9.13913534116745e-05,0.015757350032008965
1655,1.3316161616161617,0.33777777777777773,0.0001594847918406689,0.015792831963523234
1656,1.3316161616161617,0.34373737373737373,0.00015211197328938547,0.016095140923356472
1657,1.3316161616161617,0.3496969696969697,4.678357392289201e-05,0.01642246560111739
1658,1.3316161616161617,0.3556565656565656,-0.00025348746809194524,0.01639689407460914
1659,1.3316161616161617,0.3616161616161616,-4.654292419199773e-05,0.016868703265812954
1660,1.3316161616161617,0.36757575757575756,0.00010369760273536233,0.017140617539510062
1661,1.3316161616161617,0.3735353535353535,-0.00026938301902724787,0.01745672773966422
1662,1.3316161616161617,0.37949494949494944,2.1220004331145248e-05,0.017635635013966047
1663,1.3316161616161617,0.38545454545454544,0.0002401281092797307,0.018174778766895123
1664,1.3316161616161617,0.3914141414141414,-1.6719245387183125e-05,0.018417367500763494
1665,1.3316161616161617,0.3973737373737373,6.727148436200538e-05,0.018733114984605725
1666,1.3316161616161617,0.4033333333333333,-5.066583243315409e-05,0.018929109049910273
1667,1.3316161616161617,0.40929292929292926,3.005767650576454e-05,0.01901608613517285
1668,1.3316161616161617,0.4152525252525252,-0.000341283957562276,0.019353426036960837
1669,1.3316161616161617,0.42121212121212115,-3.5496360743894914e-05,0.0197829895209603
1670,1.3316161616161617,0.42717171717171715,-9.254456867460224e-05,0.02010165601740502
1671,1.3316161616161617,0.4331313131313131,0.00019224336433171772,0.020239651850444827
1672,1.3316161616161617,0.43909090909090903,0.00013923896195895135,0.020665596004935016
1673,1.3316161616161617,0.44505050505050503,-0.0002497797875884152,0.020736071653413537
1674,1.3316161616161617,0.45101010101010097,0.0001919057365713768,0.021225985421945114
1675,1.3316161616161617,0.4569696969696969,-2.422997720519291e-05,0.02155332893161933
1676,1.3316161616161617,0.4629292929292929,-0.0003056517309472186,0.021579341790469858
1677,1.3316161616161617,0.46888888888888886,0.0002066095778457548,0.022047225351431103
1678,1.3316161616161617,0.4748484848484848,0.00021566076714216637,0.02233696410160539
1679,1.3316161616161617,0.48080808080808074,2.7165882457881874e-06,0.022667495902540462
1680,1.3316161616161617,0.48676767676767674,3.130886360558245e-05,0.02281682729977502
1681,1.3316161616161617,0.4927272727272727,-0.00029170810009081363,0.022826890468644653
1682,1.3316161616161617,0.4986868686868686,0.0003430801968088806,0.023539293952591318
1683,1.3316161616161617,0.5046464646464646,0.00032008367741104314,0.024024109547985534
1684,1.3316161616161617,0.5106060606060605,0.0002777718702917357,0.02382715146217589
1685,1.3316161616161617,0.5165656565656566,-0.00034666691003756156,0.02403170348140743
1686,1.3316161616161617,0.5225252525252525,-0.00022117951958210792,0.024540604810851407
1687,1.3316161616161617,0.5284848484848484,-4.4129720162925425e-05,0.024715514859645425
1688,1.3316161616161617,0.5344444444444444,0.00028287601832791893,0.025324273927919753
1689,1.3316161616161617,0.5404040404040403,0.00037276701938648474,0.025292089534068897
1690,1.3316161616161617,0.5463636363636363,0.0002476371752909146,0.025854830093057248
1691,1.3316161616161617,0.5523232323232323,0.0001352721954980255,0.02630285097876885
1692,1.3316161616161617,0.5582828282828283,0.00023454091256863528,0.026352028162186764
1693,1.3316161616161617,0.5642424242424242,9.733248069572556e-05,0.02636140757306036
1694,1.3316161616161617,0.5702020202020202,0.00041214227614489205,0.027023442773887574
1695,1.3316161616161617,0.5761616161616161,-0.000337487142707856,0.027191868685884156
1696,1.3316161616161617,0.582121212121212,0.00012859769425079833,0.027499772512761082
1697,1.3316161616161617,0.588080808080808,-7.988881483959565e-05,0.02737972868609671
1698,1.3316161616161617,0.594040404040404,0.0003893302655818784,0.028009261763752503
1699,1.3316161616161617,0.6,-0.00032151418746267105,0.02839407682921118
1700,1.3517171717171719,0.01,-8.176150688411265e-07,0.0004941910853305436
1701,1.3517171717171719,0.01595959595959596,-2.0326846730536195e-06,0.0007940844877516075
1702,1.3517171717171719,0.021919191919191918,1.786811104753816e-06,0.001087734803102754
1703,1.3517171717171719,0.027878787878787878,6.0162304703446855e-06,0.0013750105700882796
1704,1.3517171717171719,0.033838383838383834,6.306146744194574e-06,0.001682664842041135
1705,1.3517171717171719,0.0397979797979798,2.2440105257424737e-05,0.00196253803030706
1706,1.3517171717171719,0.045757575757575754,9.073065936612313e-06,0.0022647953846519535
1707,1.3517171717171719,0.05171717171717172,-4.211927458390328e-05,0.0025726490957091504
1708,1.3517171717171719,0.05767676767676767,1.0903137922940198e-05,0.002855548609443501
1709,1.3517171717171719,0.06363636363636363,6.095142517931956e-05,0.0031674083394477455
1710,1.3517171717171719,0.06959595959595959,-1.789709587299506e-05,0.003471607872623178
1711,1.3517171717171719,0.07555555555555554,2.360593181061622e-05,0.003751240902447138
1712,1.3517171717171719,0.0815151515151515,2.9014246147568935e-05,0.004051549522911889
1713,1.3517171717171719,0.08747474747474746,4.093548010008387e-05,0.00434407333519287
1714,1.3517171717171719,0.09343434343434343,-5.942978973158986e-07,0.004594245169051757
1715,1.3517171717171719,0.09939393939393938,-8.429139077942856e-05,0.00495150497424772
1716,1.3517171717171719,0.10535353535353534,8.079481532059818e-06,0.005248724824368957
1717,1.3517171717171719,0.1113131313131313,-5.134286337072518e-05,0.0054841743505802225
1718,1.3517171717171719,0.11727272727272725,-4.631903872861346e-05,0.005788917018698985
1719,1.3517171717171719,0.12323232323232322,3.5669064891972445e-05,0.006117468465005262
1720,1.3517171717171719,0.1291919191919192,-1.3960525665249446e-05,0.006411068591673044
1721,1.3517171717171719,0.13515151515151513,-0.00014593630031277502,0.006679424739863471
1722,1.3517171717171719,0.1411111111111111,4.878642929092427e-05,0.0070822410102506445
1723,1.3517171717171719,0.14707070707070707,1.5842584930631466e-05,0.007293867207919531
1724,1.3517171717171719,0.15303030303030302,-5.4089788061401614e-05,0.007622285388399942
1725,1.3517171717171719,0.158989898989899,-1.1113604251700371e-05,0.007944076782005708
1726,1.3517171717171719,0.16494949494949493,-8.076045895909212e-05,0.008260329234857427
1727,1.3517171717171719,0.1709090909090909,-4.5230515060091405e-05,0.008489370525634575
1728,1.3517171717171719,0.17686868686868687,-1.896017277305736e-05,0.008827989282657446
1729,1.3517171717171719,0.1828282828282828,-2.7593631258025763e-05,0.009116005739985516
1730,1.3517171717171719,0.18878787878787878,0.0001231344232420326,0.009345021005639652
1731,1.3517171717171719,0.19474747474747472,7.814715664745436e-05,0.009636924953100139
1732,1.3517171717171719,0.2007070707070707,-4.901433209638828e-06,0.009983512603948417
1733,1.3517171717171719,0.20666666666666667,-4.683987563696272e-05,0.01020214579231799
1734,1.3517171717171719,0.2126262626262626,0.0001332950688167074,0.010618896847662046
1735,1.3517171717171719,0.21858585858585858,7.7976722278185e-05,0.010765928805008406
1736,1.3517171717171719,0.22454545454545452,0.00018208503121812218,0.011128601250637414
1737,1.3517171717171719,0.2305050505050505,-5.715066524939804e-07,0.011344021903718382
1738,1.3517171717171719,0.23646464646464646,-0.00012268756196244241,0.011655768426082708
1739,1.3517171717171719,0.2424242424242424,0.0001884742221452758,0.0121032037624819
1740,1.3517171717171719,0.24838383838383837,4.099520873489756e-05,0.012447398372625235
1741,1.3517171717171719,0.2543434343434343,-0.00020009844535339946,0.012613475119373286
1742,1.3517171717171719,0.26030303030303026,-0.0002041915448820685,0.012863869249808917
1743,1.3517171717171719,0.26626262626262626,8.605082740263242e-05,0.013334410209745495
1744,1.3517171717171719,0.2722222222222222,-9.315275433730659e-05,0.01339276590608892
1745,1.3517171717171719,0.27818181818181814,-5.2959888016497825e-05,0.013592393600979332
1746,1.3517171717171719,0.28414141414141414,1.8609695608794352e-05,0.014046793624609788
1747,1.3517171717171719,0.2901010101010101,-0.00030088365096369126,0.014410951285354542
1748,1.3517171717171719,0.296060606060606,-6.71358952516593e-05,0.014831639940920287
1749,1.3517171717171719,0.302020202020202,9.831908099256971e-05,0.014995207982797758
1750,1.3517171717171719,0.30797979797979796,-0.00016655025268572937,0.015284447923762951
1751,1.3517171717171719,0.3139393939393939,5.536345473397997e-06,0.015657770139332394
1752,1.3517171717171719,0.31989898989898985,0.0001699623425189456,0.016014058476158492
1753,1.3517171717171719,0.32585858585858585,-0.00011461795702824835,0.016329329456394225
1754,1.3517171717171719,0.3318181818181818,-0.00014523808290002618,0.016657443171193585
1755,1.3517171717171719,0.33777777777777773,-0.0002963074462133474,0.016624757420728702
1756,1.3517171717171719,0.34373737373737373,-1.598441406581397e-05,0.0171322669819661
1757,1.3517171717171719,0.3496969696969697,5.7510973712811685e-05,0.017440580844364208
1758,1.3517171717171719,0.3556565656565656,-1.4217550493208253e-05,0.0177275016123055
1759,1.3517171717171719,0.3616161616161616,6.430204325003918e-05,0.01813857927950627
1760,1.3517171717171719,0.36757575757575756,-0.0002097403509462243,0.018492581217565324
1761,1.3517171717171719,0.3735353535353535,0.00019041663561403084,0.018530757768766403
1762,1.3517171717171719,0.37949494949494944,0.00016439572304445394,0.01890862614159606
1763,1.3517171717171719,0.38545454545454544,-0.00037627762520320556,0.019035594137370035
1764,1.3517171717171719,0.3914141414141414,-1.4744228439522212e-05,0.019384672090825675
1765,1.3517171717171719,0.3973737373737373,0.00013838602712636287,0.019602594211644318
1766,1.3517171717171719,0.4033333333333333,0.0002009935646659442,0.02005675449482108
1767,1.3517171717171719,0.40929292929292926,0.00012126219686646713,0.020478613394404876
1768,1.3517171717171719,0.4152525252525252,-5.436631414932689e-05,0.0204840639041337
1769,1.3517171717171719,0.42121212121212115,-2.014959291084384e-06,0.021072105270862524
1770,1.3517171717171719,0.42717171717171715,5.8025388804628434e-05,0.021483921941972614
1771,1.3517171717171719,0.4331313131313131,-0.00019519087812443475,0.02133789416608078
1772,1.3517171717171719,0.43909090909090903,-0.000276842499253984,0.021834904949649483
1773,1.3517171717171719,0.44505050505050503,0.00047098287607353885,0.022015045422354017
1774,1.3517171717171719,0.45101010101010097,-0.00030591615080884413,0.022351646993571724
1775,1.3517171717171719,0.4569696969696969,0.0001725917813435409,0.022375781635907133
1776,1.3517171717171719,0.4629292929292929,-0.00011649099987074099,0.022987099505720657
1777,1.3517171717171719,0.46888888888888886,-0.00015184738155440183,0.023566407952410256
1778,1.3517171717171719,0.4748484848484848,-0.00015954589334709915,0.02361388006088294
1779,1.3517171717171719,0.48080808080808074,0.0003968625241717198,0.023932587034000648
1780,1.3517171717171719,0.48676767676767674,-9.57382031103422e-05,0.02415705850151256
1781,1.3517171717171719,0.4927272727272727,-0.00018397002971750161,0.024516384010654226
1782,1.3517171717171719,0.4986868686868686,0.0004065227473292562,0.02466751964404309
1783,1.3517171717171719,0.5046464646464646,5.902549801078498e-05,0.02528118815405468
1784,1.3517171717171719,0.5106060606060605,0.00018245552742314058,0.025496486984009428
1785,1.3517171717171719,0.5165656565656566,0.00028113234978557417,0.025979939010157327
1786,1.3517171717171719,0.5225252525252525,-7.354991532468591e-06,0.02598788566097129
1787,1.3517171717171719,0.5284848484848484,-0.00012549217021271453,0.0260829624763861
1788,1.3517171717171719,0.5344444444444444,-0.00014557536122220682,0.02703473944886957
1789,1.3517171717171719,0.5404040404040403,7.212774134312401e-05,0.026979899224567554
1790,1.3517171717171719,0.5463636363636363,0.00014144089860315491,0.02741844583167532
1791,1.3517171717171719,0.5523232323232323,1.372197294281441e-06,0.027539980089879613
1792,1.3517171717171719,0.5582828282828283,-0.00019106722651673184,0.027871338359100998
1793,1.3517171717171719,0.5642424242424242,0.0002593472691309124,0.028199315622801494
1794,1.3517171717171719,0.5702020202020202,0.0005399811115314406,0.028923666971579984
1795,1.3517171717171719,0.5761616161616161,3.2180531872783656e-05,0.028817273205336908
1796,1.3517171717171719,0.582121212121212,-0.00017549175564749415,0.028935230547734326
1797,1.3517171717171719,0.588080808080808,0.00014993108794660484,0.02935679326822514
1798,1.3517171717171719,0.594040404040404,-0.00011058744055043674,0.02974099348494895
1799,1.3517171717171719,0.6,-0.00034065710364600195,0.029660900293424292
1800,1.3718181818181818,0.01,2.5294124589575694e-06,0.0005202623823897415
1801,1.3718181818181818,0.01595959595959596,-3.1823687441098204e-07,0.0008434745285032139
1802,1.3718181818181818,0.021919191919191918,2.5121770939977363e-05,0.001145387823965858
1803,1.3718181818181818,0.027878787878787878,1.6837133030099094e-05,0.0014568736173471003
1804,1.3718181818181818,0.033838383838383834,1.6071192868122375e-05,0.0017597357178847698
1805,1.3718181818181818,0.0397979797979798,-9.973426262643016e-06,0.0020935288955618676
1806,1.3718181818181818,0.045757575757575754,1.2174340161264896e-05,0.002387710465284024
1807,1.3718181818181818,0.05171717171717172,-3.861520034199008e-05,0.002684623792769862
1808,1.3718181818181818,0.05767676767676767,4.466608241465497e-06,0.0030404840464103296
1809,1.3718181818181818,0.06363636363636363,-6.502865967252918e-05,0.0033328650755984155
1810,1.3718181818181818,0.06959595959595959,2.1718891501142678e-05,0.0036264783030895745
1811,1.3718181818181818,0.07555555555555554,1.0902744200645808e-05,0.0039484887646924136
1812,1.3718181818181818,0.0815151515151515,-4.230065282059582e-05,0.00431765487292786
1813,1.3718181818181818,0.08747474747474746,7.267526602566376e-06,0.004584048694486518
1814,1.3718181818181818,0.09343434343434343,5.009993870591385e-05,0.004845998852153774
1815,1.3718181818181818,0.09939393939393938,-3.5358703947993764e-05,0.005255000108581223
1816,1.3718181818181818,0.10535353535353534,7.380139305891554e-05,0.0055006530270074105
1817,1.3718181818181818,0.1113131313131313,-1.9940215093710457e-05,0.00586274050306743
1818,1.3718181818181818,0.11727272727272725,-5.5499855151757646e-05,0.0061955926584706025
1819,1.3718181818181818,0.12323232323232322,-8.017905172028773e-05,0.006414609344721088
1820,1.3718181818181818,0.1291919191919192,-1.8888546092171655e-05,0.006739164895605953
1821,1.3718181818181818,0.13515151515151513,7.734665166602452e-05,0.0070256682831830244
1822,1.3718181818181818,0.1411111111111111,0.00014814676846220033,0.007521010784125608
1823,1.3718181818181818,0.14707070707070707,2.2949570779490814e-05,0.007751983954395559
1824,1.3718181818181818,0.15303030303030302,-1.1150758875409129e-05,0.008010877191052614
1825,1.3718181818181818,0.158989898989899,-5.942503472786799e-05,0.008395443498098041
1826,1.3718181818181818,0.16494949494949493,3.7541035430539437e-06,0.008553743416591911
1827,1.3718181818181818,0.1709090909090909,9.737956795450746e-05,0.008896885458348798
1828,1.3718181818181818,0.17686868686868687,9.404181052135616e-05,0.009277352162510915
1829,1.3718181818181818,0.1828282828282828,-0.00014314952916094983,0.009572676696523355
1830,1.3718181818181818,0.18878787878787878,0.00011145114311954742,0.009886548105971536
1831,1.3718181818181818,0.19474747474747472,-0.00019173768554980617,0.010345252372510449
1832,1.3718181818181818,0.2007070707070707,0.00013057496267523833,0.010440073985645254
1833,1.3718181818181818,0.20666666666666667,0.000160361565003176,0.010899002387976111
1834,1.3718181818181818,0.2126262626262626,-6.11891287665003e-05,0.011065400347175697
1835,1.3718181818181818,0.21858585858585858,-0.00010226244932995594,0.011425962931972719
1836,1.3718181818181818,0.22454545454545452,-3.478568687676658e-05,0.011795251737363344
1837,1.3718181818181818,0.2305050505050505,0.00012108241945511202,0.012164990062388576
1838,1.3718181818181818,0.23646464646464646,0.00031398668450478915,0.012379128274524174
1839,1.3718181818181818,0.2424242424242424,-0.00022536142071317622,0.012594267867952827
1840,1.3718181818181818,0.24838383838383837,8.655163652152106e-05,0.013086987006591227
1841,1.3718181818181818,0.2543434343434343,0.00017316242788390518,0.013343281696744636
1842,1.3718181818181818,0.26030303030303026,-0.0002308274296836708,0.013653096678045233
1843,1.3718181818181818,0.26626262626262626,-3.7261452645178136e-05,0.01406857020739864
1844,1.3718181818181818,0.2722222222222222,-9.328378086592431e-05,0.014344314703452486
1845,1.3718181818181818,0.27818181818181814,0.00022091958130210094,0.014380932868456524
1846,1.3718181818181818,0.28414141414141414,-0.0002296422982629206,0.014980342414333514
1847,1.3718181818181818,0.2901010101010101,-0.0002195936647564257,0.015234134689289474
1848,1.3718181818181818,0.296060606060606,0.0002549875990623991,0.015544383753435385
1849,1.3718181818181818,0.302020202020202,0.00015849577075317226,0.0160446686749892
1850,1.3718181818181818,0.30797979797979796,-6.90637835470252e-05,0.016200881524242497
1851,1.3718181818181818,0.3139393939393939,-0.0002383112899213609,0.01652950960669876
1852,1.3718181818181818,0.31989898989898985,-0.0001105441240376982,0.016753210862835308
1853,1.3718181818181818,0.32585858585858585,-0.000311362993446395,0.016944634447078666
1854,1.3718181818181818,0.3318181818181818,0.00012627990799016008,0.01730767849943577
1855,1.3718181818181818,0.33777777777777773,0.00046579781149095484,0.0176433884097337
1856,1.3718181818181818,0.34373737373737373,-0.00019572637883402143,0.01785088597076326
1857,1.3718181818181818,0.3496969696969697,-0.00027721833459467204,0.01818317693031956
1858,1.3718181818181818,0.3556565656565656,-0.000443878120235706,0.018457468273816342
1859,1.3718181818181818,0.3616161616161616,0.00021769837425066591,0.018996380859537556
1860,1.3718181818181818,0.36757575757575756,-9.066452485862706e-05,0.019228446382047373
1861,1.3718181818181818,0.3735353535353535,-1.696597775925345e-05,0.01956852148298149
1862,1.3718181818181818,0.37949494949494944,0.0003329398174237753,0.02015955793291225
1863,1.3718181818181818,0.38545454545454544,1.3392823802495602e-05,0.02020268196925924
1864,1.3718181818181818,0.3914141414141414,1.9427738074925916e-05,0.020616614711542285
1865,1.3718181818181818,0.3973737373737373,0.00012138471153336207,0.021337807974354802
1866,1.3718181818181818,0.4033333333333333,-0.00011021936207033325,0.021068687978050202
1867,1.3718181818181818,0.40929292929292926,1.5888904458642395e-05,0.021678788163912523
1868,1.3718181818181818,0.4152525252525252,-0.000250840493487586,0.021826783865556306
1869,1.3718181818181818,0.42121212121212115,-0.00022517405598769776,0.022207872511157047
1870,1.3718181818181818,0.42717171717171715,0.00012248331041211463,0.02227108435795114
1871,1.3718181818181818,0.4331313131313131,4.472269834729503e-06,0.022681402708756345
1872,1.3718181818181818,0.43909090909090903,-0.00015522374285684655,0.02276832279195461
1873,1.3718181818181818,0.44505050505050503,0.0003274417327986879,0.023548803868958718
1874,1.3718181818181818,0.45101010101010097,-0.00022969124894346008,0.02355289029126412
1875,1.3718181818181818,0.4569696969696969,-2.9899332274106795e-05,0.0242631354125777
1876,1.3718181818181818,0.4629292929292929,-3.089317132005747e-05,0.024576896974826026
1877,1.3718181818181818,0.46888888888888886,0.0001563204425996359,0.02448989003574311
1878,1.3718181818181818,0.4748484848484848,-9.527409537338993e-05,0.024926561108049368
1879,1.3718181818181818,0.48080808080808074,5.425802456376079e-05,0.025534420859295966
1880,1.3718181818181818,0.48676767676767674,0.0005467374428897764,0.025834687404712252
1881,1.3718181818181818,0.4927272727272727,4.525516394943416e-05,0.025803216008354956
1882,1.3718181818181818,0.4986868686868686,-0.00014414129979043561,0.026465146044139538
1883,1.3718181818181818,0.5046464646464646,-0.00013456821806494924,0.02659218303588007
1884,1.3718181818181818,0.5106060606060605,8.513243354650478e-05,0.026896342595823703
1885,1.3718181818181818,0.5165656565656566,2.9308106417345382e-05,0.027267938422081885
1886,1.3718181818181818,0.5225252525252525,0.00019990248035398392,0.027453210011008516
1887,1.3718181818181818,0.5284848484848484,-8.129519939582482e-05,0.027908781727747987
1888,1.3718181818181818,0.5344444444444444,-8.341209541142197e-05,0.028037328468818748
1889,1.3718181818181818,0.5404040404040403,-0.0001169859495365893,0.028249965290822812
1890,1.3718181818181818,0.5463636363636363,0.00030016088977774535,0.02889632239195789
1891,1.3718181818181818,0.5523232323232323,-0.0004055352229847976,0.028745986933920848
1892,1.3718181818181818,0.5582828282828283,0.0002789808585787576,0.029726005156236746
1893,1.3718181818181818,0.5642424242424242,0.0004700809446240284,0.02980439154199086
1894,1.3718181818181818,0.5702020202020202,0.0002656958499863631,0.029921264748924977
1895,1.3718181818181818,0.5761616161616161,-0.0003905121497127096,0.02992090804194356
1896,1.3718181818181818,0.582121212121212,0.0004030337526983339,0.03060237763748901
1897,1.3718181818181818,0.588080808080808,-0.00044978704106216804,0.031116371493418487
1898,1.3718181818181818,0.594040404040404,-0.00046274429455852434,0.031147531630690072
1899,1.3718181818181818,0.6,-8.117179375815247e-05,0.0318555156392732
1900,1.391919191919192,0.01,-4.027673153337097e-06,0.0005502585661449418
1901,1.391919191919192,0.01595959595959596,-2.01275866700138e-06,0.0008861232607126464
1902,1.391919191919192,0.021919191919191918,-9.385711808640795e-06,0.0012156145076212014
1903,1.391919191919192,0.027878787878787878,8.32876891251495e-06,0.0015226620230491858
1904,1.391919191919192,0.033838383838383834,2.056450724164984e-05,0.0018655402850228072
1905,1.391919191919192,0.0397979797979798,-3.6275444639809696e-06,0.0021935000148311326
1906,1.391919191919192,0.045757575757575754,-2.362457901255871e-05,0.00253681298069967
1907,1.391919191919192,0.05171717171717172,-2.4176559580533542e-05,0.0028422523418891645
1908,1.391919191919192,0.05767676767676767,1.0216771906321299e-05,0.003147306373856001
1909,1.391919191919192,0.06363636363636363,-3.092356145107575e-05,0.003531996453292251
1910,1.391919191919192,0.06959595959595959,-2.7387478260330523e-05,0.0038506852555965027
1911,1.391919191919192,0.07555555555555554,-1.5404346328364516e-05,0.004239930550999562
1912,1.391919191919192,0.0815151515151515,-1.1567871209915637e-05,0.00452372762995535
1913,1.391919191919192,0.08747474747474746,-3.33853139396679e-05,0.004838423303608186
1914,1.391919191919192,0.09343434343434343,-3.8460918186067815e-05,0.005175279786847562
1915,1.391919191919192,0.09939393939393938,2.1049580208574837e-05,0.005456250516450254
1916,1.391919191919192,0.10535353535353534,2.64330667361363e-05,0.005831861614336304
1917,1.391919191919192,0.1113131313131313,5.4878939813979e-05,0.0061401269233614005
1918,1.391919191919192,0.11727272727272725,0.00018181574619065966,0.006492810990442181
1919,1.391919191919192,0.12323232323232322,0.00012796000087073297,0.00675124824874701
1920,1.391919191919192,0.1291919191919192,-0.00010446100375811571,0.007091035411353691
1921,1.391919191919192,0.13515151515151513,-2.3049901816744144e-05,0.007480069658764587
1922,1.391919191919192,0.1411111111111111,-1.5509400367041437e-05,0.007848982562232584
1923,1.391919191919192,0.14707070707070707,-8.242156383472307e-05,0.008132075732469459
1924,1.391919191919192,0.15303030303030302,1.834440496238372e-05,0.008526489017770079
1925,1.391919191919192,0.158989898989899,0.00011094584847791467,0.008867378150238124
1926,1.391919191919192,0.16494949494949493,-1.5052471460925698e-07,0.009218579128437605
1927,1.391919191919192,0.1709090909090909,-8.305630851591045e-05,0.009389873692143851
1928,1.391919191919192,0.17686868686868687,-0.00011622418976396202,0.009760103930843103
1929,1.391919191919192,0.1828282828282828,7.17973974124871e-05,0.01002871014247384
1930,1.391919191919192,0.18878787878787878,-1.2062178074756669e-05,0.010554788411532219
1931,1.391919191919192,0.19474747474747472,0.0001909004557811326,0.010675381197479183
1932,1.391919191919192,0.2007070707070707,-2.5013204804040913e-05,0.011228873071358114
1933,1.391919191919192,0.20666666666666667,-2.6528038831254287e-05,0.011453220959740879
1934,1.391919191919192,0.2126262626262626,-7.522205268493152e-05,0.011741298408720008
1935,1.391919191919192,0.21858585858585858,-2.214470637137733e-05,0.012072423623919715
1936,1.391919191919192,0.22454545454545452,-0.00012239883077962626,0.012570427673074881
1937,1.391919191919192,0.2305050505050505,6.396143896698289e-05,0.012795375668385463
1938,1.391919191919192,0.23646464646464646,1.620621610559294e-05,0.01313873365024975
1939,1.391919191919192,0.2424242424242424,7.749009404310917e-05,0.01349022820029113
1940,1.391919191919192,0.24838383838383837,1.0742619754926208e-05,0.013848184619376334
1941,1.391919191919192,0.2543434343434343,-7.271430305220439e-06,0.014025652029713336
1942,1.391919191919192,0.26030303030303026,-7.369586805456481e-05,0.01439505374578321
1943,1.391919191919192,0.26626262626262626,-8.451006350554501e-06,0.014652254918226942
1944,1.391919191919192,0.2722222222222222,0.0002013306733815268,0.015022929032881056
1945,1.391919191919192,0.27818181818181814,-0.00014764207308880518,0.015494861480060206
1946,1.391919191919192,0.28414141414141414,0.0001027827922555228,0.015610157971796029
1947,1.391919191919192,0.2901010101010101,4.570180488102712e-05,0.016023999364761506
1948,1.391919191919192,0.296060606060606,0.00014354843525650943,0.016439348138733004
1949,1.391919191919192,0.302020202020202,-7.821937925459639e-05,0.016698669502483287
1950,1.391919191919192,0.30797979797979796,0.0005302495683791033,0.01699491963025299
1951,1.391919191919192,0.3139393939393939,0.00010827666152536365,0.017511433693592877
1952,1.391919191919192,0.31989898989898985,-5.849943646237328e-05,0.017588199706566367
1953,1.391919191919192,0.32585858585858585,0.0002339231703337327,0.018336789230511127
1954,1.391919191919192,0.3318181818181818,-0.00023054861433483432,0.01821107223173927
1955,1.391919191919192,0.33777777777777773,-0.0002615048069462337,0.018769735791777712
1956,1.391919191919192,0.34373737373737373,-0.00023285470902576787,0.019216813588862427
1957,1.391919191919192,0.3496969696969697,2.1730555916284032e-05,0.019388529365672695
1958,1.391919191919192,0.3556565656565656,-9.025641662229951e-05,0.020048617202311228
1959,1.391919191919192,0.3616161616161616,-6.200119767476129e-05,0.01987611318689171
1960,1.391919191919192,0.36757575757575756,2.6525313851044784e-05,0.02025694057501885
1961,1.391919191919192,0.3735353535353535,6.335690920375567e-05,0.020585989456206506
1962,1.391919191919192,0.37949494949494944,0.00013776627820911175,0.021000748479807454
1963,1.391919191919192,0.38545454545454544,0.00028212344785905915,0.021360851164900375
1964,1.391919191919192,0.3914141414141414,-4.076387170945455e-05,0.021734093672655292
1965,1.391919191919192,0.3973737373737373,0.000274639058270806,0.02222880991576693
1966,1.391919191919192,0.4033333333333333,-0.00037210500440803396,0.022335948977855832
1967,1.391919191919192,0.40929292929292926,0.00012072938299718765,0.02299285135680594
1968,1.391919191919192,0.4152525252525252,-0.0002808059028934717,0.022640191293093515
1969,1.391919191919192,0.42121212121212115,0.0001300515531972517,0.023481812265510462
1970,1.391919191919192,0.42717171717171715,0.00016571765307694315,0.02346156214110166
1971,1.391919191919192,0.4331313131313131,-0.000517121698008423,0.023712725572314342
1972,1.391919191919192,0.43909090909090903,-9.778255141638901e-05,0.02438082605770816
1973,1.391919191919192,0.44505050505050503,-0.00018225776082261637,0.024595101147111147
1974,1.391919191919192,0.45101010101010097,0.00021144929305667528,0.025076791518026775
1975,1.391919191919192,0.4569696969696969,0.0001572092745160219,0.025345382764040244
1976,1.391919191919192,0.4629292929292929,-0.00033539723088420187,0.025398514705960516
1977,1.391919191919192,0.46888888888888886,-0.00013414618032834836,0.025841193473062032
1978,1.391919191919192,0.4748484848484848,-1.7089668058492523e-05,0.02630030968983279
1979,1.391919191919192,0.48080808080808074,0.00021188845053182615,0.026942858957588432
1980,1.391919191919192,0.48676767676767674,-7.208689342796398e-05,0.026781119624934006
1981,1.391919191919192,0.4927272727272727,0.00025844747577589907,0.027554918519709374
1982,1.391919191919192,0.4986868686868686,0.00010544007678781303,0.027844884262318702
1983,1.391919191919192,0.5046464646464646,-0.0002312944640469242,0.027684547165585088
1984,1.391919191919192,0.5106060606060605,1.7347145450375145e-05,0.028264093565377027
1985,1.391919191919192,0.5165656565656566,0.00021976650635036372,0.029242691045619686
1986,1.391919191919192,0.5225252525252525,1.5003814508921498e-05,0.029129319793042716
1987,1.391919191919192,0.5284848484848484,-0.000304635566071926,0.02916962031807421
1988,1.391919191919192,0.5344444444444444,7.831929491224434e-05,0.029594956298614496
1989,1.391919191919192,0.5404040404040403,-0.00018464555929132098,0.030033867694159957
1990,1.391919191919192,0.5463636363636363,-3.252084127238154e-05,0.030532860694713004
1991,1.391919191919192,0.5523232323232323,-0.0005799065153538018,0.030502528477528382
1992,1.391919191919192,0.5582828282828283,-0.00026361640979309355,0.030578882511993925
1993,1.391919191919192,0.5642424242424242,-0.0003072518463162727,0.03134941228351015
1994,1.391919191919192,0.5702020202020202,7.79317206694337e-05,0.031859108656319225
1995,1.391919191919192,0.5761616161616161,-0.00035635489684417496,0.032323623157049515
1996,1.391919191919192,0.582121212121212,-0.0003478874022907372,0.03209359230682812
1997,1.391919191919192,0.588080808080808,6.207344705821365e-05,0.03249335844084733
1998,1.391919191919192,0.594040404040404,0.00037988511603844524,0.033234108332133507
1999,1.391919191919192,0.6,0.00036810249047105183,0.03365208349785128
2000,1.412020202020202,0.01,-1.2795624692111817e-06,0.0005849806871006871
2001,1.412020202020202,0.01595959595959596,-8.922948133614972e-06,0.00092377210017727
2002,1.412020202020202,0.021919191919191918,-1.709918971749672e-05,0.0012827470400607283
2003,1.412020202020202,0.027878787878787878,-2.8433660401717585e-05,0.0016162286740057958
2004,1.412020202020202,0.033838383838383834,-1.784113756993826e-05,0.0019750143928775545
2005,1.412020202020202,0.0397979797979798,4.4161418247596055e-05,0.002320891045762935
2006,1.412020202020202,0.045757575757575754,-7.474122322197862e-06,0.0026483751964474084
2007,1.412020202020202,0.05171717171717172,-1.4997690768640082e-05,0.003006172371837816
2008,1.412020202020202,0.05767676767676767,7.78540770326166e-06,0.0033420545554349915
2009,1.412020202020202,0.06363636363636363,-4.583675080091183e-05,0.003715347906944495
2010,1.412020202020202,0.06959595959595959,-1.67417007258164e-05,0.004060203223119995
2011,1.412020202020202,0.07555555555555554,0.00012297013050311634,0.0043009568924310595
2012,1.412020202020202,0.0815151515151515,8.470383205154827e-05,0.004768790140519064
2013,1.412020202020202,0.08747474747474746,4.454986544876467e-05,0.0050713705388132505
2014,1.412020202020202,0.09343434343434343,5.264489937228157e-05,0.005438968693119571
2015,1.412020202020202,0.09939393939393938,-6.954394614960339e-05,0.005798565051551426
2016,1.412020202020202,0.10535353535353534,-2.4773796573556937e-06,0.006139933128006442
2017,1.412020202020202,0.1113131313131313,-3.544872536059624e-05,0.006464153401945341
2018,1.412020202020202,0.11727272727272725,8.38388054453143e-06,0.006882586255553765
2019,1.412020202020202,0.12323232323232322,-0.00011853890034669452,0.007106195923987376
2020,1.412020202020202,0.1291919191919192,-3.6751784898351115e-05,0.0075273198568403385
2021,1.412020202020202,0.13515151515151513,6.747115501949502e-05,0.00784685803299224
2022,1.412020202020202,0.1411111111111111,7.181755767001496e-05,0.008078201435470174
2023,1.412020202020202,0.14707070707070707,9.53023899232227e-06,0.008494752226698331
2024,1.412020202020202,0.15303030303030302,3.1081622575349356e-05,0.008885210995592302
2025,1.412020202020202,0.158989898989899,8.871537049028214e-05,0.009301511738462514
2026,1.412020202020202,0.16494949494949493,0.00012385754190012246,0.009408236975295982
2027,1.412020202020202,0.1709090909090909,3.200896627868536e-05,0.010083709934290487
2028,1.412020202020202,0.17686868686868687,-0.00011132995661207936,0.010169022210865651
2029,1.412020202020202,0.1828282828282828,-3.816757045028049e-05,0.010758627182398742
2030,1.412020202020202,0.18878787878787878,-6.43189323824486e-05,0.010922655972471877
2031,1.412020202020202,0.19474747474747472,5.962472565450972e-06,0.011170159988284358
2032,1.412020202020202,0.2007070707070707,5.2305692008755625e-05,0.011676958674167001
2033,1.412020202020202,0.20666666666666667,-0.00011548916527474619,0.012075615838044645
2034,1.412020202020202,0.2126262626262626,-5.2959490492125e-05,0.012259341257647986
2035,1.412020202020202,0.21858585858585858,3.283628552361901e-05,0.012654542969835189
2036,1.412020202020202,0.22454545454545452,-0.0001915885986622321,0.013253546044076072
2037,1.412020202020202,0.2305050505050505,0.00023955038970892897,0.013524767419480487
2038,1.412020202020202,0.23646464646464646,0.00012776982537367814,0.013767123906742992
2039,1.412020202020202,0.2424242424242424,0.0002678012844956611,0.014306309750952787
2040,1.412020202020202,0.24838383838383837,-0.00012572432072374727,0.01457467480551734
2041,1.412020202020202,0.2543434343434343,0.00022197849525922733,0.01482907726495556
2042,1.412020202020202,0.26030303030303026,-8.386837080679571e-05,0.015063493135167855
2043,1.412020202020202,0.26626262626262626,-6.951530237922805e-05,0.015572577636553921
2044,1.412020202020202,0.2722222222222222,1.8426573143634495e-06,0.01556329930172869
2045,1.412020202020202,0.27818181818181814,-8.419427539167394e-05,0.016136576399889968
2046,1.412020202020202,0.28414141414141414,-0.00018153496869732563,0.01663437350412141
2047,1.412020202020202,0.2901010101010101,0.00015600692278545347,0.01681043288977367
2048,1.412020202020202,0.296060606060606,0.00012436681414710007,0.017243787063049718
2049,1.412020202020202,0.302020202020202,4.147317576671829e-05,0.017857145890838037
2050,1.412020202020202,0.30797979797979796,3.170151471510366e-05,0.017833841666137412
2051,1.412020202020202,0.3139393939393939,0.00011627397256998333,0.018270012674501703
2052,1.412020202020202,0.31989898989898985,0.00011198417805207637,0.01867001352026123
2053,1.412020202020202,0.32585858585858585,-3.985398718713795e-06,0.01893456814994005
2054,1.412020202020202,0.3318181818181818,8.5882885409849e-05,0.01932540372526961
2055,1.412020202020202,0.33777777777777773,-0.00011377453990641564,0.01951381781933304
2056,1.412020202020202,0.34373737373737373,0.00011885543778542935,0.01995261461981943
2057,1.412020202020202,0.3496969696969697,-0.00015172237346590324,0.02042581599274849
2058,1.412020202020202,0.3556565656565656,0.0001306782931408683,0.020784386761501895
2059,1.412020202020202,0.3616161616161616,-6.025962524056677e-05,0.02099602905539393
2060,1.412020202020202,0.36757575757575756,-8.982037395672826e-06,0.021276217287920098
2061,1.412020202020202,0.3735353535353535,0.00018203251615407247,0.021698302203108224
2062,1.412020202020202,0.37949494949494944,7.344247047242831e-05,0.0221842355035951
2063,1.412020202020202,0.38545454545454544,0.00041293039168967277,0.022382126428617057
2064,1.412020202020202,0.3914141414141414,-0.00043879997301420553,0.022773393437524703
2065,1.412020202020202,0.3973737373737373,0.00030326856461248484,0.02330443564790801
2066,1.412020202020202,0.4033333333333333,0.00032702740284026746,0.02341637091455516
2067,1.412020202020202,0.40929292929292926,-0.000270823103332258,0.02378151020702924
2068,1.412020202020202,0.4152525252525252,-0.0005192405738901441,0.024013261875144916
2069,1.412020202020202,0.42121212121212115,-0.00016589529317250501,0.024394028362183306
2070,1.412020202020202,0.42717171717171715,1.4560265475420065e-05,0.02515670961956991
2071,1.412020202020202,0.4331313131313131,-0.00014150716847578635,0.025371742861577843
2072,1.412020202020202,0.43909090909090903,3.683554863411942e-06,0.025111645183438634
2073,1.412020202020202,0.44505050505050503,0.00045926797072850893,0.026282470277110247
2074,1.412020202020202,0.45101010101010097,-0.00020090150081687695,0.026292072971302743
2075,1.412020202020202,0.4569696969696969,-0.00023252169270574857,0.026412529427345195
2076,1.412020202020202,0.4629292929292929,-0.0003162123689188118,0.026906487682050114
2077,1.412020202020202,0.46888888888888886,-9.81551557729588e-05,0.027111170548131565
2078,1.412020202020202,0.4748484848484848,-0.0003750514297552435,0.02745037790765666
2079,1.412020202020202,0.48080808080808074,-0.00016695326949122638,0.027882982394569097
2080,1.412020202020202,0.48676767676767674,0.0004437471794118448,0.028255930592833635
2081,1.412020202020202,0.4927272727272727,0.00014806516366420584,0.028916973120949763
2082,1.412020202020202,0.4986868686868686,-0.0001526207556740139,0.02884527406339657
2083,1.412020202020202,0.5046464646464646,-0.0002241217494794759,0.029438009431408296
2084,1.412020202020202,0.5106060606060605,0.0004927468316445673,0.029922651460368047
2085,1.412020202020202,0.5165656565656566,0.0003138902268181103,0.0302914470462393
2086,1.412020202020202,0.5225252525252525,-0.0004830637920866011,0.030321759170796665
2087,1.412020202020202,0.5284848484848484,-0.0003670702900259287,0.031070033771382854
2088,1.412020202020202,0.5344444444444444,-0.0004723487513110622,0.031001880372723715
2089,1.412020202020202,0.5404040404040403,0.00023345267335587633,0.03179132608246725
2090,1.412020202020202,0.5463636363636363,0.00024060770135111374,0.03217906286068115
2091,1.412020202020202,0.5523232323232323,0.00022010376859668538,0.032301014832578454
2092,1.412020202020202,0.5582828282828283,0.0003076367923584821,0.032510536082195236
2093,1.412020202020202,0.5642424242424242,0.0002903733484295578,0.03298908897122252
2094,1.412020202020202,0.5702020202020202,-3.991424198739511e-05,0.033194410870783606
2095,1.412020202020202,0.5761616161616161,0.00026616494900537244,0.03318268728397654
2096,1.412020202020202,0.582121212121212,-3.629273595190088e-05,0.033499036845893955
2097,1.412020202020202,0.588080808080808,0.0002398444977097737,0.03417174759621154
2098,1.412020202020202,0.594040404040404,0.00035000637687625756,0.035170968350617456
2099,1.412020202020202,0.6,-0.00039477586282896516,0.035329132847495705
2100,1.4321212121212121,0.01,-5.361678191843111e-06,0.0006031563766433264
2101,1.4321212121212121,0.01595959595959596,-1.2569677014282744e-05,0.0009701039706501832
2102,1.4321212121212121,0.021919191919191918,-2.118134266512578e-05,0.001328687843681964
2103,1.4321212121212121,0.027878787878787878,2.1637648638795913e-05,0.0016944256764493243
2104,1.4321212121212121,0.033838383838383834,3.8291694542032075e-06,0.0020599977069015616
2105,1.4321212121212121,0.0397979797979798,1.12564996517857e-05,0.0023897110881430103
2106,1.4321212121212121,0.045757575757575754,7.241625456754752e-06,0.0027754116185161088
2107,1.4321212121212121,0.05171717171717172,-7.51685318986246e-05,0.003138778863933861
2108,1.4321212121212121,0.05767676767676767,-6.5159697617395e-05,0.003489189908486167
2109,1.4321212121212121,0.06363636363636363,-2.3102644706481113e-05,0.0038249385718232168
2110,1.4321212121212121,0.06959595959595959,-9.100984920667687e-06,0.0042236741759417076
2111,1.4321212121212121,0.07555555555555554,-1.0800758745949179e-05,0.004669938947154575
2112,1.4321212121212121,0.0815151515151515,2.8075598100131936e-05,0.004953902913831841
2113,1.4321212121212121,0.08747474747474746,3.3280302022056785e-06,0.005327381100577534
2114,1.4321212121212121,0.09343434343434343,-2.1631148125455014e-05,0.005656441362037955
2115,1.4321212121212121,0.09939393939393938,-3.581766646573946e-05,0.006030417767551317
2116,1.4321212121212121,0.10535353535353534,-9.412030643792036e-06,0.006409522375616298
2117,1.4321212121212121,0.1113131313131313,3.0450471699887725e-05,0.006841383679484195
2118,1.4321212121212121,0.11727272727272725,-8.087194371589061e-05,0.00708060060708236
2119,1.4321212121212121,0.12323232323232322,9.327071432091826e-05,0.007468471842315015
2120,1.4321212121212121,0.1291919191919192,-1.667151780291295e-05,0.007809119387185988
2121,1.4321212121212121,0.13515151515151513,-6.86869086407893e-07,0.0082830001968175
2122,1.4321212121212121,0.1411111111111111,-0.00010538977760355004,0.00852812151036834
2123,1.4321212121212121,0.14707070707070707,-0.00012236405006625924,0.008864594730343928
2124,1.4321212121212121,0.15303030303030302,-0.00011459462734619139,0.009261427223277986
2125,1.4321212121212121,0.158989898989899,-1.8675527764397414e-05,0.009724139622075493
2126,1.4321212121212121,0.16494949494949493,-4.133458548811988e-05,0.010121925109220116
2127,1.4321212121212121,0.1709090909090909,-0.0002410055871316553,0.01032142427949165
2128,1.4321212121212121,0.17686868686868687,0.00011162170407317302,0.010717836421014246
2129,1.4321212121212121,0.1828282828282828,3.2295415009937746e-05,0.011027149945403974
2130,1.4321212121212121,0.18878787878787878,-0.00017124911359395355,0.011464173666746926
2131,1.4321212121212121,0.19474747474747472,9.600252877894279e-05,0.011868280101723258
2132,1.4321212121212121,0.2007070707070707,6.72612099947899e-05,0.012358353938846857
2133,1.4321212121212121,0.20666666666666667,-1.3388606692229166e-05,0.01260056654182736
2134,1.4321212121212121,0.2126262626262626,-0.0002742809501546968,0.012889299066579278
2135,1.4321212121212121,0.21858585858585858,0.0001949447227057683,0.013228422107394125
2136,1.4321212121212121,0.22454545454545452,-0.00014327453638221876,0.013831201986798236
2137,1.4321212121212121,0.2305050505050505,-9.875695532736764e-05,0.01399220477157063
2138,1.4321212121212121,0.23646464646464646,-0.00010413567877522894,0.014348413987419985
2139,1.4321212121212121,0.2424242424242424,-0.00011455816043602765,0.015066222492554055
2140,1.4321212121212121,0.24838383838383837,-3.5403504984118574e-05,0.015267864234124847
2141,1.4321212121212121,0.2543434343434343,0.000139331189548432,0.01547199669717965
2142,1.4321212121212121,0.26030303030303026,-0.00010229263255117087,0.015767903738082577
2143,1.4321212121212121,0.26626262626262626,3.749691406819912e-05,0.016403846158137635
2144,1.4321212121212121,0.2722222222222222,-8.198840487020784e-05,0.016589694408749422
2145,1.4321212121212121,0.27818181818181814,0.00011633601658945563,0.016886532398848995
2146,1.4321212121212121,0.28414141414141414,-9.004831884615314e-05,0.017287795224655598
2147,1.4321212121212121,0.2901010101010101,-8.334245251882317e-05,0.017919516372945428
2148,1.4321212121212121,0.296060606060606,0.0001770301487367906,0.01814973168766088
2149,1.4321212121212121,0.302020202020202,0.0002890331339867058,0.018353443704852066
2150,1.4321212121212121,0.30797979797979796,-9.767061757070202e-05,0.01886367350692143
2151,1.4321212121212121,0.3139393939393939,0.000103550533764481,0.019029834667097765
2152,1.4321212121212121,0.31989898989898985,0.00011548090894191079,0.019606884379194736
2153,1.4321212121212121,0.32585858585858585,1.1700283078327267e-05,0.019919821477454844
2154,1.4321212121212121,0.3318181818181818,7.601184927965702e-05,0.02039154579038411
2155,1.4321212121212121,0.33777777777777773,2.1608059501244803e-05,0.02047047496954307
2156,1.4321212121212121,0.34373737373737373,-9.480265059324955e-05,0.02108799976846876
2157,1.4321212121212121,0.3496969696969697,3.669928878628617e-05,0.02134224356340302
2158,1.4321212121212121,0.3556565656565656,-0.00018758096912822476,0.02199883698933561
2159,1.4321212121212121,0.3616161616161616,5.880223670730218e-05,0.02200482477972472
2160,1.4321212121212121,0.36757575757575756,7.545007720919096e-05,0.022514211207976517
2161,1.4321212121212121,0.3735353535353535,-3.05755525830566e-05,0.022947461624821017
2162,1.4321212121212121,0.37949494949494944,0.0004447934753635656,0.02280330966219327
2163,1.4321212121212121,0.38545454545454544,0.00023832434923912738,0.02367994559972635
2164,1.4321212121212121,0.3914141414141414,-4.233314693378446e-05,0.023738388388554934
2165,1.4321212121212121,0.3973737373737373,0.0002502762838030906,0.024420869643399505
2166,1.4321212121212121,0.4033333333333333,-0.0003894987685152424,0.024239759947704453
2167,1.4321212121212121,0.40929292929292926,-8.750061578953537e-05,0.025009270807950002
2168,1.4321212121212121,0.4152525252525252,0.0007448446463087306,0.025772280571508946
2169,1.4321212121212121,0.42121212121212115,0.00012166582976871428,0.02574653279581853
2170,1.4321212121212121,0.42717171717171715,-0.00035351025288243794,0.026057248438115844
2171,1.4321212121212121,0.4331313131313131,0.00017806005019835124,0.02683323004057698
2172,1.4321212121212121,0.43909090909090903,1.4320473952633706e-05,0.026800453665616675
2173,1.4321212121212121,0.44505050505050503,-0.0004144795510350672,0.02722687653450793
2174,1.4321212121212121,0.45101010101010097,5.1190529106667384e-05,0.027609638001257656
2175,1.4321212121212121,0.4569696969696969,0.00018811437568332638,0.028215565840032045
2176,1.4321212121212121,0.4629292929292929,-0.00023778752794175216,0.02793018176507793
2177,1.4321212121212121,0.46888888888888886,-0.00041280073856130093,0.028674481715981567
2178,1.4321212121212121,0.4748484848484848,-0.00019852796425078064,0.029114844837790012
2179,1.4321212121212121,0.48080808080808074,0.00026350422305808715,0.029793972307062076
2180,1.4321212121212121,0.48676767676767674,-0.00025920718253903615,0.02976768153787836
2181,1.4321212121212121,0.4927272727272727,0.0003033642012193094,0.03030012024716538
2182,1.4321212121212121,0.4986868686868686,0.0002089419305935142,0.030478245980864297
2183,1.4321212121212121,0.5046464646464646,0.0003895423143394576,0.031332996582445795
2184,1.4321212121212121,0.5106060606060605,-0.00017896667036661426,0.0315384385411485
2185,1.4321212121212121,0.5165656565656566,0.0005537575531578335,0.031773351986280104
2186,1.4321212121212121,0.5225252525252525,0.0004903160887153762,0.03216980219032629
2187,1.4321212121212121,0.5284848484848484,0.0002118769565654004,0.03223466716699831
2188,1.4321212121212121,0.5344444444444444,2.668908697148169e-05,0.032643858357787985
2189,1.4321212121212121,0.5404040404040403,-0.00022471874283669388,0.032952103238369675
2190,1.4321212121212121,0.5463636363636363,0.00020443685072424152,0.033338523306256466
2191,1.4321212121212121,0.5523232323232323,0.00035385177360520623,0.03371718447364408
2192,1.4321212121212121,0.5582828282828283,0.000488557347718538,0.03454191429063106
2193,1.4321212121212121,0.5642424242424242,-0.00018362875318839663,0.034425160592003165
2194,1.4321212121212121,0.5702020202020202,3.3081495112856716e-05,0.03531922784775917
2195,1.4321212121212121,0.5761616161616161,0.00023568847542021986,0.0353898866208898
2196,1.4321212121212121,0.582121212121212,-0.00014075303939849567,0.03520237056967187
2197,1.4321212121212121,0.588080808080808,0.0004492345191085986,0.036274354673805145
2198,1.4321212121212121,0.594040404040404,0.0002203295211570873,0.03656759370257061
2199,1.4321212121212121,0.6,-0.00011448308851900024,0.03666495665238669
2200,1.4522222222222223,0.01,-2.3903468645482094e-06,0.000629742266595873
2201,1.4522222222222223,0.01595959595959596,5.6594591226034825e-06,0.0010306827968694999
2202,1.4522222222222223,0.021919191919191918,8.37867490048032e-06,0.0013941679936296987
2203,1.4522222222222223,0.027878787878787878,4.53654786152946e-06,0.0017907328973625803
2204,1.4522222222222223,0.033838383838383834,-2.1870659713630915e-05,0.002146520460806657
2205,1.4522222222222223,0.0397979797979798,2.502553224142212e-05,0.0025219363755521066
2206,1.4522222222222223,0.045757575757575754,-3.257143904833224e-05,0.002948771080837542
2207,1.4522222222222223,0.05171717171717172,-3.880445447057569e-05,0.0033062043793265043
2208,1.4522222222222223,0.05767676767676767,1.1588776191111249e-05,0.003689950336417813
2209,1.4522222222222223,0.06363636363636363,-3.144532356163163e-05,0.004091868542714635
2210,1.4522222222222223,0.06959595959595959,5.3306118255559974e-05,0.004455538154775542
2211,1.4522222222222223,0.07555555555555554,5.228558815590034e-06,0.004801667834705113
2212,1.4522222222222223,0.0815151515151515,4.043519401043104e-05,0.00522556820400328
2213,1.4522222222222223,0.08747474747474746,-7.291307379248356e-05,0.005638338024214158
2214,1.4522222222222223,0.09343434343434343,9.257833809020443e-06,0.0059189199467468995
2215,1.4522222222222223,0.09939393939393938,-3.1740162530611546e-05,0.006355303357043402
2216,1.4522222222222223,0.10535353535353534,-1.75517786764402e-05,0.006685257638547829
2217,1.4522222222222223,0.1113131313131313,6.403626381365942e-05,0.007059737799619147
2218,1.4522222222222223,0.11727272727272725,9.202609897859026e-05,0.00747735586849087
2219,1.4522222222222223,0.12323232323232322,6.533197810056995e-05,0.007923340095636411
2220,1.4522222222222223,0.1291919191919192,2.507045294318837e-05,0.008208573664905962
2221,1.4522222222222223,0.13515151515151513,-6.673527181910766e-05,0.008573038769725415
2222,1.4522222222222223,0.1411111111111111,0.00012688280888185913,0.009037376269320265
2223,1.4522222222222223,0.14707070707070707,-2.44344815669314e-05,0.009540035420689633
2224,1.4522222222222223,0.15303030303030302,-9.56068374074055e-06,0.009803998110145786
2225,1.4522222222222223,0.158989898989899,2.471694063244245e-06,0.010120356715695384
2226,1.4522222222222223,0.16494949494949493,-1.4260758013391961e-05,0.010539654433347543
2227,1.4522222222222223,0.1709090909090909,3.8269508658994986e-05,0.010911700964993656
2228,1.4522222222222223,0.17686868686868687,7.251262542383819e-06,0.011317387730489192
2229,1.4522222222222223,0.1828282828282828,0.00027911850380034055,0.011647361541264558
2230,1.4522222222222223,0.18878787878787878,5.439351739015988e-05,0.012026661647357113
2231,1.4522222222222223,0.19474747474747472,-0.00024039961426093815,0.012437151871751389
2232,1.4522222222222223,0.2007070707070707,8.567976529429002e-05,0.012732390733674838
2233,1.4522222222222223,0.20666666666666667,6.605612269543926e-07,0.013328891970402604
2234,1.4522222222222223,0.2126262626262626,0.00011267380856633464,0.013649936122402888
2235,1.4522222222222223,0.21858585858585858,0.00010559538541653093,0.014216831296317645
2236,1.4522222222222223,0.22454545454545452,-0.00018536102800099225,0.014187372710183813
2237,1.4522222222222223,0.2305050505050505,1.316216413335356e-05,0.014657441083024185
2238,1.4522222222222223,0.23646464646464646,4.949956171568577e-05,0.014853532752298426
2239,1.4522222222222223,0.2424242424242424,-0.0002686088949140764,0.015370006464146217
2240,1.4522222222222223,0.24838383838383837,0.00017703781608794275,0.016017150028662185
2241,1.4522222222222223,0.2543434343434343,2.3992702943484867e-05,0.016246044460676207
2242,1.4522222222222223,0.26030303030303026,-0.00010784465103728813,0.01662334681998334
2243,1.4522222222222223,0.26626262626262626,-2.3501387556991573e-05,0.017045157782611463
2244,1.4522222222222223,0.2722222222222222,2.9416902457466433e-05,0.017501058453372645
2245,1.4522222222222223,0.27818181818181814,-4.07910482432412e-06,0.017703288351946938
2246,1.4522222222222223,0.28414141414141414,-0.00023136007796659578,0.01789357232528578
2247,1.4522222222222223,0.2901010101010101,0.0001387591597277964,0.018652349024395207
2248,1.4522222222222223,0.296060606060606,-6.359449914726367e-07,0.01902586258007354
2249,1.4522222222222223,0.302020202020202,-0.0001518964469654921,0.019421902604578167
2250,1.4522222222222223,0.30797979797979796,0.0001394771968015394,0.019554496623249953
2251,1.4522222222222223,0.3139393939393939,-0.00024560379555272396,0.019836324291734504
2252,1.4522222222222223,0.31989898989898985,-4.930078239602342e-05,0.02018812946898751
2253,1.4522222222222223,0.32585858585858585,-0.0002595438830275165,0.02056591112554236
2254,1.4522222222222223,0.3318181818181818,2.754410832787646e-05,0.021118599136189475
2255,1.4522222222222223,0.33777777777777773,0.00016886319884415498,0.021736904778619295
2256,1.4522222222222223,0.34373737373737373,-0.00011658162705087763,0.021736011853388026
2257,1.4522222222222223,0.3496969696969697,0.0006173163446432074,0.02232038721237319
2258,1.4522222222222223,0.3556565656565656,0.0003404745516967048,0.02266839661964742
2259,1.4522222222222223,0.3616161616161616,-0.00015420180928563454,0.02299666882362375
2260,1.4522222222222223,0.36757575757575756,0.0002491090314302673,0.023397078579601147
2261,1.4522222222222223,0.3735353535353535,-0.0002610010973871824,0.02416679183346779
2262,1.4522222222222223,0.37949494949494944,-6.345403567540906e-05,0.024501733125740294
2263,1.4522222222222223,0.38545454545454544,-0.00023432294981234292,0.024856203150645004
2264,1.4522222222222223,0.3914141414141414,0.0003107852694231528,0.02530170674066837
2265,1.4522222222222223,0.3973737373737373,0.00018130934619043883,0.025112237872224503
2266,1.4522222222222223,0.4033333333333333,9.138097953493691e-05,0.025816477346212962
2267,1.4522222222222223,0.40929292929292926,0.00035948945383865275,0.02633843340494222
2268,1.4522222222222223,0.4152525252525252,0.00030919536873381064,0.026780981639702484
2269,1.4522222222222223,0.42121212121212115,-0.00010365048376097868,0.02707227957210698
2270,1.4522222222222223,0.42717171717171715,0.0005978696000222874,0.027382663804122333
2271,1.4522222222222223,0.4331313131313131,0.00026975084214634693,0.02783413677714061
2272,1.4522222222222223,0.43909090909090903,-0.00021570416049355182,0.027852078421046114
2273,1.4522222222222223,0.44505050505050503,0.00013353093541828035,0.028158936390258068
2274,1.4522222222222223,0.45101010101010097,0.00022009965735775454,0.028778717858791273
2275,1.4522222222222223,0.4569696969696969,-0.00012518159933135617,0.029438145307219152
2276,1.4522222222222223,0.4629292929292929,2.5140517450972512e-05,0.029527004444635976
2277,1.4522222222222223,0.46888888888888886,9.546216379834746e-05,0.030556795838946157
2278,1.4522222222222223,0.4748484848484848,-0.00036597782530618567,0.030289142208688342
2279,1.4522222222222223,0.48080808080808074,-2.529152195679124e-05,0.031057468484621948
2280,1.4522222222222223,0.48676767676767674,1.274954648361204e-06,0.031443419417897196
2281,1.4522222222222223,0.4927272727272727,1.7504187691426187e-05,0.03126690632884029
2282,1.4522222222222223,0.4986868686868686,0.0004130424083513578,0.031679496677879344
2283,1.4522222222222223,0.5046464646464646,4.500518934024368e-05,0.032496201192646096
2284,1.4522222222222223,0.5106060606060605,2.2825180653488263e-06,0.03314762228974923
2285,1.4522222222222223,0.5165656565656566,-0.00019024479854363546,0.033302106060429444
2286,1.4522222222222223,0.5225252525252525,0.00013032938791130902,0.03430986389899741
2287,1.4522222222222223,0.5284848484848484,-0.00034064949576942925,0.03381554151917286
2288,1.4522222222222223,0.5344444444444444,0.00017254063449087154,0.034204949701792615
2289,1.4522222222222223,0.5404040404040403,0.00015988933181279553,0.03512888868143635
2290,1.4522222222222223,0.5463636363636363,-0.0009084773561765609,0.03490058854526587
2291,1.4522222222222223,0.5523232323232323,0.00030155717237231844,0.035358121942227864
2292,1.4522222222222223,0.5582828282828283,0.00029911479380854554,0.03622495319550487
2293,1.4522222222222223,0.5642424242424242,0.0002870555118445297,0.03626600997833804
2294,1.4522222222222223,0.5702020202020202,0.0004852460230520281,0.03637964420807722
2295,1.4522222222222223,0.5761616161616161,0.00013411056061185173,0.03731881949596255
2296,1.4522222222222223,0.582121212121212,-3.424704757181698e-05,0.037500804638206084
2297,1.4522222222222223,0.588080808080808,-0.000367668959838207,0.03774260958004542
2298,1.4522222222222223,0.594040404040404,-6.677679977914992e-05,0.038035500644863274
2299,1.4522222222222223,0.6,0.00039797622266956245,0.038387705091646074
2300,1.4723232323232325,0.01,-6.054945160694724e-06,0.0006619053939572175
2301,1.4723232323232325,0.01595959595959596,1.052216401510735e-05,0.0010609683263961176
2302,1.4723232323232325,0.021919191919191918,1.1944722440903888e-05,0.001463784340018575
2303,1.4723232323232325,0.027878787878787878,-8.991197858901013e-07,0.0018527370243245076
2304,1.4723232323232325,0.033838383838383834,-2.626643384528541e-05,0.0022471690230161686
2305,1.4723232323232325,0.0397979797979798,-2.1909741047131615e-06,0.002674247161594382
2306,1.4723232323232325,0.045757575757575754,-8.039683105728545e-06,0.003078050400462968
2307,1.4723232323232325,0.05171717171717172,2.5715297938004377e-05,0.003448713293212305
2308,1.4723232323232325,0.05767676767676767,7.232415217878102e-05,0.00381389632168268
2309,1.4723232323232325,0.06363636363636363,4.474065650746264e-05,0.004233133786310832
2310,1.4723232323232325,0.06959595959595959,2.0587223984174264e-05,0.004631454556618506
2311,1.4723232323232325,0.07555555555555554,3.105599041934418e-05,0.005010213695998207
2312,1.4723232323232325,0.0815151515151515,6.326120513238469e-05,0.005490653817591157
2313,1.4723232323232325,0.08747474747474746,-4.9184469528230134e-05,0.005840423929554923
2314,1.4723232323232325,0.09343434343434343,-3.141085473562064e-05,0.006178364974538713
2315,1.4723232323232325,0.09939393939393938,3.3334454134402714e-05,0.006601923586401348
2316,1.4723232323232325,0.10535353535353534,2.477366771625219e-05,0.006948041262538844
2317,1.4723232323232325,0.1113131313131313,-6.142249623105956e-06,0.0074534968019647355
2318,1.4723232323232325,0.11727272727272725,-5.538431381419947e-05,0.007827954095391441
2319,1.4723232323232325,0.12323232323232322,0.00013578931887673975,0.008273801895220976
2320,1.4723232323232325,0.1291919191919192,0.00013423329034538138,0.008621359876526503
2321,1.4723232323232325,0.13515151515151513,-1.9873836203540196e-05,0.009010741028174911
2322,1.4723232323232325,0.1411111111111111,2.2853337040627185e-05,0.009341209727120192
2323,1.4723232323232325,0.14707070707070707,-7.109012859814079e-05,0.009874754893962685
2324,1.4723232323232325,0.15303030303030302,0.00023241086179696442,0.010320954709762251
2325,1.4723232323232325,0.158989898989899,-8.379772527315537e-05,0.010540263456934842
2326,1.4723232323232325,0.16494949494949493,-7.249127740167451e-05,0.010945263618393855
2327,1.4723232323232325,0.1709090909090909,-7.295500466041583e-05,0.011479247689157373
2328,1.4723232323232325,0.17686868686868687,-3.342158533296567e-05,0.01189852421789316
2329,1.4723232323232325,0.1828282828282828,-5.73016981324841e-05,0.012173099792214018
2330,1.4723232323232325,0.18878787878787878,-3.3815568665986825e-05,0.012581968686974863
2331,1.4723232323232325,0.19474747474747472,4.233451367571609e-05,0.013102251815795173
2332,1.4723232323232325,0.2007070707070707,0.00016645795954282417,0.013308984107275542
2333,1.4723232323232325,0.20666666666666667,-0.0001231056649777571,0.013572882781864115
2334,1.4723232323232325,0.2126262626262626,9.225780812255632e-05,0.014122892924690187
2335,1.4723232323232325,0.21858585858585858,-9.167913408991036e-06,0.014372323979210674
2336,1.4723232323232325,0.22454545454545452,0.00018441275272328708,0.014877365051259068
2337,1.4723232323232325,0.2305050505050505,0.0002274969658349546,0.015342916510579055
2338,1.4723232323232325,0.23646464646464646,-3.5416214097269306e-05,0.01569825316494498
2339,1.4723232323232325,0.2424242424242424,0.00024529404942987763,0.01625683192809292
2340,1.4723232323232325,0.24838383838383837,-0.00010705554837054096,0.016367924400242373
2341,1.4723232323232325,0.2543434343434343,-6.18923327603449e-05,0.01697208440785371
2342,1.4723232323232325,0.26030303030303026,0.00014080926585820208,0.017409269523420447
2343,1.4723232323232325,0.26626262626262626,-2.2496512403686785e-05,0.01775685392995063
2344,1.4723232323232325,0.2722222222222222,0.0001728853303999616,0.01813113271339845
2345,1.4723232323232325,0.27818181818181814,-2.1635218839063175e-05,0.018650146444374033
2346,1.4723232323232325,0.28414141414141414,0.00021374455269094401,0.019246509257711243
2347,1.4723232323232325,0.2901010101010101,1.250838687273701e-05,0.019428498222710467
2348,1.4723232323232325,0.296060606060606,0.00017214879904553146,0.019658568128208247
2349,1.4723232323232325,0.302020202020202,-0.00040550926465670906,0.02010861030955647
2350,1.4723232323232325,0.30797979797979796,0.00011344576722287643,0.020761027816876276
2351,1.4723232323232325,0.3139393939393939,-0.0004777300576609968,0.020831630252718922
2352,1.4723232323232325,0.31989898989898985,-0.0002915087616077773,0.02120379129096389
2353,1.4723232323232325,0.32585858585858585,0.0004683418033572071,0.02171185234007502
2354,1.4723232323232325,0.3318181818181818,-0.00011954403303075889,0.02198800599737115
2355,1.4723232323232325,0.33777777777777773,0.0001756779697950655,0.02227180430385016
2356,1.4723232323232325,0.34373737373737373,-0.00040128091047753403,0.023023410680946918
2357,1.4723232323232325,0.3496969696969697,5.266742370689096e-05,0.02312334985773264
2358,1.4723232323232325,0.3556565656565656,-0.00021932745921700625,0.02370329771578803
2359,1.4723232323232325,0.3616161616161616,-0.0001690844777919516,0.024281962316114236
2360,1.4723232323232325,0.36757575757575756,7.906693012292964e-05,0.02480334688521929
2361,1.4723232323232325,0.3735353535353535,0.00014124249802103094,0.02516417172248601
2362,1.4723232323232325,0.37949494949494944,8.980952094639471e-05,0.025140632649911208
2363,1.4723232323232325,0.38545454545454544,-0.00023537811118686962,0.025773409311446137
2364,1.4723232323232325,0.3914141414141414,0.0005613118920788722,0.025902162115728957
2365,1.4723232323232325,0.3973737373737373,-0.00011994699296138207,0.02642227516012031
2366,1.4723232323232325,0.4033333333333333,0.00012450358047080053,0.027056476571319703
2367,1.4723232323232325,0.40929292929292926,0.00020699227836541695,0.027263647056451627
2368,1.4723232323232325,0.4152525252525252,-0.00010114158694719035,0.027704414482750798
2369,1.4723232323232325,0.42121212121212115,0.00013786739524757814,0.027904318054611885
2370,1.4723232323232325,0.42717171717171715,-0.000297789689665242,0.02843070414104931
2371,1.4723232323232325,0.4331313131313131,0.0003190207990424371,0.028805379448826465
2372,1.4723232323232325,0.43909090909090903,-2.1951666596318285e-05,0.02900444928146969
2373,1.4723232323232325,0.44505050505050503,0.0004227277915529882,0.02965358170572491
2374,1.4723232323232325,0.45101010101010097,8.355518792915082e-05,0.0302999015394876
2375,1.4723232323232325,0.4569696969696969,2.734184851712511e-05,0.030883541468913027
2376,1.4723232323232325,0.4629292929292929,0.0004371294159357973,0.030899368970566568
2377,1.4723232323232325,0.46888888888888886,0.00034776840077455323,0.03147951764415647
2378,1.4723232323232325,0.4748484848484848,-3.990102197982317e-05,0.03183359759701922
2379,1.4723232323232325,0.48080808080808074,3.5278430026500266e-05,0.032595714505365386
2380,1.4723232323232325,0.48676767676767674,-0.00015005442406482698,0.03290504712030713
2381,1.4723232323232325,0.4927272727272727,2.9516306360057243e-05,0.0328232257112431
2382,1.4723232323232325,0.4986868686868686,6.28997823441324e-07,0.033278238077009824
2383,1.4723232323232325,0.5046464646464646,7.401276671426938e-05,0.03438559150065661
2384,1.4723232323232325,0.5106060606060605,-6.345114918020869e-05,0.03397273260156254
2385,1.4723232323232325,0.5165656565656566,-8.536612158266467e-05,0.035173016681846365
2386,1.4723232323232325,0.5225252525252525,-0.0006085325601302181,0.035045664079245344
2387,1.4723232323232325,0.5284848484848484,-4.662433881504837e-05,0.03514636023730241
2388,1.4723232323232325,0.5344444444444444,-0.0002810103288335119,0.035381014690829236
2389,1.4723232323232325,0.5404040404040403,0.00028136967222870907,0.03612323448221342
2390,1.4723232323232325,0.5463636363636363,-0.0007206705001956219,0.03664770473768982
2391,1.4723232323232325,0.5523232323232323,-0.0001708577126462666,0.03709684295255374
2392,1.4723232323232325,0.5582828282828283,-0.00023578723979887238,0.03714384891643008
2393,1.4723232323232325,0.5642424242424242,6.88413225850737e-05,0.037899583414291116
2394,1.4723232323232325,0.5702020202020202,-0.0007065969660202216,0.03818528392133334
2395,1.4723232323232325,0.5761616161616161,5.81980793820013e-05,0.038519498899252734
2396,1.4723232323232325,0.582121212121212,-1.3170838629672942e-06,0.03951478574400438
2397,1.4723232323232325,0.588080808080808,0.0002898516284324451,0.039703154852740695
2398,1.4723232323232325,0.594040404040404,0.0001354930760915636,0.039740148961249104
2399,1.4723232323232325,0.6,-0.000762763484508657,0.04013995975956881
2400,1.4924242424242424,0.01,-4.158347938725249e-06,0.0006977670718096595
2401,1.4924242424242424,0.01595959595959596,1.49420786205384e-05,0.0011373109678697207
2402,1.4924242424242424,0.021919191919191918,-1.5417829272958562e-05,0.0015366384534519872
2403,1.4924242424242424,0.027878787878787878,6.594161354546157e-06,0.0019292705678164589
2404,1.4924242424242424,0.033838383838383834,9.161045661732714e-06,0.0023434374117068477
2405,1.4924242424242424,0.0397979797979798,3.770641830378624e-05,0.002777673223568142
2406,1.4924242424242424,0.045757575757575754,1.1196719977402359e-05,0.003175977542361363
2407,1.4924242424242424,0.05171717171717172,5.16181019172267e-05,0.003604071242249604
2408,1.4924242424242424,0.05767676767676767,1.2837902645718603e-06,0.004032785852445972
2409,1.4924242424242424,0.06363636363636363,4.4487381674635415e-05,0.004398202884279219
2410,1.4924242424242424,0.06959595959595959,-6.031901572684477e-05,0.004823665180355756
2411,1.4924242424242424,0.07555555555555554,-1.0829580954531582e-05,0.005311841231043456
2412,1.4924242424242424,0.0815151515151515,8.233795544403981e-05,0.00563171619967374
2413,1.4924242424242424,0.08747474747474746,9.964329680568823e-05,0.006118013088463873
2414,1.4924242424242424,0.09343434343434343,-4.574186315727724e-05,0.0064998098491873815
2415,1.4924242424242424,0.09939393939393938,-7.176962742318586e-05,0.006875285192619331
2416,1.4924242424242424,0.10535353535353534,4.6872472817197796e-05,0.007307032965518504
2417,1.4924242424242424,0.1113131313131313,-3.196412358538432e-05,0.007715705387292213
2418,1.4924242424242424,0.11727272727272725,-3.1898300216992005e-05,0.008219501494293936
2419,1.4924242424242424,0.12323232323232322,-2.1355600549105547e-05,0.008483869871783614
2420,1.4924242424242424,0.1291919191919192,1.898829592134681e-05,0.008920847332945571
2421,1.4924242424242424,0.13515151515151513,6.73608119153644e-05,0.009440578884412262
2422,1.4924242424242424,0.1411111111111111,-5.1292306101747956e-05,0.009934392452203573
2423,1.4924242424242424,0.14707070707070707,-5.8054617950927235e-05,0.010235909801033848
2424,1.4924242424242424,0.15303030303030302,-0.00019151497067975058,0.0104636992254667
2425,1.4924242424242424,0.158989898989899,5.0027489917914396e-06,0.010991028202589601
2426,1.4924242424242424,0.16494949494949493,0.00021891611167064397,0.011419142818392236
2427,1.4924242424242424,0.1709090909090909,-0.00011587631037733601,0.011881345948072969
2428,1.4924242424242424,0.17686868686868687,9.50962419757557e-05,0.012265733863606111
2429,1.4924242424242424,0.1828282828282828,-0.00010809191965364118,0.012573081906206915
2430,1.4924242424242424,0.18878787878787878,0.00015389071794438757,0.013160460834117116
2431,1.4924242424242424,0.19474747474747472,0.0002115357284389515,0.013690342618726549
2432,1.4924242424242424,0.2007070707070707,8.625492601446967e-05,0.013977189182923167
2433,1.4924242424242424,0.20666666666666667,-9.291873251273181e-05,0.01415033560727565
2434,1.4924242424242424,0.2126262626262626,0.00011962280609223508,0.01457715118560831
2435,1.4924242424242424,0.21858585858585858,-0.00010651975960273816,0.015063651637009347
2436,1.4924242424242424,0.22454545454545452,-7.198622520249981e-05,0.015472973593554259
2437,1.4924242424242424,0.2305050505050505,0.0003643448764245733,0.016054753056793145
2438,1.4924242424242424,0.23646464646464646,0.00029644249044689995,0.01635399360464622
2439,1.4924242424242424,0.2424242424242424,1.90213626841769e-05,0.016856942921984423
2440,1.4924242424242424,0.24838383838383837,0.0001308580109642317,0.017368506032396994
2441,1.4924242424242424,0.2543434343434343,0.00023733070248942504,0.017597348212131474
2442,1.4924242424242424,0.26030303030303026,-5.0931338602807194e-05,0.017742050865703577
2443,1.4924242424242424,0.26626262626262626,0.00012504186452292262,0.01863611285788456
2444,1.4924242424242424,0.2722222222222222,0.0001914533202928805,0.018939641911923634
2445,1.4924242424242424,0.27818181818181814,-0.00040077372632509045,0.019170466636153696
2446,1.4924242424242424,0.28414141414141414,-3.708554165524301e-05,0.019477593456276997
2447,1.4924242424242424,0.2901010101010101,-0.0002760631586749568,0.020146386875720183
2448,1.4924242424242424,0.296060606060606,6.782152427164713e-05,0.020360089780649154
2449,1.4924242424242424,0.302020202020202,0.00035542056051938856,0.02107180653011982
2450,1.4924242424242424,0.30797979797979796,-1.7372840905899233e-05,0.021618154870969512
2451,1.4924242424242424,0.3139393939393939,-0.00017919287884506313,0.021519222887639834
2452,1.4924242424242424,0.31989898989898985,-0.0002033136351941372,0.02222650248598514
2453,1.4924242424242424,0.32585858585858585,-6.902661393567221e-05,0.022521799399898186
2454,1.4924242424242424,0.3318181818181818,-0.00010408472640895208,0.023364703861409566
2455,1.4924242424242424,0.33777777777777773,0.0004136657228624788,0.02373973520903268
2456,1.4924242424242424,0.34373737373737373,-0.00040327961407719164,0.023634058168879243
2457,1.4924242424242424,0.3496969696969697,-0.0001645324837843357,0.024574781957438677
2458,1.4924242424242424,0.3556565656565656,0.00010957130399235266,0.02480442160879858
2459,1.4924242424242424,0.3616161616161616,0.00017642460802558282,0.0254270740186364
2460,1.4924242424242424,0.36757575757575756,-0.00016982387047509656,0.025698795396158703
2461,1.4924242424242424,0.3735353535353535,0.00044868441920660105,0.025753409593681408
2462,1.4924242424242424,0.37949494949494944,-0.0001040173943003213,0.026276745983065723
2463,1.4924242424242424,0.38545454545454544,-0.00022837351787689838,0.026777496162919738
2464,1.4924242424242424,0.3914141414141414,-0.0005292975517411418,0.02709432160700721
2465,1.4924242424242424,0.3973737373737373,0.0003842439781984538,0.027472565513378178
2466,1.4924242424242424,0.4033333333333333,0.000263451667446143,0.028154585382320636
2467,1.4924242424242424,0.40929292929292926,0.00034463909099365797,0.028713494727574708
2468,1.4924242424242424,0.4152525252525252,-4.3706038280464964e-05,0.02876006532806499
2469,1.4924242424242424,0.42121212121212115,8.949856546940111e-05,0.02971485118858301
2470,1.4924242424242424,0.42717171717171715,0.00040928763554555497,0.029950134256149313
2471,1.4924242424242424,0.4331313131313131,5.011130078120685e-06,0.030318715550341997
2472,1.4924242424242424,0.43909090909090903,6.590718090255943e-05,0.030851508385050352
2473,1.4924242424242424,0.44505050505050503,0.0003283747201278419,0.031183814629702915
2474,1.4924242424242424,0.45101010101010097,0.00021649082814471612,0.031520248177255725
2475,1.4924242424242424,0.4569696969696969,0.00023050864907739132,0.03255107913992744
2476,1.4924242424242424,0.4629292929292929,-0.00013678453817727768,0.03225971342904564
2477,1.4924242424242424,0.46888888888888886,0.0007899636393560582,0.032947307972365544
2478,1.4924242424242424,0.4748484848484848,-0.00030837895741626735,0.03334101851693528
2479,1.4924242424242424,0.48080808080808074,0.0007823963415529315,0.03388792493900164
2480,1.4924242424242424,0.48676767676767674,0.00046035844447756436,0.03414214267146086
2481,1.4924242424242424,0.4927272727272727,-0.00024774682572986927,0.034082835354345226
2482,1.4924242424242424,0.4986868686868686,0.0004343064531778585,0.03507765399216463
2483,1.4924242424242424,0.5046464646464646,-0.00048704435376462085,0.03493148626342175
2484,1.4924242424242424,0.5106060606060605,-0.00044407225673853164,0.0356766681563864
2485,1.4924242424242424,0.5165656565656566,-4.031560754028968e-05,0.03620162012565686
2486,1.4924242424242424,0.5225252525252525,0.0002904963842594533,0.03654165671241385
2487,1.4924242424242424,0.5284848484848484,-0.0003750414744843071,0.03655439008493097
2488,1.4924242424242424,0.5344444444444444,0.0003597503263632988,0.03762328823038243
2489,1.4924242424242424,0.5404040404040403,-0.00023731044931680408,0.03798120385465188
2490,1.4924242424242424,0.5463636363636363,0.0004954420973953078,0.03845041076928309
2491,1.4924242424242424,0.5523232323232323,0.00010780616372167755,0.038443342092613186
2492,1.4924242424242424,0.5582828282828283,8.223460457954613e-06,0.03952216051334023
2493,1.4924242424242424,0.5642424242424242,-0.0003121716456133834,0.03936344385815475
2494,1.4924242424242424,0.5702020202020202,-0.00044182811368783997,0.039074839647800425
2495,1.4924242424242424,0.5761616161616161,0.0006297549245571189,0.039912177984910154
2496,1.4924242424242424,0.582121212121212,0.0003334439526234523,0.041435577316099335
2497,1.4924242424242424,0.588080808080808,-0.00021938785861545985,0.041105676105714105
2498,1.4924242424242424,0.594040404040404,2.7145513422102052e-05,0.0412025546996673
2499,1.4924242424242424,0.6,0.0003343324005659177,0.04220002280706364
2500,1.5125252525252526,0.01,-5.8642789934063685e-06,0.0007160476919230945
2501,1.5125252525252526,0.01595959595959596,2.929617514989158e-06,0.0011440701243307654
2502,1.5125252525252526,0.021919191919191918,-2.1049748700854164e-05,0.0015710863247458322
2503,1.5125252525252526,0.027878787878787878,1.831879109411072e-07,0.0020097657053114552
2504,1.5125252525252526,0.033838383838383834,1.8480720664450424e-05,0.0024607653016622704
2505,1.5125252525252526,0.0397979797979798,-4.812318832140661e-06,0.0028842904969628327
2506,1.5125252525252526,0.045757575757575754,3.8106005861578994e-05,0.003282422678663206
2507,1.5125252525252526,0.05171717171717172,-7.191626466520784e-06,0.0037214142489394547
2508,1.5125252525252526,0.05767676767676767,-2.8690726960725054e-06,0.004127577807279084
2509,1.5125252525252526,0.06363636363636363,2.4053278348740058e-05,0.0046594364055266594
2510,1.5125252525252526,0.06959595959595959,-4.720142925228884e-05,0.005009390238964654
2511,1.5125252525252526,0.07555555555555554,-5.6115135608294105e-05,0.00543462972400098
2512,1.5125252525252526,0.0815151515151515,-1.8152030121572003e-05,0.005922913180075719
2513,1.5125252525252526,0.08747474747474746,-6.26409669573282e-05,0.006370455736551827
2514,1.5125252525252526,0.09343434343434343,8.054706508128456e-05,0.0066813868727694835
2515,1.5125252525252526,0.09939393939393938,2.8743854742758345e-05,0.007215264161500471
2516,1.5125252525252526,0.10535353535353534,4.593920638060939e-05,0.007639122032903398
2517,1.5125252525252526,0.1113131313131313,-5.9503238017192736e-05,0.008072510354772492
2518,1.5125252525252526,0.11727272727272725,4.611737314063125e-06,0.008443416046499078
2519,1.5125252525252526,0.12323232323232322,-3.6981282071534414e-05,0.00893604005020521
2520,1.5125252525252526,0.1291919191919192,-2.261198336747813e-05,0.00925596089268634
2521,1.5125252525252526,0.13515151515151513,6.683803089061002e-06,0.009648710849851956
2522,1.5125252525252526,0.1411111111111111,1.2036920185432908e-05,0.010147566338217456
2523,1.5125252525252526,0.14707070707070707,8.735670962162403e-05,0.010568161623230463
2524,1.5125252525252526,0.15303030303030302,-0.0002215644924335276,0.011019905476472303
2525,1.5125252525252526,0.158989898989899,0.000101505221637226,0.011498782147654691
2526,1.5125252525252526,0.16494949494949493,-0.00015277739694775368,0.011821897358286503
2527,1.5125252525252526,0.1709090909090909,-9.60418038290569e-05,0.012286115891964924
2528,1.5125252525252526,0.17686868686868687,0.00012101690654504789,0.01295552896216213
2529,1.5125252525252526,0.1828282828282828,0.0001544245665824934,0.013171077765516556
2530,1.5125252525252526,0.18878787878787878,6.625161051411551e-05,0.013667867046504481
2531,1.5125252525252526,0.19474747474747472,7.115785877505658e-05,0.014138673894847437
2532,1.5125252525252526,0.2007070707070707,-0.00012314186642859676,0.014714976125134413
2533,1.5125252525252526,0.20666666666666667,-9.05884602677103e-05,0.014854051908151464
2534,1.5125252525252526,0.2126262626262626,-0.00015573124984442343,0.015214486457423626
2535,1.5125252525252526,0.21858585858585858,-4.8565276248522586e-06,0.01579188985854679
2536,1.5125252525252526,0.22454545454545452,-8.479125494475817e-05,0.016262314573455363
2537,1.5125252525252526,0.2305050505050505,0.000236730972240629,0.016518458214893533
2538,1.5125252525252526,0.23646464646464646,-0.00015998111655130828,0.0170083929154992
2539,1.5125252525252526,0.2424242424242424,3.0217895296760643e-05,0.01748380297421763
2540,1.5125252525252526,0.24838383838383837,-0.0001358035444998945,0.018050880845973102
2541,1.5125252525252526,0.2543434343434343,-0.00010689255104474868,0.01824203192855869
2542,1.5125252525252526,0.26030303030303026,0.00010392662049329414,0.018907050957732492
2543,1.5125252525252526,0.26626262626262626,-5.807776722566239e-05,0.019285260153889754
2544,1.5125252525252526,0.2722222222222222,1.2698072530693937e-05,0.019650760490543377
2545,1.5125252525252526,0.27818181818181814,-0.0007084700621157944,0.02007146851786828
2546,1.5125252525252526,0.28414141414141414,-0.0002939198284599098,0.020532912363024874
2547,1.5125252525252526,0.2901010101010101,-0.00023152553652227504,0.02102370908434529
2548,1.5125252525252526,0.296060606060606,-0.00046412740292756035,0.021478536363849405
2549,1.5125252525252526,0.302020202020202,-0.00011350878909349885,0.02187092571913827
2550,1.5125252525252526,0.30797979797979796,0.0004625129843158657,0.02210903596484394
2551,1.5125252525252526,0.3139393939393939,3.362743898687323e-05,0.022763933315910645
2552,1.5125252525252526,0.31989898989898985,7.098951355120092e-05,0.023225174228446697
2553,1.5125252525252526,0.32585858585858585,-0.0001344848714175101,0.02343050675163709
2554,1.5125252525252526,0.3318181818181818,-0.0002364320086277116,0.02393454141219376
2555,1.5125252525252526,0.33777777777777773,0.0003010356620067171,0.02446965426372076
2556,1.5125252525252526,0.34373737373737373,-0.00015944102623955845,0.025116677750462613
2557,1.5125252525252526,0.3496969696969697,4.1033487985109466e-05,0.025320711750468818
2558,1.5125252525252526,0.3556565656565656,0.00012164069902311608,0.026012087085789892
2559,1.5125252525252526,0.3616161616161616,5.7332609789472144e-05,0.02604896678326116
2560,1.5125252525252526,0.36757575757575756,-0.00014275681467264753,0.026634360128103603
2561,1.5125252525252526,0.3735353535353535,0.00033456833035169434,0.027080124918942426
2562,1.5125252525252526,0.37949494949494944,-0.0005616942661264822,0.027568946086561488
2563,1.5125252525252526,0.38545454545454544,-0.00017322053820257433,0.02826819372119392
2564,1.5125252525252526,0.3914141414141414,0.00036175179683097945,0.028664028676598223
2565,1.5125252525252526,0.3973737373737373,-0.00033030345189808774,0.028340344878187058
2566,1.5125252525252526,0.4033333333333333,0.00021184367820532884,0.028946248035875137
2567,1.5125252525252526,0.40929292929292926,0.00015196300571451019,0.02951207619589431
2568,1.5125252525252526,0.4152525252525252,-0.0002723102475510346,0.02995278196985601
2569,1.5125252525252526,0.42121212121212115,-0.00030346740976432027,0.030751409764528684
2570,1.5125252525252526,0.42717171717171715,-8.66593777218963e-05,0.031103591101860208
2571,1.5125252525252526,0.4331313131313131,0.00018410902229516404,0.031455378440582625
2572,1.5125252525252526,0.43909090909090903,2.824628837025098e-05,0.032234548268255656
2573,1.5125252525252526,0.44505050505050503,0.00019756541427772497,0.03228659345422129
2574,1.5125252525252526,0.45101010101010097,-7.511826947752082e-05,0.03242442601733205
2575,1.5125252525252526,0.4569696969696969,0.0001952258706652416,0.03259028871082947
2576,1.5125252525252526,0.4629292929292929,0.00033380759783123063,0.033552572710025354
2577,1.5125252525252526,0.46888888888888886,-0.0005588696390893073,0.033802675560742436
2578,1.5125252525252526,0.4748484848484848,0.0005510907629597548,0.03494506333969138
2579,1.5125252525252526,0.48080808080808074,-0.0002586978835283757,0.03437858979930934
2580,1.5125252525252526,0.48676767676767674,-6.926282234279606e-05,0.035195973005596404
2581,1.5125252525252526,0.4927272727272727,0.0005995608013379446,0.03589582701205347
2582,1.5125252525252526,0.4986868686868686,-0.0007983603992246145,0.03565084333699808
2583,1.5125252525252526,0.5046464646464646,-0.00024806039928838006,0.0365572276691703
2584,1.5125252525252526,0.5106060606060605,-0.0003404230664946622,0.03678107582513721
2585,1.5125252525252526,0.5165656565656566,-0.000508067376539862,0.03786038247574166
2586,1.5125252525252526,0.5225252525252525,1.3427187569473698e-05,0.03789809956100374
2587,1.5125252525252526,0.5284848484848484,-0.00012144749223545483,0.038597270637720504
2588,1.5125252525252526,0.5344444444444444,0.00010640658829535196,0.038967477398041926
2589,1.5125252525252526,0.5404040404040403,-0.0006424227968894799,0.03902523211454627
2590,1.5125252525252526,0.5463636363636363,-0.00015894573172594193,0.03985447149816367
2591,1.5125252525252526,0.5523232323232323,0.0006964567450476817,0.03966952276315146
2592,1.5125252525252526,0.5582828282828283,0.0006225637065018568,0.04099338730352809
2593,1.5125252525252526,0.5642424242424242,0.00029422516225646576,0.04069939054939189
2594,1.5125252525252526,0.5702020202020202,-0.00027985414744119555,0.04169966642228564
2595,1.5125252525252526,0.5761616161616161,0.00039755234533501754,0.041623842122619464
2596,1.5125252525252526,0.582121212121212,0.00020081855430216308,0.04232546183484977
2597,1.5125252525252526,0.588080808080808,0.0002886753640658248,0.042712193602201666
2598,1.5125252525252526,0.594040404040404,2.276941631244984e-05,0.04312548291680571
2599,1.5125252525252526,0.6,0.000225150259705355,0.044262116933628234
2600,1.5326262626262626,0.01,4.399978133372784e-07,0.0007531441051579198
2601,1.5326262626262626,0.01595959595959596,-5.660365230687414e-06,0.0012124513748986915
2602,1.5326262626262626,0.021919191919191918,5.758572662307848e-06,0.0016411027766390798
2603,1.5326262626262626,0.027878787878787878,-1.5982241911007157e-05,0.0021217973050368134
2604,1.5326262626262626,0.033838383838383834,3.121339288690139e-06,0.002513491102844326
2605,1.5326262626262626,0.0397979797979798,7.550288447354536e-06,0.002964952449007763
2606,1.5326262626262626,0.045757575757575754,2.5406247533322202e-05,0.003449193551580622
2607,1.5326262626262626,0.05171717171717172,-9.75837404437041e-07,0.003848370609513259
2608,1.5326262626262626,0.05767676767676767,3.051307019566861e-05,0.004366974922020671
2609,1.5326262626262626,0.06363636363636363,-1.9368027722351356e-05,0.004776352652776828
2610,1.5326262626262626,0.06959595959595959,-4.862742156785573e-05,0.0052670813222258
2611,1.5326262626262626,0.07555555555555554,0.00013221862950742348,0.005603969440293915
2612,1.5326262626262626,0.0815151515151515,-2.486437272408004e-06,0.006188083879927443
2613,1.5326262626262626,0.08747474747474746,-4.7043218249007113e-05,0.006513778460381967
2614,1.5326262626262626,0.09343434343434343,-7.579536657881102e-05,0.006941581385828001
2615,1.5326262626262626,0.09939393939393938,1.3250374278477228e-05,0.007457384517849893
2616,1.5326262626262626,0.10535353535353534,-3.723977256407398e-05,0.0077968439612531035
2617,1.5326262626262626,0.1113131313131313,2.0340437207684636e-06,0.008344303073006203
2618,1.5326262626262626,0.11727272727272725,0.00012215131597226577,0.00879508665459658
2619,1.5326262626262626,0.12323232323232322,4.1044881929194776e-05,0.009178467133226655
2620,1.5326262626262626,0.1291919191919192,8.081423925100983e-05,0.009733033237001055
2621,1.5326262626262626,0.13515151515151513,1.1330243697140975e-06,0.01022280232378509
2622,1.5326262626262626,0.1411111111111111,-8.63354547840402e-05,0.010624821277882772
2623,1.5326262626262626,0.14707070707070707,-0.00011947750975269095,0.011031084219284297
2624,1.5326262626262626,0.15303030303030302,5.802480281750677e-06,0.011429862884740129
2625,1.5326262626262626,0.158989898989899,0.00011400181615125469,0.01199173538675529
2626,1.5326262626262626,0.16494949494949493,7.799749997316774e-05,0.01234340597344863
2627,1.5326262626262626,0.1709090909090909,2.9092039999347962e-05,0.012849822348654219
2628,1.5326262626262626,0.17686868686868687,0.0002492049024638449,0.013357778594168793
2629,1.5326262626262626,0.1828282828282828,-3.6904165280110534e-06,0.013868499996079737
2630,1.5326262626262626,0.18878787878787878,-0.00019348250712840129,0.01428870596959603
2631,1.5326262626262626,0.19474747474747472,2.8801375205539226e-05,0.014377703486206232
2632,1.5326262626262626,0.2007070707070707,-0.00012249386325841537,0.015084856358592452
2633,1.5326262626262626,0.20666666666666667,-0.0001494109487383121,0.015329307070415375
2634,1.5326262626262626,0.2126262626262626,5.6924475070602024e-05,0.01602340992409839
2635,1.5326262626262626,0.21858585858585858,-0.00022912406481851363,0.016549626937313017
2636,1.5326262626262626,0.22454545454545452,0.0002088541812708756,0.016831486159140048
2637,1.5326262626262626,0.2305050505050505,0.0002009316266604084,0.017461260879436637
2638,1.5326262626262626,0.23646464646464646,-0.00011760404897955908,0.017925246292195166
2639,1.5326262626262626,0.2424242424242424,0.00019585604933561134,0.01829163829969956
2640,1.5326262626262626,0.24838383838383837,-7.4514197198078835e-06,0.01867189874822058
2641,1.5326262626262626,0.2543434343434343,-0.000135553222925232,0.018937576726506256
2642,1.5326262626262626,0.26030303030303026,-0.00039468049895868807,0.019684756633076787
2643,1.5326262626262626,0.26626262626262626,-2.1517009904915075e-05,0.019857383834157777
2644,1.5326262626262626,0.2722222222222222,0.00022584897733019638,0.020388150621682262
2645,1.5326262626262626,0.27818181818181814,4.2196051594159237e-05,0.02101282823328046
2646,1.5326262626262626,0.28414141414141414,0.0003154537073501407,0.021524314345918977
2647,1.5326262626262626,0.2901010101010101,0.0003712999357324188,0.021893033061434152
2648,1.5326262626262626,0.296060606060606,-0.00014691255316732978,0.022270404296127373
2649,1.5326262626262626,0.302020202020202,-0.0001783775483942209,0.022599781099253466
2650,1.5326262626262626,0.30797979797979796,-0.00040225845283738446,0.023135734856579653
2651,1.5326262626262626,0.3139393939393939,0.00013314044407055202,0.02367861761241905
2652,1.5326262626262626,0.31989898989898985,4.3278579226154746e-05,0.02391135043880261
2653,1.5326262626262626,0.32585858585858585,0.00012137683661791962,0.02439676675442054
2654,1.5326262626262626,0.3318181818181818,-0.00021591347508387106,0.02509523726615469
2655,1.5326262626262626,0.33777777777777773,-2.8906154216219003e-06,0.025510219242251393
2656,1.5326262626262626,0.34373737373737373,-5.778722300937729e-05,0.025993223840488387
2657,1.5326262626262626,0.3496969696969697,0.00023290773907421166,0.026448675355201116
2658,1.5326262626262626,0.3556565656565656,-7.715050445866105e-05,0.026513720093221796
2659,1.5326262626262626,0.3616161616161616,-0.00017330294943457787,0.027260557963468088
2660,1.5326262626262626,0.36757575757575756,2.7668192356753264e-05,0.027535316488814948
2661,1.5326262626262626,0.3735353535353535,-0.00016937269086225756,0.027997382550981505
2662,1.5326262626262626,0.37949494949494944,0.000234827383368558,0.028789882992361765
2663,1.5326262626262626,0.38545454545454544,-0.00038778282172767303,0.028936189357434843
2664,1.5326262626262626,0.3914141414141414,0.00031286906894311946,0.02897262128185979
2665,1.5326262626262626,0.3973737373737373,-4.092461267955143e-05,0.029778466474067965
2666,1.5326262626262626,0.4033333333333333,0.0001998858021332881,0.030227466772731835
2667,1.5326262626262626,0.40929292929292926,-0.00024369575181300447,0.03099725231414164
2668,1.5326262626262626,0.4152525252525252,-2.52685285055834e-05,0.031086287996727427
2669,1.5326262626262626,0.42121212121212115,0.0002935458706790442,0.03155035766966157
2670,1.5326262626262626,0.42717171717171715,-0.0003482138018821161,0.032108604302088346
2671,1.5326262626262626,0.4331313131313131,-0.00029018204254603624,0.03225938260103361
2672,1.5326262626262626,0.43909090909090903,-0.00040021332641798857,0.033252976493415846
2673,1.5326262626262626,0.44505050505050503,-0.0003958356608124481,0.033584318485468244
2674,1.5326262626262626,0.45101010101010097,0.00022954287434967337,0.034101370241188374
2675,1.5326262626262626,0.4569696969696969,-0.0003398056705632354,0.0344899856712295
2676,1.5326262626262626,0.4629292929292929,-0.00028009875144400826,0.03530049054964859
2677,1.5326262626262626,0.46888888888888886,1.5550755104487113e-06,0.035645705449910144
2678,1.5326262626262626,0.4748484848484848,0.0006401041376028441,0.03572016058667568
2679,1.5326262626262626,0.48080808080808074,0.00013793608460032614,0.036181030910219084
2680,1.5326262626262626,0.48676767676767674,-0.00027887171417774335,0.036630973272274985
2681,1.5326262626262626,0.4927272727272727,0.0003590835684953328,0.03741072753453726
2682,1.5326262626262626,0.4986868686868686,-0.00014361559857026775,0.03774182430637912
2683,1.5326262626262626,0.5046464646464646,-0.0004641720695698579,0.03854098506758432
2684,1.5326262626262626,0.5106060606060605,-0.000205643337226872,0.03878073873924351
2685,1.5326262626262626,0.5165656565656566,-6.800668577850095e-05,0.039052699121506426
2686,1.5326262626262626,0.5225252525252525,-0.0005172615573544941,0.03940125209632106
2687,1.5326262626262626,0.5284848484848484,-0.00034251705018980915,0.03942938237106208
2688,1.5326262626262626,0.5344444444444444,-0.000128306447272048,0.039975347045576946
2689,1.5326262626262626,0.5404040404040403,-5.792163277616507e-05,0.040526735388657344
2690,1.5326262626262626,0.5463636363636363,0.00023021423040266522,0.041238900688766233
2691,1.5326262626262626,0.5523232323232323,7.425220962736656e-06,0.041918377934061744
2692,1.5326262626262626,0.5582828282828283,0.000990188116069585,0.04222744110314048
2693,1.5326262626262626,0.5642424242424242,-0.000622582195115462,0.0422664828178907
2694,1.5326262626262626,0.5702020202020202,8.275093080715955e-05,0.04327452408689125
2695,1.5326262626262626,0.5761616161616161,0.0001571605971150068,0.043204520195936645
2696,1.5326262626262626,0.582121212121212,0.0006085413069575944,0.044050068090559946
2697,1.5326262626262626,0.588080808080808,0.00039847255019178984,0.045515517731539674
2698,1.5326262626262626,0.594040404040404,-0.0002322462501945851,0.04542753349973881
2699,1.5326262626262626,0.6,-0.0004489299938966385,0.04551365851440765
2700,1.5527272727272727,0.01,8.898309503744595e-07,0.0007721548671774618
2701,1.5527272727272727,0.01595959595959596,6.641997621652174e-06,0.001252058620926058
2702,1.5527272727272727,0.021919191919191918,-1.9647090094161434e-05,0.0017149475930132087
2703,1.5527272727272727,0.027878787878787878,-4.626710747212281e-06,0.0021547145344984983
2704,1.5527272727272727,0.033838383838383834,-4.29932486442968e-05,0.0026441110035348133
2705,1.5527272727272727,0.0397979797979798,-8.157671769058205e-05,0.0031117436433702704
2706,1.5527272727272727,0.045757575757575754,-3.756742031393906e-05,0.003575022340668432
2707,1.5527272727272727,0.05171717171717172,-9.463469239495878e-05,0.004025625030898715
2708,1.5527272727272727,0.05767676767676767,-2.7340620622879486e-05,0.004490526675558967
2709,1.5527272727272727,0.06363636363636363,1.7002792045588866e-05,0.004905440592045312
2710,1.5527272727272727,0.06959595959595959,0.00013315082951765724,0.005412417530848939
2711,1.5527272727272727,0.07555555555555554,-9.85598422042685e-06,0.005853581159082173
2712,1.5527272727272727,0.0815151515151515,7.68455847533061e-05,0.0063206786858750275
2713,1.5527272727272727,0.08747474747474746,4.602114110998815e-05,0.006806592784422836
2714,1.5527272727272727,0.09343434343434343,6.153883239344281e-05,0.007378050364247594
2715,1.5527272727272727,0.09939393939393938,4.151102685127645e-05,0.0077420217396398225
2716,1.5527272727272727,0.10535353535353534,-4.0664227624506153e-05,0.008185743621689225
2717,1.5527272727272727,0.1113131313131313,4.482378806790775e-05,0.00862900851014083
2718,1.5527272727272727,0.11727272727272725,-8.748245224127366e-05,0.009234638461419835
2719,1.5527272727272727,0.12323232323232322,-1.705958409268419e-05,0.009633186371719693
2720,1.5527272727272727,0.1291919191919192,0.00017355827029654844,0.010147764900402034
2721,1.5527272727272727,0.13515151515151513,3.3122265308437457e-05,0.010507867792348876
2722,1.5527272727272727,0.1411111111111111,-1.0561109326332353e-05,0.010983939367117317
2723,1.5527272727272727,0.14707070707070707,-8.748710985573079e-05,0.01143153267104323
2724,1.5527272727272727,0.15303030303030302,-4.872501968830249e-05,0.011834735205217637
2725,1.5527272727272727,0.158989898989899,-0.00013855950740711132,0.012503755873555839
2726,1.5527272727272727,0.16494949494949493,-4.125227369253237e-06,0.01277463668594485
2727,1.5527272727272727,0.1709090909090909,7.914770863960474e-05,0.013451066192009435
2728,1.5527272727272727,0.17686868686868687,4.064560275802565e-06,0.013778185641157962
2729,1.5527272727272727,0.1828282828282828,0.00020096214464009052,0.014407088774063475
2730,1.5527272727272727,0.18878787878787878,-0.00023408785922608474,0.014681520433579696
2731,1.5527272727272727,0.19474747474747472,0.00011718587957977498,0.01526307754528811
2732,1.5527272727272727,0.2007070707070707,-0.00022116852217465545,0.01578582182724455
2733,1.5527272727272727,0.20666666666666667,-2.2030966594956027e-05,0.015976785934269603
2734,1.5527272727272727,0.2126262626262626,0.00014229331699748408,0.016577524867741927
2735,1.5527272727272727,0.21858585858585858,-4.8844213060714005e-05,0.016950775161259087
2736,1.5527272727272727,0.22454545454545452,0.00030627270103212163,0.01755021840282637
2737,1.5527272727272727,0.2305050505050505,0.00030603596516826646,0.01813999373507157
2738,1.5527272727272727,0.23646464646464646,0.00017157177755948235,0.01866783810776204
2739,1.5527272727272727,0.2424242424242424,-0.00021338266503918404,0.01911712065432909
2740,1.5527272727272727,0.24838383838383837,0.0001329011184067956,0.019284500240062882
2741,1.5527272727272727,0.2543434343434343,-0.0002801233316379211,0.019846740288585657
2742,1.5527272727272727,0.26030303030303026,-7.464977473869123e-05,0.020048019615116205
2743,1.5527272727272727,0.26626262626262626,0.00016973995445963684,0.020887353638761482
2744,1.5527272727272727,0.2722222222222222,-0.00012630982693474202,0.021433602745845454
2745,1.5527272727272727,0.27818181818181814,-0.00025058625405558355,0.02197901839512682
2746,1.5527272727272727,0.28414141414141414,-1.0786220624203014e-05,0.022109397206427395
2747,1.5527272727272727,0.2901010101010101,-0.0001380162179781512,0.02307912440071112
2748,1.5527272727272727,0.296060606060606,-0.00031301106743900385,0.023225057651798404
2749,1.5527272727272727,0.302020202020202,-2.890109194969537e-05,0.023686206552034263
2750,1.5527272727272727,0.30797979797979796,6.633182990822661e-06,0.02394069022445076
2751,1.5527272727272727,0.3139393939393939,-0.00010467788216997973,0.024593656427223547
2752,1.5527272727272727,0.31989898989898985,-0.00017648546534760698,0.02500086375139184
2753,1.5527272727272727,0.32585858585858585,-0.00013012835108612846,0.025428081838095903
2754,1.5527272727272727,0.3318181818181818,-0.0001964655112999437,0.025781965174179487
2755,1.5527272727272727,0.33777777777777773,5.419294588902382e-05,0.02663112218669446
2756,1.5527272727272727,0.34373737373737373,0.00033561367127532424,0.02690342119904531
2757,1.5527272727272727,0.3496969696969697,0.00010803165049967032,0.02735408966758762
2758,1.5527272727272727,0.3556565656565656,0.00022042706944537405,0.027588569237634367
2759,1.5527272727272727,0.3616161616161616,0.00020756564393870373,0.028328046719297995
2760,1.5527272727272727,0.36757575757575756,-0.00047154473456225413,0.029033430777720567
2761,1.5527272727272727,0.3735353535353535,-0.00010255961583417005,0.02935984384241519
2762,1.5527272727272727,0.37949494949494944,-0.00031638250303667236,0.029293789777514217
2763,1.5527272727272727,0.38545454545454544,-0.0005203424820611655,0.02992982706000779
2764,1.5527272727272727,0.3914141414141414,-8.568430003194783e-06,0.030726406466907743
2765,1.5527272727272727,0.3973737373737373,0.0003099225003497446,0.031072424833219633
2766,1.5527272727272727,0.4033333333333333,-0.0002801670946581728,0.031224044925136776
2767,1.5527272727272727,0.40929292929292926,0.0002793624912118632,0.03182651697662765
2768,1.5527272727272727,0.4152525252525252,3.134395493932509e-05,0.03258831941030432
2769,1.5527272727272727,0.42121212121212115,0.00029072672458854064,0.032917119548631774
2770,1.5527272727272727,0.42717171717171715,0.00013760336729633948,0.03339531491845642
2771,1.5527272727272727,0.4331313131313131,0.00021214708389902598,0.033910542701555316
2772,1.5527272727272727,0.43909090909090903,0.00046929926548810004,0.03453727631931226
2773,1.5527272727272727,0.44505050505050503,0.00031396773291123096,0.03513438308244399
2774,1.5527272727272727,0.45101010101010097,0.0003115806989862838,0.03576551264105433
2775,1.5527272727272727,0.4569696969696969,0.0004230991292578471,0.036072946475319986
2776,1.5527272727272727,0.4629292929292929,-0.00017192634375903492,0.036219577339088725
2777,1.5527272727272727,0.46888888888888886,-0.0005653808446464242,0.03663284551916241
2778,1.5527272727272727,0.4748484848484848,0.0005641898428141359,0.037332871390417285
2779,1.5527272727272727,0.48080808080808074,0.00020238990344608246,0.03762756680054171
2780,1.5527272727272727,0.48676767676767674,0.0002698148451136194,0.03807292876997621
2781,1.5527272727272727,0.4927272727272727,0.0007790627414420762,0.038668234618603116
2782,1.5527272727272727,0.4986868686868686,-0.0002643307449164817,0.03943250029056615
2783,1.5527272727272727,0.5046464646464646,-0.00022312410070161626,0.039065069328493844
2784,1.5527272727272727,0.5106060606060605,0.00014178185645238498,0.04009141901161872
2785,1.5527272727272727,0.5165656565656566,0.0005272777430746938,0.04104300260914432
2786,1.5527272727272727,0.5225252525252525,-0.0006193145745325957,0.04069687601824935
2787,1.5527272727272727,0.5284848484848484,0.00011412971731911484,0.04159139488974203
2788,1.5527272727272727,0.5344444444444444,-0.0005877224439659222,0.04158747731655051
2789,1.5527272727272727,0.5404040404040403,-0.00017239542406170534,0.042390345887312206
2790,1.5527272727272727,0.5463636363636363,0.0005308721113008554,0.043313726185241506
2791,1.5527272727272727,0.5523232323232323,-0.0001851821472892784,0.043141326916233035
2792,1.5527272727272727,0.5582828282828283,6.369811232437175e-05,0.04348203177108332
2793,1.5527272727272727,0.5642424242424242,-1.0883579817635835e-05,0.04369967975263804
2794,1.5527272727272727,0.5702020202020202,-0.00011061113261553525,0.044523674864643675
2795,1.5527272727272727,0.5761616161616161,0.0002540935821934343,0.045372909257628755
2796,1.5527272727272727,0.582121212121212,-6.135318669297023e-05,0.045938725013597255
2797,1.5527272727272727,0.588080808080808,0.00026363334013022877,0.047261445079526516
2798,1.5527272727272727,0.594040404040404,-0.00023387555268319834,0.04661070078531801
2799,1.5527272727272727,0.6,-0.000413807574607935,0.04653750073206007
2800,1.572828282828283,0.01,1.1001775691438342e-06,0.0007928194806299052
2801,1.572828282828283,0.01595959595959596,-2.3913805691244683e-06,0.0012826374122520067
2802,1.572828282828283,0.021919191919191918,2.346405602557433e-06,0.0017704853279863538
2803,1.572828282828283,0.027878787878787878,-1.8220761385053463e-05,0.0022185894665739054
2804,1.572828282828283,0.033838383838383834,1.1829678202797634e-05,0.002721568858536992
2805,1.572828282828283,0.0397979797979798,4.79382041766584e-05,0.0032342168705495077
2806,1.572828282828283,0.045757575757575754,4.123921025708985e-05,0.0037108478166359674
2807,1.572828282828283,0.05171717171717172,3.3078854184863674e-05,0.004142096055639705
2808,1.572828282828283,0.05767676767676767,1.3524842416641313e-05,0.004676351498823134
2809,1.572828282828283,0.06363636363636363,-7.106209010433281e-05,0.005132960991807331
2810,1.572828282828283,0.06959595959595959,7.490795011726517e-05,0.005585990808689141
2811,1.572828282828283,0.07555555555555554,1.4202055726155216e-05,0.0061062737837646345
2812,1.572828282828283,0.0815151515151515,-8.266860407604593e-06,0.006579649374603305
2813,1.572828282828283,0.08747474747474746,-5.240097170657432e-07,0.0071226478904253985
2814,1.572828282828283,0.09343434343434343,2.626921220771603e-05,0.007561336315724146
2815,1.572828282828283,0.09939393939393938,-0.00011226301396375733,0.00806574265925358
2816,1.572828282828283,0.10535353535353534,7.02907303014464e-05,0.008485253421662193
2817,1.572828282828283,0.1113131313131313,2.8009801090865817e-06,0.009099531412646536
2818,1.572828282828283,0.11727272727272725,0.0001871213438170938,0.009431546277399682
2819,1.572828282828283,0.12323232323232322,8.376171825249257e-06,0.009918204726592585
2820,1.572828282828283,0.1291919191919192,0.00013101589175139926,0.010239514696533844
2821,1.572828282828283,0.13515151515151513,0.00019195019564597384,0.010842327953293925
2822,1.572828282828283,0.1411111111111111,-1.396250944987879e-05,0.011391049374751216
2823,1.572828282828283,0.14707070707070707,3.4252563004075384e-05,0.011754716503387282
2824,1.572828282828283,0.15303030303030302,2.0047445101563154e-05,0.012345446665801018
2825,1.572828282828283,0.158989898989899,-5.590716071441032e-05,0.012759757335717109
2826,1.572828282828283,0.16494949494949493,3.222651835012297e-05,0.01349900065675271
2827,1.572828282828283,0.1709090909090909,0.00019496919159117524,0.013882741130296633
2828,1.572828282828283,0.17686868686868687,-0.0003551669180051419,0.014228799423374728
2829,1.572828282828283,0.1828282828282828,-0.00019695490551218937,0.014709400714819439
2830,1.572828282828283,0.18878787878787878,6.47574496918577e-05,0.015094703939318709
2831,1.572828282828283,0.19474747474747472,7.614095304873711e-05,0.015762972847287032
2832,1.572828282828283,0.2007070707070707,-1.5745802788844297e-05,0.01626493970067595
2833,1.572828282828283,0.20666666666666667,-0.00015853677823225682,0.016646306053977253
2834,1.572828282828283,0.2126262626262626,3.7576041355439426e-05,0.01725714629293182
2835,1.572828282828283,0.21858585858585858,-0.00021743669374732364,0.01765510103310698
2836,1.572828282828283,0.22454545454545452,0.00040557230640201486,0.018192444683283564
2837,1.572828282828283,0.2305050505050505,-0.0002859972505052903,0.0188481525800287
2838,1.572828282828283,0.23646464646464646,-0.0004130850888802244,0.01915564572079298
2839,1.572828282828283,0.2424242424242424,9.509677932161439e-05,0.01961231562550348
2840,1.572828282828283,0.24838383838383837,0.00024202055459103918,0.02006642694684392
2841,1.572828282828283,0.2543434343434343,-0.00029948331782517597,0.02059220590542026
2842,1.572828282828283,0.26030303030303026,-1.8370878630549294e-05,0.020896024432712306
2843,1.572828282828283,0.26626262626262626,-9.18272694693973e-05,0.021552724888880763
2844,1.572828282828283,0.2722222222222222,-0.0002413205146861648,0.02193520517930393
2845,1.572828282828283,0.27818181818181814,0.00015599379815952266,0.02233766360181115
2846,1.572828282828283,0.28414141414141414,7.399741695880622e-05,0.022901906801885
2847,1.572828282828283,0.2901010101010101,8.280919812875911e-05,0.023467618192934588
2848,1.572828282828283,0.296060606060606,0.00012616393603177126,0.023958321680440764
2849,1.572828282828283,0.302020202020202,-0.00018216945834899337,0.02436594899548315
2850,1.572828282828283,0.30797979797979796,-4.42317212124769e-05,0.025135317532106034
2851,1.572828282828283,0.3139393939393939,8.902264356057427e-05,0.02528062639335122
2852,1.572828282828283,0.31989898989898985,8.726606319492334e-05,0.025863896531306805
2853,1.572828282828283,0.32585858585858585,-0.000401288728763103,0.02630096942510357
2854,1.572828282828283,0.3318181818181818,-0.00010019106027218369,0.026759517102112076
2855,1.572828282828283,0.33777777777777773,0.00013571352256375763,0.027295058007320325
2856,1.572828282828283,0.34373737373737373,-0.0002741719761322079,0.027879190745680724
2857,1.572828282828283,0.3496969696969697,-7.009036281291836e-06,0.028121460616066678
2858,1.572828282828283,0.3556565656565656,-0.00036760048432900685,0.028718192290972302
2859,1.572828282828283,0.3616161616161616,-0.00028354074492597386,0.029607391251377627
2860,1.572828282828283,0.36757575757575756,0.00022964638181031868,0.02968259832162283
2861,1.572828282828283,0.3735353535353535,-0.0005462523473293062,0.02996957581056137
2862,1.572828282828283,0.37949494949494944,-1.110253651058286e-05,0.030409008566760383
2863,1.572828282828283,0.38545454545454544,7.538605226363626e-07,0.03170197381674455
2864,1.572828282828283,0.3914141414141414,3.1487139038719955e-05,0.03164055779452593
2865,1.572828282828283,0.3973737373737373,0.0002685222255631604,0.03232911352552194
2866,1.572828282828283,0.4033333333333333,-0.0001605126668661552,0.03307252973525477
2867,1.572828282828283,0.40929292929292926,-9.149376019057286e-05,0.032840588943533304
2868,1.572828282828283,0.4152525252525252,0.00012665694227683637,0.033596929404776175
2869,1.572828282828283,0.42121212121212115,0.0003273881823862949,0.03414097589068967
2870,1.572828282828283,0.42717171717171715,-4.035683285307892e-05,0.03501824743580905
2871,1.572828282828283,0.4331313131313131,-0.0008321708943959532,0.03519920424048832
2872,1.572828282828283,0.43909090909090903,0.00039355202955156934,0.03561606579900785
2873,1.572828282828283,0.44505050505050503,0.0003985984709083621,0.03588125118296705
2874,1.572828282828283,0.45101010101010097,0.00037799123332474407,0.03672407350856317
2875,1.572828282828283,0.4569696969696969,0.0006639427415001775,0.037509982979463584
2876,1.572828282828283,0.4629292929292929,0.00035465442261298626,0.037525312826979344
2877,1.572828282828283,0.46888888888888886,-0.0004622962072132255,0.03796496298606226
2878,1.572828282828283,0.4748484848484848,0.00014870205455269527,0.03873389997359815
2879,1.572828282828283,0.48080808080808074,-8.55864586544625e-05,0.03911645064693964
2880,1.572828282828283,0.48676767676767674,-3.2616550122921596e-05,0.039918732061838345
2881,1.572828282828283,0.4927272727272727,-0.0005138518647772519,0.040500135403065345
2882,1.572828282828283,0.4986868686868686,2.0767681969922847e-06,0.040405639855960226
2883,1.572828282828283,0.5046464646464646,-0.00035485665386087166,0.041072180200613706
2884,1.572828282828283,0.5106060606060605,-0.0001454839477716313,0.04121072653510468
2885,1.572828282828283,0.5165656565656566,-0.00028422972135245866,0.041673403534929494
2886,1.572828282828283,0.5225252525252525,0.00035620225726589616,0.0427996651361802
2887,1.572828282828283,0.5284848484848484,-0.00020226404366180032,0.043052932716245905
2888,1.572828282828283,0.5344444444444444,0.00048548610451707076,0.044318894702371874
2889,1.572828282828283,0.5404040404040403,-0.00018270420580245166,0.04363379460126031
2890,1.572828282828283,0.5463636363636363,-0.0002691141437040667,0.04504976731650178
2891,1.572828282828283,0.5523232323232323,0.0009196347732574667,0.04521662494772926
2892,1.572828282828283,0.5582828282828283,-0.0005358197030743438,0.045214829323427026
2893,1.572828282828283,0.5642424242424242,0.0003500968033145463,0.04538241878759978
2894,1.572828282828283,0.5702020202020202,-0.0006884363288468041,0.04605395738375625
2895,1.572828282828283,0.5761616161616161,-0.00016764958877683807,0.046527175915147205
2896,1.572828282828283,0.582121212121212,-0.0002690174334131671,0.047093733994795633
2897,1.572828282828283,0.588080808080808,0.000611427066752891,0.04852435157676684
2898,1.572828282828283,0.594040404040404,-0.00044056895979357547,0.047736323813601024
2899,1.572828282828283,0.6,-0.0005592192749047263,0.04864433551202853
2900,1.592929292929293,0.01,-1.3974799466050692e-05,0.0008347555029391715
2901,1.592929292929293,0.01595959595959596,5.021291323739796e-06,0.0013271571160795423
2902,1.592929292929293,0.021919191919191918,5.801666817609482e-05,0.0018140021933069914
2903,1.592929292929293,0.027878787878787878,-3.004544341564098e-05,0.0023552187745791383
2904,1.592929292929293,0.033838383838383834,-3.58199445262104e-05,0.002817903621012861
2905,1.592929292929293,0.0397979797979798,-1.3055602899660557e-05,0.0032956241437377062
2906,1.592929292929293,0.045757575757575754,0.00010983305400065513,0.0038472065773173577
2907,1.592929292929293,0.05171717171717172,-1.7369549009807518e-05,0.004264252367956778
2908,1.592929292929293,0.05767676767676767,2.2174694608622204e-06,0.004856271974361566
2909,1.592929292929293,0.06363636363636363,-9.363490907553385e-05,0.005263650935398865
2910,1.592929292929293,0.06959595959595959,-7.101685410566155e-05,0.005804689784521214
2911,1.592929292929293,0.07555555555555554,-1.459368677774915e-05,0.006278764776013954
2912,1.592929292929293,0.0815151515151515,0.00016869979532561065,0.006908539126445639
2913,1.592929292929293,0.08747474747474746,5.839394140448461e-05,0.007255365943933105
2914,1.592929292929293,0.09343434343434343,-5.3364510948545016e-05,0.007887016463299064
2915,1.592929292929293,0.09939393939393938,7.62677964653833e-05,0.008347252213630653
2916,1.592929292929293,0.10535353535353534,0.00011443727579494998,0.008819045921192556
2917,1.592929292929293,0.1113131313131313,-0.00014096352422136472,0.00923307829427016
2918,1.592929292929293,0.11727272727272725,-6.8929503025243e-05,0.009901662197581405
2919,1.592929292929293,0.12323232323232322,8.621969863024945e-05,0.010341283985874397
2920,1.592929292929293,0.1291919191919192,0.00011203682538856472,0.010814500017766404
2921,1.592929292929293,0.13515151515151513,2.8826544608409688e-05,0.011379074349691348
2922,1.592929292929293,0.1411111111111111,-8.692000928337392e-05,0.01161314697964685
2923,1.592929292929293,0.14707070707070707,1.621339207901613e-05,0.012236107310768789
2924,1.592929292929293,0.15303030303030302,-5.563887799029457e-05,0.012725466234836731
2925,1.592929292929293,0.158989898989899,-5.381669828299741e-05,0.013112269144938548
2926,1.592929292929293,0.16494949494949493,-0.00019707511671769286,0.013807685808096761
2927,1.592929292929293,0.1709090909090909,2.5693635460891518e-05,0.014367029980879766
2928,1.592929292929293,0.17686868686868687,-7.605031541429469e-05,0.014528482952599111
2929,1.592929292929293,0.1828282828282828,0.0003040274098600128,0.015335958222417753
2930,1.592929292929293,0.18878787878787878,-2.3539151723582695e-05,0.015674005018646183
2931,1.592929292929293,0.19474747474747472,9.43819669962131e-05,0.016256193764327066
2932,1.592929292929293,0.2007070707070707,9.249424367447437e-05,0.016711679272166335
2933,1.592929292929293,0.20666666666666667,0.0001811710832408633,0.017285831243434593
2934,1.592929292929293,0.2126262626262626,-0.00018724186348353816,0.017717484311756442
2935,1.592929292929293,0.21858585858585858,7.6025123363369306e-06,0.018242683460925647
2936,1.592929292929293,0.22454545454545452,0.00014840295402952094,0.018610816235844235
2937,1.592929292929293,0.2305050505050505,0.000312247611159335,0.01917992979779303
2938,1.592929292929293,0.23646464646464646,0.0002023909082417863,0.01979128234480054
2939,1.592929292929293,0.2424242424242424,0.0003104675409875124,0.020153754904609893
2940,1.592929292929293,0.24838383838383837,0.0002885575332682074,0.020799300923696955
2941,1.592929292929293,0.2543434343434343,8.858462949137456e-05,0.021339154897969382
2942,1.592929292929293,0.26030303030303026,0.00032414055678864194,0.021592254036625493
2943,1.592929292929293,0.26626262626262626,0.00020761279236424302,0.022058555059814966
2944,1.592929292929293,0.2722222222222222,0.00022774382671385932,0.022714643233166566
2945,1.592929292929293,0.27818181818181814,-0.00021107090186038807,0.02335775277942911
2946,1.592929292929293,0.28414141414141414,-6.438231893198836e-05,0.02374528152247523
2947,1.592929292929293,0.2901010101010101,0.00015203105384506134,0.024117124645639088
2948,1.592929292929293,0.296060606060606,0.0001329193992622287,0.024619326502977715
2949,1.592929292929293,0.302020202020202,0.00043114949248951594,0.025589208207893246
2950,1.592929292929293,0.30797979797979796,6.176632740004839e-06,0.025698483333386063
2951,1.592929292929293,0.3139393939393939,1.89155065065154e-05,0.026579178661741417
2952,1.592929292929293,0.31989898989898985,0.00011527345266463613,0.026835901072487765
2953,1.592929292929293,0.32585858585858585,-0.0005269483622431814,0.02728844061765797
2954,1.592929292929293,0.3318181818181818,0.00033672905714921973,0.02758422858822292
2955,1.592929292929293,0.33777777777777773,0.000158692786093257,0.028795932314263244
2956,1.592929292929293,0.34373737373737373,2.137688104529185e-05,0.02854353838741557
2957,1.592929292929293,0.3496969696969697,-0.0005036116917764966,0.029608623867785958
2958,1.592929292929293,0.3556565656565656,6.950125360096542e-05,0.029650204946434097
2959,1.592929292929293,0.3616161616161616,0.00014021682085518458,0.030540860672427256
2960,1.592929292929293,0.36757575757575756,4.41866277380202e-05,0.03057288521749811
2961,1.592929292929293,0.3735353535353535,-0.0004181733234197976,0.031166092860313802
2962,1.592929292929293,0.37949494949494944,5.294181098828863e-05,0.031783392315940726
2963,1.592929292929293,0.38545454545454544,-0.00018978780258417145,0.03221348382115456
2964,1.592929292929293,0.3914141414141414,-0.0003471440201795091,0.03292246248139818
2965,1.592929292929293,0.3973737373737373,0.0001460309200763865,0.033463771119709204
2966,1.592929292929293,0.4033333333333333,-7.101114878039382e-05,0.03367800530298398
2967,1.592929292929293,0.40929292929292926,9.5486509920432e-05,0.03443088197498349
2968,1.592929292929293,0.4152525252525252,-0.00010768596152394739,0.034909727178641006
2969,1.592929292929293,0.42121212121212115,-0.00013235454676800845,0.035232777463735085
2970,1.592929292929293,0.42717171717171715,-5.8079319602392746e-05,0.036301041723305824
2971,1.592929292929293,0.4331313131313131,0.00026106063186513386,0.03625312022011881
2972,1.592929292929293,0.43909090909090903,0.0002677372652213754,0.03676876509762563
2973,1.592929292929293,0.44505050505050503,0.0009630860378742499,0.037317415271388196
2974,1.592929292929293,0.45101010101010097,0.0002508843264610316,0.038229330171718104
2975,1.592929292929293,0.4569696969696969,-0.00031520052201770615,0.038538386240990354
2976,1.592929292929293,0.4629292929292929,-0.00033333261718849637,0.03890430248769168
2977,1.592929292929293,0.46888888888888886,-1.6213243712417803e-05,0.03991794223109499
2978,1.592929292929293,0.4748484848484848,-0.000581982430746198,0.03982894655151463
2979,1.592929292929293,0.48080808080808074,0.0003810744669455396,0.0399056997014744
2980,1.592929292929293,0.48676767676767674,0.00040226373691984126,0.04092209393650362
2981,1.592929292929293,0.4927272727272727,0.00015212285083442828,0.041355886357115984
2982,1.592929292929293,0.4986868686868686,-0.0007777292680831197,0.042072713015538755
2983,1.592929292929293,0.5046464646464646,-0.0002531400131363889,0.0423447619467524
2984,1.592929292929293,0.5106060606060605,-0.0003685789630761625,0.04245132304541185
2985,1.592929292929293,0.5165656565656566,-8.003841081545556e-05,0.043246512856696624
2986,1.592929292929293,0.5225252525252525,-0.000125561495090567,0.04395158201130427
2987,1.592929292929293,0.5284848484848484,0.00031425409236307924,0.044701438260800794
2988,1.592929292929293,0.5344444444444444,-0.0006353673454602268,0.04477686432927275
2989,1.592929292929293,0.5404040404040403,-0.0002563532341256713,0.045504492221751486
2990,1.592929292929293,0.5463636363636363,0.00022259977383059105,0.04578218710742211
2991,1.592929292929293,0.5523232323232323,0.0003133887769452008,0.04672517678261018
2992,1.592929292929293,0.5582828282828283,0.0005117493197048886,0.047333834079223945
2993,1.592929292929293,0.5642424242424242,0.00029720574342744925,0.04790683495213703
2994,1.592929292929293,0.5702020202020202,-1.6655287327143497e-06,0.04828979219130985
2995,1.592929292929293,0.5761616161616161,-0.00016575485831976682,0.04814217851333605
2996,1.592929292929293,0.582121212121212,-0.0006770982075133454,0.04844036115151421
2997,1.592929292929293,0.588080808080808,0.00048140780922285024,0.049969993291887525
2998,1.592929292929293,0.594040404040404,-0.00029526979419034204,0.05018517422972662
2999,1.592929292929293,0.6,-0.0004713728933533634,0.050381533115637374
3000,1.613030303030303,0.01,1.3642982706533402e-05,0.0008629843859916484
3001,1.613030303030303,0.01595959595959596,1.1154236852510836e-05,0.0013842006442627076
3002,1.613030303030303,0.021919191919191918,-4.3789253593553675e-06,0.0018918898298182984
3003,1.613030303030303,0.027878787878787878,-2.310082294403617e-05,0.0023937713367997646
3004,1.613030303030303,0.033838383838383834,-3.5600667766442576e-05,0.0029453208837956946
3005,1.613030303030303,0.0397979797979798,5.957115665597757e-06,0.003465825587953041
3006,1.613030303030303,0.045757575757575754,2.397137832395455e-05,0.003955318838988341
3007,1.613030303030303,0.05171717171717172,-2.7391505830193296e-05,0.004475150277596077
3008,1.613030303030303,0.05767676767676767,-2.5160810582541006e-05,0.005013907571242213
3009,1.613030303030303,0.06363636363636363,-9.429941584309362e-05,0.005500345366249609
3010,1.613030303030303,0.06959595959595959,-0.00010302565656155012,0.006046347884872236
3011,1.613030303030303,0.07555555555555554,-5.974422481051041e-05,0.006545070985850398
3012,1.613030303030303,0.0815151515151515,0.00011973782457894287,0.007030280735353107
3013,1.613030303030303,0.08747474747474746,-5.891251265228481e-06,0.00766034881495113
3014,1.613030303030303,0.09343434343434343,3.414978697851263e-05,0.008017677191238245
3015,1.613030303030303,0.09939393939393938,0.00018973310036187014,0.008621477024522246
3016,1.613030303030303,0.10535353535353534,-7.060806935722564e-06,0.009060111637861653
3017,1.613030303030303,0.1113131313131313,1.7844298697926352e-05,0.00956984483274093
3018,1.613030303030303,0.11727272727272725,0.0002408390859148274,0.010114529938726876
3019,1.613030303030303,0.12323232323232322,1.9479107860542988e-05,0.010668839987083711
3020,1.613030303030303,0.1291919191919192,-0.00016170819251364854,0.01100481481883558
3021,1.613030303030303,0.13515151515151513,-5.2737932502340834e-05,0.011592995637564149
3022,1.613030303030303,0.1411111111111111,2.332090001948145e-05,0.01222813893295498
3023,1.613030303030303,0.14707070707070707,3.775641054772827e-05,0.012554276106565036
3024,1.613030303030303,0.15303030303030302,6.970044612065576e-05,0.013187840967583943
3025,1.613030303030303,0.158989898989899,5.5908490771612396e-05,0.013604126171646335
3026,1.613030303030303,0.16494949494949493,-4.8288838299046224e-05,0.014340111391479182
3027,1.613030303030303,0.1709090909090909,8.355997918713597e-05,0.014807504388181968
3028,1.613030303030303,0.17686868686868687,0.00015216303953973734,0.01538750630205994
3029,1.613030303030303,0.1828282828282828,0.0001728484334753531,0.01593400239719766
3030,1.613030303030303,0.18878787878787878,0.00021230921682670158,0.016290561269781994
3031,1.613030303030303,0.19474747474747472,-6.959377320392601e-05,0.01697461123743918
3032,1.613030303030303,0.2007070707070707,0.0003989544686608871,0.017454503950066078
3033,1.613030303030303,0.20666666666666667,0.0001531923648636786,0.018004401386894145
3034,1.613030303030303,0.2126262626262626,6.813673306525501e-05,0.018199618449992853
3035,1.613030303030303,0.21858585858585858,-4.937340366385732e-05,0.019029823375416317
3036,1.613030303030303,0.22454545454545452,-0.0003078837129360333,0.019475202377202887
3037,1.613030303030303,0.2305050505050505,0.00012992955407394654,0.019799923209396105
3038,1.613030303030303,0.23646464646464646,-0.0001237087259942831,0.020369376819378192
3039,1.613030303030303,0.2424242424242424,-0.00023979159981398661,0.021261570990997722
3040,1.613030303030303,0.24838383838383837,-0.00023404493250545294,0.02156585352478792
3041,1.613030303030303,0.2543434343434343,-0.00025642459101682147,0.021849834000431473
3042,1.613030303030303,0.26030303030303026,-3.68603689450087e-05,0.022325113431326243
3043,1.613030303030303,0.26626262626262626,-0.00026380458613989223,0.022940747185226974
3044,1.613030303030303,0.2722222222222222,-0.00015392349419666805,0.023551208994717274
3045,1.613030303030303,0.27818181818181814,-0.00031076213316861455,0.024084186170302495
3046,1.613030303030303,0.28414141414141414,-0.0003132701506542744,0.024654825569470316
3047,1.613030303030303,0.2901010101010101,-0.0008350531660897349,0.025189398498681192
3048,1.613030303030303,0.296060606060606,0.00043667163149589363,0.025744998598815093
3049,1.613030303030303,0.302020202020202,0.00040237334956295235,0.025897046119091844
3050,1.613030303030303,0.30797979797979796,-9.124833605917077e-05,0.026543901978076514
3051,1.613030303030303,0.3139393939393939,0.0006161158880900778,0.027288684901674083
3052,1.613030303030303,0.31989898989898985,-0.000743157852482283,0.02757723662448415
3053,1.613030303030303,0.32585858585858585,0.00033186614728144734,0.028419978292795623
3054,1.613030303030303,0.3318181818181818,0.00023988641892888908,0.028619988031622152
3055,1.613030303030303,0.33777777777777773,0.0002905821908384144,0.029659273549393114
3056,1.613030303030303,0.34373737373737373,-5.9904726407003526e-05,0.029652131210583244
3057,1.613030303030303,0.3496969696969697,0.0002829565327658309,0.030196870544884923
3058,1.613030303030303,0.3556565656565656,-0.00012053162663939581,0.030910871497255236
3059,1.613030303030303,0.3616161616161616,0.0001865804654178868,0.03127280479515037
3060,1.613030303030303,0.36757575757575756,-0.0004093820132417948,0.03182791079581607
3061,1.613030303030303,0.3735353535353535,0.00030464673700696484,0.03203294605509371
3062,1.613030303030303,0.37949494949494944,-0.00013632774840793672,0.0328323191733616
3063,1.613030303030303,0.38545454545454544,-0.0001444996244431908,0.0330782638165108
3064,1.613030303030303,0.3914141414141414,0.000665370410090039,0.03435640023878201
3065,1.613030303030303,0.3973737373737373,-0.00021881057901317966,0.03447064932892751
3066,1.613030303030303,0.4033333333333333,-0.00022277376912508337,0.034471814565874594
3067,1.613030303030303,0.40929292929292926,-5.43899811661061e-05,0.03567904947765995
3068,1.613030303030303,0.4152525252525252,0.00012341170862909591,0.035400621489648405
3069,1.613030303030303,0.42121212121212115,-0.00022394792357003369,0.03661268710378192
3070,1.613030303030303,0.42717171717171715,-0.0002532903313506421,0.037025130142377835
3071,1.613030303030303,0.4331313131313131,-0.00011955682951035272,0.03777633707265655
3072,1.613030303030303,0.43909090909090903,-0.0006956869732695143,0.038573431082445875
3073,1.613030303030303,0.44505050505050503,-0.00014780784643909627,0.038528997211103345
3074,1.613030303030303,0.45101010101010097,-0.00034059907884884696,0.038786699865433406
3075,1.613030303030303,0.4569696969696969,0.0003127231815520616,0.039793376951269624
3076,1.613030303030303,0.4629292929292929,-7.23695390551935e-06,0.040595775069767255
3077,1.613030303030303,0.46888888888888886,-0.0003627145323442015,0.040351379558521056
3078,1.613030303030303,0.4748484848484848,-7.668486445694773e-05,0.0413538179493514
3079,1.613030303030303,0.48080808080808074,-0.0005404515437906193,0.04159844536038014
3080,1.613030303030303,0.48676767676767674,-0.0001404623620789291,0.04198826660642997
3081,1.613030303030303,0.4927272727272727,5.000907472413476e-05,0.042563953865665125
3082,1.613030303030303,0.4986868686868686,-0.00046521882874120537,0.04309915757087943
3083,1.613030303030303,0.5046464646464646,-0.00038381577160030115,0.043664296816688576
3084,1.613030303030303,0.5106060606060605,0.0008824652809259052,0.04442086461551307
3085,1.613030303030303,0.5165656565656566,0.000621043536858721,0.044838209430211835
3086,1.613030303030303,0.5225252525252525,0.0005527844900744828,0.04580303784867299
3087,1.613030303030303,0.5284848484848484,0.00017344024473252233,0.04565073650464887
3088,1.613030303030303,0.5344444444444444,8.912162019202144e-05,0.04652115086482553
3089,1.613030303030303,0.5404040404040403,-0.0005107121532509011,0.04696590308309359
3090,1.613030303030303,0.5463636363636363,-0.0011313833789772083,0.04788559237277805
3091,1.613030303030303,0.5523232323232323,0.00048645976674667615,0.04830701035816978
3092,1.613030303030303,0.5582828282828283,0.0005953127199287873,0.048646700167826865
3093,1.613030303030303,0.5642424242424242,-0.000350279555958315,0.049083894590498126
3094,1.613030303030303,0.5702020202020202,0.0005617361737544926,0.04947615563823568
3095,1.613030303030303,0.5761616161616161,-0.0005943109473531598,0.05008180240235441
3096,1.613030303030303,0.582121212121212,-0.0002695097279925458,0.05024110238448802
3097,1.613030303030303,0.588080808080808,-0.0001786495617023856,0.05207799945092021
3098,1.613030303030303,0.594040404040404,0.0001793581965971787,0.05211901926118221
3099,1.613030303030303,0.6,-0.0007766237745276926,0.05228611548514245
3100,1.6331313131313132,0.01,-2.2498650572941615e-05,0.0008926033424562151
3101,1.6331313131313132,0.01595959595959596,-2.881858149902933e-05,0.0014295680493826854
3102,1.6331313131313132,0.021919191919191918,-1.545726565397837e-05,0.001955374345999192
3103,1.6331313131313132,0.027878787878787878,9.778611680122228e-06,0.0025068115679728444
3104,1.6331313131313132,0.033838383838383834,8.406764668160626e-05,0.003015498078025876
3105,1.6331313131313132,0.0397979797979798,-1.808088052787359e-05,0.0035749033137028674
3106,1.6331313131313132,0.045757575757575754,-2.4517690060705933e-05,0.004040439943205171
3107,1.6331313131313132,0.05171717171717172,-2.507063814448973e-06,0.0046001794695323785
3108,1.6331313131313132,0.05767676767676767,1.935212869289823e-05,0.005121439571627231
3109,1.6331313131313132,0.06363636363636363,4.803039292228085e-05,0.005700522447816557
3110,1.6331313131313132,0.06959595959595959,5.5760190566823445e-05,0.006190891515735665
3111,1.6331313131313132,0.07555555555555554,-3.288134149332742e-05,0.006714326402458542
3112,1.6331313131313132,0.0815151515151515,4.955027023076803e-05,0.007265840979253444
3113,1.6331313131313132,0.08747474747474746,-2.174697953746986e-05,0.007799251050965353
3114,1.6331313131313132,0.09343434343434343,-3.951139919936695e-05,0.008347256857641715
3115,1.6331313131313132,0.09939393939393938,8.032691479417442e-06,0.008815469507662462
3116,1.6331313131313132,0.10535353535353534,9.910474140168257e-06,0.009456108573151949
3117,1.6331313131313132,0.1113131313131313,-5.944069336430218e-05,0.009925260521732893
3118,1.6331313131313132,0.11727272727272725,-2.3859498117418908e-05,0.01048413793763368
3119,1.6331313131313132,0.12323232323232322,9.651778816051961e-05,0.011043419933216453
3120,1.6331313131313132,0.1291919191919192,-7.153903941170847e-06,0.01157044881341853
3121,1.6331313131313132,0.13515151515151513,0.0001023413992190493,0.01200555729027725
3122,1.6331313131313132,0.1411111111111111,-0.00010961979186429569,0.012359691817451926
3123,1.6331313131313132,0.14707070707070707,-9.180192664550968e-05,0.013136667991577684
3124,1.6331313131313132,0.15303030303030302,6.310051212047739e-05,0.013783307587335238
3125,1.6331313131313132,0.158989898989899,0.00015920723238896435,0.014300461798555484
3126,1.6331313131313132,0.16494949494949493,-8.49826954202484e-05,0.014561540759177044
3127,1.6331313131313132,0.1709090909090909,0.00015594063541643805,0.015236558742177725
3128,1.6331313131313132,0.17686868686868687,4.348236535375062e-05,0.015742640540495925
3129,1.6331313131313132,0.1828282828282828,0.00014507238969263398,0.016317647077566135
3130,1.6331313131313132,0.18878787878787878,-0.0003283012665680109,0.01682143702488987
3131,1.6331313131313132,0.19474747474747472,0.00016657005177857887,0.017338440102085143
3132,1.6331313131313132,0.2007070707070707,-0.00015996172744017884,0.01788528393106358
3133,1.6331313131313132,0.20666666666666667,-3.4138729633744092e-06,0.01832334348535838
3134,1.6331313131313132,0.2126262626262626,-0.0003664918992145375,0.018917640516269877
3135,1.6331313131313132,0.21858585858585858,-3.0659152262523125e-05,0.0193917830626351
3136,1.6331313131313132,0.22454545454545452,-3.803064083063479e-05,0.020036775467703712
3137,1.6331313131313132,0.2305050505050505,-0.0001484003464579448,0.020414131871145234
3138,1.6331313131313132,0.23646464646464646,0.00023101868358196427,0.021264664542332758
3139,1.6331313131313132,0.2424242424242424,8.161855043642593e-05,0.02134433312098358
3140,1.6331313131313132,0.24838383838383837,-7.87704445266194e-05,0.022133225289711973
3141,1.6331313131313132,0.2543434343434343,-1.8371460411434625e-05,0.022777614164150334
3142,1.6331313131313132,0.26030303030303026,0.0003568587296671518,0.02346054155691483
3143,1.6331313131313132,0.26626262626262626,-0.00010763108204644092,0.02400070351603008
3144,1.6331313131313132,0.2722222222222222,0.00029159740452457404,0.02431483224643608
3145,1.6331313131313132,0.27818181818181814,-0.00014204164497202677,0.02473762584551789
3146,1.6331313131313132,0.28414141414141414,-0.0006282844437147858,0.024984603548987624
3147,1.6331313131313132,0.2901010101010101,-0.0002100404682819184,0.02572172444746007
3148,1.6331313131313132,0.296060606060606,0.00010040539136374577,0.026210609363774975
3149,1.6331313131313132,0.302020202020202,-2.187635885729834e-05,0.02685275901977434
3150,1.6331313131313132,0.30797979797979796,-0.0005207308155730292,0.027464770293572874
3151,1.6331313131313132,0.3139393939393939,-9.26024093427444e-05,0.02798568160987509
3152,1.6331313131313132,0.31989898989898985,0.00019422528923959627,0.028715495386513766
3153,1.6331313131313132,0.32585858585858585,7.768376988750034e-05,0.028959220599698257
3154,1.6331313131313132,0.3318181818181818,0.00030287883515925184,0.029512294149540808
3155,1.6331313131313132,0.33777777777777773,0.0005801141017423763,0.030267805802796966
3156,1.6331313131313132,0.34373737373737373,6.431558911613892e-05,0.03056480428424637
3157,1.6331313131313132,0.3496969696969697,0.00013449161785514848,0.03149630436384846
3158,1.6331313131313132,0.3556565656565656,0.0004717219738182324,0.03212411847186493
3159,1.6331313131313132,0.3616161616161616,0.000386518888725361,0.032385109922435214
3160,1.6331313131313132,0.36757575757575756,0.0002078343619783438,0.03267040717703096
3161,1.6331313131313132,0.3735353535353535,-0.00033059010728092483,0.03313827512665795
3162,1.6331313131313132,0.37949494949494944,-0.0005011064522330646,0.034085114313188516
3163,1.6331313131313132,0.38545454545454544,-0.0004843410165237172,0.03413163092968443
3164,1.6331313131313132,0.3914141414141414,0.0001862184701022436,0.03515156745379501
3165,1.6331313131313132,0.3973737373737373,-0.0001327142738801558,0.03589116176507634
3166,1.6331313131313132,0.4033333333333333,0.00029295116922387716,0.036495266254303826
3167,1.6331313131313132,0.40929292929292926,0.0005688622595137665,0.037087705847985944
3168,1.6331313131313132,0.4152525252525252,0.0005887674689985984,0.03721300586232004
3169,1.6331313131313132,0.42121212121212115,0.00018292614094924956,0.03732298554822116
3170,1.6331313131313132,0.42717171717171715,-0.0006856752603713876,0.03776541537923537
3171,1.6331313131313132,0.4331313131313131,-0.0003269254991171688,0.03863592139892556
3172,1.6331313131313132,0.43909090909090903,0.0004459775860917959,0.03969887413952493
3173,1.6331313131313132,0.44505050505050503,0.00010116051558536805,0.03995875494830167
3174,1.6331313131313132,0.45101010101010097,-0.00015043776885300273,0.04059017447717141
3175,1.6331313131313132,0.4569696969696969,-0.00017645111273286048,0.040445342640198806
3176,1.6331313131313132,0.4629292929292929,6.333985984469249e-05,0.04137632962998168
3177,1.6331313131313132,0.46888888888888886,-0.00067206636036356,0.042310139434081316
3178,1.6331313131313132,0.4748484848484848,0.00022245036903086727,0.04273950561856786
3179,1.6331313131313132,0.48080808080808074,0.0007592783434736867,0.043340403356773874
3180,1.6331313131313132,0.48676767676767674,0.0002427685405745819,0.04369993881559783
3181,1.6331313131313132,0.4927272727272727,0.0005447427429288229,0.04439688860048799
3182,1.6331313131313132,0.4986868686868686,-3.088009328223087e-05,0.04428907041427406
3183,1.6331313131313132,0.5046464646464646,-0.000443460053418299,0.04513962114486339
3184,1.6331313131313132,0.5106060606060605,7.107654902624052e-05,0.04624688797100014
3185,1.6331313131313132,0.5165656565656566,5.766746915635057e-05,0.04705420137688904
3186,1.6331313131313132,0.5225252525252525,-0.0003434800704025261,0.04698977438867926
3187,1.6331313131313132,0.5284848484848484,-0.00037901526546450684,0.04703998366894869
3188,1.6331313131313132,0.5344444444444444,-0.000530067726390579,0.04805478790957025
3189,1.6331313131313132,0.5404040404040403,0.00023621631056143633,0.04850974040965923
3190,1.6331313131313132,0.5463636363636363,0.0010240864525549482,0.049415190921376306
3191,1.6331313131313132,0.5523232323232323,-0.0005585086996711964,0.0498717557543052
3192,1.6331313131313132,0.5582828282828283,-0.00016562369337344782,0.050122037782472845
3193,1.6331313131313132,0.5642424242424242,0.0002501126510901203,0.05083668249005932
3194,1.6331313131313132,0.5702020202020202,-0.0009570227352292293,0.05073904225454721
3195,1.6331313131313132,0.5761616161616161,-0.0004624822407128107,0.051925593278176634
3196,1.6331313131313132,0.582121212121212,0.0009548215964306138,0.05231789697383935
3197,1.6331313131313132,0.588080808080808,-0.00039124228921953133,0.053664429505812225
3198,1.6331313131313132,0.594040404040404,-9.468274943975563e-05,0.05336061467498694
3199,1.6331313131313132,0.6,0.0007764883351804264,0.05391018367522866
3200,1.6532323232323232,0.01,8.651870606137669e-06,0.0009166420757796719
3201,1.6532323232323232,0.01595959595959596,5.509297551687975e-06,0.0014637318344190421
3202,1.6532323232323232,0.021919191919191918,-1.0978749546262101e-05,0.0020062802002270485
3203,1.6532323232323232,0.027878787878787878,-1.5331284854537042e-05,0.002548868232974137
3204,1.6532323232323232,0.033838383838383834,1.6759653513330717e-05,0.0031050476656795676
3205,1.6532323232323232,0.0397979797979798,1.4625951671460613e-05,0.0036934053022971793
3206,1.6532323232323232,0.045757575757575754,5.166961831019471e-05,0.004220493060926172
3207,1.6532323232323232,0.05171717171717172,-1.5714346103991504e-05,0.00471103569038183
3208,1.6532323232323232,0.05767676767676767,3.739803416575804e-05,0.005302419665316435
3209,1.6532323232323232,0.06363636363636363,-6.269185008222083e-05,0.005877629619444703
3210,1.6532323232323232,0.06959595959595959,-8.506094715133021e-05,0.0063647558350177795
3211,1.6532323232323232,0.07555555555555554,-2.327408219135354e-05,0.006968418720601507
3212,1.6532323232323232,0.0815151515151515,-6.723907026233424e-05,0.007482545893514071
3213,1.6532323232323232,0.08747474747474746,-8.496895004323904e-05,0.008058642845917653
3214,1.6532323232323232,0.09343434343434343,0.00010325203205498133,0.008595908355904224
3215,1.6532323232323232,0.09939393939393938,-5.6909633871523155e-05,0.009281283915617288
3216,1.6532323232323232,0.10535353535353534,-8.556197859484938e-06,0.009656435758959175
3217,1.6532323232323232,0.1113131313131313,5.400246524074098e-05,0.010113336572366858
3218,1.6532323232323232,0.11727272727272725,0.00011038547556317908,0.010835951549790722
3219,1.6532323232323232,0.12323232323232322,8.194741557057085e-05,0.011354738158531207
3220,1.6532323232323232,0.1291919191919192,-8.668188833861012e-06,0.011869309346433222
3221,1.6532323232323232,0.13515151515151513,-5.150565970636596e-05,0.012315704479739578
3222,1.6532323232323232,0.1411111111111111,0.00010150413999774899,0.013125279848322161
3223,1.6532323232323232,0.14707070707070707,8.924654563139404e-05,0.01361287184438525
3224,1.6532323232323232,0.15303030303030302,-0.0002851226836252373,0.013883424313794688
3225,1.6532323232323232,0.158989898989899,0.00012583087036793477,0.014522122749209438
3226,1.6532323232323232,0.16494949494949493,8.895277755502012e-05,0.015314531118911769
3227,1.6532323232323232,0.1709090909090909,0.00011605088327929835,0.015845474806858786
3228,1.6532323232323232,0.17686868686868687,-2.8644436190010535e-05,0.01643835534938687
3229,1.6532323232323232,0.1828282828282828,-0.0005192192126749275,0.01661679992014991
3230,1.6532323232323232,0.18878787878787878,4.0519839129204974e-05,0.01728272329276408
3231,1.6532323232323232,0.19474747474747472,-8.546902014469625e-05,0.01802230495973129
3232,1.6532323232323232,0.2007070707070707,0.000119353758232595,0.018526152015491727
3233,1.6532323232323232,0.20666666666666667,-3.6845347438308874e-05,0.019322608600260877
3234,1.6532323232323232,0.2126262626262626,0.00024028678022712917,0.019337064123761027
3235,1.6532323232323232,0.21858585858585858,0.00018079970034807095,0.020171561412749332
3236,1.6532323232323232,0.22454545454545452,-0.0001626670981478485,0.020573833137309715
3237,1.6532323232323232,0.2305050505050505,-0.00032759540449485083,0.021337966180739885
3238,1.6532323232323232,0.23646464646464646,-0.00030849382608304096,0.021683568634679743
3239,1.6532323232323232,0.2424242424242424,-0.0002795877508167177,0.02212225511829918
3240,1.6532323232323232,0.24838383838383837,-0.00025704596977373865,0.02294193973389344
3241,1.6532323232323232,0.2543434343434343,0.0002512968096685848,0.02354958393072459
3242,1.6532323232323232,0.26030303030303026,3.514075458339365e-05,0.024005304907473393
3243,1.6532323232323232,0.26626262626262626,-6.466682201485e-05,0.02438782164322848
3244,1.6532323232323232,0.2722222222222222,-0.00013457783153912755,0.025114498225315175
3245,1.6532323232323232,0.27818181818181814,-0.00014302049051924105,0.025820188486665244
3246,1.6532323232323232,0.28414141414141414,0.000429494476035567,0.02642871104192504
3247,1.6532323232323232,0.2901010101010101,0.0003728583693386053,0.026908940262158437
3248,1.6532323232323232,0.296060606060606,0.0007140830823474802,0.02737431198741829
3249,1.6532323232323232,0.302020202020202,0.00023768302519207513,0.027706230930145483
3250,1.6532323232323232,0.30797979797979796,2.8622656779303003e-05,0.0282161232183638
3251,1.6532323232323232,0.3139393939393939,0.000421334185872489,0.028912247562649155
3252,1.6532323232323232,0.31989898989898985,-0.0004890239702327004,0.029697290709112215
3253,1.6532323232323232,0.32585858585858585,-7.356867737437335e-05,0.02988612776318641
3254,1.6532323232323232,0.3318181818181818,-0.00012256328158813715,0.03053524509357969
3255,1.6532323232323232,0.33777777777777773,0.0003536066722051147,0.031453660283175595
3256,1.6532323232323232,0.34373737373737373,-0.0006321086711196159,0.031548422357371035
3257,1.6532323232323232,0.3496969696969697,-0.0002962456620516068,0.03169991245829037
3258,1.6532323232323232,0.3556565656565656,0.0006382681677492414,0.032690438980403934
3259,1.6532323232323232,0.3616161616161616,-0.0003831813897163982,0.033471451325412245
3260,1.6532323232323232,0.36757575757575756,-1.2110789064286264e-05,0.033781324486995196
3261,1.6532323232323232,0.3735353535353535,-0.00022982606597174752,0.03442630228765479
3262,1.6532323232323232,0.37949494949494944,0.0003536472939728196,0.034646176396520595
3263,1.6532323232323232,0.38545454545454544,-0.00025565992630297534,0.03574446363261178
3264,1.6532323232323232,0.3914141414141414,-0.000183831098934012,0.03629947692484923
3265,1.6532323232323232,0.3973737373737373,-0.000418871449934585,0.036969957520283384
3266,1.6532323232323232,0.4033333333333333,0.00010561844053181708,0.03713176540021177
3267,1.6532323232323232,0.40929292929292926,0.0006840256601909337,0.03816333241912761
3268,1.6532323232323232,0.4152525252525252,-0.0003829142753059568,0.03828796934802359
3269,1.6532323232323232,0.42121212121212115,0.00034108930909048063,0.03920633249655947
3270,1.6532323232323232,0.42717171717171715,0.00021868295067015313,0.03935766651075544
3271,1.6532323232323232,0.4331313131313131,0.00010109156944856988,0.04008730536438843
3272,1.6532323232323232,0.43909090909090903,0.0004945810014645585,0.04088986660863436
3273,1.6532323232323232,0.44505050505050503,0.00011552878283126167,0.041634846123674414
3274,1.6532323232323232,0.45101010101010097,-0.0005519603884545836,0.04168522246803308
3275,1.6532323232323232,0.4569696969696969,-0.00013872178759595695,0.04187108537440236
3276,1.6532323232323232,0.4629292929292929,0.0010230439460395845,0.043260247926283926
3277,1.6532323232323232,0.46888888888888886,-0.00013736624282365752,0.04398768969434191
3278,1.6532323232323232,0.4748484848484848,-0.00029079999682673054,0.04326654425716569
3279,1.6532323232323232,0.48080808080808074,-2.4700071466604513e-05,0.044606364128963245
3280,1.6532323232323232,0.48676767676767674,0.000541493602895732,0.0453866157615135
3281,1.6532323232323232,0.4927272727272727,-8.056456475158118e-05,0.04593803499592041
3282,1.6532323232323232,0.4986868686868686,-0.0003967448975775608,0.045977397103107547
3283,1.6532323232323232,0.5046464646464646,-0.00031648028803362663,0.04696765197459481
3284,1.6532323232323232,0.5106060606060605,0.00021260425794231041,0.04725632824054803
3285,1.6532323232323232,0.5165656565656566,0.0001735987914695812,0.04776127034098541
3286,1.6532323232323232,0.5225252525252525,-0.0003498785182851837,0.0481789612892605
3287,1.6532323232323232,0.5284848484848484,-0.0007467795150826006,0.0483887699471882
3288,1.6532323232323232,0.5344444444444444,2.732496750001464e-05,0.04937208300401396
3289,1.6532323232323232,0.5404040404040403,7.480071431170678e-05,0.05023431335241509
3290,1.6532323232323232,0.5463636363636363,0.000643198079168584,0.0506660620099212
3291,1.6532323232323232,0.5523232323232323,-0.0005976269433387192,0.051630551251650385
3292,1.6532323232323232,0.5582828282828283,-0.0009747675615417664,0.05162953797267314
3293,1.6532323232323232,0.5642424242424242,0.0005669292939615961,0.05199636847208402
3294,1.6532323232323232,0.5702020202020202,-0.0007134926826527767,0.05311614231295142
3295,1.6532323232323232,0.5761616161616161,-0.0001654557463216816,0.05350838485116355
3296,1.6532323232323232,0.582121212121212,-7.940825035033803e-05,0.05386540939757714
3297,1.6532323232323232,0.588080808080808,-0.00041790209497854017,0.05424014898848932
3298,1.6532323232323232,0.594040404040404,-0.0003663335476501505,0.054786798690861234
3299,1.6532323232323232,0.6,1.7535773650422538e-05,0.05633505666192129
3300,1.6733333333333333,0.01,2.031342837269867e-06,0.0009380288858516817
3301,1.6733333333333333,0.01595959595959596,-8.526905543819074e-06,0.001517774265611061
3302,1.6733333333333333,0.021919191919191918,-1.1222260962169295e-05,0.002078184488541549
3303,1.6733333333333333,0.027878787878787878,4.786787979512449e-05,0.0026510224052825665
3304,1.6733333333333333,0.033838383838383834,2.633896540935288e-06,0.00320601303761983
3305,1.6733333333333333,0.0397979797979798,-1.979274184593709e-05,0.0038195030704110135
3306,1.6733333333333333,0.045757575757575754,-3.055156461276096e-05,0.004331649466835751
3307,1.6733333333333333,0.05171717171717172,-6.223859584040136e-05,0.004911409243337848
3308,1.6733333333333333,0.05767676767676767,7.302106625936257e-05,0.005548667519298493
3309,1.6733333333333333,0.06363636363636363,0.00010895850369488,0.006016474135510949
3310,1.6733333333333333,0.06959595959595959,1.4926602634304642e-05,0.006523106316355803
3311,1.6733333333333333,0.07555555555555554,-1.4588365967083083e-05,0.007116767219409082
3312,1.6733333333333333,0.0815151515151515,-7.187840297175672e-05,0.007709490603451855
3313,1.6733333333333333,0.08747474747474746,-0.0001428021280397381,0.00819691053992317
3314,1.6733333333333333,0.09343434343434343,-0.0002297812414234877,0.00876452730042462
3315,1.6733333333333333,0.09939393939393938,5.448061033247075e-05,0.009409213860434971
3316,1.6733333333333333,0.10535353535353534,3.609951944363959e-05,0.010101030223508762
3317,1.6733333333333333,0.1113131313131313,-5.469937477588349e-06,0.010530763508158765
3318,1.6733333333333333,0.11727272727272725,-5.970845804135384e-05,0.011095216524849775
3319,1.6733333333333333,0.12323232323232322,-0.0002451506880492376,0.011756950349147387
3320,1.6733333333333333,0.1291919191919192,0.0001303861408775167,0.012388648417952565
3321,1.6733333333333333,0.13515151515151513,8.604047276855283e-05,0.012845718276519227
3322,1.6733333333333333,0.1411111111111111,-6.519611989355944e-05,0.013539267893376
3323,1.6733333333333333,0.14707070707070707,-1.8582351469282664e-06,0.014009275441945968
3324,1.6733333333333333,0.15303030303030302,8.774972998237898e-05,0.01448378428756353
3325,1.6733333333333333,0.158989898989899,-0.0001597930160581463,0.014977532400357558
3326,1.6733333333333333,0.16494949494949493,-5.677651441170913e-05,0.015816149708909436
3327,1.6733333333333333,0.1709090909090909,-3.027391888937053e-05,0.01622114074580807
3328,1.6733333333333333,0.17686868686868687,-0.00017784268936929924,0.01669139552074253
3329,1.6733333333333333,0.1828282828282828,0.0001028375864545394,0.0171428156166442
3330,1.6733333333333333,0.18878787878787878,7.694260426864163e-05,0.017899608171727345
3331,1.6733333333333333,0.19474747474747472,-4.9142041828102815e-05,0.01841239159768123
3332,1.6733333333333333,0.2007070707070707,-6.130165112628638e-06,0.019102012176673542
3333,1.6733333333333333,0.20666666666666667,0.00024562449158486115,0.019649724989504
3334,1.6733333333333333,0.2126262626262626,0.0002208288300496899,0.019963057108605804
3335,1.6733333333333333,0.21858585858585858,-6.027629316349882e-05,0.020743331678655184
3336,1.6733333333333333,0.22454545454545452,9.23060424315049e-05,0.021355854641685545
3337,1.6733333333333333,0.2305050505050505,-0.00010759422723845033,0.02192943698225267
3338,1.6733333333333333,0.23646464646464646,0.00040124517708626237,0.022170870839070742
3339,1.6733333333333333,0.2424242424242424,-0.00015359773646399761,0.022911790733344845
3340,1.6733333333333333,0.24838383838383837,-9.975323351221985e-05,0.02355625451834367
3341,1.6733333333333333,0.2543434343434343,-0.0003755294936924472,0.024317965223219554
3342,1.6733333333333333,0.26030303030303026,0.00012010940085342776,0.024593630672170116
3343,1.6733333333333333,0.26626262626262626,8.64635323839272e-05,0.025550421809266356
3344,1.6733333333333333,0.2722222222222222,0.00014130241150279795,0.02612734065441637
3345,1.6733333333333333,0.27818181818181814,-0.00025420533167406443,0.026620026688704557
3346,1.6733333333333333,0.28414141414141414,0.0001967510559806073,0.02696300011942561
3347,1.6733333333333333,0.2901010101010101,0.000291051000447957,0.02768766827164719
3348,1.6733333333333333,0.296060606060606,0.00046296291688430235,0.028046006547065846
3349,1.6733333333333333,0.302020202020202,5.8199037223778174e-05,0.028908718180085204
3350,1.6733333333333333,0.30797979797979796,-0.0003781788314499038,0.029373957371066906
3351,1.6733333333333333,0.3139393939393939,-0.0006875717564200487,0.030033127180430563
3352,1.6733333333333333,0.31989898989898985,4.916449729485541e-05,0.030370761751831586
3353,1.6733333333333333,0.32585858585858585,0.0004609827922394913,0.03144679378181086
3354,1.6733333333333333,0.3318181818181818,-6.0677820924066574e-05,0.0316648603970962
3355,1.6733333333333333,0.33777777777777773,-0.0003539713179757534,0.032075364464344724
3356,1.6733333333333333,0.34373737373737373,-0.00019404131040695157,0.03303251246903915
3357,1.6733333333333333,0.3496969696969697,-2.0226007394266432e-05,0.03326409444122019
3358,1.6733333333333333,0.3556565656565656,7.674995268651885e-05,0.03358955887019381
3359,1.6733333333333333,0.3616161616161616,0.0007297665699118794,0.03459517422067941
3360,1.6733333333333333,0.36757575757575756,0.00011007536297456657,0.03522083873358155
3361,1.6733333333333333,0.3735353535353535,0.0003086090177751426,0.035589745538069484
3362,1.6733333333333333,0.37949494949494944,5.6135296245425716e-05,0.036289430321657594
3363,1.6733333333333333,0.38545454545454544,-0.00016898900917328242,0.03653485288493769
3364,1.6733333333333333,0.3914141414141414,0.000256146107087837,0.03749613776618834
3365,1.6733333333333333,0.3973737373737373,0.0002332635761981083,0.03755662783375471
3366,1.6733333333333333,0.4033333333333333,0.0001720509545051804,0.038759907227328506
3367,1.6733333333333333,0.40929292929292926,-4.5823617695977184e-05,0.03884186633054912
3368,1.6733333333333333,0.4152525252525252,0.00016144545739616963,0.039406641571856506
3369,1.6733333333333333,0.42121212121212115,-0.0002988246904970292,0.040197045858234005
3370,1.6733333333333333,0.42717171717171715,-0.00015205852432560287,0.0404902747928171
3371,1.6733333333333333,0.4331313131313131,0.00045029370202100436,0.04110985844667008
3372,1.6733333333333333,0.43909090909090903,0.0007362317974817861,0.04246142989590735
3373,1.6733333333333333,0.44505050505050503,-0.00019827589079049265,0.043142012208840896
3374,1.6733333333333333,0.45101010101010097,-0.00013268498034816646,0.042868819214512126
3375,1.6733333333333333,0.4569696969696969,-0.0002893912075551909,0.043651669967188736
3376,1.6733333333333333,0.4629292929292929,-0.00029406457352315916,0.04384681681882797
3377,1.6733333333333333,0.46888888888888886,-0.000121159672368062,0.045023213895195466
3378,1.6733333333333333,0.4748484848484848,-1.3485423563258325e-05,0.04528574939700476
3379,1.6733333333333333,0.48080808080808074,-8.907154048470593e-05,0.045520831143685866
3380,1.6733333333333333,0.48676767676767674,-0.00071728150922955,0.045870019505429106
3381,1.6733333333333333,0.4927272727272727,0.00042848497470700757,0.04720580237343417
3382,1.6733333333333333,0.4986868686868686,0.00036089808278440055,0.04769722777187715
3383,1.6733333333333333,0.5046464646464646,-0.000273742477137075,0.047870860838237876
3384,1.6733333333333333,0.5106060606060605,-0.00018473319191228445,0.04862567809034937
3385,1.6733333333333333,0.5165656565656566,5.1810104363474e-05,0.04917333101277047
3386,1.6733333333333333,0.5225252525252525,2.5662830434140726e-05,0.0498535790733957
3387,1.6733333333333333,0.5284848484848484,-0.00012244753621545548,0.05128075860518917
3388,1.6733333333333333,0.5344444444444444,-0.0003837866725465663,0.05076644456379473
3389,1.6733333333333333,0.5404040404040403,-0.001118405468945333,0.05133062403727724
3390,1.6733333333333333,0.5463636363636363,-0.0007476134505269022,0.052114878821046255
3391,1.6733333333333333,0.5523232323232323,0.00012334267137898257,0.052919406955488454
3392,1.6733333333333333,0.5582828282828283,0.0007493742430997096,0.053563908058416876
3393,1.6733333333333333,0.5642424242424242,0.0008544216495971309,0.054256472682062795
3394,1.6733333333333333,0.5702020202020202,-0.0003819585191754438,0.05473734978289227
3395,1.6733333333333333,0.5761616161616161,-0.00040745142717134487,0.05508169027919777
3396,1.6733333333333333,0.582121212121212,-0.0002224641162957661,0.055319829664175875
3397,1.6733333333333333,0.588080808080808,0.0005062597892746951,0.056518558034021615
3398,1.6733333333333333,0.594040404040404,0.00012417164604874346,0.056661861348020336
3399,1.6733333333333333,0.6,0.0001477964020993654,0.056910853235683644
3400,1.6934343434343435,0.01,1.9278073810287678e-06,0.0009706873717857077
3401,1.6934343434343435,0.01595959595959596,-1.621094799363809e-05,0.0015591253159118244
3402,1.6934343434343435,0.021919191919191918,1.4071531678505589e-05,0.002147823354373629
3403,1.6934343434343435,0.027878787878787878,2.5865727558619255e-05,0.00271328358092921
3404,1.6934343434343435,0.033838383838383834,-6.269320787843553e-05,0.003272890286045815
3405,1.6934343434343435,0.0397979797979798,4.104455369024468e-05,0.003866655083891242
3406,1.6934343434343435,0.045757575757575754,1.1540161214664202e-05,0.0044831759267771045
3407,1.6934343434343435,0.05171717171717172,-5.3986136692636296e-05,0.005034149409162896
3408,1.6934343434343435,0.05767676767676767,0.00010042142363342701,0.005617849727032196
3409,1.6934343434343435,0.06363636363636363,-1.574615207119545e-05,0.006264535417867219
3410,1.6934343434343435,0.06959595959595959,-5.0016738453171696e-05,0.006837780734123552
3411,1.6934343434343435,0.07555555555555554,-2.4193663188654492e-05,0.00730125993269235
3412,1.6934343434343435,0.0815151515151515,0.00013021627998172522,0.008054735931289263
3413,1.6934343434343435,0.08747474747474746,2.7153512449097227e-05,0.008577988154516302
3414,1.6934343434343435,0.09343434343434343,-0.0001881487348452695,0.009132944054182869
3415,1.6934343434343435,0.09939393939393938,6.27520994181652e-05,0.009680686438524707
3416,1.6934343434343435,0.10535353535353534,-8.789348541171388e-05,0.010364984005816476
3417,1.6934343434343435,0.1113131313131313,-2.3340021572236558e-05,0.010781051139054214
3418,1.6934343434343435,0.11727272727272725,-2.8550084373884276e-05,0.01151969708311378
3419,1.6934343434343435,0.12323232323232322,8.642685254241178e-05,0.011923078556492621
3420,1.6934343434343435,0.1291919191919192,0.00022520530684579256,0.012570281680855335
3421,1.6934343434343435,0.13515151515151513,1.676080950353458e-05,0.013369772514596399
3422,1.6934343434343435,0.1411111111111111,0.00015278625277727385,0.01359881101503237
3423,1.6934343434343435,0.14707070707070707,0.00023857798449393558,0.014557162537073037
3424,1.6934343434343435,0.15303030303030302,-2.8064967786940577e-05,0.014938277343223904
3425,1.6934343434343435,0.158989898989899,7.572131091036497e-05,0.015608331631375117
3426,1.6934343434343435,0.16494949494949493,1.8300295309117476e-05,0.01603520644228828
3427,1.6934343434343435,0.1709090909090909,0.00035484182858065466,0.016538862250676665
3428,1.6934343434343435,0.17686868686868687,-7.302511534360462e-05,0.01710610476914201
3429,1.6934343434343435,0.1828282828282828,-7.793851318196497e-05,0.018095129969963812
3430,1.6934343434343435,0.18878787878787878,-0.00029309485436543716,0.018487096796781028
3431,1.6934343434343435,0.19474747474747472,-0.0003023732939260391,0.018970887448432148
3432,1.6934343434343435,0.2007070707070707,-8.396382321153515e-05,0.019522853982670327
3433,1.6934343434343435,0.20666666666666667,-0.00014467895114603975,0.020304689257714163
3434,1.6934343434343435,0.2126262626262626,5.3592615705502964e-05,0.020736879629496278
3435,1.6934343434343435,0.21858585858585858,-6.874873924780005e-05,0.021211129947442516
3436,1.6934343434343435,0.22454545454545452,3.7384838997191274e-05,0.021918744434141033
3437,1.6934343434343435,0.2305050505050505,-9.984736070517305e-05,0.022592262858951384
3438,1.6934343434343435,0.23646464646464646,0.000464251153931248,0.023104121357029155
3439,1.6934343434343435,0.2424242424242424,-0.00013108428617989798,0.023796383056749124
3440,1.6934343434343435,0.24838383838383837,5.208634656992971e-05,0.024005271759752315
3441,1.6934343434343435,0.2543434343434343,-0.00017592333886035344,0.025196896774231967
3442,1.6934343434343435,0.26030303030303026,-0.00038571183168046696,0.025218086059906466
3443,1.6934343434343435,0.26626262626262626,-0.00039678617991610474,0.025865633931090853
3444,1.6934343434343435,0.2722222222222222,-9.482994054844491e-05,0.026240614418139224
3445,1.6934343434343435,0.27818181818181814,-0.0003041274740428626,0.0268453332117653
3446,1.6934343434343435,0.28414141414141414,-0.00034618639799752123,0.028121702389518093
3447,1.6934343434343435,0.2901010101010101,-0.00014142328598663946,0.028239788252614518
3448,1.6934343434343435,0.296060606060606,0.00012545207522310787,0.029070906828672097
3449,1.6934343434343435,0.302020202020202,0.00013171536219075386,0.02954590271967221
3450,1.6934343434343435,0.30797979797979796,0.00024354807364948848,0.030034994192577595
3451,1.6934343434343435,0.3139393939393939,-0.00031521646464687756,0.031046580943582973
3452,1.6934343434343435,0.31989898989898985,0.00044749502783468644,0.03148733049798972
3453,1.6934343434343435,0.32585858585858585,-8.225482376744415e-05,0.03193342099286568
3454,1.6934343434343435,0.3318181818181818,0.000577053962375982,0.03287640474222344
3455,1.6934343434343435,0.33777777777777773,0.000226779081080745,0.03347751746479891
3456,1.6934343434343435,0.34373737373737373,-0.0002591683821164106,0.03351068634261546
3457,1.6934343434343435,0.3496969696969697,-0.00028377169937335897,0.03422177547943716
3458,1.6934343434343435,0.3556565656565656,0.00067846861065119,0.034971886781624675
3459,1.6934343434343435,0.3616161616161616,-0.0003647856423002274,0.03514653090508159
3460,1.6934343434343435,0.36757575757575756,0.00040401042314030204,0.03602380378727266
3461,1.6934343434343435,0.3735353535353535,6.942210215345579e-05,0.036763108358927044
3462,1.6934343434343435,0.37949494949494944,-0.00010103303386938045,0.03724597825709346
3463,1.6934343434343435,0.38545454545454544,0.0003419288546878371,0.037861656202259605
3464,1.6934343434343435,0.3914141414141414,-0.00047861000162845375,0.038335779274316674
3465,1.6934343434343435,0.3973737373737373,0.00019970998017008568,0.0394420394809447
3466,1.6934343434343435,0.4033333333333333,9.625088421891115e-05,0.03947918064322333
3467,1.6934343434343435,0.40929292929292926,2.1727730260470767e-05,0.04054539153963839
3468,1.6934343434343435,0.4152525252525252,6.013497743907026e-07,0.04102482909510302
3469,1.6934343434343435,0.42121212121212115,-0.0002466902531355849,0.04130697377768786
3470,1.6934343434343435,0.42717171717171715,-9.787319677254717e-05,0.041756842340938835
3471,1.6934343434343435,0.4331313131313131,-0.0006021834080961301,0.042137486350403854
3472,1.6934343434343435,0.43909090909090903,-0.0005720378118525705,0.043295349049998856
3473,1.6934343434343435,0.44505050505050503,-0.00045570902432953047,0.0433778482705586
3474,1.6934343434343435,0.45101010101010097,0.0009035754512862642,0.04441300609700904
3475,1.6934343434343435,0.4569696969696969,-0.00021957626771853186,0.044799998683472605
3476,1.6934343434343435,0.4629292929292929,0.00010674856576410721,0.04539075262868236
3477,1.6934343434343435,0.46888888888888886,0.0002098702169004508,0.046625490434961274
3478,1.6934343434343435,0.4748484848484848,0.00023072370378740493,0.04661781478595323
3479,1.6934343434343435,0.48080808080808074,0.0001660905344320267,0.04756621061703522
3480,1.6934343434343435,0.48676767676767674,-0.000145753987021868,0.04794684797653556
3481,1.6934343434343435,0.4927272727272727,0.0002997087537683149,0.048472147999715824
3482,1.6934343434343435,0.4986868686868686,0.0003406190090609197,0.049009271669247984
3483,1.6934343434343435,0.5046464646464646,0.0003066626929287008,0.05000185395985971
3484,1.6934343434343435,0.5106060606060605,0.00015064175182959204,0.04998888261939477
3485,1.6934343434343435,0.5165656565656566,0.00046359267754020274,0.05095689207080363
3486,1.6934343434343435,0.5225252525252525,0.00020885108908386528,0.05106825888558733
3487,1.6934343434343435,0.5284848484848484,-0.0009377066537171182,0.05194359345174998
3488,1.6934343434343435,0.5344444444444444,9.698265660773498e-06,0.05192690716472777
3489,1.6934343434343435,0.5404040404040403,0.0007022347592667942,0.05332520880976666
3490,1.6934343434343435,0.5463636363636363,-0.0002770917817515456,0.054208699443845085
3491,1.6934343434343435,0.5523232323232323,0.00017742385556881644,0.05380589772707488
3492,1.6934343434343435,0.5582828282828283,-0.00041510645384056744,0.05508758771306979
3493,1.6934343434343435,0.5642424242424242,0.000284553217530745,0.05529852240168253
3494,1.6934343434343435,0.5702020202020202,-0.0002568186321812257,0.05606495373865118
3495,1.6934343434343435,0.5761616161616161,0.0005072651860567048,0.057355246092689674
3496,1.6934343434343435,0.582121212121212,0.0011473787073696896,0.05741341233781207
3497,1.6934343434343435,0.588080808080808,-0.0002025422677511516,0.05830084018724445
3498,1.6934343434343435,0.594040404040404,0.00032930693436717,0.058629826410849545
3499,1.6934343434343435,0.6,-0.0003701804452108866,0.058916866605103285
3500,1.7135353535353537,0.01,-2.7553909116105003e-06,0.001002139645213303
3501,1.7135353535353537,0.01595959595959596,-1.4631333687644466e-05,0.0016019923131989596
3502,1.7135353535353537,0.021919191919191918,-1.5433788727053876e-05,0.0022273446646463983
3503,1.7135353535353537,0.027878787878787878,-1.0130370199612093e-05,0.0028009803798778737
3504,1.7135353535353537,0.033838383838383834,-4.2622984646412446e-05,0.003414094169958281
3505,1.7135353535353537,0.0397979797979798,-1.9319372659253485e-05,0.003995999440103514
3506,1.7135353535353537,0.045757575757575754,1.5491671961870567e-05,0.004600924688123277
3507,1.7135353535353537,0.05171717171717172,2.534061935513854e-06,0.005208951231849572
3508,1.7135353535353537,0.05767676767676767,-7.006793663891887e-05,0.005775293726864563
3509,1.7135353535353537,0.06363636363636363,-3.888305699920279e-05,0.006479181946103535
3510,1.7135353535353537,0.06959595959595959,-1.9274854846831203e-05,0.007013757403351273
3511,1.7135353535353537,0.07555555555555554,-0.00014579414685777747,0.0075577142306506775
3512,1.7135353535353537,0.0815151515151515,-3.068167579143508e-05,0.008213900364521456
3513,1.7135353535353537,0.08747474747474746,-3.594122077832319e-05,0.008775618778949086
3514,1.7135353535353537,0.09343434343434343,-0.0001457920077729865,0.009414139844274782
3515,1.7135353535353537,0.09939393939393938,-7.115791417583132e-05,0.009952168987096398
3516,1.7135353535353537,0.10535353535353534,0.00017731123785208206,0.010562951244077213
3517,1.7135353535353537,0.1113131313131313,5.343465597767807e-05,0.011220523579441739
3518,1.7135353535353537,0.11727272727272725,4.2910317567484625e-05,0.011939828965322629
3519,1.7135353535353537,0.12323232323232322,-5.5702188657433605e-05,0.012263907207504227
3520,1.7135353535353537,0.1291919191919192,-2.61696908437819e-05,0.013083133484043826
3521,1.7135353535353537,0.13515151515151513,-9.815284804877133e-05,0.013558208072282477
3522,1.7135353535353537,0.1411111111111111,0.00017454372769015118,0.014110103457716851
3523,1.7135353535353537,0.14707070707070707,-0.00013002535934577991,0.014641470238871033
3524,1.7135353535353537,0.15303030303030302,-8.081787800102534e-05,0.01546408110902725
3525,1.7135353535353537,0.158989898989899,-0.0002461840856957769,0.01594397785922482
3526,1.7135353535353537,0.16494949494949493,-0.0001864032060364533,0.016624904762185783
3527,1.7135353535353537,0.1709090909090909,0.0001243189553451637,0.017370139599403773
3528,1.7135353535353537,0.17686868686868687,-4.818325456272684e-05,0.017766650959721457
3529,1.7135353535353537,0.1828282828282828,-0.0001474065536234023,0.018108859019490275
3530,1.7135353535353537,0.18878787878787878,6.6165031423593e-05,0.018988812110685916
3531,1.7135353535353537,0.19474747474747472,8.124202359625001e-05,0.01991645951988904
3532,1.7135353535353537,0.2007070707070707,-8.743910017184906e-05,0.020061675835343067
3533,1.7135353535353537,0.20666666666666667,6.494799132395007e-05,0.020732470076875325
3534,1.7135353535353537,0.2126262626262626,0.00026984077195735235,0.021400011000677177
3535,1.7135353535353537,0.21858585858585858,-5.410843361944293e-05,0.021991249454424246
3536,1.7135353535353537,0.22454545454545452,0.0004733016332260875,0.022702680453618444
3537,1.7135353535353537,0.2305050505050505,-0.000132077114693441,0.02337080031676067
3538,1.7135353535353537,0.23646464646464646,-0.0003732179686416357,0.02372388370785212
3539,1.7135353535353537,0.2424242424242424,0.0004114501749917238,0.0247186522895576
3540,1.7135353535353537,0.24838383838383837,-0.0002825951882511715,0.024776007499547715
3541,1.7135353535353537,0.2543434343434343,-1.2479206569746904e-05,0.025787277259622276
3542,1.7135353535353537,0.26030303030303026,8.823804943593538e-05,0.02622885968402817
3543,1.7135353535353537,0.26626262626262626,0.00035279496843376875,0.027046365839441026
3544,1.7135353535353537,0.2722222222222222,-0.00021367063004380023,0.02735132752003241
3545,1.7135353535353537,0.27818181818181814,0.00017559397157875716,0.027957458437122384
3546,1.7135353535353537,0.28414141414141414,7.702912386029874e-05,0.02835932479904587
3547,1.7135353535353537,0.2901010101010101,0.0004782010039828875,0.029313249475647386
3548,1.7135353535353537,0.296060606060606,-3.303314723507067e-05,0.029682682070162704
3549,1.7135353535353537,0.302020202020202,-0.0006432122003589876,0.030186077283928178
3550,1.7135353535353537,0.30797979797979796,-0.0004703970830389963,0.030750195078803083
3551,1.7135353535353537,0.3139393939393939,-0.00028632822114816074,0.03170504637635491
3552,1.7135353535353537,0.31989898989898985,-4.316997467309898e-05,0.03179602928495346
3553,1.7135353535353537,0.32585858585858585,-0.0006251528413976965,0.03298258191373447
3554,1.7135353535353537,0.3318181818181818,0.00016421036098379657,0.03321713961716701
3555,1.7135353535353537,0.33777777777777773,-4.3905741283600896e-05,0.0345752990864829
3556,1.7135353535353537,0.34373737373737373,0.00028576470068147084,0.03501583173008408
3557,1.7135353535353537,0.3496969696969697,0.0004439500566805778,0.03516063737056982
3558,1.7135353535353537,0.3556565656565656,2.0239016935500322e-05,0.035666320173383004
3559,1.7135353535353537,0.3616161616161616,9.130617336862592e-05,0.036429247746961935
3560,1.7135353535353537,0.36757575757575756,-0.0003985036328343145,0.03698582995779403
3561,1.7135353535353537,0.3735353535353535,-1.694540196287282e-05,0.038458086716192726
3562,1.7135353535353537,0.37949494949494944,0.00027679407925380666,0.038690032681427074
3563,1.7135353535353537,0.38545454545454544,0.0001285453746028208,0.0394130912440325
3564,1.7135353535353537,0.3914141414141414,8.783398021051784e-05,0.03946412793838034
3565,1.7135353535353537,0.3973737373737373,0.0002382955683042804,0.04042508897948132
3566,1.7135353535353537,0.4033333333333333,-8.315782948553683e-05,0.04083667440325531
3567,1.7135353535353537,0.40929292929292926,-0.0008634777008242931,0.04099716425155946
3568,1.7135353535353537,0.4152525252525252,-0.00024064985392788598,0.04174400028809651
3569,1.7135353535353537,0.42121212121212115,-0.0001786016220204148,0.04252445100839831
3570,1.7135353535353537,0.42717171717171715,0.00033544618150181546,0.04291200097042772
3571,1.7135353535353537,0.4331313131313131,0.000932922283585029,0.043877529535661236
3572,1.7135353535353537,0.43909090909090903,-0.0001644466553940433,0.04426131754481895
3573,1.7135353535353537,0.44505050505050503,-0.0001042478770523811,0.045107535308904684
3574,1.7135353535353537,0.45101010101010097,0.0001573876355264479,0.04579375513555675
3575,1.7135353535353537,0.4569696969696969,1.3230193159006377e-05,0.04588591446049173
3576,1.7135353535353537,0.4629292929292929,-0.0004689586914306462,0.04696415825150018
3577,1.7135353535353537,0.46888888888888886,0.0005854313561704931,0.047868459395012455
3578,1.7135353535353537,0.4748484848484848,-0.00034653699826826156,0.04795295174611721
3579,1.7135353535353537,0.48080808080808074,0.0005125629423050922,0.04843403320718349
3580,1.7135353535353537,0.48676767676767674,-0.0003717125286378246,0.04892087178461804
3581,1.7135353535353537,0.4927272727272727,-0.000870667173486971,0.0495166759569086
3582,1.7135353535353537,0.4986868686868686,-0.0007286878278398943,0.05010563506641097
3583,1.7135353535353537,0.5046464646464646,-0.0004214546376126382,0.05090996973646695
3584,1.7135353535353537,0.5106060606060605,0.00026236785046263906,0.05167912902984627
3585,1.7135353535353537,0.5165656565656566,-8.302580077696023e-05,0.052398915196041077
3586,1.7135353535353537,0.5225252525252525,0.00022029230882290046,0.05330541545134867
3587,1.7135353535353537,0.5284848484848484,0.00022971782151195614,0.0539965803959176
3588,1.7135353535353537,0.5344444444444444,0.0003437594195457087,0.054186410471142636
3589,1.7135353535353537,0.5404040404040403,-0.00011272020657074268,0.055308664655975004
3590,1.7135353535353537,0.5463636363636363,0.0004411014265861949,0.055387447544304594
3591,1.7135353535353537,0.5523232323232323,0.0006809671517376946,0.05663431208969066
3592,1.7135353535353537,0.5582828282828283,-0.0013816707774214508,0.05583538185567916
3593,1.7135353535353537,0.5642424242424242,-0.00015584072266641054,0.05685453899907774
3594,1.7135353535353537,0.5702020202020202,0.0008536303610247393,0.05813418509754141
3595,1.7135353535353537,0.5761616161616161,-0.00044521307359181837,0.058604713294148465
3596,1.7135353535353537,0.582121212121212,0.0006919339770941594,0.059822510806836864
3597,1.7135353535353537,0.588080808080808,0.0005624786957003206,0.06023732506540947
3598,1.7135353535353537,0.594040404040404,-0.001216713263280605,0.059423191607119424
3599,1.7135353535353537,0.6,0.0006073587242994406,0.060218149423748
3600,1.7336363636363636,0.01,3.431140863443982e-07,0.0010306629081614233
3601,1.7336363636363636,0.01595959595959596,7.441788425775597e-06,0.0016423596584634193
3602,1.7336363636363636,0.021919191919191918,1.4844611010552655e-05,0.0022677876393757475
3603,1.7336363636363636,0.027878787878787878,2.5957488693504882e-05,0.0028631118834449264
3604,1.7336363636363636,0.033838383838383834,4.8893056104295927e-05,0.003469797859326571
3605,1.7336363636363636,0.0397979797979798,-3.4594257480350674e-05,0.004191415069832579
3606,1.7336363636363636,0.045757575757575754,2.03139977406222e-05,0.004769922563943424
3607,1.7336363636363636,0.05171717171717172,0.00011419503490434458,0.005356530559857457
3608,1.7336363636363636,0.05767676767676767,4.5156227022518303e-05,0.0059580064884140705
3609,1.7336363636363636,0.06363636363636363,2.9112915121520667e-05,0.006485114427544662
3610,1.7336363636363636,0.06959595959595959,5.450040219224797e-05,0.007195650367195424
3611,1.7336363636363636,0.07555555555555554,-0.00012026638835091408,0.007828531431232813
3612,1.7336363636363636,0.0815151515151515,-9.486874943528252e-05,0.00844312113425771
3613,1.7336363636363636,0.08747474747474746,3.5534367064296245e-06,0.008994768115689908
3614,1.7336363636363636,0.09343434343434343,4.191732058815707e-05,0.009569510867652214
3615,1.7336363636363636,0.09939393939393938,1.2728218494264488e-05,0.010255258694481345
3616,1.7336363636363636,0.10535353535353534,2.920025126458271e-05,0.010824518694291971
3617,1.7336363636363636,0.1113131313131313,-6.446610450435622e-05,0.011523918740004534
3618,1.7336363636363636,0.11727272727272725,0.0001414420564334176,0.012181888603522886
3619,1.7336363636363636,0.12323232323232322,-0.00015074053730578535,0.01254498202763973
3620,1.7336363636363636,0.1291919191919192,-8.262850275978176e-05,0.01330360686569451
3621,1.7336363636363636,0.13515151515151513,-3.40842956862516e-05,0.013999757936111003
3622,1.7336363636363636,0.1411111111111111,6.352393191831988e-05,0.014498887365741021
3623,1.7336363636363636,0.14707070707070707,-0.00010304629040412814,0.015355688019223587
3624,1.7336363636363636,0.15303030303030302,-5.692174832738118e-05,0.015852141533295068
3625,1.7336363636363636,0.158989898989899,0.00010458610945189361,0.01645141679114277
3626,1.7336363636363636,0.16494949494949493,8.324942739756604e-05,0.017140484630469188
3627,1.7336363636363636,0.1709090909090909,-0.0002399981087576514,0.01768245240690331
3628,1.7336363636363636,0.17686868686868687,-0.00014565678006686497,0.01830049822307985
3629,1.7336363636363636,0.1828282828282828,-0.00014332468498430678,0.01878641758275197
3630,1.7336363636363636,0.18878787878787878,-0.0001411762469473187,0.019587494570619132
3631,1.7336363636363636,0.19474747474747472,0.0002703787287822694,0.020137842897416585
3632,1.7336363636363636,0.2007070707070707,-3.7936289790807884e-05,0.020508994858962116
3633,1.7336363636363636,0.20666666666666667,-0.00011954817391562593,0.02127530589992484
3634,1.7336363636363636,0.2126262626262626,-6.461495926438879e-05,0.021997450169447878
3635,1.7336363636363636,0.21858585858585858,0.00011508603969236084,0.022725609081856477
3636,1.7336363636363636,0.22454545454545452,-5.903723135353611e-05,0.02314619698308465
3637,1.7336363636363636,0.2305050505050505,4.9768793788911624e-05,0.02363294418172445
3638,1.7336363636363636,0.23646464646464646,-0.00013442394152493264,0.024721401508511126
3639,1.7336363636363636,0.2424242424242424,-0.00019318178525560387,0.024990810512489255
3640,1.7336363636363636,0.24838383838383837,7.205167988313623e-05,0.025677262201977642
3641,1.7336363636363636,0.2543434343434343,-0.00013611696084389897,0.02630726017430968
3642,1.7336363636363636,0.26030303030303026,-0.00044938134805725066,0.027039233596659596
3643,1.7336363636363636,0.26626262626262626,-0.0001486455355142737,0.027601708945423267
3644,1.7336363636363636,0.2722222222222222,-2.700106881794726e-05,0.02809881955082739
3645,1.7336363636363636,0.27818181818181814,8.13739185675232e-05,0.029048855159850537
3646,1.7336363636363636,0.28414141414141414,0.0003146832444823881,0.0295524968857836
3647,1.7336363636363636,0.2901010101010101,6.561539377201107e-05,0.030195295994791004
3648,1.7336363636363636,0.296060606060606,0.00045714865076481817,0.03065985869701063
3649,1.7336363636363636,0.302020202020202,2.2867851559331553e-05,0.03175484790080613
3650,1.7336363636363636,0.30797979797979796,-0.0006724838071836514,0.03154240006263867
3651,1.7336363636363636,0.3139393939393939,0.0001940713296567854,0.03261359859765893
3652,1.7336363636363636,0.31989898989898985,0.0002225155516214531,0.03324071438901075
3653,1.7336363636363636,0.32585858585858585,0.00030272782341138164,0.03426537765080365
3654,1.7336363636363636,0.3318181818181818,0.00047522930648188666,0.03466783811367798
3655,1.7336363636363636,0.33777777777777773,0.0001271537045901487,0.03498683966717262
3656,1.7336363636363636,0.34373737373737373,-0.0003763783677334808,0.03497707201122964
3657,1.7336363636363636,0.3496969696969697,-0.00011988243006774649,0.03641420483569633
3658,1.7336363636363636,0.3556565656565656,-0.0004822123849765255,0.03672152371114123
3659,1.7336363636363636,0.3616161616161616,-0.00030958316481888824,0.03716136787019304
3660,1.7336363636363636,0.36757575757575756,0.00034750046415848865,0.03830180919598318
3661,1.7336363636363636,0.3735353535353535,-0.0003382441263665839,0.03849343499889401
3662,1.7336363636363636,0.37949494949494944,8.452727654816638e-06,0.03924110398906458
3663,1.7336363636363636,0.38545454545454544,0.0005947261121890184,0.03994202715279173
3664,1.7336363636363636,0.3914141414141414,0.0002350537332814132,0.04048675660042521
3665,1.7336363636363636,0.3973737373737373,0.0001334184037663349,0.04137709006020185
3666,1.7336363636363636,0.4033333333333333,0.00015459801680868388,0.041532487344143734
3667,1.7336363636363636,0.40929292929292926,-0.00012150687443702389,0.042358378459655545
3668,1.7336363636363636,0.4152525252525252,-0.0001864946287867185,0.043366225253084756
3669,1.7336363636363636,0.42121212121212115,-3.7577310131589724e-05,0.04366781597380325
3670,1.7336363636363636,0.42717171717171715,-1.8469708031082944e-06,0.04504384514663327
3671,1.7336363636363636,0.4331313131313131,0.0003037742891868171,0.04543377370817384
3672,1.7336363636363636,0.43909090909090903,-0.0003139346203761797,0.04586421137805575
3673,1.7336363636363636,0.44505050505050503,-0.00023656411182218062,0.04562449141280212
3674,1.7336363636363636,0.45101010101010097,-0.0003698650415227077,0.04669430862365443
3675,1.7336363636363636,0.4569696969696969,-0.00033460202473076304,0.04754682265109969
3676,1.7336363636363636,0.4629292929292929,0.0003003288823103546,0.04813088730712015
3677,1.7336363636363636,0.46888888888888886,-4.143399401317502e-05,0.049675792821974776
3678,1.7336363636363636,0.4748484848484848,0.0008523269719165771,0.04914248737122019
3679,1.7336363636363636,0.48080808080808074,-1.0913040985791001e-05,0.04964984446805113
3680,1.7336363636363636,0.48676767676767674,0.00018247304110683546,0.050696173916526685
3681,1.7336363636363636,0.4927272727272727,-0.0006715457071228573,0.05084595834502768
3682,1.7336363636363636,0.4986868686868686,0.0005266731049107006,0.05209170910696783
3683,1.7336363636363636,0.5046464646464646,0.000898725686424615,0.05366021653473287
3684,1.7336363636363636,0.5106060606060605,0.0004510887947179313,0.053106451959243114
3685,1.7336363636363636,0.5165656565656566,-0.0010785758858290527,0.053372890867749094
3686,1.7336363636363636,0.5225252525252525,-5.0743420332956604e-05,0.054657249872789006
3687,1.7336363636363636,0.5284848484848484,0.00015467481639791183,0.05550627311787882
3688,1.7336363636363636,0.5344444444444444,0.00022363860897681832,0.05592693826805987
3689,1.7336363636363636,0.5404040404040403,2.443634996685615e-05,0.056351013219950154
3690,1.7336363636363636,0.5463636363636363,0.0007134158890418216,0.0568983456943306
3691,1.7336363636363636,0.5523232323232323,-0.00034167672775809544,0.057192705540531304
3692,1.7336363636363636,0.5582828282828283,0.000248113939880528,0.05858808025912965
3693,1.7336363636363636,0.5642424242424242,0.00023407539627559774,0.05831005901880533
3694,1.7336363636363636,0.5702020202020202,-0.0009865114828265429,0.060072192077804676
3695,1.7336363636363636,0.5761616161616161,-0.00042636381908813165,0.06013514721284921
3696,1.7336363636363636,0.582121212121212,0.0005831557811440416,0.0617789408627008
3697,1.7336363636363636,0.588080808080808,2.8373143510688004e-05,0.06173748339410888
3698,1.7336363636363636,0.594040404040404,0.0005461290327299857,0.06233906673187519
3699,1.7336363636363636,0.6,0.0003660181092039381,0.06269949460826665
3700,1.7537373737373738,0.01,7.105004967157324e-06,0.0010546881918431878
3701,1.7537373737373738,0.01595959595959596,5.774503397291831e-06,0.0016867231723584277
3702,1.7537373737373738,0.021919191919191918,6.337088156248782e-07,0.0023138845724484164
3703,1.7537373737373738,0.027878787878787878,-3.7399411090631905e-05,0.002924987934861585
3704,1.7537373737373738,0.033838383838383834,-1.8116314370165287e-05,0.003582636964638102
3705,1.7537373737373738,0.0397979797979798,-5.094149165528017e-06,0.0042398124416579055
3706,1.7537373737373738,0.045757575757575754,4.039835875915795e-05,0.004817677604982639
3707,1.7537373737373738,0.05171717171717172,-6.77804510102391e-05,0.005527286120529792
3708,1.7537373737373738,0.05767676767676767,1.2378851416633008e-05,0.006134392003744683
3709,1.7537373737373738,0.06363636363636363,5.154271190499914e-05,0.006792702884969506
3710,1.7537373737373738,0.06959595959595959,3.471901648555641e-05,0.007412973197569758
3711,1.7537373737373738,0.07555555555555554,1.1916870874764007e-05,0.008060972798450207
3712,1.7537373737373738,0.0815151515151515,6.967432085139553e-05,0.008606516285286121
3713,1.7537373737373738,0.08747474747474746,3.845987224335887e-05,0.009273104670789234
3714,1.7537373737373738,0.09343434343434343,-0.00015441550095456207,0.009941201772905804
3715,1.7537373737373738,0.09939393939393938,0.00010237957884402613,0.010548718170411519
3716,1.7537373737373738,0.10535353535353534,-5.7405291676284494e-05,0.01105557282918757
3717,1.7537373737373738,0.1113131313131313,0.00014380997464578097,0.011690635641652914
3718,1.7537373737373738,0.11727272727272725,-5.715982927729747e-05,0.01246865395560173
3719,1.7537373737373738,0.12323232323232322,0.0001391847540827457,0.01301746208474835
3720,1.7537373737373738,0.1291919191919192,-6.19203871145598e-05,0.01370751665853221
3721,1.7537373737373738,0.13515151515151513,2.478276659722558e-05,0.014454035057511975
3722,1.7537373737373738,0.1411111111111111,6.547574364892307e-05,0.015080544451259654
3723,1.7537373737373738,0.14707070707070707,-0.00010774042480340504,0.015499582755128787
3724,1.7537373737373738,0.15303030303030302,6.908351597059079e-05,0.01624688639952896
3725,1.7537373737373738,0.158989898989899,4.531681736092676e-05,0.016865382448701383
3726,1.7537373737373738,0.16494949494949493,2.8166046166337644e-05,0.017674528637824427
3727,1.7537373737373738,0.1709090909090909,-3.440768366602921e-05,0.01813217155555147
3728,1.7537373737373738,0.17686868686868687,1.3731251877150707e-05,0.018719633315848843
3729,1.7537373737373738,0.1828282828282828,0.00014824243242725718,0.01955929896899977
3730,1.7537373737373738,0.18878787878787878,0.0004150644337675942,0.020160758356434105
3731,1.7537373737373738,0.19474747474747472,3.052498052089847e-07,0.02069170801861271
3732,1.7537373737373738,0.2007070707070707,-0.0001867575213802617,0.021599121185150227
3733,1.7537373737373738,0.20666666666666667,-0.00034244103052390726,0.021809055247709614
3734,1.7537373737373738,0.2126262626262626,-0.00018013309256859582,0.02294006408185778
3735,1.7537373737373738,0.21858585858585858,1.6999147007446958e-05,0.023345905921571927
3736,1.7537373737373738,0.22454545454545452,-0.0002075193940038388,0.023750103743653796
3737,1.7537373737373738,0.2305050505050505,-1.4678089455299592e-05,0.0246933769981487
3738,1.7537373737373738,0.23646464646464646,6.886200194369022e-05,0.024983666709393823
3739,1.7537373737373738,0.2424242424242424,-0.0002563592194796314,0.0257230007268787
3740,1.7537373737373738,0.24838383838383837,3.215464299562145e-05,0.026668584379082608
3741,1.7537373737373738,0.2543434343434343,0.0003162353692801851,0.027022264873401557
3742,1.7537373737373738,0.26030303030303026,0.0004104560607797,0.027494409724691537
3743,1.7537373737373738,0.26626262626262626,-0.00023863878208624977,0.02817188056555322
3744,1.7537373737373738,0.2722222222222222,3.9607114096341555e-05,0.02894803003418715
3745,1.7537373737373738,0.27818181818181814,4.096391033115179e-05,0.029644703920624783
3746,1.7537373737373738,0.28414141414141414,-0.00016507146773001168,0.0299735512957016
3747,1.7537373737373738,0.2901010101010101,5.6554489314626755e-05,0.031160098647067303
3748,1.7537373737373738,0.296060606060606,0.0003888318461556632,0.0319857517034497
3749,1.7537373737373738,0.302020202020202,0.00024684580320473134,0.03207045782398334
3750,1.7537373737373738,0.30797979797979796,-0.00013981186451500054,0.03317222717146163
3751,1.7537373737373738,0.3139393939393939,0.00022217399087911855,0.03298887361271631
3752,1.7537373737373738,0.31989898989898985,6.720774258187039e-05,0.034321509418442225
3753,1.7537373737373738,0.32585858585858585,0.0004918140224285415,0.03488119661171429
3754,1.7537373737373738,0.3318181818181818,-0.00032545136255874516,0.03509678558040331
3755,1.7537373737373738,0.33777777777777773,-0.0002662385647216632,0.03595178775112032
3756,1.7537373737373738,0.34373737373737373,0.0003414568400787094,0.03678806911115995
3757,1.7537373737373738,0.3496969696969697,-2.418063390900569e-05,0.03706813798889994
3758,1.7537373737373738,0.3556565656565656,2.1807649719968137e-05,0.03794727645228642
3759,1.7537373737373738,0.3616161616161616,0.0004879718137281332,0.038668483117125584
3760,1.7537373737373738,0.36757575757575756,-0.00037207492674526296,0.03915317943299243
3761,1.7537373737373738,0.3735353535353535,7.945729524417384e-05,0.039828709269997625
3762,1.7537373737373738,0.37949494949494944,-2.26513170853462e-05,0.04077083773601496
3763,1.7537373737373738,0.38545454545454544,-0.0006215156123765616,0.040861851170253816
3764,1.7537373737373738,0.3914141414141414,-0.0006689526415032266,0.041476063620176785
3765,1.7537373737373738,0.3973737373737373,-0.00029073080683112356,0.041945601352394536
3766,1.7537373737373738,0.4033333333333333,1.380249397770461e-06,0.04289571907351359
3767,1.7537373737373738,0.40929292929292926,0.0003447777938610733,0.043874382520161875
3768,1.7537373737373738,0.4152525252525252,0.001681538347910893,0.0448973473067647
3769,1.7537373737373738,0.42121212121212115,-0.0006855526011112457,0.04507683180816614
3770,1.7537373737373738,0.42717171717171715,-0.0004453268821503366,0.04567574944099819
3771,1.7537373737373738,0.4331313131313131,-9.691901486350063e-06,0.046321752660471886
3772,1.7537373737373738,0.43909090909090903,8.839857667771234e-05,0.04684528480558559
3773,1.7537373737373738,0.44505050505050503,-0.00037475179715347766,0.047226813416306405
3774,1.7537373737373738,0.45101010101010097,-0.0003155208936232919,0.047448325169645554
3775,1.7537373737373738,0.4569696969696969,0.0006237880306743703,0.04899068154509701
3776,1.7537373737373738,0.4629292929292929,0.00012445830190108996,0.048917201090501794
3777,1.7537373737373738,0.46888888888888886,0.0007790665415997772,0.050233030991162185
3778,1.7537373737373738,0.4748484848484848,-0.00018975130943334336,0.050920489067407634
3779,1.7537373737373738,0.48080808080808074,0.00021011619422171103,0.051905488001004314
3780,1.7537373737373738,0.48676767676767674,3.477425690374161e-05,0.052279406342870816
3781,1.7537373737373738,0.4927272727272727,0.00021811512327232503,0.05374368670947344
3782,1.7537373737373738,0.4986868686868686,-0.000550045894380594,0.05321820472243427
3783,1.7537373737373738,0.5046464646464646,3.0010935946447236e-05,0.05446440863602437
3784,1.7537373737373738,0.5106060606060605,-3.134326930541921e-05,0.05394488774795743
3785,1.7537373737373738,0.5165656565656566,-0.0005392292007341652,0.054057574374722465
3786,1.7537373737373738,0.5225252525252525,0.00016696043378732424,0.05563594090551159
3787,1.7537373737373738,0.5284848484848484,-0.0006723085134131933,0.056417260397018436
3788,1.7537373737373738,0.5344444444444444,0.0008823104317687303,0.057315739720740506
3789,1.7537373737373738,0.5404040404040403,-0.0007446553660890972,0.05838454388194554
3790,1.7537373737373738,0.5463636363636363,0.00015235351456162983,0.057778864516499814
3791,1.7537373737373738,0.5523232323232323,-8.462212229857364e-05,0.06016586470846375
3792,1.7537373737373738,0.5582828282828283,-0.0003402786415981464,0.059504495832435146
3793,1.7537373737373738,0.5642424242424242,0.000955330672606058,0.060516452830595785
3794,1.7537373737373738,0.5702020202020202,0.0007708680463230413,0.06078175632227769
3795,1.7537373737373738,0.5761616161616161,0.0006062932000224724,0.061365517002261366
3796,1.7537373737373738,0.582121212121212,0.00047055949544475586,0.06303978425372173
3797,1.7537373737373738,0.588080808080808,0.00044351712301552874,0.06295682242010389
3798,1.7537373737373738,0.594040404040404,0.0006294942123105457,0.06382443554088905
3799,1.7537373737373738,0.6,-0.00017194543889342384,0.06361047365090687
3800,1.7738383838383838,0.01,3.288915814841653e-06,0.0010875340343903266
3801,1.7738383838383838,0.01595959595959596,-1.4017628815948713e-05,0.0017419385521839342
3802,1.7738383838383838,0.021919191919191918,7.589488947278422e-06,0.002380491676111405
3803,1.7738383838383838,0.027878787878787878,1.0365235404364636e-05,0.0030477531803500524
3804,1.7738383838383838,0.033838383838383834,5.928815353676963e-05,0.0036779148035103043
3805,1.7738383838383838,0.0397979797979798,-3.8295257638391454e-05,0.004343564696916319
3806,1.7738383838383838,0.045757575757575754,8.665346253108941e-06,0.00499471186352537
3807,1.7738383838383838,0.05171717171717172,2.5240325706660284e-05,0.00561905935503916
3808,1.7738383838383838,0.05767676767676767,-2.2981476988914508e-05,0.00628249284465156
3809,1.7738383838383838,0.06363636363636363,-2.1452743199335943e-05,0.006965165585086251
3810,1.7738383838383838,0.06959595959595959,-2.519640855994516e-05,0.007585457917382793
3811,1.7738383838383838,0.07555555555555554,-4.9706305111708314e-05,0.008110757304448653
3812,1.7738383838383838,0.0815151515151515,2.8595788807894528e-05,0.009049812396329038
3813,1.7738383838383838,0.08747474747474746,-2.7635396015166537e-05,0.009578911889182366
3814,1.7738383838383838,0.09343434343434343,0.0002112255365577572,0.010276804516581504
3815,1.7738383838383838,0.09939393939393938,-1.964055386497485e-05,0.010840049184001334
3816,1.7738383838383838,0.10535353535353534,-2.0952094891750472e-05,0.01156288752303155
3817,1.7738383838383838,0.1113131313131313,0.00018091446961849216,0.012017732831630266
3818,1.7738383838383838,0.11727272727272725,6.517248209747527e-05,0.012721463508697108
3819,1.7738383838383838,0.12323232323232322,0.00024402283697974285,0.01361106913235063
3820,1.7738383838383838,0.1291919191919192,9.314893992906332e-05,0.014269802004077133
3821,1.7738383838383838,0.13515151515151513,-0.00024107922855325187,0.01467927206074807
3822,1.7738383838383838,0.1411111111111111,-6.443221964931414e-05,0.015448789820639991
3823,1.7738383838383838,0.14707070707070707,-0.00014751307895650555,0.01608781330279786
3824,1.7738383838383838,0.15303030303030302,-9.980828388720766e-05,0.016755593140866838
3825,1.7738383838383838,0.158989898989899,0.00017548521099880612,0.017500334157031453
3826,1.7738383838383838,0.16494949494949493,-3.211256220794562e-05,0.017872605392643234
3827,1.7738383838383838,0.1709090909090909,-0.00026112411043683584,0.018437334168823514
3828,1.7738383838383838,0.17686868686868687,-6.566894590910443e-05,0.019319605807590273
3829,1.7738383838383838,0.1828282828282828,0.0002552588428059224,0.02014442453118243
3830,1.7738383838383838,0.18878787878787878,0.00023779490574059038,0.020730981177766727
3831,1.7738383838383838,0.19474747474747472,-0.0005332692149921905,0.02116401226541082
3832,1.7738383838383838,0.2007070707070707,0.00019436619186146534,0.02213898593404214
3833,1.7738383838383838,0.20666666666666667,-0.0003415538384735955,0.02225469128362005
3834,1.7738383838383838,0.2126262626262626,0.00023038248973871335,0.023221061871056027
3835,1.7738383838383838,0.21858585858585858,0.0001599602959511725,0.0241036542855514
3836,1.7738383838383838,0.22454545454545452,-0.0002720497759138214,0.02470283173648622
3837,1.7738383838383838,0.2305050505050505,-3.4922985553843345e-05,0.025442608934920306
3838,1.7738383838383838,0.23646464646464646,-0.00016745737731993285,0.025900152515351185
3839,1.7738383838383838,0.2424242424242424,-0.00016440591211106887,0.026318308864687813
3840,1.7738383838383838,0.24838383838383837,-0.0002869127539053372,0.027105577344456584
3841,1.7738383838383838,0.2543434343434343,-0.0006492853594053645,0.027667794603184123
3842,1.7738383838383838,0.26030303030303026,-0.00038097378394705826,0.028503310094473766
3843,1.7738383838383838,0.26626262626262626,-0.0003378649785273571,0.02938947181114322
3844,1.7738383838383838,0.2722222222222222,0.00023645773457833078,0.02994995109831129
3845,1.7738383838383838,0.27818181818181814,-2.7012253268600128e-05,0.030927774042180747
3846,1.7738383838383838,0.28414141414141414,-0.00020553945715841952,0.030996711224271244
3847,1.7738383838383838,0.2901010101010101,-1.9214207722188513e-05,0.03197852961540113
3848,1.7738383838383838,0.296060606060606,0.0005391944645549513,0.03246373936588485
3849,1.7738383838383838,0.302020202020202,-1.7579115722842875e-06,0.032780408302127834
3850,1.7738383838383838,0.30797979797979796,-0.00038711582273622956,0.03346515916995568
3851,1.7738383838383838,0.3139393939393939,0.00013774987137667876,0.03480648306401587
3852,1.7738383838383838,0.31989898989898985,-0.00031117505223999544,0.03533525368332591
3853,1.7738383838383838,0.32585858585858585,2.4539782329075877e-05,0.03596354198396862
3854,1.7738383838383838,0.3318181818181818,0.0002048191645013295,0.03627361576279991
3855,1.7738383838383838,0.33777777777777773,0.00039640866224937015,0.03687608150990457
3856,1.7738383838383838,0.34373737373737373,-0.00022310365777542364,0.03774684020537162
3857,1.7738383838383838,0.3496969696969697,-0.0002832553687993729,0.038087470055461904
3858,1.7738383838383838,0.3556565656565656,4.4184290692704245e-05,0.03890582529626338
3859,1.7738383838383838,0.3616161616161616,1.616748807603552e-05,0.03990834060993599
3860,1.7738383838383838,0.36757575757575756,-2.104865895628203e-05,0.040457223991790754
3861,1.7738383838383838,0.3735353535353535,0.0005744142066217113,0.04114264836267194
3862,1.7738383838383838,0.37949494949494944,-0.0003081916640313174,0.0414092150856607
3863,1.7738383838383838,0.38545454545454544,-0.00012647913108881613,0.04221067894355914
3864,1.7738383838383838,0.3914141414141414,0.0004920052137371774,0.043154194079107144
3865,1.7738383838383838,0.3973737373737373,-5.218619180777368e-05,0.04329262933525229
3866,1.7738383838383838,0.4033333333333333,0.00026196363064790357,0.044222659282188694
3867,1.7738383838383838,0.40929292929292926,-0.0008209567155685319,0.044998273529839636
3868,1.7738383838383838,0.4152525252525252,-0.0002558673214838351,0.04496958002579679
3869,1.7738383838383838,0.42121212121212115,0.0007210407471853721,0.045938804306323335
3870,1.7738383838383838,0.42717171717171715,-4.89442415261488e-05,0.046518346929342036
3871,1.7738383838383838,0.4331313131313131,-3.552069429495278e-05,0.047538943370103975
3872,1.7738383838383838,0.43909090909090903,7.097193496797321e-05,0.04817276839319151
3873,1.7738383838383838,0.44505050505050503,-2.5268462696579343e-07,0.04891070707352359
3874,1.7738383838383838,0.45101010101010097,-0.00015567130825487344,0.04940330241244434
3875,1.7738383838383838,0.4569696969696969,-0.0005174305857141919,0.049995309647312434
3876,1.7738383838383838,0.4629292929292929,-2.7201015113988226e-05,0.05067606142455273
3877,1.7738383838383838,0.46888888888888886,0.00047401054053261625,0.05169848053800511
3878,1.7738383838383838,0.4748484848484848,0.00028483815833925765,0.05162373109379201
3879,1.7738383838383838,0.48080808080808074,3.353082956440223e-06,0.053104588861322466
3880,1.7738383838383838,0.48676767676767674,-9.055541401343708e-05,0.05349959669986277
3881,1.7738383838383838,0.4927272727272727,0.0009559272579580406,0.053847423825794674
3882,1.7738383838383838,0.4986868686868686,9.728763420692986e-05,0.05447629718286625
3883,1.7738383838383838,0.5046464646464646,-0.0003735163778510869,0.05498787163834845
3884,1.7738383838383838,0.5106060606060605,-0.00038187105977366545,0.0560202818926588
3885,1.7738383838383838,0.5165656565656566,0.0007172064141626071,0.05609069127837802
3886,1.7738383838383838,0.5225252525252525,3.4904929158607656e-05,0.057685455503619865
3887,1.7738383838383838,0.5284848484848484,-0.0005831949516307834,0.05746858494861606
3888,1.7738383838383838,0.5344444444444444,0.0010375938038125838,0.05978975314878212
3889,1.7738383838383838,0.5404040404040403,-0.00042185933900093373,0.05965115028152341
3890,1.7738383838383838,0.5463636363636363,-1.2967056630489004e-05,0.06000245754776484
3891,1.7738383838383838,0.5523232323232323,-0.0003169751774752889,0.060351026652165
3892,1.7738383838383838,0.5582828282828283,0.00040658130741097855,0.061377836414413835
3893,1.7738383838383838,0.5642424242424242,-5.945171998001055e-05,0.062235170390591094
3894,1.7738383838383838,0.5702020202020202,-0.00016972393428882256,0.06300499165953224
3895,1.7738383838383838,0.5761616161616161,0.00043871037176269396,0.06398379931041115
3896,1.7738383838383838,0.582121212121212,0.0006170833088082419,0.06379368583116944
3897,1.7738383838383838,0.588080808080808,-0.00023666254550803512,0.06430356729916754
3898,1.7738383838383838,0.594040404040404,0.0005938895129167262,0.06523205022098728
3899,1.7738383838383838,0.6,0.0006287104357255788,0.06672289599847608
3900,1.793939393939394,0.01,5.795377372271071e-06,0.0011264885011989828
3901,1.793939393939394,0.01595959595959596,2.621685066376701e-05,0.0017885388801518762
3902,1.793939393939394,0.021919191919191918,3.6740459102624025e-06,0.0024563104057769005
3903,1.793939393939394,0.027878787878787878,1.9142433465366117e-05,0.0031083749484722197
3904,1.793939393939394,0.033838383838383834,-3.317122043125731e-06,0.0037955242896734586
3905,1.793939393939394,0.0397979797979798,-7.069100420522917e-05,0.004449980524568855
3906,1.793939393939394,0.045757575757575754,-8.558205506507423e-05,0.005027857513259111
3907,1.793939393939394,0.05171717171717172,4.954243877045682e-05,0.005827054502659252
3908,1.793939393939394,0.05767676767676767,-4.4770555097597594e-05,0.006497071285559893
3909,1.793939393939394,0.06363636363636363,5.030566438326214e-05,0.007118181149110518
3910,1.793939393939394,0.06959595959595959,-3.6798384826188265e-05,0.007712038632461421
3911,1.793939393939394,0.07555555555555554,-1.9978824644441618e-05,0.008442365888351738
3912,1.793939393939394,0.0815151515151515,1.8298925877882877e-05,0.009209893409308058
3913,1.793939393939394,0.08747474747474746,0.00011946858527281376,0.009803580192856324
3914,1.793939393939394,0.09343434343434343,-3.087560657764532e-06,0.010318591234997761
3915,1.793939393939394,0.09939393939393938,1.5041168006753824e-05,0.011046730851095234
3916,1.793939393939394,0.10535353535353534,-8.640379139473968e-05,0.011656453983437932
3917,1.793939393939394,0.1113131313131313,-7.245409127182755e-05,0.012627281393924748
3918,1.793939393939394,0.11727272727272725,0.0002566390988744982,0.013181209675382326
3919,1.793939393939394,0.12323232323232322,-0.0002285546196224573,0.013813179828216669
3920,1.793939393939394,0.1291919191919192,0.00010392735625193996,0.014437035284569993
3921,1.793939393939394,0.13515151515151513,4.553512962360931e-05,0.015049216894422842
3922,1.793939393939394,0.1411111111111111,-0.00022047268648375175,0.015769043055051987
3923,1.793939393939394,0.14707070707070707,0.00017311309657578656,0.01636745033908904
3924,1.793939393939394,0.15303030303030302,-9.027071972258582e-06,0.017088557142798444
3925,1.793939393939394,0.158989898989899,4.957410110883782e-05,0.017807357832228102
3926,1.793939393939394,0.16494949494949493,-1.7483255689992205e-05,0.0186723155061028
3927,1.793939393939394,0.1709090909090909,-0.00036461543422935955,0.019337183694568185
3928,1.793939393939394,0.17686868686868687,1.6759807015883522e-05,0.01995563878828888
3929,1.793939393939394,0.1828282828282828,0.00016139811782541838,0.020329194529416155
3930,1.793939393939394,0.18878787878787878,0.0005808000609878647,0.02131908177705828
3931,1.793939393939394,0.19474747474747472,0.00011459440352193075,0.021719516256909283
3932,1.793939393939394,0.2007070707070707,-3.121231403645176e-05,0.02251213405920966
3933,1.793939393939394,0.20666666666666667,7.031457552334341e-05,0.023463937788655485
3934,1.793939393939394,0.2126262626262626,-5.1374284249717615e-05,0.023803176841052456
3935,1.793939393939394,0.21858585858585858,-0.00017647337531067838,0.02439356893299398
3936,1.793939393939394,0.22454545454545452,-0.0002637759498921454,0.025175521098965918
3937,1.793939393939394,0.2305050505050505,0.00034008905355574444,0.02570871408979762
3938,1.793939393939394,0.23646464646464646,3.4605452634321624e-05,0.026564847781587766
3939,1.793939393939394,0.2424242424242424,1.9689294166239813e-05,0.027076601072129815
3940,1.793939393939394,0.24838383838383837,-4.8386119872305164e-05,0.027957509569918965
3941,1.793939393939394,0.2543434343434343,0.00015823416564644262,0.028258655943674143
3942,1.793939393939394,0.26030303030303026,0.0002029150954481724,0.028965211438119174
3943,1.793939393939394,0.26626262626262626,-0.0002084161754852059,0.02946499045601444
3944,1.793939393939394,0.2722222222222222,0.000126083291835623,0.03014121638071856
3945,1.793939393939394,0.27818181818181814,-0.00018506277247991835,0.030807912340841133
3946,1.793939393939394,0.28414141414141414,1.1013310339447301e-06,0.03148817731233693
3947,1.793939393939394,0.2901010101010101,-0.0001432437676115351,0.032828652217805794
3948,1.793939393939394,0.296060606060606,0.000312041416465555,0.033345511705224436
3949,1.793939393939394,0.302020202020202,7.071963781552433e-05,0.0338668274313945
3950,1.793939393939394,0.30797979797979796,-0.00024104134221007646,0.03509484784546406
3951,1.793939393939394,0.3139393939393939,-5.7620046640281685e-05,0.03512676935342968
3952,1.793939393939394,0.31989898989898985,-0.00037255328208459675,0.03616485872559102
3953,1.793939393939394,0.32585858585858585,0.00025896211670788745,0.03657692307311441
3954,1.793939393939394,0.3318181818181818,0.0005746642964683514,0.03764808917581147
3955,1.793939393939394,0.33777777777777773,-0.00044588427616200203,0.038174490023866185
3956,1.793939393939394,0.34373737373737373,-0.0003113004665856631,0.03794336497868033
3957,1.793939393939394,0.3496969696969697,-0.00017105122299253413,0.03913195494037859
3958,1.793939393939394,0.3556565656565656,-0.000718934111618368,0.039435919708418206
3959,1.793939393939394,0.3616161616161616,-2.468158038266721e-05,0.040831551512209366
3960,1.793939393939394,0.36757575757575756,0.00035581193997748526,0.04124456932527329
3961,1.793939393939394,0.3735353535353535,-2.7287644771178687e-05,0.04196536848954502
3962,1.793939393939394,0.37949494949494944,-0.0004663683104694341,0.042195252849842435
3963,1.793939393939394,0.38545454545454544,-0.00030777046003297446,0.042915447862974396
3964,1.793939393939394,0.3914141414141414,0.0005250622443205092,0.04401410717288307
3965,1.793939393939394,0.3973737373737373,0.0005649314813385312,0.04399322814061697
3966,1.793939393939394,0.4033333333333333,-0.0004448331529646939,0.04504610589479853
3967,1.793939393939394,0.40929292929292926,0.0001434241742986057,0.04534866652066273
3968,1.793939393939394,0.4152525252525252,0.00019484192957436953,0.04581674421554693
3969,1.793939393939394,0.42121212121212115,0.0003560666803090547,0.04740548900873004
3970,1.793939393939394,0.42717171717171715,-0.0006527367892517938,0.04782927852005628
3971,1.793939393939394,0.4331313131313131,6.830363923598539e-05,0.049080647622186765
3972,1.793939393939394,0.43909090909090903,0.0004907146559521607,0.04955064164799928
3973,1.793939393939394,0.44505050505050503,-0.00031876740121827466,0.04941979222861295
3974,1.793939393939394,0.45101010101010097,0.00023307859162153858,0.05075268612735833
3975,1.793939393939394,0.4569696969696969,0.000235410261673955,0.051826496973626235
3976,1.793939393939394,0.4629292929292929,-0.0005360079044323666,0.05207986082451569
3977,1.793939393939394,0.46888888888888886,0.00032620687201973317,0.053049554020459536
3978,1.793939393939394,0.4748484848484848,0.0001615660965978396,0.05325023389542467
3979,1.793939393939394,0.48080808080808074,0.0012165519704247884,0.054629781591282046
3980,1.793939393939394,0.48676767676767674,1.892330531308626e-05,0.05510797704752527
3981,1.793939393939394,0.4927272727272727,-0.0001103422603129871,0.05488953283633947
3982,1.793939393939394,0.4986868686868686,-0.00069641548214072,0.05605696003263298
3983,1.793939393939394,0.5046464646464646,-0.0005269225075395143,0.05655635022939591
3984,1.793939393939394,0.5106060606060605,0.0006388372799633465,0.057604384180006137
3985,1.793939393939394,0.5165656565656566,-0.0004017846210583034,0.05801332902342509
3986,1.793939393939394,0.5225252525252525,0.0009889331260549538,0.05943627550111633
3987,1.793939393939394,0.5284848484848484,0.0005615085007982245,0.0600702904555586
3988,1.793939393939394,0.5344444444444444,0.0007043853430794074,0.059947180116206825
3989,1.793939393939394,0.5404040404040403,-0.0006754240251410083,0.06103947075922454
3990,1.793939393939394,0.5463636363636363,0.00019739724624922826,0.06151150152992182
3991,1.793939393939394,0.5523232323232323,-0.00012077758507907548,0.062104146652423815
3992,1.793939393939394,0.5582828282828283,0.00028810353291901675,0.06297271360617136
3993,1.793939393939394,0.5642424242424242,-0.0008275926859235081,0.06356924981071975
3994,1.793939393939394,0.5702020202020202,0.00048715331602187896,0.06398262462952414
3995,1.793939393939394,0.5761616161616161,-0.00046478346521222136,0.06409983461446568
3996,1.793939393939394,0.582121212121212,-4.1560860321576466e-05,0.06619905341945473
3997,1.793939393939394,0.588080808080808,0.001233245480988808,0.06628128507968678
3998,1.793939393939394,0.594040404040404,0.0008820479071978955,0.06860267912760123
3999,1.793939393939394,0.6,-0.00014443763681830913,0.06781788761465224
4000,1.8140404040404041,0.01,8.131081939090845e-06,0.0011554296751313236
4001,1.8140404040404041,0.01595959595959596,1.382260089460664e-05,0.0018588528396048388
4002,1.8140404040404041,0.021919191919191918,-1.2010455953319066e-06,0.0025244013404504832
4003,1.8140404040404041,0.027878787878787878,-1.6664437314273927e-05,0.0031952559695318894
4004,1.8140404040404041,0.033838383838383834,-3.195790976674225e-05,0.0038475106334080926
4005,1.8140404040404041,0.0397979797979798,5.432506824886477e-05,0.004469723203569751
4006,1.8140404040404041,0.045757575757575754,0.00010288638716041101,0.00522504619399585
4007,1.8140404040404041,0.05171717171717172,-5.243613443959567e-05,0.005959762865162147
4008,1.8140404040404041,0.05767676767676767,3.535633855616027e-05,0.00664470088706958
4009,1.8140404040404041,0.06363636363636363,3.631408682142913e-05,0.007315423996994509
4010,1.8140404040404041,0.06959595959595959,5.866143522980378e-05,0.007993209229374474
4011,1.8140404040404041,0.07555555555555554,1.321797821906846e-05,0.008718992751293333
4012,1.8140404040404041,0.0815151515151515,1.767459366005537e-05,0.009392319291222372
4013,1.8140404040404041,0.08747474747474746,3.5758484649628134e-05,0.0099764583239052
4014,1.8140404040404041,0.09343434343434343,-3.905016397962968e-06,0.01071951759050687
4015,1.8140404040404041,0.09939393939393938,0.00014073114542298673,0.011353679189997351
4016,1.8140404040404041,0.10535353535353534,-0.00017455992256204466,0.012052527876508378
4017,1.8140404040404041,0.1113131313131313,-9.456658469038217e-05,0.012777781479929898
4018,1.8140404040404041,0.11727272727272725,-0.00011766340306216944,0.013417586001020915
4019,1.8140404040404041,0.12323232323232322,-0.00034650255437479005,0.014130446812994584
4020,1.8140404040404041,0.1291919191919192,-6.897027498084529e-05,0.014873096324061048
4021,1.8140404040404041,0.13515151515151513,0.00011962291213194909,0.015686689958494877
4022,1.8140404040404041,0.1411111111111111,-7.509098842434008e-05,0.01620017728370481
4023,1.8140404040404041,0.14707070707070707,-0.00016124346584963089,0.01698790571901805
4024,1.8140404040404041,0.15303030303030302,5.886700064641792e-06,0.017626461624346886
4025,1.8140404040404041,0.158989898989899,-0.00027481985043240146,0.018223510551173133
4026,1.8140404040404041,0.16494949494949493,-0.00010246275033977486,0.018925583427910134
4027,1.8140404040404041,0.1709090909090909,-0.00015089687033120644,0.01965778162808988
4028,1.8140404040404041,0.17686868686868687,-0.0002667428878984674,0.02047360330381633
4029,1.8140404040404041,0.1828282828282828,-0.00017132717925192752,0.020820515477876375
4030,1.8140404040404041,0.18878787878787878,0.00021244222630437842,0.02156030343722193
4031,1.8140404040404041,0.19474747474747472,1.3097600434782386e-05,0.022523941828649422
4032,1.8140404040404041,0.2007070707070707,-5.338442828814678e-05,0.022802618039821358
4033,1.8140404040404041,0.20666666666666667,0.00023231858762941116,0.023784952452305125
4034,1.8140404040404041,0.2126262626262626,-0.0002542179036136519,0.024708438309867953
4035,1.8140404040404041,0.21858585858585858,-0.000282218891724737,0.0251449323867675
4036,1.8140404040404041,0.22454545454545452,-0.00010312540576670536,0.025629223674564383
4037,1.8140404040404041,0.2305050505050505,-1.4338440532001107e-05,0.026616921986604185
4038,1.8140404040404041,0.23646464646464646,0.00019038081411699035,0.02714010533858969
4039,1.8140404040404041,0.2424242424242424,-0.00021126433629673608,0.02785348317414437
4040,1.8140404040404041,0.24838383838383837,-0.00015122298346046992,0.028557407928104257
4041,1.8140404040404041,0.2543434343434343,0.00014953838590164428,0.029434995407870864
4042,1.8140404040404041,0.26030303030303026,5.282594213535541e-06,0.02968787462917781
4043,1.8140404040404041,0.26626262626262626,-1.4238992673018024e-05,0.030455294720462742
4044,1.8140404040404041,0.2722222222222222,9.816757982117088e-05,0.03138230339355038
4045,1.8140404040404041,0.27818181818181814,-0.0001392261573423608,0.03166910214601603
4046,1.8140404040404041,0.28414141414141414,-0.0006106199519763314,0.032484725365486425
4047,1.8140404040404041,0.2901010101010101,0.00015483297132130668,0.03340177035538404
4048,1.8140404040404041,0.296060606060606,-0.0003982009915826047,0.03353331702359845
4049,1.8140404040404041,0.302020202020202,-0.0002942569968518987,0.03474110816194652
4050,1.8140404040404041,0.30797979797979796,-0.00047465523372209136,0.03573384947170594
4051,1.8140404040404041,0.3139393939393939,0.0005357142193047652,0.035822638560563676
4052,1.8140404040404041,0.31989898989898985,-0.00025967818701506446,0.036292223847330524
4053,1.8140404040404041,0.32585858585858585,-0.0003764553441613823,0.03720912087641161
4054,1.8140404040404041,0.3318181818181818,-0.0006206090006604902,0.037703899966484385
4055,1.8140404040404041,0.33777777777777773,-0.0005276369424760998,0.03881020946219934
4056,1.8140404040404041,0.34373737373737373,0.0002371246470544884,0.03982014275261787
4057,1.8140404040404041,0.3496969696969697,6.375643319128252e-05,0.04032139070693135
4058,1.8140404040404041,0.3556565656565656,0.00015444555401964607,0.04067298767419636
4059,1.8140404040404041,0.3616161616161616,0.0001328391591137967,0.0416051765166726
4060,1.8140404040404041,0.36757575757575756,4.928793851346209e-05,0.04227404254000878
4061,1.8140404040404041,0.3735353535353535,-0.0005245451698690872,0.04314503850316091
4062,1.8140404040404041,0.37949494949494944,-0.0002608497827986265,0.04391608627031823
4063,1.8140404040404041,0.38545454545454544,-0.00013413804549091088,0.04406088907913015
4064,1.8140404040404041,0.3914141414141414,-0.00012929217772378543,0.04573153205274173
4065,1.8140404040404041,0.3973737373737373,-0.00012344092037552484,0.04583790207569161
4066,1.8140404040404041,0.4033333333333333,-0.00014860498701534285,0.04644647021018072
4067,1.8140404040404041,0.40929292929292926,0.0008328065863988899,0.047258583280239144
4068,1.8140404040404041,0.4152525252525252,-0.00040986125002884563,0.04831667741646626
4069,1.8140404040404041,0.42121212121212115,-0.0003163602058252518,0.048386073651599804
4070,1.8140404040404041,0.42717171717171715,-0.00019642604622127164,0.04991977434459111
4071,1.8140404040404041,0.4331313131313131,-9.814512324464739e-05,0.05033088063696333
4072,1.8140404040404041,0.43909090909090903,0.0008317069854175869,0.05057166008562592
4073,1.8140404040404041,0.44505050505050503,0.00043176596711574786,0.0510728726472236
4074,1.8140404040404041,0.45101010101010097,-7.665935348004203e-05,0.05205166694131931
4075,1.8140404040404041,0.4569696969696969,0.0015051404097102968,0.053698044353917056
4076,1.8140404040404041,0.4629292929292929,-0.00031232246758568097,0.05348658154512771
4077,1.8140404040404041,0.46888888888888886,0.00031692378994970107,0.05435815102561326
4078,1.8140404040404041,0.4748484848484848,-0.00041277563907195187,0.0550287036349762
4079,1.8140404040404041,0.48080808080808074,-0.00015686475060090253,0.05572606265177533
4080,1.8140404040404041,0.48676767676767674,-0.0004922311208730361,0.056066712280868646
4081,1.8140404040404041,0.4927272727272727,1.4091186720393022e-05,0.05678760253784929
4082,1.8140404040404041,0.4986868686868686,-0.0010434516928631591,0.05710444042305055
4083,1.8140404040404041,0.5046464646464646,5.2747625130315834e-05,0.05855508135204107
4084,1.8140404040404041,0.5106060606060605,-0.0005233648032340664,0.05917059181943548
4085,1.8140404040404041,0.5165656565656566,-6.712994444941051e-05,0.059436469245962534
4086,1.8140404040404041,0.5225252525252525,0.00048331315669418624,0.06069722981009742
4087,1.8140404040404041,0.5284848484848484,0.0006202861531714271,0.061624945106311675
4088,1.8140404040404041,0.5344444444444444,2.7878028127630883e-05,0.06186436055114032
4089,1.8140404040404041,0.5404040404040403,-4.348178397473993e-05,0.06172772215201966
4090,1.8140404040404041,0.5463636363636363,-0.0003925558948089207,0.06333739510361941
4091,1.8140404040404041,0.5523232323232323,-0.000395152915893902,0.06445970495840411
4092,1.8140404040404041,0.5582828282828283,-0.0010529610105082202,0.06355690375279079
4093,1.8140404040404041,0.5642424242424242,-0.0003829506844569108,0.0648191866955063
4094,1.8140404040404041,0.5702020202020202,-0.00031012741302271964,0.06581571587593942
4095,1.8140404040404041,0.5761616161616161,-0.0014050768585283464,0.06688398675123378
4096,1.8140404040404041,0.582121212121212,0.00015433200599621633,0.06702198031397925
4097,1.8140404040404041,0.588080808080808,-9.937234839229685e-05,0.06813899770990514
4098,1.8140404040404041,0.594040404040404,-0.0001558950813008661,0.06826407270302748
4099,1.8140404040404041,0.6,5.826644286905065e-05,0.06949649286855102
4100,1.8341414141414143,0.01,1.484364647781289e-06,0.00117133975180648
4101,1.8341414141414143,0.01595959595959596,3.4109441785075714e-05,0.001865733278004662
4102,1.8341414141414143,0.021919191919191918,-2.0915955634107087e-05,0.0025815198606415515
4103,1.8341414141414143,0.027878787878787878,2.5279249147435525e-05,0.003264701927250742
4104,1.8341414141414143,0.033838383838383834,-1.5745594588039922e-05,0.0039503398056200826
4105,1.8341414141414143,0.0397979797979798,2.140707402969263e-05,0.004755727360385721
4106,1.8341414141414143,0.045757575757575754,-6.588129677539048e-05,0.005319375412992752
4107,1.8341414141414143,0.05171717171717172,7.373027806760639e-05,0.006106859468171112
4108,1.8341414141414143,0.05767676767676767,-5.492199821030176e-05,0.006765171714919275
4109,1.8341414141414143,0.06363636363636363,7.481486383639261e-05,0.0075064322124460525
4110,1.8341414141414143,0.06959595959595959,5.034618710693618e-05,0.008337575867069673
4111,1.8341414141414143,0.07555555555555554,0.00010377094399363668,0.008838548383186304
4112,1.8341414141414143,0.0815151515151515,-6.015977112752573e-05,0.009515778092609766
4113,1.8341414141414143,0.08747474747474746,-3.114345413306525e-05,0.010262341882422732
4114,1.8341414141414143,0.09343434343434343,-2.617252597401941e-05,0.010959230245764742
4115,1.8341414141414143,0.09939393939393938,-8.968813108756801e-06,0.0117039233998591
4116,1.8341414141414143,0.10535353535353534,-0.00010427381050520681,0.012410801017031793
4117,1.8341414141414143,0.1113131313131313,-0.00018958696177406664,0.012963301626574502
4118,1.8341414141414143,0.11727272727272725,-0.00013002332163804736,0.013702784669716759
4119,1.8341414141414143,0.12323232323232322,2.311144291783529e-05,0.01452249553786006
4120,1.8341414141414143,0.1291919191919192,-0.00018564946259535606,0.015048701422191824
4121,1.8341414141414143,0.13515151515151513,7.568055659870657e-05,0.015938532825930902
4122,1.8341414141414143,0.1411111111111111,4.051642064272444e-05,0.01675565619497449
4123,1.8341414141414143,0.14707070707070707,3.517807618551716e-06,0.017122971875712257
4124,1.8341414141414143,0.15303030303030302,0.00019674436197807864,0.017900177943766082
4125,1.8341414141414143,0.158989898989899,0.00014792424528746364,0.018727582017960397
4126,1.8341414141414143,0.16494949494949493,3.107855136656773e-05,0.019203398987032397
4127,1.8341414141414143,0.1709090909090909,-0.00040952576523273,0.020075056598708972
4128,1.8341414141414143,0.17686868686868687,-7.647219433530934e-05,0.020659992435660808
4129,1.8341414141414143,0.1828282828282828,0.0005525064758383876,0.021842265134759356
4130,1.8341414141414143,0.18878787878787878,1.9097194371191594e-05,0.022477195973144414
4131,1.8341414141414143,0.19474747474747472,2.4754042963950716e-05,0.022958536529742425
4132,1.8341414141414143,0.2007070707070707,0.00042640199472357345,0.02350361134507948
4133,1.8341414141414143,0.20666666666666667,-0.00018400704715552615,0.024117981688065424
4134,1.8341414141414143,0.2126262626262626,0.0002490851993874569,0.02510270920172205
4135,1.8341414141414143,0.21858585858585858,0.00018078090806047554,0.025706410131592517
4136,1.8341414141414143,0.22454545454545452,0.0002917796425640986,0.02646380179453298
4137,1.8341414141414143,0.2305050505050505,0.00023188564307384733,0.027375044521368925
4138,1.8341414141414143,0.23646464646464646,3.873247415252101e-05,0.02812152460849546
4139,1.8341414141414143,0.2424242424242424,0.00019869472975790275,0.02867939239402395
4140,1.8341414141414143,0.24838383838383837,-0.00015130530360876607,0.029261036807362622
4141,1.8341414141414143,0.2543434343434343,3.1995619392606786e-05,0.029806920729868312
4142,1.8341414141414143,0.26030303030303026,-0.00010467444025021218,0.03066882276625797
4143,1.8341414141414143,0.26626262626262626,0.00036048669181567205,0.03158777110690586
4144,1.8341414141414143,0.2722222222222222,-0.0005020013173521897,0.03230592520998916
4145,1.8341414141414143,0.27818181818181814,0.00032927867422958803,0.03294423415016194
4146,1.8341414141414143,0.28414141414141414,-5.1320347021071977e-05,0.03342561007372132
4147,1.8341414141414143,0.2901010101010101,0.0006184281397296085,0.03421720455324762
4148,1.8341414141414143,0.296060606060606,0.00010392886342583605,0.03489008782172688
4149,1.8341414141414143,0.302020202020202,-0.0007405486226659312,0.03522900214521139
4150,1.8341414141414143,0.30797979797979796,0.00013561475410048463,0.0362500750325456
4151,1.8341414141414143,0.3139393939393939,-1.8289162595518925e-05,0.03648234793363146
4152,1.8341414141414143,0.31989898989898985,-0.00025673156411628017,0.03749965422906551
4153,1.8341414141414143,0.32585858585858585,-0.00010736821885062167,0.038240906826552276
4154,1.8341414141414143,0.3318181818181818,-0.00038480700904791376,0.03910535879219409
4155,1.8341414141414143,0.33777777777777773,0.0006136465043887643,0.03988931900896643
4156,1.8341414141414143,0.34373737373737373,0.0009191025487632874,0.040623588767291184
4157,1.8341414141414143,0.3496969696969697,0.00022031571187237296,0.040834286307654746
4158,1.8341414141414143,0.3556565656565656,0.0002789628772613167,0.042376389325076244
4159,1.8341414141414143,0.3616161616161616,-0.0003129282926205132,0.04232330983580879
4160,1.8341414141414143,0.36757575757575756,-0.0006333006616204422,0.04320363242897867
4161,1.8341414141414143,0.3735353535353535,0.0006238304977634961,0.0441286192268718
4162,1.8341414141414143,0.37949494949494944,-0.0006631638033960463,0.04506693729888952
4163,1.8341414141414143,0.38545454545454544,0.0001333872139358704,0.0454368893994843
4164,1.8341414141414143,0.3914141414141414,0.00013863021191964334,0.04686725650410611
4165,1.8341414141414143,0.3973737373737373,0.00023229516565963774,0.047144190716343654
4166,1.8341414141414143,0.4033333333333333,-0.0012436233006981262,0.0469051456757073
4167,1.8341414141414143,0.40929292929292926,-0.0002127328074075681,0.048333115675229917
4168,1.8341414141414143,0.4152525252525252,0.0001212723469151264,0.0495289735651764
4169,1.8341414141414143,0.42121212121212115,0.00043604996231468924,0.049116862077003616
4170,1.8341414141414143,0.42717171717171715,-0.0005436467236886926,0.05023202146661838
4171,1.8341414141414143,0.4331313131313131,-0.0009955991116705886,0.05093119382647723
4172,1.8341414141414143,0.43909090909090903,-0.00014246134058427474,0.0519981292861502
4173,1.8341414141414143,0.44505050505050503,0.0006017655237524628,0.053098374398537554
4174,1.8341414141414143,0.45101010101010097,-0.0007901988255221783,0.052625597156864476
4175,1.8341414141414143,0.4569696969696969,-0.0005535349050539479,0.054183449436945995
4176,1.8341414141414143,0.4629292929292929,0.001753638601687544,0.055093761077569046
4177,1.8341414141414143,0.46888888888888886,0.0005122852087024664,0.05567929195281968
4178,1.8341414141414143,0.4748484848484848,0.0005557981984327079,0.055783844099435896
4179,1.8341414141414143,0.48080808080808074,0.0003670603087710152,0.05644053632892507
4180,1.8341414141414143,0.48676767676767674,-0.0007028533904355534,0.05815897737141214
4181,1.8341414141414143,0.4927272727272727,-0.0007146387029615761,0.057436944811486285
4182,1.8341414141414143,0.4986868686868686,-0.0009579136263957294,0.05878797072154941
4183,1.8341414141414143,0.5046464646464646,-0.0003991634446706756,0.05952611943868425
4184,1.8341414141414143,0.5106060606060605,-1.614747892462831e-05,0.061206220752584736
4185,1.8341414141414143,0.5165656565656566,5.879184890877229e-05,0.06107070178608287
4186,1.8341414141414143,0.5225252525252525,-0.0005839610547269456,0.06186576274052869
4187,1.8341414141414143,0.5284848484848484,-0.00012238217565604273,0.06313699337184238
4188,1.8341414141414143,0.5344444444444444,0.0006939758995903837,0.06411029974463993
4189,1.8341414141414143,0.5404040404040403,5.0968865787983675e-05,0.06459538263266418
4190,1.8341414141414143,0.5463636363636363,0.0007252608273103853,0.06511575293488597
4191,1.8341414141414143,0.5523232323232323,-0.0007142782848850173,0.06561292454106121
4192,1.8341414141414143,0.5582828282828283,0.0016346300235190454,0.0673834138555071
4193,1.8341414141414143,0.5642424242424242,-0.000634094315499892,0.06709396998653432
4194,1.8341414141414143,0.5702020202020202,-0.0005530842285134475,0.06770374622114105
4195,1.8341414141414143,0.5761616161616161,0.00024948882605980137,0.06882177614893159
4196,1.8341414141414143,0.582121212121212,0.0005912988858066447,0.06926877916222321
4197,1.8341414141414143,0.588080808080808,0.0011489672794309385,0.06960203208133309
4198,1.8341414141414143,0.594040404040404,-0.0004526205796127632,0.07169114161281914
4199,1.8341414141414143,0.6,-0.00028314204289256874,0.07175998479615442
4200,1.8542424242424242,0.01,3.2316269276893574e-06,0.001196079422906084
4201,1.8542424242424242,0.01595959595959596,1.4492760693090933e-05,0.0019095291272700986
4202,1.8542424242424242,0.021919191919191918,2.3641852800988795e-05,0.0026343695700687003
4203,1.8542424242424242,0.027878787878787878,-2.6408413897443393e-05,0.0033817442642750904
4204,1.8542424242424242,0.033838383838383834,-8.521064186174265e-07,0.004018537056392987
4205,1.8542424242424242,0.0397979797979798,-4.532891016638273e-05,0.0047845330565057026
4206,1.8542424242424242,0.045757575757575754,-4.049078981742825e-05,0.005557182834294045
4207,1.8542424242424242,0.05171717171717172,5.7483466819150676e-05,0.00619476572000626
4208,1.8542424242424242,0.05767676767676767,0.00011081530989124406,0.006897601118552505
4209,1.8542424242424242,0.06363636363636363,2.441707672118444e-05,0.007641532220508226
4210,1.8542424242424242,0.06959595959595959,4.3234593560816755e-05,0.008394449914562426
4211,1.8542424242424242,0.07555555555555554,-9.21127942837652e-05,0.009071284654204051
4212,1.8542424242424242,0.0815151515151515,0.00012202795314365932,0.009854172870573472
4213,1.8542424242424242,0.08747474747474746,2.2545400393299274e-05,0.010529726895781868
4214,1.8542424242424242,0.09343434343434343,4.2305290452678045e-05,0.01115033613645792
4215,1.8542424242424242,0.09939393939393938,0.00010647392076464115,0.011927389357622257
4216,1.8542424242424242,0.10535353535353534,-4.1288088435500535e-05,0.012755307155614452
4217,1.8542424242424242,0.1113131313131313,-0.00013224831209670139,0.01341788586222848
4218,1.8542424242424242,0.11727272727272725,-0.000335272143752052,0.014188473839420327
4219,1.8542424242424242,0.12323232323232322,9.63908336641534e-05,0.014885220453048622
4220,1.8542424242424242,0.1291919191919192,-4.303754169697368e-05,0.015580317469541529
4221,1.8542424242424242,0.13515151515151513,9.713591336847987e-05,0.01625171882945902
4222,1.8542424242424242,0.1411111111111111,1.2537488321999347e-05,0.016848261523086706
4223,1.8542424242424242,0.14707070707070707,-0.00012639106318442192,0.01775986814842397
4224,1.8542424242424242,0.15303030303030302,-2.031026099306623e-05,0.018472829284383274
4225,1.8542424242424242,0.158989898989899,-0.00020118460456364432,0.01932950055881489
4226,1.8542424242424242,0.16494949494949493,3.632216976527787e-05,0.02017108687950079
4227,1.8542424242424242,0.1709090909090909,2.750763994091563e-05,0.02064466221907204
4228,1.8542424242424242,0.17686868686868687,-6.254591183710488e-05,0.02153597917833461
4229,1.8542424242424242,0.1828282828282828,-7.198831213691563e-05,0.021939124989281814
4230,1.8542424242424242,0.18878787878787878,-0.00014828512661786605,0.022854760465958752
4231,1.8542424242424242,0.19474747474747472,7.389489745501506e-05,0.02324551651141251
4232,1.8542424242424242,0.2007070707070707,-0.0001568337806058026,0.024015300027991904
4233,1.8542424242424242,0.20666666666666667,0.00028018356898355047,0.024857455429842135
4234,1.8542424242424242,0.2126262626262626,-2.6734776454751863e-06,0.025796566645348858
4235,1.8542424242424242,0.21858585858585858,-0.00016576470785669922,0.026050825765161396
4236,1.8542424242424242,0.22454545454545452,0.0004424738088151462,0.027282471299656885
4237,1.8542424242424242,0.2305050505050505,-0.0007892765096865059,0.027463706254320756
4238,1.8542424242424242,0.23646464646464646,0.00021918095616331427,0.028559877812537306
4239,1.8542424242424242,0.2424242424242424,-0.00018518088465262292,0.02891573001030688
4240,1.8542424242424242,0.24838383838383837,0.0003274393635617894,0.02986935272036612
4241,1.8542424242424242,0.2543434343434343,-0.0003554910797989945,0.03058532088570785
4242,1.8542424242424242,0.26030303030303026,-0.00028949524888367524,0.031090012736858186
4243,1.8542424242424242,0.26626262626262626,-0.00032517632439006526,0.03216779563839443
4244,1.8542424242424242,0.2722222222222222,-0.0002712206167818836,0.03272518792140842
4245,1.8542424242424242,0.27818181818181814,-8.398018538613963e-05,0.033484488627065004
4246,1.8542424242424242,0.28414141414141414,0.0002492710201184461,0.03425525289983165
4247,1.8542424242424242,0.2901010101010101,-0.00020459880617685927,0.03507913926304398
4248,1.8542424242424242,0.296060606060606,4.267946386351247e-05,0.03568840174983225
4249,1.8542424242424242,0.302020202020202,0.0009127033400331857,0.03644399273577584
4250,1.8542424242424242,0.30797979797979796,0.00022113122738823293,0.037375504860257716
4251,1.8542424242424242,0.3139393939393939,0.00015480558164541222,0.037974873097184336
4252,1.8542424242424242,0.31989898989898985,-0.00010779228687593543,0.03796038033989711
4253,1.8542424242424242,0.32585858585858585,-1.2890498322337019e-06,0.03943721024780362
4254,1.8542424242424242,0.3318181818181818,-0.00010760308869740338,0.04031090248439876
4255,1.8542424242424242,0.33777777777777773,0.0003056752204956227,0.040866900253817194
4256,1.8542424242424242,0.34373737373737373,0.00032780035620449,0.04155702538778392
4257,1.8542424242424242,0.3496969696969697,-0.00020184263098437335,0.042483974632657996
4258,1.8542424242424242,0.3556565656565656,0.00019537317338223954,0.04344959701164879
4259,1.8542424242424242,0.3616161616161616,-8.135232033105835e-05,0.04395046289941199
4260,1.8542424242424242,0.36757575757575756,-0.00016726020359710204,0.04486408453666817
4261,1.8542424242424242,0.3735353535353535,-0.00010249446790557313,0.04481314985663875
4262,1.8542424242424242,0.37949494949494944,0.0011931511363071265,0.04584156625177481
4263,1.8542424242424242,0.38545454545454544,-3.614454599408357e-05,0.04595760395914558
4264,1.8542424242424242,0.3914141414141414,-0.0007217548543949512,0.04692012901493029
4265,1.8542424242424242,0.3973737373737373,-0.0001667033860960793,0.0478722716826909
4266,1.8542424242424242,0.4033333333333333,0.00014857835917048633,0.04924160631230228
4267,1.8542424242424242,0.40929292929292926,-0.000480874073449041,0.04910897732014341
4268,1.8542424242424242,0.4152525252525252,0.00018959909485602046,0.05064275815787953
4269,1.8542424242424242,0.42121212121212115,-0.00028296539417410946,0.05138794456596318
4270,1.8542424242424242,0.42717171717171715,-0.0007444449900359797,0.051345080816069665
4271,1.8542424242424242,0.4331313131313131,-0.0011309132777046478,0.052412359414882995
4272,1.8542424242424242,0.43909090909090903,0.001306343686986335,0.05353961558005586
4273,1.8542424242424242,0.44505050505050503,0.00035503813738606033,0.05433719016816203
4274,1.8542424242424242,0.45101010101010097,-0.00019142763791325047,0.05521479819291268
4275,1.8542424242424242,0.4569696969696969,-0.00045198164489030376,0.05486467455646603
4276,1.8542424242424242,0.4629292929292929,0.00023810160654797437,0.05607662265370157
4277,1.8542424242424242,0.46888888888888886,-0.001104124034695196,0.05608531296598831
4278,1.8542424242424242,0.4748484848484848,-0.0002608694477130742,0.05802259544487567
4279,1.8542424242424242,0.48080808080808074,-0.00043430954444988564,0.05828766830186215
4280,1.8542424242424242,0.48676767676767674,-0.0007518790654181194,0.05946577002625726
4281,1.8542424242424242,0.4927272727272727,-0.0010473885661282133,0.05918254755185609
4282,1.8542424242424242,0.4986868686868686,0.0008337616999588505,0.061089846841317075
4283,1.8542424242424242,0.5046464646464646,0.00020939653123451359,0.06116233394581712
4284,1.8542424242424242,0.5106060606060605,-0.000621066344302043,0.06118278039897665
4285,1.8542424242424242,0.5165656565656566,-0.00020780485488362075,0.06296320418498451
4286,1.8542424242424242,0.5225252525252525,0.0004948696140585275,0.06374745945157527
4287,1.8542424242424242,0.5284848484848484,-0.0008521676655535984,0.06361712862593175
4288,1.8542424242424242,0.5344444444444444,0.000423849055751198,0.06497792697989692
4289,1.8542424242424242,0.5404040404040403,-0.0006789335442693123,0.0662666776942496
4290,1.8542424242424242,0.5463636363636363,-0.0007840299913943532,0.06686653320810264
4291,1.8542424242424242,0.5523232323232323,0.000399076716022552,0.06644094785049223
4292,1.8542424242424242,0.5582828282828283,0.0001096674201574924,0.06675819816596486
4293,1.8542424242424242,0.5642424242424242,0.001013711479203786,0.06874794381188506
4294,1.8542424242424242,0.5702020202020202,-0.0009365697383277734,0.069101173440674
4295,1.8542424242424242,0.5761616161616161,-6.630244911886962e-05,0.06889290769702143
4296,1.8542424242424242,0.582121212121212,-0.0005496803171767738,0.0700239115502102
4297,1.8542424242424242,0.588080808080808,-0.00034829650940012473,0.0710446770675721
4298,1.8542424242424242,0.594040404040404,-0.0005295470523869635,0.07215807866849118
4299,1.8542424242424242,0.6,0.0002776187448376518,0.07287335757989413
4300,1.8743434343434344,0.01,-2.372931827031688e-06,0.0012177849686214855
4301,1.8743434343434344,0.01595959595959596,-8.819584625456368e-06,0.001981208344142297
4302,1.8743434343434344,0.021919191919191918,-2.7471633821469432e-05,0.0027173899349034157
4303,1.8743434343434344,0.027878787878787878,-1.1583705728560933e-05,0.0034720295992636493
4304,1.8743434343434344,0.033838383838383834,4.12178887711445e-05,0.004194723244663191
4305,1.8743434343434344,0.0397979797979798,3.980628134205453e-05,0.004890598599669693
4306,1.8743434343434344,0.045757575757575754,5.879007949834259e-06,0.005675185202488509
4307,1.8743434343434344,0.05171717171717172,-7.631725901055277e-05,0.00638870480989021
4308,1.8743434343434344,0.05767676767676767,1.5337107938182314e-05,0.007018675945104915
4309,1.8743434343434344,0.06363636363636363,-6.497503742452652e-05,0.007825342811485635
4310,1.8743434343434344,0.06959595959595959,7.077468826103415e-05,0.008515329650232531
4311,1.8743434343434344,0.07555555555555554,-0.0001624766834852437,0.00930499976707124
4312,1.8743434343434344,0.0815151515151515,0.00017001219867884292,0.010033767099544007
4313,1.8743434343434344,0.08747474747474746,-6.0303549361845574e-05,0.01079106547382303
4314,1.8743434343434344,0.09343434343434343,0.00013884838052080216,0.011586613467101341
4315,1.8743434343434344,0.09939393939393938,-0.0002423844075867273,0.012183778762679792
4316,1.8743434343434344,0.10535353535353534,-9.247181889318601e-05,0.012964811408923558
4317,1.8743434343434344,0.1113131313131313,-5.775667445484267e-05,0.013773211082108484
4318,1.8743434343434344,0.11727272727272725,0.0002261396876474132,0.014565237172901762
4319,1.8743434343434344,0.12323232323232322,0.0003248031317799586,0.015218737582308777
4320,1.8743434343434344,0.1291919191919192,-0.00018414211951337143,0.015955596424623644
4321,1.8743434343434344,0.13515151515151513,-7.887137710384892e-05,0.01666848072287216
4322,1.8743434343434344,0.1411111111111111,0.00019047165152708684,0.017521115853280804
4323,1.8743434343434344,0.14707070707070707,0.0002705071268985096,0.01818870255287027
4324,1.8743434343434344,0.15303030303030302,0.00015241485129490113,0.01872877855863862
4325,1.8743434343434344,0.158989898989899,0.00031910454312067974,0.019474666209776188
4326,1.8743434343434344,0.16494949494949493,6.608574279462389e-05,0.02036006200276752
4327,1.8743434343434344,0.1709090909090909,7.796161220132156e-05,0.02144752612072354
4328,1.8743434343434344,0.17686868686868687,8.909631323967567e-05,0.02183422912253573
4329,1.8743434343434344,0.1828282828282828,-0.00026986566287077806,0.022617746180372017
4330,1.8743434343434344,0.18878787878787878,-0.00025711191631526284,0.022976334852105516
4331,1.8743434343434344,0.19474747474747472,0.00012074256817803635,0.024216358751120336
4332,1.8743434343434344,0.2007070707070707,-0.0001619996694190853,0.024818422686721166
4333,1.8743434343434344,0.20666666666666667,-8.245791535376714e-05,0.025364546239127896
4334,1.8743434343434344,0.2126262626262626,-5.496216888260541e-05,0.026393591816831652
4335,1.8743434343434344,0.21858585858585858,-6.85715941888646e-05,0.026898870630345708
4336,1.8743434343434344,0.22454545454545452,-7.571738761389434e-05,0.02789258159566575
4337,1.8743434343434344,0.2305050505050505,-0.0002742133740632346,0.028283590206773894
4338,1.8743434343434344,0.23646464646464646,0.0005702887889096667,0.029038741968715844
4339,1.8743434343434344,0.2424242424242424,1.9606184431204143e-05,0.030279306482235455
4340,1.8743434343434344,0.24838383838383837,-0.0003269936530640328,0.030675955860732993
4341,1.8743434343434344,0.2543434343434343,0.0004951193877819811,0.03119102224241056
4342,1.8743434343434344,0.26030303030303026,-0.0004381437347697469,0.03259286890695328
4343,1.8743434343434344,0.26626262626262626,0.001018412212359945,0.03318181812293356
4344,1.8743434343434344,0.2722222222222222,-0.0001025116415670819,0.03401441375417014
4345,1.8743434343434344,0.27818181818181814,0.0007890274168381353,0.03421738732766189
4346,1.8743434343434344,0.28414141414141414,-0.00035860206457127185,0.03465233980985243
4347,1.8743434343434344,0.2901010101010101,7.405923807178823e-05,0.03623806142226584
4348,1.8743434343434344,0.296060606060606,-0.0003013718766254593,0.03665710741839163
4349,1.8743434343434344,0.302020202020202,0.0003497451126381379,0.03714189251734382
4350,1.8743434343434344,0.30797979797979796,-0.0001344975254267234,0.03841503648788192
4351,1.8743434343434344,0.3139393939393939,0.0005802253877226327,0.03908287427723097
4352,1.8743434343434344,0.31989898989898985,-6.920831208893804e-05,0.039464855231596305
4353,1.8743434343434344,0.32585858585858585,-6.375481187076594e-05,0.04037853928011824
4354,1.8743434343434344,0.3318181818181818,0.0006874911004523144,0.04119904589900827
4355,1.8743434343434344,0.33777777777777773,0.0002653679335130408,0.04174164571513467
4356,1.8743434343434344,0.34373737373737373,-0.00031936790959874857,0.042438768818375106
4357,1.8743434343434344,0.3496969696969697,-4.0760649874626683e-05,0.0430568568689847
4358,1.8743434343434344,0.3556565656565656,0.0003338948924269723,0.0439948574359426
4359,1.8743434343434344,0.3616161616161616,-0.0004287849327780461,0.044608542822247056
4360,1.8743434343434344,0.36757575757575756,-0.0004851886605918887,0.045089710973714316
4361,1.8743434343434344,0.3735353535353535,8.696671060290168e-05,0.04680483886856194
4362,1.8743434343434344,0.37949494949494944,-0.00038622326682997103,0.047196594425794366
4363,1.8743434343434344,0.38545454545454544,0.001017929744302094,0.047859819581461495
4364,1.8743434343434344,0.3914141414141414,0.00023423169728567977,0.04804806220613793
4365,1.8743434343434344,0.3973737373737373,-0.00023550660843365065,0.049511758355771006
4366,1.8743434343434344,0.4033333333333333,4.2141402350654864e-05,0.04985834288017612
4367,1.8743434343434344,0.40929292929292926,0.0006873454248818726,0.0508898176861462
4368,1.8743434343434344,0.4152525252525252,0.001043076038203892,0.05129879222119934
4369,1.8743434343434344,0.42121212121212115,0.0004301833866708044,0.05266474517132994
4370,1.8743434343434344,0.42717171717171715,0.00013964233660576343,0.05315228306222894
4371,1.8743434343434344,0.4331313131313131,0.0010534486082852026,0.05429333665557019
4372,1.8743434343434344,0.43909090909090903,0.0012286759010664504,0.054623657448169625
4373,1.8743434343434344,0.44505050505050503,-0.0007832121134622046,0.05540289534007823
4374,1.8743434343434344,0.45101010101010097,-0.00046468802321598083,0.05703189870022673
4375,1.8743434343434344,0.4569696969696969,-0.00012020885731589743,0.0566925915819226
4376,1.8743434343434344,0.4629292929292929,-0.00030868491893082893,0.056905566135134346
4377,1.8743434343434344,0.46888888888888886,-0.00016051429118811854,0.05847200002234411
4378,1.8743434343434344,0.4748484848484848,0.0007031466257648464,0.059232815479721444
4379,1.8743434343434344,0.48080808080808074,-0.0005648038085806686,0.05963649302919859
4380,1.8743434343434344,0.48676767676767674,0.0009119167726752003,0.060216502045509164
4381,1.8743434343434344,0.4927272727272727,-0.0009985707217244123,0.06154252663820921
4382,1.8743434343434344,0.4986868686868686,-0.0001697185007225279,0.06220637650566507
4383,1.8743434343434344,0.5046464646464646,0.00047770608890686716,0.06273889469663765
4384,1.8743434343434344,0.5106060606060605,0.000127270413980987,0.0643605469895915
4385,1.8743434343434344,0.5165656565656566,0.0007037256052675773,0.0647262849568441
4386,1.8743434343434344,0.5225252525252525,0.0005975641613055248,0.0647441317281586
4387,1.8743434343434344,0.5284848484848484,0.0006072695176773701,0.06582974523904842
4388,1.8743434343434344,0.5344444444444444,-0.0006921735352182789,0.06648224597433768
4389,1.8743434343434344,0.5404040404040403,-0.0005336737852766339,0.0670770426375799
4390,1.8743434343434344,0.5463636363636363,0.0002416872772518298,0.06866072083856684
4391,1.8743434343434344,0.5523232323232323,-0.0009995610201235963,0.06865648705720577
4392,1.8743434343434344,0.5582828282828283,0.00017672652220147546,0.06900807750088847
4393,1.8743434343434344,0.5642424242424242,3.654327161189501e-05,0.07011680295308946
4394,1.8743434343434344,0.5702020202020202,-0.0002113933682997844,0.07107169770620778
4395,1.8743434343434344,0.5761616161616161,0.0007202891190870089,0.0718991184036298
4396,1.8743434343434344,0.582121212121212,0.0006292001339207342,0.0725430513134298
4397,1.8743434343434344,0.588080808080808,0.0006925847993321744,0.07388990711593986
4398,1.8743434343434344,0.594040404040404,-0.0009787486899914064,0.0739141188257681
4399,1.8743434343434344,0.6,0.0005942145454020154,0.07559679186161174
4400,1.8944444444444444,0.01,1.2232076400890801e-05,0.0012694212727192857
4401,1.8944444444444444,0.01595959595959596,-3.086651778483568e-05,0.0019933914327662453
4402,1.8944444444444444,0.021919191919191918,9.102568526659194e-06,0.002795752359195459
4403,1.8944444444444444,0.027878787878787878,-4.32779350467617e-06,0.0034990345658895577
4404,1.8944444444444444,0.033838383838383834,1.6357362127112164e-05,0.0042740313495198004
4405,1.8944444444444444,0.0397979797979798,3.6804364280276446e-06,0.00500735315388394
4406,1.8944444444444444,0.045757575757575754,3.860091622831762e-05,0.0057775279899938865
4407,1.8944444444444444,0.05171717171717172,-0.00011311373401152669,0.006512218804493854
4408,1.8944444444444444,0.05767676767676767,-9.845956055990596e-05,0.007210581980227024
4409,1.8944444444444444,0.06363636363636363,6.8118588637809e-05,0.00791879736855084
4410,1.8944444444444444,0.06959595959595959,2.0560994511903242e-05,0.008714012621952972
4411,1.8944444444444444,0.07555555555555554,-9.406304514431051e-05,0.009505069426484025
4412,1.8944444444444444,0.0815151515151515,-3.54174915618177e-05,0.010293395454630224
4413,1.8944444444444444,0.08747474747474746,0.00010649592352625374,0.011110604060916978
4414,1.8944444444444444,0.09343434343434343,-5.453188514901075e-06,0.011798609860335351
4415,1.8944444444444444,0.09939393939393938,5.017889810671913e-05,0.012540929177683178
4416,1.8944444444444444,0.10535353535353534,7.46211486027289e-05,0.013106410955551387
4417,1.8944444444444444,0.1113131313131313,-0.00017350450572963986,0.014053787866790244
4418,1.8944444444444444,0.11727272727272725,0.00015243176891301086,0.014932081558631615
4419,1.8944444444444444,0.12323232323232322,-0.0001135521045443975,0.015595915724808139
4420,1.8944444444444444,0.1291919191919192,6.675507314143181e-06,0.016184889526313233
4421,1.8944444444444444,0.13515151515151513,-0.00011639724528857292,0.017102049346195046
4422,1.8944444444444444,0.1411111111111111,-9.951539428816646e-05,0.01773846720240094
4423,1.8944444444444444,0.14707070707070707,-0.00012191217487017492,0.01838633584794542
4424,1.8944444444444444,0.15303030303030302,-0.00011714347213917544,0.019363039071404395
4425,1.8944444444444444,0.158989898989899,2.5800000494216403e-05,0.02016524941248491
4426,1.8944444444444444,0.16494949494949493,4.043859690592254e-05,0.02055538208811812
4427,1.8944444444444444,0.1709090909090909,5.240753877705646e-05,0.02158167936750288
4428,1.8944444444444444,0.17686868686868687,0.00015986178293777193,0.022307189406617235
4429,1.8944444444444444,0.1828282828282828,-0.00032299940555100177,0.023156434164898414
4430,1.8944444444444444,0.18878787878787878,0.00010800275328149684,0.023803084586391618
4431,1.8944444444444444,0.19474747474747472,-0.00015034933601670074,0.024588904616953906
4432,1.8944444444444444,0.2007070707070707,0.00020945585491239768,0.025541985477923076
4433,1.8944444444444444,0.20666666666666667,-0.0005495272997687467,0.02566332103378177
4434,1.8944444444444444,0.2126262626262626,6.803160929699843e-05,0.02668556658952464
4435,1.8944444444444444,0.21858585858585858,0.00021182434580461825,0.027532298023412068
4436,1.8944444444444444,0.22454545454545452,-1.234922512338299e-05,0.02851679710409354
4437,1.8944444444444444,0.2305050505050505,-0.0001898054592657808,0.029031087527455
4438,1.8944444444444444,0.23646464646464646,-0.00011237291277099701,0.02995515327507832
4439,1.8944444444444444,0.2424242424242424,-0.0002715325259807787,0.030401283745088697
4440,1.8944444444444444,0.24838383838383837,0.0002085709539256416,0.031579877699743616
4441,1.8944444444444444,0.2543434343434343,0.0001705360812727318,0.03245503621873125
4442,1.8944444444444444,0.26030303030303026,0.000151525316814488,0.032826069440867245
4443,1.8944444444444444,0.26626262626262626,0.00020304001800742176,0.03369685837328068
4444,1.8944444444444444,0.2722222222222222,-0.0009988210769253016,0.03375584286967977
4445,1.8944444444444444,0.27818181818181814,-5.6828845121933134e-05,0.034700263133383834
4446,1.8944444444444444,0.28414141414141414,-0.00014770246758874094,0.03577131258970525
4447,1.8944444444444444,0.2901010101010101,0.00041010134605075664,0.03665302659395572
4448,1.8944444444444444,0.296060606060606,0.00029269183529554864,0.03745889446248292
4449,1.8944444444444444,0.302020202020202,0.0005376614922705181,0.03808455610739369
4450,1.8944444444444444,0.30797979797979796,0.00012226820923704382,0.0389159144777976
4451,1.8944444444444444,0.3139393939393939,0.0006882930993448445,0.04006630907436244
4452,1.8944444444444444,0.31989898989898985,0.00013045193665452056,0.04055125166068692
4453,1.8944444444444444,0.32585858585858585,-0.0007934518793245136,0.04158085820543702
4454,1.8944444444444444,0.3318181818181818,8.473951114259481e-06,0.041670393032388384
4455,1.8944444444444444,0.33777777777777773,-9.748778369876013e-05,0.04267696418020036
4456,1.8944444444444444,0.34373737373737373,5.212577479736057e-05,0.043829917624070035
4457,1.8944444444444444,0.3496969696969697,0.0005426982974629945,0.04397982117135923
4458,1.8944444444444444,0.3556565656565656,-0.0009828687889975624,0.04491542475351446
4459,1.8944444444444444,0.3616161616161616,0.000432624704829691,0.04602548595570601
4460,1.8944444444444444,0.36757575757575756,0.0008003624776313383,0.04607738713672932
4461,1.8944444444444444,0.3735353535353535,-0.00044132943674433787,0.04735327726435009
4462,1.8944444444444444,0.37949494949494944,0.00026137249419914613,0.04833693987122229
4463,1.8944444444444444,0.38545454545454544,-1.3469696799037312e-06,0.048622303492733436
4464,1.8944444444444444,0.3914141414141414,-0.00053427411343005,0.04970480979501703
4465,1.8944444444444444,0.3973737373737373,0.0007749422334148247,0.05044699295989629
4466,1.8944444444444444,0.4033333333333333,0.0008297186972931641,0.05184274462652668
4467,1.8944444444444444,0.40929292929292926,0.0002303335012178192,0.051619154039278206
4468,1.8944444444444444,0.4152525252525252,0.0007092902621506316,0.052581954710605734
4469,1.8944444444444444,0.42121212121212115,0.0010389671091174948,0.05353601347154058
4470,1.8944444444444444,0.42717171717171715,-0.00010377989211551892,0.05396221699337149
4471,1.8944444444444444,0.4331313131313131,5.93891255900898e-06,0.05530063439505431
4472,1.8944444444444444,0.43909090909090903,-0.0008446577060848961,0.055321048166162554
4473,1.8944444444444444,0.44505050505050503,-0.0008987357534123218,0.05653776626828644
4474,1.8944444444444444,0.45101010101010097,0.00033774983674783094,0.057121710909670644
4475,1.8944444444444444,0.4569696969696969,-4.890778925579555e-05,0.058198312881726756
4476,1.8944444444444444,0.4629292929292929,0.000700351626092589,0.05866267252719632
4477,1.8944444444444444,0.46888888888888886,-0.0004356393720902453,0.058597647939726466
4478,1.8944444444444444,0.4748484848484848,0.0011831369327971431,0.06143178440284436
4479,1.8944444444444444,0.48080808080808074,-8.658672488131791e-06,0.06170018333536615
4480,1.8944444444444444,0.48676767676767674,0.0007256513380787127,0.06197731579920108
4481,1.8944444444444444,0.4927272727272727,-0.0012954437997314073,0.061774366630734344
4482,1.8944444444444444,0.4986868686868686,7.278879868137198e-05,0.06285590058758404
4483,1.8944444444444444,0.5046464646464646,-1.9859277411713583e-05,0.06387289248723732
4484,1.8944444444444444,0.5106060606060605,0.0003753013923945119,0.06432621416740066
4485,1.8944444444444444,0.5165656565656566,-0.0010003008854410184,0.06422615647250249
4486,1.8944444444444444,0.5225252525252525,-0.00013108762012569174,0.0673890940657945
4487,1.8944444444444444,0.5284848484848484,-0.00045177025007238976,0.06795685426534959
4488,1.8944444444444444,0.5344444444444444,-0.0007014563598523336,0.06753831000045495
4489,1.8944444444444444,0.5404040404040403,0.00019636422636274485,0.06870925916895132
4490,1.8944444444444444,0.5463636363636363,0.0007241498837737886,0.07035668624378552
4491,1.8944444444444444,0.5523232323232323,8.77826478639254e-05,0.07001675773631981
4492,1.8944444444444444,0.5582828282828283,-8.045593044171193e-05,0.07142966637230128
4493,1.8944444444444444,0.5642424242424242,-0.0006811693923736749,0.0714310400484596
4494,1.8944444444444444,0.5702020202020202,0.0005655909184008873,0.07367181197619585
4495,1.8944444444444444,0.5761616161616161,0.00035493879243535443,0.07374139472008842
4496,1.8944444444444444,0.582121212121212,-0.0007182242729401011,0.0737625432055566
4497,1.8944444444444444,0.588080808080808,0.0008761632294850653,0.07478826115094413
4498,1.8944444444444444,0.594040404040404,0.0005250407475921464,0.07617893994490058
4499,1.8944444444444444,0.6,-0.000719896180536017,0.07553557425947974
4500,1.9145454545454546,0.01,-7.528803308297971e-06,0.0012852857397935794
4501,1.9145454545454546,0.01595959595959596,-9.198651506029764e-06,0.0020440406315777866
4502,1.9145454545454546,0.021919191919191918,-8.26913011209286e-06,0.002815887616796491
4503,1.9145454545454546,0.027878787878787878,7.188739625122728e-05,0.003590723798881891
4504,1.9145454545454546,0.033838383838383834,-3.698129340409442e-05,0.004378607452671147
4505,1.9145454545454546,0.0397979797979798,5.888487797991776e-05,0.005096062277549176
4506,1.9145454545454546,0.045757575757575754,8.105778268383325e-05,0.005936494453036854
4507,1.9145454545454546,0.05171717171717172,9.588535733126681e-05,0.0067016176436277145
4508,1.9145454545454546,0.05767676767676767,-4.738830699904012e-05,0.007351256978115528
4509,1.9145454545454546,0.06363636363636363,-0.00018660473671556094,0.008199562013772033
4510,1.9145454545454546,0.06959595959595959,5.320965551173191e-05,0.008928132257583116
4511,1.9145454545454546,0.07555555555555554,8.284556584918058e-05,0.009765751140550581
4512,1.9145454545454546,0.0815151515151515,-2.6818983711816435e-05,0.010643746037349015
4513,1.9145454545454546,0.08747474747474746,0.00012091669458272523,0.011345620604032856
4514,1.9145454545454546,0.09343434343434343,-0.00010023414978988758,0.012330669797808818
4515,1.9145454545454546,0.09939393939393938,-0.00013720539217671832,0.012925697417108408
4516,1.9145454545454546,0.10535353535353534,-7.5885914395661725e-06,0.013642747559704741
4517,1.9145454545454546,0.1113131313131313,7.476366231381489e-05,0.014237065073951373
4518,1.9145454545454546,0.11727272727272725,0.00015959875431068471,0.014947962528428829
4519,1.9145454545454546,0.12323232323232322,-0.0002251267903099241,0.015759418126254775
4520,1.9145454545454546,0.1291919191919192,8.932102439426475e-05,0.016612842393624476
4521,1.9145454545454546,0.13515151515151513,0.00018856655784913655,0.01735559213609892
4522,1.9145454545454546,0.1411111111111111,-0.00011695506939291818,0.018140767752449147
4523,1.9145454545454546,0.14707070707070707,7.914148788502632e-05,0.01876046213615787
4524,1.9145454545454546,0.15303030303030302,5.658414571795834e-07,0.019766916346013963
4525,1.9145454545454546,0.158989898989899,-0.00023038433870428192,0.020561478004593316
4526,1.9145454545454546,0.16494949494949493,-0.0001854978939100964,0.021250916091447265
4527,1.9145454545454546,0.1709090909090909,-0.00043472569900375804,0.02216489176794706
4528,1.9145454545454546,0.17686868686868687,0.0003469701634717115,0.02290352002405397
4529,1.9145454545454546,0.1828282828282828,0.0006946855110989421,0.023516087840791865
4530,1.9145454545454546,0.18878787878787878,-0.00029342019447134736,0.024131833575815963
4531,1.9145454545454546,0.19474747474747472,4.176937237493581e-05,0.025084866918451496
4532,1.9145454545454546,0.2007070707070707,0.00020214910353062444,0.02599918722271414
4533,1.9145454545454546,0.20666666666666667,6.0224707802139576e-05,0.02713508618367044
4534,1.9145454545454546,0.2126262626262626,0.00047555420064078415,0.027578551996542522
4535,1.9145454545454546,0.21858585858585858,-0.0002552313268490993,0.02873292358274273
4536,1.9145454545454546,0.22454545454545452,4.575326795813833e-05,0.02889141877515707
4537,1.9145454545454546,0.2305050505050505,-0.000254660522457207,0.02987803951186217
4538,1.9145454545454546,0.23646464646464646,-6.740019715370813e-05,0.030238617825097795
4539,1.9145454545454546,0.2424242424242424,-0.0004220734931288993,0.031321767107261214
4540,1.9145454545454546,0.24838383838383837,0.00017060052125149135,0.031949725524028014
4541,1.9145454545454546,0.2543434343434343,0.0003343021426162273,0.033195937094314835
4542,1.9145454545454546,0.26030303030303026,0.00011978344106695796,0.03374353390688285
4543,1.9145454545454546,0.26626262626262626,-2.4346325046709892e-05,0.03441115895189336
4544,1.9145454545454546,0.2722222222222222,-0.00037529079847353465,0.03485764572276583
4545,1.9145454545454546,0.27818181818181814,-0.0002618189899037425,0.03576909345433272
4546,1.9145454545454546,0.28414141414141414,-0.0004866059335398365,0.036960886572005185
4547,1.9145454545454546,0.2901010101010101,0.00016824325391435354,0.03705520794407729
4548,1.9145454545454546,0.296060606060606,0.00010018244925869815,0.03843681686969208
4549,1.9145454545454546,0.302020202020202,-0.0008594522480457314,0.038503049447375974
4550,1.9145454545454546,0.30797979797979796,0.0002444598920298979,0.03994857513907134
4551,1.9145454545454546,0.3139393939393939,-0.00021107175170383995,0.04036758280999369
4552,1.9145454545454546,0.31989898989898985,-5.308299506695264e-05,0.041922836202153396
4553,1.9145454545454546,0.32585858585858585,-0.0001968291351885742,0.04173209557319778
4554,1.9145454545454546,0.3318181818181818,-0.0003904076085977485,0.042200788933752245
4555,1.9145454545454546,0.33777777777777773,0.0005467950530848203,0.04346681610116097
4556,1.9145454545454546,0.34373737373737373,-0.00083587026177976,0.04396534592725239
4557,1.9145454545454546,0.3496969696969697,-0.0004747362601245106,0.04573870162474772
4558,1.9145454545454546,0.3556565656565656,-0.00014509534255612686,0.04628038669750158
4559,1.9145454545454546,0.3616161616161616,8.299056752102153e-05,0.04683730436209186
4560,1.9145454545454546,0.36757575757575756,-0.0001741538734454813,0.04785385154857395
4561,1.9145454545454546,0.3735353535353535,0.00019873719644223625,0.04839590113299974
4562,1.9145454545454546,0.37949494949494944,0.0005264424105077115,0.04917796174119593
4563,1.9145454545454546,0.38545454545454544,-0.00047810483568979533,0.04994417090480129
4564,1.9145454545454546,0.3914141414141414,-0.0002872264549377845,0.050308529446530546
4565,1.9145454545454546,0.3973737373737373,-0.0007098757006317543,0.051643838569827315
4566,1.9145454545454546,0.4033333333333333,8.963870579208782e-05,0.05248611136756581
4567,1.9145454545454546,0.40929292929292926,-0.00017412923034698183,0.053127518559536915
4568,1.9145454545454546,0.4152525252525252,-0.00032243234242822043,0.0543700806836865
4569,1.9145454545454546,0.42121212121212115,0.00023116324962880298,0.05509087824576599
4570,1.9145454545454546,0.42717171717171715,1.178224165668995e-05,0.05555411513764476
4571,1.9145454545454546,0.4331313131313131,0.0007305321371632063,0.056596013394234874
4572,1.9145454545454546,0.43909090909090903,0.0003876369201956092,0.057302256822331935
4573,1.9145454545454546,0.44505050505050503,0.000577424758828453,0.058424282247305545
4574,1.9145454545454546,0.45101010101010097,-0.00036284993893610513,0.05865840059695254
4575,1.9145454545454546,0.4569696969696969,-0.00012177857786306645,0.05925125189207455
4576,1.9145454545454546,0.4629292929292929,-0.00021742519039184138,0.059817517157187645
4577,1.9145454545454546,0.46888888888888886,-6.458087907709018e-05,0.060803640769278446
4578,1.9145454545454546,0.4748484848484848,0.0002854720543862017,0.06187591695514151
4579,1.9145454545454546,0.48080808080808074,9.112366841983566e-05,0.06340589411148533
4580,1.9145454545454546,0.48676767676767674,0.0003959222608542507,0.06270804954068297
4581,1.9145454545454546,0.4927272727272727,0.0005160886126611945,0.06455677487523864
4582,1.9145454545454546,0.4986868686868686,0.00042882800934822426,0.06413125888709911
4583,1.9145454545454546,0.5046464646464646,0.0006279397216856617,0.06559577209195369
4584,1.9145454545454546,0.5106060606060605,-0.0010556307494538374,0.0667760884107903
4585,1.9145454545454546,0.5165656565656566,-0.002262960222828048,0.06618159288468756
4586,1.9145454545454546,0.5225252525252525,0.0003246160087951282,0.06815970412361572
4587,1.9145454545454546,0.5284848484848484,0.0007825720896956238,0.06880850959804316
4588,1.9145454545454546,0.5344444444444444,-0.0006217941467517676,0.07007592604179814
4589,1.9145454545454546,0.5404040404040403,6.337886214458123e-05,0.06983780512313116
4590,1.9145454545454546,0.5463636363636363,0.0008322063241048392,0.07092742133229117
4591,1.9145454545454546,0.5523232323232323,-0.0009873031462509295,0.0710395765021932
4592,1.9145454545454546,0.5582828282828283,0.0013812673097403799,0.07311735168633655
4593,1.9145454545454546,0.5642424242424242,-0.00039348376829995895,0.0742849271949353
4594,1.9145454545454546,0.5702020202020202,0.0004393388390196629,0.07420266819287537
4595,1.9145454545454546,0.5761616161616161,0.001367049729840748,0.07568092172738129
4596,1.9145454545454546,0.582121212121212,7.413426648638444e-05,0.07574234309369944
4597,1.9145454545454546,0.588080808080808,-0.0005938214414580083,0.07745366956108107
4598,1.9145454545454546,0.594040404040404,-0.0012992313459458781,0.07781234060278307
4599,1.9145454545454546,0.6,0.0003839197509785764,0.07794826069246094
4600,1.9346464646464647,0.01,-6.678213919996922e-06,0.0013232889754312687
4601,1.9346464646464647,0.01595959595959596,1.0397411130256106e-05,0.0020687001095896196
4602,1.9346464646464647,0.021919191919191918,1.2115301965855996e-05,0.00288047392576661
4603,1.9346464646464647,0.027878787878787878,3.221703538733701e-05,0.0036675080322888325
4604,1.9346464646464647,0.033838383838383834,4.7065672086034216e-05,0.004450138410301209
4605,1.9346464646464647,0.0397979797979798,-3.787280150142838e-05,0.005196998146333641
4606,1.9346464646464647,0.045757575757575754,-7.50842386323568e-06,0.005967551351723106
4607,1.9346464646464647,0.05171717171717172,5.899907849993572e-05,0.006771068338273458
4608,1.9346464646464647,0.05767676767676767,3.349710194170061e-05,0.007617803003990651
4609,1.9346464646464647,0.06363636363636363,-0.0001328029263649447,0.008407894177468291
4610,1.9346464646464647,0.06959595959595959,-7.930129599193156e-05,0.00927519041291249
4611,1.9346464646464647,0.07555555555555554,0.0001274231168593497,0.009982139002769024
4612,1.9346464646464647,0.0815151515151515,0.00010064811369430892,0.010627940101174297
4613,1.9346464646464647,0.08747474747474746,0.00014317009352828576,0.011565460832848734
4614,1.9346464646464647,0.09343434343434343,0.00011252712745753666,0.012155674113737915
4615,1.9346464646464647,0.09939393939393938,-0.00019489394136346726,0.013077183561701778
4616,1.9346464646464647,0.10535353535353534,-3.6483897610218774e-05,0.013769541962153499
4617,1.9346464646464647,0.1113131313131313,-5.330606768204612e-05,0.014614719053919402
4618,1.9346464646464647,0.11727272727272725,0.0002958147110153768,0.015399537002217936
4619,1.9346464646464647,0.12323232323232322,-0.00021553009590195033,0.01627644443633591
4620,1.9346464646464647,0.1291919191919192,-0.0002489908606928618,0.01681516198502421
4621,1.9346464646464647,0.13515151515151513,8.289971020065812e-06,0.01771814693627425
4622,1.9346464646464647,0.1411111111111111,-4.020074746976086e-05,0.018601472096202706
4623,1.9346464646464647,0.14707070707070707,-9.273362905525257e-05,0.019243060645421098
4624,1.9346464646464647,0.15303030303030302,-9.519722230587942e-05,0.020110809840068224
4625,1.9346464646464647,0.158989898989899,5.4992391264963494e-05,0.020603296368597337
4626,1.9346464646464647,0.16494949494949493,0.00015430592500841492,0.021488671197686184
4627,1.9346464646464647,0.1709090909090909,4.4530148308108154e-05,0.022293008571770825
4628,1.9346464646464647,0.17686868686868687,-0.0001903971518178049,0.023127723933836563
4629,1.9346464646464647,0.1828282828282828,-0.0005058869390108822,0.024021882650817103
4630,1.9346464646464647,0.18878787878787878,0.0005684133751034414,0.02517705561048581
4631,1.9346464646464647,0.19474747474747472,7.922603855418326e-05,0.02579214130556563
4632,1.9346464646464647,0.2007070707070707,7.73381899403364e-05,0.026017222469741478
4633,1.9346464646464647,0.20666666666666667,0.0003242586662464333,0.027160981168229063
4634,1.9346464646464647,0.2126262626262626,-0.00010470459743218999,0.02786929087716262
4635,1.9346464646464647,0.21858585858585858,-0.0004924504355014891,0.02895385289097377
4636,1.9346464646464647,0.22454545454545452,-3.999588142765482e-05,0.03009898119077967
4637,1.9346464646464647,0.2305050505050505,-0.0003454291357616448,0.030409182606376376
4638,1.9346464646464647,0.23646464646464646,0.0002894786116477238,0.03130452854648179
4639,1.9346464646464647,0.2424242424242424,0.0006655015181441318,0.032114321451901476
4640,1.9346464646464647,0.24838383838383837,-0.0005649455250521768,0.0327275874123396
4641,1.9346464646464647,0.2543434343434343,-0.00043114208604858853,0.033469918870560375
4642,1.9346464646464647,0.26030303030303026,0.00016304093449745857,0.03436872631149185
4643,1.9346464646464647,0.26626262626262626,0.0008574940435124195,0.03511761499353215
4644,1.9346464646464647,0.2722222222222222,6.782692695069125e-05,0.03633109330797181
4645,1.9346464646464647,0.27818181818181814,-0.0005271511728934685,0.036530700444066595
4646,1.9346464646464647,0.28414141414141414,0.000198506108080536,0.037562957212823364
4647,1.9346464646464647,0.2901010101010101,2.0163772934969758e-05,0.038550682946705696
4648,1.9346464646464647,0.296060606060606,3.404680122292004e-05,0.03919798288709288
4649,1.9346464646464647,0.302020202020202,0.0006204272772045414,0.03979586404834977
4650,1.9346464646464647,0.30797979797979796,0.00022994032715585765,0.0410946943410041
4651,1.9346464646464647,0.3139393939393939,-0.00023272818374775074,0.04109140131585381
4652,1.9346464646464647,0.31989898989898985,-0.00053430400551616,0.042324955175759967
4653,1.9346464646464647,0.32585858585858585,-0.0006806042177902137,0.04313677772317274
4654,1.9346464646464647,0.3318181818181818,-0.0005517980246678115,0.044193854160454994
4655,1.9346464646464647,0.33777777777777773,0.00049322469232326,0.04438124012940566
4656,1.9346464646464647,0.34373737373737373,0.000706761577993383,0.04594928027020662
4657,1.9346464646464647,0.3496969696969697,0.00028126373528963893,0.0458640090256899
4658,1.9346464646464647,0.3556565656565656,0.00023385078594542375,0.04757159501532167
4659,1.9346464646464647,0.3616161616161616,-0.00020032170632054008,0.04806899240327343
4660,1.9346464646464647,0.36757575757575756,-0.00016013062122929335,0.04848575988736331
4661,1.9346464646464647,0.3735353535353535,0.0004295812592544447,0.04872017724256623
4662,1.9346464646464647,0.37949494949494944,0.00018343601290683533,0.05053700955146795
4663,1.9346464646464647,0.38545454545454544,-0.00011476643753210596,0.051388636021532104
4664,1.9346464646464647,0.3914141414141414,-5.669489368185827e-05,0.05208536583523598
4665,1.9346464646464647,0.3973737373737373,0.0007514550901027049,0.05274467169320644
4666,1.9346464646464647,0.4033333333333333,0.000618722480412503,0.053941657869749075
4667,1.9346464646464647,0.40929292929292926,-0.00031213530335492766,0.05426143864696659
4668,1.9346464646464647,0.4152525252525252,0.0002517118176456132,0.055241564115290624
4669,1.9346464646464647,0.42121212121212115,8.210026788256459e-05,0.055759381570974716
4670,1.9346464646464647,0.42717171717171715,-0.0008157472276504699,0.05679116998778134
4671,1.9346464646464647,0.4331313131313131,2.5132622606784683e-05,0.057572628935136955
4672,1.9346464646464647,0.43909090909090903,-0.0011161486642581853,0.05736991051197579
4673,1.9346464646464647,0.44505050505050503,-1.1771122841804027e-05,0.05864727680509472
4674,1.9346464646464647,0.45101010101010097,-0.0003378591259321054,0.059881434422899844
4675,1.9346464646464647,0.4569696969696969,-1.797299782338655e-05,0.060912574796096484
4676,1.9346464646464647,0.4629292929292929,-0.0004347956010979907,0.06115200534195023
4677,1.9346464646464647,0.46888888888888886,0.00040742121516563443,0.06204444266282217
4678,1.9346464646464647,0.4748484848484848,0.00011202004440061639,0.06283364720816358
4679,1.9346464646464647,0.48080808080808074,-7.52060843058282e-05,0.06424072127930461
4680,1.9346464646464647,0.48676767676767674,-0.00029792468177218816,0.06399046586936802
4681,1.9346464646464647,0.4927272727272727,0.00018149693682928522,0.06597549130208304
4682,1.9346464646464647,0.4986868686868686,0.0006066243427635647,0.06621816030164505
4683,1.9346464646464647,0.5046464646464646,0.0013635234493002515,0.06735725154571928
4684,1.9346464646464647,0.5106060606060605,0.0005939186301125656,0.06743092973523694
4685,1.9346464646464647,0.5165656565656566,0.0008593943854579451,0.06852292885704657
4686,1.9346464646464647,0.5225252525252525,-0.00036808208854442075,0.06952026740150155
4687,1.9346464646464647,0.5284848484848484,-0.00047929200722592513,0.07058204635736746
4688,1.9346464646464647,0.5344444444444444,-7.012887865587336e-05,0.07100093439184622
4689,1.9346464646464647,0.5404040404040403,-0.000868556862011958,0.0712613575505264
4690,1.9346464646464647,0.5463636363636363,-0.0008426757835400332,0.07240028549296361
4691,1.9346464646464647,0.5523232323232323,9.538098221451304e-05,0.07410008398523295
4692,1.9346464646464647,0.5582828282828283,3.358090465917808e-05,0.07546856498518943
4693,1.9346464646464647,0.5642424242424242,-0.0011375625843423212,0.07463189943832595
4694,1.9346464646464647,0.5702020202020202,-0.0006921942805817149,0.07580004911931353
4695,1.9346464646464647,0.5761616161616161,-0.000321143271086766,0.07662112892332892
4696,1.9346464646464647,0.582121212121212,0.00038970861557883064,0.07777130417295426
4697,1.9346464646464647,0.588080808080808,-0.0004962286368671482,0.0779241303324132
4698,1.9346464646464647,0.594040404040404,-0.0005860075110560349,0.07962500902872277
4699,1.9346464646464647,0.6,0.00045609655964182634,0.08016970156981001
4700,1.954747474747475,0.01,-3.237329285489724e-05,0.0013450095997308003
4701,1.954747474747475,0.01595959595959596,2.5292986391267746e-05,0.0021333103786772434
4702,1.954747474747475,0.021919191919191918,3.903385182512587e-06,0.002936972947442231
4703,1.954747474747475,0.027878787878787878,-1.4553348169716596e-05,0.0037927317277746332
4704,1.954747474747475,0.033838383838383834,6.818005388819493e-05,0.004546308657401361
4705,1.954747474747475,0.0397979797979798,-3.3942158946156154e-06,0.005284184716409413
4706,1.954747474747475,0.045757575757575754,-7.75965517687226e-06,0.006179024079973688
4707,1.954747474747475,0.05171717171717172,5.690617815986183e-05,0.006944412316245412
4708,1.954747474747475,0.05767676767676767,2.103076727225134e-05,0.007842520674856236
4709,1.954747474747475,0.06363636363636363,-8.943268686613e-05,0.008564121823070555
4710,1.954747474747475,0.06959595959595959,-0.00014599787222986703,0.009440941059460205
4711,1.954747474747475,0.07555555555555554,-0.00010195514932416638,0.01008802479079044
4712,1.954747474747475,0.0815151515151515,-5.328418909259166e-05,0.011047824144222982
4713,1.954747474747475,0.08747474747474746,0.0001630496810081898,0.01184951697730839
4714,1.954747474747475,0.09343434343434343,-4.711727030900653e-05,0.012473897998666616
4715,1.954747474747475,0.09939393939393938,-0.0001789275822241478,0.013213583295322616
4716,1.954747474747475,0.10535353535353534,-3.539988102511138e-06,0.014072437081892273
4717,1.954747474747475,0.1113131313131313,-8.301824298147786e-05,0.014890135443346959
4718,1.954747474747475,0.11727272727272725,-9.644433150790953e-05,0.015797106934872376
4719,1.954747474747475,0.12323232323232322,-0.0002347221654609681,0.016682338076907107
4720,1.954747474747475,0.1291919191919192,0.0001942098685536524,0.01732569870824016
4721,1.954747474747475,0.13515151515151513,0.0003609337422828749,0.018244208576297025
4722,1.954747474747475,0.1411111111111111,-6.600072491737335e-05,0.018978695472417546
4723,1.954747474747475,0.14707070707070707,-9.486578173909831e-05,0.019669488586126115
4724,1.954747474747475,0.15303030303030302,0.000220562525428615,0.020727919222671726
4725,1.954747474747475,0.158989898989899,-0.00038116542203124517,0.02144740471148367
4726,1.954747474747475,0.16494949494949493,-0.0002933273329592405,0.02211763780343666
4727,1.954747474747475,0.1709090909090909,-0.00013844490584547273,0.023098799431025847
4728,1.954747474747475,0.17686868686868687,9.942732461719133e-05,0.02357296258788009
4729,1.954747474747475,0.1828282828282828,-0.0002653561325174606,0.024940582994459264
4730,1.954747474747475,0.18878787878787878,-0.0008571027691695313,0.02550854706628036
4731,1.954747474747475,0.19474747474747472,0.00011655504486660038,0.026163277001854158
4732,1.954747474747475,0.2007070707070707,-8.016816356241942e-05,0.02720223689116099
4733,1.954747474747475,0.20666666666666667,0.0004568093279421525,0.028140442330564567
4734,1.954747474747475,0.2126262626262626,0.00023328949646420996,0.028925882624799698
4735,1.954747474747475,0.21858585858585858,-4.150086599969528e-05,0.029186536245442127
4736,1.954747474747475,0.22454545454545452,-0.0003732409853876926,0.029974934060584626
4737,1.954747474747475,0.2305050505050505,0.00010659657258385333,0.03132806922967343
4738,1.954747474747475,0.23646464646464646,-0.00014452167397092065,0.03191502841068516
4739,1.954747474747475,0.2424242424242424,-0.0004411981901196503,0.03279151395243633
4740,1.954747474747475,0.24838383838383837,0.00029047546925209416,0.033632949462663334
4741,1.954747474747475,0.2543434343434343,0.00029698237704062224,0.03424523823814535
4742,1.954747474747475,0.26030303030303026,0.00012601681960968872,0.035267009403642524
4743,1.954747474747475,0.26626262626262626,0.000631663197734632,0.0360578586447054
4744,1.954747474747475,0.2722222222222222,-0.0002573807444216422,0.03672054127955472
4745,1.954747474747475,0.27818181818181814,0.0003574146487542576,0.03761451105063846
4746,1.954747474747475,0.28414141414141414,0.0006323437474181428,0.037828656458569816
4747,1.954747474747475,0.2901010101010101,-0.00020242798001983536,0.03860081996166115
4748,1.954747474747475,0.296060606060606,-0.00019409282523050414,0.040049789461122455
4749,1.954747474747475,0.302020202020202,0.0005247538290380437,0.040948469804241196
4750,1.954747474747475,0.30797979797979796,0.00032883399823742604,0.041591226015351306
4751,1.954747474747475,0.3139393939393939,-0.00042420611379194895,0.04236973047374883
4752,1.954747474747475,0.31989898989898985,0.0007158420331170654,0.04328597684246425
4753,1.954747474747475,0.32585858585858585,-0.00025630018998728686,0.04392012302171395
4754,1.954747474747475,0.3318181818181818,-2.9389258355172033e-05,0.04463309397428045
4755,1.954747474747475,0.33777777777777773,-0.00022894284243892712,0.045534261822254736
4756,1.954747474747475,0.34373737373737373,-0.0006004943195609602,0.04607648531476985
4757,1.954747474747475,0.3496969696969697,0.0004540899636642594,0.0473145608797607
4758,1.954747474747475,0.3556565656565656,0.0002532626650655391,0.04779798314726532
4759,1.954747474747475,0.3616161616161616,0.0006710886223206807,0.04917700355245855
4760,1.954747474747475,0.36757575757575756,0.00019367533334908665,0.04920190341201296
4761,1.954747474747475,0.3735353535353535,-0.00015275798011475734,0.05017603267876215
4762,1.954747474747475,0.37949494949494944,0.00027709086616316335,0.05121063350281906
4763,1.954747474747475,0.38545454545454544,-0.0005174750023327431,0.05179994248857266
4764,1.954747474747475,0.3914141414141414,0.00033513875954758684,0.05284973382595913
4765,1.954747474747475,0.3973737373737373,-0.0007423038877377024,0.053753357344799184
4766,1.954747474747475,0.4033333333333333,0.0007415296082356687,0.05471062835706534
4767,1.954747474747475,0.40929292929292926,0.0008907774205537246,0.056047517321911426
4768,1.954747474747475,0.4152525252525252,0.00037797246866734595,0.0561227038451408
4769,1.954747474747475,0.42121212121212115,0.00022809646254939877,0.05754883980628978
4770,1.954747474747475,0.42717171717171715,-5.911861762284474e-05,0.05726308379278813
4771,1.954747474747475,0.4331313131313131,-0.0003655759418552186,0.0580799356646405
4772,1.954747474747475,0.43909090909090903,0.0002865087992787004,0.06042009013697321
4773,1.954747474747475,0.44505050505050503,1.2232699698222316e-05,0.059628573978029745
4774,1.954747474747475,0.45101010101010097,-5.9453902304635165e-05,0.06123520354296721
4775,1.954747474747475,0.4569696969696969,-0.00026952017569940563,0.06200765465777632
4776,1.954747474747475,0.4629292929292929,-0.00048179815744893374,0.06324531011400934
4777,1.954747474747475,0.46888888888888886,0.0006356440411410268,0.0647444957742099
4778,1.954747474747475,0.4748484848484848,0.0003850170140082151,0.06457273617480855
4779,1.954747474747475,0.48080808080808074,0.00028543313180959734,0.06500948281956573
4780,1.954747474747475,0.48676767676767674,-0.0005186994843605235,0.06652959434507279
4781,1.954747474747475,0.4927272727272727,0.0002863016804116312,0.06660084863520244
4782,1.954747474747475,0.4986868686868686,0.0011947620567278985,0.06817780357077576
4783,1.954747474747475,0.5046464646464646,0.00047977273156423817,0.069116848732741
4784,1.954747474747475,0.5106060606060605,-0.0005692582761906363,0.06991756254260831
4785,1.954747474747475,0.5165656565656566,-0.0004746210602675684,0.06940286398203269
4786,1.954747474747475,0.5225252525252525,-0.0005186136856133315,0.07078488448354997
4787,1.954747474747475,0.5284848484848484,6.538644840204083e-05,0.07180633476142087
4788,1.954747474747475,0.5344444444444444,0.000658456961389867,0.07190347341723685
4789,1.954747474747475,0.5404040404040403,-8.130241262418183e-05,0.07280293651649057
4790,1.954747474747475,0.5463636363636363,0.0009094241157672034,0.07431963035852807
4791,1.954747474747475,0.5523232323232323,4.706935438777489e-05,0.07480698040161943
4792,1.954747474747475,0.5582828282828283,0.0007748350292434427,0.0769176535337189
4793,1.954747474747475,0.5642424242424242,0.000356121225961296,0.07628973301309973
4794,1.954747474747475,0.5702020202020202,0.0008508072158935814,0.07807508611000524
4795,1.954747474747475,0.5761616161616161,-0.0015811582161869477,0.07829840500363228
4796,1.954747474747475,0.582121212121212,-0.000950527495978385,0.07886010825123901
4797,1.954747474747475,0.588080808080808,0.0008676925671679712,0.08060883526606358
4798,1.954747474747475,0.594040404040404,0.0011684570289059028,0.08107287139736574
4799,1.954747474747475,0.6,-6.690703285948313e-05,0.08068412669099106
4800,1.9748484848484849,0.01,-1.1320644911365208e-05,0.0013690212462800439
4801,1.9748484848484849,0.01595959595959596,2.597515716743627e-05,0.0022117028310238646
4802,1.9748484848484849,0.021919191919191918,-2.3514704569835165e-05,0.0030289196835641373
4803,1.9748484848484849,0.027878787878787878,-4.6948552626034775e-05,0.003817975602568701
4804,1.9748484848484849,0.033838383838383834,-3.633495487077546e-05,0.004628192599533857
4805,1.9748484848484849,0.0397979797979798,2.8531291528806946e-05,0.0055575373207719814
4806,1.9748484848484849,0.045757575757575754,5.854062877937136e-05,0.00630147812010946
4807,1.9748484848484849,0.05171717171717172,0.00020727537736707485,0.007128813320594397
4808,1.9748484848484849,0.05767676767676767,2.017107454442435e-05,0.007857012859071776
4809,1.9748484848484849,0.06363636363636363,2.162121167073916e-06,0.00880703428236114
4810,1.9748484848484849,0.06959595959595959,-5.445083016382564e-05,0.009451200515590792
4811,1.9748484848484849,0.07555555555555554,-1.0104944686111216e-05,0.010490133317106836
4812,1.9748484848484849,0.0815151515151515,-9.141417736681168e-06,0.011337776494911384
4813,1.9748484848484849,0.08747474747474746,9.099064086752578e-05,0.01205820882341041
4814,1.9748484848484849,0.09343434343434343,0.0001986108683319228,0.012889975442651396
4815,1.9748484848484849,0.09939393939393938,0.00010643806428217991,0.01350803526227534
4816,1.9748484848484849,0.10535353535353534,7.14784111667276e-05,0.014517979222283327
4817,1.9748484848484849,0.1113131313131313,0.00011273631998098682,0.015186811689129883
4818,1.9748484848484849,0.11727272727272725,-0.00014343768709648775,0.016336497023245012
4819,1.9748484848484849,0.12323232323232322,-0.00020075127677673298,0.01709298095674433
4820,1.9748484848484849,0.1291919191919192,-0.00013157622394291857,0.017660848266327755
4821,1.9748484848484849,0.13515151515151513,-0.00015602539484093456,0.01869503862380531
4822,1.9748484848484849,0.1411111111111111,0.00028745425746798755,0.01948935176117919
4823,1.9748484848484849,0.14707070707070707,0.00012742831087623948,0.020029316222821537
4824,1.9748484848484849,0.15303030303030302,5.4896746458945055e-05,0.020990766842038964
4825,1.9748484848484849,0.158989898989899,0.00013350915787532812,0.02192048242552656
4826,1.9748484848484849,0.16494949494949493,0.00010073446486618626,0.02274853929103818
4827,1.9748484848484849,0.1709090909090909,0.00017266153355681855,0.023645143443895653
4828,1.9748484848484849,0.17686868686868687,-8.635993649115394e-05,0.024510388504190295
4829,1.9748484848484849,0.1828282828282828,0.00023516993678046244,0.025242097652354616
4830,1.9748484848484849,0.18878787878787878,-0.00025115592810312704,0.025617021079224103
4831,1.9748484848484849,0.19474747474747472,-0.00015924669406055974,0.026890679486118084
4832,1.9748484848484849,0.2007070707070707,3.328276166902864e-05,0.027611462747924812
4833,1.9748484848484849,0.20666666666666667,0.0005550101231539531,0.028442565528152667
4834,1.9748484848484849,0.2126262626262626,0.0002466391118395372,0.02942541178047987
4835,1.9748484848484849,0.21858585858585858,0.0002765491699026008,0.030344387398791653
4836,1.9748484848484849,0.22454545454545452,-0.0006535741721798561,0.03130033635752202
4837,1.9748484848484849,0.2305050505050505,2.0011898911784342e-05,0.031723066077799754
4838,1.9748484848484849,0.23646464646464646,0.0005076740481853104,0.03214687422133457
4839,1.9748484848484849,0.2424242424242424,-0.00019646632254822976,0.033413612246142005
4840,1.9748484848484849,0.24838383838383837,0.0001977689640068891,0.034687850362128674
4841,1.9748484848484849,0.2543434343434343,-0.00023859367101750054,0.03504867702698487
4842,1.9748484848484849,0.26030303030303026,5.977128040566838e-05,0.03551740429679105
4843,1.9748484848484849,0.26626262626262626,0.0003281990005227082,0.03703291562977293
4844,1.9748484848484849,0.2722222222222222,-0.0004402333502769098,0.03714400331468999
4845,1.9748484848484849,0.27818181818181814,-0.0005177992709689168,0.03800402811434663
4846,1.9748484848484849,0.28414141414141414,0.00030476857610257186,0.03906871221355475
4847,1.9748484848484849,0.2901010101010101,0.0005621315794215126,0.039823560020499416
4848,1.9748484848484849,0.296060606060606,0.0004814525277990547,0.040878207657377444
4849,1.9748484848484849,0.302020202020202,0.0002829438951783611,0.041555415381229865
4850,1.9748484848484849,0.30797979797979796,0.000350740888637819,0.042841156351906294
4851,1.9748484848484849,0.3139393939393939,4.5760186751091414e-05,0.04321222266562956
4852,1.9748484848484849,0.31989898989898985,2.1699081908817463e-05,0.044072151057186065
4853,1.9748484848484849,0.32585858585858585,0.000632670421309379,0.04487115079287375
4854,1.9748484848484849,0.3318181818181818,0.00039240386121601174,0.04593948040431579
4855,1.9748484848484849,0.33777777777777773,0.00030885330585511326,0.046804879032747715
4856,1.9748484848484849,0.34373737373737373,0.0007371437603250419,0.04829497594284828
4857,1.9748484848484849,0.3496969696969697,0.00042143574161434617,0.04804099692270064
4858,1.9748484848484849,0.3556565656565656,-0.0006316462627502977,0.04888205445647477
4859,1.9748484848484849,0.3616161616161616,2.1770486807652034e-05,0.05000621431413066
4860,1.9748484848484849,0.36757575757575756,-0.0001336086993458866,0.050619212131549504
4861,1.9748484848484849,0.3735353535353535,0.0012210701738931359,0.05171880837288906
4862,1.9748484848484849,0.37949494949494944,-1.1596019388479295e-05,0.05149271478179685
4863,1.9748484848484849,0.38545454545454544,0.00020518679387452902,0.05323257226528409
4864,1.9748484848484849,0.3914141414141414,-0.0009762892256821688,0.05378940100509826
4865,1.9748484848484849,0.3973737373737373,0.00039966729572680186,0.054927485739460755
4866,1.9748484848484849,0.4033333333333333,0.00033839117883930275,0.05559796801836016
4867,1.9748484848484849,0.40929292929292926,0.001147195077642195,0.05608922587810082
4868,1.9748484848484849,0.4152525252525252,-0.00040180552567383517,0.05707309944709304
4869,1.9748484848484849,0.42121212121212115,0.00024382648577273898,0.057316383464765766
4870,1.9748484848484849,0.42717171717171715,0.0011581044338484364,0.05884117187082316
4871,1.9748484848484849,0.4331313131313131,-0.0016645142016182418,0.059352593620096754
4872,1.9748484848484849,0.43909090909090903,0.00031014970941635207,0.06163560330259571
4873,1.9748484848484849,0.44505050505050503,-0.0008404206857937072,0.06099971416345687
4874,1.9748484848484849,0.45101010101010097,-0.00015530089778251647,0.06210130322199687
4875,1.9748484848484849,0.4569696969696969,0.0001602862680842037,0.06348570533484131
4876,1.9748484848484849,0.4629292929292929,0.0018299172012284412,0.06479333235124975
4877,1.9748484848484849,0.46888888888888886,0.00016198303665372743,0.06518114968102273
4878,1.9748484848484849,0.4748484848484848,0.000512372983397006,0.0657688647713517
4879,1.9748484848484849,0.48080808080808074,-0.0007132865724728661,0.06651387451920487
4880,1.9748484848484849,0.48676767676767674,-0.0012136280796065035,0.06746302365203047
4881,1.9748484848484849,0.4927272727272727,1.3818192311878841e-05,0.06817321961232257
4882,1.9748484848484849,0.4986868686868686,0.000363706586450961,0.06851689139048844
4883,1.9748484848484849,0.5046464646464646,-0.00025763943116906496,0.06999146544008303
4884,1.9748484848484849,0.5106060606060605,-0.0007906023080994854,0.07114805082747949
4885,1.9748484848484849,0.5165656565656566,-0.00026267736627697436,0.07088007266401969
4886,1.9748484848484849,0.5225252525252525,0.0006202447592358183,0.07214095607705223
4887,1.9748484848484849,0.5284848484848484,0.0003360004089137815,0.07293764897094063
4888,1.9748484848484849,0.5344444444444444,-0.0002648756689193062,0.07479807871309335
4889,1.9748484848484849,0.5404040404040403,0.0004478419492742932,0.07567120401144879
4890,1.9748484848484849,0.5463636363636363,0.0008534262552924311,0.07618181328878437
4891,1.9748484848484849,0.5523232323232323,-0.000855072782109399,0.07649631387934314
4892,1.9748484848484849,0.5582828282828283,-0.0012810410660102822,0.0777694417397658
4893,1.9748484848484849,0.5642424242424242,-0.0009193895460514743,0.07832820371315419
4894,1.9748484848484849,0.5702020202020202,0.0012660480739969274,0.08016124103618424
4895,1.9748484848484849,0.5761616161616161,0.0002876095182694675,0.08135618837315052
4896,1.9748484848484849,0.582121212121212,0.0007973874413367254,0.08124960282332264
4897,1.9748484848484849,0.588080808080808,0.00010788119616690253,0.08224053071257052
4898,1.9748484848484849,0.594040404040404,0.0012362653827818584,0.08400128725738999
4899,1.9748484848484849,0.6,-0.0009935205095457618,0.08346948818684662
4900,1.994949494949495,0.01,-7.2212810085105605e-06,0.0014086844323891326
4901,1.994949494949495,0.01595959595959596,-2.622443219373205e-06,0.002247884277033976
4902,1.994949494949495,0.021919191919191918,-4.448275964665571e-06,0.003104768869250853
4903,1.994949494949495,0.027878787878787878,9.467962126961435e-05,0.0039194819227571604
4904,1.994949494949495,0.033838383838383834,-2.923146290587434e-05,0.004717424902448973
4905,1.994949494949495,0.0397979797979798,-2.1485396520075406e-05,0.005584071080049975
4906,1.994949494949495,0.045757575757575754,3.2041367045691726e-05,0.006520832245767521
4907,1.994949494949495,0.05171717171717172,8.455369872642117e-05,0.007195178749756839
4908,1.994949494949495,0.05767676767676767,4.1615950766593616e-05,0.008127378505827653
4909,1.994949494949495,0.06363636363636363,-0.00010748027139359357,0.008939010811237344
4910,1.994949494949495,0.06959595959595959,-2.2730814160893063e-06,0.009752494345752817
4911,1.994949494949495,0.07555555555555554,7.765497583748814e-05,0.010671683297159734
4912,1.994949494949495,0.0815151515151515,-9.701729688960788e-05,0.011461792138916993
4913,1.994949494949495,0.08747474747474746,8.909702747989425e-05,0.012208646725754694
4914,1.994949494949495,0.09343434343434343,1.346940012253427e-05,0.013126711882232085
4915,1.994949494949495,0.09939393939393938,-6.961574040262725e-05,0.013891924079958973
4916,1.994949494949495,0.10535353535353534,0.00019129867748018573,0.01477124954155146
4917,1.994949494949495,0.1113131313131313,-0.0001602256607048679,0.015527163238828266
4918,1.994949494949495,0.11727272727272725,0.000281469373181379,0.016319225926166307
4919,1.994949494949495,0.12323232323232322,-2.556752820681012e-05,0.017137778192052273
4920,1.994949494949495,0.1291919191919192,0.00040252858778372147,0.018019967334463236
4921,1.994949494949495,0.13515151515151513,-1.7219844548253694e-05,0.018806694901488175
4922,1.994949494949495,0.1411111111111111,5.8459528818266585e-05,0.019747019530189203
4923,1.994949494949495,0.14707070707070707,6.024019800423466e-05,0.02081740978894046
4924,1.994949494949495,0.15303030303030302,2.5848538844823853e-06,0.021305924966190142
4925,1.994949494949495,0.158989898989899,-0.0001565615348443098,0.02237956774152639
4926,1.994949494949495,0.16494949494949493,-8.215765905652735e-05,0.02300794255018056
4927,1.994949494949495,0.1709090909090909,-0.00010375918361032975,0.024050472287499965
4928,1.994949494949495,0.17686868686868687,-0.00019373938953393685,0.024730541984226632
4929,1.994949494949495,0.1828282828282828,0.00045588868534296944,0.02576570368956712
4930,1.994949494949495,0.18878787878787878,0.00016290099723191608,0.026495306289604833
4931,1.994949494949495,0.19474747474747472,-0.0001564017374623474,0.027167435395770097
4932,1.994949494949495,0.2007070707070707,-0.00010945249936468637,0.028231769338163765
4933,1.994949494949495,0.20666666666666667,-0.0005109012944717998,0.029023218877265545
4934,1.994949494949495,0.2126262626262626,-0.0002732368967681112,0.029701383906950398
4935,1.994949494949495,0.21858585858585858,-0.00032295279318136905,0.030427854826290592
4936,1.994949494949495,0.22454545454545452,-0.00017867839688696187,0.03173638049559414
4937,1.994949494949495,0.2305050505050505,5.211982369188229e-06,0.032044449067615166
4938,1.994949494949495,0.23646464646464646,0.00015022476950625653,0.03321410540167676
4939,1.994949494949495,0.2424242424242424,0.00038866613257632445,0.033708939427450554
4940,1.994949494949495,0.24838383838383837,-0.0006029080741394228,0.035266298492994834
4941,1.994949494949495,0.2543434343434343,0.0004297078615147395,0.035583480447210596
4942,1.994949494949495,0.26030303030303026,-0.00011921524429146308,0.03659748234942042
4943,1.994949494949495,0.26626262626262626,0.00038532249306311357,0.03761819107746828
4944,1.994949494949495,0.2722222222222222,0.000480092267611084,0.038590681876412944
4945,1.994949494949495,0.27818181818181814,0.00033424657301043935,0.03917407325764654
4946,1.994949494949495,0.28414141414141414,0.0005298908426605246,0.03993185231208334
4947,1.994949494949495,0.2901010101010101,-0.00014838413160900366,0.04087216241289334
4948,1.994949494949495,0.296060606060606,-0.00035132620389153186,0.04124523673486983
4949,1.994949494949495,0.302020202020202,0.0004126900260374657,0.04299690308579403
4950,1.994949494949495,0.30797979797979796,-0.0003629789328437041,0.04362846659546014
4951,1.994949494949495,0.3139393939393939,7.997043260512954e-05,0.044045650305281916
4952,1.994949494949495,0.31989898989898985,-0.0006008656002807114,0.044880359790986486
4953,1.994949494949495,0.32585858585858585,0.00013511673161290162,0.04529297004379196
4954,1.994949494949495,0.3318181818181818,-5.5174661875238296e-05,0.04686099736126486
4955,1.994949494949495,0.33777777777777773,-0.0005698746223569449,0.04781672435411607
4956,1.994949494949495,0.34373737373737373,-0.0009955658006966586,0.0487129542959236
4957,1.994949494949495,0.3496969696969697,0.0004283492371414717,0.049248304659006883
4958,1.994949494949495,0.3556565656565656,-0.000636248611101747,0.049823206041287295
4959,1.994949494949495,0.3616161616161616,-0.00021186871434624672,0.050598904063510884
4960,1.994949494949495,0.36757575757575756,-0.00029403134282733205,0.05133508239587887
4961,1.994949494949495,0.3735353535353535,-0.000585787307422555,0.05183831835214989
4962,1.994949494949495,0.37949494949494944,0.0005421385115994358,0.053564171265552775
4963,1.994949494949495,0.38545454545454544,0.00022705137084876875,0.054741427908069525
4964,1.994949494949495,0.3914141414141414,0.00042941032326790525,0.05510136421073828
4965,1.994949494949495,0.3973737373737373,-0.0003931578455416224,0.056643745690503934
4966,1.994949494949495,0.4033333333333333,0.0004379568056256518,0.05609324305911499
4967,1.994949494949495,0.40929292929292926,-0.00038667965966801245,0.05736077551244804
4968,1.994949494949495,0.4152525252525252,-0.0003398001587188967,0.05846548878499548
4969,1.994949494949495,0.42121212121212115,0.0005135001477935147,0.05955453184693318
4970,1.994949494949495,0.42717171717171715,-0.0008068225292674404,0.0608692382943884
4971,1.994949494949495,0.4331313131313131,-0.0009676341771004065,0.06116775003845516
4972,1.994949494949495,0.43909090909090903,0.0003428829387444569,0.062174082915422736
4973,1.994949494949495,0.44505050505050503,0.0002795515865831092,0.06333708809516904
4974,1.994949494949495,0.45101010101010097,0.0010533326509547041,0.06436278914390792
4975,1.994949494949495,0.4569696969696969,-0.00015681647579921076,0.0645864940744572
4976,1.994949494949495,0.4629292929292929,0.0007355805822228805,0.06572791627828121
4977,1.994949494949495,0.46888888888888886,-0.0007975128666217837,0.06623243219797692
4978,1.994949494949495,0.4748484848484848,1.6313067707854078e-05,0.06698563741906577
4979,1.994949494949495,0.48080808080808074,-0.0010792516681870528,0.06766884402924052
4980,1.994949494949495,0.48676767676767674,6.321953691671136e-05,0.06855778812907025
4981,1.994949494949495,0.4927272727272727,0.00018935886605546875,0.06894990805309922
4982,1.994949494949495,0.4986868686868686,-0.0007551617361800764,0.07025450024528544
4983,1.994949494949495,0.5046464646464646,7.780478175208593e-05,0.07122251286926547
4984,1.994949494949495,0.5106060606060605,-0.0002969199317172502,0.07312854045689232
4985,1.994949494949495,0.5165656565656566,-9.490317139458728e-05,0.0733906748628863
4986,1.994949494949495,0.5225252525252525,-0.0006824473339995418,0.07455104676955931
4987,1.994949494949495,0.5284848484848484,-0.0012702708962537862,0.07438665266416668
4988,1.994949494949495,0.5344444444444444,0.0004757547410617436,0.07588014652819135
4989,1.994949494949495,0.5404040404040403,0.00013142272039733864,0.07659135102648007
4990,1.994949494949495,0.5463636363636363,0.0001588443745141213,0.0772718249067853
4991,1.994949494949495,0.5523232323232323,-0.0005717744919036307,0.07906766629731261
4992,1.994949494949495,0.5582828282828283,5.347226084156693e-05,0.0782741413710056
4993,1.994949494949495,0.5642424242424242,-4.063434341031931e-05,0.07950051694380264
4994,1.994949494949495,0.5702020202020202,0.0007697031259054634,0.08038676865533964
4995,1.994949494949495,0.5761616161616161,0.00046714072016135384,0.08201773368923711
4996,1.994949494949495,0.582121212121212,0.0012775145333432491,0.08300842384831121
4997,1.994949494949495,0.588080808080808,0.00046203023625697204,0.08449603648904691
4998,1.994949494949495,0.594040404040404,0.0005724312590352401,0.08468463521631926
4999,1.994949494949495,0.6,-0.00034246999113991263,0.08448390271352696
5000,2.015050505050505,0.01,1.8828196461591417e-05,0.0014276776621173076
5001,2.015050505050505,0.01595959595959596,-1.3314666169984024e-05,0.0022937084271879155
5002,2.015050505050505,0.021919191919191918,-2.9478921946034264e-05,0.0031509970732425062
5003,2.015050505050505,0.027878787878787878,-3.6228599974376e-06,0.003981177372714205
5004,2.015050505050505,0.033838383838383834,-4.893036338376541e-05,0.004870595668931234
5005,2.015050505050505,0.0397979797979798,-6.409026084651361e-05,0.005720027591771024
5006,2.015050505050505,0.045757575757575754,1.1005282125651017e-05,0.00663215973848485
5007,2.015050505050505,0.05171717171717172,9.377668487308033e-06,0.007361594317895659
5008,2.015050505050505,0.05767676767676767,7.687056201341484e-05,0.008269931734993873
5009,2.015050505050505,0.06363636363636363,0.00024921260952561093,0.009016540437306058
5010,2.015050505050505,0.06959595959595959,-6.053221375950912e-06,0.009977202897641669
5011,2.015050505050505,0.07555555555555554,1.916576782985302e-05,0.010740112328841344
5012,2.015050505050505,0.0815151515151515,-0.00010771587098238116,0.011696124937904853
5013,2.015050505050505,0.08747474747474746,1.925443355390075e-05,0.01246865262105697
5014,2.015050505050505,0.09343434343434343,-3.4116256696480265e-05,0.01330974315103958
5015,2.015050505050505,0.09939393939393938,-0.00012348321677463277,0.01419832989605606
5016,2.015050505050505,0.10535353535353534,-1.921926460500708e-05,0.015080707343531967
5017,2.015050505050505,0.1113131313131313,-4.993568423175172e-05,0.015990960031490618
5018,2.015050505050505,0.11727272727272725,-1.781758893142138e-06,0.016691174465870484
5019,2.015050505050505,0.12323232323232322,0.00017661703365096426,0.017584137134313334
5020,2.015050505050505,0.1291919191919192,-0.00037321036640445833,0.01841766491222504
5021,2.015050505050505,0.13515151515151513,-9.766828415415116e-05,0.01927921789349087
5022,2.015050505050505,0.1411111111111111,4.306301245208899e-06,0.020150987863934478
5023,2.015050505050505,0.14707070707070707,-0.0001678528509714462,0.020870414447591273
5024,2.015050505050505,0.15303030303030302,0.000304860137418423,0.022034705336580626
5025,2.015050505050505,0.158989898989899,-0.00010621210415705618,0.02286170529264848
5026,2.015050505050505,0.16494949494949493,-8.08952100489209e-05,0.023717867819992824
5027,2.015050505050505,0.1709090909090909,0.0002860934184868125,0.02439789019274314
5028,2.015050505050505,0.17686868686868687,-0.00039771994713852835,0.025351034369483078
5029,2.015050505050505,0.1828282828282828,-6.730389550895254e-05,0.025890278221368454
5030,2.015050505050505,0.18878787878787878,-0.00015497328431660862,0.026942476112554462
5031,2.015050505050505,0.19474747474747472,-0.00014511412502032418,0.02752445957776447
5032,2.015050505050505,0.2007070707070707,-3.503553107398511e-05,0.028508996109003083
5033,2.015050505050505,0.20666666666666667,0.0003698416987821292,0.02942788070612941
5034,2.015050505050505,0.2126262626262626,0.0003042970982535681,0.030451261692490468
5035,2.015050505050505,0.21858585858585858,0.00021156147881281725,0.03142329522741704
5036,2.015050505050505,0.22454545454545452,-0.0005820296597489488,0.032236689383351586
5037,2.015050505050505,0.2305050505050505,0.0001500172035374007,0.03303148173088596
5038,2.015050505050505,0.23646464646464646,4.679988060445883e-05,0.03382363454240062
5039,2.015050505050505,0.2424242424242424,-0.00035083812076469926,0.034160858203053354
5040,2.015050505050505,0.24838383838383837,0.00016557596308346888,0.03534122794909443
5041,2.015050505050505,0.2543434343434343,-0.00034570662060702545,0.03652919154490156
5042,2.015050505050505,0.26030303030303026,-9.567194729816397e-05,0.037631952041475736
5043,2.015050505050505,0.26626262626262626,-8.985568792155108e-05,0.03818976266382205
5044,2.015050505050505,0.2722222222222222,-1.9723574601010684e-05,0.03875688697937774
5045,2.015050505050505,0.27818181818181814,0.0006413670409002658,0.03970419752221102
5046,2.015050505050505,0.28414141414141414,-7.14715021677677e-05,0.04129646956813752
5047,2.015050505050505,0.2901010101010101,-0.0004457637788300075,0.04230220098882952
5048,2.015050505050505,0.296060606060606,3.9700227430657975e-05,0.04201585536242884
5049,2.015050505050505,0.302020202020202,-0.00041909075305279905,0.043579733045970334
5050,2.015050505050505,0.30797979797979796,-0.00026522690844812795,0.044210218393337795
5051,2.015050505050505,0.3139393939393939,-0.0002448432893034087,0.04465764952310919
5052,2.015050505050505,0.31989898989898985,-0.0002775709079776942,0.04587937628783623
5053,2.015050505050505,0.32585858585858585,-0.0006412696750445324,0.04599140367823739
5054,2.015050505050505,0.3318181818181818,-0.0003706669341693552,0.04737360215428165
5055,2.015050505050505,0.33777777777777773,-0.0005165672385603065,0.04850319963829062
5056,2.015050505050505,0.34373737373737373,-0.001015652216168785,0.0488510337852926
5057,2.015050505050505,0.3496969696969697,9.799348134824162e-05,0.05000506637039618
5058,2.015050505050505,0.3556565656565656,0.0003233110012712393,0.050730116969831734
5059,2.015050505050505,0.3616161616161616,0.0005681031735620239,0.05279633197846185
5060,2.015050505050505,0.36757575757575756,-0.0005035783495707175,0.05307387534401581
5061,2.015050505050505,0.3735353535353535,0.000532409475895278,0.05371541507370714
5062,2.015050505050505,0.37949494949494944,-0.0009934588490734233,0.05486427824566559
5063,2.015050505050505,0.38545454545454544,3.114342296590627e-05,0.05533019305100931
5064,2.015050505050505,0.3914141414141414,0.0001638883726752019,0.05562232207365813
5065,2.015050505050505,0.3973737373737373,0.00043741699538060947,0.05756754023837648
5066,2.015050505050505,0.4033333333333333,0.0008659994766440895,0.058063113112760384
5067,2.015050505050505,0.40929292929292926,0.00047891205486064414,0.05870243296514581
5068,2.015050505050505,0.4152525252525252,-0.000322200333827816,0.060017743205349486
5069,2.015050505050505,0.42121212121212115,-0.0001282802105420151,0.0596965828231976
5070,2.015050505050505,0.42717171717171715,-0.0005914361943089712,0.06128320814643874
5071,2.015050505050505,0.4331313131313131,0.000980359578551391,0.06254069320745376
5072,2.015050505050505,0.43909090909090903,-0.0007349882717498696,0.06315671823428268
5073,2.015050505050505,0.44505050505050503,0.00027276577406580343,0.06461734809563954
5074,2.015050505050505,0.45101010101010097,-0.00014063262943040053,0.0647404684896529
5075,2.015050505050505,0.4569696969696969,0.0001546964805777229,0.06648027338357008
5076,2.015050505050505,0.4629292929292929,0.001196609616364842,0.06728300939601285
5077,2.015050505050505,0.46888888888888886,0.00033161230698844016,0.06723662314724477
5078,2.015050505050505,0.4748484848484848,0.0010478796777164518,0.06868289817225524
5079,2.015050505050505,0.48080808080808074,-7.749334603579196e-05,0.06867639138362916
5080,2.015050505050505,0.48676767676767674,-0.0008660999137584653,0.07016969675114473
5081,2.015050505050505,0.4927272727272727,-0.00035314063411537864,0.07089813134723019
5082,2.015050505050505,0.4986868686868686,-0.0009516668659614752,0.07196574236001108
5083,2.015050505050505,0.5046464646464646,-0.00010858656054633544,0.07236001795170788
5084,2.015050505050505,0.5106060606060605,-0.0005050543999796133,0.07329223600602876
5085,2.015050505050505,0.5165656565656566,2.2427834840321958e-05,0.07379728084938729
5086,2.015050505050505,0.5225252525252525,-0.0008023848173317972,0.07465053855878079
5087,2.015050505050505,0.5284848484848484,0.00017068391260757903,0.07666879033813673
5088,2.015050505050505,0.5344444444444444,-0.00015289326826554642,0.07699519479068721
5089,2.015050505050505,0.5404040404040403,-0.0016943835624427788,0.07843598967090183
5090,2.015050505050505,0.5463636363636363,-0.00020083996880888914,0.07898473755910962
5091,2.015050505050505,0.5523232323232323,-0.0011753130362995726,0.08003208794536464
5092,2.015050505050505,0.5582828282828283,0.00016158748913873633,0.0808703654336122
5093,2.015050505050505,0.5642424242424242,-0.00017748348294479167,0.08182781438568952
5094,2.015050505050505,0.5702020202020202,0.00022053744776570915,0.0826488221768272
5095,2.015050505050505,0.5761616161616161,0.0003156845861279236,0.08482335904101691
5096,2.015050505050505,0.582121212121212,0.0004938967344572985,0.08422932432374881
5097,2.015050505050505,0.588080808080808,2.5598379287432138e-05,0.08434293342292497
5098,2.015050505050505,0.594040404040404,0.0006550964623895494,0.08619151101461565
5099,2.015050505050505,0.6,-0.0006924604177119144,0.08723113485848176
5100,2.035151515151515,0.01,-2.467433440019762e-07,0.0014437865802880727
5101,2.035151515151515,0.01595959595959596,9.683026416557683e-06,0.0023450300730747495
5102,2.035151515151515,0.021919191919191918,-1.8916200186735454e-06,0.0031846174678831587
5103,2.035151515151515,0.027878787878787878,-5.3038236912555715e-06,0.004035569030106753
5104,2.035151515151515,0.033838383838383834,6.8418677143834985e-06,0.0049298339787288495
5105,2.035151515151515,0.0397979797979798,-9.131583445457358e-05,0.005863301615306852
5106,2.035151515151515,0.045757575757575754,-8.649264003617468e-05,0.006646548979114298
5107,2.035151515151515,0.05171717171717172,-7.636152991520783e-06,0.007512054792106662
5108,2.035151515151515,0.05767676767676767,-0.00013709261062436716,0.008408366271894183
5109,2.035151515151515,0.06363636363636363,-1.9507520416109093e-05,0.009316645561020973
5110,2.035151515151515,0.06959595959595959,0.00011659394918659945,0.010247527343609288
5111,2.035151515151515,0.07555555555555554,0.00011940420912527543,0.010991668576195239
5112,2.035151515151515,0.0815151515151515,-0.00010473646849281427,0.011909008190996636
5113,2.035151515151515,0.08747474747474746,4.725132903316399e-05,0.01271785182695295
5114,2.035151515151515,0.09343434343434343,0.00013678452706888765,0.013597448746657798
5115,2.035151515151515,0.09939393939393938,0.00015810108987577393,0.014473572327476885
5116,2.035151515151515,0.10535353535353534,1.2809014208261516e-05,0.015494971996543466
5117,2.035151515151515,0.1113131313131313,0.00011241415959054066,0.016357086012008134
5118,2.035151515151515,0.11727272727272725,1.523917815147584e-05,0.016996694039988738
5119,2.035151515151515,0.12323232323232322,8.439869958161496e-05,0.01812802886323736
5120,2.035151515151515,0.1291919191919192,-0.00024834786765230927,0.018799196621933464
5121,2.035151515151515,0.13515151515151513,9.25219697996944e-05,0.01965041054693866
5122,2.035151515151515,0.1411111111111111,5.814628957919312e-05,0.02077579621850298
5123,2.035151515151515,0.14707070707070707,-1.4341307359145738e-06,0.02124895363371592
5124,2.035151515151515,0.15303030303030302,-0.0003871172770275572,0.022170221197111588
5125,2.035151515151515,0.158989898989899,0.0002888023859447803,0.02297322951710282
5126,2.035151515151515,0.16494949494949493,-0.00019957424606502507,0.024350710170784124
5127,2.035151515151515,0.1709090909090909,0.0001765947545285136,0.024861702052528013
5128,2.035151515151515,0.17686868686868687,4.6813864639962953e-07,0.026117384993970354
5129,2.035151515151515,0.1828282828282828,-0.00018511708135870983,0.0265111908474945
5130,2.035151515151515,0.18878787878787878,0.00030424301771462636,0.027561007278966567
5131,2.035151515151515,0.19474747474747472,-0.00023352076872869466,0.028286112787313307
5132,2.035151515151515,0.2007070707070707,-1.2391477071213941e-05,0.029155972528699475
5133,2.035151515151515,0.20666666666666667,0.00019431682184574325,0.030190114707768015
5134,2.035151515151515,0.2126262626262626,-0.0005566829310186155,0.030883421521133488
5135,2.035151515151515,0.21858585858585858,-0.0004182165435082912,0.03199748937108303
5136,2.035151515151515,0.22454545454545452,-0.00015582072343530375,0.032604375465053737
5137,2.035151515151515,0.2305050505050505,0.00042381546966831625,0.03345634179890025
5138,2.035151515151515,0.23646464646464646,0.0005311091148045025,0.03509096637648569
5139,2.035151515151515,0.2424242424242424,-0.00020248436172821824,0.03520427684011844
5140,2.035151515151515,0.24838383838383837,-0.00015808357627698503,0.036315024553692135
5141,2.035151515151515,0.2543434343434343,0.0006694005500163965,0.03704541912717169
5142,2.035151515151515,0.26030303030303026,-5.5790947436774e-05,0.038741814258979004
5143,2.035151515151515,0.26626262626262626,6.656062674942964e-05,0.0386823743890836
5144,2.035151515151515,0.2722222222222222,-0.00010054488194497613,0.03969139525428489
5145,2.035151515151515,0.27818181818181814,-0.00016238933814298167,0.04090063334379215
5146,2.035151515151515,0.28414141414141414,-0.000630026257584019,0.041765899738973475
5147,2.035151515151515,0.2901010101010101,0.0001352860946647423,0.04260888941488689
5148,2.035151515151515,0.296060606060606,-0.0002505388078955208,0.04322503463729244
5149,2.035151515151515,0.302020202020202,-0.0009131377739854077,0.04394485606722851
5150,2.035151515151515,0.30797979797979796,-0.0002221351019188134,0.04500652008610222
5151,2.035151515151515,0.3139393939393939,0.0008082938098984713,0.0458119684423452
5152,2.035151515151515,0.31989898989898985,-0.0005756921975504593,0.04628370669353649
5153,2.035151515151515,0.32585858585858585,0.0007066001904938679,0.04760620733779296
5154,2.035151515151515,0.3318181818181818,-0.0003116008737744374,0.0493958238429039
5155,2.035151515151515,0.33777777777777773,-0.0005752068409507512,0.04871698951138693
5156,2.035151515151515,0.34373737373737373,0.00029190753282311093,0.050364026877302265
5157,2.035151515151515,0.3496969696969697,-0.0006489509985666002,0.05090560401004645
5158,2.035151515151515,0.3556565656565656,-0.000787698192266013,0.05198849858746791
5159,2.035151515151515,0.3616161616161616,0.0002656911306158971,0.053080848373949094
5160,2.035151515151515,0.36757575757575756,-0.0003170818776811727,0.05430333236036035
5161,2.035151515151515,0.3735353535353535,0.00029616472700680954,0.05484470855158151
5162,2.035151515151515,0.37949494949494944,-8.017543048819914e-05,0.05586701266309912
5163,2.035151515151515,0.38545454545454544,0.00017635918417788264,0.056738245733847704
5164,2.035151515151515,0.3914141414141414,0.001233121759188671,0.05743436870558939
5165,2.035151515151515,0.3973737373737373,0.000465442275499532,0.05833827731788136
5166,2.035151515151515,0.4033333333333333,0.0003635918074546942,0.05873310280044928
5167,2.035151515151515,0.40929292929292926,-0.0003006546340844769,0.05949603609641505
5168,2.035151515151515,0.4152525252525252,6.007650227742931e-05,0.06053585217931533
5169,2.035151515151515,0.42121212121212115,-0.00032922268053170526,0.06133500702850931
5170,2.035151515151515,0.42717171717171715,0.000208626519547184,0.06258542897122359
5171,2.035151515151515,0.4331313131313131,0.00010930709581102036,0.06362791173133002
5172,2.035151515151515,0.43909090909090903,-6.273804877470362e-05,0.06454086887521704
5173,2.035151515151515,0.44505050505050503,0.0004295007940883709,0.06497107716360029
5174,2.035151515151515,0.45101010101010097,0.0004408384397937634,0.06668317794463982
5175,2.035151515151515,0.4569696969696969,0.00048805941842449465,0.06704172976702173
5176,2.035151515151515,0.4629292929292929,0.00012367292115646053,0.067585172108798
5177,2.035151515151515,0.46888888888888886,-0.0001562861054743683,0.0692190617888769
5178,2.035151515151515,0.4748484848484848,-0.0008707690917739285,0.069222324663424
5179,2.035151515151515,0.48080808080808074,1.7325921814302392e-05,0.07108381433998454
5180,2.035151515151515,0.48676767676767674,-3.6557257617557504e-05,0.07237953585371015
5181,2.035151515151515,0.4927272727272727,-0.0008219641606669495,0.07232251059257035
5182,2.035151515151515,0.4986868686868686,-0.0005789259127224978,0.07250515296237083
5183,2.035151515151515,0.5046464646464646,0.0011412250329879518,0.07428789078851519
5184,2.035151515151515,0.5106060606060605,0.0001160492821102248,0.07495909275139771
5185,2.035151515151515,0.5165656565656566,-0.0011264657245354933,0.07537007707567042
5186,2.035151515151515,0.5225252525252525,-0.00023084010726344043,0.07699752151793514
5187,2.035151515151515,0.5284848484848484,0.001407051495866672,0.07831757689463309
5188,2.035151515151515,0.5344444444444444,-0.0004862908713454498,0.07775711825811808
5189,2.035151515151515,0.5404040404040403,-0.0011800880936933859,0.07780093211952599
5190,2.035151515151515,0.5463636363636363,-0.0007554909328092642,0.08024964263696995
5191,2.035151515151515,0.5523232323232323,-0.001355224754111494,0.08137501848950898
5192,2.035151515151515,0.5582828282828283,-0.0029255346623682558,0.08103241005878893
5193,2.035151515151515,0.5642424242424242,-0.0008043927750090223,0.08302037258342534
5194,2.035151515151515,0.5702020202020202,0.0005846331292440893,0.08497365459217207
5195,2.035151515151515,0.5761616161616161,-0.0009292422015143348,0.08471397635444795
5196,2.035151515151515,0.582121212121212,0.00022218732544963178,0.0865776752537748
5197,2.035151515151515,0.588080808080808,0.0010683675628613675,0.08681939915492362
5198,2.035151515151515,0.594040404040404,-0.001166144682546665,0.08708351130123862
5199,2.035151515151515,0.6,0.00010829611908385371,0.08806618310662892
5200,2.0552525252525253,0.01,-1.5733813306317445e-05,0.0014795562224370073
5201,2.0552525252525253,0.01595959595959596,1.4685266589640123e-05,0.0023594949785280405
5202,2.0552525252525253,0.021919191919191918,-3.905829558823186e-05,0.0032313713813191115
5203,2.0552525252525253,0.027878787878787878,3.2596265905444065e-06,0.004145955967776877
5204,2.0552525252525253,0.033838383838383834,-7.879298095884169e-07,0.0049940554396362
5205,2.0552525252525253,0.0397979797979798,4.672505167513547e-05,0.00585942795645833
5206,2.0552525252525253,0.045757575757575754,3.143044052958606e-05,0.006758012378906721
5207,2.0552525252525253,0.05171717171717172,-5.3178979492089316e-05,0.007745056895521269
5208,2.0552525252525253,0.05767676767676767,-0.00016144497685787552,0.008545790678934158
5209,2.0552525252525253,0.06363636363636363,-6.0995066257733974e-05,0.009453335941317219
5210,2.0552525252525253,0.06959595959595959,6.074770297326045e-05,0.010367765096136123
5211,2.0552525252525253,0.07555555555555554,4.023941887219041e-05,0.011269546109397824
5212,2.0552525252525253,0.0815151515151515,4.228259334618665e-05,0.012135956217538027
5213,2.0552525252525253,0.08747474747474746,-0.00010730469849371389,0.012960006195331787
5214,2.0552525252525253,0.09343434343434343,-7.689801643428984e-05,0.013811847254624502
5215,2.0552525252525253,0.09939393939393938,-5.762166118201829e-05,0.014869958822375922
5216,2.0552525252525253,0.10535353535353534,3.0209466258286586e-05,0.015586752613459194
5217,2.0552525252525253,0.1113131313131313,4.111345455094991e-05,0.016651076070728178
5218,2.0552525252525253,0.11727272727272725,-0.00018444312341513457,0.017205560590829876
5219,2.0552525252525253,0.12323232323232322,4.6733921234039656e-05,0.01832271561157156
5220,2.0552525252525253,0.1291919191919192,-0.00019763731986395227,0.019131505966356946
5221,2.0552525252525253,0.13515151515151513,0.00026021601173983606,0.020144214864751292
5222,2.0552525252525253,0.1411111111111111,0.00011580022504580938,0.021141422672274358
5223,2.0552525252525253,0.14707070707070707,-0.00018608623695438484,0.021691756726304873
5224,2.0552525252525253,0.15303030303030302,0.00038878304151232257,0.02279317884109186
5225,2.0552525252525253,0.158989898989899,1.0610083485066969e-05,0.023742246390834946
5226,2.0552525252525253,0.16494949494949493,0.00016787183215661764,0.024398570505446388
5227,2.0552525252525253,0.1709090909090909,4.569181173466973e-05,0.025399277797072618
5228,2.0552525252525253,0.17686868686868687,-9.487948613848553e-05,0.026254545921410116
5229,2.0552525252525253,0.1828282828282828,0.00013084391156074364,0.02744336977492931
5230,2.0552525252525253,0.18878787878787878,0.00024587387123554445,0.028134862611730316
5231,2.0552525252525253,0.19474747474747472,0.00012203582355868785,0.02852248401364227
5232,2.0552525252525253,0.2007070707070707,-7.971769191187871e-06,0.029673799375973555
5233,2.0552525252525253,0.20666666666666667,0.00023157341325716625,0.0306094947910131
5234,2.0552525252525253,0.2126262626262626,5.912013868782963e-05,0.031649105652440924
5235,2.0552525252525253,0.21858585858585858,-0.00021049475728763468,0.03244976171166959
5236,2.0552525252525253,0.22454545454545452,-0.0006513752953793658,0.03324281886336078
5237,2.0552525252525253,0.2305050505050505,0.00016878323307131758,0.03385628359709569
5238,2.0552525252525253,0.23646464646464646,-0.00013883528464821632,0.0354810970589801
5239,2.0552525252525253,0.2424242424242424,-0.00016155358743823108,0.03649095513930668
5240,2.0552525252525253,0.24838383838383837,0.0001076577399118269,0.03703865442558905
5241,2.0552525252525253,0.2543434343434343,0.0002110043480280768,0.03716969899204186
5242,2.0552525252525253,0.26030303030303026,0.00010766623342470235,0.039218363395884595
5243,2.0552525252525253,0.26626262626262626,0.0005608902845707565,0.03943432247666076
5244,2.0552525252525253,0.2722222222222222,-5.146549876112543e-05,0.04062420359131119
5245,2.0552525252525253,0.27818181818181814,0.00024831258065130107,0.04146623865832891
5246,2.0552525252525253,0.28414141414141414,-2.241390658961363e-05,0.04266615256511468
5247,2.0552525252525253,0.2901010101010101,0.000330132162739536,0.04374739898769394
5248,2.0552525252525253,0.296060606060606,-0.0003744026629693049,0.04408036790210545
5249,2.0552525252525253,0.302020202020202,0.00017373977757935096,0.04490800344208647
5250,2.0552525252525253,0.30797979797979796,-0.0006893528900633278,0.046706764632059576
5251,2.0552525252525253,0.3139393939393939,0.000546884022266821,0.04631890523003283
5252,2.0552525252525253,0.31989898989898985,-0.001179948666460424,0.04759275322024252
5253,2.0552525252525253,0.32585858585858585,0.0007085584294495808,0.04843523137706709
5254,2.0552525252525253,0.3318181818181818,0.00034166336158901353,0.0496606232845433
5255,2.0552525252525253,0.33777777777777773,-1.900321277886905e-05,0.05104726087478349
5256,2.0552525252525253,0.34373737373737373,-0.0008447626248998102,0.05148388680928784
5257,2.0552525252525253,0.3496969696969697,-2.7273303868417754e-05,0.0515531749628563
5258,2.0552525252525253,0.3556565656565656,-0.0006849371055278903,0.05189205249291139
5259,2.0552525252525253,0.3616161616161616,-3.395574540085582e-05,0.054275832287579436
5260,2.0552525252525253,0.36757575757575756,-0.0009990727453671013,0.05442534169152279
5261,2.0552525252525253,0.3735353535353535,0.0007106517344710061,0.05616332676070552
5262,2.0552525252525253,0.37949494949494944,0.0008254951353488558,0.056565450674889495
5263,2.0552525252525253,0.38545454545454544,1.3519647691305092e-05,0.05799080628783461
5264,2.0552525252525253,0.3914141414141414,0.00048071372840361863,0.05827099539933003
5265,2.0552525252525253,0.3973737373737373,-0.00027899455785472966,0.05873775039480681
5266,2.0552525252525253,0.4033333333333333,0.00031213880816633664,0.060156834789819244
5267,2.0552525252525253,0.40929292929292926,-0.00041328943220901717,0.060622131579225434
5268,2.0552525252525253,0.4152525252525252,0.0003630605379409811,0.06266561037071615
5269,2.0552525252525253,0.42121212121212115,0.0007758930154495303,0.06359572654642827
5270,2.0552525252525253,0.42717171717171715,0.00041796245027107603,0.06439356561678657
5271,2.0552525252525253,0.4331313131313131,-2.0396954934337418e-05,0.06429289661542371
5272,2.0552525252525253,0.43909090909090903,-0.0005519029015687971,0.0656993081332257
5273,2.0552525252525253,0.44505050505050503,0.00012055904037159078,0.06639348420888876
5274,2.0552525252525253,0.45101010101010097,0.0003135467658956028,0.06831727715749898
5275,2.0552525252525253,0.4569696969696969,0.0007267823989031316,0.06931194651950331
5276,2.0552525252525253,0.4629292929292929,-0.0003828343759851205,0.06890880977337954
5277,2.0552525252525253,0.46888888888888886,0.0008068682169806135,0.07072629378033066
5278,2.0552525252525253,0.4748484848484848,-4.8530347880138167e-05,0.07144470295487067
5279,2.0552525252525253,0.48080808080808074,-7.745372161721953e-06,0.07158405943018323
5280,2.0552525252525253,0.48676767676767674,0.00025955000261421407,0.07269276467672793
5281,2.0552525252525253,0.4927272727272727,-0.0006811793661983578,0.0722954253995925
5282,2.0552525252525253,0.4986868686868686,0.0003476595701967012,0.07389277971381192
5283,2.0552525252525253,0.5046464646464646,0.00010909874992334717,0.07524221667475044
5284,2.0552525252525253,0.5106060606060605,0.0003738826418702694,0.07737516682599797
5285,2.0552525252525253,0.5165656565656566,-0.0002622665928147504,0.07725365580794494
5286,2.0552525252525253,0.5225252525252525,0.001396927533421248,0.07798003255105312
5287,2.0552525252525253,0.5284848484848484,-0.0011520170180504773,0.0795824275999067
5288,2.0552525252525253,0.5344444444444444,-0.00041845608483831437,0.08119545117223169
5289,2.0552525252525253,0.5404040404040403,0.0004990443143106192,0.08085451489236
5290,2.0552525252525253,0.5463636363636363,0.0011828856643503148,0.0832688097136818
5291,2.0552525252525253,0.5523232323232323,0.0012766808116718774,0.08336300389992114
5292,2.0552525252525253,0.5582828282828283,-0.0013236419029705583,0.08358120459637071
5293,2.0552525252525253,0.5642424242424242,-0.0009575870645085498,0.08433160974128408
5294,2.0552525252525253,0.5702020202020202,-8.538201049477304e-05,0.08512392639164272
5295,2.0552525252525253,0.5761616161616161,-0.0006939330083791659,0.08692816699292313
5296,2.0552525252525253,0.582121212121212,0.0014116098807538066,0.08892243207562323
5297,2.0552525252525253,0.588080808080808,-0.0005320090365341155,0.08766595139380742
5298,2.0552525252525253,0.594040404040404,0.0008565202744332943,0.08911038071522209
5299,2.0552525252525253,0.6,0.0001323043507478081,0.0911916561352856
5300,2.0753535353535355,0.01,-9.425380349175616e-06,0.0015141385707713555
5301,2.0753535353535355,0.01595959595959596,-1.7539990235657666e-07,0.002436496425499842
5302,2.0753535353535355,0.021919191919191918,-1.0235161454485287e-05,0.0033101195990124176
5303,2.0753535353535355,0.027878787878787878,1.5587011760136625e-05,0.004252855683280016
5304,2.0753535353535355,0.033838383838383834,3.006525595210452e-06,0.005105142055051983
5305,2.0753535353535355,0.0397979797979798,-0.00010348496806538052,0.006060681560424976
5306,2.0753535353535355,0.045757575757575754,-4.640188786153103e-05,0.006884865788015282
5307,2.0753535353535355,0.05171717171717172,1.1494290926023398e-05,0.007885387928824438
5308,2.0753535353535355,0.05767676767676767,-5.1771244518530514e-05,0.008748172571659706
5309,2.0753535353535355,0.06363636363636363,4.540464963973897e-05,0.009620868811660107
5310,2.0753535353535355,0.06959595959595959,7.254571651963566e-05,0.010593446894392212
5311,2.0753535353535355,0.07555555555555554,5.125600351181686e-05,0.01139662865539067
5312,2.0753535353535355,0.0815151515151515,-3.940558681735795e-06,0.01247515080002395
5313,2.0753535353535355,0.08747474747474746,1.7701442226017217e-06,0.013351809812978094
5314,2.0753535353535355,0.09343434343434343,0.00023692114173315195,0.014068004232855221
5315,2.0753535353535355,0.09939393939393938,3.180716473689286e-05,0.0149858614583421
5316,2.0753535353535355,0.10535353535353534,6.284369787873441e-05,0.01588293309709156
5317,2.0753535353535355,0.1113131313131313,2.9414735997307838e-05,0.016635151629847533
5318,2.0753535353535355,0.11727272727272725,-0.0003404557868297001,0.017722620411914098
5319,2.0753535353535355,0.12323232323232322,-0.00019205489740324082,0.018655131823130923
5320,2.0753535353535355,0.1291919191919192,0.000431170771207407,0.019648567229783802
5321,2.0753535353535355,0.13515151515151513,-8.067876679456697e-05,0.02050558741923988
5322,2.0753535353535355,0.1411111111111111,8.826959768700399e-05,0.02177026720110233
5323,2.0753535353535355,0.14707070707070707,-0.0002524354673455036,0.02239037235800272
5324,2.0753535353535355,0.15303030303030302,-5.213958168333792e-05,0.023333317466587688
5325,2.0753535353535355,0.158989898989899,-9.652780388390518e-05,0.023861574547724564
5326,2.0753535353535355,0.16494949494949493,-3.2028659320689854e-05,0.025158910625597865
5327,2.0753535353535355,0.1709090909090909,0.00012890420295516556,0.025962219717733413
5328,2.0753535353535355,0.17686868686868687,1.4827437926492948e-05,0.027212317836734067
5329,2.0753535353535355,0.1828282828282828,2.601377727482146e-06,0.027922329373366445
5330,2.0753535353535355,0.18878787878787878,0.0001498727639031403,0.028793021382197068
5331,2.0753535353535355,0.19474747474747472,0.00012364229123755627,0.02950495344977168
5332,2.0753535353535355,0.2007070707070707,9.016018711335356e-05,0.030650375089109606
5333,2.0753535353535355,0.20666666666666667,-4.830950757262724e-05,0.03114207356592572
5334,2.0753535353535355,0.2126262626262626,-0.0006468888867509376,0.03220012534486857
5335,2.0753535353535355,0.21858585858585858,-0.00028502129591325033,0.0333792724872319
5336,2.0753535353535355,0.22454545454545452,-0.00012773380777346568,0.033982003184516094
5337,2.0753535353535355,0.2305050505050505,0.00023731445238305514,0.034523361453094446
5338,2.0753535353535355,0.23646464646464646,0.00021800829091368396,0.03569200062284062
5339,2.0753535353535355,0.2424242424242424,-0.00045375399021992926,0.0363942454861978
5340,2.0753535353535355,0.24838383838383837,0.00014568326190658647,0.03751468097886199
5341,2.0753535353535355,0.2543434343434343,-9.134822396332561e-05,0.03824529502027764
5342,2.0753535353535355,0.26030303030303026,0.0006788353272654575,0.039370860856888026
5343,2.0753535353535355,0.26626262626262626,-0.00032738641582522016,0.04019104132862693
5344,2.0753535353535355,0.2722222222222222,6.013454018524471e-05,0.041180629541171306
5345,2.0753535353535355,0.27818181818181814,3.762321050554469e-05,0.042574388303154256
5346,2.0753535353535355,0.28414141414141414,-0.0007758476403330212,0.043082863004170004
5347,2.0753535353535355,0.2901010101010101,0.0005827430248547884,0.04423911830463792
5348,2.0753535353535355,0.296060606060606,9.017032257028186e-05,0.044957918876921125
5349,2.0753535353535355,0.302020202020202,0.0004906966877294484,0.04664723099938646
5350,2.0753535353535355,0.30797979797979796,0.00021961592668298468,0.047132573862484727
5351,2.0753535353535355,0.3139393939393939,-6.757017491184713e-06,0.04813494391976279
5352,2.0753535353535355,0.31989898989898985,-0.00015898367608466912,0.048543287908693146
5353,2.0753535353535355,0.32585858585858585,0.00022467593602169104,0.049665981622612265
5354,2.0753535353535355,0.3318181818181818,0.0005653487061432532,0.05025532558281478
5355,2.0753535353535355,0.33777777777777773,-0.00038105287384513064,0.05139217786387005
5356,2.0753535353535355,0.34373737373737373,-0.00040378308386310467,0.052525844431804615
5357,2.0753535353535355,0.3496969696969697,8.270500657858795e-05,0.05312944352081073
5358,2.0753535353535355,0.3556565656565656,-0.0005168065310428193,0.05402805865771447
5359,2.0753535353535355,0.3616161616161616,-0.0005957994049839163,0.05445491421925925
5360,2.0753535353535355,0.36757575757575756,-0.000612441752962571,0.05541818753738695
5361,2.0753535353535355,0.3735353535353535,-0.0002297835748963264,0.05702826522274723
5362,2.0753535353535355,0.37949494949494944,-0.0005151471216288312,0.05746110403703117
5363,2.0753535353535355,0.38545454545454544,5.5426675240316814e-05,0.05839009538974809
5364,2.0753535353535355,0.3914141414141414,-0.0007838439653451159,0.059486362827891354
5365,2.0753535353535355,0.3973737373737373,-0.00019253261608384334,0.06026401019855494
5366,2.0753535353535355,0.4033333333333333,-0.00012448080819359725,0.0615209373720657
5367,2.0753535353535355,0.40929292929292926,-0.0009420799641013925,0.06241823173403416
5368,2.0753535353535355,0.4152525252525252,0.00015432021184392435,0.06300279100088518
5369,2.0753535353535355,0.42121212121212115,0.001233233204705717,0.06368303557772083
5370,2.0753535353535355,0.42717171717171715,0.0002877901038176589,0.06581976793944638
5371,2.0753535353535355,0.4331313131313131,0.0005351529770205252,0.06668233371493944
5372,2.0753535353535355,0.43909090909090903,0.0005318092541906369,0.06693969899084713
5373,2.0753535353535355,0.44505050505050503,-0.0010643490498122327,0.06804188466281427
5374,2.0753535353535355,0.45101010101010097,5.936436154104265e-05,0.06876448859691124
5375,2.0753535353535355,0.4569696969696969,-0.001346684955635523,0.06966290695142324
5376,2.0753535353535355,0.4629292929292929,0.0001470973821180601,0.07030263067759644
5377,2.0753535353535355,0.46888888888888886,-0.00015450330506441728,0.07156384091290535
5378,2.0753535353535355,0.4748484848484848,-0.0006753080654080704,0.07255995115785502
5379,2.0753535353535355,0.48080808080808074,-0.0006750457872680089,0.07312497452337471
5380,2.0753535353535355,0.48676767676767674,-0.000581045718605679,0.07334050190603217
5381,2.0753535353535355,0.4927272727272727,0.0008126663876799011,0.07557508243761367
5382,2.0753535353535355,0.4986868686868686,-0.00014849053565094955,0.07597727285057854
5383,2.0753535353535355,0.5046464646464646,3.2353363827247072e-06,0.07730612350395963
5384,2.0753535353535355,0.5106060606060605,-0.0002427071202522744,0.07807435711434844
5385,2.0753535353535355,0.5165656565656566,-0.0006782825986243941,0.07936436538451767
5386,2.0753535353535355,0.5225252525252525,-0.0007260242151260173,0.08000577559480417
5387,2.0753535353535355,0.5284848484848484,0.0008788527043273882,0.0818055260560541
5388,2.0753535353535355,0.5344444444444444,-0.0008782919507246625,0.08206753568236723
5389,2.0753535353535355,0.5404040404040403,-0.001559507174869364,0.08218290220501356
5390,2.0753535353535355,0.5463636363636363,0.0016855025961296348,0.08429761980487806
5391,2.0753535353535355,0.5523232323232323,7.09960968433236e-05,0.08441216952884457
5392,2.0753535353535355,0.5582828282828283,0.00011743502829759249,0.08642193707668316
5393,2.0753535353535355,0.5642424242424242,-0.0006767972684165452,0.08637336891559598
5394,2.0753535353535355,0.5702020202020202,-0.0017888052680592268,0.08773200501687982
5395,2.0753535353535355,0.5761616161616161,0.00017406278003322074,0.08840730131259888
5396,2.0753535353535355,0.582121212121212,-0.0006561429983906475,0.08935343538333176
5397,2.0753535353535355,0.588080808080808,0.00039895391269317864,0.09009504590253951
5398,2.0753535353535355,0.594040404040404,-0.0003211300613122999,0.08983699162706468
5399,2.0753535353535355,0.6,6.938235964244566e-06,0.09161732535559758
5400,2.0954545454545457,0.01,-8.390767500595153e-06,0.0015514322953482853
5401,2.0954545454545457,0.01595959595959596,2.3396492539182956e-05,0.0024415100437611237
5402,2.0954545454545457,0.021919191919191918,-5.0966827763067766e-05,0.0033761763631187857
5403,2.0954545454545457,0.027878787878787878,-2.2685950553661073e-05,0.004264192440672577
5404,2.0954545454545457,0.033838383838383834,-8.87389270914526e-06,0.005233608148378499
5405,2.0954545454545457,0.0397979797979798,-2.178863680788443e-05,0.006085912029906966
5406,2.0954545454545457,0.045757575757575754,-8.306647767957165e-06,0.00710040974691552
5407,2.0954545454545457,0.05171717171717172,4.826322161357627e-05,0.007953249047695524
5408,2.0954545454545457,0.05767676767676767,-0.00021113688274521168,0.008810697845045859
5409,2.0954545454545457,0.06363636363636363,0.0001545837131493769,0.00979507796098517
5410,2.0954545454545457,0.06959595959595959,-1.1599491126109952e-05,0.01087750574700267
5411,2.0954545454545457,0.07555555555555554,-5.409908506440122e-05,0.011819170623230008
5412,2.0954545454545457,0.0815151515151515,0.00016563475163980677,0.01258399230548633
5413,2.0954545454545457,0.08747474747474746,-4.941864240520686e-05,0.013398062255507607
5414,2.0954545454545457,0.09343434343434343,5.550486465818083e-05,0.014292278296791732
5415,2.0954545454545457,0.09939393939393938,-0.0001089803777798537,0.015169027104210007
5416,2.0954545454545457,0.10535353535353534,-2.8274299304014472e-05,0.016275244619607852
5417,2.0954545454545457,0.1113131313131313,-0.000111408037769414,0.017240003952661162
5418,2.0954545454545457,0.11727272727272725,0.00010684183941982316,0.017920355329455805
5419,2.0954545454545457,0.12323232323232322,0.00032152564278080094,0.01897023592697429
5420,2.0954545454545457,0.1291919191919192,-0.00019676683014361424,0.019850588988447677
5421,2.0954545454545457,0.13515151515151513,-4.729056980482094e-05,0.020791873027836683
5422,2.0954545454545457,0.1411111111111111,-2.4022848749886926e-05,0.02182757105313032
5423,2.0954545454545457,0.14707070707070707,0.000367099228939844,0.02271293861501404
5424,2.0954545454545457,0.15303030303030302,0.00015091251632623368,0.023510642460388042
5425,2.0954545454545457,0.158989898989899,-0.0005586476362557378,0.024124581594155207
5426,2.0954545454545457,0.16494949494949493,0.0005979987606549359,0.025490121505197125
5427,2.0954545454545457,0.1709090909090909,-0.0004833562779614942,0.026454090731558494
5428,2.0954545454545457,0.17686868686868687,2.5437322170011477e-05,0.027615938208175865
5429,2.0954545454545457,0.1828282828282828,0.0005789635502409208,0.02855724743546932
5430,2.0954545454545457,0.18878787878787878,-4.072748102814594e-06,0.02953517047409292
5431,2.0954545454545457,0.19474747474747472,7.050441094777882e-05,0.030093311667335185
5432,2.0954545454545457,0.2007070707070707,-0.00019062758034952117,0.031129924727340497
5433,2.0954545454545457,0.20666666666666667,0.0006249515212056231,0.03205498960216386
5434,2.0954545454545457,0.2126262626262626,-4.528101149551936e-05,0.03300321592702259
5435,2.0954545454545457,0.21858585858585858,-8.50135716063409e-05,0.03381018205003416
5436,2.0954545454545457,0.22454545454545452,-0.0002589573657688535,0.03438655034011881
5437,2.0954545454545457,0.2305050505050505,0.0006626568245068484,0.03539136829841672
5438,2.0954545454545457,0.23646464646464646,-0.00028182186122289944,0.0367389218487922
5439,2.0954545454545457,0.2424242424242424,0.00029662727901022263,0.03767919932910727
5440,2.0954545454545457,0.24838383838383837,0.0005842279041878044,0.03860429335873229
5441,2.0954545454545457,0.2543434343434343,-0.00026679977139832067,0.03921567734364894
5442,2.0954545454545457,0.26030303030303026,-0.00011752578713363672,0.03970899476571637
5443,2.0954545454545457,0.26626262626262626,-0.0008729065008928835,0.040652955242219735
5444,2.0954545454545457,0.2722222222222222,-0.00046471999726879185,0.041513817320937105
5445,2.0954545454545457,0.27818181818181814,0.001040987295859923,0.04313467867580266
5446,2.0954545454545457,0.28414141414141414,0.0003830965113923444,0.043753928398905156
5447,2.0954545454545457,0.2901010101010101,0.00028640351188653426,0.044578054368438466
5448,2.0954545454545457,0.296060606060606,-0.0005166682816403,0.04609508589664995
5449,2.0954545454545457,0.302020202020202,-0.0003296148177314789,0.046836871408699715
5450,2.0954545454545457,0.30797979797979796,-0.0006097368220715549,0.047359175808034296
5451,2.0954545454545457,0.3139393939393939,0.00030677574997133424,0.049320228742043073
5452,2.0954545454545457,0.31989898989898985,-0.00033687030878607334,0.048874699429784396
5453,2.0954545454545457,0.32585858585858585,1.0174462162429875e-05,0.05004038551313756
5454,2.0954545454545457,0.3318181818181818,-0.0001330076643723698,0.05118340699881821
5455,2.0954545454545457,0.33777777777777773,-0.0013298298546861446,0.05203312780685045
5456,2.0954545454545457,0.34373737373737373,0.0002548482774175006,0.05377863868836236
5457,2.0954545454545457,0.3496969696969697,-0.0004957592113288623,0.053867148784233064
5458,2.0954545454545457,0.3556565656565656,-3.25228724075606e-05,0.05400012808988215
5459,2.0954545454545457,0.3616161616161616,0.00022008464658338774,0.055787866374308465
5460,2.0954545454545457,0.36757575757575756,0.0007248485195327751,0.05668551024343816
5461,2.0954545454545457,0.3735353535353535,-0.0004052576418182577,0.05785839251189353
5462,2.0954545454545457,0.37949494949494944,-0.0005988983429597408,0.05905669498009819
5463,2.0954545454545457,0.38545454545454544,0.0007636534277218578,0.05943162890283243
5464,2.0954545454545457,0.3914141414141414,4.445798159636545e-05,0.06065620559104267
5465,2.0954545454545457,0.3973737373737373,0.0006205424055053996,0.062245263266654284
5466,2.0954545454545457,0.4033333333333333,0.0003030529422823844,0.06260345954552651
5467,2.0954545454545457,0.40929292929292926,0.0005114674458684879,0.0634017994100335
5468,2.0954545454545457,0.4152525252525252,0.0002422608767100186,0.06406322372745321
5469,2.0954545454545457,0.42121212121212115,-0.00019696000577649534,0.06539341602399212
5470,2.0954545454545457,0.42717171717171715,-0.00032976372859290406,0.06589677354894126
5471,2.0954545454545457,0.4331313131313131,-0.00046995550443479914,0.06690613670144246
5472,2.0954545454545457,0.43909090909090903,-0.0008600699218072254,0.06741807148545359
5473,2.0954545454545457,0.44505050505050503,0.0005604699394493411,0.06992820769064009
5474,2.0954545454545457,0.45101010101010097,-0.0014365071020191824,0.07017888206667074
5475,2.0954545454545457,0.4569696969696969,-0.0005622565892655167,0.07192284905159205
5476,2.0954545454545457,0.4629292929292929,0.0005880248403651633,0.07240839488835923
5477,2.0954545454545457,0.46888888888888886,0.00024774101087838597,0.0727138710124614
5478,2.0954545454545457,0.4748484848484848,-0.00023647808503739415,0.07414002788675697
5479,2.0954545454545457,0.48080808080808074,-0.0006478784154681378,0.07528702210251989
5480,2.0954545454545457,0.48676767676767674,0.0007329299377211095,0.07656258081058874
5481,2.0954545454545457,0.4927272727272727,0.00041663505895821624,0.07674713187996743
5482,2.0954545454545457,0.4986868686868686,-0.0008350709763769041,0.07681283061248338
5483,2.0954545454545457,0.5046464646464646,0.0002890729888023234,0.07922311519263893
5484,2.0954545454545457,0.5106060606060605,0.0008464359717408296,0.07933581102395712
5485,2.0954545454545457,0.5165656565656566,0.0012139742527404796,0.08173592600081628
5486,2.0954545454545457,0.5225252525252525,0.0006306595051067684,0.08045457463629199
5487,2.0954545454545457,0.5284848484848484,0.0019290364710995449,0.08244907769487372
5488,2.0954545454545457,0.5344444444444444,-3.476703826743659e-05,0.08418978276962266
5489,2.0954545454545457,0.5404040404040403,-0.0012852642860643687,0.08284499029090936
5490,2.0954545454545457,0.5463636363636363,-0.000316422905199437,0.08579753997868968
5491,2.0954545454545457,0.5523232323232323,0.002590984301960674,0.08780642245774542
5492,2.0954545454545457,0.5582828282828283,-0.0013012164465004386,0.08783010236808968
5493,2.0954545454545457,0.5642424242424242,-0.001002129763091668,0.0883683250714724
5494,2.0954545454545457,0.5702020202020202,-0.0004870321531645535,0.08769155541192493
5495,2.0954545454545457,0.5761616161616161,-0.001024883142330807,0.08963425840400198
5496,2.0954545454545457,0.582121212121212,0.0008314474862982223,0.0902777079040083
5497,2.0954545454545457,0.588080808080808,-0.0009781808882766518,0.0911914182427863
5498,2.0954545454545457,0.594040404040404,-0.0022894620546648316,0.09266371031551401
5499,2.0954545454545457,0.6,0.0002750369768847353,0.09376869030862536
5500,2.115555555555556,0.01,2.129981631358443e-05,0.0015827006926933172
5501,2.115555555555556,0.01595959595959596,7.777325892348164e-06,0.002488942812284089
5502,2.115555555555556,0.021919191919191918,-1.964795605000813e-05,0.0034909756205103773
5503,2.115555555555556,0.027878787878787878,2.2827197548152323e-05,0.004327347263131164
5504,2.115555555555556,0.033838383838383834,4.8340811067833326e-05,0.005331324807502791
5505,2.115555555555556,0.0397979797979798,-7.777460287865709e-05,0.006167910003264673
5506,2.115555555555556,0.045757575757575754,3.6212901986935085e-05,0.007222539191914289
5507,2.115555555555556,0.05171717171717172,-3.820788018498744e-06,0.008114184086513461
5508,2.115555555555556,0.05767676767676767,1.8351119196560494e-05,0.00906114590470334
5509,2.115555555555556,0.06363636363636363,7.508787199257061e-06,0.009929913566154807
5510,2.115555555555556,0.06959595959595959,-3.2558776238449626e-05,0.010957664024720962
5511,2.115555555555556,0.07555555555555554,0.00015803657992587223,0.011801149791145119
5512,2.115555555555556,0.0815151515151515,0.00010165674793659646,0.012950047357385966
5513,2.115555555555556,0.08747474747474746,8.00785481265703e-05,0.01391047089652849
5514,2.115555555555556,0.09343434343434343,0.00014263372790467726,0.014561684193464392
5515,2.115555555555556,0.09939393939393938,5.9395664545025016e-05,0.015371206814372481
5516,2.115555555555556,0.10535353535353534,0.00023700202710842308,0.016786906388983957
5517,2.115555555555556,0.1113131313131313,0.00022461585144992898,0.017519469030186977
5518,2.115555555555556,0.11727272727272725,-4.659782206673273e-05,0.018574561205181948
5519,2.115555555555556,0.12323232323232322,-0.00015527032628335789,0.019161282280031642
5520,2.115555555555556,0.1291919191919192,-4.919134767452887e-05,0.02039324154200919
5521,2.115555555555556,0.13515151515151513,-0.0001871705538770554,0.021309376949807068
5522,2.115555555555556,0.1411111111111111,-0.00033506747220022416,0.02179357497458041
5523,2.115555555555556,0.14707070707070707,8.704858883277893e-05,0.0230861021326072
5524,2.115555555555556,0.15303030303030302,-4.77715671950985e-05,0.02405227001318495
5525,2.115555555555556,0.158989898989899,0.00014664941070530088,0.025070755771597134
5526,2.115555555555556,0.16494949494949493,0.00045338312683621505,0.02637549084524133
5527,2.115555555555556,0.1709090909090909,0.00043010358614790196,0.026550343653110306
5528,2.115555555555556,0.17686868686868687,0.00037941431497174406,0.028017790917260997
5529,2.115555555555556,0.1828282828282828,-0.00038001854416958676,0.028825982827947683
5530,2.115555555555556,0.18878787878787878,0.0002434401169043583,0.029973743550696548
5531,2.115555555555556,0.19474747474747472,-0.0003242748276707047,0.030616030748192462
5532,2.115555555555556,0.2007070707070707,0.0002551309313415103,0.03153275661073442
5533,2.115555555555556,0.20666666666666667,0.00024446551807828126,0.0324019174429042
5534,2.115555555555556,0.2126262626262626,0.000295076964924954,0.03330272664565712
5535,2.115555555555556,0.21858585858585858,-4.99961826179633e-05,0.03408132353835982
5536,2.115555555555556,0.22454545454545452,0.00029902031167868676,0.035567052551765475
5537,2.115555555555556,0.2305050505050505,0.0002533901838398604,0.036168287939908304
5538,2.115555555555556,0.23646464646464646,4.3335898759224004e-05,0.037068501207750626
5539,2.115555555555556,0.2424242424242424,0.0004443022107717157,0.03800400403965451
5540,2.115555555555556,0.24838383838383837,-0.0010433336670453393,0.03915875576739189
5541,2.115555555555556,0.2543434343434343,0.00027665428578949915,0.040120885386976536
5542,2.115555555555556,0.26030303030303026,-0.0004497113511900931,0.041003939125443443
5543,2.115555555555556,0.26626262626262626,-0.0005098385910975762,0.041693109146301185
5544,2.115555555555556,0.2722222222222222,0.0008188630131532737,0.04244634664992801
5545,2.115555555555556,0.27818181818181814,-0.0012643442188050463,0.0430502955879976
5546,2.115555555555556,0.28414141414141414,-0.00020040870535247444,0.044668328392143186
5547,2.115555555555556,0.2901010101010101,-0.00010851434184401403,0.04581607134186557
5548,2.115555555555556,0.296060606060606,-0.00013106221831256297,0.046762587438202774
5549,2.115555555555556,0.302020202020202,0.0010448500701551466,0.04730693663880265
5550,2.115555555555556,0.30797979797979796,0.0001198912093247237,0.04805439788189383
5551,2.115555555555556,0.3139393939393939,0.0007520838384419805,0.049933610484183745
5552,2.115555555555556,0.31989898989898985,0.0004821795077831105,0.050470734992234506
5553,2.115555555555556,0.32585858585858585,-0.00032149459646212857,0.051189189764938636
5554,2.115555555555556,0.3318181818181818,0.00013594180704319908,0.05273727961965756
5555,2.115555555555556,0.33777777777777773,0.00023068792756082398,0.053639783355767884
5556,2.115555555555556,0.34373737373737373,-0.0007677535058008947,0.05424186701256357
5557,2.115555555555556,0.3496969696969697,-0.00015430738029253418,0.05476176822448532
5558,2.115555555555556,0.3556565656565656,-0.00019333316693136143,0.056266726064973044
5559,2.115555555555556,0.3616161616161616,-0.00039317328802587515,0.05695805233618543
5560,2.115555555555556,0.36757575757575756,-0.0005474877686883604,0.05753241592914699
5561,2.115555555555556,0.3735353535353535,-9.614042324002123e-05,0.058533682126677804
5562,2.115555555555556,0.37949494949494944,-0.000608870517684287,0.06031803203323451
5563,2.115555555555556,0.38545454545454544,-0.000540326063723071,0.06154100205801316
5564,2.115555555555556,0.3914141414141414,-0.0007416008122737908,0.06190903276264733
5565,2.115555555555556,0.3973737373737373,-0.0005379301521920995,0.06243731669771167
5566,2.115555555555556,0.4033333333333333,0.0002518994146760555,0.06363908112229047
5567,2.115555555555556,0.40929292929292926,0.0009899731966920107,0.06561258813920393
5568,2.115555555555556,0.4152525252525252,0.00024529094819297423,0.0662057260663814
5569,2.115555555555556,0.42121212121212115,0.00015397565675568541,0.06668012276966506
5570,2.115555555555556,0.42717171717171715,0.0006160400911917328,0.06780548051161243
5571,2.115555555555556,0.4331313131313131,0.0010132960611158514,0.06792830615040636
5572,2.115555555555556,0.43909090909090903,0.0011487620647760931,0.06987057469951631
5573,2.115555555555556,0.44505050505050503,-0.00022623777954734208,0.07056347344246873
5574,2.115555555555556,0.45101010101010097,-0.0006440273863643571,0.07159908971808429
5575,2.115555555555556,0.4569696969696969,-0.0013233471664524635,0.07169522351957222
5576,2.115555555555556,0.4629292929292929,0.0005266733326407248,0.07366963883562405
5577,2.115555555555556,0.46888888888888886,-0.0007603749782878378,0.07423082577436317
5578,2.115555555555556,0.4748484848484848,0.00042926351860375346,0.07454244392568493
5579,2.115555555555556,0.48080808080808074,6.302961793412436e-05,0.0765256774160018
5580,2.115555555555556,0.48676767676767674,0.00010682813373596249,0.07793045281285947
5581,2.115555555555556,0.4927272727272727,0.0009155177150366903,0.07795788254109652
5582,2.115555555555556,0.4986868686868686,0.00014485577655288365,0.0788224952470561
5583,2.115555555555556,0.5046464646464646,1.53185813895385e-05,0.0798524374715771
5584,2.115555555555556,0.5106060606060605,-0.000496386532262103,0.08113813809608925
5585,2.115555555555556,0.5165656565656566,0.0004631025614031933,0.08129617152909697
5586,2.115555555555556,0.5225252525252525,-0.00024610910426195096,0.08248705578649707
5587,2.115555555555556,0.5284848484848484,0.00024739758326255306,0.0840155884261548
5588,2.115555555555556,0.5344444444444444,-0.0008871069725383947,0.08509343940011169
5589,2.115555555555556,0.5404040404040403,0.0005252533306668749,0.08614478819148923
5590,2.115555555555556,0.5463636363636363,0.000751861156160947,0.08738926772056521
5591,2.115555555555556,0.5523232323232323,0.00037440288281226917,0.08884889623380127
5592,2.115555555555556,0.5582828282828283,-0.00040452415936336204,0.09022441737589472
5593,2.115555555555556,0.5642424242424242,0.0009979316474171937,0.09130973376812404
5594,2.115555555555556,0.5702020202020202,-0.0006351588783736176,0.09133670400648781
5595,2.115555555555556,0.5761616161616161,0.0001640038700352969,0.09102602777703361
5596,2.115555555555556,0.582121212121212,-0.0013594889299559743,0.09259027355569713
5597,2.115555555555556,0.588080808080808,0.0008842386629947217,0.09436635686648912
5598,2.115555555555556,0.594040404040404,0.0003930572858787672,0.09425750429035347
5599,2.115555555555556,0.6,0.0007984430527000552,0.09633659659389456
5600,2.135656565656566,0.01,-1.6322892865843263e-05,0.0016097782430183514
5601,2.135656565656566,0.01595959595959596,3.1141124807187106e-05,0.002550487299452623
5602,2.135656565656566,0.021919191919191918,-2.6392432384200436e-05,0.0035446602830759887
5603,2.135656565656566,0.027878787878787878,9.486063750424851e-05,0.004481548118727891
5604,2.135656565656566,0.033838383838383834,2.0353198113554716e-05,0.005399849911128117
5605,2.135656565656566,0.0397979797979798,-0.0001695624768802344,0.00646119555206676
5606,2.135656565656566,0.045757575757575754,-3.579071171347894e-05,0.007236485754681516
5607,2.135656565656566,0.05171717171717172,-0.0001882964533243623,0.008275697309837148
5608,2.135656565656566,0.05767676767676767,3.859409645983702e-05,0.00916937924755181
5609,2.135656565656566,0.06363636363636363,-5.4302528954554145e-05,0.010318492042594694
5610,2.135656565656566,0.06959595959595959,6.759046682861009e-05,0.011198478799690118
5611,2.135656565656566,0.07555555555555554,0.0003134118597039473,0.012231359587983402
5612,2.135656565656566,0.0815151515151515,-0.00013987118529851873,0.013221653318157925
5613,2.135656565656566,0.08747474747474746,-9.575409232275222e-06,0.014255275679756336
5614,2.135656565656566,0.09343434343434343,-4.112987443930669e-05,0.014907885046645
5615,2.135656565656566,0.09939393939393938,-0.0002786470425242289,0.01586991692145049
5616,2.135656565656566,0.10535353535353534,0.00010273070824381874,0.016984595081968607
5617,2.135656565656566,0.1113131313131313,-0.00028214580341949025,0.017722571468032293
5618,2.135656565656566,0.11727272727272725,3.814642675341218e-05,0.018788441225174403
5619,2.135656565656566,0.12323232323232322,0.00024165539238082053,0.019615118575801862
5620,2.135656565656566,0.1291919191919192,0.00021939538760833727,0.020565520865666535
5621,2.135656565656566,0.13515151515151513,-3.2009424546494136e-07,0.02125713071361853
5622,2.135656565656566,0.1411111111111111,0.0001230733940831386,0.022551097596598655
5623,2.135656565656566,0.14707070707070707,0.00029731646636049796,0.02359901801581098
5624,2.135656565656566,0.15303030303030302,0.00020718242978080942,0.02440102779683492
5625,2.135656565656566,0.158989898989899,0.00023231369227287346,0.025809348415154674
5626,2.135656565656566,0.16494949494949493,0.0001552892255471384,0.026296467756759496
5627,2.135656565656566,0.1709090909090909,0.00035134259701080503,0.02728627176242696
5628,2.135656565656566,0.17686868686868687,5.568484750967939e-05,0.028236705779794986
5629,2.135656565656566,0.1828282828282828,5.879644445364429e-05,0.029107915580335538
5630,2.135656565656566,0.18878787878787878,0.00013586322031065593,0.02994357577653562
5631,2.135656565656566,0.19474747474747472,-0.00023473516296081964,0.031221173770436005
5632,2.135656565656566,0.2007070707070707,0.00044648058816503997,0.032246682142913576
5633,2.135656565656566,0.20666666666666667,-0.00011103774896759948,0.032932909442723104
5634,2.135656565656566,0.2126262626262626,0.0005414232370178937,0.03427308570885018
5635,2.135656565656566,0.21858585858585858,0.00011994654330280192,0.03531985532004211
5636,2.135656565656566,0.22454545454545452,-0.0005116415858208622,0.036301018879128046
5637,2.135656565656566,0.2305050505050505,0.00048229617109953163,0.036651189630434206
5638,2.135656565656566,0.23646464646464646,-0.00023504904725698354,0.03813943586300418
5639,2.135656565656566,0.2424242424242424,-0.0005926911764132509,0.03901466424308221
5640,2.135656565656566,0.24838383838383837,0.0006993983655340475,0.040306626500674014
5641,2.135656565656566,0.2543434343434343,-0.0006373824821785884,0.04081072533227455
5642,2.135656565656566,0.26030303030303026,-0.0002569936604054692,0.04168385530294541
5643,2.135656565656566,0.26626262626262626,8.764474229317746e-05,0.04325319294236646
5644,2.135656565656566,0.2722222222222222,0.0006350336710100761,0.04409635562732702
5645,2.135656565656566,0.27818181818181814,8.894780384887385e-05,0.04440454699117282
5646,2.135656565656566,0.28414141414141414,-0.00021195601001143568,0.045254919178111364
5647,2.135656565656566,0.2901010101010101,-0.0009750259983512791,0.046382006562670094
5648,2.135656565656566,0.296060606060606,-2.1882685227125355e-05,0.047497003352905416
5649,2.135656565656566,0.302020202020202,0.00039584451710484344,0.04892238960149042
5650,2.135656565656566,0.30797979797979796,4.166446756838713e-05,0.04910049695664417
5651,2.135656565656566,0.3139393939393939,-0.0006094238222308139,0.050988823151762286
5652,2.135656565656566,0.31989898989898985,0.0005000363129073485,0.051836216310613956
5653,2.135656565656566,0.32585858585858585,0.00044893651351974386,0.05251443828955491
5654,2.135656565656566,0.3318181818181818,-0.0003952340828548748,0.052986693419783154
5655,2.135656565656566,0.33777777777777773,-0.00044580194161572935,0.05452426527503178
5656,2.135656565656566,0.34373737373737373,-0.00020027488289457233,0.05473022625757227
5657,2.135656565656566,0.3496969696969697,-0.0005478380144731164,0.05597691647986811
5658,2.135656565656566,0.3556565656565656,-4.859138856495744e-05,0.0570762485300034
5659,2.135656565656566,0.3616161616161616,0.0013149986557294997,0.0584465942110091
5660,2.135656565656566,0.36757575757575756,0.0006289710731119642,0.059234311869391584
5661,2.135656565656566,0.3735353535353535,-4.269947549136233e-05,0.06084685896088739
5662,2.135656565656566,0.37949494949494944,-0.00027789396311772325,0.061070717204690574
5663,2.135656565656566,0.38545454545454544,-0.0006987031628601675,0.061768306760853126
5664,2.135656565656566,0.3914141414141414,0.0013523714869562832,0.06264927527417127
5665,2.135656565656566,0.3973737373737373,0.00046423562390683257,0.06477309158551872
5666,2.135656565656566,0.4033333333333333,-0.00031813592213921285,0.06506610624605802
5667,2.135656565656566,0.40929292929292926,-0.001212853798456222,0.06537664178962214
5668,2.135656565656566,0.4152525252525252,9.23707504061189e-05,0.0670826826134862
5669,2.135656565656566,0.42121212121212115,-0.0006932719417782273,0.06759628133175147
5670,2.135656565656566,0.42717171717171715,9.132363376001176e-05,0.06815336347239302
5671,2.135656565656566,0.4331313131313131,0.0008463480691285803,0.07050892304539352
5672,2.135656565656566,0.43909090909090903,-1.8708730837409516e-05,0.0709675775283398
5673,2.135656565656566,0.44505050505050503,-6.26262894353129e-05,0.07121803092460015
5674,2.135656565656566,0.45101010101010097,0.00021142052123225002,0.07265547923527117
5675,2.135656565656566,0.4569696969696969,0.001970922134388136,0.07458499721611668
5676,2.135656565656566,0.4629292929292929,-0.0012362516579417628,0.07444780505421385
5677,2.135656565656566,0.46888888888888886,-5.471422920078515e-05,0.07593038868620909
5678,2.135656565656566,0.4748484848484848,-0.002070246321318956,0.0757277488271612
5679,2.135656565656566,0.48080808080808074,-0.0007122024706040349,0.077545864841617
5680,2.135656565656566,0.48676767676767674,0.0007871908410590311,0.07869735185511548
5681,2.135656565656566,0.4927272727272727,0.00047092392350071003,0.07885439174821265
5682,2.135656565656566,0.4986868686868686,-0.0008528917041470837,0.08076191798107042
5683,2.135656565656566,0.5046464646464646,-0.0007408990581245845,0.0809996120708044
5684,2.135656565656566,0.5106060606060605,0.0011487364349728217,0.08251193359882536
5685,2.135656565656566,0.5165656565656566,-0.0001103441503373621,0.08230484827748975
5686,2.135656565656566,0.5225252525252525,0.00019791531331340257,0.08374207127271102
5687,2.135656565656566,0.5284848484848484,-0.0001364314661411991,0.08637785154185601
5688,2.135656565656566,0.5344444444444444,-0.0005971902895937658,0.08613784610987281
5689,2.135656565656566,0.5404040404040403,0.0017525016948741162,0.08885850718168209
5690,2.135656565656566,0.5463636363636363,0.0007668195181588672,0.08847367715721399
5691,2.135656565656566,0.5523232323232323,-0.0007143470193278644,0.09012820248999528
5692,2.135656565656566,0.5582828282828283,-0.0013514170345889636,0.08930636046615568
5693,2.135656565656566,0.5642424242424242,0.0008539112998743058,0.09240141479864677
5694,2.135656565656566,0.5702020202020202,0.0005454845006780668,0.09208965054837917
5695,2.135656565656566,0.5761616161616161,-0.00024581969650575155,0.09231038515621617
5696,2.135656565656566,0.582121212121212,-0.000366261971600841,0.09420398015322437
5697,2.135656565656566,0.588080808080808,0.0009611687487329011,0.09567363194399618
5698,2.135656565656566,0.594040404040404,-0.0009720343560703378,0.09752264695923737
5699,2.135656565656566,0.6,0.0013719959022920494,0.09661652903433025
5700,2.1557575757575758,0.01,8.587372279053263e-06,0.0016343194345681891
5701,2.1557575757575758,0.01595959595959596,3.200142041078677e-05,0.0025925572220907834
5702,2.1557575757575758,0.021919191919191918,1.4057355034786222e-05,0.0035850706564387637
5703,2.1557575757575758,0.027878787878787878,-2.672334141612558e-05,0.004514118256057294
5704,2.1557575757575758,0.033838383838383834,8.874191408715879e-05,0.005514168815157709
5705,2.1557575757575758,0.0397979797979798,4.478049208541538e-05,0.006423893733513459
5706,2.1557575757575758,0.045757575757575754,-0.00014405696267368232,0.007329662192891319
5707,2.1557575757575758,0.05171717171717172,1.2617370069081912e-05,0.008403750034339812
5708,2.1557575757575758,0.05767676767676767,-7.046691294041525e-05,0.009343888530942271
5709,2.1557575757575758,0.06363636363636363,-4.640457521558505e-06,0.010281216316225503
5710,2.1557575757575758,0.06959595959595959,1.8129943972697703e-05,0.0114129750718191
5711,2.1557575757575758,0.07555555555555554,1.949362755065417e-05,0.012416652336241379
5712,2.1557575757575758,0.0815151515151515,-9.132144688724153e-05,0.013354593162207258
5713,2.1557575757575758,0.08747474747474746,0.00015215514281147357,0.014408253635692708
5714,2.1557575757575758,0.09343434343434343,-9.105587993910316e-05,0.014949240210939574
5715,2.1557575757575758,0.09939393939393938,6.826406509358654e-05,0.016186949662943498
5716,2.1557575757575758,0.10535353535353534,0.00015807056402247126,0.01722443298548894
5717,2.1557575757575758,0.1113131313131313,8.495580559916952e-05,0.01806518334442808
5718,2.1557575757575758,0.11727272727272725,-5.3216796292696854e-05,0.01870021093699156
5719,2.1557575757575758,0.12323232323232322,-0.0002696407958701693,0.020116381591443615
5720,2.1557575757575758,0.1291919191919192,-7.267548830455195e-06,0.020873223850993355
5721,2.1557575757575758,0.13515151515151513,0.00033871147088496194,0.022089539109939903
5722,2.1557575757575758,0.1411111111111111,-0.00013395997753345147,0.022852749819605826
5723,2.1557575757575758,0.14707070707070707,-0.00022238947896584848,0.02392195860801856
5724,2.1557575757575758,0.15303030303030302,-3.513660488374998e-05,0.02477526620989322
5725,2.1557575757575758,0.158989898989899,-0.00017983467081725672,0.025886946644732914
5726,2.1557575757575758,0.16494949494949493,-0.0001994621386071545,0.026912029025575535
5727,2.1557575757575758,0.1709090909090909,2.5656064152289536e-05,0.027700210817290866
5728,2.1557575757575758,0.17686868686868687,-7.87996373777275e-05,0.029004406325092106
5729,2.1557575757575758,0.1828282828282828,-0.0005863219122765538,0.02968293922511669
5730,2.1557575757575758,0.18878787878787878,0.00030948746520648087,0.031124941863593297
5731,2.1557575757575758,0.19474747474747472,0.0001220651681609704,0.0313771604187637
5732,2.1557575757575758,0.2007070707070707,-0.0001313504079605147,0.03280946597984097
5733,2.1557575757575758,0.20666666666666667,-0.00033503360677474036,0.03375793692571692
5734,2.1557575757575758,0.2126262626262626,-0.0006760586654561865,0.03476972472686003
5735,2.1557575757575758,0.21858585858585858,0.0004822692636726851,0.03563299886767237
5736,2.1557575757575758,0.22454545454545452,0.0003017431027741589,0.03677160825378426
5737,2.1557575757575758,0.2305050505050505,-8.942252227617398e-05,0.03758053549183166
5738,2.1557575757575758,0.23646464646464646,0.0011119558110240532,0.038545420172669605
5739,2.1557575757575758,0.2424242424242424,9.847581861846422e-06,0.03918781431791222
5740,2.1557575757575758,0.24838383838383837,0.0004609891870485079,0.0408462951406271
5741,2.1557575757575758,0.2543434343434343,-0.0001417060796760179,0.04127856857769352
5742,2.1557575757575758,0.26030303030303026,-6.504586348295414e-05,0.04335695777773942
5743,2.1557575757575758,0.26626262626262626,-0.0004611597933324292,0.04304485448438787
5744,2.1557575757575758,0.2722222222222222,0.0005135223130283611,0.04486635687630002
5745,2.1557575757575758,0.27818181818181814,-1.7235636587495628e-05,0.04569754678434168
5746,2.1557575757575758,0.28414141414141414,0.0006366071800342306,0.0461971665742109
5747,2.1557575757575758,0.2901010101010101,-0.00014048225202860753,0.04754048243661264
5748,2.1557575757575758,0.296060606060606,0.0002705761697125892,0.048166489857431743
5749,2.1557575757575758,0.302020202020202,0.00010590080169632681,0.049462564293248024
5750,2.1557575757575758,0.30797979797979796,-0.00011833468762406487,0.05044407566385684
5751,2.1557575757575758,0.3139393939393939,-0.0006970084624964164,0.05136764226790165
5752,2.1557575757575758,0.31989898989898985,0.0005164559030552946,0.05289952338328235
5753,2.1557575757575758,0.32585858585858585,-3.35388611658887e-05,0.05345005870668248
5754,2.1557575757575758,0.3318181818181818,7.217203088624143e-05,0.05358856596864506
5755,2.1557575757575758,0.33777777777777773,-0.001146417901470629,0.05550982171033923
5756,2.1557575757575758,0.34373737373737373,0.0004717551081188544,0.05618229680918914
5757,2.1557575757575758,0.3496969696969697,0.0007603389569704325,0.05709610162494479
5758,2.1557575757575758,0.3556565656565656,0.00023234605031222203,0.058533099524121175
5759,2.1557575757575758,0.3616161616161616,0.0002894017292601123,0.059151086122902714
5760,2.1557575757575758,0.36757575757575756,-6.984675762324005e-05,0.0597559796506189
5761,2.1557575757575758,0.3735353535353535,0.0003500651967619674,0.06167943578766166
5762,2.1557575757575758,0.37949494949494944,-5.5999643886960416e-05,0.06235772109604017
5763,2.1557575757575758,0.38545454545454544,0.0011932480997775845,0.06270255019182597
5764,2.1557575757575758,0.3914141414141414,7.595353496152146e-07,0.06489518140476624
5765,2.1557575757575758,0.3973737373737373,0.0013366456925380235,0.06436754555290203
5766,2.1557575757575758,0.4033333333333333,-0.0008127732949699431,0.06629006582997185
5767,2.1557575757575758,0.40929292929292926,0.00024690576283326564,0.06671892111731101
5768,2.1557575757575758,0.4152525252525252,-1.5386401170438237e-05,0.06849647341997245
5769,2.1557575757575758,0.42121212121212115,0.0009847641252832722,0.06915154725596524
5770,2.1557575757575758,0.42717171717171715,0.0007654137596312863,0.06980259584497579
5771,2.1557575757575758,0.4331313131313131,-0.000878591336904312,0.07002752762597977
5772,2.1557575757575758,0.43909090909090903,0.0021000800167248605,0.07226915654696105
5773,2.1557575757575758,0.44505050505050503,0.0014621100952295794,0.07362416108561244
5774,2.1557575757575758,0.45101010101010097,-0.00027067890875794254,0.07428278181478762
5775,2.1557575757575758,0.4569696969696969,0.0001946415959038514,0.0753074284118132
5776,2.1557575757575758,0.4629292929292929,0.0008811856627805666,0.0752392040461746
5777,2.1557575757575758,0.46888888888888886,-1.7632873803603476e-05,0.07715971547489453
5778,2.1557575757575758,0.4748484848484848,0.0016533281612216232,0.07883564366592259
5779,2.1557575757575758,0.48080808080808074,-0.0010384900251946242,0.07821545634109371
5780,2.1557575757575758,0.48676767676767674,-0.00031059925060947984,0.08156828665513638
5781,2.1557575757575758,0.4927272727272727,-0.0007221461841768612,0.08118127819463834
5782,2.1557575757575758,0.4986868686868686,0.001028463639214384,0.08195564249027648
5783,2.1557575757575758,0.5046464646464646,0.0001745949497288553,0.08327722043765322
5784,2.1557575757575758,0.5106060606060605,-0.0011768089160059951,0.08352040946154966
5785,2.1557575757575758,0.5165656565656566,-0.0007520824244075424,0.08506214237932767
5786,2.1557575757575758,0.5225252525252525,8.460671070449398e-05,0.0874047048390457
5787,2.1557575757575758,0.5284848484848484,-0.00022154171837415388,0.08766796181093651
5788,2.1557575757575758,0.5344444444444444,0.00015539288493152822,0.08781200735168708
5789,2.1557575757575758,0.5404040404040403,0.0005557226566936691,0.0882174680294832
5790,2.1557575757575758,0.5463636363636363,-0.0003847244174013503,0.08964352795078291
5791,2.1557575757575758,0.5523232323232323,0.00013905761849317003,0.09111729552146487
5792,2.1557575757575758,0.5582828282828283,0.0001895429100254054,0.09217202608553932
5793,2.1557575757575758,0.5642424242424242,0.0003562547108650725,0.09392895182085215
5794,2.1557575757575758,0.5702020202020202,-0.00027493519720532496,0.09389756302598963
5795,2.1557575757575758,0.5761616161616161,-1.9277017684821108e-05,0.09415323198854728
5796,2.1557575757575758,0.582121212121212,-0.0011830080972977076,0.09511296795368883
5797,2.1557575757575758,0.588080808080808,-3.2832896597024374e-05,0.09644304734274013
5798,2.1557575757575758,0.594040404040404,-0.0005399952839373647,0.0970947852520205
5799,2.1557575757575758,0.6,-0.0010424051942641702,0.09969761393547674
5800,2.175858585858586,0.01,1.9726971709681852e-06,0.0016847244726791233
5801,2.175858585858586,0.01595959595959596,4.856910234706035e-05,0.0026471378364607166
5802,2.175858585858586,0.021919191919191918,8.785840184536154e-06,0.0036395501796145
5803,2.175858585858586,0.027878787878787878,6.19417282249951e-06,0.0046439340100715544
5804,2.175858585858586,0.033838383838383834,2.6208201628614724e-05,0.00559145761511927
5805,2.175858585858586,0.0397979797979798,2.9493578277668708e-05,0.006553588032177826
5806,2.175858585858586,0.045757575757575754,0.00012965841236859172,0.007642769555977589
5807,2.175858585858586,0.05171717171717172,-0.00015619900236246224,0.008442587569706008
5808,2.175858585858586,0.05767676767676767,8.130074312927848e-06,0.009492891911865442
5809,2.175858585858586,0.06363636363636363,5.3628641537399304e-05,0.010495824809987645
5810,2.175858585858586,0.06959595959595959,7.672136543370077e-05,0.01151094273862575
5811,2.175858585858586,0.07555555555555554,-1.4057982184542772e-05,0.01252477678621544
5812,2.175858585858586,0.0815151515151515,-0.00021805253034180944,0.013570325325612765
5813,2.175858585858586,0.08747474747474746,-8.96437003525873e-05,0.014431279796139021
5814,2.175858585858586,0.09343434343434343,-7.743019398865748e-05,0.015304611973418307
5815,2.175858585858586,0.09939393939393938,-3.052591449583747e-05,0.016581257317101573
5816,2.175858585858586,0.10535353535353534,-0.00019399587771832389,0.017449023180170276
5817,2.175858585858586,0.1113131313131313,-9.96505737893722e-05,0.018483017539861573
5818,2.175858585858586,0.11727272727272725,0.00017129803106563448,0.019121830588267465
5819,2.175858585858586,0.12323232323232322,3.182806446863709e-05,0.020273216697569575
5820,2.175858585858586,0.1291919191919192,0.00018479767988130837,0.021448962964323543
5821,2.175858585858586,0.13515151515151513,0.0003672180926844662,0.02212195129032756
5822,2.175858585858586,0.1411111111111111,-0.0003992384074427659,0.02311999829455424
5823,2.175858585858586,0.14707070707070707,-6.885699640496847e-05,0.024395354077787187
5824,2.175858585858586,0.15303030303030302,-0.0002779396586109441,0.025040892566517974
5825,2.175858585858586,0.158989898989899,-0.00016884118264329286,0.02611622671244731
5826,2.175858585858586,0.16494949494949493,5.266215392410983e-05,0.02747047809221116
5827,2.175858585858586,0.1709090909090909,-0.0001730746952539487,0.028186312986361192
5828,2.175858585858586,0.17686868686868687,0.00021661498956543977,0.02937385279335417
5829,2.175858585858586,0.1828282828282828,0.0003561478923795183,0.03043112420910375
5830,2.175858585858586,0.18878787878787878,4.970350381432009e-05,0.03120800624826283
5831,2.175858585858586,0.19474747474747472,-0.0005008340919523439,0.03261449043510016
5832,2.175858585858586,0.2007070707070707,-0.00024295431366457088,0.03343386932194732
5833,2.175858585858586,0.20666666666666667,-0.0004355790031991955,0.03429430897132001
5834,2.175858585858586,0.2126262626262626,0.0008380173626265554,0.03566278015852481
5835,2.175858585858586,0.21858585858585858,0.00032522609959989064,0.03612994988178011
5836,2.175858585858586,0.22454545454545452,-0.00039314750410899315,0.03701470896427172
5837,2.175858585858586,0.2305050505050505,-0.000480397955755573,0.03818999277529768
5838,2.175858585858586,0.23646464646464646,0.00023870875397502287,0.03941255741956364
5839,2.175858585858586,0.2424242424242424,7.049593271837739e-07,0.039983354354114584
5840,2.175858585858586,0.24838383838383837,-0.0003868950007574498,0.04164669448599611
5841,2.175858585858586,0.2543434343434343,0.00033935147865627455,0.04197648242579169
5842,2.175858585858586,0.26030303030303026,-6.867255550151859e-05,0.04323031995850579
5843,2.175858585858586,0.26626262626262626,0.00036080794646263883,0.04429995334875449
5844,2.175858585858586,0.2722222222222222,-0.0003391536976557564,0.04495792216983466
5845,2.175858585858586,0.27818181818181814,-0.000474402167123889,0.04635983497113408
5846,2.175858585858586,0.28414141414141414,9.730235365038e-05,0.04750559248850935
5847,2.175858585858586,0.2901010101010101,-0.00020992026727728526,0.0490331129840819
5848,2.175858585858586,0.296060606060606,0.00010200251430024982,0.04897958119026643
5849,2.175858585858586,0.302020202020202,0.0009917681387391218,0.05117624026711356
5850,2.175858585858586,0.30797979797979796,-0.00033766206076289327,0.05064968589160096
5851,2.175858585858586,0.3139393939393939,-0.0008686340036854026,0.05139027654487945
5852,2.175858585858586,0.31989898989898985,0.00020012910508299315,0.05330589464544972
5853,2.175858585858586,0.32585858585858585,-0.0008540741554382422,0.05351543347372324
5854,2.175858585858586,0.3318181818181818,0.00061353636231566,0.055059175490504035
5855,2.175858585858586,0.33777777777777773,0.00046499040793649386,0.055991810490520794
5856,2.175858585858586,0.34373737373737373,1.64542117130551e-05,0.056643507699870206
5857,2.175858585858586,0.3496969696969697,-0.0002103470099166009,0.058551924127924856
5858,2.175858585858586,0.3556565656565656,0.0005047253690404858,0.05892844714170184
5859,2.175858585858586,0.3616161616161616,-0.0001346075322813827,0.06012286491795814
5860,2.175858585858586,0.36757575757575756,0.0002573664131600623,0.0611365692931923
5861,2.175858585858586,0.3735353535353535,0.0003146941587334253,0.06231322686502968
5862,2.175858585858586,0.37949494949494944,0.00129402165386186,0.06323942467336321
5863,2.175858585858586,0.38545454545454544,-0.00030045903316916933,0.06445956392626485
5864,2.175858585858586,0.3914141414141414,-0.0001202378334493817,0.06464707926071225
5865,2.175858585858586,0.3973737373737373,-0.00021855375212307733,0.06569051174081234
5866,2.175858585858586,0.4033333333333333,-0.0006078242420314076,0.06683896386215464
5867,2.175858585858586,0.40929292929292926,0.0011711565063280153,0.06861661993268924
5868,2.175858585858586,0.4152525252525252,-7.516840211052916e-05,0.06879583547587637
5869,2.175858585858586,0.42121212121212115,0.0008053625736752759,0.07050886704151337
5870,2.175858585858586,0.42717171717171715,3.5656156212549027e-07,0.07176824833417683
5871,2.175858585858586,0.4331313131313131,-0.001043476258911896,0.07302651029630938
5872,2.175858585858586,0.43909090909090903,-0.00017592384535927157,0.07425958917426535
5873,2.175858585858586,0.44505050505050503,0.0006370155092325024,0.07438018997496117
5874,2.175858585858586,0.45101010101010097,0.00015883949824075679,0.07464177048457875
5875,2.175858585858586,0.4569696969696969,-3.7618133049739443e-05,0.07686359678744079
5876,2.175858585858586,0.4629292929292929,0.0004317846043868158,0.07744358908106778
5877,2.175858585858586,0.46888888888888886,0.0003463940213679228,0.07733876035789852
5878,2.175858585858586,0.4748484848484848,-0.0018709141370489733,0.07960399511831896
5879,2.175858585858586,0.48080808080808074,-0.0005008118551909393,0.0798020706040399
5880,2.175858585858586,0.48676767676767674,0.0008378397013733027,0.08196567745687255
5881,2.175858585858586,0.4927272727272727,0.0003542259555091042,0.0832412633374665
5882,2.175858585858586,0.4986868686868686,-0.0013610666115387274,0.0836181762561909
5883,2.175858585858586,0.5046464646464646,-0.00042428322547355266,0.08391245586908022
5884,2.175858585858586,0.5106060606060605,-0.0009503955602994495,0.08484457523515111
5885,2.175858585858586,0.5165656565656566,-0.0004208712099118017,0.0851360603666285
5886,2.175858585858586,0.5225252525252525,-0.0007457828510797825,0.08617634129531603
5887,2.175858585858586,0.5284848484848484,-0.0019813991631817333,0.08763833922489163
5888,2.175858585858586,0.5344444444444444,-0.0010373811262412303,0.08888289187069331
5889,2.175858585858586,0.5404040404040403,0.00038155122399801707,0.09137349307079057
5890,2.175858585858586,0.5463636363636363,0.0009675799194542552,0.09227071910336955
5891,2.175858585858586,0.5523232323232323,-0.00010165514984099922,0.09102145871456867
5892,2.175858585858586,0.5582828282828283,-0.0023642044546216693,0.09306063293475608
5893,2.175858585858586,0.5642424242424242,-0.0004444842491538801,0.09488205052322303
5894,2.175858585858586,0.5702020202020202,0.0012881865463120956,0.09627569847486785
5895,2.175858585858586,0.5761616161616161,-0.0005705798350458569,0.09715517849873806
5896,2.175858585858586,0.582121212121212,-0.00043008264495576667,0.09881399186717052
5897,2.175858585858586,0.588080808080808,0.001988162230601869,0.09934067518656903
5898,2.175858585858586,0.594040404040404,-0.0007703693943884142,0.09839836408628432
5899,2.175858585858586,0.6,0.0010172765420094535,0.10088285003629359
5900,2.195959595959596,0.01,-2.4271317770866997e-06,0.0016680683704255392
5901,2.195959595959596,0.01595959595959596,-3.1210689851938026e-05,0.0026894370759039687
5902,2.195959595959596,0.021919191919191918,3.144863923586537e-05,0.003696723923273865
5903,2.195959595959596,0.027878787878787878,4.283499487920582e-05,0.004706309742808051
5904,2.195959595959596,0.033838383838383834,-1.0399505870829162e-05,0.0056924473058252295
5905,2.195959595959596,0.0397979797979798,1.6069220867992784e-06,0.006692546380961381
5906,2.195959595959596,0.045757575757575754,0.0001572538792325094,0.00771741600692782
5907,2.195959595959596,0.05171717171717172,-3.573615105947726e-05,0.008780932336919772
5908,2.195959595959596,0.05767676767676767,-3.90458433029182e-05,0.009759740119414904
5909,2.195959595959596,0.06363636363636363,3.1428125151836226e-05,0.010672115065443437
5910,2.195959595959596,0.06959595959595959,-3.645438571510483e-05,0.011800147468417467
5911,2.195959595959596,0.07555555555555554,0.0001668035119709361,0.012652411647354561
5912,2.195959595959596,0.0815151515151515,-2.423342324972977e-06,0.01359401499425195
5913,2.195959595959596,0.08747474747474746,-0.00023328112677746402,0.014785536263731717
5914,2.195959595959596,0.09343434343434343,-0.00034030035961934226,0.01588162762654648
5915,2.195959595959596,0.09939393939393938,-9.687363812327055e-06,0.016745703655915878
5916,2.195959595959596,0.10535353535353534,7.089772664757609e-05,0.017789650810876773
5917,2.195959595959596,0.1113131313131313,6.234914726317614e-05,0.01870769102088617
5918,2.195959595959596,0.11727272727272725,-1.8003126041152694e-05,0.019740530054619503
5919,2.195959595959596,0.12323232323232322,-0.00022986673957971663,0.020517576919314797
5920,2.195959595959596,0.1291919191919192,-0.0005945450920495555,0.021584682937067712
5921,2.195959595959596,0.13515151515151513,-7.397398767055104e-05,0.02295278217225228
5922,2.195959595959596,0.1411111111111111,7.48644212890142e-05,0.023722677918295156
5923,2.195959595959596,0.14707070707070707,0.0003172316820808937,0.024436976815189967
5924,2.195959595959596,0.15303030303030302,-0.0003014844877598601,0.025728282138785884
5925,2.195959595959596,0.158989898989899,-0.00041585820442469653,0.02663477688464883
5926,2.195959595959596,0.16494949494949493,-0.0003732651326317347,0.0279569699583503
5927,2.195959595959596,0.1709090909090909,-0.0001908751397428782,0.02884884185476143
5928,2.195959595959596,0.17686868686868687,0.0001539931057787813,0.029883437099256522
5929,2.195959595959596,0.1828282828282828,0.00016166553291747669,0.03081877619375459
5930,2.195959595959596,0.18878787878787878,0.00010664690523714801,0.031562768149330366
5931,2.195959595959596,0.19474747474747472,5.164103593002229e-05,0.032878365992572885
5932,2.195959595959596,0.2007070707070707,0.00012440891020844936,0.03372176625030343
5933,2.195959595959596,0.20666666666666667,-0.0001336888967316631,0.03479754470570551
5934,2.195959595959596,0.2126262626262626,8.545231249938028e-05,0.035331313567071435
5935,2.195959595959596,0.21858585858585858,0.00021826275805262102,0.036925482204033376
5936,2.195959595959596,0.22454545454545452,0.0006709689527066647,0.03851730955018956
5937,2.195959595959596,0.2305050505050505,-0.0005940468486450829,0.03889950382451003
5938,2.195959595959596,0.23646464646464646,-0.000557368489817071,0.039354286627481354
5939,2.195959595959596,0.2424242424242424,-0.00025897653084233483,0.04098450608974471
5940,2.195959595959596,0.24838383838383837,-0.000166281597293664,0.042208328833001026
5941,2.195959595959596,0.2543434343434343,0.00038292932324631985,0.042900964614506244
5942,2.195959595959596,0.26030303030303026,-0.0003018600765347278,0.04384349043008233
5943,2.195959595959596,0.26626262626262626,0.00034532341995683886,0.045224441980341125
5944,2.195959595959596,0.2722222222222222,0.0005137133055931759,0.04589475589809151
5945,2.195959595959596,0.27818181818181814,-4.263375409256369e-05,0.04669693154656027
5946,2.195959595959596,0.28414141414141414,0.0003639221366077424,0.047723269324396474
5947,2.195959595959596,0.2901010101010101,5.009923479947775e-06,0.04934033725332418
5948,2.195959595959596,0.296060606060606,0.0003171636075539341,0.0503359430952596
5949,2.195959595959596,0.302020202020202,-0.0001766065449857174,0.050514806194710486
5950,2.195959595959596,0.30797979797979796,-0.0007982876701671887,0.05200182729770995
5951,2.195959595959596,0.3139393939393939,0.0006271287422128224,0.053126689640736406
5952,2.195959595959596,0.31989898989898985,-0.000731525331548651,0.05399026036991253
5953,2.195959595959596,0.32585858585858585,-0.0001002493008773351,0.0544669036960034
5954,2.195959595959596,0.3318181818181818,-0.0009116724276122668,0.056449717995515694
5955,2.195959595959596,0.33777777777777773,0.0010568488599916187,0.05662615585084061
5956,2.195959595959596,0.34373737373737373,0.0002537793704926101,0.05801168406136076
5957,2.195959595959596,0.3496969696969697,-0.0004947190036747736,0.059247610151987
5958,2.195959595959596,0.3556565656565656,6.842311894154252e-05,0.06032597358250224
5959,2.195959595959596,0.3616161616161616,0.0003693920051887428,0.061554230593721476
5960,2.195959595959596,0.36757575757575756,-0.00035982995741015884,0.06274774291292977
5961,2.195959595959596,0.3735353535353535,-0.00023470308966328716,0.0631988715267763
5962,2.195959595959596,0.37949494949494944,0.0009334727480103697,0.06384128907182628
5963,2.195959595959596,0.38545454545454544,-0.0002825009275935856,0.06584993249885973
5964,2.195959595959596,0.3914141414141414,0.0008109432731653332,0.06619043960846052
5965,2.195959595959596,0.3973737373737373,-0.0004188007024983426,0.06702670435641149
5966,2.195959595959596,0.4033333333333333,-0.0006096908638505628,0.06720698873818179
5967,2.195959595959596,0.40929292929292926,-0.00039122200724542766,0.06834467048448147
5968,2.195959595959596,0.4152525252525252,0.00019864601439266026,0.0699193331619623
5969,2.195959595959596,0.42121212121212115,0.0004287468872354216,0.0710950691045679
5970,2.195959595959596,0.42717171717171715,3.112292316126633e-05,0.07304807491918322
5971,2.195959595959596,0.4331313131313131,-0.0009321727526857808,0.07296726783254187
5972,2.195959595959596,0.43909090909090903,-0.00015974957111863027,0.07431629847858885
5973,2.195959595959596,0.44505050505050503,-0.0011142980271989327,0.07527367422634713
5974,2.195959595959596,0.45101010101010097,0.0008936754983281327,0.07736157253227703
5975,2.195959595959596,0.4569696969696969,-0.00017125400080396762,0.07707277318710205
5976,2.195959595959596,0.4629292929292929,-0.0006782725770292186,0.0785172696528919
5977,2.195959595959596,0.46888888888888886,0.001209034180709984,0.08016670303812776
5978,2.195959595959596,0.4748484848484848,-0.0008239092820124292,0.08080529796843222
5979,2.195959595959596,0.48080808080808074,-0.0010448846369302857,0.08022559317650202
5980,2.195959595959596,0.48676767676767674,0.00048174852573120173,0.08235999068568141
5981,2.195959595959596,0.4927272727272727,0.001208109658570739,0.08444918495537959
5982,2.195959595959596,0.4986868686868686,-0.0004866511691691208,0.0863159924037472
5983,2.195959595959596,0.5046464646464646,-0.00018802456406876865,0.08621195922678379
5984,2.195959595959596,0.5106060606060605,-0.0002993614233614903,0.08740349127595538
5985,2.195959595959596,0.5165656565656566,-0.00023643573102395338,0.0871219924908903
5986,2.195959595959596,0.5225252525252525,0.0002645200030164222,0.08882903548721235
5987,2.195959595959596,0.5284848484848484,0.0010394130967539827,0.09089037302238978
5988,2.195959595959596,0.5344444444444444,-0.001398814592778342,0.09095518216499636
5989,2.195959595959596,0.5404040404040403,0.0006297826658591439,0.09270236603349888
5990,2.195959595959596,0.5463636363636363,-0.00046400304638658375,0.09369256020836521
5991,2.195959595959596,0.5523232323232323,-7.096752571447093e-05,0.09397601966340005
5992,2.195959595959596,0.5582828282828283,0.000598995468796882,0.09471645827965615
5993,2.195959595959596,0.5642424242424242,-0.002360248439523214,0.09601840188173383
5994,2.195959595959596,0.5702020202020202,0.0017084234210283484,0.09813573370232453
5995,2.195959595959596,0.5761616161616161,0.0007900487310632323,0.09751355191819616
5996,2.195959595959596,0.582121212121212,-0.0007235134254693425,0.09976760242979744
5997,2.195959595959596,0.588080808080808,-0.0014125312747317136,0.0989745197382516
5998,2.195959595959596,0.594040404040404,-0.000576396006546933,0.10066813012904874
5999,2.195959595959596,0.6,-9.401507569269754e-05,0.1027751451810794
6000,2.216060606060606,0.01,-3.199540729347792e-05,0.001710700652462836
6001,2.216060606060606,0.01595959595959596,-8.959283622016855e-06,0.0027026772298881126
6002,2.216060606060606,0.021919191919191918,3.779532805987339e-05,0.0038189673690045144
6003,2.216060606060606,0.027878787878787878,4.387429255984341e-05,0.004790240463012648
6004,2.216060606060606,0.033838383838383834,-4.805976596887703e-05,0.0057725668568140735
6005,2.216060606060606,0.0397979797979798,-3.741907926413697e-05,0.006783037596837944
6006,2.216060606060606,0.045757575757575754,5.4789267753826184e-05,0.007900960429775632
6007,2.216060606060606,0.05171717171717172,0.00011876986304111088,0.008779735782960036
6008,2.216060606060606,0.05767676767676767,-4.497123188757387e-05,0.009817154113178794
6009,2.216060606060606,0.06363636363636363,8.502346894680022e-05,0.01092750723361694
6010,2.216060606060606,0.06959595959595959,-5.275774173262849e-05,0.012072947375757153
6011,2.216060606060606,0.07555555555555554,-1.68932250818975e-06,0.012895415786425174
6012,2.216060606060606,0.0815151515151515,-0.00010194029114751402,0.013840367213408825
6013,2.216060606060606,0.08747474747474746,-0.00018259943759053177,0.015016377425037374
6014,2.216060606060606,0.09343434343434343,0.0001852737483927746,0.016176419060567344
6015,2.216060606060606,0.09939393939393938,1.703646293675224e-05,0.016940776494461
6016,2.216060606060606,0.10535353535353534,4.4401519332139715e-05,0.018129952456342507
6017,2.216060606060606,0.1113131313131313,-6.487584577162711e-05,0.019121993164960188
6018,2.216060606060606,0.11727272727272725,-8.155105745077586e-05,0.020170373233905897
6019,2.216060606060606,0.12323232323232322,-3.8229094881522306e-05,0.021272998307902045
6020,2.216060606060606,0.1291919191919192,0.00011600699592149069,0.022153733632958965
6021,2.216060606060606,0.13515151515151513,-0.00028208605538912837,0.02328953926126632
6022,2.216060606060606,0.1411111111111111,-0.0003695619539464021,0.02388469787149348
6023,2.216060606060606,0.14707070707070707,8.77739485853628e-06,0.02494227962908727
6024,2.216060606060606,0.15303030303030302,8.9896535938997e-05,0.02594961717885258
6025,2.216060606060606,0.158989898989899,0.00020427389675227147,0.027430260051894386
6026,2.216060606060606,0.16494949494949493,2.0072998117605544e-05,0.028093327563962933
6027,2.216060606060606,0.1709090909090909,0.0005290930998658646,0.029311344110318837
6028,2.216060606060606,0.17686868686868687,-0.0001899089162931838,0.03038824902456728
6029,2.216060606060606,0.1828282828282828,-0.0005053171310164509,0.03123479478791363
6030,2.216060606060606,0.18878787878787878,0.0001924622859072294,0.03223274715689074
6031,2.216060606060606,0.19474747474747472,0.00012858896398721743,0.03312677116949528
6032,2.216060606060606,0.2007070707070707,8.604530479669825e-05,0.03464384006133793
6033,2.216060606060606,0.20666666666666667,0.00036291943125993587,0.03567803990115512
6034,2.216060606060606,0.2126262626262626,-0.0008052878692054764,0.036731989414632474
6035,2.216060606060606,0.21858585858585858,0.0004822324350235997,0.037368230605381275
6036,2.216060606060606,0.22454545454545452,1.2085782021317381e-05,0.038360175297972414
6037,2.216060606060606,0.2305050505050505,-0.00027250398851156384,0.039708919271268156
6038,2.216060606060606,0.23646464646464646,-0.00021029726523615788,0.04049314019318726
6039,2.216060606060606,0.2424242424242424,-0.00018650612377302668,0.04127209253961777
6040,2.216060606060606,0.24838383838383837,-0.0003873975661479664,0.04260270748065479
6041,2.216060606060606,0.2543434343434343,-0.0004216292449251579,0.0431400525600714
6042,2.216060606060606,0.26030303030303026,-0.0003854256384952434,0.044741568424151425
6043,2.216060606060606,0.26626262626262626,-5.106504999868069e-05,0.04549006195870329
6044,2.216060606060606,0.2722222222222222,0.00015478147185829353,0.047265870482983384
6045,2.216060606060606,0.27818181818181814,9.415822106219142e-05,0.047968113068576144
6046,2.216060606060606,0.28414141414141414,0.0008331953362635371,0.04932564223440442
6047,2.216060606060606,0.2901010101010101,0.0004333276012057861,0.04990692753417976
6048,2.216060606060606,0.296060606060606,0.00035088997900472354,0.0504844511842854
6049,2.216060606060606,0.302020202020202,-0.00028694546358657395,0.051930586536971496
6050,2.216060606060606,0.30797979797979796,-0.0003027928805448318,0.052864600212149074
6051,2.216060606060606,0.3139393939393939,-3.6662507784595014e-05,0.053529656356643
6052,2.216060606060606,0.31989898989898985,0.0005427357303787099,0.054772036054924124
6053,2.216060606060606,0.32585858585858585,1.2385342682182543e-05,0.05550025270360303
6054,2.216060606060606,0.3318181818181818,0.0005499488621712546,0.05685384007630274
6055,2.216060606060606,0.33777777777777773,-0.0005546159798823241,0.05792537905411566
6056,2.216060606060606,0.34373737373737373,0.00032063850906762756,0.05869678185134503
6057,2.216060606060606,0.3496969696969697,0.00012221245617394523,0.06087650144856041
6058,2.216060606060606,0.3556565656565656,9.66868303480428e-07,0.06108185456631064
6059,2.216060606060606,0.3616161616161616,-0.00010731789680834334,0.06223436626927909
6060,2.216060606060606,0.36757575757575756,0.0007814658459698452,0.0644238884116928
6061,2.216060606060606,0.3735353535353535,-0.0005381183793003567,0.06402415170365348
6062,2.216060606060606,0.37949494949494944,0.0004347289236753494,0.0646516745632322
6063,2.216060606060606,0.38545454545454544,-0.0005183861128583817,0.06568733510775634
6064,2.216060606060606,0.3914141414141414,0.001071579823476722,0.06735079126861236
6065,2.216060606060606,0.3973737373737373,-0.00022852757585707715,0.06821193169225048
6066,2.216060606060606,0.4033333333333333,0.0016144765474411294,0.07040930672516252
6067,2.216060606060606,0.40929292929292926,0.00018998560435512046,0.0707612840796709
6068,2.216060606060606,0.4152525252525252,-0.0002896440820558195,0.07267056341044342
6069,2.216060606060606,0.42121212121212115,-0.0003209743708919208,0.07256196561329056
6070,2.216060606060606,0.42717171717171715,-0.0004425481703351975,0.07377836996806467
6071,2.216060606060606,0.4331313131313131,0.0004307177776890944,0.07527003097959067
6072,2.216060606060606,0.43909090909090903,0.0014474580282790278,0.07601799511356201
6073,2.216060606060606,0.44505050505050503,-0.0003290701160384625,0.07658553970160875
6074,2.216060606060606,0.45101010101010097,-0.0008567425863045516,0.07827360071299008
6075,2.216060606060606,0.4569696969696969,-0.0014270684222536139,0.07794269571287611
6076,2.216060606060606,0.4629292929292929,-0.00010084022604849865,0.07904866440672609
6077,2.216060606060606,0.46888888888888886,0.0008838855208399888,0.08091965089435649
6078,2.216060606060606,0.4748484848484848,-0.0010590337527000056,0.08049337710580605
6079,2.216060606060606,0.48080808080808074,-0.00014729790730603053,0.08311266231817366
6080,2.216060606060606,0.48676767676767674,-1.0657518007718969e-05,0.08464053189203764
6081,2.216060606060606,0.4927272727272727,-0.00042196576140292503,0.08472815821512047
6082,2.216060606060606,0.4986868686868686,0.0006034504195793793,0.0862904126344033
6083,2.216060606060606,0.5046464646464646,-0.0013565093945092873,0.08652434204035159
6084,2.216060606060606,0.5106060606060605,0.000624429858805726,0.08849263619151922
6085,2.216060606060606,0.5165656565656566,0.001826047607490976,0.09003768291277905
6086,2.216060606060606,0.5225252525252525,0.0007561336033024355,0.08920992865677829
6087,2.216060606060606,0.5284848484848484,0.0001004950690625546,0.0916788963928543
6088,2.216060606060606,0.5344444444444444,0.0009966052934633324,0.09225160678539109
6089,2.216060606060606,0.5404040404040403,0.001158275161054818,0.09308955945566619
6090,2.216060606060606,0.5463636363636363,-0.0006837255509653593,0.09455103508663198
6091,2.216060606060606,0.5523232323232323,0.00033170417626293095,0.09598217686056801
6092,2.216060606060606,0.5582828282828283,6.9351124463161e-05,0.09699073831057668
6093,2.216060606060606,0.5642424242424242,0.00045188361457943984,0.09869672684084065
6094,2.216060606060606,0.5702020202020202,0.0007484526504694178,0.09958343824531972
6095,2.216060606060606,0.5761616161616161,0.0010791461192166142,0.1005691644589307
6096,2.216060606060606,0.582121212121212,-0.0012042760892978278,0.10026864979736637
6097,2.216060606060606,0.588080808080808,0.00039310709123340946,0.10224767946627182
6098,2.216060606060606,0.594040404040404,-0.0009856739837854646,0.10316783486205228
6099,2.216060606060606,0.6,0.0009090164900660154,0.10302478214238803
6100,2.236161616161616,0.01,-6.0657824657235235e-06,0.0017260962661957652
6101,2.236161616161616,0.01595959595959596,1.4853519624899014e-05,0.0027742522193467067
6102,2.236161616161616,0.021919191919191918,-8.710826340369205e-06,0.0038312183564166505
6103,2.236161616161616,0.027878787878787878,2.6768511218699387e-05,0.004884011722104637
6104,2.236161616161616,0.033838383838383834,-8.557264932366583e-05,0.005877089467197089
6105,2.236161616161616,0.0397979797979798,6.834198578724642e-05,0.006888893533598184
6106,2.236161616161616,0.045757575757575754,-3.519505750634222e-06,0.008001671411767336
6107,2.236161616161616,0.05171717171717172,0.00013046217814206523,0.009047291703850173
6108,2.236161616161616,0.05767676767676767,2.5933743540057853e-05,0.010084519989508522
6109,2.236161616161616,0.06363636363636363,0.00015676128183824022,0.011066310733436243
6110,2.236161616161616,0.06959595959595959,-5.868975414499089e-06,0.012167554017348602
6111,2.236161616161616,0.07555555555555554,-0.00018586553379728836,0.013178727846216503
6112,2.236161616161616,0.0815151515151515,9.05368492080428e-05,0.014204472751767576
6113,2.236161616161616,0.08747474747474746,0.00024103523592273552,0.01532501293031192
6114,2.236161616161616,0.09343434343434343,0.0001805310440580373,0.016345579404264805
6115,2.236161616161616,0.09939393939393938,0.0001095571946008882,0.017506671081256586
6116,2.236161616161616,0.10535353535353534,0.00019596240139274003,0.018262572596688002
6117,2.236161616161616,0.1113131313131313,-0.00026682096392291596,0.019251237746691543
6118,2.236161616161616,0.11727272727272725,-0.00011237877312489684,0.02047950505426567
6119,2.236161616161616,0.12323232323232322,0.00021342145850706013,0.021676201079093883
6120,2.236161616161616,0.1291919191919192,1.5855945684528448e-05,0.02249377204267478
6121,2.236161616161616,0.13515151515151513,0.00035747592828707964,0.023697230669648257
6122,2.236161616161616,0.1411111111111111,-3.3854924089128404e-05,0.024671076147691835
6123,2.236161616161616,0.14707070707070707,-0.0001683773106166929,0.025408618934633174
6124,2.236161616161616,0.15303030303030302,5.811731947842391e-06,0.02678944355647148
6125,2.236161616161616,0.158989898989899,0.000634347973950514,0.02748877132684113
6126,2.236161616161616,0.16494949494949493,0.00017286690299570787,0.028725316007982837
6127,2.236161616161616,0.1709090909090909,-4.6148181904463124e-05,0.029645787287557002
6128,2.236161616161616,0.17686868686868687,0.00023499152015212657,0.030643696317864257
6129,2.236161616161616,0.1828282828282828,0.00012139024779442113,0.03198703404510597
6130,2.236161616161616,0.18878787878787878,6.610712556859526e-05,0.03300386609792516
6131,2.236161616161616,0.19474747474747472,-0.0003794085445011308,0.0342663363192456
6132,2.236161616161616,0.2007070707070707,-0.0003441921907924863,0.03486473599044957
6133,2.236161616161616,0.20666666666666667,-1.597041629622018e-05,0.0361017493031648
6134,2.236161616161616,0.2126262626262626,0.0003054814261561769,0.037244523516831565
6135,2.236161616161616,0.21858585858585858,0.0003586070168563313,0.03810954636039638
6136,2.236161616161616,0.22454545454545452,-0.00025924896202302484,0.03873665665671341
6137,2.236161616161616,0.2305050505050505,3.691804601590887e-06,0.03981871430904534
6138,2.236161616161616,0.23646464646464646,-0.000141556492352877,0.04138817060386532
6139,2.236161616161616,0.2424242424242424,-0.0003604903962283882,0.04201184623917107
6140,2.236161616161616,0.24838383838383837,-8.482058499107685e-05,0.0437697151004478
6141,2.236161616161616,0.2543434343434343,0.00013137579649093073,0.044758321442909
6142,2.236161616161616,0.26030303030303026,-0.0001539570977694967,0.04546547292373661
6143,2.236161616161616,0.26626262626262626,3.129288117219218e-05,0.04532571067709233
6144,2.236161616161616,0.2722222222222222,0.00010427895820967118,0.04797052074267462
6145,2.236161616161616,0.27818181818181814,-0.0002775338593680166,0.048048145122319676
6146,2.236161616161616,0.28414141414141414,-0.00019450356811621662,0.04975640228559887
6147,2.236161616161616,0.2901010101010101,0.00019596311248049636,0.050612984275826535
6148,2.236161616161616,0.296060606060606,-0.0002179924027479407,0.051702132579991435
6149,2.236161616161616,0.302020202020202,-0.0004633171706955575,0.052540334354458325
6150,2.236161616161616,0.30797979797979796,9.622732294947714e-05,0.05338307593084697
6151,2.236161616161616,0.3139393939393939,0.00018443742963602372,0.054312117638286535
6152,2.236161616161616,0.31989898989898985,0.00011906317119146324,0.05645371055609433
6153,2.236161616161616,0.32585858585858585,0.0003394368178171681,0.05698742649624464
6154,2.236161616161616,0.3318181818181818,-0.0001667150303916022,0.05816219648258478
6155,2.236161616161616,0.33777777777777773,-0.0006264420912131409,0.05903468235619392
6156,2.236161616161616,0.34373737373737373,-0.0008275356838595324,0.06012610024255244
6157,2.236161616161616,0.3496969696969697,-0.00044800209772381214,0.06076050671969226
6158,2.236161616161616,0.3556565656565656,0.0004234755418586281,0.06289097682124031
6159,2.236161616161616,0.3616161616161616,0.0006826206757946304,0.06306527721370182
6160,2.236161616161616,0.36757575757575756,0.0004574582696075119,0.06448187658238803
6161,2.236161616161616,0.3735353535353535,-0.0002719211958082568,0.06506203448294644
6162,2.236161616161616,0.37949494949494944,0.0012483759616734376,0.06730700348109418
6163,2.236161616161616,0.38545454545454544,0.0005238745983321731,0.06714911747385685
6164,2.236161616161616,0.3914141414141414,-0.00012594567969640477,0.06803819108018161
6165,2.236161616161616,0.3973737373737373,-0.00011945651117572546,0.06913949727964991
6166,2.236161616161616,0.4033333333333333,-0.0017135207717734443,0.07005542012858951
6167,2.236161616161616,0.40929292929292926,0.0004829292867517935,0.07160834203448341
6168,2.236161616161616,0.4152525252525252,-0.000406552623017586,0.07337303142499327
6169,2.236161616161616,0.42121212121212115,-0.00034230460065932554,0.07300294655517583
6170,2.236161616161616,0.42717171717171715,-0.0006580257681440089,0.07541770554378359
6171,2.236161616161616,0.4331313131313131,0.000511468209414919,0.07633096322247304
6172,2.236161616161616,0.43909090909090903,0.0007656963476454059,0.07779701064001532
6173,2.236161616161616,0.44505050505050503,-0.0009358909611695187,0.07782360247145204
6174,2.236161616161616,0.45101010101010097,-0.0008089208310111939,0.07833470479904757
6175,2.236161616161616,0.4569696969696969,-0.00025444129725256593,0.07938633682975157
6176,2.236161616161616,0.4629292929292929,-0.0007523689368882307,0.08065498266287878
6177,2.236161616161616,0.46888888888888886,-0.0016733345679446636,0.08212457352915102
6178,2.236161616161616,0.4748484848484848,-8.921272035117247e-05,0.08298353168328212
6179,2.236161616161616,0.48080808080808074,-0.0002151411640895012,0.08377657348015058
6180,2.236161616161616,0.48676767676767674,-0.00041523249385868173,0.08576849762357089
6181,2.236161616161616,0.4927272727272727,-0.0010994922988586588,0.08554080878566156
6182,2.236161616161616,0.4986868686868686,0.0001645624645010839,0.0870589773074202
6183,2.236161616161616,0.5046464646464646,8.284738923364767e-05,0.0878596134108748
6184,2.236161616161616,0.5106060606060605,0.0013753037216949543,0.08881840019887909
6185,2.236161616161616,0.5165656565656566,-8.626835818887012e-06,0.09067271715137973
6186,2.236161616161616,0.5225252525252525,0.00012263025227976257,0.09121809957948258
6187,2.236161616161616,0.5284848484848484,-0.0007771308112912523,0.09343944963190134
6188,2.236161616161616,0.5344444444444444,-0.001152200723900554,0.09431237341637332
6189,2.236161616161616,0.5404040404040403,-0.0013000916095929967,0.09452458812678437
6190,2.236161616161616,0.5463636363636363,-0.001406279508624043,0.09469078087194216
6191,2.236161616161616,0.5523232323232323,-8.481625302715567e-06,0.09718499680873689
6192,2.236161616161616,0.5582828282828283,-0.0008974492474192417,0.09902990478102307
6193,2.236161616161616,0.5642424242424242,-0.0003388751169701587,0.09898250092335534
6194,2.236161616161616,0.5702020202020202,0.00044105441781123355,0.10075543653662108
6195,2.236161616161616,0.5761616161616161,-0.0003618123990366381,0.10295493325768282
6196,2.236161616161616,0.582121212121212,-0.001660235679272418,0.1034003341283307
6197,2.236161616161616,0.588080808080808,-0.0007844227960269793,0.1030259073922878
6198,2.236161616161616,0.594040404040404,0.0015787528544708494,0.10588089494856218
6199,2.236161616161616,0.6,0.0004457900820324593,0.10644618514977876
6200,2.256262626262626,0.01,1.3237438101040467e-05,0.0017722898408707873
6201,2.256262626262626,0.01595959595959596,-3.2349425441032086e-05,0.0028380175371436212
6202,2.256262626262626,0.021919191919191918,3.574601356517337e-05,0.0038236164533762967
6203,2.256262626262626,0.027878787878787878,1.2131467148016272e-05,0.004935040329374642
6204,2.256262626262626,0.033838383838383834,5.4851215975097934e-05,0.006084728189872958
6205,2.256262626262626,0.0397979797979798,-2.0135366436359537e-05,0.007018274791366877
6206,2.256262626262626,0.045757575757575754,-0.00015236753593645452,0.008149256975935038
6207,2.256262626262626,0.05171717171717172,-5.602244220978448e-05,0.009233724322275759
6208,2.256262626262626,0.05767676767676767,6.126346609740636e-05,0.010158581073253898
6209,2.256262626262626,0.06363636363636363,0.00013327351360111747,0.01119943167012861
6210,2.256262626262626,0.06959595959595959,4.9062483924125475e-05,0.012293137720444158
6211,2.256262626262626,0.07555555555555554,-7.617612188629069e-05,0.013494339534504575
6212,2.256262626262626,0.0815151515151515,0.00018772750410201897,0.014568632694193165
6213,2.256262626262626,0.08747474747474746,0.00034385639867044184,0.015575401585612162
6214,2.256262626262626,0.09343434343434343,0.00030607348070715596,0.01657374294154028
6215,2.256262626262626,0.09939393939393938,0.00017589148997856623,0.01763088017698026
6216,2.256262626262626,0.10535353535353534,-3.6081245758803406e-05,0.018670082971812326
6217,2.256262626262626,0.1113131313131313,-8.556452564065868e-05,0.019813798175407175
6218,2.256262626262626,0.11727272727272725,8.585814289605072e-05,0.020647484677470466
6219,2.256262626262626,0.12323232323232322,9.327270970899041e-05,0.021769582430162523
6220,2.256262626262626,0.1291919191919192,-0.00044044176617582143,0.02263709198014866
6221,2.256262626262626,0.13515151515151513,-0.000340196495287684,0.02395390642993311
6222,2.256262626262626,0.1411111111111111,8.460071411770293e-05,0.024919859396127418
6223,2.256262626262626,0.14707070707070707,-0.00035462095979395947,0.026183363135314965
6224,2.256262626262626,0.15303030303030302,0.0005609866827144995,0.027348278695213203
6225,2.256262626262626,0.158989898989899,0.00011857848885772286,0.02822545385273368
6226,2.256262626262626,0.16494949494949493,0.0002867209752289186,0.029492555217926954
6227,2.256262626262626,0.1709090909090909,0.00024359498585456367,0.02991117919877595
6228,2.256262626262626,0.17686868686868687,0.0004054249248527763,0.03141608292846528
6229,2.256262626262626,0.1828282828282828,0.00040847340600705026,0.03223779290806844
6230,2.256262626262626,0.18878787878787878,0.00013029413001501043,0.033394250296583446
6231,2.256262626262626,0.19474747474747472,0.00017825477660275346,0.034803075577052096
6232,2.256262626262626,0.2007070707070707,-0.0001729882738615826,0.03565328118237674
6233,2.256262626262626,0.20666666666666667,-3.5994071833060646e-05,0.03686486360122363
6234,2.256262626262626,0.2126262626262626,0.000817325911685502,0.03804899959557597
6235,2.256262626262626,0.21858585858585858,1.4467727164404143e-05,0.03897245481029566
6236,2.256262626262626,0.22454545454545452,-0.00034809089228351146,0.039587914567304656
6237,2.256262626262626,0.2305050505050505,0.0004521144264570224,0.040717742879561016
6238,2.256262626262626,0.23646464646464646,0.00017259071857333565,0.042160748025837774
6239,2.256262626262626,0.2424242424242424,4.7513021387168096e-05,0.04298124769503091
6240,2.256262626262626,0.24838383838383837,-0.00022476159220307127,0.044364091928395494
6241,2.256262626262626,0.2543434343434343,0.0003744647171854706,0.04505762274989378
6242,2.256262626262626,0.26030303030303026,0.0004189715798427967,0.0468933259773837
6243,2.256262626262626,0.26626262626262626,0.0002491365350976137,0.04738786980934978
6244,2.256262626262626,0.2722222222222222,-6.197263158934359e-05,0.04839749844891024
6245,2.256262626262626,0.27818181818181814,-0.0009181223128235206,0.049239368476042746
6246,2.256262626262626,0.28414141414141414,0.0005359479495769274,0.050224461838536766
6247,2.256262626262626,0.2901010101010101,-0.0011768337577039046,0.05186162900014166
6248,2.256262626262626,0.296060606060606,0.0015498147285373162,0.05349103277827136
6249,2.256262626262626,0.302020202020202,-0.0008414241227319517,0.05331296962484562
6250,2.256262626262626,0.30797979797979796,0.00039337637732112185,0.05458043851019818
6251,2.256262626262626,0.3139393939393939,-0.00020385941981430325,0.05575720197920968
6252,2.256262626262626,0.31989898989898985,0.000635545525165837,0.05716089040623076
6253,2.256262626262626,0.32585858585858585,-0.0004265138293164537,0.05752927619346063
6254,2.256262626262626,0.3318181818181818,0.0014361562873407357,0.059258426697355156
6255,2.256262626262626,0.33777777777777773,0.0002083525574401274,0.060144288445875285
6256,2.256262626262626,0.34373737373737373,0.0007635407983557205,0.06127530359742867
6257,2.256262626262626,0.3496969696969697,-0.0003266704258320259,0.06242990276758476
6258,2.256262626262626,0.3556565656565656,0.0004205272057056206,0.06315296753527239
6259,2.256262626262626,0.3616161616161616,0.00045978864848422155,0.0639508760569518
6260,2.256262626262626,0.36757575757575756,-0.00017184148967145263,0.06569612842855801
6261,2.256262626262626,0.3735353535353535,-0.001201346346012294,0.06559226588573208
6262,2.256262626262626,0.37949494949494944,0.001461755876946941,0.0676085069422376
6263,2.256262626262626,0.38545454545454544,0.00027201458087206795,0.06782264974894663
6264,2.256262626262626,0.3914141414141414,-0.000650354726385746,0.06914135341194172
6265,2.256262626262626,0.3973737373737373,-0.00038065503951239556,0.07074330608220572
6266,2.256262626262626,0.4033333333333333,-0.0003223853737164287,0.07122607964466622
6267,2.256262626262626,0.40929292929292926,-0.0004155331937441257,0.0732821790194913
6268,2.256262626262626,0.4152525252525252,0.00010594224555112195,0.07421586808861017
6269,2.256262626262626,0.42121212121212115,0.0005591651522244995,0.07498516542363683
6270,2.256262626262626,0.42717171717171715,-0.00038724927553627716,0.07547540398831318
6271,2.256262626262626,0.4331313131313131,0.000587687942307116,0.07737240521225199
6272,2.256262626262626,0.43909090909090903,-0.0002021071112463784,0.07787286227707689
6273,2.256262626262626,0.44505050505050503,0.0011241163921432266,0.07918421498741557
6274,2.256262626262626,0.45101010101010097,-0.0011215369560840592,0.08122900334113262
6275,2.256262626262626,0.4569696969696969,-0.0006547752373764406,0.08082060393085538
6276,2.256262626262626,0.4629292929292929,-0.001822628565833798,0.08209589618820336
6277,2.256262626262626,0.46888888888888886,-8.884729363601833e-05,0.08436292879650654
6278,2.256262626262626,0.4748484848484848,-0.002322603420564139,0.08397177326575303
6279,2.256262626262626,0.48080808080808074,-0.0017636476459677098,0.08517669820952935
6280,2.256262626262626,0.48676767676767674,-0.0010015770455929975,0.086597057418118
6281,2.256262626262626,0.4927272727272727,0.0019511873499050655,0.08850266804218494
6282,2.256262626262626,0.4986868686868686,0.00027072365513816676,0.08943035481059354
6283,2.256262626262626,0.5046464646464646,-6.530377173319946e-05,0.09006639637537085
6284,2.256262626262626,0.5106060606060605,-0.0005619666703480273,0.0906177844035498
6285,2.256262626262626,0.5165656565656566,-0.0007434366279579135,0.09245223374993893
6286,2.256262626262626,0.5225252525252525,-0.00011556391433357876,0.09355399262371848
6287,2.256262626262626,0.5284848484848484,0.0004914379485480484,0.09388825459057566
6288,2.256262626262626,0.5344444444444444,-0.0003589986232027304,0.09544575941114991
6289,2.256262626262626,0.5404040404040403,0.0004240788062653656,0.09706862502967001
6290,2.256262626262626,0.5463636363636363,-0.0006600090516954403,0.09789011575069832
6291,2.256262626262626,0.5523232323232323,-0.0004397166959055603,0.09931010776448751
6292,2.256262626262626,0.5582828282828283,1.319038601458864e-05,0.10051152082965703
6293,2.256262626262626,0.5642424242424242,-0.0012085976384396684,0.099048352080358
6294,2.256262626262626,0.5702020202020202,0.00017069431700877385,0.10168580663104168
6295,2.256262626262626,0.5761616161616161,-0.0003274050842827374,0.10268554423443042
6296,2.256262626262626,0.582121212121212,-0.00043421527155527697,0.10480156088266335
6297,2.256262626262626,0.588080808080808,0.001017166276288095,0.10592077120507634
6298,2.256262626262626,0.594040404040404,-0.0006854009112713582,0.1057250239449057
6299,2.256262626262626,0.6,-0.0011608817005538774,0.10758286543395659
6300,2.2763636363636364,0.01,2.342337541534466e-05,0.0017927484254782228
6301,2.2763636363636364,0.01595959595959596,-1.0865870104749642e-05,0.0028836917256332946
6302,2.2763636363636364,0.021919191919191918,-2.699171479476242e-05,0.003943650858455629
6303,2.2763636363636364,0.027878787878787878,3.705454189431975e-05,0.0050010699656831345
6304,2.2763636363636364,0.033838383838383834,-4.8997833990128585e-06,0.0060670499454653784
6305,2.2763636363636364,0.0397979797979798,8.822795739773175e-05,0.007153399924341488
6306,2.2763636363636364,0.045757575757575754,-5.0994430482942174e-05,0.008274346743752143
6307,2.2763636363636364,0.05171717171717172,-0.00016710353153711339,0.009270782494698008
6308,2.2763636363636364,0.05767676767676767,-5.8050972046272184e-05,0.010293130439559175
6309,2.2763636363636364,0.06363636363636363,0.0002072061897502682,0.011503812664758197
6310,2.2763636363636364,0.06959595959595959,-0.00011244737855048202,0.012589450998601313
6311,2.2763636363636364,0.07555555555555554,-8.338203045975399e-05,0.01363334191099548
6312,2.2763636363636364,0.0815151515151515,0.0003036137401108856,0.014619386789559555
6313,2.2763636363636364,0.08747474747474746,2.3849753509044292e-05,0.015880970247593735
6314,2.2763636363636364,0.09343434343434343,-9.052746285764226e-05,0.016862567071476434
6315,2.2763636363636364,0.09939393939393938,-0.00014213607493573878,0.017823434009285967
6316,2.2763636363636364,0.10535353535353534,-1.4362269768217705e-05,0.018982186973097004
6317,2.2763636363636364,0.1113131313131313,0.00015126397097047373,0.01998189416719323
6318,2.2763636363636364,0.11727272727272725,0.00032844026664380913,0.021126851612000327
6319,2.2763636363636364,0.12323232323232322,-0.00012871024336920115,0.02199007048974876
6320,2.2763636363636364,0.1291919191919192,0.000247743119248427,0.02312624973014398
6321,2.2763636363636364,0.13515151515151513,-8.149062632312956e-05,0.02430927665318102
6322,2.2763636363636364,0.1411111111111111,-0.0001556399368972662,0.025799879975275553
6323,2.2763636363636364,0.14707070707070707,-0.0005206633012636045,0.02654244556918607
6324,2.2763636363636364,0.15303030303030302,-0.00024131846190151185,0.02776073119944006
6325,2.2763636363636364,0.158989898989899,-0.00027482109244190246,0.028388191476793903
6326,2.2763636363636364,0.16494949494949493,-0.0004286251643116532,0.029713635882218294
6327,2.2763636363636364,0.1709090909090909,-2.2983498606792207e-05,0.03067041518052009
6328,2.2763636363636364,0.17686868686868687,-0.0007494902771041994,0.031974293953507815
6329,2.2763636363636364,0.1828282828282828,0.0008002319655394189,0.03310761737126118
6330,2.2763636363636364,0.18878787878787878,0.0006066947935406569,0.0340276428787311
6331,2.2763636363636364,0.19474747474747472,-0.0006491363493871948,0.035209366785241496
6332,2.2763636363636364,0.2007070707070707,-0.00013613225313539726,0.03583906505439805
6333,2.2763636363636364,0.20666666666666667,-0.0003508303083647897,0.037105766071784896
6334,2.2763636363636364,0.2126262626262626,-4.125190015361384e-05,0.03832170880717366
6335,2.2763636363636364,0.21858585858585858,-0.000336586129882946,0.039247974015477784
6336,2.2763636363636364,0.22454545454545452,0.0004943418691199791,0.04044224603537323
6337,2.2763636363636364,0.2305050505050505,-0.0005249864334449184,0.041540760887186993
6338,2.2763636363636364,0.23646464646464646,-0.00043169182944128605,0.042388903359385194
6339,2.2763636363636364,0.2424242424242424,-0.00022642337011473805,0.04358957964774247
6340,2.2763636363636364,0.24838383838383837,-0.0003137439779609667,0.044816382800152474
6341,2.2763636363636364,0.2543434343434343,0.00020889154536682226,0.04516880544027169
6342,2.2763636363636364,0.26030303030303026,0.00010024861698444843,0.04688658721286097
6343,2.2763636363636364,0.26626262626262626,-0.0003194474906132367,0.048490872222451804
6344,2.2763636363636364,0.2722222222222222,-0.00044958288439047564,0.049214055757353076
6345,2.2763636363636364,0.27818181818181814,0.00027487960511220157,0.050648288431461144
6346,2.2763636363636364,0.28414141414141414,-0.00011576197930628833,0.0508759376348526
6347,2.2763636363636364,0.2901010101010101,0.00012422876634876775,0.05230147577904818
6348,2.2763636363636364,0.296060606060606,-0.00010588551839721272,0.05389029885814221
6349,2.2763636363636364,0.302020202020202,-0.0008095129009807898,0.05403255775366588
6350,2.2763636363636364,0.30797979797979796,-0.00024408202709758493,0.05611817840613185
6351,2.2763636363636364,0.3139393939393939,1.6088208272827488e-05,0.056456999955440734
6352,2.2763636363636364,0.31989898989898985,0.0005402101796435835,0.05776561029284756
6353,2.2763636363636364,0.32585858585858585,-0.00039528798804135666,0.05865216322287369
6354,2.2763636363636364,0.3318181818181818,0.0001129530903121235,0.06109676955736426
6355,2.2763636363636364,0.33777777777777773,-0.00048158182483953855,0.06036010700102811
6356,2.2763636363636364,0.34373737373737373,0.0003245122422089757,0.06255582722950953
6357,2.2763636363636364,0.3496969696969697,-4.284029370657701e-05,0.0639728376817324
6358,2.2763636363636364,0.3556565656565656,-0.0006224768881575063,0.0642520547422454
6359,2.2763636363636364,0.3616161616161616,0.0006790115891511473,0.06540040384519219
6360,2.2763636363636364,0.36757575757575756,-0.000763284717614059,0.0663686002690967
6361,2.2763636363636364,0.3735353535353535,0.0005387239789800022,0.06792140151461118
6362,2.2763636363636364,0.37949494949494944,-0.0008340194918070777,0.06840094041071543
6363,2.2763636363636364,0.38545454545454544,-0.0005697387576505188,0.07014597117847875
6364,2.2763636363636364,0.3914141414141414,-0.0008318838344795733,0.0704827763690962
6365,2.2763636363636364,0.3973737373737373,-0.0006206754699094417,0.07083298541433443
6366,2.2763636363636364,0.4033333333333333,-0.0003350570752803085,0.07295927719048903
6367,2.2763636363636364,0.40929292929292926,0.0007188765073752984,0.07326059305922186
6368,2.2763636363636364,0.4152525252525252,-0.00016356047389584746,0.07506249487090018
6369,2.2763636363636364,0.42121212121212115,0.00046902957153929526,0.07690360350560964
6370,2.2763636363636364,0.42717171717171715,0.0008365003600896581,0.07775394479847951
6371,2.2763636363636364,0.4331313131313131,-0.0006115510634196758,0.07871964208379606
6372,2.2763636363636364,0.43909090909090903,0.00013432059210550574,0.07984195490948458
6373,2.2763636363636364,0.44505050505050503,0.0005837015482816021,0.08021454227226285
6374,2.2763636363636364,0.45101010101010097,0.0005860534230350376,0.0820463475491749
6375,2.2763636363636364,0.4569696969696969,0.00011993572498865075,0.08265151727580503
6376,2.2763636363636364,0.4629292929292929,0.0019535177126690675,0.08480056000246307
6377,2.2763636363636364,0.46888888888888886,-0.001068580538716794,0.08619506368782329
6378,2.2763636363636364,0.4748484848484848,0.00042530036612725393,0.08604348123933821
6379,2.2763636363636364,0.48080808080808074,0.00018387063892313563,0.08647317763366097
6380,2.2763636363636364,0.48676767676767674,0.0009464417502347153,0.08948708345425958
6381,2.2763636363636364,0.4927272727272727,8.338614066992638e-05,0.08914302171865901
6382,2.2763636363636364,0.4986868686868686,0.0012309758535727577,0.09128254791190912
6383,2.2763636363636364,0.5046464646464646,0.0004735948156681738,0.09277394995827859
6384,2.2763636363636364,0.5106060606060605,1.502331204798253e-05,0.09256077519123103
6385,2.2763636363636364,0.5165656565656566,0.0004399784917142956,0.0933461408007034
6386,2.2763636363636364,0.5225252525252525,0.0012044930550757537,0.09554544170895968
6387,2.2763636363636364,0.5284848484848484,9.417264757242493e-06,0.09496245408205087
6388,2.2763636363636364,0.5344444444444444,-2.2700577857265893e-05,0.09768675044406394
6389,2.2763636363636364,0.5404040404040403,-0.0008979518725105911,0.09879173428262361
6390,2.2763636363636364,0.5463636363636363,-0.0005405366707687783,0.09971839370615317
6391,2.2763636363636364,0.5523232323232323,0.0008763276319311166,0.1006917237081965
6392,2.2763636363636364,0.5582828282828283,-0.0011288866231125951,0.10199718051587067
6393,2.2763636363636364,0.5642424242424242,0.0014467848193727957,0.10292377440807343
6394,2.2763636363636364,0.5702020202020202,0.0011851090741222172,0.10507877221013419
6395,2.2763636363636364,0.5761616161616161,0.00019524595226309157,0.10449790325814061
6396,2.2763636363636364,0.582121212121212,-0.0008272503928998291,0.10498898305591844
6397,2.2763636363636364,0.588080808080808,-0.0007262244646485033,0.10727811885796684
6398,2.2763636363636364,0.594040404040404,0.0010086416296762324,0.10870469354859441
6399,2.2763636363636364,0.6,-0.0003637203625921821,0.11111052993281045
6400,2.2964646464646465,0.01,1.908560976010487e-05,0.0018034897690930973
6401,2.2964646464646465,0.01595959595959596,-4.231569693766691e-05,0.0028995737885681664
6402,2.2964646464646465,0.021919191919191918,4.568205791343619e-05,0.00397079262532688
6403,2.2964646464646465,0.027878787878787878,9.405947036876832e-05,0.005068168149118275
6404,2.2964646464646465,0.033838383838383834,-3.6812807544705506e-06,0.006115832454333717
6405,2.2964646464646465,0.0397979797979798,4.6531531070332024e-05,0.007310766991268472
6406,2.2964646464646465,0.045757575757575754,-0.00011229878320710985,0.008335840118342652
6407,2.2964646464646465,0.05171717171717172,-7.563190259142102e-05,0.009351550545708711
6408,2.2964646464646465,0.05767676767676767,5.463283407800365e-05,0.010553755060628393
6409,2.2964646464646465,0.06363636363636363,-0.0002355221297032877,0.011520743587229107
6410,2.2964646464646465,0.06959595959595959,-6.287690375338196e-05,0.012830137594519096
6411,2.2964646464646465,0.07555555555555554,0.00019189426718076857,0.013772221197968953
6412,2.2964646464646465,0.0815151515151515,0.0001431870010470107,0.014781125548759199
6413,2.2964646464646465,0.08747474747474746,0.0001226043744559196,0.0159985286183521
6414,2.2964646464646465,0.09343434343434343,0.00019303679522173368,0.0168729086518011
6415,2.2964646464646465,0.09939393939393938,0.00017509714698642293,0.018137691934747343
6416,2.2964646464646465,0.10535353535353534,6.437359319639561e-05,0.019359533208115814
6417,2.2964646464646465,0.1113131313131313,-0.0002807537095220279,0.020400738188777832
6418,2.2964646464646465,0.11727272727272725,-0.00024105472183687455,0.0212670866159936
6419,2.2964646464646465,0.12323232323232322,-4.845826704592211e-05,0.022697895512873364
6420,2.2964646464646465,0.1291919191919192,0.0002827083483703606,0.023637013405003588
6421,2.2964646464646465,0.13515151515151513,5.0704536456696124e-05,0.024716137954116733
6422,2.2964646464646465,0.1411111111111111,-0.00028328458155709005,0.02598522560635542
6423,2.2964646464646465,0.14707070707070707,-0.00018625758371662446,0.026872613124279306
6424,2.2964646464646465,0.15303030303030302,0.00011103480593094997,0.02805080867900338
6425,2.2964646464646465,0.158989898989899,0.0006918051764310859,0.02903997153070191
6426,2.2964646464646465,0.16494949494949493,0.00011698503580000882,0.03010468257780991
6427,2.2964646464646465,0.1709090909090909,0.0003907806889811759,0.031389419002702944
6428,2.2964646464646465,0.17686868686868687,0.000676565004382487,0.03264604577570858
6429,2.2964646464646465,0.1828282828282828,-0.00031244902445427006,0.03327321877219258
6430,2.2964646464646465,0.18878787878787878,0.0003631108097853446,0.03477819608979515
6431,2.2964646464646465,0.19474747474747472,-0.00016477333852876058,0.03595096703642907
6432,2.2964646464646465,0.2007070707070707,-0.00016352676682721302,0.036882317635344546
6433,2.2964646464646465,0.20666666666666667,0.0001994946124289171,0.038152554815323786
6434,2.2964646464646465,0.2126262626262626,-1.1339250970146308e-05,0.038832505506241295
6435,2.2964646464646465,0.21858585858585858,-0.0008191760148844125,0.039883539496782076
6436,2.2964646464646465,0.22454545454545452,-0.0004405269379588936,0.041019977813384116
6437,2.2964646464646465,0.2305050505050505,-0.00019593453396531336,0.04302705163441415
6438,2.2964646464646465,0.23646464646464646,7.019759933900444e-05,0.043292621086680604
6439,2.2964646464646465,0.2424242424242424,0.0004046740309354795,0.045032740829688625
6440,2.2964646464646465,0.24838383838383837,-0.0002495980353249067,0.04553086667805444
6441,2.2964646464646465,0.2543434343434343,-0.00013550132472262265,0.04632654294916007
6442,2.2964646464646465,0.26030303030303026,0.0005910910229892863,0.04828960400798809
6443,2.2964646464646465,0.26626262626262626,-0.0005163625221663818,0.048265666809086526
6444,2.2964646464646465,0.2722222222222222,-0.00024097173627659444,0.049782308207506856
6445,2.2964646464646465,0.27818181818181814,-0.0005621074597214539,0.05088664914961354
6446,2.2964646464646465,0.28414141414141414,-1.1716067875366409e-05,0.05297288250248947
6447,2.2964646464646465,0.2901010101010101,0.000524878781795001,0.052652653877711966
6448,2.2964646464646465,0.296060606060606,0.00014326165102237582,0.053808929570437175
6449,2.2964646464646465,0.302020202020202,-0.00024293528239744796,0.05460962157210806
6450,2.2964646464646465,0.30797979797979796,0.000273801470464215,0.056661517592611295
6451,2.2964646464646465,0.3139393939393939,0.0008422582108778719,0.0583623265896871
6452,2.2964646464646465,0.31989898989898985,-0.0007929811875649328,0.05854412178683551
6453,2.2964646464646465,0.32585858585858585,1.785751492942609e-05,0.060074270274679785
6454,2.2964646464646465,0.3318181818181818,-0.00019424100538850166,0.06118147187948958
6455,2.2964646464646465,0.33777777777777773,-8.565111910316104e-06,0.06109858300903088
6456,2.2964646464646465,0.34373737373737373,0.00044491588105666826,0.06308312647750608
6457,2.2964646464646465,0.3496969696969697,-0.0005336438916463357,0.06378801740632292
6458,2.2964646464646465,0.3556565656565656,-0.0001977072580431221,0.06585137398885313
6459,2.2964646464646465,0.3616161616161616,-2.2859702041534402e-05,0.06578220568199106
6460,2.2964646464646465,0.36757575757575756,0.0005948378861491305,0.06630773287819745
6461,2.2964646464646465,0.3735353535353535,0.0007227290547701985,0.06867000061150522
6462,2.2964646464646465,0.37949494949494944,-0.00032090674252846437,0.06882189837407697
6463,2.2964646464646465,0.38545454545454544,0.0005607229802746313,0.07127871746547126
6464,2.2964646464646465,0.3914141414141414,-0.00012492143601792823,0.0728369182087368
6465,2.2964646464646465,0.3973737373737373,0.0005340283209494084,0.07356312283780553
6466,2.2964646464646465,0.4033333333333333,0.00040071569347451084,0.07375087390068659
6467,2.2964646464646465,0.40929292929292926,4.478114034785501e-05,0.07554996589777108
6468,2.2964646464646465,0.4152525252525252,0.0007715383133017884,0.07629703926573482
6469,2.2964646464646465,0.42121212121212115,0.00021432145131240854,0.07762243800180922
6470,2.2964646464646465,0.42717171717171715,0.0005095043870873031,0.07924290899185525
6471,2.2964646464646465,0.4331313131313131,0.002163516768252857,0.0802886113045763
6472,2.2964646464646465,0.43909090909090903,-0.0007506245528365857,0.08066166998886444
6473,2.2964646464646465,0.44505050505050503,0.000615750088039108,0.08208338356651015
6474,2.2964646464646465,0.45101010101010097,-0.0010058999920213594,0.08364050176938259
6475,2.2964646464646465,0.4569696969696969,-0.00023614486462938036,0.08482404611080928
6476,2.2964646464646465,0.4629292929292929,0.001358756584075118,0.08526895185914585
6477,2.2964646464646465,0.46888888888888886,-0.00012520200853018463,0.08736706440907109
6478,2.2964646464646465,0.4748484848484848,0.001229996801782744,0.08806942701593855
6479,2.2964646464646465,0.48080808080808074,-0.0009768927102150452,0.08857297962499747
6480,2.2964646464646465,0.48676767676767674,0.0003931752922219944,0.08915301611370485
6481,2.2964646464646465,0.4927272727272727,-0.0013204412432937093,0.09125575119423333
6482,2.2964646464646465,0.4986868686868686,-0.0008598166261640344,0.09351519700337906
6483,2.2964646464646465,0.5046464646464646,-0.0008523081482309643,0.09224324927916906
6484,2.2964646464646465,0.5106060606060605,-0.00048144209163248074,0.09437247152673789
6485,2.2964646464646465,0.5165656565656566,-0.0015111883654688797,0.0954812890745088
6486,2.2964646464646465,0.5225252525252525,-0.002516770779600993,0.0955292088645173
6487,2.2964646464646465,0.5284848484848484,0.0015181444103265131,0.0982305839259877
6488,2.2964646464646465,0.5344444444444444,0.00036152028817688084,0.09792507963200645
6489,2.2964646464646465,0.5404040404040403,0.0021298721261633112,0.10078933394163694
6490,2.2964646464646465,0.5463636363636363,0.0010810715260415613,0.10228869707018086
6491,2.2964646464646465,0.5523232323232323,0.0016993270829424446,0.10381643018781508
6492,2.2964646464646465,0.5582828282828283,0.00038558577032978843,0.10261031621258548
6493,2.2964646464646465,0.5642424242424242,-0.0006086442349332782,0.10428774508694383
6494,2.2964646464646465,0.5702020202020202,0.0006558320671344504,0.10621260155727132
6495,2.2964646464646465,0.5761616161616161,2.3056192751860216e-05,0.10721625186994894
6496,2.2964646464646465,0.582121212121212,-0.0008626831609057973,0.10767278242072391
6497,2.2964646464646465,0.588080808080808,0.0005723177855530389,0.10880245217409433
6498,2.2964646464646465,0.594040404040404,0.0012926564272758973,0.1114016396119725
6499,2.2964646464646465,0.6,-0.000274086974420084,0.11272570725856225
6500,2.3165656565656567,0.01,-3.4093089923134646e-06,0.0018651593849126366
6501,2.3165656565656567,0.01595959595959596,-2.2380582088171408e-05,0.0029548797498574835
6502,2.3165656565656567,0.021919191919191918,-9.739511641317644e-06,0.004084540916716596
6503,2.3165656565656567,0.027878787878787878,6.144256279709343e-05,0.005145048441116506
6504,2.3165656565656567,0.033838383838383834,-1.1871839733348644e-05,0.00628763449248731
6505,2.3165656565656567,0.0397979797979798,-0.00014302219534996944,0.007373764550269665
6506,2.3165656565656567,0.045757575757575754,-6.214111945867998e-05,0.008466611658941945
6507,2.3165656565656567,0.05171717171717172,-0.00011754540105209346,0.00964067067626426
6508,2.3165656565656567,0.05767676767676767,-4.5941347504222676e-05,0.010676840135257267
6509,2.3165656565656567,0.06363636363636363,-3.041791152792217e-05,0.011946133982764591
6510,2.3165656565656567,0.06959595959595959,-0.00015307998311489822,0.01284645246898328
6511,2.3165656565656567,0.07555555555555554,3.610302886245198e-07,0.01396678276001345
6512,2.3165656565656567,0.0815151515151515,-9.104834326368203e-05,0.015128058872433767
6513,2.3165656565656567,0.08747474747474746,-6.434066386152659e-06,0.016356878956990457
6514,2.3165656565656567,0.09343434343434343,-0.00025886133379804263,0.017571357308061947
6515,2.3165656565656567,0.09939393939393938,-0.00010633788697880145,0.018483483918008952
6516,2.3165656565656567,0.10535353535353534,0.00033274030891884313,0.019256452553221594
6517,2.3165656565656567,0.1113131313131313,0.00013850145731957738,0.020838357511294103
6518,2.3165656565656567,0.11727272727272725,-0.00010548631815483307,0.02160526861839048
6519,2.3165656565656567,0.12323232323232322,0.0002996333954290463,0.022863711671983762
6520,2.3165656565656567,0.1291919191919192,-4.781267946093266e-05,0.023927608591294704
6521,2.3165656565656567,0.13515151515151513,-0.00032704552168612766,0.02503037077596643
6522,2.3165656565656567,0.1411111111111111,-0.0001223242617728726,0.02591363228387119
6523,2.3165656565656567,0.14707070707070707,-0.00012576063057706345,0.027302138446842428
6524,2.3165656565656567,0.15303030303030302,-0.00026575247005670657,0.028479676041204778
6525,2.3165656565656567,0.158989898989899,0.00024258967729165603,0.029630963782653688
6526,2.3165656565656567,0.16494949494949493,-0.00021335463314906314,0.03046405887377315
6527,2.3165656565656567,0.1709090909090909,-0.0003765611228966173,0.03158815700653507
6528,2.3165656565656567,0.17686868686868687,-0.0006917903999849372,0.033064903810993806
6529,2.3165656565656567,0.1828282828282828,0.00022212970761316568,0.03417358330261998
6530,2.3165656565656567,0.18878787878787878,-0.0001098482006728613,0.035087729549358154
6531,2.3165656565656567,0.19474747474747472,0.00023589091297096081,0.03648299460483328
6532,2.3165656565656567,0.2007070707070707,0.0009010386885770856,0.03676223396058219
6533,2.3165656565656567,0.20666666666666667,0.0005229094086649511,0.03845375848320328
6534,2.3165656565656567,0.2126262626262626,-0.000450719410925014,0.03986098979401135
6535,2.3165656565656567,0.21858585858585858,-1.7504661003449273e-05,0.03986628352689849
6536,2.3165656565656567,0.22454545454545452,-7.916799178693685e-05,0.04177095331795282
6537,2.3165656565656567,0.2305050505050505,0.000188539961490845,0.043300515489172166
6538,2.3165656565656567,0.23646464646464646,0.000426842233480685,0.0437627419136764
6539,2.3165656565656567,0.2424242424242424,0.00043081876049169,0.044978675650031094
6540,2.3165656565656567,0.24838383838383837,-0.0005621389956230921,0.046685780032471993
6541,2.3165656565656567,0.2543434343434343,-0.00041023219647787066,0.047295536944172406
6542,2.3165656565656567,0.26030303030303026,0.0006037479021947472,0.04842305996926018
6543,2.3165656565656567,0.26626262626262626,0.0004665603683056746,0.04935557209732634
6544,2.3165656565656567,0.2722222222222222,-0.0004421401450059128,0.050378471008656944
6545,2.3165656565656567,0.27818181818181814,0.0010108868018486581,0.052263484619361256
6546,2.3165656565656567,0.28414141414141414,0.000365886908967419,0.05307269439519164
6547,2.3165656565656567,0.2901010101010101,0.0007736855493815254,0.05454999425547375
6548,2.3165656565656567,0.296060606060606,-0.000235727110265489,0.05468154770212102
6549,2.3165656565656567,0.302020202020202,0.0001409639125730468,0.05616554408986651
6550,2.3165656565656567,0.30797979797979796,-7.011251427082392e-05,0.05729840882321593
6551,2.3165656565656567,0.3139393939393939,0.0008238896359121575,0.0587842166768779
6552,2.3165656565656567,0.31989898989898985,8.68367859916935e-05,0.0594620890040158
6553,2.3165656565656567,0.32585858585858585,0.0006502137535410458,0.06057436222191295
6554,2.3165656565656567,0.3318181818181818,-7.913737021797319e-05,0.060774455615751954
6555,2.3165656565656567,0.33777777777777773,-0.00045294882194526755,0.06285437761607468
6556,2.3165656565656567,0.34373737373737373,0.000968596002053231,0.06387569430087525
6557,2.3165656565656567,0.3496969696969697,0.0004435763359918543,0.06441310023823553
6558,2.3165656565656567,0.3556565656565656,0.0018270262541564576,0.06682467477667808
6559,2.3165656565656567,0.3616161616161616,-0.00023519041921511494,0.06802453609048649
6560,2.3165656565656567,0.36757575757575756,-0.000255582426433249,0.06835155965162963
6561,2.3165656565656567,0.3735353535353535,-0.0007541248357575817,0.06920731311716821
6562,2.3165656565656567,0.37949494949494944,-0.0002512565628895307,0.07039890756096331
6563,2.3165656565656567,0.38545454545454544,-3.230132444777838e-05,0.07147673973972186
6564,2.3165656565656567,0.3914141414141414,-0.0007763849767838804,0.07206566450212125
6565,2.3165656565656567,0.3973737373737373,-0.0008490205945733509,0.07454429058218423
6566,2.3165656565656567,0.4033333333333333,-0.0010910899182635977,0.07466601305987244
6567,2.3165656565656567,0.40929292929292926,0.0004779308236534513,0.07593859052037173
6568,2.3165656565656567,0.4152525252525252,0.00029113572853990943,0.07709384501061695
6569,2.3165656565656567,0.42121212121212115,-0.0007630380458672288,0.0794451214464522
6570,2.3165656565656567,0.42717171717171715,-0.0006285873893870701,0.08022507405577398
6571,2.3165656565656567,0.4331313131313131,0.00030233950719635517,0.08013301362999764
6572,2.3165656565656567,0.43909090909090903,-1.0126318810549772e-05,0.08260755854329413
6573,2.3165656565656567,0.44505050505050503,0.00054910615526913,0.08392801547271396
6574,2.3165656565656567,0.45101010101010097,0.0011321235387374094,0.08448512388381287
6575,2.3165656565656567,0.4569696969696969,-0.00035686496229036537,0.08449879332523787
6576,2.3165656565656567,0.4629292929292929,0.001616732087942982,0.08751906422480511
6577,2.3165656565656567,0.46888888888888886,-0.00042019455145781716,0.08813585334940104
6578,2.3165656565656567,0.4748484848484848,0.000374404033949856,0.08865996829131473
6579,2.3165656565656567,0.48080808080808074,2.6901932465314627e-05,0.08974882340686924
6580,2.3165656565656567,0.48676767676767674,0.00017808159111346126,0.0909723768329681
6581,2.3165656565656567,0.4927272727272727,0.0004543898697063865,0.0927125931401516
6582,2.3165656565656567,0.4986868686868686,0.00034430757881168204,0.09225068699264435
6583,2.3165656565656567,0.5046464646464646,-0.002020856959096618,0.09464090328087302
6584,2.3165656565656567,0.5106060606060605,0.001218869620866837,0.09555949188214795
6585,2.3165656565656567,0.5165656565656566,0.0015487829648254657,0.09827199521107596
6586,2.3165656565656567,0.5225252525252525,0.00040909042017478735,0.09908008618838861
6587,2.3165656565656567,0.5284848484848484,-0.0006852039001546666,0.0987448827498628
6588,2.3165656565656567,0.5344444444444444,0.0007750800991893279,0.10116126809765526
6589,2.3165656565656567,0.5404040404040403,-5.816887083962037e-05,0.10194051843187199
6590,2.3165656565656567,0.5463636363636363,-0.0024059833990901906,0.10209338956003698
6591,2.3165656565656567,0.5523232323232323,-0.0005100719156200033,0.10260354052469142
6592,2.3165656565656567,0.5582828282828283,9.00794716816982e-05,0.10472682235543712
6593,2.3165656565656567,0.5642424242424242,0.0006793234782314846,0.10713221501923113
6594,2.3165656565656567,0.5702020202020202,0.0010427166096715322,0.10720857680412271
6595,2.3165656565656567,0.5761616161616161,0.0007105676642319865,0.1082115318684167
6596,2.3165656565656567,0.582121212121212,0.0002769331280014087,0.10931259738590973
6597,2.3165656565656567,0.588080808080808,-0.0003813273856197117,0.11054205136855128
6598,2.3165656565656567,0.594040404040404,-0.0020643920783442724,0.11223225258031827
6599,2.3165656565656567,0.6,-0.00010540357597895296,0.11177613275515677
6600,2.336666666666667,0.01,-2.5689559438046185e-06,0.001890335947014562
6601,2.336666666666667,0.01595959595959596,1.5123409539020739e-05,0.0030252188291729487
6602,2.336666666666667,0.021919191919191918,-6.242058985118115e-06,0.004056701338707328
6603,2.336666666666667,0.027878787878787878,2.5682984374353635e-05,0.00525234871849976
6604,2.336666666666667,0.033838383838383834,1.1331347895327015e-05,0.006331343065356075
6605,2.336666666666667,0.0397979797979798,9.422169359911215e-05,0.007488023435045732
6606,2.336666666666667,0.045757575757575754,-0.00015555530886258634,0.008631459863307484
6607,2.336666666666667,0.05171717171717172,9.049312371332384e-05,0.009777386431572463
6608,2.336666666666667,0.05767676767676767,-0.0001239102247700578,0.01092511534944022
6609,2.336666666666667,0.06363636363636363,0.00014154852272460497,0.012033614731905647
6610,2.336666666666667,0.06959595959595959,0.00010215861184458659,0.013193527061474867
6611,2.336666666666667,0.07555555555555554,-0.00012094038978976702,0.013962039932143644
6612,2.336666666666667,0.0815151515151515,-4.902932126763759e-06,0.015393551802536218
6613,2.336666666666667,0.08747474747474746,7.322949518253397e-06,0.016476928572897842
6614,2.336666666666667,0.09343434343434343,3.464659326490538e-07,0.017444309224699053
6615,2.336666666666667,0.09939393939393938,-0.0002712159845978272,0.01890443708109101
6616,2.336666666666667,0.10535353535353534,-3.963973144076017e-06,0.020114339763286318
6617,2.336666666666667,0.1113131313131313,-0.0001969261121872056,0.020905545921783432
6618,2.336666666666667,0.11727272727272725,-4.941324948464138e-05,0.022306757199241887
6619,2.336666666666667,0.12323232323232322,-3.4416004549075117e-05,0.023120125743811767
6620,2.336666666666667,0.1291919191919192,0.00016268241266924045,0.02436688911451204
6621,2.336666666666667,0.13515151515151513,1.6010555233605706e-05,0.025462831340360276
6622,2.336666666666667,0.1411111111111111,-0.00012072701805339064,0.02669389717996249
6623,2.336666666666667,0.14707070707070707,-4.9735865820828143e-05,0.02814805696952068
6624,2.336666666666667,0.15303030303030302,-7.146392698399043e-05,0.029021401983342472
6625,2.336666666666667,0.158989898989899,5.787910784098808e-05,0.030024206051499292
6626,2.336666666666667,0.16494949494949493,-0.00048632674084669246,0.03077663324547647
6627,2.336666666666667,0.1709090909090909,-0.00035831207602358934,0.03209511837134251
6628,2.336666666666667,0.17686868686868687,0.00027468499264761247,0.033252655988569045
6629,2.336666666666667,0.1828282828282828,-0.0002429243003282155,0.03418332559755422
6630,2.336666666666667,0.18878787878787878,-0.00017763976249143558,0.035458200658416976
6631,2.336666666666667,0.19474747474747472,-0.0001241964024072231,0.036668938073294494
6632,2.336666666666667,0.2007070707070707,-0.0001005899009618016,0.03758559874589111
6633,2.336666666666667,0.20666666666666667,-0.0007295468229869697,0.03962466501921824
6634,2.336666666666667,0.2126262626262626,0.00015333978175753715,0.04035342065175016
6635,2.336666666666667,0.21858585858585858,4.9642666744720066e-05,0.041207273539344134
6636,2.336666666666667,0.22454545454545452,-0.00022023647172758295,0.042528985011648236
6637,2.336666666666667,0.2305050505050505,0.00028706705583374947,0.04304807327536717
6638,2.336666666666667,0.23646464646464646,-0.0005062692246624094,0.04436246015044774
6639,2.336666666666667,0.2424242424242424,0.000448800543077669,0.04577243467253293
6640,2.336666666666667,0.24838383838383837,0.00042924540993968536,0.04659209352661921
6641,2.336666666666667,0.2543434343434343,0.0005969829354203428,0.04737642969684204
6642,2.336666666666667,0.26030303030303026,-0.0003730427371158436,0.0485833766319785
6643,2.336666666666667,0.26626262626262626,-0.000724522598191939,0.049687673989331285
6644,2.336666666666667,0.2722222222222222,0.00020713532859946041,0.05136588631037861
6645,2.336666666666667,0.27818181818181814,-0.0007128213893622767,0.052233941038439514
6646,2.336666666666667,0.28414141414141414,-0.0002825550942758125,0.05391303962180718
6647,2.336666666666667,0.2901010101010101,-0.0006569597884459025,0.05487611991317165
6648,2.336666666666667,0.296060606060606,-0.000203897663337511,0.056660853676609724
6649,2.336666666666667,0.302020202020202,8.950167872276413e-05,0.05718951345003809
6650,2.336666666666667,0.30797979797979796,-0.00023724534356244433,0.05817274376464034
6651,2.336666666666667,0.3139393939393939,-0.0010789546845625243,0.05908568255578999
6652,2.336666666666667,0.31989898989898985,-0.0009674384838969133,0.06022941690335223
6653,2.336666666666667,0.32585858585858585,-0.0014865818231294045,0.06083046417389629
6654,2.336666666666667,0.3318181818181818,-0.0005369490125752773,0.06221697306805232
6655,2.336666666666667,0.33777777777777773,-0.0005720611682102052,0.06356445257826027
6656,2.336666666666667,0.34373737373737373,-0.0003440973025511406,0.06544126986495616
6657,2.336666666666667,0.3496969696969697,0.0019196674258502946,0.06551408302051938
6658,2.336666666666667,0.3556565656565656,-8.912835019574849e-05,0.06746065801328834
6659,2.336666666666667,0.3616161616161616,0.0015302130020764255,0.06841828933202446
6660,2.336666666666667,0.36757575757575756,-0.0001961544380633443,0.06963158632197586
6661,2.336666666666667,0.3735353535353535,0.0004582338088441931,0.07065303291976445
6662,2.336666666666667,0.37949494949494944,0.0006735402435672212,0.07154010935666706
6663,2.336666666666667,0.38545454545454544,0.0008081859854036891,0.07284390643150068
6664,2.336666666666667,0.3914141414141414,-0.0007188638759254684,0.07451825894110994
6665,2.336666666666667,0.3973737373737373,0.0006020174571712004,0.07549295993788453
6666,2.336666666666667,0.4033333333333333,-0.00017121975729293934,0.07608864490016407
6667,2.336666666666667,0.40929292929292926,0.00048189749095354,0.0780315630757672
6668,2.336666666666667,0.4152525252525252,0.000268791709658821,0.07849767726003506
6669,2.336666666666667,0.42121212121212115,0.0005880712489138507,0.07965618412311436
6670,2.336666666666667,0.42717171717171715,0.0001406217439481687,0.0796885937337169
6671,2.336666666666667,0.4331313131313131,0.0002948053622754251,0.08220286098105475
6672,2.336666666666667,0.43909090909090903,0.0004155272759810126,0.08341531094322562
6673,2.336666666666667,0.44505050505050503,-0.00033014985636636835,0.08424488562747703
6674,2.336666666666667,0.45101010101010097,-0.0005524526688234966,0.08569470289471884
6675,2.336666666666667,0.4569696969696969,-6.832116923885145e-05,0.08788281085633995
6676,2.336666666666667,0.4629292929292929,-0.000373184952996823,0.08729651979230657
6677,2.336666666666667,0.46888888888888886,0.0008840806828400677,0.08831165347846708
6678,2.336666666666667,0.4748484848484848,-0.00066732099295205,0.09043523687461129
6679,2.336666666666667,0.48080808080808074,0.0004401275534354145,0.09153964643365081
6680,2.336666666666667,0.48676767676767674,-0.0005542897437694059,0.09190909045759312
6681,2.336666666666667,0.4927272727272727,-0.0007380984186702172,0.09317636615903956
6682,2.336666666666667,0.4986868686868686,0.0022550534546359265,0.09474833476725066
6683,2.336666666666667,0.5046464646464646,0.0012533559838944822,0.09602511564695018
6684,2.336666666666667,0.5106060606060605,-4.9624483950329255e-06,0.09737127326349425
6685,2.336666666666667,0.5165656565656566,4.177919540842359e-05,0.0992419434199302
6686,2.336666666666667,0.5225252525252525,-7.527724357074099e-05,0.09941973243496767
6687,2.336666666666667,0.5284848484848484,-0.0005302698048516531,0.10181067350765496
6688,2.336666666666667,0.5344444444444444,-0.0004904905555248439,0.10175885244212854
6689,2.336666666666667,0.5404040404040403,4.962036041908604e-05,0.10269654387649696
6690,2.336666666666667,0.5463636363636363,0.0013471394883057166,0.10415092686659451
6691,2.336666666666667,0.5523232323232323,0.0005492061433923877,0.10589721847832281
6692,2.336666666666667,0.5582828282828283,-0.000812208125418174,0.1063282892011787
6693,2.336666666666667,0.5642424242424242,-0.0010224406343951917,0.10808976528418716
6694,2.336666666666667,0.5702020202020202,0.0015001732671612394,0.1094241213210102
6695,2.336666666666667,0.5761616161616161,0.0009951766556452345,0.11016033328191012
6696,2.336666666666667,0.582121212121212,0.0013197230120498226,0.11230282119995652
6697,2.336666666666667,0.588080808080808,-0.0020646261453766517,0.11165477978822148
6698,2.336666666666667,0.594040404040404,0.0003822045912931178,0.1121004548249768
6699,2.336666666666667,0.6,-0.0011472187775987922,0.1139882618260918
6700,2.356767676767677,0.01,2.461910005470399e-05,0.001884768454072317
6701,2.356767676767677,0.01595959595959596,-3.0479697934566495e-05,0.003060106665296197
6702,2.356767676767677,0.021919191919191918,-3.040272887847666e-05,0.004145933038266434
6703,2.356767676767677,0.027878787878787878,8.158411548668996e-05,0.005319700176922999
6704,2.356767676767677,0.033838383838383834,1.4465809436275979e-05,0.006447719115041969
6705,2.356767676767677,0.0397979797979798,8.398268856102342e-06,0.0075397738285195295
6706,2.356767676767677,0.045757575757575754,-5.0214095337889876e-05,0.008682110102853219
6707,2.356767676767677,0.05171717171717172,-7.280376503899831e-05,0.00992673687471591
6708,2.356767676767677,0.05767676767676767,-5.891210597460389e-05,0.011038345139525518
6709,2.356767676767677,0.06363636363636363,0.00025447935798477095,0.012125349660802857
6710,2.356767676767677,0.06959595959595959,-7.347778207934226e-05,0.013306391497634755
6711,2.356767676767677,0.07555555555555554,0.0001807878696322213,0.014476661081952436
6712,2.356767676767677,0.0815151515151515,-0.000396795930308466,0.015642773770599028
6713,2.356767676767677,0.08747474747474746,-5.289886593346586e-05,0.016681880257097055
6714,2.356767676767677,0.09343434343434343,-0.00027179387244114335,0.0179454250037647
6715,2.356767676767677,0.09939393939393938,8.50658640015159e-05,0.01916282829721409
6716,2.356767676767677,0.10535353535353534,-5.971840921991369e-05,0.020010916470255356
6717,2.356767676767677,0.1113131313131313,0.00036665008432963913,0.02150910857451104
6718,2.356767676767677,0.11727272727272725,0.00013108074840309348,0.022615445360891447
6719,2.356767676767677,0.12323232323232322,0.00027172897376140636,0.023578869521500262
6720,2.356767676767677,0.1291919191919192,-2.2546372893729326e-05,0.024869060669641237
6721,2.356767676767677,0.13515151515151513,-3.878276092024591e-05,0.026135508926440964
6722,2.356767676767677,0.1411111111111111,-0.0003261803631095636,0.026717344413800474
6723,2.356767676767677,0.14707070707070707,0.0002161549837560563,0.027875507137760984
6724,2.356767676767677,0.15303030303030302,-0.00020379910314192374,0.02938196141345538
6725,2.356767676767677,0.158989898989899,0.00010044159473529501,0.03030070536342782
6726,2.356767676767677,0.16494949494949493,-1.516909637182533e-05,0.03127426217525592
6727,2.356767676767677,0.1709090909090909,-4.943042316653434e-06,0.032747105082894974
6728,2.356767676767677,0.17686868686868687,0.00014820937791112555,0.033984597966690046
6729,2.356767676767677,0.1828282828282828,-0.00027443552411621284,0.03466755651120856
6730,2.356767676767677,0.18878787878787878,0.0005479414813828746,0.036426347145340814
6731,2.356767676767677,0.19474747474747472,0.0002534638705551436,0.03739589760488732
6732,2.356767676767677,0.2007070707070707,-0.0010634414209414488,0.03855061928495146
6733,2.356767676767677,0.20666666666666667,-0.00022876739418929058,0.039911719233931865
6734,2.356767676767677,0.2126262626262626,9.313948193185292e-05,0.04056729673724352
6735,2.356767676767677,0.21858585858585858,0.00013085799778092904,0.041651417035967156
6736,2.356767676767677,0.22454545454545452,-0.000771878594493479,0.04268349640263798
6737,2.356767676767677,0.2305050505050505,-0.00019834890690545088,0.04406542135808146
6738,2.356767676767677,0.23646464646464646,-0.0003942050061311185,0.0455193108893177
6739,2.356767676767677,0.2424242424242424,0.00014507877285703042,0.047015591643765293
6740,2.356767676767677,0.24838383838383837,-0.000314441383581507,0.04724161576918177
6741,2.356767676767677,0.2543434343434343,-0.0005672251626347963,0.049383451015571636
6742,2.356767676767677,0.26030303030303026,-0.0007824851174844845,0.04897001054475027
6743,2.356767676767677,0.26626262626262626,3.257112750258203e-05,0.05115619125212712
6744,2.356767676767677,0.2722222222222222,0.0008348421886611812,0.05214994812323069
6745,2.356767676767677,0.27818181818181814,0.00047316080886221893,0.05355376894878146
6746,2.356767676767677,0.28414141414141414,-0.00043558524397754715,0.05440038454116444
6747,2.356767676767677,0.2901010101010101,0.001900121624622561,0.05586368983944286
6748,2.356767676767677,0.296060606060606,8.507171823268624e-05,0.05730259711133914
6749,2.356767676767677,0.302020202020202,0.0005605556210741447,0.05858429342846814
6750,2.356767676767677,0.30797979797979796,-0.0005247918002636386,0.05920986009306911
6751,2.356767676767677,0.3139393939393939,0.001271524404300725,0.06067646503601935
6752,2.356767676767677,0.31989898989898985,0.0002965128757131383,0.06135061853769523
6753,2.356767676767677,0.32585858585858585,-0.00022985899699255041,0.06224230274263227
6754,2.356767676767677,0.3318181818181818,-0.00024648835816623094,0.06392169582990932
6755,2.356767676767677,0.33777777777777773,-0.00018922534456974769,0.06457986839096351
6756,2.356767676767677,0.34373737373737373,0.001548346342112383,0.06680639584997915
6757,2.356767676767677,0.3496969696969697,0.0003742673162080407,0.067940791774343
6758,2.356767676767677,0.3556565656565656,-0.00010412210861368867,0.067731053597415
6759,2.356767676767677,0.3616161616161616,0.00047060070203463377,0.06915971309255922
6760,2.356767676767677,0.36757575757575756,0.00021532695298006151,0.07004815995366492
6761,2.356767676767677,0.3735353535353535,-0.0009340539283947909,0.07163642224212337
6762,2.356767676767677,0.37949494949494944,-1.8653958712917616e-05,0.07298858175109352
6763,2.356767676767677,0.38545454545454544,-0.0005829704164084012,0.07379243885416711
6764,2.356767676767677,0.3914141414141414,0.0006062529015334959,0.07585315179360029
6765,2.356767676767677,0.3973737373737373,-0.0008346272083395494,0.07619256815057392
6766,2.356767676767677,0.4033333333333333,-0.0008997391046862856,0.07599693157958994
6767,2.356767676767677,0.40929292929292926,0.0006617801398654938,0.07815146131360165
6768,2.356767676767677,0.4152525252525252,-0.0007869097351657029,0.08033264030217083
6769,2.356767676767677,0.42121212121212115,-7.478692559507785e-05,0.08135241316940268
6770,2.356767676767677,0.42717171717171715,-8.644959387134683e-05,0.08256160411716358
6771,2.356767676767677,0.4331313131313131,0.00011643672319679335,0.08325551278562024
6772,2.356767676767677,0.43909090909090903,0.0016189366335139688,0.08509251179669233
6773,2.356767676767677,0.44505050505050503,0.0009478583946360716,0.08619732952101253
6774,2.356767676767677,0.45101010101010097,0.0018551754376105332,0.08677059064764187
6775,2.356767676767677,0.4569696969696969,0.0002025378275646305,0.08771936516127071
6776,2.356767676767677,0.4629292929292929,6.347725247799874e-05,0.08927396184594791
6777,2.356767676767677,0.46888888888888886,4.577072725855178e-05,0.0897054212872338
6778,2.356767676767677,0.4748484848484848,0.00030770263142479985,0.09109728044372112
6779,2.356767676767677,0.48080808080808074,-0.0008040090070511738,0.09339207896901773
6780,2.356767676767677,0.48676767676767674,0.001179159661037038,0.09595222677628197
6781,2.356767676767677,0.4927272727272727,-0.0023106300273592804,0.0937166936860628
6782,2.356767676767677,0.4986868686868686,0.0012885673735397252,0.0957130171064064
6783,2.356767676767677,0.5046464646464646,-0.00011236354353838056,0.09764681709986071
6784,2.356767676767677,0.5106060606060605,-0.0007646518567997054,0.09782671411659828
6785,2.356767676767677,0.5165656565656566,0.0002422496785176862,0.09955070162354925
6786,2.356767676767677,0.5225252525252525,0.0009373689955445581,0.10118842183723668
6787,2.356767676767677,0.5284848484848484,-0.0007057671004891744,0.10256353202240762
6788,2.356767676767677,0.5344444444444444,0.001991429474419803,0.10365426271035777
6789,2.356767676767677,0.5404040404040403,-6.658348671018955e-05,0.10527923517806739
6790,2.356767676767677,0.5463636363636363,0.0004986119370802255,0.1072086007759949
6791,2.356767676767677,0.5523232323232323,4.279165599542798e-05,0.10661513142857679
6792,2.356767676767677,0.5582828282828283,0.001094044428262512,0.10876666639512164
6793,2.356767676767677,0.5642424242424242,0.0010986852665221306,0.11027558642924164
6794,2.356767676767677,0.5702020202020202,0.0018355563013271133,0.11007374392628637
6795,2.356767676767677,0.5761616161616161,0.0007129875523416611,0.11072579617542239
6796,2.356767676767677,0.582121212121212,-0.0015177737981773235,0.11183304256073448
6797,2.356767676767677,0.588080808080808,-0.0005344447376095374,0.11440334469175639
6798,2.356767676767677,0.594040404040404,-0.0011463433931793816,0.11512097518561609
6799,2.356767676767677,0.6,0.001796385642810847,0.11708049936992859
6800,2.3768686868686872,0.01,2.3095578226579727e-05,0.0019261586801850362
6801,2.3768686868686872,0.01595959595959596,-3.854412801328536e-05,0.0030553564280823794
6802,2.3768686868686872,0.021919191919191918,2.10340955517607e-05,0.0042251471894671775
6803,2.3768686868686872,0.027878787878787878,1.393987938550071e-05,0.005388363168170515
6804,2.3768686868686872,0.033838383838383834,0.00015931712116062967,0.006584298986180052
6805,2.3768686868686872,0.0397979797979798,-0.00014759605630484994,0.0077617500641733676
6806,2.3768686868686872,0.045757575757575754,8.399373885809571e-05,0.008838285710523829
6807,2.3768686868686872,0.05171717171717172,0.000116487088145491,0.010111992274678482
6808,2.3768686868686872,0.05767676767676767,-6.99861870962652e-05,0.010935606376639172
6809,2.3768686868686872,0.06363636363636363,0.00010954803698534967,0.01237271530500068
6810,2.3768686868686872,0.06959595959595959,1.7527544035428788e-05,0.013609102919294506
6811,2.3768686868686872,0.07555555555555554,0.00029482728087372456,0.014681709461140032
6812,2.3768686868686872,0.0815151515151515,6.1905350517657e-06,0.01592077271620837
6813,2.3768686868686872,0.08747474747474746,-0.00042945450622182727,0.01699908537256564
6814,2.3768686868686872,0.09343434343434343,-3.6580290700262716e-05,0.017995154660506475
6815,2.3768686868686872,0.09939393939393938,-0.00025466070203587597,0.01915531789278185
6816,2.3768686868686872,0.10535353535353534,0.00016423242840184514,0.0203493081541232
6817,2.3768686868686872,0.1113131313131313,-0.00026663130587031343,0.02139410395732712
6818,2.3768686868686872,0.11727272727272725,-4.0470450241109936e-05,0.022923543122358333
6819,2.3768686868686872,0.12323232323232322,0.000129031818551144,0.024080501947516864
6820,2.3768686868686872,0.1291919191919192,-8.23031191603723e-05,0.02498170470039025
6821,2.3768686868686872,0.13515151515151513,1.0375434011647444e-05,0.02614466228056887
6822,2.3768686868686872,0.1411111111111111,0.0004355144213200868,0.027254236912191473
6823,2.3768686868686872,0.14707070707070707,-0.0004422952239771882,0.028411458367753106
6824,2.3768686868686872,0.15303030303030302,7.966802326145464e-05,0.029464066484577486
6825,2.3768686868686872,0.158989898989899,-2.3744077495862316e-05,0.03103015550397377
6826,2.3768686868686872,0.16494949494949493,3.761188855878141e-05,0.03152867702821945
6827,2.3768686868686872,0.1709090909090909,-0.00012182137100345539,0.03318200332275412
6828,2.3768686868686872,0.17686868686868687,-0.00021968343593980387,0.03411563223278343
6829,2.3768686868686872,0.1828282828282828,-6.412478985995501e-05,0.03560029177415689
6830,2.3768686868686872,0.18878787878787878,0.000105954145772217,0.0368504702967978
6831,2.3768686868686872,0.19474747474747472,-0.00016938409114268142,0.0379886199640838
6832,2.3768686868686872,0.2007070707070707,0.00037589973447395004,0.03914331155078997
6833,2.3768686868686872,0.20666666666666667,4.913657750734939e-05,0.040450458163929406
6834,2.3768686868686872,0.2126262626262626,0.0002054128341056985,0.04117062489182985
6835,2.3768686868686872,0.21858585858585858,-0.0005383891884969219,0.04239049112044815
6836,2.3768686868686872,0.22454545454545452,0.00042667154212245,0.043980462008358395
6837,2.3768686868686872,0.2305050505050505,-0.0005653209570855044,0.04493950820976441
6838,2.3768686868686872,0.23646464646464646,-0.00015218592689221055,0.0459961474465009
6839,2.3768686868686872,0.2424242424242424,-0.0004908645667141673,0.04708439163248771
6840,2.3768686868686872,0.24838383838383837,0.0004297584124502934,0.048864178877059475
6841,2.3768686868686872,0.2543434343434343,-0.00012996406417563948,0.049087786584832566
6842,2.3768686868686872,0.26030303030303026,-0.00025358946890449035,0.05066058088905596
6843,2.3768686868686872,0.26626262626262626,-0.0008746247408529534,0.051078549692090594
6844,2.3768686868686872,0.2722222222222222,-0.00041387785395764754,0.0525211528362881
6845,2.3768686868686872,0.27818181818181814,0.0005766357386682128,0.05358569947893899
6846,2.3768686868686872,0.28414141414141414,0.0004084318307472827,0.055843262369210014
6847,2.3768686868686872,0.2901010101010101,-0.00012103770086436562,0.05674779828950089
6848,2.3768686868686872,0.296060606060606,-2.0200499352096246e-05,0.05808843787257539
6849,2.3768686868686872,0.302020202020202,-0.00017072803192234965,0.0583058119084055
6850,2.3768686868686872,0.30797979797979796,0.00037496481665309973,0.05967612368184311
6851,2.3768686868686872,0.3139393939393939,0.00016767402638279353,0.060930828992511496
6852,2.3768686868686872,0.31989898989898985,-0.0004295777591549262,0.062270658419794817
6853,2.3768686868686872,0.32585858585858585,-0.00019526374371545016,0.06345315945516002
6854,2.3768686868686872,0.3318181818181818,-0.0010230336359270096,0.0651015254402667
6855,2.3768686868686872,0.33777777777777773,0.00041739426539115395,0.06614629114918083
6856,2.3768686868686872,0.34373737373737373,-0.0001333516554959127,0.06732095898559942
6857,2.3768686868686872,0.3496969696969697,0.001745440402141174,0.06910373132322824
6858,2.3768686868686872,0.3556565656565656,-0.0005801314009065323,0.06956440719728202
6859,2.3768686868686872,0.3616161616161616,0.0002200102496970766,0.07010999615685813
6860,2.3768686868686872,0.36757575757575756,-0.0006219572010053787,0.07137023307347719
6861,2.3768686868686872,0.3735353535353535,-0.0002543882694989791,0.07174651046079965
6862,2.3768686868686872,0.37949494949494944,-0.0006880280745574424,0.07438093294753739
6863,2.3768686868686872,0.38545454545454544,0.0001718104527849481,0.07497676089573571
6864,2.3768686868686872,0.3914141414141414,0.0008286005070323253,0.07654910063791141
6865,2.3768686868686872,0.3973737373737373,-0.0007498746038160178,0.07695506144247975
6866,2.3768686868686872,0.4033333333333333,0.0002709585967662203,0.07852908117624623
6867,2.3768686868686872,0.40929292929292926,-0.0004255102138930969,0.07975405451581273
6868,2.3768686868686872,0.4152525252525252,-0.00011447274317780067,0.0813019231995468
6869,2.3768686868686872,0.42121212121212115,-7.007313697064813e-05,0.08206098616852248
6870,2.3768686868686872,0.42717171717171715,-0.0010508216733087457,0.08276585400704162
6871,2.3768686868686872,0.4331313131313131,0.0010492255674121014,0.08400685315158922
6872,2.3768686868686872,0.43909090909090903,-0.001057725251650758,0.08542803774391634
6873,2.3768686868686872,0.44505050505050503,-0.0006966898181297187,0.08705573397791776
6874,2.3768686868686872,0.45101010101010097,0.001804997078373095,0.08988502997458285
6875,2.3768686868686872,0.4569696969696969,0.00046693695916381976,0.08912097256147837
6876,2.3768686868686872,0.4629292929292929,-0.000595541240722466,0.08989350531145938
6877,2.3768686868686872,0.46888888888888886,0.0002523802517689649,0.09246367841527191
6878,2.3768686868686872,0.4748484848484848,0.0004718564844254884,0.09245193720484558
6879,2.3768686868686872,0.48080808080808074,-8.286302247011807e-05,0.0942352931006447
6880,2.3768686868686872,0.48676767676767674,-0.002768426208357897,0.09301429043531248
6881,2.3768686868686872,0.4927272727272727,-3.382749342721012e-05,0.09700007735502929
6882,2.3768686868686872,0.4986868686868686,-0.0008288570801535961,0.09582966559935813
6883,2.3768686868686872,0.5046464646464646,-0.0010159448200482283,0.09935458876075588
6884,2.3768686868686872,0.5106060606060605,-0.000271109807118123,0.09982290195162875
6885,2.3768686868686872,0.5165656565656566,-0.000505345399382781,0.10124165958927256
6886,2.3768686868686872,0.5225252525252525,0.0010312701562750122,0.10305350242352189
6887,2.3768686868686872,0.5284848484848484,0.0008394278399585419,0.10384444841141591
6888,2.3768686868686872,0.5344444444444444,0.00021761673733447387,0.10641246884987501
6889,2.3768686868686872,0.5404040404040403,0.0001813781396462084,0.10561296920704112
6890,2.3768686868686872,0.5463636363636363,-0.00014467340678195892,0.10690351447773958
6891,2.3768686868686872,0.5523232323232323,-0.0016577151111065252,0.10722685721788441
6892,2.3768686868686872,0.5582828282828283,-0.0002890088325076585,0.10988864073972926
6893,2.3768686868686872,0.5642424242424242,-0.001047656881795343,0.11112635836553421
6894,2.3768686868686872,0.5702020202020202,4.877137269614713e-05,0.11119211987413115
6895,2.3768686868686872,0.5761616161616161,-2.5105688019896634e-05,0.1134644157797467
6896,2.3768686868686872,0.582121212121212,0.0017038679073265491,0.11441653458653227
6897,2.3768686868686872,0.588080808080808,0.001891180432495917,0.11708453480268369
6898,2.3768686868686872,0.594040404040404,-0.0005072231015187097,0.11560529169241757
6899,2.3768686868686872,0.6,-0.0006466616010115242,0.11720443829564166
6900,2.396969696969697,0.01,-7.868006947271866e-06,0.0019708315814021687
6901,2.396969696969697,0.01595959595959596,-1.4605213936233263e-06,0.003183262555173622
6902,2.396969696969697,0.021919191919191918,4.4105263839671836e-05,0.004334493054708062
6903,2.396969696969697,0.027878787878787878,1.8959551055665646e-05,0.005475668533044752
6904,2.396969696969697,0.033838383838383834,-1.0830831139060048e-05,0.006673227065033158
6905,2.396969696969697,0.0397979797979798,4.232494594078684e-05,0.00798642355066223
6906,2.396969696969697,0.045757575757575754,8.799464877353759e-05,0.008960025250182422
6907,2.396969696969697,0.05171717171717172,-6.663545753463652e-05,0.010143481999008984
6908,2.396969696969697,0.05767676767676767,6.658033463699633e-05,0.011458748641272207
6909,2.396969696969697,0.06363636363636363,0.00018115196230441896,0.012540343145213493
6910,2.396969696969697,0.06959595959595959,0.00022960040134370062,0.013587858495694183
6911,2.396969696969697,0.07555555555555554,-0.00010036292420412173,0.01491293910192843
6912,2.396969696969697,0.0815151515151515,3.721414153801318e-05,0.01611700736816095
6913,2.396969696969697,0.08747474747474746,-0.0002920427729182502,0.017336872446146963
6914,2.396969696969697,0.09343434343434343,-0.00010651341458649641,0.018330328974102594
6915,2.396969696969697,0.09939393939393938,-0.00014993794017710606,0.01938071016407328
6916,2.396969696969697,0.10535353535353534,-7.490111935100463e-05,0.020678626360989757
6917,2.396969696969697,0.1113131313131313,-0.00021502830563725707,0.022024215046528007
6918,2.396969696969697,0.11727272727272725,0.0004713040172541953,0.023196489743013388
6919,2.396969696969697,0.12323232323232322,2.9709457590876397e-05,0.024263171065125693
6920,2.396969696969697,0.1291919191919192,-0.00010852459129362057,0.025377314256537352
6921,2.396969696969697,0.13515151515151513,-0.00022588623588537177,0.026550433656781336
6922,2.396969696969697,0.1411111111111111,-1.932144331908372e-05,0.02814586469255134
6923,2.396969696969697,0.14707070707070707,0.00015392392291883826,0.02872755624246993
6924,2.396969696969697,0.15303030303030302,0.00012673230042792568,0.029926750266787597
6925,2.396969696969697,0.158989898989899,-4.355899809098345e-05,0.0313073190245305
6926,2.396969696969697,0.16494949494949493,-0.00012194303279702174,0.032689817660156294
6927,2.396969696969697,0.1709090909090909,-0.0004910103707882093,0.033522145563022694
6928,2.396969696969697,0.17686868686868687,3.8900944628617085e-05,0.034667121958238366
6929,2.396969696969697,0.1828282828282828,-0.00010294841394408481,0.03606699347124848
6930,2.396969696969697,0.18878787878787878,4.712530384114271e-05,0.0370268435409184
6931,2.396969696969697,0.19474747474747472,0.00013536501586400892,0.03833600978582262
6932,2.396969696969697,0.2007070707070707,0.00026145156376688246,0.0399945887098429
6933,2.396969696969697,0.20666666666666667,0.00035872420700398144,0.04055131888464192
6934,2.396969696969697,0.2126262626262626,0.00020211275644606364,0.041991272112930175
6935,2.396969696969697,0.21858585858585858,-4.10663811409985e-05,0.04267120824262697
6936,2.396969696969697,0.22454545454545452,-0.00039666176795442556,0.043997809431375344
6937,2.396969696969697,0.2305050505050505,1.968756940604095e-05,0.04517910084123056
6938,2.396969696969697,0.23646464646464646,-0.0005410955792645873,0.04662318097391752
6939,2.396969696969697,0.2424242424242424,0.00025958627417496443,0.047648405127012385
6940,2.396969696969697,0.24838383838383837,4.655317711825182e-05,0.048866923865855096
6941,2.396969696969697,0.2543434343434343,0.000258146441442695,0.049870558220831224
6942,2.396969696969697,0.26030303030303026,0.0009055281131479365,0.05143502326500336
6943,2.396969696969697,0.26626262626262626,-0.00014413595521616722,0.05279589199272464
6944,2.396969696969697,0.2722222222222222,-0.0004385215864479218,0.05322386377860953
6945,2.396969696969697,0.27818181818181814,0.0004706340242101194,0.05535208711570471
6946,2.396969696969697,0.28414141414141414,-0.00030922571933478666,0.05560898275742946
6947,2.396969696969697,0.2901010101010101,-5.1999388896484014e-05,0.058021387188380166
6948,2.396969696969697,0.296060606060606,0.0004033224120141277,0.05880525035159452
6949,2.396969696969697,0.302020202020202,0.00033961706842644513,0.05923713146830792
6950,2.396969696969697,0.30797979797979796,-0.0004566781105939431,0.06057237913504044
6951,2.396969696969697,0.3139393939393939,0.0006982295009777275,0.061827632970191414
6952,2.396969696969697,0.31989898989898985,0.0001343963070332169,0.06291439185979303
6953,2.396969696969697,0.32585858585858585,-0.0008645172947040589,0.0649387036641474
6954,2.396969696969697,0.3318181818181818,0.0006591294858578479,0.06544924075442722
6955,2.396969696969697,0.33777777777777773,-0.00019128851875506892,0.06685061100119102
6956,2.396969696969697,0.34373737373737373,-3.3822165414141425e-05,0.06822190622177132
6957,2.396969696969697,0.3496969696969697,-0.001158383559393324,0.06859921308486334
6958,2.396969696969697,0.3556565656565656,-0.0011413538855789662,0.07066590246598599
6959,2.396969696969697,0.3616161616161616,-0.0015921387585607358,0.0716849186585158
6960,2.396969696969697,0.36757575757575756,0.0005677857514766226,0.07366551509043703
6961,2.396969696969697,0.3735353535353535,9.485260763025139e-06,0.07398540755847412
6962,2.396969696969697,0.37949494949494944,0.0008705167356293386,0.07593160285107967
6963,2.396969696969697,0.38545454545454544,-0.0005011200918697552,0.07610159286729219
6964,2.396969696969697,0.3914141414141414,0.000933581747175315,0.07792620590242244
6965,2.396969696969697,0.3973737373737373,0.0009573673274847304,0.07998468629321219
6966,2.396969696969697,0.4033333333333333,-0.00019539659610757338,0.07894805477005484
6967,2.396969696969697,0.40929292929292926,0.0001027226236714525,0.08184220392548991
6968,2.396969696969697,0.4152525252525252,0.0012403460580609807,0.08352057872196886
6969,2.396969696969697,0.42121212121212115,-0.0002539028115979727,0.08369814729750971
6970,2.396969696969697,0.42717171717171715,0.00043545345821184025,0.08484874311759112
6971,2.396969696969697,0.4331313131313131,0.0005267455014199188,0.08556974940254485
6972,2.396969696969697,0.43909090909090903,-0.00019780892970132369,0.08838683390535822
6973,2.396969696969697,0.44505050505050503,0.00027236833017713573,0.08851379848300574
6974,2.396969696969697,0.45101010101010097,0.00016612780697419102,0.0895422186673901
6975,2.396969696969697,0.4569696969696969,-8.694674536043622e-06,0.09001297359277714
6976,2.396969696969697,0.4629292929292929,-0.0013157663529457964,0.09127846159708393
6977,2.396969696969697,0.46888888888888886,-1.7969380464403262e-05,0.09371150115544188
6978,2.396969696969697,0.4748484848484848,-0.0009178761302020941,0.09457912626378825
6979,2.396969696969697,0.48080808080808074,0.0013653498831621925,0.09587216133869618
6980,2.396969696969697,0.48676767676767674,0.0001614854271638974,0.09731603657451118
6981,2.396969696969697,0.4927272727272727,0.0006487526238726692,0.09860879624874037
6982,2.396969696969697,0.4986868686868686,-0.0002843363252880999,0.10000459252573539
6983,2.396969696969697,0.5046464646464646,0.0007227535253558853,0.10067321794928942
6984,2.396969696969697,0.5106060606060605,0.0013277877007876093,0.1012982520932392
6985,2.396969696969697,0.5165656565656566,-0.0018652369853524107,0.10301049660098667
6986,2.396969696969697,0.5225252525252525,0.001685782467663241,0.10483321315318161
6987,2.396969696969697,0.5284848484848484,0.0013935991477674878,0.10422254791660333
6988,2.396969696969697,0.5344444444444444,0.000597391207618217,0.10735174589976859
6989,2.396969696969697,0.5404040404040403,-0.00047252517119965206,0.10680531671904503
6990,2.396969696969697,0.5463636363636363,-0.0011857582596672832,0.10753075590457101
6991,2.396969696969697,0.5523232323232323,-0.0007285824099681046,0.10939862719427187
6992,2.396969696969697,0.5582828282828283,-0.0007070603377986192,0.11082320854877095
6993,2.396969696969697,0.5642424242424242,0.0009433349627627543,0.11400150478759312
6994,2.396969696969697,0.5702020202020202,0.00010551702658618005,0.11462328928634997
6995,2.396969696969697,0.5761616161616161,-0.00012726188056761965,0.11454057444935754
6996,2.396969696969697,0.582121212121212,-0.0003963364787274326,0.11416514737447887
6997,2.396969696969697,0.588080808080808,0.0005448174660184561,0.11705932307169382
6998,2.396969696969697,0.594040404040404,-0.00015822753909457293,0.11919108762686566
6999,2.396969696969697,0.6,0.001975507968315693,0.12246545450810864
7000,2.417070707070707,0.01,1.3400528862552862e-05,0.001990197066919368
7001,2.417070707070707,0.01595959595959596,1.0107664370690883e-06,0.0031675523213286266
7002,2.417070707070707,0.021919191919191918,2.3638949304459866e-05,0.004356982187434086
7003,2.417070707070707,0.027878787878787878,-0.00013245032765580645,0.005582336820074649
7004,2.417070707070707,0.033838383838383834,5.0521906435086664e-05,0.006667555385376336
7005,2.417070707070707,0.0397979797979798,5.0485139796534275e-05,0.008003412591856282
7006,2.417070707070707,0.045757575757575754,1.694562232398886e-05,0.009138440462461596
7007,2.417070707070707,0.05171717171717172,-0.00013296688620659475,0.01029894541541116
7008,2.417070707070707,0.05767676767676767,6.867255049748414e-05,0.01154672152200554
7009,2.417070707070707,0.06363636363636363,0.00012223488013639978,0.012652206913077146
7010,2.417070707070707,0.06959595959595959,-2.6646659062078128e-05,0.01388537214503852
7011,2.417070707070707,0.07555555555555554,0.00012184441126710328,0.015139019261618352
7012,2.417070707070707,0.0815151515151515,-0.00014935350771199407,0.016290835687963526
7013,2.417070707070707,0.08747474747474746,6.8372794884708045e-06,0.017440564926721892
7014,2.417070707070707,0.09343434343434343,0.00010434999613537292,0.018648187797838688
7015,2.417070707070707,0.09939393939393938,-0.0007356825195676848,0.019496127687631787
7016,2.417070707070707,0.10535353535353534,0.00041560680744498235,0.021164639210572857
7017,2.417070707070707,0.1113131313131313,2.015741914559569e-05,0.02201166135106504
7018,2.417070707070707,0.11727272727272725,-7.649346907878893e-05,0.023441975471923702
7019,2.417070707070707,0.12323232323232322,0.00044437043093222597,0.02485709469023211
7020,2.417070707070707,0.1291919191919192,-9.073784271899488e-05,0.025949322110690023
7021,2.417070707070707,0.13515151515151513,-3.199949424629315e-05,0.027004728974835766
7022,2.417070707070707,0.1411111111111111,0.00019926078708559496,0.02821714151120103
7023,2.417070707070707,0.14707070707070707,-2.721653382376875e-05,0.029303968534033213
7024,2.417070707070707,0.15303030303030302,-0.0002075178645658699,0.03050586721852193
7025,2.417070707070707,0.158989898989899,-8.974598490084804e-05,0.03188591045889138
7026,2.417070707070707,0.16494949494949493,-0.0006061392997625566,0.03249826780764562
7027,2.417070707070707,0.1709090909090909,-0.00018377996226822798,0.033976478547727534
7028,2.417070707070707,0.17686868686868687,0.000692074547325339,0.03540513631732574
7029,2.417070707070707,0.1828282828282828,-9.160013696956959e-07,0.03660881545927051
7030,2.417070707070707,0.18878787878787878,7.358996410091204e-05,0.03782257033405287
7031,2.417070707070707,0.19474747474747472,-0.000635993877911144,0.03876191093601961
7032,2.417070707070707,0.2007070707070707,2.3808450788116e-06,0.03999912980720629
7033,2.417070707070707,0.20666666666666667,-0.0005038132506711571,0.041219762266463046
7034,2.417070707070707,0.2126262626262626,-8.895244217381944e-05,0.043213784243104944
7035,2.417070707070707,0.21858585858585858,-9.405470574133124e-06,0.04410450524408028
7036,2.417070707070707,0.22454545454545452,-0.0005428526259412925,0.04426387846088012
7037,2.417070707070707,0.2305050505050505,-0.0010832091218633609,0.04606809210435216
7038,2.417070707070707,0.23646464646464646,0.00030003373576919314,0.04727592312362735
7039,2.417070707070707,0.2424242424242424,0.0008222009632247939,0.04883693225318194
7040,2.417070707070707,0.24838383838383837,-0.000404444293684795,0.049414904338377405
7041,2.417070707070707,0.2543434343434343,-0.0008308367710927547,0.05109519790313945
7042,2.417070707070707,0.26030303030303026,-0.0002601210808260012,0.051993528002633155
7043,2.417070707070707,0.26626262626262626,0.00021421105241400693,0.05287577224243072
7044,2.417070707070707,0.2722222222222222,0.0010140648607759005,0.05424574231160149
7045,2.417070707070707,0.27818181818181814,-0.00021003245758160412,0.055564475287175875
7046,2.417070707070707,0.28414141414141414,0.0006414736282305567,0.05661383688184745
7047,2.417070707070707,0.2901010101010101,0.0006438144206567493,0.05776491583235005
7048,2.417070707070707,0.296060606060606,0.0008872960918789276,0.059817859117247296
7049,2.417070707070707,0.302020202020202,0.0002732643843141689,0.06057554691775713
7050,2.417070707070707,0.30797979797979796,0.00034183719050561855,0.06223979638221883
7051,2.417070707070707,0.3139393939393939,0.00065758459275533,0.06262638492217557
7052,2.417070707070707,0.31989898989898985,-0.00023047858110051452,0.06443701476350554
7053,2.417070707070707,0.32585858585858585,4.519800772761258e-05,0.06536917421733494
7054,2.417070707070707,0.3318181818181818,-0.00020865701666321836,0.06611540708729502
7055,2.417070707070707,0.33777777777777773,0.0005496519224692903,0.06766310977267888
7056,2.417070707070707,0.34373737373737373,-9.666337845631307e-05,0.06987058498795572
7057,2.417070707070707,0.3496969696969697,0.0006742920719767957,0.07079977733172232
7058,2.417070707070707,0.3556565656565656,0.0004161134252520223,0.07231352064148526
7059,2.417070707070707,0.3616161616161616,0.0005226791281245834,0.07299652032454115
7060,2.417070707070707,0.36757575757575756,0.00011230936446315779,0.07376781925119455
7061,2.417070707070707,0.3735353535353535,-0.00034453139849083037,0.07475845896588243
7062,2.417070707070707,0.37949494949494944,0.0002907913375422081,0.07626147299260376
7063,2.417070707070707,0.38545454545454544,-0.0003491109782404253,0.0771502408077744
7064,2.417070707070707,0.3914141414141414,0.0004121739298197305,0.0794147994550099
7065,2.417070707070707,0.3973737373737373,-0.0017868507533815347,0.07942895250083228
7066,2.417070707070707,0.4033333333333333,-0.00017405759904321245,0.08126237455677703
7067,2.417070707070707,0.40929292929292926,0.0003596237215181273,0.08236327093328652
7068,2.417070707070707,0.4152525252525252,-0.0011655537829106898,0.0831038329624977
7069,2.417070707070707,0.42121212121212115,-0.0008829867868103198,0.08389918781458627
7070,2.417070707070707,0.42717171717171715,0.00045250169932524144,0.0859622257185158
7071,2.417070707070707,0.4331313131313131,0.0003478069025384566,0.08711844103057391
7072,2.417070707070707,0.43909090909090903,-0.0008031640482535344,0.08794190221228315
7073,2.417070707070707,0.44505050505050503,0.0008351442056192014,0.0901360558575925
7074,2.417070707070707,0.45101010101010097,-0.00014055585552986684,0.09109878228322515
7075,2.417070707070707,0.4569696969696969,0.0010965041127875969,0.09161032363951045
7076,2.417070707070707,0.4629292929292929,0.0016106238575294594,0.09332519424479478
7077,2.417070707070707,0.46888888888888886,0.0007099075887786391,0.09549628040266187
7078,2.417070707070707,0.4748484848484848,0.000439410577266313,0.09697687514585689
7079,2.417070707070707,0.48080808080808074,0.001547817073223241,0.09802965256359476
7080,2.417070707070707,0.48676767676767674,0.0011896330155375572,0.09878860976031563
7081,2.417070707070707,0.4927272727272727,-0.00040800862102940185,0.09960601351390133
7082,2.417070707070707,0.4986868686868686,-0.0014906087301545393,0.10080824605884875
7083,2.417070707070707,0.5046464646464646,0.0012146060556824242,0.10238981659172892
7084,2.417070707070707,0.5106060606060605,8.80485405089675e-05,0.10328669782603242
7085,2.417070707070707,0.5165656565656566,0.0024114270742972297,0.1044782718318374
7086,2.417070707070707,0.5225252525252525,0.0006250804076010004,0.1057118897685757
7087,2.417070707070707,0.5284848484848484,-0.00032575552190246054,0.10563862697704457
7088,2.417070707070707,0.5344444444444444,0.0008088120015797051,0.10787598957856631
7089,2.417070707070707,0.5404040404040403,0.0015786816033606086,0.1089965012860686
7090,2.417070707070707,0.5463636363636363,0.0008568808409318546,0.11110320609302489
7091,2.417070707070707,0.5523232323232323,0.0011624164665708836,0.1110298976733254
7092,2.417070707070707,0.5582828282828283,0.0027516932806412532,0.11269896316196736
7093,2.417070707070707,0.5642424242424242,-0.0011942695937530825,0.11291343736143276
7094,2.417070707070707,0.5702020202020202,0.0007758359361504441,0.1153137900991429
7095,2.417070707070707,0.5761616161616161,-0.001077645148728189,0.11739008787503741
7096,2.417070707070707,0.582121212121212,-0.0013249310211127907,0.11923244932470999
7097,2.417070707070707,0.588080808080808,-0.00046983408148443414,0.1191115397763779
7098,2.417070707070707,0.594040404040404,-0.00026902049182410767,0.12019508119598221
7099,2.417070707070707,0.6,0.003634392752184816,0.12229419935394324
7100,2.4371717171717173,0.01,1.1624310837647011e-05,0.002026175736887333
7101,2.4371717171717173,0.01595959595959596,9.284865700958211e-06,0.0032383687935924536
7102,2.4371717171717173,0.021919191919191918,-4.605822209857847e-05,0.004446122745760923
7103,2.4371717171717173,0.027878787878787878,-3.2588427363842076e-05,0.005602737566722763
7104,2.4371717171717173,0.033838383838383834,1.5278960708996926e-05,0.006786721011477628
7105,2.4371717171717173,0.0397979797979798,0.0001669785892728207,0.008085474780434991
7106,2.4371717171717173,0.045757575757575754,0.00014280217477092286,0.009310757343513646
7107,2.4371717171717173,0.05171717171717172,-4.8476583124714566e-05,0.01056218567462462
7108,2.4371717171717173,0.05767676767676767,1.3684578000990677e-05,0.011748960292313409
7109,2.4371717171717173,0.06363636363636363,-5.4009456814287695e-05,0.0129358887277821
7110,2.4371717171717173,0.06959595959595959,9.631955244050369e-05,0.014132950160503633
7111,2.4371717171717173,0.07555555555555554,2.423270197672731e-05,0.015290965041870608
7112,2.4371717171717173,0.0815151515151515,-0.00020552208556361135,0.016384443749601824
7113,2.4371717171717173,0.08747474747474746,0.00016611208364254672,0.017742221281753845
7114,2.4371717171717173,0.09343434343434343,-0.000243496653560844,0.018950086028651468
7115,2.4371717171717173,0.09939393939393938,-6.429724351817494e-05,0.020210556290154866
7116,2.4371717171717173,0.10535353535353534,-0.00018013798332340404,0.021363135619122644
7117,2.4371717171717173,0.1113131313131313,0.0003436544670693541,0.02208682501482754
7118,2.4371717171717173,0.11727272727272725,0.00033411803211045465,0.02394540205461477
7119,2.4371717171717173,0.12323232323232322,4.4069731627808075e-05,0.024627608901593847
7120,2.4371717171717173,0.1291919191919192,-4.037848094216292e-05,0.025962854165216685
7121,2.4371717171717173,0.13515151515151513,0.00029422600493903656,0.02720955894619763
7122,2.4371717171717173,0.1411111111111111,0.00018357306133465724,0.0283035327819624
7123,2.4371717171717173,0.14707070707070707,-0.00019641000329127773,0.029731446467075973
7124,2.4371717171717173,0.15303030303030302,0.0003228637645685419,0.03120429448587719
7125,2.4371717171717173,0.158989898989899,0.00026818350727442496,0.032563768858525355
7126,2.4371717171717173,0.16494949494949493,0.00035004036580502514,0.03336096347022146
7127,2.4371717171717173,0.1709090909090909,0.0003030626105250495,0.03453325757005987
7128,2.4371717171717173,0.17686868686868687,9.855708624386788e-05,0.03532827056451994
7129,2.4371717171717173,0.1828282828282828,0.0004883885781605392,0.03701437974879043
7130,2.4371717171717173,0.18878787878787878,0.00022213467226847429,0.03836032115418421
7131,2.4371717171717173,0.19474747474747472,-0.0007946344680441655,0.03924667949340083
7132,2.4371717171717173,0.2007070707070707,-4.443456829084046e-05,0.040627756711038666
7133,2.4371717171717173,0.20666666666666667,0.0001456130828544376,0.04226198762702313
7134,2.4371717171717173,0.2126262626262626,-0.00019246077639790933,0.04270668399902819
7135,2.4371717171717173,0.21858585858585858,-0.0001756807791784523,0.043945998345412726
7136,2.4371717171717173,0.22454545454545452,0.0004189869166664761,0.04541422039327133
7137,2.4371717171717173,0.2305050505050505,0.00011134484695117241,0.04690586888399359
7138,2.4371717171717173,0.23646464646464646,-0.0006183942145024086,0.04815758775907379
7139,2.4371717171717173,0.2424242424242424,0.00019247694935129595,0.04980978800005345
7140,2.4371717171717173,0.24838383838383837,-5.234517773108571e-05,0.05014797030529045
7141,2.4371717171717173,0.2543434343434343,7.986581249397256e-05,0.05151941080178487
7142,2.4371717171717173,0.26030303030303026,0.0004933168542536274,0.05296876583392133
7143,2.4371717171717173,0.26626262626262626,0.00045593303973608714,0.05429966559116646
7144,2.4371717171717173,0.2722222222222222,-0.00013285446784077552,0.05627792163968621
7145,2.4371717171717173,0.27818181818181814,0.0003132050063211973,0.05729585340968399
7146,2.4371717171717173,0.28414141414141414,9.892059052841544e-05,0.05702346622107003
7147,2.4371717171717173,0.2901010101010101,0.0001068912186067923,0.05935819366714639
7148,2.4371717171717173,0.296060606060606,0.00028190025793321734,0.06044865306573709
7149,2.4371717171717173,0.302020202020202,-0.0001282342652136359,0.061712219679500156
7150,2.4371717171717173,0.30797979797979796,-0.00046894121138573174,0.062239448947818486
7151,2.4371717171717173,0.3139393939393939,0.00035237265921679654,0.06265862593867523
7152,2.4371717171717173,0.31989898989898985,-0.000913921006160836,0.06439525151840589
7153,2.4371717171717173,0.32585858585858585,0.000482885136201126,0.06647250360929002
7154,2.4371717171717173,0.3318181818181818,0.0007563756646301127,0.06683978766756139
7155,2.4371717171717173,0.33777777777777773,0.0008590344263588891,0.06899424316490471
7156,2.4371717171717173,0.34373737373737373,0.0004367243638708118,0.0697974440410645
7157,2.4371717171717173,0.3496969696969697,7.859563821435929e-05,0.0702773678466622
7158,2.4371717171717173,0.3556565656565656,-0.0006778966246615573,0.07258800310123215
7159,2.4371717171717173,0.3616161616161616,-0.0009035404312953705,0.07261303616624364
7160,2.4371717171717173,0.36757575757575756,0.0012561136172625576,0.07611890888276973
7161,2.4371717171717173,0.3735353535353535,-0.00017232114516567746,0.07610635701942711
7162,2.4371717171717173,0.37949494949494944,0.00028694137511329506,0.07846874183100343
7163,2.4371717171717173,0.38545454545454544,-0.000256088080676453,0.0779326262324308
7164,2.4371717171717173,0.3914141414141414,3.617475611667684e-05,0.08024399145739007
7165,2.4371717171717173,0.3973737373737373,0.0014955507052508393,0.08143434884312796
7166,2.4371717171717173,0.4033333333333333,0.00014825981642792462,0.08315259155785133
7167,2.4371717171717173,0.40929292929292926,-0.0005321980921485241,0.08391252129837623
7168,2.4371717171717173,0.4152525252525252,7.389294864736629e-05,0.08457455051151162
7169,2.4371717171717173,0.42121212121212115,-0.0002554268548262972,0.08634432675522245
7170,2.4371717171717173,0.42717171717171715,-0.0001249211473557783,0.08688529185895703
7171,2.4371717171717173,0.4331313131313131,0.0015062060265720793,0.08855375192046296
7172,2.4371717171717173,0.43909090909090903,0.0010758499968666142,0.09072509383377794
7173,2.4371717171717173,0.44505050505050503,0.0006646595679386878,0.09057808328533386
7174,2.4371717171717173,0.45101010101010097,0.002113007812745716,0.09273099204029812
7175,2.4371717171717173,0.4569696969696969,0.0007596081596371912,0.0931720811367827
7176,2.4371717171717173,0.4629292929292929,-0.0008710023190151844,0.09483700749168981
7177,2.4371717171717173,0.46888888888888886,0.00012128034201933491,0.09651102234402419
7178,2.4371717171717173,0.4748484848484848,0.0006742252864733867,0.09850926198706256
7179,2.4371717171717173,0.48080808080808074,0.0004988192399269945,0.09971849849583582
7180,2.4371717171717173,0.48676767676767674,0.001692219018505191,0.10237310213239904
7181,2.4371717171717173,0.4927272727272727,0.0008828488612452437,0.1005726785362258
7182,2.4371717171717173,0.4986868686868686,-0.0010323567675896345,0.1020434055142424
7183,2.4371717171717173,0.5046464646464646,0.0008363262686215144,0.10258052931013964
7184,2.4371717171717173,0.5106060606060605,-0.00019747552925358187,0.10364648133175304
7185,2.4371717171717173,0.5165656565656566,0.00032922546370016403,0.105202949566347
7186,2.4371717171717173,0.5225252525252525,-0.0009394074006276663,0.1064120922650581
7187,2.4371717171717173,0.5284848484848484,0.0007029114461833428,0.1087728802956174
7188,2.4371717171717173,0.5344444444444444,0.001070623562048689,0.10964513789872711
7189,2.4371717171717173,0.5404040404040403,-0.0025290411056975645,0.1098422287669038
7190,2.4371717171717173,0.5463636363636363,0.001224736395790901,0.11274490356926148
7191,2.4371717171717173,0.5523232323232323,-0.0013539608296209559,0.11098580001915247
7192,2.4371717171717173,0.5582828282828283,-0.0027309393550506303,0.11245965414742198
7193,2.4371717171717173,0.5642424242424242,-0.0006341899585494348,0.11600739903167678
7194,2.4371717171717173,0.5702020202020202,-0.0009886508723326946,0.11767372383067594
7195,2.4371717171717173,0.5761616161616161,0.00022859988547643546,0.11829575918941007
7196,2.4371717171717173,0.582121212121212,-0.00015748136293698494,0.12099751028940783
7197,2.4371717171717173,0.588080808080808,0.00013920547725832956,0.12173191174562757
7198,2.4371717171717173,0.594040404040404,-0.00010924739435116901,0.12429801717223261
7199,2.4371717171717173,0.6,0.0006354095910627305,0.12485946343332642
7200,2.457272727272727,0.01,-1.169155559299262e-06,0.0020645769307786957
7201,2.457272727272727,0.01595959595959596,-1.0051501807531349e-05,0.0032618580544193755
7202,2.457272727272727,0.021919191919191918,1.5020730389122295e-05,0.004487964070774824
7203,2.457272727272727,0.027878787878787878,-6.636712304584858e-06,0.005709463849561717
7204,2.457272727272727,0.033838383838383834,0.00013189696853326783,0.0069907893471033156
7205,2.457272727272727,0.0397979797979798,3.574853737618147e-05,0.008273708268134176
7206,2.457272727272727,0.045757575757575754,-9.398936140993897e-06,0.009489658626632902
7207,2.457272727272727,0.05171717171717172,0.00013326008896456028,0.010673828848191017
7208,2.457272727272727,0.05767676767676767,-6.34249477489618e-05,0.011866821255110202
7209,2.457272727272727,0.06363636363636363,5.886600058791505e-05,0.01296863213679134
7210,2.457272727272727,0.06959595959595959,-0.00037066236351959665,0.014317549325937748
7211,2.457272727272727,0.07555555555555554,0.00023257073301065888,0.015561092626227086
7212,2.457272727272727,0.0815151515151515,0.00011722915320789342,0.016713111555009177
7213,2.457272727272727,0.08747474747474746,-2.334865255541977e-05,0.018014944932036658
7214,2.457272727272727,0.09343434343434343,5.0306862418140586e-05,0.019261102777072284
7215,2.457272727272727,0.09939393939393938,-1.8350007550750846e-05,0.020396525206760868
7216,2.457272727272727,0.10535353535353534,5.5684964924362625e-05,0.021666183586438632
7217,2.457272727272727,0.1113131313131313,9.672777456883485e-06,0.022757184257923314
7218,2.457272727272727,0.11727272727272725,-7.228610488362279e-05,0.023953155349693812
7219,2.457272727272727,0.12323232323232322,0.00011301074170780474,0.025646046436507506
7220,2.457272727272727,0.1291919191919192,-0.0003924997692238413,0.026520009059583377
7221,2.457272727272727,0.13515151515151513,0.0001251403995265806,0.02746208944265113
7222,2.457272727272727,0.1411111111111111,0.00011776115752204955,0.028962490792160477
7223,2.457272727272727,0.14707070707070707,-0.00016230039219285414,0.03022108519982856
7224,2.457272727272727,0.15303030303030302,-6.200551719566114e-05,0.03165237920716971
7225,2.457272727272727,0.158989898989899,-8.692953806098606e-05,0.03283277041047133
7226,2.457272727272727,0.16494949494949493,-0.00014070278020507227,0.0337590480358825
7227,2.457272727272727,0.1709090909090909,-0.00040871297130865367,0.03510187136122254
7228,2.457272727272727,0.17686868686868687,0.0001281172025565623,0.036436755712808244
7229,2.457272727272727,0.1828282828282828,2.326368845881388e-06,0.0373742136804912
7230,2.457272727272727,0.18878787878787878,0.0003270323899513541,0.03880553362445615
7231,2.457272727272727,0.19474747474747472,0.0006556486200643131,0.03992018019828669
7232,2.457272727272727,0.2007070707070707,0.00012361656924301268,0.04140531520445321
7233,2.457272727272727,0.20666666666666667,-0.0004948594499857157,0.04240029785309415
7234,2.457272727272727,0.2126262626262626,-0.0003244898804435573,0.04284390501210312
7235,2.457272727272727,0.21858585858585858,-0.0006356498325417858,0.04473037697367854
7236,2.457272727272727,0.22454545454545452,3.181657571911858e-05,0.04656976976207403
7237,2.457272727272727,0.2305050505050505,-0.0003079667428692568,0.04729713185445671
7238,2.457272727272727,0.23646464646464646,6.218864267578316e-05,0.04852116484736684
7239,2.457272727272727,0.2424242424242424,4.998039530710097e-05,0.04980542689775128
7240,2.457272727272727,0.24838383838383837,0.00016504702397784185,0.051447257762280846
7241,2.457272727272727,0.2543434343434343,0.0006072160981588266,0.05235199291937587
7242,2.457272727272727,0.26030303030303026,1.738289021755536e-05,0.05341493482869694
7243,2.457272727272727,0.26626262626262626,-0.00016788297709567876,0.05357962850300792
7244,2.457272727272727,0.2722222222222222,-0.00026112260211397844,0.05663326195048804
7245,2.457272727272727,0.27818181818181814,0.0008782361649388292,0.05708229910574952
7246,2.457272727272727,0.28414141414141414,0.0005099401964217998,0.05890664193481953
7247,2.457272727272727,0.2901010101010101,8.446489092812074e-05,0.0597010702655835
7248,2.457272727272727,0.296060606060606,-0.0003674832451957269,0.0608121864312808
7249,2.457272727272727,0.302020202020202,0.00031771411640308544,0.06193647518575781
7250,2.457272727272727,0.30797979797979796,-0.0012097183102222678,0.06332105667730908
7251,2.457272727272727,0.3139393939393939,0.0006461588974659584,0.06537137929829168
7252,2.457272727272727,0.31989898989898985,-9.572961194619664e-05,0.06648028811757732
7253,2.457272727272727,0.32585858585858585,0.000928352025528573,0.06723974995353843
7254,2.457272727272727,0.3318181818181818,-0.00030668661958242527,0.06922959952562002
7255,2.457272727272727,0.33777777777777773,0.0009641265492532291,0.06918446924522961
7256,2.457272727272727,0.34373737373737373,0.00012135565019142947,0.07130486315287712
7257,2.457272727272727,0.3496969696969697,0.0024827491303382942,0.07251993089961058
7258,2.457272727272727,0.3556565656565656,-0.0011369309787131723,0.07408163603567908
7259,2.457272727272727,0.3616161616161616,0.000648472021231399,0.07463183583746234
7260,2.457272727272727,0.36757575757575756,-0.00022375656335330607,0.07479150745324036
7261,2.457272727272727,0.3735353535353535,0.0007478675545614056,0.07680314388212899
7262,2.457272727272727,0.37949494949494944,0.0012575135381867875,0.07930598414208345
7263,2.457272727272727,0.38545454545454544,-0.00014582906696223157,0.07906484276725308
7264,2.457272727272727,0.3914141414141414,-0.00014950988275763493,0.08045866324761874
7265,2.457272727272727,0.3973737373737373,0.0006721808871826039,0.08235164094754181
7266,2.457272727272727,0.4033333333333333,-0.0016277069069102815,0.08296731998507786
7267,2.457272727272727,0.40929292929292926,0.00021018258581636143,0.08445120944245967
7268,2.457272727272727,0.4152525252525252,-0.0003063713632535708,0.08599042044558865
7269,2.457272727272727,0.42121212121212115,0.0005685365062317986,0.088116828269865
7270,2.457272727272727,0.42717171717171715,-5.936646436433959e-05,0.08846601924156779
7271,2.457272727272727,0.4331313131313131,-0.001081651284953832,0.09018534480397297
7272,2.457272727272727,0.43909090909090903,-0.0008691561675355502,0.09052165504884947
7273,2.457272727272727,0.44505050505050503,-0.0004203054726600001,0.09125812577756937
7274,2.457272727272727,0.45101010101010097,9.815073438604824e-05,0.09239685412510504
7275,2.457272727272727,0.4569696969696969,-0.00015972445258631421,0.09463231195990532
7276,2.457272727272727,0.4629292929292929,-0.0004572088330536607,0.09564559408158345
7277,2.457272727272727,0.46888888888888886,0.0005064188364403202,0.0978791100731946
7278,2.457272727272727,0.4748484848484848,-0.00015928920605617992,0.09822366169495772
7279,2.457272727272727,0.48080808080808074,0.0006362412444955046,0.0998567123815926
7280,2.457272727272727,0.48676767676767674,-0.001204133337332703,0.10118301824471554
7281,2.457272727272727,0.4927272727272727,-0.0007004549405827534,0.10184149812507166
7282,2.457272727272727,0.4986868686868686,0.0014214893671884432,0.10353889636454193
7283,2.457272727272727,0.5046464646464646,0.0009849074641335828,0.10530234074316606
7284,2.457272727272727,0.5106060606060605,0.0004600414348616294,0.1074827545413356
7285,2.457272727272727,0.5165656565656566,-0.0019285008555053008,0.10665200095915359
7286,2.457272727272727,0.5225252525252525,0.0005576592718391221,0.10960924452261844
7287,2.457272727272727,0.5284848484848484,-0.0018100528672927907,0.1104037476128063
7288,2.457272727272727,0.5344444444444444,-0.0005160556746316531,0.11087827020799519
7289,2.457272727272727,0.5404040404040403,-0.0013388606044947439,0.1124164293682919
7290,2.457272727272727,0.5463636363636363,-0.0009527800033338075,0.11434527585498652
7291,2.457272727272727,0.5523232323232323,-0.0008562275817799386,0.11553716527954018
7292,2.457272727272727,0.5582828282828283,-0.0003811771232423751,0.11680322130538016
7293,2.457272727272727,0.5642424242424242,-0.00044532930120414117,0.11555945501506855
7294,2.457272727272727,0.5702020202020202,-0.0010912854022119849,0.11799745022058389
7295,2.457272727272727,0.5761616161616161,-0.000795014407965303,0.11988599879528973
7296,2.457272727272727,0.582121212121212,-0.00014590095423119162,0.1209908946540307
7297,2.457272727272727,0.588080808080808,-0.000964465592764181,0.12143692508418022
7298,2.457272727272727,0.594040404040404,0.0003543283978311502,0.12534677016874954
7299,2.457272727272727,0.6,-0.0017045099697592246,0.1262847073919163
7300,2.4773737373737372,0.01,9.237305199225775e-06,0.0020878500073844594
7301,2.4773737373737372,0.01595959595959596,-3.153727016629529e-05,0.0032823015268027373
7302,2.4773737373737372,0.021919191919191918,4.736498747547068e-05,0.004542836909865524
7303,2.4773737373737372,0.027878787878787878,1.1242925396714832e-05,0.0058625621607614475
7304,2.4773737373737372,0.033838383838383834,1.2183199797058653e-05,0.007063678296490156
7305,2.4773737373737372,0.0397979797979798,7.6380354008726e-07,0.008306890894312101
7306,2.4773737373737372,0.045757575757575754,4.762320191587177e-05,0.009316256217973495
7307,2.4773737373737372,0.05171717171717172,-5.879164233279526e-05,0.010820171656496467
7308,2.4773737373737372,0.05767676767676767,2.353848932275513e-05,0.0120200370099045
7309,2.4773737373737372,0.06363636363636363,0.00017399316636216132,0.013212799269599474
7310,2.4773737373737372,0.06959595959595959,-0.00015197836908559427,0.014326856265960386
7311,2.4773737373737372,0.07555555555555554,0.00012900340504073181,0.015732040682489446
7312,2.4773737373737372,0.0815151515151515,-0.00011648884250227515,0.0166784534288733
7313,2.4773737373737372,0.08747474747474746,2.9415972348223486e-05,0.0184555741091732
7314,2.4773737373737372,0.09343434343434343,-0.000119501075235908,0.019462352847726374
7315,2.4773737373737372,0.09939393939393938,-2.967615549847419e-05,0.020288695558636112
7316,2.4773737373737372,0.10535353535353534,-8.34930179078556e-05,0.021928769675014052
7317,2.4773737373737372,0.1113131313131313,-0.0003045581219024598,0.023235151349793946
7318,2.4773737373737372,0.11727272727272725,-0.00010444165899122412,0.0239914710792488
7319,2.4773737373737372,0.12323232323232322,-0.0004423894096406489,0.02591603052937088
7320,2.4773737373737372,0.1291919191919192,-0.0002875946313523599,0.027367804776007344
7321,2.4773737373737372,0.13515151515151513,-0.00014093160684984353,0.02813633206619201
7322,2.4773737373737372,0.1411111111111111,-0.0001020061698470228,0.029331479974880087
7323,2.4773737373737372,0.14707070707070707,0.00010269485203888334,0.030908358675874926
7324,2.4773737373737372,0.15303030303030302,-0.0004023975459139319,0.03182891739140452
7325,2.4773737373737372,0.158989898989899,-0.00019130034850280774,0.032971944974857496
7326,2.4773737373737372,0.16494949494949493,-0.00017348623787569217,0.03447968980156741
7327,2.4773737373737372,0.1709090909090909,6.911598785470012e-05,0.035610333878675626
7328,2.4773737373737372,0.17686868686868687,-0.00013784320394576586,0.03696934136310616
7329,2.4773737373737372,0.1828282828282828,-0.000475174961610043,0.03792632643929362
7330,2.4773737373737372,0.18878787878787878,-7.923575788666609e-05,0.03901549045829147
7331,2.4773737373737372,0.19474747474747472,-0.000789694874386088,0.04017459759413564
7332,2.4773737373737372,0.2007070707070707,0.0003018328313393522,0.041533703191575046
7333,2.4773737373737372,0.20666666666666667,0.000497871111420404,0.04303648215574069
7334,2.4773737373737372,0.2126262626262626,0.0004456710172186774,0.044449936761322854
7335,2.4773737373737372,0.21858585858585858,0.0003323967645291095,0.045813518342560644
7336,2.4773737373737372,0.22454545454545452,-0.0006627600262654879,0.04635395413532323
7337,2.4773737373737372,0.2305050505050505,0.0006567268123305648,0.047701994927630234
7338,2.4773737373737372,0.23646464646464646,0.0003272771794484552,0.04867367647120089
7339,2.4773737373737372,0.2424242424242424,0.0003748944587194696,0.05012990920375556
7340,2.4773737373737372,0.24838383838383837,-2.806682210730289e-05,0.05180926200085024
7341,2.4773737373737372,0.2543434343434343,0.0004187320058587061,0.05261270978946181
7342,2.4773737373737372,0.26030303030303026,-0.0007509556083713871,0.05362601291737791
7343,2.4773737373737372,0.26626262626262626,0.00020658356934996345,0.055960100768823885
7344,2.4773737373737372,0.2722222222222222,-0.0017858185301799295,0.05705900092863198
7345,2.4773737373737372,0.27818181818181814,-0.0001367473137186524,0.057862226758790374
7346,2.4773737373737372,0.28414141414141414,0.00010963321527890595,0.059394096755150755
7347,2.4773737373737372,0.2901010101010101,-0.00040816982922665625,0.06033140260723421
7348,2.4773737373737372,0.296060606060606,0.0004627051479602347,0.06160936530804831
7349,2.4773737373737372,0.302020202020202,0.00018309248597014543,0.06292171704813497
7350,2.4773737373737372,0.30797979797979796,-0.0009560938139064906,0.06415443900614912
7351,2.4773737373737372,0.3139393939393939,-0.0007294057673166629,0.0649359353297648
7352,2.4773737373737372,0.31989898989898985,-0.0006703445483652413,0.06699381279113405
7353,2.4773737373737372,0.32585858585858585,5.0531160716899934e-05,0.06833831699754668
7354,2.4773737373737372,0.3318181818181818,-0.0007567868307742392,0.07010970197486759
7355,2.4773737373737372,0.33777777777777773,-0.00047004650720526336,0.07038848834461925
7356,2.4773737373737372,0.34373737373737373,-0.00032874063799159884,0.07271054561848905
7357,2.4773737373737372,0.3496969696969697,-0.0005981357584541698,0.07218598698711037
7358,2.4773737373737372,0.3556565656565656,-0.0002761571298703657,0.07400533766682334
7359,2.4773737373737372,0.3616161616161616,0.00015709615258449426,0.07594497042312462
7360,2.4773737373737372,0.36757575757575756,-0.0007242929279611264,0.0774582700745625
7361,2.4773737373737372,0.3735353535353535,2.955492602767702e-05,0.07758691866690258
7362,2.4773737373737372,0.37949494949494944,0.0007298314459404647,0.07925593969350896
7363,2.4773737373737372,0.38545454545454544,0.0009267525338909048,0.08058238796831964
7364,2.4773737373737372,0.3914141414141414,-4.736412102609768e-05,0.08125153404303545
7365,2.4773737373737372,0.3973737373737373,0.0006087679265809214,0.08361734439849629
7366,2.4773737373737372,0.4033333333333333,0.0007032950929499888,0.0842794397962864
7367,2.4773737373737372,0.40929292929292926,0.0011445534179922775,0.08692095896055967
7368,2.4773737373737372,0.4152525252525252,-0.0002609519876696374,0.08685473009501798
7369,2.4773737373737372,0.42121212121212115,0.0005150299297089194,0.08650946155943062
7370,2.4773737373737372,0.42717171717171715,0.0013686038239970305,0.08993735263757656
7371,2.4773737373737372,0.4331313131313131,0.0010537580868024816,0.09127395890848417
7372,2.4773737373737372,0.43909090909090903,-0.0005115211190755401,0.09286442579929215
7373,2.4773737373737372,0.44505050505050503,-0.0009219140792808132,0.0924493459558388
7374,2.4773737373737372,0.45101010101010097,-0.00012458042378288094,0.09473117254926981
7375,2.4773737373737372,0.4569696969696969,0.002159124636152789,0.09752181345202515
7376,2.4773737373737372,0.4629292929292929,-0.0014320984399396502,0.09546819969293818
7377,2.4773737373737372,0.46888888888888886,-0.0020287214622167135,0.09762672800863474
7378,2.4773737373737372,0.4748484848484848,-0.00047698625104194986,0.09869373829543893
7379,2.4773737373737372,0.48080808080808074,-0.0005000789947059435,0.10133285751465336
7380,2.4773737373737372,0.48676767676767674,-0.0014494733027245847,0.10236336358261865
7381,2.4773737373737372,0.4927272727272727,-0.0001192730680551815,0.10473209742709226
7382,2.4773737373737372,0.4986868686868686,-0.0008297593663716512,0.10557467715163792
7383,2.4773737373737372,0.5046464646464646,0.0006815137559166293,0.1074234594562823
7384,2.4773737373737372,0.5106060606060605,0.0007579854725104924,0.10785281146609287
7385,2.4773737373737372,0.5165656565656566,-0.000290258123643329,0.106981327623969
7386,2.4773737373737372,0.5225252525252525,8.088713575404575e-05,0.10963781191480695
7387,2.4773737373737372,0.5284848484848484,-0.0008790603863773053,0.11268455145209773
7388,2.4773737373737372,0.5344444444444444,0.0016603185107947997,0.11361483786503097
7389,2.4773737373737372,0.5404040404040403,0.0013761054033112302,0.115316865025046
7390,2.4773737373737372,0.5463636363636363,-0.00034870432482331015,0.11539244748448463
7391,2.4773737373737372,0.5523232323232323,-0.00016527576133212936,0.11757154239635867
7392,2.4773737373737372,0.5582828282828283,-6.236557717038594e-05,0.1184293482667549
7393,2.4773737373737372,0.5642424242424242,-0.0007206697182433548,0.11921383194240678
7394,2.4773737373737372,0.5702020202020202,-0.0005232872869889108,0.12063164426425607
7395,2.4773737373737372,0.5761616161616161,-0.0003375022022667438,0.12354521584292565
7396,2.4773737373737372,0.582121212121212,0.0011101011445470526,0.1233028973615413
7397,2.4773737373737372,0.588080808080808,0.0010174027167822836,0.12455905630601999
7398,2.4773737373737372,0.594040404040404,0.0024192623820960667,0.12750161010998123
7399,2.4773737373737372,0.6,-0.0022124974891902715,0.12683470888276868
7400,2.4974747474747474,0.01,-8.534261496112072e-06,0.002085990464769611
7401,2.4974747474747474,0.01595959595959596,-3.293284679241094e-05,0.0033220625115012257
7402,2.4974747474747474,0.021919191919191918,6.398883115318974e-05,0.004605010229324276
7403,2.4974747474747474,0.027878787878787878,6.103017563586708e-05,0.005864627855158806
7404,2.4974747474747474,0.033838383838383834,-2.291276980172762e-05,0.007161179060587535
7405,2.4974747474747474,0.0397979797979798,0.00015157698438367136,0.008403952805808503
7406,2.4974747474747474,0.045757575757575754,0.00010877056396440002,0.009696467248976449
7407,2.4974747474747474,0.05171717171717172,2.665315260685044e-05,0.010894211392946562
7408,2.4974747474747474,0.05767676767676767,2.3383389781758756e-05,0.012145029313617129
7409,2.4974747474747474,0.06363636363636363,3.599491924505297e-05,0.013569141780715074
7410,2.4974747474747474,0.06959595959595959,-0.00020505382026770634,0.01457742313372048
7411,2.4974747474747474,0.07555555555555554,0.00010217696472617326,0.01609411539746173
7412,2.4974747474747474,0.0815151515151515,-8.371784829378866e-05,0.0172683605620953
7413,2.4974747474747474,0.08747474747474746,0.00027706636657831704,0.018220693557839875
7414,2.4974747474747474,0.09343434343434343,0.0002218441651395758,0.01992861236819004
7415,2.4974747474747474,0.09939393939393938,0.00025319296849659516,0.02106655929030188
7416,2.4974747474747474,0.10535353535353534,-0.00011286938865056086,0.022051084766222518
7417,2.4974747474747474,0.1113131313131313,0.00011230046525045729,0.023282949356645925
7418,2.4974747474747474,0.11727272727272725,-0.00018477301752633203,0.02492700477925989
7419,2.4974747474747474,0.12323232323232322,-0.00014565435539972053,0.025760525879319488
7420,2.4974747474747474,0.1291919191919192,-0.000314498716083484,0.027040451468288484
7421,2.4974747474747474,0.13515151515151513,0.00029159055834570544,0.028235761376608427
7422,2.4974747474747474,0.1411111111111111,0.0003216120891912957,0.030116025592529006
7423,2.4974747474747474,0.14707070707070707,-0.00019714225522214442,0.03100298392903138
7424,2.4974747474747474,0.15303030303030302,-0.00044456453707743113,0.0324686132434265
7425,2.4974747474747474,0.158989898989899,2.8796685851596626e-05,0.03335030932609772
7426,2.4974747474747474,0.16494949494949493,-0.00014655567894001148,0.03471497763812171
7427,2.4974747474747474,0.1709090909090909,-5.2635602205665055e-05,0.036035886612584334
7428,2.4974747474747474,0.17686868686868687,0.000533900000011689,0.036994383584125386
7429,2.4974747474747474,0.1828282828282828,-8.384548739620276e-05,0.038452552825613696
7430,2.4974747474747474,0.18878787878787878,0.00030298928396586274,0.03998690323234131
7431,2.4974747474747474,0.19474747474747472,-0.0003810631357835133,0.04127195598872439
7432,2.4974747474747474,0.2007070707070707,-0.0007014343739742896,0.04223617306155991
7433,2.4974747474747474,0.20666666666666667,-0.0006762810166743248,0.0435140292004894
7434,2.4974747474747474,0.2126262626262626,0.00022686619527062505,0.04446107035650612
7435,2.4974747474747474,0.21858585858585858,-0.0008522448082918249,0.04665300511267593
7436,2.4974747474747474,0.22454545454545452,-0.0007419531471550885,0.047428968776723354
7437,2.4974747474747474,0.2305050505050505,0.0008728688598842599,0.04907305581719499
7438,2.4974747474747474,0.23646464646464646,0.0003379763470942191,0.05028024030865849
7439,2.4974747474747474,0.2424242424242424,-0.00026481048554660236,0.0512329544324712
7440,2.4974747474747474,0.24838383838383837,-0.0005724638450583716,0.052439118867557685
7441,2.4974747474747474,0.2543434343434343,-8.012009883275261e-05,0.053266588560868244
7442,2.4974747474747474,0.26030303030303026,0.0005340320376845975,0.05496668802635151
7443,2.4974747474747474,0.26626262626262626,-0.00015563339842735284,0.057122007368896915
7444,2.4974747474747474,0.2722222222222222,0.00011508720467668896,0.05761641700452134
7445,2.4974747474747474,0.27818181818181814,0.00033868885714677404,0.059025624835663294
7446,2.4974747474747474,0.28414141414141414,0.00019621905383766246,0.05919771968119771
7447,2.4974747474747474,0.2901010101010101,0.00016933932927866752,0.061895252891543566
7448,2.4974747474747474,0.296060606060606,4.181894662023997e-05,0.0628187226337451
7449,2.4974747474747474,0.302020202020202,-0.000379153659501204,0.06487797933821943
7450,2.4974747474747474,0.30797979797979796,0.0011230710290680618,0.06597875347446022
7451,2.4974747474747474,0.3139393939393939,0.00129949568362132,0.06608821132305333
7452,2.4974747474747474,0.31989898989898985,-0.00046326514045867207,0.06734736590458687
7453,2.4974747474747474,0.32585858585858585,-0.00044627418098210325,0.06972365955313696
7454,2.4974747474747474,0.3318181818181818,6.395634707148198e-05,0.06999413675023518
7455,2.4974747474747474,0.33777777777777773,-0.0004423112438780745,0.07139769750600349
7456,2.4974747474747474,0.34373737373737373,0.0003778249228767022,0.07378186651308272
7457,2.4974747474747474,0.3496969696969697,0.0001409744905996801,0.07366681979837937
7458,2.4974747474747474,0.3556565656565656,0.0012700228597611924,0.07609292070603048
7459,2.4974747474747474,0.3616161616161616,-0.0020744446747584123,0.07660806532902405
7460,2.4974747474747474,0.36757575757575756,0.0005832138034220034,0.07759659714057243
7461,2.4974747474747474,0.3735353535353535,-0.0018095258100955356,0.07986720662419002
7462,2.4974747474747474,0.37949494949494944,0.0009819741485854554,0.08160776496787896
7463,2.4974747474747474,0.38545454545454544,0.0009530233266703837,0.08102870926916163
7464,2.4974747474747474,0.3914141414141414,0.00015172540913403334,0.08236104267841994
7465,2.4974747474747474,0.3973737373737373,-0.0003564634943878654,0.08521904813968341
7466,2.4974747474747474,0.4033333333333333,0.0006997991653586927,0.08567972986153889
7467,2.4974747474747474,0.40929292929292926,0.0001357307757332265,0.0872863803946418
7468,2.4974747474747474,0.4152525252525252,0.0001892335564676491,0.08923101198670103
7469,2.4974747474747474,0.42121212121212115,0.00043295348370659087,0.08992091854087057
7470,2.4974747474747474,0.42717171717171715,0.001610149434674453,0.09164221442533471
7471,2.4974747474747474,0.4331313131313131,0.00047568917702018324,0.09322089050380727
7472,2.4974747474747474,0.43909090909090903,0.0014291225557470952,0.09406946985819048
7473,2.4974747474747474,0.44505050505050503,-0.00015619510227151217,0.09445808041969027
7474,2.4974747474747474,0.45101010101010097,-0.00021554583052318604,0.0968461834542894
7475,2.4974747474747474,0.4569696969696969,0.001149937780326551,0.09754297876884982
7476,2.4974747474747474,0.4629292929292929,0.0011603226367898395,0.09873037360919495
7477,2.4974747474747474,0.46888888888888886,0.0004330863468430833,0.09840411503320338
7478,2.4974747474747474,0.4748484848484848,-0.0007509783211672662,0.10210262672996682
7479,2.4974747474747474,0.48080808080808074,0.00033477725718017535,0.10280881165169069
7480,2.4974747474747474,0.48676767676767674,-0.0016894213209180534,0.10352645805344292
7481,2.4974747474747474,0.4927272727272727,0.001249020320600108,0.10614689687150966
7482,2.4974747474747474,0.4986868686868686,-0.0011135952477009444,0.10679028861298707
7483,2.4974747474747474,0.5046464646464646,0.001193004886591476,0.10741091644416774
7484,2.4974747474747474,0.5106060606060605,0.001129125018497825,0.10876662523750262
7485,2.4974747474747474,0.5165656565656566,0.0010291189532384657,0.10930228440672422
7486,2.4974747474747474,0.5225252525252525,0.0021195573434637524,0.1125383030176574
7487,2.4974747474747474,0.5284848484848484,-0.0011570933749167314,0.11105813533922089
7488,2.4974747474747474,0.5344444444444444,0.0006190807907814956,0.11508367638417277
7489,2.4974747474747474,0.5404040404040403,-0.001644858908728618,0.11521633392505276
7490,2.4974747474747474,0.5463636363636363,-0.0005457720982225045,0.11702669735278619
7491,2.4974747474747474,0.5523232323232323,0.0007929394710572936,0.1170667644294409
7492,2.4974747474747474,0.5582828282828283,-0.0017778305109560982,0.11868942570162282
7493,2.4974747474747474,0.5642424242424242,-0.0011588859977679647,0.11961079009618476
7494,2.4974747474747474,0.5702020202020202,0.0007573365048762848,0.12336179120773076
7495,2.4974747474747474,0.5761616161616161,-0.0029174820667875155,0.12260948866628656
7496,2.4974747474747474,0.582121212121212,-0.00010908803697128357,0.1253402802989471
7497,2.4974747474747474,0.588080808080808,-0.0006152544681836934,0.12664647945586174
7498,2.4974747474747474,0.594040404040404,-0.002488572956534323,0.12482944239446306
7499,2.4974747474747474,0.6,-0.0004902737010093004,0.12884587240560544
7500,2.5175757575757576,0.01,1.669127038867041e-05,0.002126071505664204
7501,2.5175757575757576,0.01595959595959596,-1.0769694736597523e-05,0.0034244336939011455
7502,2.5175757575757576,0.021919191919191918,2.348340818802015e-05,0.004660321654259991
7503,2.5175757575757576,0.027878787878787878,-3.929978193123329e-06,0.005934948594067224
7504,2.5175757575757576,0.033838383838383834,5.3172989887166965e-05,0.007210977241001926
7505,2.5175757575757576,0.0397979797979798,0.00014074306747755393,0.008553809425388517
7506,2.5175757575757576,0.045757575757575754,4.214782536120988e-05,0.009834114257809683
7507,2.5175757575757576,0.05171717171717172,0.00011938991892054014,0.010935879229264492
7508,2.5175757575757576,0.05767676767676767,8.736172558785571e-05,0.012461302601361933
7509,2.5175757575757576,0.06363636363636363,0.00013738983837522186,0.013624664549182335
7510,2.5175757575757576,0.06959595959595959,-2.4377785518971404e-06,0.015118423504946755
7511,2.5175757575757576,0.07555555555555554,-0.0003700250956339524,0.016127386468738385
7512,2.5175757575757576,0.0815151515151515,0.0002450351326123047,0.017471943460115963
7513,2.5175757575757576,0.08747474747474746,-0.00011106749955214985,0.018520409778405914
7514,2.5175757575757576,0.09343434343434343,-0.0003741222213924361,0.01963556291109125
7515,2.5175757575757576,0.09939393939393938,-0.00011579864914813658,0.021262525108263795
7516,2.5175757575757576,0.10535353535353534,0.00041426804777736184,0.022724922671331173
7517,2.5175757575757576,0.1113131313131313,0.00011393529479424007,0.02390819613030695
7518,2.5175757575757576,0.11727272727272725,0.0004546397387821309,0.02518794396502337
7519,2.5175757575757576,0.12323232323232322,-0.00035819288804982716,0.026209161790632166
7520,2.5175757575757576,0.1291919191919192,-0.0003738843950255996,0.027477183035177894
7521,2.5175757575757576,0.13515151515151513,0.0002586812667116065,0.029015759744533527
7522,2.5175757575757576,0.1411111111111111,-0.00018826922355469203,0.03052263770778878
7523,2.5175757575757576,0.14707070707070707,0.00017341467572480802,0.031284251786139264
7524,2.5175757575757576,0.15303030303030302,6.986721079097071e-05,0.03260865576875737
7525,2.5175757575757576,0.158989898989899,1.3576885200208966e-05,0.03381963198080823
7526,2.5175757575757576,0.16494949494949493,8.816647495767227e-05,0.0351704396677432
7527,2.5175757575757576,0.1709090909090909,8.775537680097192e-05,0.0367659387501712
7528,2.5175757575757576,0.17686868686868687,-0.0006550693164176726,0.03755487040095024
7529,2.5175757575757576,0.1828282828282828,-0.0004930855716675641,0.03933693764742908
7530,2.5175757575757576,0.18878787878787878,0.0005841930483926709,0.04051231143830753
7531,2.5175757575757576,0.19474747474747472,0.000657209877394843,0.04141147459411504
7532,2.5175757575757576,0.2007070707070707,0.0002625278100340946,0.043636707039375576
7533,2.5175757575757576,0.20666666666666667,0.0003141213718760174,0.04440977774993561
7534,2.5175757575757576,0.2126262626262626,0.00034636082649880986,0.04552300287968795
7535,2.5175757575757576,0.21858585858585858,0.00011923878004239958,0.04657845782741596
7536,2.5175757575757576,0.22454545454545452,-0.0002169790347724118,0.04811020410769455
7537,2.5175757575757576,0.2305050505050505,0.0005723203554698906,0.049941058292145867
7538,2.5175757575757576,0.23646464646464646,-0.0005705099457733277,0.051050051924986024
7539,2.5175757575757576,0.2424242424242424,-0.00010326634490618336,0.051809873777679934
7540,2.5175757575757576,0.24838383838383837,-0.00022053311288265686,0.05351791534914361
7541,2.5175757575757576,0.2543434343434343,-0.00013002485221298823,0.05428079064948041
7542,2.5175757575757576,0.26030303030303026,-0.0004224916502029819,0.05582941488289199
7543,2.5175757575757576,0.26626262626262626,0.00030363272680426637,0.05756782432957391
7544,2.5175757575757576,0.2722222222222222,-0.00013389655175850943,0.0578758828339368
7545,2.5175757575757576,0.27818181818181814,0.0013626666397387036,0.05970098434559433
7546,2.5175757575757576,0.28414141414141414,6.512567813960417e-05,0.06030839144321678
7547,2.5175757575757576,0.2901010101010101,-0.00027407730467955194,0.06252727799794856
7548,2.5175757575757576,0.296060606060606,-0.0006891452733537861,0.06335430334505433
7549,2.5175757575757576,0.302020202020202,-1.208073803410017e-05,0.06460638509545287
7550,2.5175757575757576,0.30797979797979796,0.00030809067966586955,0.06538144999655097
7551,2.5175757575757576,0.3139393939393939,-1.1565601771770107e-05,0.06727337884773117
7552,2.5175757575757576,0.31989898989898985,-0.0007239929991038233,0.06852419746986067
7553,2.5175757575757576,0.32585858585858585,-0.0003990342902511456,0.06968659095436683
7554,2.5175757575757576,0.3318181818181818,-0.0006072372815364002,0.07229874433303479
7555,2.5175757575757576,0.33777777777777773,-0.0010320097818200963,0.07325760332163955
7556,2.5175757575757576,0.34373737373737373,0.0002807172220622462,0.07379161525813689
7557,2.5175757575757576,0.3496969696969697,-0.0011509901449295028,0.07502609349042111
7558,2.5175757575757576,0.3556565656565656,-0.001161089886880011,0.07573147425536286
7559,2.5175757575757576,0.3616161616161616,-7.720153876742097e-05,0.07777348514201704
7560,2.5175757575757576,0.36757575757575756,-0.0007493241112429791,0.07832672412976485
7561,2.5175757575757576,0.3735353535353535,6.501219332628996e-05,0.08051028620730764
7562,2.5175757575757576,0.37949494949494944,1.4416141974714148e-05,0.08113560095340303
7563,2.5175757575757576,0.38545454545454544,-0.0002090302251179761,0.08262679216377014
7564,2.5175757575757576,0.3914141414141414,0.0007340651806890093,0.0843218282738658
7565,2.5175757575757576,0.3973737373737373,-0.0003005604903944433,0.08611269784566616
7566,2.5175757575757576,0.4033333333333333,-0.0008343906569056938,0.08642324864660617
7567,2.5175757575757576,0.40929292929292926,-4.3727149249621224e-05,0.08886653108350841
7568,2.5175757575757576,0.4152525252525252,-1.4803380713622971e-05,0.08928105347680255
7569,2.5175757575757576,0.42121212121212115,-0.00043570140453504563,0.09055603926353883
7570,2.5175757575757576,0.42717171717171715,-0.0003300023458252379,0.0917336065198256
7571,2.5175757575757576,0.4331313131313131,-0.0008544440822275831,0.0936164771050279
7572,2.5175757575757576,0.43909090909090903,-0.0007807837712560968,0.09447339586976662
7573,2.5175757575757576,0.44505050505050503,0.00031029310563566043,0.0959866885355663
7574,2.5175757575757576,0.45101010101010097,0.0008583296420104123,0.09647371207274216
7575,2.5175757575757576,0.4569696969696969,0.0012599949456278835,0.09860813717771655
7576,2.5175757575757576,0.4629292929292929,8.204769194032728e-05,0.09967886359526891
7577,2.5175757575757576,0.46888888888888886,0.0005941606284314169,0.1029243901886691
7578,2.5175757575757576,0.4748484848484848,-2.877598200775875e-05,0.10208066840886706
7579,2.5175757575757576,0.48080808080808074,0.0010828521910697564,0.10482474428730873
7580,2.5175757575757576,0.48676767676767674,-0.00038775662684285936,0.1043650329873046
7581,2.5175757575757576,0.4927272727272727,-0.0011710411801500943,0.10803398452964513
7582,2.5175757575757576,0.4986868686868686,-0.00028754318262831494,0.10792707263027974
7583,2.5175757575757576,0.5046464646464646,-0.000995741490723379,0.1085359717898371
7584,2.5175757575757576,0.5106060606060605,-0.0003461682433605718,0.10802686793957905
7585,2.5175757575757576,0.5165656565656566,0.0018166375783741295,0.11116328050180173
7586,2.5175757575757576,0.5225252525252525,-0.0005662896976536833,0.11255283388325082
7587,2.5175757575757576,0.5284848484848484,-0.0004134105025910184,0.11462899433260401
7588,2.5175757575757576,0.5344444444444444,-0.0009308583660627138,0.11612309549448986
7589,2.5175757575757576,0.5404040404040403,0.0008602823784187175,0.11705214948540166
7590,2.5175757575757576,0.5463636363636363,0.0007502867544564389,0.11854699304056883
7591,2.5175757575757576,0.5523232323232323,-0.0015855649904244747,0.11869500920401786
7592,2.5175757575757576,0.5582828282828283,-6.720204126680853e-05,0.12167439898230387
7593,2.5175757575757576,0.5642424242424242,0.0006987044678562632,0.12418180409242793
7594,2.5175757575757576,0.5702020202020202,-0.0005928139490911886,0.12401498562392539
7595,2.5175757575757576,0.5761616161616161,0.0015233889092581441,0.125989315546471
7596,2.5175757575757576,0.582121212121212,0.001872148527708859,0.12581121421060526
7597,2.5175757575757576,0.588080808080808,0.001291213315130696,0.12685874790156457
7598,2.5175757575757576,0.594040404040404,0.000577658261034235,0.1300357646905585
7599,2.5175757575757576,0.6,-0.001687186838078595,0.13178159551430968
7600,2.5376767676767678,0.01,-1.3228181059208377e-05,0.00217189917182518
7601,2.5376767676767678,0.01595959595959596,2.924838425369557e-05,0.003442221788019042
7602,2.5376767676767678,0.021919191919191918,-2.2572533314178057e-05,0.004809363927059951
7603,2.5376767676767678,0.027878787878787878,-9.762401235864006e-05,0.0060203061121425275
7604,2.5376767676767678,0.033838383838383834,3.014905691685108e-05,0.0073896223514304344
7605,2.5376767676767678,0.0397979797979798,-2.533855645590879e-05,0.008703065566813547
7606,2.5376767676767678,0.045757575757575754,3.3033863145733643e-06,0.009968057154140895
7607,2.5376767676767678,0.05171717171717172,-0.0001247605445062798,0.011185186910113751
7608,2.5376767676767678,0.05767676767676767,-6.582563183835444e-06,0.01240231313966057
7609,2.5376767676767678,0.06363636363636363,6.223909417947799e-05,0.013683441764170575
7610,2.5376767676767678,0.06959595959595959,-2.8563839635445997e-05,0.015119272836975417
7611,2.5376767676767678,0.07555555555555554,-0.00010323386561070232,0.01650483937213338
7612,2.5376767676767678,0.0815151515151515,0.00042057660856854585,0.017897682248865177
7613,2.5376767676767678,0.08747474747474746,0.0002783861906714793,0.01898952062785339
7614,2.5376767676767678,0.09343434343434343,0.00012195225796407088,0.020414875659455562
7615,2.5376767676767678,0.09939393939393938,-0.00020406107088874367,0.02172777909945594
7616,2.5376767676767678,0.10535353535353534,-2.2147605305299045e-05,0.022904342423660566
7617,2.5376767676767678,0.1113131313131313,0.000183649737893272,0.024112315546707033
7618,2.5376767676767678,0.11727272727272725,-1.5983191382375916e-05,0.025309083611274836
7619,2.5376767676767678,0.12323232323232322,5.868212837102875e-05,0.026590732541102904
7620,2.5376767676767678,0.1291919191919192,0.00020450729114016247,0.02807590599867753
7621,2.5376767676767678,0.13515151515151513,-0.00020370739437276342,0.02931755987712153
7622,2.5376767676767678,0.1411111111111111,-0.00014519852831575153,0.030767025439368507
7623,2.5376767676767678,0.14707070707070707,-4.707876667358737e-05,0.03193305256694401
7624,2.5376767676767678,0.15303030303030302,5.9734042629923925e-05,0.03290805489429876
7625,2.5376767676767678,0.158989898989899,0.0005491335101598939,0.033840983557667556
7626,2.5376767676767678,0.16494949494949493,-5.920490815347253e-05,0.03511056395015378
7627,2.5376767676767678,0.1709090909090909,-9.069616572823013e-05,0.036934198352258474
7628,2.5376767676767678,0.17686868686868687,0.00024236977346001686,0.038577224649984906
7629,2.5376767676767678,0.1828282828282828,-0.00016896930410163392,0.04007378984217175
7630,2.5376767676767678,0.18878787878787878,-0.00017664499154869647,0.04135462401084478
7631,2.5376767676767678,0.19474747474747472,0.00020776517779402787,0.04248475506712258
7632,2.5376767676767678,0.2007070707070707,0.00017581597728761694,0.04351374685053037
7633,2.5376767676767678,0.20666666666666667,0.0004389431380984959,0.045281387236612375
7634,2.5376767676767678,0.2126262626262626,0.0005423689021874686,0.04583789812457215
7635,2.5376767676767678,0.21858585858585858,-0.00016214812420729384,0.04822236332883273
7636,2.5376767676767678,0.22454545454545452,0.0006525948030842028,0.049143375415529614
7637,2.5376767676767678,0.2305050505050505,-0.0004938425187422629,0.05052900833577193
7638,2.5376767676767678,0.23646464646464646,0.0006811368346482957,0.051517507201618885
7639,2.5376767676767678,0.2424242424242424,-0.00025091298097554054,0.051979781917998354
7640,2.5376767676767678,0.24838383838383837,0.0008666828277493655,0.054377275756491206
7641,2.5376767676767678,0.2543434343434343,0.0009065811889769772,0.05605661282959778
7642,2.5376767676767678,0.26030303030303026,0.0009041061575772456,0.056744456580969334
7643,2.5376767676767678,0.26626262626262626,0.0011765517124541422,0.05822565868698643
7644,2.5376767676767678,0.2722222222222222,0.0007575732740507222,0.05927193043246437
7645,2.5376767676767678,0.27818181818181814,0.0005499887730816518,0.06068424625105587
7646,2.5376767676767678,0.28414141414141414,0.0006230650844819979,0.06253246947304344
7647,2.5376767676767678,0.2901010101010101,0.0005572994475750866,0.06281163258142831
7648,2.5376767676767678,0.296060606060606,-0.0009403370658475218,0.06412241111834033
7649,2.5376767676767678,0.302020202020202,0.00032312811240053,0.06592175901696165
7650,2.5376767676767678,0.30797979797979796,0.0013784195476002484,0.06670489645274434
7651,2.5376767676767678,0.3139393939393939,0.0002370947954872555,0.0680045190748304
7652,2.5376767676767678,0.31989898989898985,-0.00030170885867839014,0.06901124805854515
7653,2.5376767676767678,0.32585858585858585,0.0006629323556361374,0.07125162804877606
7654,2.5376767676767678,0.3318181818181818,0.0002539064025679499,0.07204361745057425
7655,2.5376767676767678,0.33777777777777773,-0.0004166544277477245,0.07265001357489699
7656,2.5376767676767678,0.34373737373737373,-0.0017340587810323886,0.07340754221501188
7657,2.5376767676767678,0.3496969696969697,-0.00039653950735954967,0.07639011565376227
7658,2.5376767676767678,0.3556565656565656,-0.0003640329922414354,0.0776147705937818
7659,2.5376767676767678,0.3616161616161616,-0.00034487633855668056,0.07922978461096225
7660,2.5376767676767678,0.36757575757575756,-0.0005451262526928393,0.08011999148134871
7661,2.5376767676767678,0.3735353535353535,-0.001070500202077801,0.0814821768475811
7662,2.5376767676767678,0.37949494949494944,0.00047073785399747987,0.0839795270873462
7663,2.5376767676767678,0.38545454545454544,0.0003210490339011567,0.08462176682649172
7664,2.5376767676767678,0.3914141414141414,4.2555790211794784e-05,0.0843728576794616
7665,2.5376767676767678,0.3973737373737373,0.0009497988541473937,0.0867437874944342
7666,2.5376767676767678,0.4033333333333333,-0.0012451605873906645,0.08715908388973269
7667,2.5376767676767678,0.40929292929292926,0.0013951530152358936,0.0905329317249902
7668,2.5376767676767678,0.4152525252525252,-0.0010333785258130478,0.0911912540255482
7669,2.5376767676767678,0.42121212121212115,0.0020594210093497728,0.09246043084123666
7670,2.5376767676767678,0.42717171717171715,-0.0008077737272465324,0.09232978662965265
7671,2.5376767676767678,0.4331313131313131,0.000998878601378314,0.0940379232448507
7672,2.5376767676767678,0.43909090909090903,-0.0029339181587959133,0.09485626189190985
7673,2.5376767676767678,0.44505050505050503,0.00021544850435334717,0.09700594724687382
7674,2.5376767676767678,0.45101010101010097,-0.0007907321660558169,0.09761716661775159
7675,2.5376767676767678,0.4569696969696969,-0.0006830402217745899,0.0996806243946288
7676,2.5376767676767678,0.4629292929292929,-8.499163984416458e-05,0.10019654993325447
7677,2.5376767676767678,0.46888888888888886,0.0006280052446635034,0.10246774816447014
7678,2.5376767676767678,0.4748484848484848,-0.00021455054402758886,0.10279760269274638
7679,2.5376767676767678,0.48080808080808074,0.00143817306982522,0.10623749646632354
7680,2.5376767676767678,0.48676767676767674,0.00046852928990734517,0.10752920953097236
7681,2.5376767676767678,0.4927272727272727,-0.00020825907463111707,0.10855520221890305
7682,2.5376767676767678,0.4986868686868686,0.0003823082038946747,0.11094675170461074
7683,2.5376767676767678,0.5046464646464646,0.0003134334684915271,0.11198914134993873
7684,2.5376767676767678,0.5106060606060605,0.0018823801607733986,0.11273423518419032
7685,2.5376767676767678,0.5165656565656566,0.00019895613334229773,0.11392932008390663
7686,2.5376767676767678,0.5225252525252525,0.0010055772774345813,0.1157273505772396
7687,2.5376767676767678,0.5284848484848484,-0.00128843685316586,0.11573378931024032
7688,2.5376767676767678,0.5344444444444444,3.553626807768708e-05,0.11662831122013581
7689,2.5376767676767678,0.5404040404040403,0.0011601175877790026,0.11893256637108415
7690,2.5376767676767678,0.5463636363636363,0.0009678881799125234,0.11959364421579163
7691,2.5376767676767678,0.5523232323232323,5.679602875148513e-05,0.12000907915475324
7692,2.5376767676767678,0.5582828282828283,-0.00023756419380814104,0.12167579420829087
7693,2.5376767676767678,0.5642424242424242,-0.0010408210984060862,0.12417957244658516
7694,2.5376767676767678,0.5702020202020202,0.001406724532899649,0.12491899838238811
7695,2.5376767676767678,0.5761616161616161,-1.632819197822064e-05,0.12531125320380312
7696,2.5376767676767678,0.582121212121212,-0.00216107534081257,0.12675980018164842
7697,2.5376767676767678,0.588080808080808,-0.0008794244994926681,0.1293066653852687
7698,2.5376767676767678,0.594040404040404,0.002358048829099543,0.1321315030068794
7699,2.5376767676767678,0.6,-0.00021003304203734093,0.13221936688118943
7700,2.557777777777778,0.01,5.159796476970496e-05,0.0021867836807003813
7701,2.557777777777778,0.01595959595959596,-9.35424868895296e-06,0.003510467318203721
7702,2.557777777777778,0.021919191919191918,-2.0001067068940757e-05,0.004803375014079745
7703,2.557777777777778,0.027878787878787878,3.459639661869052e-05,0.006153389810365969
7704,2.557777777777778,0.033838383838383834,-0.00010216213489308564,0.007389082298171413
7705,2.557777777777778,0.0397979797979798,-6.553817693820128e-05,0.008651644906468891
7706,2.557777777777778,0.045757575757575754,-0.00020206131947110846,0.010072379620942491
7707,2.557777777777778,0.05171717171717172,6.448119179344017e-05,0.011329294916486167
7708,2.557777777777778,0.05767676767676767,0.00026239394445254496,0.01271835327289381
7709,2.557777777777778,0.06363636363636363,0.00014374602523676533,0.013969205022439455
7710,2.557777777777778,0.06959595959595959,2.9103277895531576e-06,0.015203678666704107
7711,2.557777777777778,0.07555555555555554,-0.00017390658879901883,0.01664524321704709
7712,2.557777777777778,0.0815151515151515,0.00017411626732710878,0.018047515973467328
7713,2.557777777777778,0.08747474747474746,0.00018679090391961385,0.019526714910748262
7714,2.557777777777778,0.09343434343434343,0.000335703110481115,0.020509901929832534
7715,2.557777777777778,0.09939393939393938,2.522471325146125e-05,0.021980878032889433
7716,2.557777777777778,0.10535353535353534,7.723327857151964e-05,0.023141981104011534
7717,2.557777777777778,0.1113131313131313,3.342749537311563e-05,0.02455826370545739
7718,2.557777777777778,0.11727272727272725,-0.00045489764804719285,0.025810228442728036
7719,2.557777777777778,0.12323232323232322,-0.00041319762891341177,0.027202578220153494
7720,2.557777777777778,0.1291919191919192,0.0006168349056277476,0.028543875784304923
7721,2.557777777777778,0.13515151515151513,0.0004769374805685581,0.029150866910569503
7722,2.557777777777778,0.1411111111111111,-0.00028609838755775703,0.031187225654982352
7723,2.557777777777778,0.14707070707070707,0.00020623728507488138,0.03221391722403565
7724,2.557777777777778,0.15303030303030302,-0.0006156459151741544,0.033490632996432824
7725,2.557777777777778,0.158989898989899,-0.00013832463010876776,0.034851274350544546
7726,2.557777777777778,0.16494949494949493,-0.0006567046577408184,0.036156009914597304
7727,2.557777777777778,0.1709090909090909,1.318709604051147e-05,0.03737940335353828
7728,2.557777777777778,0.17686868686868687,0.00031492040120885455,0.039167882063485926
7729,2.557777777777778,0.1828282828282828,0.0006797733509083925,0.04013441771012292
7730,2.557777777777778,0.18878787878787878,0.0005665034609424591,0.04085922977451706
7731,2.557777777777778,0.19474747474747472,-0.0004591492273695207,0.0430743648473005
7732,2.557777777777778,0.2007070707070707,0.00043830184929789003,0.04449453436622122
7733,2.557777777777778,0.20666666666666667,8.498054626096412e-05,0.04554602384733577
7734,2.557777777777778,0.2126262626262626,-0.0002584375190021956,0.04668610792606557
7735,2.557777777777778,0.21858585858585858,-0.000537556719889614,0.04793138809269878
7736,2.557777777777778,0.22454545454545452,-0.0009220593465740486,0.04913424472394949
7737,2.557777777777778,0.2305050505050505,-0.0006343946991479009,0.050427208742200316
7738,2.557777777777778,0.23646464646464646,-0.0014614404411637872,0.05225776786276925
7739,2.557777777777778,0.2424242424242424,-0.00012365862462874238,0.05335406963095317
7740,2.557777777777778,0.24838383838383837,0.0001201058269172336,0.05449504575291349
7741,2.557777777777778,0.2543434343434343,0.00013162005346671068,0.056100404068156196
7742,2.557777777777778,0.26030303030303026,-0.0003493409213808821,0.05695449139319265
7743,2.557777777777778,0.26626262626262626,0.0005786034234601197,0.05901653194248734
7744,2.557777777777778,0.2722222222222222,0.00024979922645439125,0.059841688910973426
7745,2.557777777777778,0.27818181818181814,0.0008143668308468851,0.06178708230454832
7746,2.557777777777778,0.28414141414141414,0.0007686218723048975,0.06197654871005161
7747,2.557777777777778,0.2901010101010101,-0.0001693913234621691,0.06412586008346995
7748,2.557777777777778,0.296060606060606,-0.00091475299860994,0.06506672176870518
7749,2.557777777777778,0.302020202020202,-0.0011435134667611986,0.066851238547664
7750,2.557777777777778,0.30797979797979796,0.00030121995325427047,0.06860300687233918
7751,2.557777777777778,0.3139393939393939,0.0004708053171126446,0.06929185546562781
7752,2.557777777777778,0.31989898989898985,-0.0004942929406085776,0.07097326557827284
7753,2.557777777777778,0.32585858585858585,-0.002102522519493943,0.0713970097807683
7754,2.557777777777778,0.3318181818181818,-0.000630226600280752,0.07329539110336275
7755,2.557777777777778,0.33777777777777773,0.00040238943247287724,0.07483637609190075
7756,2.557777777777778,0.34373737373737373,-0.0007909096288563963,0.0758839046805794
7757,2.557777777777778,0.3496969696969697,-0.0008797536301831997,0.07681941845304165
7758,2.557777777777778,0.3556565656565656,-0.000560943328786968,0.07942695899280718
7759,2.557777777777778,0.3616161616161616,0.0005711420337823708,0.08089684821278935
7760,2.557777777777778,0.36757575757575756,-0.0007975072865986247,0.08140895126860168
7761,2.557777777777778,0.3735353535353535,-0.0008001118525486744,0.08302452743933109
7762,2.557777777777778,0.37949494949494944,-0.0010312653312658097,0.0834043139116451
7763,2.557777777777778,0.38545454545454544,-0.0012002562379350688,0.08539748583860934
7764,2.557777777777778,0.3914141414141414,-0.00017663882160462332,0.08657433558723597
7765,2.557777777777778,0.3973737373737373,-0.0009555133177779316,0.08686557480424019
7766,2.557777777777778,0.4033333333333333,-0.00026068295827925525,0.08921883360169501
7767,2.557777777777778,0.40929292929292926,-0.00016448507534859704,0.08956452926299195
7768,2.557777777777778,0.4152525252525252,0.000244800090065583,0.091779964097479
7769,2.557777777777778,0.42121212121212115,0.0005815637768514803,0.09421736656338159
7770,2.557777777777778,0.42717171717171715,3.508287799537619e-05,0.0951853599405564
7771,2.557777777777778,0.4331313131313131,0.00011632046396592522,0.09433317856346322
7772,2.557777777777778,0.43909090909090903,1.785586893427804e-05,0.09621942174815638
7773,2.557777777777778,0.44505050505050503,-0.001693475844022527,0.09871960915578976
7774,2.557777777777778,0.45101010101010097,-0.00028276897606439616,0.09998352686451034
7775,2.557777777777778,0.4569696969696969,0.0001983936036986855,0.1006734616988871
7776,2.557777777777778,0.4629292929292929,0.0009685860562062703,0.1024226331784576
7777,2.557777777777778,0.46888888888888886,-0.00176125840521998,0.10423124047446149
7778,2.557777777777778,0.4748484848484848,0.00060181450985756,0.10609206024003386
7779,2.557777777777778,0.48080808080808074,-0.0006842538515741516,0.10690689440967373
7780,2.557777777777778,0.48676767676767674,-0.00024756472338584984,0.10759886067725694
7781,2.557777777777778,0.4927272727272727,0.001878452399245859,0.10970731035440291
7782,2.557777777777778,0.4986868686868686,-0.0001486596216278727,0.11071895799284445
7783,2.557777777777778,0.5046464646464646,-0.0005663107533625591,0.11260576759227514
7784,2.557777777777778,0.5106060606060605,0.0015299762172256055,0.11418370063303335
7785,2.557777777777778,0.5165656565656566,7.222148136792664e-05,0.11445075431174875
7786,2.557777777777778,0.5225252525252525,-0.0012223658331484643,0.11477361361191983
7787,2.557777777777778,0.5284848484848484,-0.001870407660293389,0.11542928980368933
7788,2.557777777777778,0.5344444444444444,-0.0017292605264551013,0.11758014882335113
7789,2.557777777777778,0.5404040404040403,0.0007477467551576887,0.12002620034439644
7790,2.557777777777778,0.5463636363636363,0.0009674944482562878,0.12249088000755062
7791,2.557777777777778,0.5523232323232323,-0.0014520169662526705,0.12416624917763786
7792,2.557777777777778,0.5582828282828283,0.00153922107926055,0.12370197452415037
7793,2.557777777777778,0.5642424242424242,-0.00035277757855733363,0.12555293234798284
7794,2.557777777777778,0.5702020202020202,-0.0004440828327970638,0.12736932317912614
7795,2.557777777777778,0.5761616161616161,-0.00025615438701334463,0.12625708635737848
7796,2.557777777777778,0.582121212121212,0.00032194526752051146,0.13075119996459866
7797,2.557777777777778,0.588080808080808,0.00011375473661304074,0.1295894373707806
7798,2.557777777777778,0.594040404040404,0.0005052858011867124,0.1317355569597612
7799,2.557777777777778,0.6,1.622222167812133e-05,0.13236077297013354
7800,2.577878787878788,0.01,1.452054917058494e-05,0.002199887503558819
7801,2.577878787878788,0.01595959595959596,-9.321407252971348e-06,0.0035307089511107674
7802,2.577878787878788,0.021919191919191918,9.672404217100671e-05,0.004864073284735571
7803,2.577878787878788,0.027878787878787878,1.5732574173543422e-05,0.006187772449757345
7804,2.577878787878788,0.033838383838383834,2.6680189765071118e-05,0.007501811025508273
7805,2.577878787878788,0.0397979797979798,-0.00013004094816894646,0.008828866389189328
7806,2.577878787878788,0.045757575757575754,-0.00019874744821271747,0.01008874234504256
7807,2.577878787878788,0.05171717171717172,-0.0001909003786318137,0.011407802197370191
7808,2.577878787878788,0.05767676767676767,-0.0001090958221989158,0.012820342198563602
7809,2.577878787878788,0.06363636363636363,-9.775239765039491e-05,0.014340309600969364
7810,2.577878787878788,0.06959595959595959,9.970510540670762e-05,0.01549660554412186
7811,2.577878787878788,0.07555555555555554,-8.428523949014395e-05,0.016909774159825974
7812,2.577878787878788,0.0815151515151515,-0.00027070063622101806,0.017915262049386853
7813,2.577878787878788,0.08747474747474746,0.00011359251222009574,0.01941478460683477
7814,2.577878787878788,0.09343434343434343,-9.8785005464539e-05,0.020802023260814255
7815,2.577878787878788,0.09939393939393938,0.00017865165338512722,0.022354945680608394
7816,2.577878787878788,0.10535353535353534,0.00020496534155653944,0.02340524998979159
7817,2.577878787878788,0.1113131313131313,4.1056961831223684e-05,0.025012102552068066
7818,2.577878787878788,0.11727272727272725,-9.771652284445321e-06,0.026007831584170582
7819,2.577878787878788,0.12323232323232322,-0.00028310698714791146,0.027041872346180877
7820,2.577878787878788,0.1291919191919192,-6.182183401310168e-05,0.02882356885852024
7821,2.577878787878788,0.13515151515151513,0.00041016862719737263,0.03019715346551158
7822,2.577878787878788,0.1411111111111111,0.000325957546643715,0.031077436317539394
7823,2.577878787878788,0.14707070707070707,-0.00047428789399121547,0.032731187516812865
7824,2.577878787878788,0.15303030303030302,2.9636511470627647e-05,0.0339803323005097
7825,2.577878787878788,0.158989898989899,-0.00013939193217112997,0.0355374901555824
7826,2.577878787878788,0.16494949494949493,0.00022181266096308217,0.03660348702882159
7827,2.577878787878788,0.1709090909090909,0.0003375030610478427,0.037703873896943
7828,2.577878787878788,0.17686868686868687,0.000542187917770469,0.039674054030732715
7829,2.577878787878788,0.1828282828282828,-0.00023932210312045007,0.04100809352137661
7830,2.577878787878788,0.18878787878787878,-0.00010449142672657428,0.04250330910314351
7831,2.577878787878788,0.19474747474747472,-0.00024550614213701417,0.042812162528399436
7832,2.577878787878788,0.2007070707070707,0.00024372629374407287,0.04390156610322327
7833,2.577878787878788,0.20666666666666667,-0.0013023843340784272,0.04622732960087538
7834,2.577878787878788,0.2126262626262626,-9.753793276832284e-05,0.04660382198857806
7835,2.577878787878788,0.21858585858585858,-0.00031741694154225914,0.04869137630334386
7836,2.577878787878788,0.22454545454545452,-0.0007650431685233131,0.04961318770330399
7837,2.577878787878788,0.2305050505050505,-0.00027695451099895424,0.05152169641227005
7838,2.577878787878788,0.23646464646464646,0.00048444815317730337,0.05306814220543776
7839,2.577878787878788,0.2424242424242424,-0.00016959424332331,0.053978934967424
7840,2.577878787878788,0.24838383838383837,0.00014588975600875623,0.05499447461676297
7841,2.577878787878788,0.2543434343434343,0.00025032523386677683,0.05679782208215068
7842,2.577878787878788,0.26030303030303026,4.0092106328489275e-05,0.05846221382040416
7843,2.577878787878788,0.26626262626262626,0.001255689280245405,0.059432160308299536
7844,2.577878787878788,0.2722222222222222,0.0006005394752514481,0.060461420318910455
7845,2.577878787878788,0.27818181818181814,0.00036227102080892094,0.06183839581144689
7846,2.577878787878788,0.28414141414141414,0.00036304791872727527,0.06338168813988834
7847,2.577878787878788,0.2901010101010101,0.0008059268714064064,0.06487424491481086
7848,2.577878787878788,0.296060606060606,-0.0007723766894302051,0.0660172051648302
7849,2.577878787878788,0.302020202020202,-0.00026598400905678997,0.06795320797100379
7850,2.577878787878788,0.30797979797979796,3.81024513201667e-05,0.06821852036024417
7851,2.577878787878788,0.3139393939393939,0.00036521697385751966,0.06983212147902022
7852,2.577878787878788,0.31989898989898985,0.0003553880558084067,0.07223429460591452
7853,2.577878787878788,0.32585858585858585,0.0002446903128142661,0.07297628075931593
7854,2.577878787878788,0.3318181818181818,-0.001824267941693843,0.07447069038453397
7855,2.577878787878788,0.33777777777777773,0.0005967744116042814,0.07539126788782403
7856,2.577878787878788,0.34373737373737373,0.0004893746221118084,0.07804862977559643
7857,2.577878787878788,0.3496969696969697,-8.384788499392924e-05,0.07799732595390908
7858,2.577878787878788,0.3556565656565656,0.0003210759204020631,0.07986141649617226
7859,2.577878787878788,0.3616161616161616,-0.0005032829321127604,0.0815696024094018
7860,2.577878787878788,0.36757575757575756,-0.0008125585879724539,0.08254825323406947
7861,2.577878787878788,0.3735353535353535,-0.0008887054743860468,0.08328453967570425
7862,2.577878787878788,0.37949494949494944,-0.00017009850473771761,0.08549403864510251
7863,2.577878787878788,0.38545454545454544,-0.0008600513860304472,0.08631275904740945
7864,2.577878787878788,0.3914141414141414,0.0006954120251661209,0.08753785023916413
7865,2.577878787878788,0.3973737373737373,-0.0006098825898075438,0.08950581423486428
7866,2.577878787878788,0.4033333333333333,-0.00028845103734732137,0.09160411176658807
7867,2.577878787878788,0.40929292929292926,0.00035818073170882985,0.09150071566713425
7868,2.577878787878788,0.4152525252525252,-0.0006228436226961037,0.09169565929062429
7869,2.577878787878788,0.42121212121212115,0.0013071905822384456,0.09459616378054522
7870,2.577878787878788,0.42717171717171715,-0.001123568286982046,0.09664638429575038
7871,2.577878787878788,0.4331313131313131,-0.001354496740763626,0.09655781561351631
7872,2.577878787878788,0.43909090909090903,0.0008045840027488131,0.09912062206987761
7873,2.577878787878788,0.44505050505050503,-0.0005296869271174963,0.09995103069903553
7874,2.577878787878788,0.45101010101010097,0.0013671266925839654,0.10141042143256206
7875,2.577878787878788,0.4569696969696969,0.0009594122820954748,0.10187558826505254
7876,2.577878787878788,0.4629292929292929,-0.0004271651556627321,0.10370472283959747
7877,2.577878787878788,0.46888888888888886,-0.0014429358119360293,0.10549235547480956
7878,2.577878787878788,0.4748484848484848,-0.0005609338690283147,0.10750617341836788
7879,2.577878787878788,0.48080808080808074,0.0005061002996006537,0.10679203837337525
7880,2.577878787878788,0.48676767676767674,0.00011611166567898561,0.10995045415464656
7881,2.577878787878788,0.4927272727272727,-1.6216529245476273e-05,0.11254300743277704
7882,2.577878787878788,0.4986868686868686,-0.001526503089761176,0.11184787429761629
7883,2.577878787878788,0.5046464646464646,-0.0010880780908721387,0.11393012190534221
7884,2.577878787878788,0.5106060606060605,-0.0012781465348467172,0.11295830477723505
7885,2.577878787878788,0.5165656565656566,-0.0013558041278716256,0.11514853212483143
7886,2.577878787878788,0.5225252525252525,-0.0011873585381234736,0.11809099424239324
7887,2.577878787878788,0.5284848484848484,-0.0004482892914125969,0.11739543584566164
7888,2.577878787878788,0.5344444444444444,-0.001406016633239885,0.12029360735641627
7889,2.577878787878788,0.5404040404040403,0.0011943007064389455,0.1235425596555098
7890,2.577878787878788,0.5463636363636363,-0.0013224059020286237,0.12308708124167367
7891,2.577878787878788,0.5523232323232323,-0.0025723428291420606,0.12393207932713603
7892,2.577878787878788,0.5582828282828283,0.00029482238769411545,0.1269990082767101
7893,2.577878787878788,0.5642424242424242,0.0010849069835234691,0.12880195768883188
7894,2.577878787878788,0.5702020202020202,-0.0019048862768519885,0.1295783468569557
7895,2.577878787878788,0.5761616161616161,0.000525435029110367,0.13125116940005635
7896,2.577878787878788,0.582121212121212,-0.002603332790959775,0.1300344046881167
7897,2.577878787878788,0.588080808080808,-0.00041536361229025775,0.1354158828755137
7898,2.577878787878788,0.594040404040404,0.0027752038520800137,0.134882084826883
7899,2.577878787878788,0.6,0.0005680880984403077,0.1359135081370769
7900,2.5979797979797983,0.01,1.3618089634649543e-05,0.002249881303837101
7901,2.5979797979797983,0.01595959595959596,-7.322933524392588e-05,0.0035917796891865718
7902,2.5979797979797983,0.021919191919191918,-0.00010216449080309877,0.004910376770273358
7903,2.5979797979797983,0.027878787878787878,-1.4994094669519175e-06,0.0063311673135614185
7904,2.5979797979797983,0.033838383838383834,8.531859528659221e-05,0.0076423353203876575
7905,2.5979797979797983,0.0397979797979798,-1.2770605081963593e-05,0.00892753293952774
7906,2.5979797979797983,0.045757575757575754,-7.492219612330802e-05,0.010180134481748307
7907,2.5979797979797983,0.05171717171717172,0.0001082364336862568,0.011707810978457578
7908,2.5979797979797983,0.05767676767676767,0.00010998147108259988,0.013088211208971967
7909,2.5979797979797983,0.06363636363636363,4.3727973818740554e-05,0.014226210372719839
7910,2.5979797979797983,0.06959595959595959,0.00033450825208551036,0.01562520175101393
7911,2.5979797979797983,0.07555555555555554,-0.0002820576482115751,0.016906472163196067
7912,2.5979797979797983,0.0815151515151515,-8.422345110037184e-05,0.018157970011442794
7913,2.5979797979797983,0.08747474747474746,9.398947969434648e-05,0.01950370402412023
7914,2.5979797979797983,0.09343434343434343,-1.9747000553040096e-05,0.021013909717784426
7915,2.5979797979797983,0.09939393939393938,-2.7046657089031855e-05,0.02258060606497297
7916,2.5979797979797983,0.10535353535353534,-0.00020576007858922774,0.024009447478892377
7917,2.5979797979797983,0.1113131313131313,-0.0003532044153770098,0.025058509374023433
7918,2.5979797979797983,0.11727272727272725,0.000276090479956019,0.026240945514605808
7919,2.5979797979797983,0.12323232323232322,-2.090096014787792e-05,0.027833867859340323
7920,2.5979797979797983,0.1291919191919192,0.00017394779146155545,0.02920837252449258
7921,2.5979797979797983,0.13515151515151513,0.0001483814393825455,0.03046991691181265
7922,2.5979797979797983,0.1411111111111111,7.149596896416268e-05,0.032350633149772934
7923,2.5979797979797983,0.14707070707070707,3.686747846066047e-05,0.03333766839325269
7924,2.5979797979797983,0.15303030303030302,0.0003539089045579268,0.03449677135949759
7925,2.5979797979797983,0.158989898989899,-6.217803596467805e-05,0.03607867380466166
7926,2.5979797979797983,0.16494949494949493,-0.0001544794013962163,0.03694610536091744
7927,2.5979797979797983,0.1709090909090909,-0.0003451538476740034,0.03844012810025572
7928,2.5979797979797983,0.17686868686868687,0.00030381350944316734,0.04006480016501547
7929,2.5979797979797983,0.1828282828282828,-0.00013353908144089503,0.04182499983979477
7930,2.5979797979797983,0.18878787878787878,-0.0005618126634079669,0.042397096585527344
7931,2.5979797979797983,0.19474747474747472,-0.0011947302490035129,0.04386205570083526
7932,2.5979797979797983,0.2007070707070707,0.00031302400196869497,0.04536203005238605
7933,2.5979797979797983,0.20666666666666667,7.949892783065535e-05,0.046584908248444475
7934,2.5979797979797983,0.2126262626262626,-0.00033227585915920714,0.047329243443651976
7935,2.5979797979797983,0.21858585858585858,-0.0002186885622472766,0.049536838762128256
7936,2.5979797979797983,0.22454545454545452,6.264491136134916e-05,0.05045238049785768
7937,2.5979797979797983,0.2305050505050505,-0.0005557666892745789,0.051791030999687626
7938,2.5979797979797983,0.23646464646464646,0.00031264471477551986,0.053328849942365385
7939,2.5979797979797983,0.2424242424242424,0.0012385839509871652,0.05506710673178913
7940,2.5979797979797983,0.24838383838383837,0.0009538997446916325,0.056692425726534025
7941,2.5979797979797983,0.2543434343434343,0.0013214676745142908,0.05741015472236207
7942,2.5979797979797983,0.26030303030303026,-0.0007377642419286417,0.058838566143023255
7943,2.5979797979797983,0.26626262626262626,-0.0005995188492189408,0.060048420530083864
7944,2.5979797979797983,0.2722222222222222,0.00032667641963261726,0.06046706303853344
7945,2.5979797979797983,0.27818181818181814,0.0001306934134958594,0.06281934781971006
7946,2.5979797979797983,0.28414141414141414,-0.0002507277511326432,0.06454625346834791
7947,2.5979797979797983,0.2901010101010101,0.0004846311372047115,0.06656262493034225
7948,2.5979797979797983,0.296060606060606,-0.0008271287715536776,0.06661823227913863
7949,2.5979797979797983,0.302020202020202,0.0007030580713176457,0.06870579725026532
7950,2.5979797979797983,0.30797979797979796,-0.0010740861923138514,0.07024267801797254
7951,2.5979797979797983,0.3139393939393939,0.00010838555869320281,0.07131609123921334
7952,2.5979797979797983,0.31989898989898985,-0.00033262694384260226,0.0714814959143445
7953,2.5979797979797983,0.32585858585858585,0.0009954889754913438,0.0733678948599792
7954,2.5979797979797983,0.3318181818181818,0.00023692969758767646,0.07471725623158841
7955,2.5979797979797983,0.33777777777777773,-0.0015715888952900574,0.07552491826585396
7956,2.5979797979797983,0.34373737373737373,9.476866362994429e-05,0.07779324562350828
7957,2.5979797979797983,0.3496969696969697,-0.0005540793517093698,0.08003032968796475
7958,2.5979797979797983,0.3556565656565656,0.000140077105783213,0.08038304272391525
7959,2.5979797979797983,0.3616161616161616,0.0014027900962404077,0.08248223901542864
7960,2.5979797979797983,0.36757575757575756,0.00029882528399641396,0.08394096609224583
7961,2.5979797979797983,0.3735353535353535,0.0009065991119886174,0.08483060531136719
7962,2.5979797979797983,0.37949494949494944,-0.0003386708768953135,0.08567794177257808
7963,2.5979797979797983,0.38545454545454544,0.0006449167843734681,0.08818339679437279
7964,2.5979797979797983,0.3914141414141414,-0.00010228552954120703,0.0889821738095815
7965,2.5979797979797983,0.3973737373737373,0.0012840160255939014,0.0900832535343179
7966,2.5979797979797983,0.4033333333333333,0.0009993405940370778,0.0915791984078115
7967,2.5979797979797983,0.40929292929292926,0.00017786396526243048,0.09221044040548473
7968,2.5979797979797983,0.4152525252525252,0.0012446691571453687,0.09448319720693683
7969,2.5979797979797983,0.42121212121212115,0.0009627503741724808,0.09691737145144277
7970,2.5979797979797983,0.42717171717171715,0.0018462693634901108,0.09772940287119566
7971,2.5979797979797983,0.4331313131313131,-0.0011600926132026704,0.09905627001334817
7972,2.5979797979797983,0.43909090909090903,-2.533149087948834e-05,0.09886010888366965
7973,2.5979797979797983,0.44505050505050503,0.00016252772929169917,0.10190529434562164
7974,2.5979797979797983,0.45101010101010097,0.0006554212532261275,0.10269468400196322
7975,2.5979797979797983,0.4569696969696969,0.00017313637371520855,0.10541410984056133
7976,2.5979797979797983,0.4629292929292929,-0.0008735100962239134,0.10567774274821046
7977,2.5979797979797983,0.46888888888888886,0.0012506570285179314,0.1068957226583353
7978,2.5979797979797983,0.4748484848484848,-0.001456652182500651,0.1081433654364519
7979,2.5979797979797983,0.48080808080808074,-0.000313554546491672,0.1089869970454569
7980,2.5979797979797983,0.48676767676767674,-7.519968982624299e-05,0.11121647537951594
7981,2.5979797979797983,0.4927272727272727,0.00040045719303599263,0.11322051535568577
7982,2.5979797979797983,0.4986868686868686,-0.0008404904185427887,0.11283492993937903
7983,2.5979797979797983,0.5046464646464646,-0.00041298644020224673,0.11315883788306164
7984,2.5979797979797983,0.5106060606060605,0.0018686390377433725,0.11834587699275542
7985,2.5979797979797983,0.5165656565656566,-0.0006445831923551247,0.11826528136981986
7986,2.5979797979797983,0.5225252525252525,-0.0004907042038962006,0.11810689300567731
7987,2.5979797979797983,0.5284848484848484,0.0022738912120104766,0.12074863539044682
7988,2.5979797979797983,0.5344444444444444,0.00017214657056460877,0.12220027912040088
7989,2.5979797979797983,0.5404040404040403,-0.0007426921899602897,0.12251953457605301
7990,2.5979797979797983,0.5463636363636363,0.0013846915795719232,0.1272084378182493
7991,2.5979797979797983,0.5523232323232323,-0.0009994993164053627,0.12655376365914436
7992,2.5979797979797983,0.5582828282828283,-0.0011335209507948455,0.12680962753939032
7993,2.5979797979797983,0.5642424242424242,-0.00045451083528156476,0.12863630414404353
7994,2.5979797979797983,0.5702020202020202,0.0012519861709660433,0.13080039245346467
7995,2.5979797979797983,0.5761616161616161,-3.9675443289505806e-05,0.13203457084087208
7996,2.5979797979797983,0.582121212121212,-0.0003073379823305346,0.1308975896068096
7997,2.5979797979797983,0.588080808080808,-0.0018217471784116623,0.13415588720919386
7998,2.5979797979797983,0.594040404040404,0.0010249586249120833,0.1360524302813335
7999,2.5979797979797983,0.6,-0.002649043073858665,0.13567950556110664
8000,2.6180808080808085,0.01,-8.376520700442747e-06,0.0022583128165755756
8001,2.6180808080808085,0.01595959595959596,1.8447802385755418e-05,0.003651566666368289
8002,2.6180808080808085,0.021919191919191918,-2.2456327927641984e-05,0.004995012918736381
8003,2.6180808080808085,0.027878787878787878,-0.00011858018361073146,0.006309993288753385
8004,2.6180808080808085,0.033838383838383834,-6.659602225910174e-05,0.007881567143685512
8005,2.6180808080808085,0.0397979797979798,1.5622539111554712e-05,0.00914052749329386
8006,2.6180808080808085,0.045757575757575754,2.7986451778925227e-07,0.010329501668648678
8007,2.6180808080808085,0.05171717171717172,2.5246006147064516e-06,0.011750817280608472
8008,2.6180808080808085,0.05767676767676767,-3.4736855887482246e-05,0.012913030244991392
8009,2.6180808080808085,0.06363636363636363,7.511641429708908e-05,0.014356664243760628
8010,2.6180808080808085,0.06959595959595959,0.0001796734905512744,0.015912575536425316
8011,2.6180808080808085,0.07555555555555554,-0.00016500449255072897,0.017186337999180182
8012,2.6180808080808085,0.0815151515151515,0.00017641397460068945,0.01870731390388423
8013,2.6180808080808085,0.08747474747474746,-0.00010929759171836519,0.019844418096537083
8014,2.6180808080808085,0.09343434343434343,-8.501998325490514e-05,0.02122567300250319
8015,2.6180808080808085,0.09939393939393938,-0.00041973518178892063,0.022782066919105157
8016,2.6180808080808085,0.10535353535353534,0.000230273560210256,0.02428934058597436
8017,2.6180808080808085,0.1113131313131313,-0.00038283319736044695,0.025254480666541564
8018,2.6180808080808085,0.11727272727272725,0.00013770929933319974,0.026390577661257714
8019,2.6180808080808085,0.12323232323232322,-0.0002927582194776394,0.027910485458853076
8020,2.6180808080808085,0.1291919191919192,0.00040935189104065144,0.029706149007836618
8021,2.6180808080808085,0.13515151515151513,-0.00013351710238218537,0.030841629274089608
8022,2.6180808080808085,0.1411111111111111,-0.00018587279016332118,0.0324033916961034
8023,2.6180808080808085,0.14707070707070707,0.0002215439128699743,0.0334884034456296
8024,2.6180808080808085,0.15303030303030302,-9.352894565706195e-05,0.034858959010856595
8025,2.6180808080808085,0.158989898989899,-0.00016209679599465197,0.03629981134294801
8026,2.6180808080808085,0.16494949494949493,0.000341692334902024,0.03748623904503294
8027,2.6180808080808085,0.1709090909090909,0.00034633707059937634,0.03925402345692018
8028,2.6180808080808085,0.17686868686868687,0.0007417459257190952,0.040077495984739454
8029,2.6180808080808085,0.1828282828282828,-2.5939084897444987e-05,0.04170951664415486
8030,2.6180808080808085,0.18878787878787878,5.100299653880913e-05,0.04366588633176185
8031,2.6180808080808085,0.19474747474747472,-0.00038692107226421385,0.04457763225386099
8032,2.6180808080808085,0.2007070707070707,-0.00018350795793143485,0.04565246135091873
8033,2.6180808080808085,0.20666666666666667,0.0002818799034106143,0.04747826969079081
8034,2.6180808080808085,0.2126262626262626,-0.0005593905921928157,0.048868251497452816
8035,2.6180808080808085,0.21858585858585858,0.0010777992925417757,0.04980585785832949
8036,2.6180808080808085,0.22454545454545452,-0.0006870712633262864,0.05140122631758763
8037,2.6180808080808085,0.2305050505050505,-0.0008603725568045979,0.05196761290057989
8038,2.6180808080808085,0.23646464646464646,0.0006526276795934629,0.054296912145278174
8039,2.6180808080808085,0.2424242424242424,0.0005550765211123182,0.05521443938401928
8040,2.6180808080808085,0.24838383838383837,-0.0016008401701854958,0.05647947282940451
8041,2.6180808080808085,0.2543434343434343,0.0009917219408107655,0.05821701682278237
8042,2.6180808080808085,0.26030303030303026,0.0004952895801648525,0.059551753738839294
8043,2.6180808080808085,0.26626262626262626,-0.00046695942315622574,0.06056336430674911
8044,2.6180808080808085,0.2722222222222222,-0.0009707378193314188,0.06162448165980687
8045,2.6180808080808085,0.27818181818181814,-0.0014182187810005743,0.06294200938562292
8046,2.6180808080808085,0.28414141414141414,0.0005721307970650942,0.06540364137011744
8047,2.6180808080808085,0.2901010101010101,0.0004513227471548281,0.0666430547236866
8048,2.6180808080808085,0.296060606060606,0.00015286378272584978,0.06802122361432753
8049,2.6180808080808085,0.302020202020202,0.0010616369114171513,0.06931402767536268
8050,2.6180808080808085,0.30797979797979796,-2.81309009389755e-05,0.07122355282118235
8051,2.6180808080808085,0.3139393939393939,-0.0009367051472585785,0.07153193624119394
8052,2.6180808080808085,0.31989898989898985,-0.0002803847948272025,0.07287162756640526
8053,2.6180808080808085,0.32585858585858585,0.0006808312423605721,0.07540853373126227
8054,2.6180808080808085,0.3318181818181818,-0.0015182935238680943,0.07512147872896144
8055,2.6180808080808085,0.33777777777777773,-0.0005955687507799102,0.0770046857800534
8056,2.6180808080808085,0.34373737373737373,0.0015541480013919584,0.0792094327261404
8057,2.6180808080808085,0.3496969696969697,0.0008385664908949451,0.08107818193391815
8058,2.6180808080808085,0.3556565656565656,0.0005311357422453018,0.08161562125007182
8059,2.6180808080808085,0.3616161616161616,0.00042085511243482527,0.08232505200696878
8060,2.6180808080808085,0.36757575757575756,-9.633178064465043e-06,0.0851749845621563
8061,2.6180808080808085,0.3735353535353535,-5.065374976656969e-05,0.0862156815036461
8062,2.6180808080808085,0.37949494949494944,9.66794445685274e-05,0.08763197334772818
8063,2.6180808080808085,0.38545454545454544,0.0008608158054279521,0.08839258336054424
8064,2.6180808080808085,0.3914141414141414,-0.0010224714480966271,0.0893729260885817
8065,2.6180808080808085,0.3973737373737373,0.00010760779020970177,0.09082975356703062
8066,2.6180808080808085,0.4033333333333333,0.0015674048380795722,0.0933248029696261
8067,2.6180808080808085,0.40929292929292926,0.00011108136003465594,0.09427587906195865
8068,2.6180808080808085,0.4152525252525252,0.00011873961651698552,0.0954540321479905
8069,2.6180808080808085,0.42121212121212115,-0.0018962479717645508,0.09644729714695124
8070,2.6180808080808085,0.42717171717171715,0.0004038041979038712,0.09796986940032061
8071,2.6180808080808085,0.4331313131313131,0.00048807331318746316,0.0991802655377716
8072,2.6180808080808085,0.43909090909090903,0.002193783675157242,0.10110539141187128
8073,2.6180808080808085,0.44505050505050503,0.0033718115976333154,0.10287317907189068
8074,2.6180808080808085,0.45101010101010097,0.0011551150965185234,0.10357229551519123
8075,2.6180808080808085,0.4569696969696969,-0.00033459772241745345,0.10503084072416863
8076,2.6180808080808085,0.4629292929292929,-0.0005348008714947916,0.10617329155037913
8077,2.6180808080808085,0.46888888888888886,-0.00028568610745577925,0.10851290555681437
8078,2.6180808080808085,0.4748484848484848,-0.0005288450769433533,0.10922389415386158
8079,2.6180808080808085,0.48080808080808074,0.002328820583019533,0.11240740245297143
8080,2.6180808080808085,0.48676767676767674,-4.800702805446484e-05,0.11192440513506349
8081,2.6180808080808085,0.4927272727272727,-0.00011993182584060178,0.11584146260686179
8082,2.6180808080808085,0.4986868686868686,-0.00020276537941795228,0.11671063098632442
8083,2.6180808080808085,0.5046464646464646,-0.00031686013321574104,0.11667069051435291
8084,2.6180808080808085,0.5106060606060605,-0.001683900806155636,0.11695412781594329
8085,2.6180808080808085,0.5165656565656566,-3.766456615010254e-05,0.11995208035539867
8086,2.6180808080808085,0.5225252525252525,0.0004214465505813874,0.1232619827990819
8087,2.6180808080808085,0.5284848484848484,-0.002619806068930642,0.12210968516445589
8088,2.6180808080808085,0.5344444444444444,-0.0008068841829079812,0.12545371193555868
8089,2.6180808080808085,0.5404040404040403,-0.0006505257711599312,0.12472795808065039
8090,2.6180808080808085,0.5463636363636363,-0.0014770364338045244,0.12497825830142129
8091,2.6180808080808085,0.5523232323232323,-0.0012692183780969159,0.12733289287150854
8092,2.6180808080808085,0.5582828282828283,-0.002446283870348946,0.12965180419228706
8093,2.6180808080808085,0.5642424242424242,0.00202865135220717,0.13133909404863883
8094,2.6180808080808085,0.5702020202020202,0.00016721270646665064,0.13258312834294625
8095,2.6180808080808085,0.5761616161616161,-0.0011976245932624604,0.13301021385099598
8096,2.6180808080808085,0.582121212121212,0.0005994645613865529,0.1358293755261716
8097,2.6180808080808085,0.588080808080808,-0.0020266325373844755,0.13484013974227846
8098,2.6180808080808085,0.594040404040404,0.0007313549651529605,0.13985985957001876
8099,2.6180808080808085,0.6,0.00048084588898150937,0.1406567388551335
8100,2.638181818181818,0.01,1.7690033220010705e-05,0.002324709094075442
8101,2.638181818181818,0.01595959595959596,-7.178924467915027e-06,0.00371640215765619
8102,2.638181818181818,0.021919191919191918,-7.91763204920213e-05,0.00505530739386041
8103,2.638181818181818,0.027878787878787878,-6.56945777908784e-05,0.00641991148523645
8104,2.638181818181818,0.033838383838383834,0.0001411590933435165,0.00787594371822799
8105,2.638181818181818,0.0397979797979798,-0.0001612454275608313,0.009279599432414508
8106,2.638181818181818,0.045757575757575754,-3.490743710192131e-05,0.010596636326603313
8107,2.638181818181818,0.05171717171717172,-9.232141958225598e-05,0.012031581885982754
8108,2.638181818181818,0.05767676767676767,-0.000232674695065573,0.01328562406317587
8109,2.638181818181818,0.06363636363636363,2.4316530275057245e-05,0.014784581210617235
8110,2.638181818181818,0.06959595959595959,-0.00023355389827420093,0.016134880816281078
8111,2.638181818181818,0.07555555555555554,-0.00010374352285289104,0.017530958663404483
8112,2.638181818181818,0.0815151515151515,0.00010781645539210189,0.018730365996423023
8113,2.638181818181818,0.08747474747474746,-0.0004482637297020203,0.020106676595063402
8114,2.638181818181818,0.09343434343434343,5.579165863490394e-05,0.021582826602027684
8115,2.638181818181818,0.09939393939393938,0.00023118466932798426,0.02312698542980807
8116,2.638181818181818,0.10535353535353534,1.850631501678781e-05,0.024368138785208576
8117,2.638181818181818,0.1113131313131313,0.00015515457250722838,0.025748217147809997
8118,2.638181818181818,0.11727272727272725,-0.0001931172298967611,0.027235055196044005
8119,2.638181818181818,0.12323232323232322,0.0003425362143671748,0.028569809875270878
8120,2.638181818181818,0.1291919191919192,0.0004016870457771233,0.029893599495785683
8121,2.638181818181818,0.13515151515151513,-0.00035981704649974125,0.03100677321934807
8122,2.638181818181818,0.1411111111111111,0.0005462609407783404,0.03276877070284521
8123,2.638181818181818,0.14707070707070707,-0.0002723538141502147,0.03412947111907689
8124,2.638181818181818,0.15303030303030302,-3.117037162355761e-05,0.03549244989392353
8125,2.638181818181818,0.158989898989899,-2.31747763958031e-05,0.03728269879338601
8126,2.638181818181818,0.16494949494949493,-6.449406422366162e-05,0.038530997567274614
8127,2.638181818181818,0.1709090909090909,0.0003109869631686006,0.03949371314270993
8128,2.638181818181818,0.17686868686868687,-0.00036292825947529985,0.040424531063637505
8129,2.638181818181818,0.1828282828282828,0.0002963256221876081,0.04257833140810026
8130,2.638181818181818,0.18878787878787878,0.0001716415133929247,0.04350811247693546
8131,2.638181818181818,0.19474747474747472,0.0004448088443895159,0.044958506069619805
8132,2.638181818181818,0.2007070707070707,0.0002457018605274503,0.04632384840800066
8133,2.638181818181818,0.20666666666666667,-0.00018880369317942939,0.04762373306390342
8134,2.638181818181818,0.2126262626262626,-3.79995981567507e-05,0.049037609579172
8135,2.638181818181818,0.21858585858585858,-0.00032115866819821165,0.05038275220385028
8136,2.638181818181818,0.22454545454545452,-0.00019646510861309033,0.05193657565817978
8137,2.638181818181818,0.2305050505050505,-0.001156745446396403,0.0528342744141138
8138,2.638181818181818,0.23646464646464646,0.000419897380363803,0.054799404719247435
8139,2.638181818181818,0.2424242424242424,0.00045907878634301216,0.05625251298056664
8140,2.638181818181818,0.24838383838383837,-0.0004208216478458902,0.057780582050018736
8141,2.638181818181818,0.2543434343434343,-0.0001423779335517287,0.059503863633852516
8142,2.638181818181818,0.26030303030303026,0.0011303296555886127,0.06006769687038766
8143,2.638181818181818,0.26626262626262626,0.0002875960956943499,0.060949788148616915
8144,2.638181818181818,0.2722222222222222,-0.0004824354911058204,0.0630680918487863
8145,2.638181818181818,0.27818181818181814,-0.0006011759850255151,0.06435261673794411
8146,2.638181818181818,0.28414141414141414,0.000180709577989549,0.06613847505618363
8147,2.638181818181818,0.2901010101010101,-0.0007362839400156261,0.06710082808568729
8148,2.638181818181818,0.296060606060606,-0.00015481751955399633,0.0684406502852539
8149,2.638181818181818,0.302020202020202,0.00016571565827593334,0.07060001984007208
8150,2.638181818181818,0.30797979797979796,9.262063702324079e-05,0.07163643727162822
8151,2.638181818181818,0.3139393939393939,0.0006723448913716011,0.07243990556662155
8152,2.638181818181818,0.31989898989898985,-0.0007338593927276878,0.07447507096780388
8153,2.638181818181818,0.32585858585858585,0.0024535341980571595,0.07617029734216275
8154,2.638181818181818,0.3318181818181818,7.656804833186679e-05,0.07707346163860533
8155,2.638181818181818,0.33777777777777773,0.0013132799399105735,0.07812281537427418
8156,2.638181818181818,0.34373737373737373,0.0006239101141775484,0.07983153322857182
8157,2.638181818181818,0.3496969696969697,0.0010837653468470428,0.08164285352330904
8158,2.638181818181818,0.3556565656565656,0.0009726064811616501,0.08236540784930084
8159,2.638181818181818,0.3616161616161616,0.0012739928551205979,0.08432853005173682
8160,2.638181818181818,0.36757575757575756,-0.0013356832624667105,0.08465237744985803
8161,2.638181818181818,0.3735353535353535,0.001832328169858083,0.08565715688889791
8162,2.638181818181818,0.37949494949494944,0.0020666667038106686,0.08964344232989811
8163,2.638181818181818,0.38545454545454544,0.0004847853867870053,0.08967515475722837
8164,2.638181818181818,0.3914141414141414,-0.00019950481472063775,0.09169042325603018
8165,2.638181818181818,0.3973737373737373,0.001026612543363094,0.09326148560228201
8166,2.638181818181818,0.4033333333333333,0.0008812459894570242,0.09436264240571343
8167,2.638181818181818,0.40929292929292926,0.0002672726436801157,0.09483573599907802
8168,2.638181818181818,0.4152525252525252,0.0016849602327368744,0.09774113734495622
8169,2.638181818181818,0.42121212121212115,-0.0013424581162877745,0.0980435794493557
8170,2.638181818181818,0.42717171717171715,-0.0006640061732168454,0.09871624817218178
8171,2.638181818181818,0.4331313131313131,-0.0002339812234785996,0.10185028166667676
8172,2.638181818181818,0.43909090909090903,-0.0006621452733657005,0.10092876715175852
8173,2.638181818181818,0.44505050505050503,8.059999271207245e-05,0.10323384101549545
8174,2.638181818181818,0.45101010101010097,-7.305897817184412e-05,0.10537476698641107
8175,2.638181818181818,0.4569696969696969,-0.0008551435358256739,0.10667670938071637
8176,2.638181818181818,0.4629292929292929,-0.0010052262094520355,0.1075062125949888
8177,2.638181818181818,0.46888888888888886,-0.001394368164932113,0.10758218725494625
8178,2.638181818181818,0.4748484848484848,0.00016353838340811322,0.10998773744698918
8179,2.638181818181818,0.48080808080808074,0.0009140168918094474,0.11185683722171424
8180,2.638181818181818,0.48676767676767674,-0.0009413047171799678,0.11496917119667355
8181,2.638181818181818,0.4927272727272727,-0.002092930215832078,0.11434323310114643
8182,2.638181818181818,0.4986868686868686,-0.0031839850249013968,0.11503941465463342
8183,2.638181818181818,0.5046464646464646,0.0003117453294287588,0.11993420568004011
8184,2.638181818181818,0.5106060606060605,0.0019758655347457553,0.12103219374000913
8185,2.638181818181818,0.5165656565656566,4.6600600119862e-05,0.12255357982524111
8186,2.638181818181818,0.5225252525252525,-0.0005603517419935595,0.12263427095570885
8187,2.638181818181818,0.5284848484848484,0.0002400867240017728,0.12241472026407184
8188,2.638181818181818,0.5344444444444444,-0.001407719536694346,0.12482715269605095
8189,2.638181818181818,0.5404040404040403,-0.0006059312360218422,0.12674532285260537
8190,2.638181818181818,0.5463636363636363,-0.0001209989892814475,0.12735839643801172
8191,2.638181818181818,0.5523232323232323,-0.0014577949688725116,0.12853162514147415
8192,2.638181818181818,0.5582828282828283,0.0008426688116112526,0.13182369817664008
8193,2.638181818181818,0.5642424242424242,0.0021260504087519953,0.1331627617478757
8194,2.638181818181818,0.5702020202020202,0.0009612842007961108,0.1344170395430286
8195,2.638181818181818,0.5761616161616161,0.0010033884147538782,0.13739539746973053
8196,2.638181818181818,0.582121212121212,0.0016438585264950244,0.13528952296281108
8197,2.638181818181818,0.588080808080808,0.0018624527807850916,0.13937501971729208
8198,2.638181818181818,0.594040404040404,0.0012077298051516167,0.14295721139715983
8199,2.638181818181818,0.6,0.00014662487358609112,0.141204543926831
8200,2.6582828282828284,0.01,2.757405661595952e-05,0.002355383901030186
8201,2.6582828282828284,0.01595959595959596,5.72216009803165e-05,0.0036871086167411474
8202,2.6582828282828284,0.021919191919191918,-3.79876487639906e-05,0.005161930233019907
8203,2.6582828282828284,0.027878787878787878,-5.02099322890556e-05,0.006549031158217131
8204,2.6582828282828284,0.033838383838383834,-7.1933459830725965e-06,0.007886043618586549
8205,2.6582828282828284,0.0397979797979798,-3.290591383253276e-05,0.009163278286529589
8206,2.6582828282828284,0.045757575757575754,-1.2616645491849532e-05,0.010726797163580179
8207,2.6582828282828284,0.05171717171717172,-0.00010182917574174488,0.012116297660228835
8208,2.6582828282828284,0.05767676767676767,-4.398347219376252e-05,0.013502901614979166
8209,2.6582828282828284,0.06363636363636363,5.8698179396450866e-05,0.014892081248769479
8210,2.6582828282828284,0.06959595959595959,5.3257434627457534e-05,0.01612134793835433
8211,2.6582828282828284,0.07555555555555554,-6.023103169452875e-05,0.017708324628899905
8212,2.6582828282828284,0.0815151515151515,0.00017972657626438688,0.019157628925448134
8213,2.6582828282828284,0.08747474747474746,6.554942476648847e-05,0.02049981418853307
8214,2.6582828282828284,0.09343434343434343,9.487025323556235e-05,0.02147894025919722
8215,2.6582828282828284,0.09939393939393938,4.381625535886684e-05,0.023175763031027946
8216,2.6582828282828284,0.10535353535353534,-5.7224402840410646e-05,0.024349886586995908
8217,2.6582828282828284,0.1113131313131313,9.323375033952663e-06,0.02587366079573432
8218,2.6582828282828284,0.11727272727272725,0.00030081789532007973,0.027182861564097816
8219,2.6582828282828284,0.12323232323232322,-0.0002106763371601525,0.029074202980273616
8220,2.6582828282828284,0.1291919191919192,-0.00013325349371866676,0.030027445167820323
8221,2.6582828282828284,0.13515151515151513,-0.0003021847139781431,0.03190942160903647
8222,2.6582828282828284,0.1411111111111111,-2.4714323344663257e-05,0.03307583961132928
8223,2.6582828282828284,0.14707070707070707,-0.0005718882997774041,0.03452616467542504
8224,2.6582828282828284,0.15303030303030302,0.0001072262193515007,0.03559913058488479
8225,2.6582828282828284,0.158989898989899,-7.327286367933024e-05,0.03728068503563747
8226,2.6582828282828284,0.16494949494949493,0.00021568580056781955,0.03850700902239141
8227,2.6582828282828284,0.1709090909090909,0.00014926844708652048,0.04057009322654999
8228,2.6582828282828284,0.17686868686868687,-2.0712180001081105e-05,0.04121818622492764
8229,2.6582828282828284,0.1828282828282828,0.00030109545804388687,0.043537815010572474
8230,2.6582828282828284,0.18878787878787878,0.00040600082460563806,0.04444259451513025
8231,2.6582828282828284,0.19474747474747472,0.0003160128768643961,0.045990695577347245
8232,2.6582828282828284,0.2007070707070707,3.475413308417377e-05,0.04658448046981817
8233,2.6582828282828284,0.20666666666666667,0.0002850869561420598,0.04848060295156073
8234,2.6582828282828284,0.2126262626262626,-0.0002397830628589782,0.04968237012433996
8235,2.6582828282828284,0.21858585858585858,-7.047549336938515e-05,0.051481263432677164
8236,2.6582828282828284,0.22454545454545452,-9.688966943840564e-05,0.05258718274429958
8237,2.6582828282828284,0.2305050505050505,0.00037100232394030535,0.054784510263278866
8238,2.6582828282828284,0.23646464646464646,-0.0005062475576044587,0.055749545029248636
8239,2.6582828282828284,0.2424242424242424,0.0009980796276978935,0.056609087587892834
8240,2.6582828282828284,0.24838383838383837,0.0006031693542415333,0.0589915996897421
8241,2.6582828282828284,0.2543434343434343,-0.00044908243784185566,0.05923620472444793
8242,2.6582828282828284,0.26030303030303026,-6.512892949655979e-06,0.061150522705116346
8243,2.6582828282828284,0.26626262626262626,8.567003247866452e-05,0.06292010931885171
8244,2.6582828282828284,0.2722222222222222,0.0003774500630327318,0.06460417204667855
8245,2.6582828282828284,0.27818181818181814,-0.00027126231025053585,0.06545316690883062
8246,2.6582828282828284,0.28414141414141414,-0.0017983203951878017,0.06669374004245172
8247,2.6582828282828284,0.2901010101010101,-1.0810643011398824e-05,0.06815148162210871
8248,2.6582828282828284,0.296060606060606,-0.0008854006179672121,0.06983276634516619
8249,2.6582828282828284,0.302020202020202,-0.00010651961448070719,0.07097140202225144
8250,2.6582828282828284,0.30797979797979796,0.00014814936536493731,0.07210534855831803
8251,2.6582828282828284,0.3139393939393939,-7.065755159756515e-05,0.07453733776104333
8252,2.6582828282828284,0.31989898989898985,-0.001788123550207837,0.07554791824056091
8253,2.6582828282828284,0.32585858585858585,-0.00044524229580618065,0.0769902544813557
8254,2.6582828282828284,0.3318181818181818,0.0005443450074891129,0.07737542620090399
8255,2.6582828282828284,0.33777777777777773,3.785905275367858e-05,0.07820923453140857
8256,2.6582828282828284,0.34373737373737373,-0.0004069066043239495,0.08120250413816396
8257,2.6582828282828284,0.3496969696969697,0.0014843894550012906,0.08252230744138447
8258,2.6582828282828284,0.3556565656565656,0.0010189508676418362,0.08438844876888116
8259,2.6582828282828284,0.3616161616161616,0.0007100953976951672,0.08491598301863056
8260,2.6582828282828284,0.36757575757575756,-0.0004443999812379786,0.08668119389277655
8261,2.6582828282828284,0.3735353535353535,-0.0009381189188804882,0.08905560405747898
8262,2.6582828282828284,0.37949494949494944,0.00037785755618179636,0.08947917192969104
8263,2.6582828282828284,0.38545454545454544,-0.0004159452705442407,0.09016889573344884
8264,2.6582828282828284,0.3914141414141414,-0.00032102275626751765,0.09254576600890503
8265,2.6582828282828284,0.3973737373737373,-0.0008374281448026412,0.0933448293161294
8266,2.6582828282828284,0.4033333333333333,0.0007874079534153524,0.09445444430062706
8267,2.6582828282828284,0.40929292929292926,0.0007445661843910137,0.09676840821146461
8268,2.6582828282828284,0.4152525252525252,0.0009737448122995742,0.09759497710111978
8269,2.6582828282828284,0.42121212121212115,0.0006182728893551986,0.09850647371436547
8270,2.6582828282828284,0.42717171717171715,-0.0006060359980502782,0.09934497133989863
8271,2.6582828282828284,0.4331313131313131,-0.0007906530305588014,0.102016658076662
8272,2.6582828282828284,0.43909090909090903,-0.0017529385674403394,0.10500605910943264
8273,2.6582828282828284,0.44505050505050503,-0.00014413160231945156,0.10424830819296592
8274,2.6582828282828284,0.45101010101010097,-0.00018801918001283723,0.10704027818157402
8275,2.6582828282828284,0.4569696969696969,0.00012318515059862127,0.10705226358130523
8276,2.6582828282828284,0.4629292929292929,0.00038453530253989865,0.11005606783134098
8277,2.6582828282828284,0.46888888888888886,0.0021316038387268373,0.10994731667598338
8278,2.6582828282828284,0.4748484848484848,0.0009929730488438047,0.11393277728946283
8279,2.6582828282828284,0.48080808080808074,-0.00022232159722681858,0.11283251296518035
8280,2.6582828282828284,0.48676767676767674,-1.7842375791350352e-05,0.11516802294645188
8281,2.6582828282828284,0.4927272727272727,0.00018636709363681147,0.11670769850455488
8282,2.6582828282828284,0.4986868686868686,0.0005229632250406786,0.11860359097872818
8283,2.6582828282828284,0.5046464646464646,0.0007133863808562522,0.11922624357044577
8284,2.6582828282828284,0.5106060606060605,0.00043286970939029955,0.12305034888636834
8285,2.6582828282828284,0.5165656565656566,0.00037328367386127177,0.12370891854827687
8286,2.6582828282828284,0.5225252525252525,-0.0016529954320474644,0.12404792725079661
8287,2.6582828282828284,0.5284848484848484,-0.0015634269434500912,0.12438702718176045
8288,2.6582828282828284,0.5344444444444444,0.0007041755584401293,0.12633956728188608
8289,2.6582828282828284,0.5404040404040403,-0.0001553219017817792,0.1267552040950117
8290,2.6582828282828284,0.5463636363636363,0.000916745850472455,0.1294953088192801
8291,2.6582828282828284,0.5523232323232323,-0.002175655351298999,0.13196584743953624
8292,2.6582828282828284,0.5582828282828283,0.0008048516874698048,0.13281819988346055
8293,2.6582828282828284,0.5642424242424242,0.0005292281337846208,0.136287521005961
8294,2.6582828282828284,0.5702020202020202,-0.0013258735291862792,0.1355949693288958
8295,2.6582828282828284,0.5761616161616161,-0.0004184997309852568,0.13643071671304668
8296,2.6582828282828284,0.582121212121212,0.0018071689035429825,0.13776431387465915
8297,2.6582828282828284,0.588080808080808,-0.0023292226134486774,0.13943072742240128
8298,2.6582828282828284,0.594040404040404,0.0003035454091251829,0.14026105071478126
8299,2.6582828282828284,0.6,0.0009338916387819648,0.14466868627220955
8300,2.6783838383838385,0.01,2.5416476513552644e-05,0.0023701708225005945
8301,2.6783838383838385,0.01595959595959596,-6.737842925105554e-05,0.0037370454590776193
8302,2.6783838383838385,0.021919191919191918,6.765575377832166e-05,0.005192853360997702
8303,2.6783838383838385,0.027878787878787878,-7.528243133119583e-06,0.0066202546579784225
8304,2.6783838383838385,0.033838383838383834,-5.963121990016967e-05,0.008004549644250335
8305,2.6783838383838385,0.0397979797979798,5.151870569697715e-05,0.009347809433677657
8306,2.6783838383838385,0.045757575757575754,0.00010825490065616514,0.010874090563014348
8307,2.6783838383838385,0.05171717171717172,-0.00015487618574879045,0.012178966073441088
8308,2.6783838383838385,0.05767676767676767,0.0001899112789277611,0.013801788736306667
8309,2.6783838383838385,0.06363636363636363,-0.00044647584482051037,0.015068652673794687
8310,2.6783838383838385,0.06959595959595959,-0.00015232011804880668,0.016356172021622106
8311,2.6783838383838385,0.07555555555555554,-9.22694318110557e-05,0.01810682668808487
8312,2.6783838383838385,0.0815151515151515,-0.00013658177874450978,0.019300761661696097
8313,2.6783838383838385,0.08747474747474746,-2.1828632049232266e-05,0.020525315034847287
8314,2.6783838383838385,0.09343434343434343,-0.0002960249526589451,0.022240414515270392
8315,2.6783838383838385,0.09939393939393938,-0.0001987230589636123,0.023962178185663607
8316,2.6783838383838385,0.10535353535353534,0.00037931053052850264,0.024865155434129576
8317,2.6783838383838385,0.1113131313131313,0.00023441459927978555,0.026483758442744244
8318,2.6783838383838385,0.11727272727272725,7.269577331620124e-05,0.027705893050315764
8319,2.6783838383838385,0.12323232323232322,-0.00017394581203906913,0.02902109147435622
8320,2.6783838383838385,0.1291919191919192,0.0004136918452545074,0.03045913098509445
8321,2.6783838383838385,0.13515151515151513,-8.787298773744139e-05,0.03204026935645295
8322,2.6783838383838385,0.1411111111111111,0.00037338600153488715,0.033272428311567216
8323,2.6783838383838385,0.14707070707070707,-0.0002859678689973893,0.034989974361846
8324,2.6783838383838385,0.15303030303030302,0.00023898648436406652,0.036142393904759706
8325,2.6783838383838385,0.158989898989899,0.00010320808683419567,0.0378353658723826
8326,2.6783838383838385,0.16494949494949493,0.0005524564097169646,0.039191929552341125
8327,2.6783838383838385,0.1709090909090909,-0.0007972669259385416,0.04017346114621884
8328,2.6783838383838385,0.17686868686868687,-0.00017983271810155527,0.04208587959747994
8329,2.6783838383838385,0.1828282828282828,-8.777511525963764e-05,0.0439543820796314
8330,2.6783838383838385,0.18878787878787878,9.170305554981498e-05,0.04469900203371919
8331,2.6783838383838385,0.19474747474747472,-0.0006360924858589298,0.04587732574000279
8332,2.6783838383838385,0.2007070707070707,0.0001308343371825484,0.04789205786516401
8333,2.6783838383838385,0.20666666666666667,0.0017946700707170877,0.048874483397701673
8334,2.6783838383838385,0.2126262626262626,-0.00040894946747258,0.050341477711513545
8335,2.6783838383838385,0.21858585858585858,0.00098490984305423,0.05156756017500962
8336,2.6783838383838385,0.22454545454545452,-5.424067355032358e-06,0.05317381157967785
8337,2.6783838383838385,0.2305050505050505,0.00017632549752528463,0.05514414028741399
8338,2.6783838383838385,0.23646464646464646,-0.00014360437486146037,0.055985146829176755
8339,2.6783838383838385,0.2424242424242424,-0.0001816557407896042,0.05787451558025664
8340,2.6783838383838385,0.24838383838383837,4.359743003881667e-06,0.058975880768499016
8341,2.6783838383838385,0.2543434343434343,3.5100220058399725e-05,0.060407097608618454
8342,2.6783838383838385,0.26030303030303026,-0.0004376393598603869,0.061667020978276074
8343,2.6783838383838385,0.26626262626262626,0.00017239288424430557,0.06400547919488217
8344,2.6783838383838385,0.2722222222222222,-0.0002805113030792124,0.06472433200615185
8345,2.6783838383838385,0.27818181818181814,-0.0007268454967595846,0.06520432764505035
8346,2.6783838383838385,0.28414141414141414,7.90914867270184e-05,0.06733875487154883
8347,2.6783838383838385,0.2901010101010101,-3.554999239807107e-05,0.06829767552588685
8348,2.6783838383838385,0.296060606060606,-0.0004374576563874295,0.0699958167146333
8349,2.6783838383838385,0.302020202020202,0.0003547184320519369,0.0710082765186774
8350,2.6783838383838385,0.30797979797979796,0.0003290861818722252,0.07377811033498988
8351,2.6783838383838385,0.3139393939393939,-0.00021064817322010478,0.0733959291040522
8352,2.6783838383838385,0.31989898989898985,0.0015837704044702997,0.07720928217868818
8353,2.6783838383838385,0.32585858585858585,-0.0002456965353295382,0.0771937103729602
8354,2.6783838383838385,0.3318181818181818,-0.0009436882815496427,0.07901967460671017
8355,2.6783838383838385,0.33777777777777773,-0.0002877442359654642,0.08088623622909068
8356,2.6783838383838385,0.34373737373737373,0.0004173132778432611,0.08163135354651053
8357,2.6783838383838385,0.3496969696969697,-0.0002165101761881985,0.0827227334630313
8358,2.6783838383838385,0.3556565656565656,-0.0007888341172280703,0.08438225627648507
8359,2.6783838383838385,0.3616161616161616,0.0009453359921454795,0.08542422215966688
8360,2.6783838383838385,0.36757575757575756,-7.75075621190953e-05,0.08630972968428909
8361,2.6783838383838385,0.3735353535353535,-4.542222831231015e-05,0.08881432777248142
8362,2.6783838383838385,0.37949494949494944,-0.0005197217052767622,0.09063518661361902
8363,2.6783838383838385,0.38545454545454544,-6.798795062685042e-05,0.09198799441142051
8364,2.6783838383838385,0.3914141414141414,-1.8549129618889103e-05,0.0917748339859749
8365,2.6783838383838385,0.3973737373737373,-0.00029239573807908356,0.0956851359619713
8366,2.6783838383838385,0.4033333333333333,0.0006889434192615379,0.09661702158328227
8367,2.6783838383838385,0.40929292929292926,-0.0012111567263229333,0.09653646948916267
8368,2.6783838383838385,0.4152525252525252,0.001145038612801559,0.09948327751733341
8369,2.6783838383838385,0.42121212121212115,-6.801063569663492e-05,0.10053420051090109
8370,2.6783838383838385,0.42717171717171715,-0.0013787298165793662,0.10158614918897536
8371,2.6783838383838385,0.4331313131313131,0.00044583487390370807,0.10454147742004014
8372,2.6783838383838385,0.43909090909090903,0.0008434229479815155,0.10414913381275023
8373,2.6783838383838385,0.44505050505050503,0.0013572178897555045,0.10678139867509755
8374,2.6783838383838385,0.45101010101010097,0.00015338418448734473,0.10796869309063643
8375,2.6783838383838385,0.4569696969696969,-6.750134455424126e-05,0.1077323486838707
8376,2.6783838383838385,0.4629292929292929,0.0016104145261526738,0.10930637444037863
8377,2.6783838383838385,0.46888888888888886,-6.643474719327446e-05,0.11281165934436675
8378,2.6783838383838385,0.4748484848484848,0.0003708500598470638,0.1141415177978698
8379,2.6783838383838385,0.48080808080808074,0.0004741195900875834,0.1137874152817074
8380,2.6783838383838385,0.48676767676767674,-0.0013397015455992353,0.11638814111980478
8381,2.6783838383838385,0.4927272727272727,-3.1400942940361887e-06,0.11715813194931758
8382,2.6783838383838385,0.4986868686868686,-0.0005839369297059299,0.11752622785899268
8383,2.6783838383838385,0.5046464646464646,0.002430415565475255,0.12458866749536888
8384,2.6783838383838385,0.5106060606060605,-0.0004656727099455251,0.1234838605011759
8385,2.6783838383838385,0.5165656565656566,0.00016997025005556328,0.12279783562644178
8386,2.6783838383838385,0.5225252525252525,0.002318730259159724,0.12722024134538346
8387,2.6783838383838385,0.5284848484848484,-0.0019549431753378057,0.12697165349810996
8388,2.6783838383838385,0.5344444444444444,-0.00011837849967096718,0.12901500598797536
8389,2.6783838383838385,0.5404040404040403,-0.0003034945169640517,0.12877042000739
8390,2.6783838383838385,0.5463636363636363,0.001226242823422211,0.1322641940763469
8391,2.6783838383838385,0.5523232323232323,-0.002934866734784109,0.13286345883590203
8392,2.6783838383838385,0.5582828282828283,5.427623301730478e-05,0.13447455358663338
8393,2.6783838383838385,0.5642424242424242,-0.000206879828731273,0.13522550577391346
8394,2.6783838383838385,0.5702020202020202,-0.0010770826226084481,0.13659679888938128
8395,2.6783838383838385,0.5761616161616161,0.0010869719233939687,0.1391136169292188
8396,2.6783838383838385,0.582121212121212,0.0007314266989083312,0.14071638589220348
8397,2.6783838383838385,0.588080808080808,-0.0022600717351615287,0.14102295200406662
8398,2.6783838383838385,0.594040404040404,0.0016406281995995392,0.14513548637913998
8399,2.6783838383838385,0.6,0.0003387878612898529,0.14547331418866916
8400,2.6984848484848483,0.01,-2.6712034278013273e-05,0.002366686828856988
8401,2.6984848484848483,0.01595959595959596,-1.6010882133272154e-05,0.0038441582490691658
8402,2.6984848484848483,0.021919191919191918,6.628543072280766e-05,0.005292874719820376
8403,2.6984848484848483,0.027878787878787878,7.380812128245608e-05,0.006742116824252245
8404,2.6984848484848483,0.033838383838383834,-0.00014019871367980223,0.008208872923719093
8405,2.6984848484848483,0.0397979797979798,0.00016416950983175104,0.009582496983873576
8406,2.6984848484848483,0.045757575757575754,0.00011652652568312785,0.010914892573462546
8407,2.6984848484848483,0.05171717171717172,-7.557827726811567e-05,0.012337650569138985
8408,2.6984848484848483,0.05767676767676767,-0.00011271236393603571,0.013691024487814769
8409,2.6984848484848483,0.06363636363636363,-0.00019273627638388254,0.015218347858985487
8410,2.6984848484848483,0.06959595959595959,9.279022337521381e-06,0.01666101714721577
8411,2.6984848484848483,0.07555555555555554,8.385674263591012e-05,0.01798467520408922
8412,2.6984848484848483,0.0815151515151515,-0.0001707301012251099,0.019413059420356402
8413,2.6984848484848483,0.08747474747474746,-2.34315651013939e-05,0.020936016981009373
8414,2.6984848484848483,0.09343434343434343,0.0003862501756614417,0.022155045428098784
8415,2.6984848484848483,0.09939393939393938,-0.00017023261216861203,0.023771655751422528
8416,2.6984848484848483,0.10535353535353534,-0.00021592376715471868,0.025228232010421965
8417,2.6984848484848483,0.1113131313131313,-3.995985998104763e-05,0.026816176847731396
8418,2.6984848484848483,0.11727272727272725,-0.00012180491140068168,0.02802969279656261
8419,2.6984848484848483,0.12323232323232322,-2.4953092496462624e-05,0.029525041219359654
8420,2.6984848484848483,0.1291919191919192,-0.00021639382622398728,0.03090590091945418
8421,2.6984848484848483,0.13515151515151513,0.0002708925068166096,0.03243963796802784
8422,2.6984848484848483,0.1411111111111111,1.5768455819564943e-05,0.0340655001258845
8423,2.6984848484848483,0.14707070707070707,-3.350792579864239e-05,0.03543479634235684
8424,2.6984848484848483,0.15303030303030302,0.0005134941139244494,0.0367121526418256
8425,2.6984848484848483,0.158989898989899,-0.0003054978476828127,0.03787599593231051
8426,2.6984848484848483,0.16494949494949493,0.00043428107322580607,0.038859305398880106
8427,2.6984848484848483,0.1709090909090909,-8.763123293798127e-05,0.04103039109795658
8428,2.6984848484848483,0.17686868686868687,0.0003641245198133718,0.04192334870252609
8429,2.6984848484848483,0.1828282828282828,-3.854031998664798e-05,0.04438428674256843
8430,2.6984848484848483,0.18878787878787878,0.0007128332684946783,0.04520943560505699
8431,2.6984848484848483,0.19474747474747472,0.0005170607080941363,0.04712612747400061
8432,2.6984848484848483,0.2007070707070707,-0.00012226722828035782,0.04783931071540694
8433,2.6984848484848483,0.20666666666666667,-0.0002846958686996087,0.049211577146719726
8434,2.6984848484848483,0.2126262626262626,0.00011376263600540919,0.050987123249027586
8435,2.6984848484848483,0.21858585858585858,-0.0007982061626394665,0.052328153183605744
8436,2.6984848484848483,0.22454545454545452,0.0008627221236718514,0.054265346915937124
8437,2.6984848484848483,0.2305050505050505,0.0003829366930928343,0.05484507015948201
8438,2.6984848484848483,0.23646464646464646,0.0009222270349323399,0.05746880058937335
8439,2.6984848484848483,0.2424242424242424,-3.0241786039649176e-05,0.057537145322897096
8440,2.6984848484848483,0.24838383838383837,-0.0005498431305436226,0.05874387004254436
8441,2.6984848484848483,0.2543434343434343,-0.00024175668807894287,0.061985555880717455
8442,2.6984848484848483,0.26030303030303026,-3.276338929759115e-06,0.06266065105013371
8443,2.6984848484848483,0.26626262626262626,0.0007405301084397549,0.06461852880516913
8444,2.6984848484848483,0.2722222222222222,-0.00020446828477023744,0.06577741373031529
8445,2.6984848484848483,0.27818181818181814,-0.0011352894624016112,0.06730627313299113
8446,2.6984848484848483,0.28414141414141414,0.00018999491844059227,0.06814655547343121
8447,2.6984848484848483,0.2901010101010101,-0.00047232101549422157,0.06958847500428114
8448,2.6984848484848483,0.296060606060606,0.0010499287345105378,0.07223837806976635
8449,2.6984848484848483,0.302020202020202,-0.0007404313481051316,0.07206810590838537
8450,2.6984848484848483,0.30797979797979796,0.0002814250020179831,0.07450396714473664
8451,2.6984848484848483,0.3139393939393939,-0.0012411934296696807,0.07523837428130996
8452,2.6984848484848483,0.31989898989898985,-0.0005376381432770827,0.07712445710214252
8453,2.6984848484848483,0.32585858585858585,-0.001969643974687605,0.07843651057883835
8454,2.6984848484848483,0.3318181818181818,-0.00015071959021206532,0.079637636567176
8455,2.6984848484848483,0.33777777777777773,0.0004907035133169102,0.08226864448444624
8456,2.6984848484848483,0.34373737373737373,0.0011735863013860575,0.08290868568016888
8457,2.6984848484848483,0.3496969696969697,0.0007409588205037498,0.0845641602806042
8458,2.6984848484848483,0.3556565656565656,0.0007314820393771146,0.08692376556227983
8459,2.6984848484848483,0.3616161616161616,-0.0005042680017827874,0.08730821478622933
8460,2.6984848484848483,0.36757575757575756,0.001829264745525363,0.08841797689880054
8461,2.6984848484848483,0.3735353535353535,-0.0015054188022018838,0.08874534118486463
8462,2.6984848484848483,0.37949494949494944,-0.0005804649772996091,0.09103757755157867
8463,2.6984848484848483,0.38545454545454544,-0.00044537103506843716,0.09361992127270387
8464,2.6984848484848483,0.3914141414141414,0.00044289551578191865,0.09468157037232502
8465,2.6984848484848483,0.3973737373737373,-0.00039146220442733934,0.0958784503395903
8466,2.6984848484848483,0.4033333333333333,0.0007660033810414209,0.09613119440392567
8467,2.6984848484848483,0.40929292929292926,-0.0011390479317673217,0.09883848827420513
8468,2.6984848484848483,0.4152525252525252,0.00042298449781103784,0.10159605249741023
8469,2.6984848484848483,0.42121212121212115,0.00011198019714938061,0.10106728688399977
8470,2.6984848484848483,0.42717171717171715,0.0005165433488114388,0.10339162388408135
8471,2.6984848484848483,0.4331313131313131,0.0012400936985504064,0.1044661847011824
8472,2.6984848484848483,0.43909090909090903,-0.00014601741562000293,0.1060716125204364
8473,2.6984848484848483,0.44505050505050503,-0.0015951759954461776,0.10637858922646541
8474,2.6984848484848483,0.45101010101010097,-0.0008341884704524714,0.11007068766481676
8475,2.6984848484848483,0.4569696969696969,-0.0017998045303131854,0.10932473010406625
8476,2.6984848484848483,0.4629292929292929,0.0015237600940598232,0.11217129069132832
8477,2.6984848484848483,0.46888888888888886,-0.00011314388512293863,0.113465982472026
8478,2.6984848484848483,0.4748484848484848,2.3820289529014716e-06,0.11501228955525265
8479,2.6984848484848483,0.48080808080808074,-0.00041731791898586365,0.11627233118549113
8480,2.6984848484848483,0.48676767676767674,0.0010027978835908105,0.11828641194763578
8481,2.6984848484848483,0.4927272727272727,0.0011417453650989905,0.11848114563911687
8482,2.6984848484848483,0.4986868686868686,-0.0003290323006210952,0.11999099106691541
8483,2.6984848484848483,0.5046464646464646,0.0009727791979443203,0.12300826419714914
8484,2.6984848484848483,0.5106060606060605,0.0006367277199245535,0.12315573460952042
8485,2.6984848484848483,0.5165656565656566,9.15854392675568e-06,0.1260198753776674
8486,2.6984848484848483,0.5225252525252525,0.0008266544172926579,0.12636832490250036
8487,2.6984848484848483,0.5284848484848484,0.0008312454327012563,0.1267020666447115
8488,2.6984848484848483,0.5344444444444444,5.2211727027126556e-05,0.12884399979279665
8489,2.6984848484848483,0.5404040404040403,0.0008298125549978726,0.13122253786896773
8490,2.6984848484848483,0.5463636363636363,-0.0010205867211048676,0.1325607651120145
8491,2.6984848484848483,0.5523232323232323,-0.0019150172142402134,0.13211886921799298
8492,2.6984848484848483,0.5582828282828283,-0.004581413252327154,0.13432836024588643
8493,2.6984848484848483,0.5642424242424242,-0.00015813486897762533,0.1377647346264528
8494,2.6984848484848483,0.5702020202020202,-7.148827846981636e-05,0.1385413598987842
8495,2.6984848484848483,0.5761616161616161,-0.0004940819455672463,0.13983557581337566
8496,2.6984848484848483,0.582121212121212,-0.0001614350416034513,0.1410715821262604
8497,2.6984848484848483,0.588080808080808,-0.0021247973325713146,0.14254054400304808
8498,2.6984848484848483,0.594040404040404,0.00042729787269367545,0.14666607723170408
8499,2.6984848484848483,0.6,-0.0027502456704121153,0.14475629463487552
8500,2.7185858585858584,0.01,-9.701742404285652e-06,0.0024034869350601945
8501,2.7185858585858584,0.01595959595959596,9.126803636779118e-05,0.003908822727287956
8502,2.7185858585858584,0.021919191919191918,-1.8057370686212882e-05,0.005267951727938664
8503,2.7185858585858584,0.027878787878787878,1.1643808080060736e-05,0.006753247356246561
8504,2.7185858585858584,0.033838383838383834,-3.821486803409104e-05,0.008301760419682627
8505,2.7185858585858584,0.0397979797979798,-2.6750119432519202e-05,0.009669876955140731
8506,2.7185858585858584,0.045757575757575754,-4.704019776739224e-05,0.01111683602240634
8507,2.7185858585858584,0.05171717171717172,-0.00028376544528209934,0.01240585860649441
8508,2.7185858585858584,0.05767676767676767,0.00010655972761318755,0.01393723622252622
8509,2.7185858585858584,0.06363636363636363,3.2356652774048465e-05,0.015488968523233747
8510,2.7185858585858584,0.06959595959595959,4.788932952323213e-05,0.016907188379920682
8511,2.7185858585858584,0.07555555555555554,9.133874322106061e-05,0.01837745095076539
8512,2.7185858585858584,0.0815151515151515,0.00013684680531161756,0.01957291290438663
8513,2.7185858585858584,0.08747474747474746,-3.835522645870686e-05,0.02146069977567561
8514,2.7185858585858584,0.09343434343434343,0.0001412305633319908,0.022804822175709148
8515,2.7185858585858584,0.09939393939393938,-0.00035657142652501797,0.024249758087629476
8516,2.7185858585858584,0.10535353535353534,0.0003053418411709611,0.02590049826968671
8517,2.7185858585858584,0.1113131313131313,0.0002852535272828809,0.02698446910293566
8518,2.7185858585858584,0.11727272727272725,-5.5812319158658995e-05,0.02823324900513594
8519,2.7185858585858584,0.12323232323232322,0.00023077362677682825,0.02969407062880973
8520,2.7185858585858584,0.1291919191919192,0.00010546635393426973,0.03159767015352402
8521,2.7185858585858584,0.13515151515151513,0.0003042518468364992,0.03350604518147147
8522,2.7185858585858584,0.1411111111111111,2.9809610344184012e-05,0.0341129495682663
8523,2.7185858585858584,0.14707070707070707,-0.00012621190988548162,0.03553471422988464
8524,2.7185858585858584,0.15303030303030302,-0.0004706283238236537,0.036974624149444836
8525,2.7185858585858584,0.158989898989899,0.00019248469978236263,0.03853487945288555
8526,2.7185858585858584,0.16494949494949493,0.0004344521586407545,0.039937644800576974
8527,2.7185858585858584,0.1709090909090909,-4.09014869714678e-05,0.04153352971322956
8528,2.7185858585858584,0.17686868686868687,-0.0002472273385049435,0.042634815684921314
8529,2.7185858585858584,0.1828282828282828,-2.0855046061119565e-05,0.044411707529274404
8530,2.7185858585858584,0.18878787878787878,-0.00022462379429571505,0.04602806130671145
8531,2.7185858585858584,0.19474747474747472,-0.00012707587819863164,0.04690831102520324
8532,2.7185858585858584,0.2007070707070707,-0.0007956597074665067,0.04870855316583872
8533,2.7185858585858584,0.20666666666666667,5.1914536007554976e-05,0.04984626573564411
8534,2.7185858585858584,0.2126262626262626,-0.00033369390068314263,0.05212582351364031
8535,2.7185858585858584,0.21858585858585858,-0.0001519520227585569,0.053349661868091626
8536,2.7185858585858584,0.22454545454545452,-0.0005483398497928813,0.054377847956494245
8537,2.7185858585858584,0.2305050505050505,0.0007123487791995912,0.055998792583972765
8538,2.7185858585858584,0.23646464646464646,-0.0011362396307922444,0.057225818773165155
8539,2.7185858585858584,0.2424242424242424,0.0005345635069411191,0.059087274832898794
8540,2.7185858585858584,0.24838383838383837,0.00043105725512842017,0.05989908437026916
8541,2.7185858585858584,0.2543434343434343,-0.0004281278455867855,0.06179054998993086
8542,2.7185858585858584,0.26030303030303026,-0.0009464278430550765,0.06292625320808384
8543,2.7185858585858584,0.26626262626262626,0.00041927659948476223,0.06526336613153783
8544,2.7185858585858584,0.2722222222222222,-0.000490341070839287,0.06654491810936142
8545,2.7185858585858584,0.27818181818181814,3.244516595730689e-05,0.06743302926377451
8546,2.7185858585858584,0.28414141414141414,-0.0006773736730028467,0.06988828133838344
8547,2.7185858585858584,0.2901010101010101,0.0006535937707621521,0.07063008082000172
8548,2.7185858585858584,0.296060606060606,0.0011279076498818352,0.07181281538196375
8549,2.7185858585858584,0.302020202020202,-1.9328925970608646e-05,0.07281472370469386
8550,2.7185858585858584,0.30797979797979796,-0.0003889410540618104,0.07517645255592172
8551,2.7185858585858584,0.3139393939393939,0.0008200158531996479,0.07706776919635992
8552,2.7185858585858584,0.31989898989898985,-0.0016497601744659978,0.07785713443654273
8553,2.7185858585858584,0.32585858585858585,3.224768508999367e-05,0.07961056276009679
8554,2.7185858585858584,0.3318181818181818,0.0009998832234117633,0.08038273936436517
8555,2.7185858585858584,0.33777777777777773,-0.000561420029135447,0.08207842800672463
8556,2.7185858585858584,0.34373737373737373,-0.0013395147720176167,0.08345095360095678
8557,2.7185858585858584,0.3496969696969697,0.00015376076172630854,0.08555283970237533
8558,2.7185858585858584,0.3556565656565656,2.140072694719892e-05,0.08790662179848041
8559,2.7185858585858584,0.3616161616161616,-0.002392482020617376,0.08799140014337192
8560,2.7185858585858584,0.36757575757575756,-0.0005875910849739574,0.08977340524348117
8561,2.7185858585858584,0.3735353535353535,-0.00021085770215914596,0.09085896530011327
8562,2.7185858585858584,0.37949494949494944,-0.001464450106473835,0.09237806366147427
8563,2.7185858585858584,0.38545454545454544,0.00033439177223493986,0.09367091411509765
8564,2.7185858585858584,0.3914141414141414,5.526896219578257e-05,0.09563828733367626
8565,2.7185858585858584,0.3973737373737373,0.001040673283151968,0.09772799109092728
8566,2.7185858585858584,0.4033333333333333,0.0010666108880038052,0.09935643857411659
8567,2.7185858585858584,0.40929292929292926,0.0003094469569126459,0.10184373804087218
8568,2.7185858585858584,0.4152525252525252,-0.0007773250605508991,0.10112909594916361
8569,2.7185858585858584,0.42121212121212115,0.0012637914498261004,0.10531459075737618
8570,2.7185858585858584,0.42717171717171715,-0.00035622186784991367,0.10400835024488929
8571,2.7185858585858584,0.4331313131313131,0.0015755150433149768,0.1064567461707443
8572,2.7185858585858584,0.43909090909090903,0.000281675477678206,0.10634599164401289
8573,2.7185858585858584,0.44505050505050503,0.0009251349127094654,0.10840405555439546
8574,2.7185858585858584,0.45101010101010097,-0.0009030191162741581,0.11108272980710408
8575,2.7185858585858584,0.4569696969696969,0.0005937007526465209,0.11043612006265897
8576,2.7185858585858584,0.4629292929292929,0.0004375392048770271,0.11374192038492474
8577,2.7185858585858584,0.46888888888888886,-0.00019486832115719608,0.11464975654498989
8578,2.7185858585858584,0.4748484848484848,-0.0006046540670127621,0.1155755087744547
8579,2.7185858585858584,0.48080808080808074,-0.0008202148348188608,0.11671873338820382
8580,2.7185858585858584,0.48676767676767674,0.0005904346486468808,0.11917071465600973
8581,2.7185858585858584,0.4927272727272727,0.003022608882098146,0.12019555767646721
8582,2.7185858585858584,0.4986868686868686,-0.0016812567868682144,0.12117464187429361
8583,2.7185858585858584,0.5046464646464646,-0.0019075272468998563,0.12263562705985841
8584,2.7185858585858584,0.5106060606060605,0.003114269538731969,0.12692328733794914
8585,2.7185858585858584,0.5165656565656566,-0.00028791796947964804,0.12736005940777462
8586,2.7185858585858584,0.5225252525252525,-0.001015557880569364,0.12675791359173458
8587,2.7185858585858584,0.5284848484848484,-0.0007033283761054212,0.12958879178890179
8588,2.7185858585858584,0.5344444444444444,0.001010257932724948,0.13036812512924667
8589,2.7185858585858584,0.5404040404040403,0.0005999418480811334,0.13335331135117798
8590,2.7185858585858584,0.5463636363636363,0.0011026431057653877,0.1348770534906893
8591,2.7185858585858584,0.5523232323232323,-0.0016454169426717534,0.13739826307646205
8592,2.7185858585858584,0.5582828282828283,-0.0003944486034839498,0.13773479060195115
8593,2.7185858585858584,0.5642424242424242,-8.243986574091178e-05,0.13832419121886838
8594,2.7185858585858584,0.5702020202020202,0.0002226880444048576,0.13891401214317284
8595,2.7185858585858584,0.5761616161616161,-0.0005664564732753082,0.14284620517964453
8596,2.7185858585858584,0.582121212121212,0.0004284478326219334,0.14549462415704387
8597,2.7185858585858584,0.588080808080808,0.0002257175846024777,0.145616653319921
8598,2.7185858585858584,0.594040404040404,-0.000418939257779449,0.14714786150173523
8599,2.7185858585858584,0.6,-0.0016920993858009705,0.14870025311769783
8600,2.7386868686868686,0.01,-7.5789414638826606e-06,0.0024773942914133457
8601,2.7386868686868686,0.01595959595959596,1.1217563231708739e-05,0.00393405296696504
8602,2.7386868686868686,0.021919191919191918,2.543823792461595e-05,0.005351194021077432
8603,2.7386868686868686,0.027878787878787878,4.65218532153984e-05,0.006835906132838105
8604,2.7386868686868686,0.033838383838383834,2.793384061927131e-05,0.008235891539771218
8605,2.7386868686868686,0.0397979797979798,-0.00014107464126837568,0.009772920006282387
8606,2.7386868686868686,0.045757575757575754,-5.837346859207876e-05,0.011252266182312669
8607,2.7386868686868686,0.05171717171717172,-0.00020126922365711986,0.012719889628556908
8608,2.7386868686868686,0.05767676767676767,-9.1172438065256e-05,0.014232042643479475
8609,2.7386868686868686,0.06363636363636363,-0.00013655863927268714,0.015726792835106987
8610,2.7386868686868686,0.06959595959595959,-3.91925865281065e-05,0.01692488405506738
8611,2.7386868686868686,0.07555555555555554,-0.0003283093347294855,0.018534256709611202
8612,2.7386868686868686,0.0815151515151515,0.00033315391464614185,0.020212588134704067
8613,2.7386868686868686,0.08747474747474746,-0.00033136352523185957,0.02110199738129833
8614,2.7386868686868686,0.09343434343434343,-0.00028359365995977797,0.02268670755139468
8615,2.7386868686868686,0.09939393939393938,0.0002463059991317383,0.024313577205637246
8616,2.7386868686868686,0.10535353535353534,-0.0002844049952792465,0.025725796137722884
8617,2.7386868686868686,0.1113131313131313,-0.00034390126533701795,0.027291068660475055
8618,2.7386868686868686,0.11727272727272725,0.0004460166694768789,0.02859919967811836
8619,2.7386868686868686,0.12323232323232322,-0.0008515236056502972,0.03042186926051538
8620,2.7386868686868686,0.1291919191919192,-0.00024410132229629538,0.03147292733117452
8621,2.7386868686868686,0.13515151515151513,-9.717020230278503e-05,0.032995959632100634
8622,2.7386868686868686,0.1411111111111111,-0.0007908802977451628,0.034429843285142654
8623,2.7386868686868686,0.14707070707070707,-0.00013741682251742335,0.03603388903124498
8624,2.7386868686868686,0.15303030303030302,-0.00026743808068325695,0.03770339550125302
8625,2.7386868686868686,0.158989898989899,-0.00022315424184488725,0.03859957129925972
8626,2.7386868686868686,0.16494949494949493,-0.00016005953998811365,0.04028138601608152
8627,2.7386868686868686,0.1709090909090909,-2.7837475419378556e-05,0.0416260199923907
8628,2.7386868686868686,0.17686868686868687,-3.967179980438599e-05,0.04317233894549807
8629,2.7386868686868686,0.1828282828282828,-0.000318981980137923,0.044828624584553195
8630,2.7386868686868686,0.18878787878787878,-0.0004935338975243546,0.046267631886838446
8631,2.7386868686868686,0.19474747474747472,-0.0008881150996553437,0.047077887751283264
8632,2.7386868686868686,0.2007070707070707,0.0002844300484411423,0.04978030254236549
8633,2.7386868686868686,0.20666666666666667,0.00015460406879236465,0.05066686707105478
8634,2.7386868686868686,0.2126262626262626,0.0005430275230053745,0.0522743398235164
8635,2.7386868686868686,0.21858585858585858,-0.0005613180002306912,0.05347548171996388
8636,2.7386868686868686,0.22454545454545452,-0.00037774860177147457,0.05507626091924278
8637,2.7386868686868686,0.2305050505050505,0.0007419179016478619,0.05718205251619598
8638,2.7386868686868686,0.23646464646464646,-1.4196829235613473e-05,0.05864969024505515
8639,2.7386868686868686,0.2424242424242424,-0.0010099256637095063,0.06001982294472283
8640,2.7386868686868686,0.24838383838383837,0.0005262854724619674,0.06088116495642834
8641,2.7386868686868686,0.2543434343434343,0.0004899419311911549,0.06267650872199797
8642,2.7386868686868686,0.26030303030303026,0.0018301613200065617,0.06445305210843695
8643,2.7386868686868686,0.26626262626262626,-0.001008306334023517,0.0647272981842571
8644,2.7386868686868686,0.2722222222222222,0.00040512990547090225,0.067340671507663
8645,2.7386868686868686,0.27818181818181814,-5.8379744140483145e-05,0.06841373168369785
8646,2.7386868686868686,0.28414141414141414,9.586718573772401e-05,0.06946264229161474
8647,2.7386868686868686,0.2901010101010101,0.0006259479750824257,0.07217135115089116
8648,2.7386868686868686,0.296060606060606,0.0005056222188488516,0.07174745156447004
8649,2.7386868686868686,0.302020202020202,0.00042686937338244987,0.07434538159052292
8650,2.7386868686868686,0.30797979797979796,-0.0006166472736976112,0.07548184180136092
8651,2.7386868686868686,0.3139393939393939,0.00020333618574923777,0.07722013229712543
8652,2.7386868686868686,0.31989898989898985,0.0006825309148410704,0.07965322339945255
8653,2.7386868686868686,0.32585858585858585,-0.00037380598982542,0.07922571972763663
8654,2.7386868686868686,0.3318181818181818,-0.0007948661379810728,0.08156627185394866
8655,2.7386868686868686,0.33777777777777773,-0.0009015873814141031,0.08370465950534595
8656,2.7386868686868686,0.34373737373737373,0.0017246743292984221,0.08619406711077071
8657,2.7386868686868686,0.3496969696969697,-0.001098262073162379,0.08631989201792983
8658,2.7386868686868686,0.3556565656565656,0.001216909961212342,0.08759830620094539
8659,2.7386868686868686,0.3616161616161616,-0.00015257774377284847,0.08990133327786833
8660,2.7386868686868686,0.36757575757575756,0.0010704567721655624,0.0905267937128342
8661,2.7386868686868686,0.3735353535353535,0.00014009887244484593,0.09241448715880618
8662,2.7386868686868686,0.37949494949494944,-0.00023619407840067645,0.09400984179803623
8663,2.7386868686868686,0.38545454545454544,-0.0008685732984304524,0.09519607077758108
8664,2.7386868686868686,0.3914141414141414,0.0012549428555139362,0.0979668581677616
8665,2.7386868686868686,0.3973737373737373,-0.000777368005951542,0.0976410740572697
8666,2.7386868686868686,0.4033333333333333,-2.410398565164771e-05,0.09984450267024951
8667,2.7386868686868686,0.40929292929292926,-0.0019656786693184264,0.10122334301462872
8668,2.7386868686868686,0.4152525252525252,0.0006882354437264729,0.10258411006120917
8669,2.7386868686868686,0.42121212121212115,0.0010083623444546732,0.10588164360399643
8670,2.7386868686868686,0.42717171717171715,0.0006242364228578599,0.10635828973875903
8671,2.7386868686868686,0.4331313131313131,-0.002030110346248124,0.10663650816624157
8672,2.7386868686868686,0.43909090909090903,0.00033308310786326186,0.10848353373257788
8673,2.7386868686868686,0.44505050505050503,-0.0008188694025237386,0.10988218937441623
8674,2.7386868686868686,0.45101010101010097,0.0003386690547706618,0.11213688492084092
8675,2.7386868686868686,0.4569696969696969,0.003024959600230675,0.11423026981710256
8676,2.7386868686868686,0.4629292929292929,-0.00060058037271318,0.11257371481032197
8677,2.7386868686868686,0.46888888888888886,-3.84555802583769e-05,0.11646367216290811
8678,2.7386868686868686,0.4748484848484848,-0.0011503721726724492,0.11746006724858996
8679,2.7386868686868686,0.48080808080808074,-0.001163227486757535,0.11920649033664726
8680,2.7386868686868686,0.48676767676767674,-0.0006306692259985011,0.12196899818625995
8681,2.7386868686868686,0.4927272727272727,0.0013816071698783364,0.12281690901888405
8682,2.7386868686868686,0.4986868686868686,-0.0002073219787169852,0.12216891900644461
8683,2.7386868686868686,0.5046464646464646,-0.00171862898730742,0.12493514406016887
8684,2.7386868686868686,0.5106060606060605,0.002199305756344332,0.12806536911601732
8685,2.7386868686868686,0.5165656565656566,-0.00120812828291414,0.12657339933024042
8686,2.7386868686868686,0.5225252525252525,-0.000738858644539539,0.12984915944803596
8687,2.7386868686868686,0.5284848484848484,-0.0017802847202903305,0.13150625563125545
8688,2.7386868686868686,0.5344444444444444,0.002596030972131367,0.13259605473228242
8689,2.7386868686868686,0.5404040404040403,-0.0012325608829779008,0.1325553551920696
8690,2.7386868686868686,0.5463636363636363,0.00021595028627647005,0.13393674907560194
8691,2.7386868686868686,0.5523232323232323,-0.0015348751626738032,0.13663713246530435
8692,2.7386868686868686,0.5582828282828283,0.002176107235599729,0.14027512187486046
8693,2.7386868686868686,0.5642424242424242,-0.00172459775584585,0.13984172626092406
8694,2.7386868686868686,0.5702020202020202,-0.001670922352677742,0.14237177216794772
8695,2.7386868686868686,0.5761616161616161,-0.0001671836207805326,0.1441998972726841
8696,2.7386868686868686,0.582121212121212,2.360622532998278e-05,0.14603906925894533
8697,2.7386868686868686,0.588080808080808,0.002788570251066761,0.14750007924343558
8698,2.7386868686868686,0.594040404040404,-5.623829377336236e-05,0.14495554040527078
8699,2.7386868686868686,0.6,0.000371368678043249,0.15149672540997616
8700,2.758787878787879,0.01,-4.786335661303265e-06,0.0024949237644877175
8701,2.758787878787879,0.01595959595959596,8.745083783070138e-05,0.003940923607689585
8702,2.758787878787879,0.021919191919191918,-8.729545347544565e-06,0.0054837493212405225
8703,2.758787878787879,0.027878787878787878,0.00010628009773143669,0.006851824545377159
8704,2.758787878787879,0.033838383838383834,8.581555981559941e-05,0.008404223875888116
8705,2.758787878787879,0.0397979797979798,2.27414133146576e-05,0.009796240866744774
8706,2.758787878787879,0.045757575757575754,-8.73309874449721e-05,0.011387069650658962
8707,2.758787878787879,0.05171717171717172,-6.405653845544275e-05,0.012738834927264063
8708,2.758787878787879,0.05767676767676767,6.144591383786015e-05,0.014220557908558812
8709,2.758787878787879,0.06363636363636363,-2.4167832893092332e-05,0.015773446764606798
8710,2.758787878787879,0.06959595959595959,0.000496034784685711,0.017347057382875387
8711,2.758787878787879,0.07555555555555554,0.00011467673840607744,0.0182516502275254
8712,2.758787878787879,0.0815151515151515,0.000209835006016822,0.02018471782498971
8713,2.758787878787879,0.08747474747474746,0.00024729291628904516,0.0217614205077021
8714,2.758787878787879,0.09343434343434343,-4.4186855868234696e-05,0.023235483901567332
8715,2.758787878787879,0.09939393939393938,1.708037876114086e-05,0.024644816307005116
8716,2.758787878787879,0.10535353535353534,-5.709403458494358e-05,0.026457912377804916
8717,2.758787878787879,0.1113131313131313,0.00026358336898989437,0.02774700734139272
8718,2.758787878787879,0.11727272727272725,0.00021342518204752148,0.028773899236393903
8719,2.758787878787879,0.12323232323232322,0.0002244157807244222,0.030325965807717358
8720,2.758787878787879,0.1291919191919192,-0.0001166346820367557,0.0320768626759741
8721,2.758787878787879,0.13515151515151513,0.0008147969489571026,0.03360530250537038
8722,2.758787878787879,0.1411111111111111,0.00042137706792643126,0.03488320760978107
8723,2.758787878787879,0.14707070707070707,-0.00029484047120201815,0.03664842841854157
8724,2.758787878787879,0.15303030303030302,0.00041238115721287116,0.03792266984035626
8725,2.758787878787879,0.158989898989899,-0.00036641098127554813,0.0394653214666787
8726,2.758787878787879,0.16494949494949493,0.0008041312130909934,0.04095917720729804
8727,2.758787878787879,0.1709090909090909,-0.00014697278736120544,0.042407715255738124
8728,2.758787878787879,0.17686868686868687,-0.0002241607417679912,0.04401428337607272
8729,2.758787878787879,0.1828282828282828,0.0008417585360434783,0.04587502463783113
8730,2.758787878787879,0.18878787878787878,0.00022829957165888907,0.04666086580182764
8731,2.758787878787879,0.19474747474747472,0.0002669847659016164,0.04849452457443712
8732,2.758787878787879,0.2007070707070707,0.00014859449002619548,0.04973570910802952
8733,2.758787878787879,0.20666666666666667,2.4374931021351377e-05,0.051241462687725677
8734,2.758787878787879,0.2126262626262626,0.0007839128465011347,0.053381596079934666
8735,2.758787878787879,0.21858585858585858,0.000306431798226917,0.05416260286517959
8736,2.758787878787879,0.22454545454545452,-0.00014420335674031315,0.056432194340654815
8737,2.758787878787879,0.2305050505050505,0.00041427638214673444,0.05775189327666985
8738,2.758787878787879,0.23646464646464646,-0.0002859977783969959,0.05788815087938372
8739,2.758787878787879,0.2424242424242424,-0.00021787620363558922,0.06048976741339146
8740,2.758787878787879,0.24838383838383837,-0.0007560738190299013,0.061595596742915086
8741,2.758787878787879,0.2543434343434343,0.0011129533624607117,0.063644644316673
8742,2.758787878787879,0.26030303030303026,-0.0006787464633206482,0.06475552871047782
8743,2.758787878787879,0.26626262626262626,-0.00022315403928133612,0.06744357242461728
8744,2.758787878787879,0.2722222222222222,5.441606708496014e-05,0.06677687419956856
8745,2.758787878787879,0.27818181818181814,0.0015602500916271406,0.06966949582546046
8746,2.758787878787879,0.28414141414141414,0.0010076644302113777,0.07049398650982643
8747,2.758787878787879,0.2901010101010101,0.00016080351601903495,0.07303325472741763
8748,2.758787878787879,0.296060606060606,0.0003532913919347679,0.07432373176098797
8749,2.758787878787879,0.302020202020202,0.00021494020037454912,0.07460704939366421
8750,2.758787878787879,0.30797979797979796,0.0012140470203502029,0.07677785488324579
8751,2.758787878787879,0.3139393939393939,-7.541758940558621e-05,0.07806264824169393
8752,2.758787878787879,0.31989898989898985,9.486988196021846e-05,0.08019750084820383
8753,2.758787878787879,0.32585858585858585,0.0006286110808469777,0.08055189278159247
8754,2.758787878787879,0.3318181818181818,-0.0014451793796130586,0.08286684134043822
8755,2.758787878787879,0.33777777777777773,-0.0013705245264982043,0.08354252679801827
8756,2.758787878787879,0.34373737373737373,0.00022600658018921723,0.08617735960996564
8757,2.758787878787879,0.3496969696969697,-0.0011356948725815942,0.08762616945956425
8758,2.758787878787879,0.3556565656565656,-0.00032950787383337744,0.08880379317643879
8759,2.758787878787879,0.3616161616161616,-0.0012998884272960285,0.08933640241792504
8760,2.758787878787879,0.36757575757575756,-0.0022753443591675367,0.09081057659715902
8761,2.758787878787879,0.3735353535353535,0.0008230428449641299,0.09319007400780757
8762,2.758787878787879,0.37949494949494944,0.0004090478808995085,0.09581305958476989
8763,2.758787878787879,0.38545454545454544,-6.139058631398222e-05,0.09618571497096741
8764,2.758787878787879,0.3914141414141414,-0.0007391727624485464,0.09787318237309738
8765,2.758787878787879,0.3973737373737373,-0.001967422545234948,0.09796755644468219
8766,2.758787878787879,0.4033333333333333,0.00018011786756442735,0.09999690353968224
8767,2.758787878787879,0.40929292929292926,0.0008754429218923381,0.10230140397171981
8768,2.758787878787879,0.4152525252525252,-0.0006190140714314517,0.10422921025805168
8769,2.758787878787879,0.42121212121212115,0.0012258944854393026,0.10533525765888369
8770,2.758787878787879,0.42717171717171715,0.0002270029343023221,0.1073097314793191
8771,2.758787878787879,0.4331313131313131,0.0017921076742551637,0.10717142585773415
8772,2.758787878787879,0.43909090909090903,0.000582825189731418,0.10987707845898083
8773,2.758787878787879,0.44505050505050503,0.002636785270965316,0.11322168313044507
8774,2.758787878787879,0.45101010101010097,0.00111559149685649,0.11386333471310699
8775,2.758787878787879,0.4569696969696969,-0.002163536679480204,0.11368014634105335
8776,2.758787878787879,0.4629292929292929,-0.00039818799288743046,0.11425132486707332
8777,2.758787878787879,0.46888888888888886,-0.000597083306914532,0.11624091429779813
8778,2.758787878787879,0.4748484848484848,-0.0020769827395899078,0.1194729758656537
8779,2.758787878787879,0.48080808080808074,0.0014863158799795003,0.12123521189860777
8780,2.758787878787879,0.48676767676767674,1.608818305431159e-05,0.12128102285821143
8781,2.758787878787879,0.4927272727272727,0.0007524637229352879,0.12452516272258919
8782,2.758787878787879,0.4986868686868686,0.0006932642485649709,0.1258541365043723
8783,2.758787878787879,0.5046464646464646,0.0004295261464976246,0.12704440775790138
8784,2.758787878787879,0.5106060606060605,0.001758770492512555,0.12897344000455901
8785,2.758787878787879,0.5165656565656566,0.003321357027356419,0.13161548096838413
8786,2.758787878787879,0.5225252525252525,0.00024103024342238947,0.13188214354635716
8787,2.758787878787879,0.5284848484848484,-0.0014982979608944142,0.13233296876074263
8788,2.758787878787879,0.5344444444444444,0.0010972197265469554,0.13368537743650763
8789,2.758787878787879,0.5404040404040403,-0.0010639597657560221,0.13445705149018866
8790,2.758787878787879,0.5463636363636363,-0.0006318208149448317,0.13703251872286948
8791,2.758787878787879,0.5523232323232323,-0.0015532313854805253,0.13783039506975314
8792,2.758787878787879,0.5582828282828283,0.0005444446711653161,0.1409405578107245
8793,2.758787878787879,0.5642424242424242,0.0020015865112486962,0.14249057332491835
8794,2.758787878787879,0.5702020202020202,-0.00015788357118427142,0.14317421379487008
8795,2.758787878787879,0.5761616161616161,0.0011486147660476201,0.1466117277939256
8796,2.758787878787879,0.582121212121212,-0.0008456098229629461,0.1479240663023935
8797,2.758787878787879,0.588080808080808,0.0006427433577391843,0.14873068379788776
8798,2.758787878787879,0.594040404040404,-0.0012013057747712857,0.1497441574052925
8799,2.758787878787879,0.6,-0.0011625591219723537,0.15289523570589375
8800,2.778888888888889,0.01,-5.220640538174281e-06,0.0025528551944781637
8801,2.778888888888889,0.01595959595959596,-4.447574400183914e-05,0.004049777957809041
8802,2.778888888888889,0.021919191919191918,9.959231101084124e-05,0.005500038612551268
8803,2.778888888888889,0.027878787878787878,4.5532751567520015e-05,0.0069738243659324866
8804,2.778888888888889,0.033838383838383834,-3.463057367817135e-06,0.008509562282458865
8805,2.778888888888889,0.0397979797979798,5.660889180701466e-05,0.009989892478163568
8806,2.778888888888889,0.045757575757575754,-7.528186778660741e-05,0.011398762334490619
8807,2.778888888888889,0.05171717171717172,0.00020526499419768336,0.012883837816136126
8808,2.778888888888889,0.05767676767676767,0.00017093612147653058,0.01442251650720681
8809,2.778888888888889,0.06363636363636363,0.000415073865642907,0.016111045411046878
8810,2.778888888888889,0.06959595959595959,-0.0002317841073458391,0.01759554029437799
8811,2.778888888888889,0.07555555555555554,-8.918746668101244e-05,0.01888932286864626
8812,2.778888888888889,0.0815151515151515,6.440943181704367e-05,0.020490978841135443
8813,2.778888888888889,0.08747474747474746,-0.0002730962282821859,0.02191564410020879
8814,2.778888888888889,0.09343434343434343,8.95142387070284e-05,0.02327491808375784
8815,2.778888888888889,0.09939393939393938,-5.582877312432081e-05,0.0252587275086373
8816,2.778888888888889,0.10535353535353534,8.939456580538436e-05,0.026236469379609852
8817,2.778888888888889,0.1113131313131313,-0.0002911976204831307,0.02808538419779084
8818,2.778888888888889,0.11727272727272725,-0.00027316277853163036,0.028996831224059955
8819,2.778888888888889,0.12323232323232322,6.862063933418545e-05,0.031111540213708315
8820,2.778888888888889,0.1291919191919192,0.0004865753609597014,0.032104874395978464
8821,2.778888888888889,0.13515151515151513,0.00012049323794830213,0.03441529997454451
8822,2.778888888888889,0.1411111111111111,-8.151510430085918e-06,0.03504565825215309
8823,2.778888888888889,0.14707070707070707,9.818579156115452e-05,0.03692513571039045
8824,2.778888888888889,0.15303030303030302,-7.48474730926759e-05,0.03761986968552436
8825,2.778888888888889,0.158989898989899,-0.00039412672722579587,0.039518399816300634
8826,2.778888888888889,0.16494949494949493,-9.286741683692083e-05,0.04164436102718052
8827,2.778888888888889,0.1709090909090909,0.0009140583226636284,0.043397014066964334
8828,2.778888888888889,0.17686868686868687,0.00023137371078779895,0.04476747110492008
8829,2.778888888888889,0.1828282828282828,-0.0003182789301263444,0.04591612090479599
8830,2.778888888888889,0.18878787878787878,-0.00024847812489531805,0.046571286994054086
8831,2.778888888888889,0.19474747474747472,0.00028627891342455187,0.04877506016475214
8832,2.778888888888889,0.2007070707070707,-0.001028439815159524,0.05084701266913588
8833,2.778888888888889,0.20666666666666667,0.0014102101548027176,0.05175422315164125
8834,2.778888888888889,0.2126262626262626,-0.0003690443007815223,0.053852039780919
8835,2.778888888888889,0.21858585858585858,0.0007412792157869637,0.0545065317670971
8836,2.778888888888889,0.22454545454545452,-0.0001838165334613771,0.05581446798251337
8837,2.778888888888889,0.2305050505050505,1.2980846648699985e-05,0.058606576433432984
8838,2.778888888888889,0.23646464646464646,0.0004347034939068788,0.059166599902035974
8839,2.778888888888889,0.2424242424242424,-3.610913260972368e-05,0.06066373854380226
8840,2.778888888888889,0.24838383838383837,-0.0003682030654724576,0.062102255858318134
8841,2.778888888888889,0.2543434343434343,0.001051707592496223,0.064525619561576
8842,2.778888888888889,0.26030303030303026,1.2562582197733007e-05,0.06546954666539664
8843,2.778888888888889,0.26626262626262626,-0.0007482345576638416,0.06715734769027584
8844,2.778888888888889,0.2722222222222222,-0.0001852636390019052,0.06892163934037455
8845,2.778888888888889,0.27818181818181814,-0.001559192626140063,0.07028555838763198
8846,2.778888888888889,0.28414141414141414,-0.0001498178280627255,0.07137862379232043
8847,2.778888888888889,0.2901010101010101,-0.00015161139334171804,0.07370200954789342
8848,2.778888888888889,0.296060606060606,0.0005444073851224524,0.07400628967834522
8849,2.778888888888889,0.302020202020202,-0.0007644409521224844,0.0754117658342174
8850,2.778888888888889,0.30797979797979796,-0.001287415832751108,0.07694137331984559
8851,2.778888888888889,0.3139393939393939,0.0002433589442323648,0.0792770848076345
8852,2.778888888888889,0.31989898989898985,-0.0020454556849434,0.07904625681123155
8853,2.778888888888889,0.32585858585858585,0.0014289566120137178,0.08192861173393166
8854,2.778888888888889,0.3318181818181818,-0.0011701455592092347,0.08349906678430367
8855,2.778888888888889,0.33777777777777773,-0.0013078674746061613,0.08538896778681108
8856,2.778888888888889,0.34373737373737373,-0.0006898796852782607,0.08599473625991068
8857,2.778888888888889,0.3496969696969697,0.0008760340140101139,0.08772207622489787
8858,2.778888888888889,0.3556565656565656,-0.0002910690882761434,0.08984156153106232
8859,2.778888888888889,0.3616161616161616,0.0002135405700915734,0.09078537725851799
8860,2.778888888888889,0.36757575757575756,0.0020322563051572594,0.09276178968581478
8861,2.778888888888889,0.3735353535353535,-0.00013112853016623155,0.09457437609043957
8862,2.778888888888889,0.37949494949494944,-0.0010397106103186824,0.09537119471436674
8863,2.778888888888889,0.38545454545454544,0.000535387663597685,0.09758695022149716
8864,2.778888888888889,0.3914141414141414,0.00011189529698402883,0.09892907427600263
8865,2.778888888888889,0.3973737373737373,0.0013064527270218048,0.10083692356054985
8866,2.778888888888889,0.4033333333333333,0.001700738046186025,0.10314902217364474
8867,2.778888888888889,0.40929292929292926,0.0018878650702841722,0.10334138246743893
8868,2.778888888888889,0.4152525252525252,0.0007003501463719357,0.10581987374139121
8869,2.778888888888889,0.42121212121212115,-0.0008927066886204873,0.10602243914944212
8870,2.778888888888889,0.42717171717171715,-0.00018163046084883786,0.10816790644775233
8871,2.778888888888889,0.4331313131313131,0.0005864803451952245,0.10956928187180075
8872,2.778888888888889,0.43909090909090903,0.0014713418367446,0.11117587220650299
8873,2.778888888888889,0.44505050505050503,-0.0007739491273066976,0.11258152442275794
8874,2.778888888888889,0.45101010101010097,-7.307177484059437e-05,0.11360335329160282
8875,2.778888888888889,0.4569696969696969,-0.0002383351251286026,0.1150580869551866
8876,2.778888888888889,0.4629292929292929,-0.0012088224188934289,0.11556112661790692
8877,2.778888888888889,0.46888888888888886,0.00033717426370096816,0.12039219713258205
8878,2.778888888888889,0.4748484848484848,-0.0011570450678143186,0.12082516654869892
8879,2.778888888888889,0.48080808080808074,-0.0007133940746886932,0.1215062904306795
8880,2.778888888888889,0.48676767676767674,0.0016951970651473954,0.12504221883295405
8881,2.778888888888889,0.4927272727272727,-0.0014168768013501276,0.12520997835295636
8882,2.778888888888889,0.4986868686868686,0.0004627515395912443,0.1265008814846723
8883,2.778888888888889,0.5046464646464646,0.0015645797114842992,0.12903395154373756
8884,2.778888888888889,0.5106060606060605,0.00028787204897963176,0.1290701509367888
8885,2.778888888888889,0.5165656565656566,0.0013484259911324932,0.1324200293048254
8886,2.778888888888889,0.5225252525252525,0.002651666797760804,0.13385918263795973
8887,2.778888888888889,0.5284848484848484,0.0006216521404584839,0.1336577070465415
8888,2.778888888888889,0.5344444444444444,-0.00032733945946993525,0.13564035934476035
8889,2.778888888888889,0.5404040404040403,0.0005592639817182626,0.1370464305969254
8890,2.778888888888889,0.5463636363636363,-0.0015386561089766506,0.1379338828771643
8891,2.778888888888889,0.5523232323232323,-0.0018983024033669509,0.1391862867022951
8892,2.778888888888889,0.5582828282828283,0.001153876083349083,0.14480943189325074
8893,2.778888888888889,0.5642424242424242,0.00241054046627553,0.14532618684005977
8894,2.778888888888889,0.5702020202020202,-0.0014821543821285533,0.14497284346409817
8895,2.778888888888889,0.5761616161616161,0.0008450786734654994,0.14916246202512587
8896,2.778888888888889,0.582121212121212,-4.055904532673782e-05,0.14805258089511933
8897,2.778888888888889,0.588080808080808,-0.002447298469583089,0.14850070748222427
8898,2.778888888888889,0.594040404040404,0.0013600215063291337,0.15274642527893803
8899,2.778888888888889,0.6,0.0004578779720255237,0.15373120582035218
8900,2.798989898989899,0.01,2.2362892623972062e-06,0.0025187635775875974
8901,2.798989898989899,0.01595959595959596,8.210309915174371e-05,0.0040197939088897
8902,2.798989898989899,0.021919191919191918,-8.544333006857918e-06,0.0056076875571426585
8903,2.798989898989899,0.027878787878787878,-2.9907007400541775e-05,0.007106056833145167
8904,2.798989898989899,0.033838383838383834,7.394520542330972e-05,0.00854002461622693
8905,2.798989898989899,0.0397979797979798,9.878500740253526e-05,0.01012943773970169
8906,2.798989898989899,0.045757575757575754,-4.665813156469714e-05,0.011585778317967145
8907,2.798989898989899,0.05171717171717172,-6.407493685996124e-06,0.01311879060867414
8908,2.798989898989899,0.05767676767676767,-7.820520901479469e-05,0.014605678919184408
8909,2.798989898989899,0.06363636363636363,-7.356285469731905e-06,0.016047132679664646
8910,2.798989898989899,0.06959595959595959,-0.00029494422719144773,0.017470955249132274
8911,2.798989898989899,0.07555555555555554,0.00010764892665546757,0.019147464649228
8912,2.798989898989899,0.0815151515151515,-0.00014614386729242717,0.020709680845103343
8913,2.798989898989899,0.08747474747474746,-6.181844744022801e-05,0.02231418968155078
8914,2.798989898989899,0.09343434343434343,-0.0003891765839718994,0.02403604354955394
8915,2.798989898989899,0.09939393939393938,-0.00013647794175153708,0.02504977942235877
8916,2.798989898989899,0.10535353535353534,-0.00032382286762817485,0.026682195601077614
8917,2.798989898989899,0.1113131313131313,-0.0003777535506137305,0.027813668957339766
8918,2.798989898989899,0.11727272727272725,-0.00042927537626648266,0.02994592804536971
8919,2.798989898989899,0.12323232323232322,0.0001251872416538263,0.03143716828498229
8920,2.798989898989899,0.1291919191919192,-0.00012611440083933184,0.03329618011866103
8921,2.798989898989899,0.13515151515151513,-0.0002644564727370705,0.0340123389356988
8922,2.798989898989899,0.1411111111111111,0.0002020313522743069,0.035959491361474465
8923,2.798989898989899,0.14707070707070707,0.0003239127051306477,0.03731151887147762
8924,2.798989898989899,0.15303030303030302,0.00041937930597628787,0.03877049763864866
8925,2.798989898989899,0.158989898989899,0.00048032315277375036,0.04023433865649615
8926,2.798989898989899,0.16494949494949493,-0.0006282286701538189,0.04170380661324884
8927,2.798989898989899,0.1709090909090909,-9.560642606150305e-05,0.043436816168878484
8928,2.798989898989899,0.17686868686868687,-0.00033523646257502124,0.04474893646127109
8929,2.798989898989899,0.1828282828282828,-0.0005073562873000089,0.04631672266041995
8930,2.798989898989899,0.18878787878787878,-0.0005861190045934298,0.04790373795043518
8931,2.798989898989899,0.19474747474747472,0.0001888530641333655,0.049488086484181924
8932,2.798989898989899,0.2007070707070707,0.0008234304342588425,0.05156458147984366
8933,2.798989898989899,0.20666666666666667,0.0003327921439027615,0.05223562271840744
8934,2.798989898989899,0.2126262626262626,-0.00028802212012097667,0.054192105849021406
8935,2.798989898989899,0.21858585858585858,-0.000244894349220653,0.05557345778483446
8936,2.798989898989899,0.22454545454545452,0.0006349914763757988,0.057156318980196
8937,2.798989898989899,0.2305050505050505,0.0007205257597120016,0.05919410308274576
8938,2.798989898989899,0.23646464646464646,0.0002310391213682798,0.0605085943851463
8939,2.798989898989899,0.2424242424242424,0.0003190817770099124,0.06110161775138517
8940,2.798989898989899,0.24838383838383837,-0.0007228272392826494,0.0634103945296872
8941,2.798989898989899,0.2543434343434343,0.0011806047233695089,0.06513589249172945
8942,2.798989898989899,0.26030303030303026,-1.841091876283558e-05,0.06673413911005212
8943,2.798989898989899,0.26626262626262626,0.0004096647281654155,0.06769862190083738
8944,2.798989898989899,0.2722222222222222,1.1253174034569869e-05,0.06919531898782678
8945,2.798989898989899,0.27818181818181814,-0.0008862826632317424,0.0697110027505575
8946,2.798989898989899,0.28414141414141414,0.0004528448703425626,0.07243532768736909
8947,2.798989898989899,0.2901010101010101,-0.0006316378800179477,0.0735678673006129
8948,2.798989898989899,0.296060606060606,0.00013461412883951406,0.07576245253701322
8949,2.798989898989899,0.302020202020202,-9.70426161521189e-05,0.07762623287000099
8950,2.798989898989899,0.30797979797979796,-0.0009011948055932787,0.07916225367122506
8951,2.798989898989899,0.3139393939393939,0.0005819036239296934,0.08016013149580074
8952,2.798989898989899,0.31989898989898985,0.001088134426049624,0.08219123133038685
8953,2.798989898989899,0.32585858585858585,-8.694920076960817e-05,0.08293010246421606
8954,2.798989898989899,0.3318181818181818,0.00014979307587707592,0.08398146046481574
8955,2.798989898989899,0.33777777777777773,0.0008061992348553852,0.08553209628520729
8956,2.798989898989899,0.34373737373737373,0.0006923573334585742,0.08691312579434725
8957,2.798989898989899,0.3496969696969697,0.00012849552790685016,0.08970404739867141
8958,2.798989898989899,0.3556565656565656,-0.0013586085401283824,0.09061210566260727
8959,2.798989898989899,0.3616161616161616,-0.0009188695003757335,0.09221176490056393
8960,2.798989898989899,0.36757575757575756,0.0010411910466445312,0.0935615737460818
8961,2.798989898989899,0.3735353535353535,0.000934506682771543,0.0958165938440675
8962,2.798989898989899,0.37949494949494944,0.001372250523235441,0.09776617035126779
8963,2.798989898989899,0.38545454545454544,-5.5055737849012855e-06,0.09973641050022079
8964,2.798989898989899,0.3914141414141414,0.0008284638987468366,0.09985320258750487
8965,2.798989898989899,0.3973737373737373,0.0003768008756080738,0.10148127832089972
8966,2.798989898989899,0.4033333333333333,0.0005281357872708078,0.1022224916096871
8967,2.798989898989899,0.40929292929292926,-0.0006185436599688877,0.10417109634041946
8968,2.798989898989899,0.4152525252525252,-0.0004819142093538157,0.1048205846237296
8969,2.798989898989899,0.42121212121212115,-0.0007977588820690856,0.10858547926712171
8970,2.798989898989899,0.42717171717171715,-0.0015482171140626332,0.1086376037852274
8971,2.798989898989899,0.4331313131313131,-0.0012479652985573975,0.11078173751885208
8972,2.798989898989899,0.43909090909090903,0.001121186563638009,0.11450851974298934
8973,2.798989898989899,0.44505050505050503,0.001130235488337162,0.11453302911435286
8974,2.798989898989899,0.45101010101010097,0.00020891184155577585,0.11740467657930058
8975,2.798989898989899,0.4569696969696969,0.0016531245109419328,0.11747511078857824
8976,2.798989898989899,0.4629292929292929,0.002008191592704886,0.12059233404049342
8977,2.798989898989899,0.46888888888888886,0.0007925659918498786,0.119265460264061
8978,2.798989898989899,0.4748484848484848,-0.001233446308316661,0.12110104072320924
8979,2.798989898989899,0.48080808080808074,0.00021858095948518148,0.12356157921542363
8980,2.798989898989899,0.48676767676767674,-3.055386890142362e-05,0.123943523460766
8981,2.798989898989899,0.4927272727272727,0.000610211984463948,0.1273658765481571
8982,2.798989898989899,0.4986868686868686,0.0010081596546526888,0.12798923349342425
8983,2.798989898989899,0.5046464646464646,-0.00037133455648427545,0.12616945296466003
8984,2.798989898989899,0.5106060606060605,0.0017867838587116278,0.13234637353399104
8985,2.798989898989899,0.5165656565656566,0.0009201213600411272,0.1316724678547748
8986,2.798989898989899,0.5225252525252525,-0.0018602392099729627,0.13508595310034258
8987,2.798989898989899,0.5284848484848484,-0.0002315203951337696,0.13669352762779854
8988,2.798989898989899,0.5344444444444444,-0.0018258446210200293,0.13760044220049075
8989,2.798989898989899,0.5404040404040403,-8.872745276315568e-05,0.1396261544281305
8990,2.798989898989899,0.5463636363636363,0.002135620127885553,0.14165789719475083
8991,2.798989898989899,0.5523232323232323,0.001145210376983237,0.1425697735293538
8992,2.798989898989899,0.5582828282828283,-0.0018798781881758746,0.14432080374340814
8993,2.798989898989899,0.5642424242424242,0.0005536521972007497,0.14628082007003834
8994,2.798989898989899,0.5702020202020202,-0.0005107029861989925,0.14839894949893043
8995,2.798989898989899,0.5761616161616161,-0.0010955004712397077,0.1477896596848081
8996,2.798989898989899,0.582121212121212,0.0024936050511175714,0.14967998614331984
8997,2.798989898989899,0.588080808080808,-0.0004340624676320675,0.1532938735649774
8998,2.798989898989899,0.594040404040404,0.003635966347970714,0.15576150563484625
8999,2.798989898989899,0.6,-0.0017048625999742612,0.15560745690242142
9000,2.8190909090909093,0.01,1.815150181651989e-05,0.0025571049713167602
9001,2.8190909090909093,0.01595959595959596,3.0137802238077238e-05,0.0041565489325498355
9002,2.8190909090909093,0.021919191919191918,2.2427304570621687e-05,0.005630678230482564
9003,2.8190909090909093,0.027878787878787878,0.00014330356384325814,0.0071020926469493135
9004,2.8190909090909093,0.033838383838383834,7.466921702482896e-05,0.008641727896653332
9005,2.8190909090909093,0.0397979797979798,-0.00016664405867586663,0.010116655702716184
9006,2.8190909090909093,0.045757575757575754,3.896914935952649e-05,0.011840296896144357
9007,2.8190909090909093,0.05171717171717172,8.794339594473706e-05,0.013231638862161506
9008,2.8190909090909093,0.05767676767676767,-0.0002929500275086482,0.014711874731484113
9009,2.8190909090909093,0.06363636363636363,-0.00018591907556458093,0.016287685392936863
9010,2.8190909090909093,0.06959595959595959,0.0001118519137635543,0.0178328010400795
9011,2.8190909090909093,0.07555555555555554,-0.0002921942294502186,0.019417368510242432
9012,2.8190909090909093,0.0815151515151515,0.00010196156480286482,0.020961160722204195
9013,2.8190909090909093,0.08747474747474746,-1.220049180741306e-05,0.02203911036300565
9014,2.8190909090909093,0.09343434343434343,0.0002744924535234921,0.024036609699288825
9015,2.8190909090909093,0.09939393939393938,0.00012905757983682007,0.025630956390704753
9016,2.8190909090909093,0.10535353535353534,-1.503166629479502e-05,0.027239782237618738
9017,2.8190909090909093,0.1113131313131313,-0.00032170960781366744,0.028452003318018136
9018,2.8190909090909093,0.11727272727272725,0.000863828107321672,0.030142995370923954
9019,2.8190909090909093,0.12323232323232322,-9.310380520041037e-05,0.031679900755828314
9020,2.8190909090909093,0.1291919191919192,-9.442976250672799e-05,0.03295924349961887
9021,2.8190909090909093,0.13515151515151513,-0.00024360426068491687,0.034423635810281926
9022,2.8190909090909093,0.1411111111111111,-0.0003561161297676477,0.03585399568176966
9023,2.8190909090909093,0.14707070707070707,-0.00018202028709303424,0.03758032462774779
9024,2.8190909090909093,0.15303030303030302,-0.00010840825782355879,0.039458693738643386
9025,2.8190909090909093,0.158989898989899,-0.0003774306075489424,0.04103757638462031
9026,2.8190909090909093,0.16494949494949493,0.0005585747886255795,0.04197519126632894
9027,2.8190909090909093,0.1709090909090909,0.00046589396967273853,0.04398329861637139
9028,2.8190909090909093,0.17686868686868687,0.0005682320666530055,0.045871468016217255
9029,2.8190909090909093,0.1828282828282828,0.0004150409760522028,0.047078702214679004
9030,2.8190909090909093,0.18878787878787878,0.0005620014889840271,0.049113168646371566
9031,2.8190909090909093,0.19474747474747472,-0.0004952557220595946,0.049748353796239674
9032,2.8190909090909093,0.2007070707070707,-0.0009511466616804766,0.05108185262087689
9033,2.8190909090909093,0.20666666666666667,2.1495897229465742e-05,0.05316029579123721
9034,2.8190909090909093,0.2126262626262626,-0.00036440571316621184,0.05457408273932887
9035,2.8190909090909093,0.21858585858585858,0.0007185277095501437,0.05601761218286757
9036,2.8190909090909093,0.22454545454545452,0.0012616675776652504,0.058313606393861815
9037,2.8190909090909093,0.2305050505050505,-0.0003298242374383598,0.060120592701410694
9038,2.8190909090909093,0.23646464646464646,0.0002858665239546047,0.060600700094700026
9039,2.8190909090909093,0.2424242424242424,-0.0007033021832917258,0.06182524431751751
9040,2.8190909090909093,0.24838383838383837,-0.0006011852625023307,0.06366933404455494
9041,2.8190909090909093,0.2543434343434343,-4.903621553533224e-05,0.06565021369492403
9042,2.8190909090909093,0.26030303030303026,0.0003507038003197396,0.0661277611970591
9043,2.8190909090909093,0.26626262626262626,-0.00045015962002980956,0.0684960938696617
9044,2.8190909090909093,0.2722222222222222,0.0008094635385230121,0.06967317630481769
9045,2.8190909090909093,0.27818181818181814,0.0005233591618596533,0.07095312398490036
9046,2.8190909090909093,0.28414141414141414,-0.000267237984066774,0.07255897857798588
9047,2.8190909090909093,0.2901010101010101,0.0005008145648585834,0.07470311308292209
9048,2.8190909090909093,0.296060606060606,-2.5468461574970645e-05,0.07582622834022631
9049,2.8190909090909093,0.302020202020202,-0.0004124883165717378,0.07827986691921972
9050,2.8190909090909093,0.30797979797979796,-0.0001078671713913847,0.07941957616394694
9051,2.8190909090909093,0.3139393939393939,-0.0011740410515614448,0.08118369664876204
9052,2.8190909090909093,0.31989898989898985,-0.001170708221953416,0.08259452088986384
9053,2.8190909090909093,0.32585858585858585,-0.0007459950963192313,0.08437486701778076
9054,2.8190909090909093,0.3318181818181818,0.0002081135204137794,0.08597933711018967
9055,2.8190909090909093,0.33777777777777773,0.000710159091306763,0.08801118431991062
9056,2.8190909090909093,0.34373737373737373,-0.001377761751012234,0.08764905587901183
9057,2.8190909090909093,0.3496969696969697,0.0004136767048531929,0.09068847343047397
9058,2.8190909090909093,0.3556565656565656,-0.0004037041381312142,0.09146854592695881
9059,2.8190909090909093,0.3616161616161616,-0.0013514057824522989,0.09384715037650768
9060,2.8190909090909093,0.36757575757575756,0.0005841614296213526,0.09536060388622168
9061,2.8190909090909093,0.3735353535353535,-0.0003483508525665087,0.09835447377306938
9062,2.8190909090909093,0.37949494949494944,-0.00026892025602071306,0.09748503364738122
9063,2.8190909090909093,0.38545454545454544,-0.00019073465464641652,0.09987102156521965
9064,2.8190909090909093,0.3914141414141414,-0.00039278570504070094,0.10187771996534391
9065,2.8190909090909093,0.3973737373737373,0.0014889144744789189,0.10286567922773428
9066,2.8190909090909093,0.4033333333333333,0.0009510897856824381,0.10551609121423153
9067,2.8190909090909093,0.40929292929292926,0.00048203010799333334,0.10714900037268932
9068,2.8190909090909093,0.4152525252525252,-0.00045516663671105526,0.10721543143798795
9069,2.8190909090909093,0.42121212121212115,-0.0016790924368833813,0.10951432484970247
9070,2.8190909090909093,0.42717171717171715,0.0008415566491414415,0.11067878038441936
9071,2.8190909090909093,0.4331313131313131,-0.0008747823819795613,0.11335456426707752
9072,2.8190909090909093,0.43909090909090903,0.001004939595614801,0.11337721595139931
9073,2.8190909090909093,0.44505050505050503,0.00023855164030915548,0.11454067608785053
9074,2.8190909090909093,0.45101010101010097,0.00035603295592934794,0.11701142866405166
9075,2.8190909090909093,0.4569696969696969,-0.00037036264965310497,0.1174985001580457
9076,2.8190909090909093,0.4629292929292929,0.0013595750844528638,0.12092442414908601
9077,2.8190909090909093,0.46888888888888886,0.0010977603016526993,0.12092158558244721
9078,2.8190909090909093,0.4748484848484848,-0.0006732180877740353,0.12332522516381747
9079,2.8190909090909093,0.48080808080808074,0.0005340868720310434,0.1250795184148903
9080,2.8190909090909093,0.48676767676767674,-0.001739672330172793,0.12663928232280025
9081,2.8190909090909093,0.4927272727272727,-0.0022232471440823466,0.1272303263075826
9082,2.8190909090909093,0.4986868686868686,0.0013456644624706667,0.13164981925640934
9083,2.8190909090909093,0.5046464646464646,0.000605504551571864,0.13052495799693553
9084,2.8190909090909093,0.5106060606060605,-0.00045559120781487065,0.1321056720834044
9085,2.8190909090909093,0.5165656565656566,-0.00030883301937700825,0.1336435165239968
9086,2.8190909090909093,0.5225252525252525,-0.0012132244808749715,0.13640276800372533
9087,2.8190909090909093,0.5284848484848484,0.0003438974611815528,0.1388703288079733
9088,2.8190909090909093,0.5344444444444444,-0.0003086225344736284,0.13894985121196898
9089,2.8190909090909093,0.5404040404040403,-0.002120553604196494,0.13839514337371112
9090,2.8190909090909093,0.5463636363636363,0.0022174109213626584,0.1444155478385609
9091,2.8190909090909093,0.5523232323232323,0.0005601175216827448,0.1440501261550798
9092,2.8190909090909093,0.5582828282828283,0.0026964469862362085,0.146026464426272
9093,2.8190909090909093,0.5642424242424242,0.0010089642803744003,0.14716892912237553
9094,2.8190909090909093,0.5702020202020202,0.0007373739986315034,0.15109501176431742
9095,2.8190909090909093,0.5761616161616161,-0.0005872679655061997,0.15263627886481554
9096,2.8190909090909093,0.582121212121212,0.0013333964932475014,0.15433343875184097
9097,2.8190909090909093,0.588080808080808,0.0017948323579859238,0.1530889577108356
9098,2.8190909090909093,0.594040404040404,0.0023651685812418046,0.15732819517450583
9099,2.8190909090909093,0.6,0.0006946009426331704,0.15801466091748426
9100,2.8391919191919195,0.01,-1.6081118487746738e-06,0.002590353029304863
9101,2.8391919191919195,0.01595959595959596,-9.736081202028301e-06,0.0041042246810707814
9102,2.8391919191919195,0.021919191919191918,4.353358127124183e-05,0.005666931789040276
9103,2.8391919191919195,0.027878787878787878,-4.678384699692006e-06,0.007236069301478508
9104,2.8391919191919195,0.033838383838383834,-3.445307976332061e-05,0.008806544587421767
9105,2.8391919191919195,0.0397979797979798,2.6079089680816737e-05,0.01030048954870382
9106,2.8391919191919195,0.045757575757575754,8.421940661514005e-06,0.011892084399323214
9107,2.8391919191919195,0.05171717171717172,1.8376733273571056e-05,0.013284639196223995
9108,2.8391919191919195,0.05767676767676767,4.850274332181642e-05,0.01487087020665863
9109,2.8391919191919195,0.06363636363636363,0.00012133634974212281,0.016501434730787412
9110,2.8391919191919195,0.06959595959595959,0.00033950979307462284,0.01824217564083283
9111,2.8391919191919195,0.07555555555555554,-0.00011976861804162903,0.01967586774619911
9112,2.8391919191919195,0.0815151515151515,0.00012086789904223932,0.021156494386778954
9113,2.8391919191919195,0.08747474747474746,8.126658846182384e-05,0.022600076715197433
9114,2.8391919191919195,0.09343434343434343,-3.7840014045725964e-05,0.024224561182801026
9115,2.8391919191919195,0.09939393939393938,-0.00020240514566496518,0.025447856796415525
9116,2.8391919191919195,0.10535353535353534,-0.0002028242807188028,0.027354124348587954
9117,2.8391919191919195,0.1113131313131313,0.00031952598717275194,0.028693249171045487
9118,2.8391919191919195,0.11727272727272725,-1.716869004154382e-05,0.03053060739117964
9119,2.8391919191919195,0.12323232323232322,-0.00017709184278204813,0.032361767274469246
9120,2.8391919191919195,0.1291919191919192,0.0004627434252707111,0.03322709541055023
9121,2.8391919191919195,0.13515151515151513,0.0011355266293789487,0.03525999949947376
9122,2.8391919191919195,0.1411111111111111,-0.00016055526461831776,0.03677530287529784
9123,2.8391919191919195,0.14707070707070707,-1.8221510439899235e-05,0.038204328197202965
9124,2.8391919191919195,0.15303030303030302,-0.0002885402383151824,0.03968860799007992
9125,2.8391919191919195,0.158989898989899,0.0005398326247118261,0.04102747741811764
9126,2.8391919191919195,0.16494949494949493,0.0002683259969352576,0.04238063707772898
9127,2.8391919191919195,0.1709090909090909,-0.0002069560525810294,0.04440452078301103
9128,2.8391919191919195,0.17686868686868687,0.00028318243983332437,0.04632474663875666
9129,2.8391919191919195,0.1828282828282828,0.0003072778592582927,0.04772031090109349
9130,2.8391919191919195,0.18878787878787878,-0.00032836658655082307,0.049210169294549175
9131,2.8391919191919195,0.19474747474747472,2.611557531991684e-05,0.0503631529740168
9132,2.8391919191919195,0.2007070707070707,7.492693462509732e-05,0.05202725068935451
9133,2.8391919191919195,0.20666666666666667,0.0007108264740625179,0.05411622317399257
9134,2.8391919191919195,0.2126262626262626,0.001228620552174835,0.05556640964905759
9135,2.8391919191919195,0.21858585858585858,-0.00044381859619143586,0.057164239257819195
9136,2.8391919191919195,0.22454545454545452,0.0001373295810528727,0.05807489453061428
9137,2.8391919191919195,0.2305050505050505,-0.0011469180785520657,0.059468071435401657
9138,2.8391919191919195,0.23646464646464646,-0.0002082125281572776,0.061926926710737115
9139,2.8391919191919195,0.2424242424242424,0.0003677149421809782,0.06239935445351975
9140,2.8391919191919195,0.24838383838383837,-0.0004168424694033053,0.06437309607807093
9141,2.8391919191919195,0.2543434343434343,-3.6601032477945326e-07,0.06629746283551274
9142,2.8391919191919195,0.26030303030303026,-0.0005574413740348242,0.06753765522299723
9143,2.8391919191919195,0.26626262626262626,0.0005299179160943348,0.06901292384302254
9144,2.8391919191919195,0.2722222222222222,-0.0011482538708129223,0.07072385073465354
9145,2.8391919191919195,0.27818181818181814,0.00022909602465721006,0.07302644121605378
9146,2.8391919191919195,0.28414141414141414,-0.0002555792548534513,0.07454667016423093
9147,2.8391919191919195,0.2901010101010101,0.0002601518724325915,0.07563332304998212
9148,2.8391919191919195,0.296060606060606,0.0006215159047313951,0.07781027979404868
9149,2.8391919191919195,0.302020202020202,0.00046041242066828297,0.07936906830576104
9150,2.8391919191919195,0.30797979797979796,-0.0010597495819146935,0.07973367730352104
9151,2.8391919191919195,0.3139393939393939,0.0018292737514574789,0.08268893585613325
9152,2.8391919191919195,0.31989898989898985,0.0008698663520017387,0.08228066773776506
9153,2.8391919191919195,0.32585858585858585,-0.0001242473873050478,0.08544798598791362
9154,2.8391919191919195,0.3318181818181818,-0.00029051216376255114,0.08663071695579869
9155,2.8391919191919195,0.33777777777777773,0.00038246055169397175,0.08676898686049131
9156,2.8391919191919195,0.34373737373737373,0.0005462066005969643,0.08847389851825913
9157,2.8391919191919195,0.3496969696969697,-0.00044345063874827684,0.09183527378119341
9158,2.8391919191919195,0.3556565656565656,0.00020367584987403457,0.09198089770056313
9159,2.8391919191919195,0.3616161616161616,-0.0012385427633251989,0.0940449884857019
9160,2.8391919191919195,0.36757575757575756,6.223073201647206e-05,0.09542455098218154
9161,2.8391919191919195,0.3735353535353535,-0.0017635834007239805,0.09656709058293075
9162,2.8391919191919195,0.37949494949494944,0.0010519892875552,0.09906548345151561
9163,2.8391919191919195,0.38545454545454544,-0.00024174384233113856,0.10071910151138438
9164,2.8391919191919195,0.3914141414141414,-0.0007593562058165347,0.10196692631577885
9165,2.8391919191919195,0.3973737373737373,-0.00011516523529679787,0.10252066785460724
9166,2.8391919191919195,0.4033333333333333,2.8357570870222482e-05,0.10519056164037369
9167,2.8391919191919195,0.40929292929292926,0.00043443878880455405,0.10729922311852222
9168,2.8391919191919195,0.4152525252525252,-0.0022106465907380086,0.10857946502886105
9169,2.8391919191919195,0.42121212121212115,0.0004096458632712066,0.11052218864713109
9170,2.8391919191919195,0.42717171717171715,0.0001435193193360329,0.11264701580746257
9171,2.8391919191919195,0.4331313131313131,-0.00042786297329254415,0.11244923596402609
9172,2.8391919191919195,0.43909090909090903,-0.001307081822555363,0.11491987534982213
9173,2.8391919191919195,0.44505050505050503,-0.0006864555317591183,0.116135617180946
9174,2.8391919191919195,0.45101010101010097,0.00035477732360620403,0.11847747977056325
9175,2.8391919191919195,0.4569696969696969,-0.0013061867528727064,0.11895078232821364
9176,2.8391919191919195,0.4629292929292929,0.000514806808144895,0.12193183013392825
9177,2.8391919191919195,0.46888888888888886,-0.000505424870727995,0.12476959918084883
9178,2.8391919191919195,0.4748484848484848,0.0013938227996556454,0.12487648630948149
9179,2.8391919191919195,0.48080808080808074,1.052821009732967e-05,0.1267538415126735
9180,2.8391919191919195,0.48676767676767674,-0.0021516565456811128,0.1277886923365718
9181,2.8391919191919195,0.4927272727272727,0.001413308181460603,0.12920582863877542
9182,2.8391919191919195,0.4986868686868686,0.0005696297923832544,0.13159520047951223
9183,2.8391919191919195,0.5046464646464646,0.0020411412248364314,0.13348232792712464
9184,2.8391919191919195,0.5106060606060605,-0.0017300801750449821,0.13471138867271942
9185,2.8391919191919195,0.5165656565656566,0.0012475468246433128,0.13578197336608774
9186,2.8391919191919195,0.5225252525252525,-0.0012380996900405814,0.1375506990780402
9187,2.8391919191919195,0.5284848484848484,-0.00035793784339999244,0.13887659115353235
9188,2.8391919191919195,0.5344444444444444,0.0023478303893161973,0.14370512720351986
9189,2.8391919191919195,0.5404040404040403,-0.00013957408313032066,0.1428477866361701
9190,2.8391919191919195,0.5463636363636363,-0.0012066713225282904,0.143086390092982
9191,2.8391919191919195,0.5523232323232323,-0.00046228280919556505,0.14531581488434803
9192,2.8391919191919195,0.5582828282828283,0.0008491045531781347,0.1459939726542717
9193,2.8391919191919195,0.5642424242424242,-0.0021797986140965273,0.1473907146882503
9194,2.8391919191919195,0.5702020202020202,-0.0007678861435401232,0.15040575976653822
9195,2.8391919191919195,0.5761616161616161,0.0031855295140497766,0.1523070569522641
9196,2.8391919191919195,0.582121212121212,0.00040537038398645857,0.15304869681961894
9197,2.8391919191919195,0.588080808080808,-0.001004549233614404,0.1569691751503201
9198,2.8391919191919195,0.594040404040404,-0.0006269667796457465,0.1562787556098713
9199,2.8391919191919195,0.6,-0.001844817089963526,0.15870715850471037
9200,2.8592929292929297,0.01,-3.519860007080753e-05,0.002611715353441542
9201,2.8592929292929297,0.01595959595959596,4.4123122519121216e-05,0.004171752442231984
9202,2.8592929292929297,0.021919191919191918,-3.552592786501786e-05,0.005679010916515452
9203,2.8592929292929297,0.027878787878787878,5.2957007074128794e-05,0.0072337249049534
9204,2.8592929292929297,0.033838383838383834,9.939211696628872e-05,0.008888138737389095
9205,2.8592929292929297,0.0397979797979798,0.00014516639604866097,0.01051102796713129
9206,2.8592929292929297,0.045757575757575754,-6.370457071895216e-05,0.01213494148119978
9207,2.8592929292929297,0.05171717171717172,-9.314136095725285e-05,0.013452936153027699
9208,2.8592929292929297,0.05767676767676767,-0.0002632691860319072,0.015168577714184906
9209,2.8592929292929297,0.06363636363636363,9.974923200777359e-05,0.016568118210511434
9210,2.8592929292929297,0.06959595959595959,0.00035213729969831687,0.018119972400082687
9211,2.8592929292929297,0.07555555555555554,0.0001253862609804871,0.019991466240331553
9212,2.8592929292929297,0.0815151515151515,-0.00010512911761204055,0.02138941360941345
9213,2.8592929292929297,0.08747474747474746,9.190120910014609e-06,0.023120018859975236
9214,2.8592929292929297,0.09343434343434343,0.00019228376231737664,0.02454139455416582
9215,2.8592929292929297,0.09939393939393938,-0.00019618228730554,0.025998936563764487
9216,2.8592929292929297,0.10535353535353534,-0.00011822785921012417,0.02758441101217738
9217,2.8592929292929297,0.1113131313131313,-0.00018486618595972099,0.029142143383328024
9218,2.8592929292929297,0.11727272727272725,0.00042762767559618677,0.030422695921135227
9219,2.8592929292929297,0.12323232323232322,-0.0002749781904083413,0.03257183867371302
9220,2.8592929292929297,0.1291919191919192,-0.00041594721183328025,0.033972557058453395
9221,2.8592929292929297,0.13515151515151513,-0.0002696636005686005,0.03522911884159716
9222,2.8592929292929297,0.1411111111111111,-4.9144108794279706e-05,0.036883172083432926
9223,2.8592929292929297,0.14707070707070707,0.0002462521861223364,0.038613992466295925
9224,2.8592929292929297,0.15303030303030302,0.0004171860146346529,0.039853518009088644
9225,2.8592929292929297,0.158989898989899,-0.0007849591741099765,0.041793324861217035
9226,2.8592929292929297,0.16494949494949493,-0.00030842669766428636,0.043544067569457556
9227,2.8592929292929297,0.1709090909090909,0.0002110765771768221,0.044806005536282716
9228,2.8592929292929297,0.17686868686868687,-0.0003295222657624146,0.04611785606299102
9229,2.8592929292929297,0.1828282828282828,-0.000203884531207236,0.04766377980872252
9230,2.8592929292929297,0.18878787878787878,0.00010459019774918037,0.04990382863296603
9231,2.8592929292929297,0.19474747474747472,-0.0004007753310787045,0.05079437625989296
9232,2.8592929292929297,0.2007070707070707,0.0005753990870894691,0.05265719417642323
9233,2.8592929292929297,0.20666666666666667,-0.00022682859400023316,0.05419131573716792
9234,2.8592929292929297,0.2126262626262626,0.0014333053452160365,0.0557161362888046
9235,2.8592929292929297,0.21858585858585858,-0.0009829113505936554,0.05762298629425387
9236,2.8592929292929297,0.22454545454545452,-0.0009040292859678196,0.05884820677324807
9237,2.8592929292929297,0.2305050505050505,-0.00039777465018063816,0.06058158254016446
9238,2.8592929292929297,0.23646464646464646,-0.00017190257921455995,0.06189948402707714
9239,2.8592929292929297,0.2424242424242424,0.0012452876643313142,0.06398540061760291
9240,2.8592929292929297,0.24838383838383837,-0.0017112637241203225,0.06545742882033415
9241,2.8592929292929297,0.2543434343434343,0.000954170622869124,0.06684089411304568
9242,2.8592929292929297,0.26030303030303026,0.00038218493533739265,0.06775581742892334
9243,2.8592929292929297,0.26626262626262626,-0.0005347181025505498,0.0705877575080518
9244,2.8592929292929297,0.2722222222222222,-0.00047020865902647966,0.07115533419275936
9245,2.8592929292929297,0.27818181818181814,0.00035900954607207946,0.0737530388480128
9246,2.8592929292929297,0.28414141414141414,-8.678345089237647e-05,0.07471478282646955
9247,2.8592929292929297,0.2901010101010101,-0.0005810668794556052,0.07672614934236484
9248,2.8592929292929297,0.296060606060606,0.00041342991742855374,0.07760254185420952
9249,2.8592929292929297,0.302020202020202,0.00041137967992869,0.079804174489449
9250,2.8592929292929297,0.30797979797979796,0.0004723956398687543,0.08073422054337255
9251,2.8592929292929297,0.3139393939393939,-0.0008222534549863045,0.08175396898202515
9252,2.8592929292929297,0.31989898989898985,4.6925259525556206e-05,0.0832728691266324
9253,2.8592929292929297,0.32585858585858585,0.0013260522379083999,0.0866478375222412
9254,2.8592929292929297,0.3318181818181818,-0.00042745342958761424,0.08850959010677605
9255,2.8592929292929297,0.33777777777777773,0.00015734933151541935,0.08867271750251972
9256,2.8592929292929297,0.34373737373737373,-0.0006559243919064114,0.08966487796624747
9257,2.8592929292929297,0.3496969696969697,-0.0004842856475538971,0.09300560091918529
9258,2.8592929292929297,0.3556565656565656,0.0002201434478412813,0.09450608430993385
9259,2.8592929292929297,0.3616161616161616,-0.00011818640497292856,0.09479269629761804
9260,2.8592929292929297,0.36757575757575756,0.0007302588393566402,0.0954835716697026
9261,2.8592929292929297,0.3735353535353535,-0.0005144184438514876,0.09923671028376037
9262,2.8592929292929297,0.37949494949494944,0.0007975340930934143,0.10130062010202882
9263,2.8592929292929297,0.38545454545454544,0.0016797653406896145,0.102260280100153
9264,2.8592929292929297,0.3914141414141414,-0.00012187335101256908,0.10318599036581856
9265,2.8592929292929297,0.3973737373737373,-0.00035987061249995227,0.10446065705982535
9266,2.8592929292929297,0.4033333333333333,0.0008602402698070002,0.1058227529132249
9267,2.8592929292929297,0.40929292929292926,-0.002170505907916716,0.10874661478228208
9268,2.8592929292929297,0.4152525252525252,0.0013918398306392357,0.10886279526444015
9269,2.8592929292929297,0.42121212121212115,0.0014843017536491127,0.11185786232079299
9270,2.8592929292929297,0.42717171717171715,-0.0013101946049477778,0.1123479209502875
9271,2.8592929292929297,0.4331313131313131,-0.001442349935155208,0.11545818365907469
9272,2.8592929292929297,0.43909090909090903,0.0006660193180792012,0.1161529520030855
9273,2.8592929292929297,0.44505050505050503,0.00047688370740895324,0.11820502387351317
9274,2.8592929292929297,0.45101010101010097,-0.0004003256296931145,0.1167960037520552
9275,2.8592929292929297,0.4569696969696969,0.0007985626056246023,0.12035063440204351
9276,2.8592929292929297,0.4629292929292929,0.0018271066022915012,0.12337989855440895
9277,2.8592929292929297,0.46888888888888886,-0.0007537935115340505,0.12356852345368725
9278,2.8592929292929297,0.4748484848484848,-0.000568266237119687,0.12723365312829854
9279,2.8592929292929297,0.48080808080808074,0.0011266842013030395,0.13002189698108693
9280,2.8592929292929297,0.48676767676767674,0.0015068906187040748,0.1291873822749652
9281,2.8592929292929297,0.4927272727272727,-0.0011191853994352424,0.1308917905492742
9282,2.8592929292929297,0.4986868686868686,-0.0029612171066400114,0.13330880305351783
9283,2.8592929292929297,0.5046464646464646,0.00038587366285173364,0.1338029881972623
9284,2.8592929292929297,0.5106060606060605,-0.00406153916332249,0.13356324771678516
9285,2.8592929292929297,0.5165656565656566,0.0008869326937087438,0.13698641120012642
9286,2.8592929292929297,0.5225252525252525,-0.0006820950441730159,0.1360611938174818
9287,2.8592929292929297,0.5284848484848484,0.0015801434470421193,0.14223015329873778
9288,2.8592929292929297,0.5344444444444444,0.0013602274347329377,0.1420186925991186
9289,2.8592929292929297,0.5404040404040403,-0.0007645525636887007,0.14344558384929967
9290,2.8592929292929297,0.5463636363636363,8.699783111056849e-05,0.14646000207336538
9291,2.8592929292929297,0.5523232323232323,0.0012650585580814876,0.14764102894855094
9292,2.8592929292929297,0.5582828282828283,-0.0008336906387212841,0.14913868842805017
9293,2.8592929292929297,0.5642424242424242,-0.0012862322723835157,0.15242954479606596
9294,2.8592929292929297,0.5702020202020202,-0.0008818984915572894,0.15433292020811926
9295,2.8592929292929297,0.5761616161616161,0.001404438968778784,0.15515198739498554
9296,2.8592929292929297,0.582121212121212,0.000741888484006433,0.15624549093085638
9297,2.8592929292929297,0.588080808080808,0.00019516226904213303,0.15575929411880102
9298,2.8592929292929297,0.594040404040404,-0.0009592273721660904,0.15739235515354763
9299,2.8592929292929297,0.6,0.0007862156247347935,0.16166478009227947
9300,2.8793939393939394,0.01,3.074784399455089e-05,0.0026399054268395556
9301,2.8793939393939394,0.01595959595959596,3.766743255106607e-05,0.004265873450104856
9302,2.8793939393939394,0.021919191919191918,-4.3255780631465324e-05,0.0057243087193022445
9303,2.8793939393939394,0.027878787878787878,-5.44797742934681e-05,0.007368184206411193
9304,2.8793939393939394,0.033838383838383834,-9.974754801284095e-05,0.008899060944628993
9305,2.8793939393939394,0.0397979797979798,-4.569673382345009e-05,0.010591150338343415
9306,2.8793939393939394,0.045757575757575754,0.00021556730141330575,0.012166991382258565
9307,2.8793939393939394,0.05171717171717172,0.000369204958517094,0.013606807660793856
9308,2.8793939393939394,0.05767676767676767,-5.063289771417543e-05,0.015211356529620534
9309,2.8793939393939394,0.06363636363636363,-7.927455397495745e-05,0.01664891098437388
9310,2.8793939393939394,0.06959595959595959,-9.466503349891706e-05,0.01864020076992011
9311,2.8793939393939394,0.07555555555555554,0.0002198834166782651,0.020152325575440142
9312,2.8793939393939394,0.0815151515151515,-9.30026700532789e-06,0.02159705722777458
9313,2.8793939393939394,0.08747474747474746,-6.401534684221677e-06,0.023161040074337863
9314,2.8793939393939394,0.09343434343434343,-0.0002466591210516883,0.02456783833011168
9315,2.8793939393939394,0.09939393939393938,0.00022597795393546006,0.026084075226014355
9316,2.8793939393939394,0.10535353535353534,-0.00034725862688486626,0.027498675849639675
9317,2.8793939393939394,0.1113131313131313,0.00011165492621916222,0.029304778131411274
9318,2.8793939393939394,0.11727272727272725,4.551598262052881e-05,0.03070001307910241
9319,2.8793939393939394,0.12323232323232322,-3.6870198121335165e-05,0.03263689561935489
9320,2.8793939393939394,0.1291919191919192,2.6343069876701164e-05,0.03421306546414835
9321,2.8793939393939394,0.13515151515151513,0.0003041332877791409,0.03571507068038871
9322,2.8793939393939394,0.1411111111111111,7.392063191943632e-05,0.03729417937794881
9323,2.8793939393939394,0.14707070707070707,-0.00014570064945478275,0.039017079588425096
9324,2.8793939393939394,0.15303030303030302,-0.0002942208084894597,0.0409394566963295
9325,2.8793939393939394,0.158989898989899,3.522221296391992e-05,0.04177702655066999
9326,2.8793939393939394,0.16494949494949493,-0.0003365696090683112,0.04366987700389013
9327,2.8793939393939394,0.1709090909090909,-0.0001329175503072964,0.04485338832707982
9328,2.8793939393939394,0.17686868686868687,0.00015085392933482326,0.046834703912676925
9329,2.8793939393939394,0.1828282828282828,-5.188840103843717e-05,0.048235405763737825
9330,2.8793939393939394,0.18878787878787878,-0.0005674497897072753,0.04998832967313979
9331,2.8793939393939394,0.19474747474747472,-0.00044998008086840296,0.05193358906695338
9332,2.8793939393939394,0.2007070707070707,-0.00043654522623925,0.053404337813113115
9333,2.8793939393939394,0.20666666666666667,0.0007482422898296833,0.05509091442635365
9334,2.8793939393939394,0.2126262626262626,-0.00046201275860520565,0.05634261060862532
9335,2.8793939393939394,0.21858585858585858,0.0003875934348646817,0.05844242447891033
9336,2.8793939393939394,0.22454545454545452,-0.0002310349556953465,0.05971737359981058
9337,2.8793939393939394,0.2305050505050505,-0.00025470415212819016,0.06027141372983533
9338,2.8793939393939394,0.23646464646464646,-0.001336109878584713,0.0627140841269273
9339,2.8793939393939394,0.2424242424242424,-0.0009508830969783311,0.0643500756164247
9340,2.8793939393939394,0.24838383838383837,-0.0010971229283270277,0.06582449660938001
9341,2.8793939393939394,0.2543434343434343,-0.0005089487624917305,0.06660734776193729
9342,2.8793939393939394,0.26030303030303026,0.0014785805116851384,0.06976471284725787
9343,2.8793939393939394,0.26626262626262626,-0.0002970918899991435,0.07063783351385437
9344,2.8793939393939394,0.2722222222222222,-0.00010868564404372019,0.0727706510135061
9345,2.8793939393939394,0.27818181818181814,-6.445291059185547e-05,0.0739824971068355
9346,2.8793939393939394,0.28414141414141414,-5.364516282717318e-05,0.07558548878916507
9347,2.8793939393939394,0.2901010101010101,-0.0004651891540085476,0.07746645635244916
9348,2.8793939393939394,0.296060606060606,-0.0009853457055001656,0.07842504863337799
9349,2.8793939393939394,0.302020202020202,-0.0017249655795570653,0.0799925954958655
9350,2.8793939393939394,0.30797979797979796,-0.00012857453828073436,0.08201733567409399
9351,2.8793939393939394,0.3139393939393939,-0.0002522189794136557,0.08391608633918962
9352,2.8793939393939394,0.31989898989898985,0.0004762166906636235,0.08572064205623778
9353,2.8793939393939394,0.32585858585858585,0.0001397327098545249,0.08807776585483447
9354,2.8793939393939394,0.3318181818181818,0.00025304770296671083,0.08879147893507232
9355,2.8793939393939394,0.33777777777777773,-0.00014947267266929797,0.08876601018326588
9356,2.8793939393939394,0.34373737373737373,0.0011942486684909071,0.09170725868775338
9357,2.8793939393939394,0.3496969696969697,3.4823115287494756e-05,0.09434043876844928
9358,2.8793939393939394,0.3556565656565656,-5.1261787671409165e-05,0.0957673051223892
9359,2.8793939393939394,0.3616161616161616,0.0003366647242273235,0.09759651423799257
9360,2.8793939393939394,0.36757575757575756,0.0005050030987063426,0.09765966133483939
9361,2.8793939393939394,0.3735353535353535,0.00014194862134908948,0.0999054365282496
9362,2.8793939393939394,0.37949494949494944,1.267823957621932e-05,0.10254585278277138
9363,2.8793939393939394,0.38545454545454544,-0.00022697943862287168,0.1035992828903791
9364,2.8793939393939394,0.3914141414141414,0.0004159627431944335,0.1051819262883451
9365,2.8793939393939394,0.3973737373737373,0.001999266352592162,0.10747507329474562
9366,2.8793939393939394,0.4033333333333333,0.0008383447720861752,0.10869675061163538
9367,2.8793939393939394,0.40929292929292926,0.0012770487680030668,0.10830944686989216
9368,2.8793939393939394,0.4152525252525252,0.0013915355864757705,0.1107149971776151
9369,2.8793939393939394,0.42121212121212115,0.0012949638916823544,0.11408116165348649
9370,2.8793939393939394,0.42717171717171715,0.0013835645488800904,0.11459504122148395
9371,2.8793939393939394,0.4331313131313131,0.00010389529096439785,0.1155544490933057
9372,2.8793939393939394,0.43909090909090903,0.000981480032937809,0.1183499972395178
9373,2.8793939393939394,0.44505050505050503,-0.00014637092032312112,0.11866374162888332
9374,2.8793939393939394,0.45101010101010097,0.001006508257294733,0.12061438476227213
9375,2.8793939393939394,0.4569696969696969,0.0008359199878577006,0.12452525001007042
9376,2.8793939393939394,0.4629292929292929,0.00013271014160936323,0.12408164740973092
9377,2.8793939393939394,0.46888888888888886,0.000488164905977003,0.12564250008119277
9378,2.8793939393939394,0.4748484848484848,-0.0007154900254339902,0.12791682872338228
9379,2.8793939393939394,0.48080808080808074,0.0013308649622449115,0.13008144270777092
9380,2.8793939393939394,0.48676767676767674,-0.0009381250599804062,0.1303442651301232
9381,2.8793939393939394,0.4927272727272727,-0.0013513005662332891,0.1319701073489166
9382,2.8793939393939394,0.4986868686868686,0.00017999817302728313,0.13236717642385135
9383,2.8793939393939394,0.5046464646464646,-0.0037920889151350735,0.1350650230995384
9384,2.8793939393939394,0.5106060606060605,0.00013397273196732673,0.1365133153456074
9385,2.8793939393939394,0.5165656565656566,0.0020455554002183182,0.1399606543835885
9386,2.8793939393939394,0.5225252525252525,-0.00040706649278197943,0.14217724293735884
9387,2.8793939393939394,0.5284848484848484,0.000576409332473951,0.14137674450555987
9388,2.8793939393939394,0.5344444444444444,-0.0008498781144668069,0.1430350751717949
9389,2.8793939393939394,0.5404040404040403,-0.0008732662614254808,0.14646625447242695
9390,2.8793939393939394,0.5463636363636363,-0.0001277549573955382,0.14483286982086774
9391,2.8793939393939394,0.5523232323232323,-0.0016729993799829426,0.14853993640523874
9392,2.8793939393939394,0.5582828282828283,-0.0027498991924860467,0.14897195391103651
9393,2.8793939393939394,0.5642424242424242,-0.0009885750997474863,0.15122814973348386
9394,2.8793939393939394,0.5702020202020202,0.00027354255644887845,0.15563152347164846
9395,2.8793939393939394,0.5761616161616161,-0.0006417792852232195,0.15571570206836916
9396,2.8793939393939394,0.582121212121212,-0.0011506412715915435,0.15793104993124304
9397,2.8793939393939394,0.588080808080808,-0.0001893130006805311,0.15912262044289022
9398,2.8793939393939394,0.594040404040404,-0.0010807810997443133,0.1580396122035457
9399,2.8793939393939394,0.6,0.0011601008378790756,0.16302218727413717
9400,2.8994949494949496,0.01,2.054780404943326e-05,0.002639945331673529
9401,2.8994949494949496,0.01595959595959596,3.282799406668968e-06,0.004243889152773347
9402,2.8994949494949496,0.021919191919191918,-5.6576920429551256e-05,0.005936752646404528
9403,2.8994949494949496,0.027878787878787878,-0.00011377719521670935,0.0074087380254254966
9404,2.8994949494949496,0.033838383838383834,8.749292631566977e-05,0.009110391106517545
9405,2.8994949494949496,0.0397979797979798,4.9170165237080134e-05,0.010655496435296523
9406,2.8994949494949496,0.045757575757575754,9.188336825228923e-05,0.012422115603130694
9407,2.8994949494949496,0.05171717171717172,6.849024250982302e-05,0.013904898423597108
9408,2.8994949494949496,0.05767676767676767,0.0003475298785128354,0.015326004424708897
9409,2.8994949494949496,0.06363636363636363,0.00019144189094863845,0.017051394483647692
9410,2.8994949494949496,0.06959595959595959,0.00017511160268795188,0.018664636020267415
9411,2.8994949494949496,0.07555555555555554,5.2257328843701555e-05,0.02033202730865642
9412,2.8994949494949496,0.0815151515151515,0.00015420110079072854,0.021607426365510825
9413,2.8994949494949496,0.08747474747474746,0.00010007165986862121,0.02355316507278407
9414,2.8994949494949496,0.09343434343434343,-0.00014300265786206082,0.02492031092133516
9415,2.8994949494949496,0.09939393939393938,-0.00015287822646390344,0.026685227100320983
9416,2.8994949494949496,0.10535353535353534,6.478652382057556e-05,0.027971614448854213
9417,2.8994949494949496,0.1113131313131313,3.3492739602355214e-05,0.029937824176860958
9418,2.8994949494949496,0.11727272727272725,-0.00036259099195314943,0.03151331161899304
9419,2.8994949494949496,0.12323232323232322,-0.0004369994306559259,0.033041069896729114
9420,2.8994949494949496,0.1291919191919192,0.00030098248270989835,0.03510291213308419
9421,2.8994949494949496,0.13515151515151513,0.0002188704688444273,0.036401915163072084
9422,2.8994949494949496,0.1411111111111111,-0.00039368371999915695,0.03774027796065223
9423,2.8994949494949496,0.14707070707070707,-0.00029548010371258326,0.03887305399874555
9424,2.8994949494949496,0.15303030303030302,-0.000517283934331032,0.04093164454737555
9425,2.8994949494949496,0.158989898989899,-8.715768810228604e-05,0.04233387018681071
9426,2.8994949494949496,0.16494949494949493,0.00033141667771797117,0.04422725178253321
9427,2.8994949494949496,0.1709090909090909,0.0008005662429315457,0.0462821777422023
9428,2.8994949494949496,0.17686868686868687,-0.0009970436418761189,0.047419618025204655
9429,2.8994949494949496,0.1828282828282828,-7.628960381307399e-05,0.0486416846126467
9430,2.8994949494949496,0.18878787878787878,0.0006065241648689495,0.05061637945904493
9431,2.8994949494949496,0.19474747474747472,-8.960304550614876e-05,0.05235124578222978
9432,2.8994949494949496,0.2007070707070707,0.00020692949886002898,0.053835673053944905
9433,2.8994949494949496,0.20666666666666667,-0.0004903469161760017,0.05548215729440653
9434,2.8994949494949496,0.2126262626262626,0.00024358668736465842,0.05714542720334199
9435,2.8994949494949496,0.21858585858585858,-0.0002995003970327417,0.059438390419881894
9436,2.8994949494949496,0.22454545454545452,0.00047002944009677387,0.06029144679430115
9437,2.8994949494949496,0.2305050505050505,0.0007037455172927006,0.06260938017215542
9438,2.8994949494949496,0.23646464646464646,-0.0004467539039934547,0.06363608773264327
9439,2.8994949494949496,0.2424242424242424,0.0008353782250841496,0.06524652545135957
9440,2.8994949494949496,0.24838383838383837,-0.00023355941919757356,0.06685926777113627
9441,2.8994949494949496,0.2543434343434343,-0.0004008016691374716,0.06729797878995976
9442,2.8994949494949496,0.26030303030303026,0.0007263410993222728,0.06970666318968037
9443,2.8994949494949496,0.26626262626262626,0.0010295861097741642,0.07041171712278622
9444,2.8994949494949496,0.2722222222222222,0.00011222333116559402,0.07324166403189396
9445,2.8994949494949496,0.27818181818181814,0.000527277689408283,0.07346765266936756
9446,2.8994949494949496,0.28414141414141414,0.00012587545080824228,0.07615567178199421
9447,2.8994949494949496,0.2901010101010101,-0.0006215960129868739,0.07914266453016423
9448,2.8994949494949496,0.296060606060606,0.00027550513014467547,0.07878594656892382
9449,2.8994949494949496,0.302020202020202,0.00035710521769851604,0.08233603787214248
9450,2.8994949494949496,0.30797979797979796,-0.000617444576893217,0.08301801948717456
9451,2.8994949494949496,0.3139393939393939,-0.0005304995762887794,0.08460847792359323
9452,2.8994949494949496,0.31989898989898985,0.0001934800372913271,0.08576079012047426
9453,2.8994949494949496,0.32585858585858585,0.0012519747745486285,0.08851060306615992
9454,2.8994949494949496,0.3318181818181818,0.0015969575654920887,0.09100145504182457
9455,2.8994949494949496,0.33777777777777773,-0.0022174503491091384,0.09013251885514846
9456,2.8994949494949496,0.34373737373737373,-0.00021652691022990903,0.09228827896527736
9457,2.8994949494949496,0.3496969696969697,0.00015585943392055547,0.09404299798887439
9458,2.8994949494949496,0.3556565656565656,-0.0016893088753030887,0.09597492716784907
9459,2.8994949494949496,0.3616161616161616,-0.0006710154606868969,0.09781433718440545
9460,2.8994949494949496,0.36757575757575756,-0.0010112938263207006,0.09892830269352229
9461,2.8994949494949496,0.3735353535353535,-0.0015575866437981898,0.10074318868035338
9462,2.8994949494949496,0.37949494949494944,0.00047876957178764955,0.10319574113110393
9463,2.8994949494949496,0.38545454545454544,0.0008227613852372567,0.10414987520126137
9464,2.8994949494949496,0.3914141414141414,0.0015620099307041883,0.10606506256287412
9465,2.8994949494949496,0.3973737373737373,-0.0008583134843098035,0.10685775382498854
9466,2.8994949494949496,0.4033333333333333,0.0013615702178227352,0.10933149284283679
9467,2.8994949494949496,0.40929292929292926,0.001758322011496925,0.11125928648484748
9468,2.8994949494949496,0.4152525252525252,0.00023476308493989448,0.11245633374622094
9469,2.8994949494949496,0.42121212121212115,0.0006557946603129046,0.11440766060318101
9470,2.8994949494949496,0.42717171717171715,0.0007370722587662369,0.11546620029640073
9471,2.8994949494949496,0.4331313131313131,0.0016135797158793696,0.11654213392311093
9472,2.8994949494949496,0.43909090909090903,0.00046195964244100926,0.11864183473347403
9473,2.8994949494949496,0.44505050505050503,-0.0004724954958330777,0.11932485980821782
9474,2.8994949494949496,0.45101010101010097,0.0008601362625114032,0.12256114038987903
9475,2.8994949494949496,0.4569696969696969,-0.0016166779766362438,0.12339743267593228
9476,2.8994949494949496,0.4629292929292929,0.0005352391935525552,0.12665107246833615
9477,2.8994949494949496,0.46888888888888886,-0.000498782858334864,0.12764609438342878
9478,2.8994949494949496,0.4748484848484848,0.0001749692670471124,0.12965422438139412
9479,2.8994949494949496,0.48080808080808074,-0.002123302394667819,0.13112270864140904
9480,2.8994949494949496,0.48676767676767674,-0.00025740884493981255,0.13087560481312444
9481,2.8994949494949496,0.4927272727272727,-0.0008606346685149603,0.1325241662238247
9482,2.8994949494949496,0.4986868686868686,0.0019408566660599135,0.13664217456104302
9483,2.8994949494949496,0.5046464646464646,1.0620436556015989e-05,0.13540642562104144
9484,2.8994949494949496,0.5106060606060605,0.0017793653849663847,0.1403883911763817
9485,2.8994949494949496,0.5165656565656566,-0.00192826407499538,0.14053540635121564
9486,2.8994949494949496,0.5225252525252525,0.0007862560886496887,0.14054930464776166
9487,2.8994949494949496,0.5284848484848484,0.0021887029297541095,0.1463810775335283
9488,2.8994949494949496,0.5344444444444444,0.0003316229775268162,0.1458287489814975
9489,2.8994949494949496,0.5404040404040403,0.00014184722380725304,0.15055153770548996
9490,2.8994949494949496,0.5463636363636363,0.00038914451832358133,0.1483728514881751
9491,2.8994949494949496,0.5523232323232323,0.0013937424650184642,0.1503801115478079
9492,2.8994949494949496,0.5582828282828283,0.0023081604715452244,0.15403269101431366
9493,2.8994949494949496,0.5642424242424242,0.002098988937918575,0.15664757990409775
9494,2.8994949494949496,0.5702020202020202,-0.0007392278369164784,0.1548134773388364
9495,2.8994949494949496,0.5761616161616161,-0.0010206349615549438,0.15442194126202954
9496,2.8994949494949496,0.582121212121212,-0.000764239484619414,0.15902911725354305
9497,2.8994949494949496,0.588080808080808,-0.00460808314759875,0.15801997206186844
9498,2.8994949494949496,0.594040404040404,0.00034688528439937006,0.16190264533118146
9499,2.8994949494949496,0.6,-0.0007384427793283223,0.16343244998492892
9500,2.9195959595959597,0.01,4.9862494906187546e-06,0.0026776320671517725
9501,2.9195959595959597,0.01595959595959596,6.845579658262679e-06,0.0043483098934035
9502,2.9195959595959597,0.021919191919191918,6.140356282497424e-05,0.005987404419744267
9503,2.9195959595959597,0.027878787878787878,6.024387235880605e-05,0.007474945740523415
9504,2.9195959595959597,0.033838383838383834,0.00011224713639350723,0.009173229073654511
9505,2.9195959595959597,0.0397979797979798,3.722781119063745e-05,0.010745712902740331
9506,2.9195959595959597,0.045757575757575754,-0.0001350991439092464,0.012348907832388059
9507,2.9195959595959597,0.05171717171717172,-5.8664970141805736e-05,0.013988930052171984
9508,2.9195959595959597,0.05767676767676767,0.00025693321201475286,0.015653653971782946
9509,2.9195959595959597,0.06363636363636363,-0.00010453137059058337,0.01719414165608326
9510,2.9195959595959597,0.06959595959595959,-0.0001932460228753454,0.018883268553430956
9511,2.9195959595959597,0.07555555555555554,0.00012082295400392904,0.020686375546783726
9512,2.9195959595959597,0.0815151515151515,0.00013424787812622548,0.022184209755078985
9513,2.9195959595959597,0.08747474747474746,-0.00038374831109306087,0.02375337661341349
9514,2.9195959595959597,0.09343434343434343,7.481567454146649e-05,0.02525727523291119
9515,2.9195959595959597,0.09939393939393938,-5.2165391322831425e-05,0.02646116585506642
9516,2.9195959595959597,0.10535353535353534,0.00040186996027227143,0.028574663386829867
9517,2.9195959595959597,0.1113131313131313,0.0004915452537425328,0.030816240543773202
9518,2.9195959595959597,0.11727272727272725,7.141109097268998e-05,0.0316471284073241
9519,2.9195959595959597,0.12323232323232322,-0.0010388289894706808,0.033632614984088496
9520,2.9195959595959597,0.1291919191919192,0.0003336167890493673,0.034914331466417994
9521,2.9195959595959597,0.13515151515151513,0.00013456975049881098,0.036421272216567914
9522,2.9195959595959597,0.1411111111111111,0.00011612566844036956,0.03762825801012709
9523,2.9195959595959597,0.14707070707070707,-0.0006620121376093085,0.04039472495460408
9524,2.9195959595959597,0.15303030303030302,3.901181517441121e-05,0.041712003078117066
9525,2.9195959595959597,0.158989898989899,-0.0007861601025235082,0.04310653054956234
9526,2.9195959595959597,0.16494949494949493,-0.00026998905717882373,0.04430828141181963
9527,2.9195959595959597,0.1709090909090909,0.00016346731995441934,0.04638363190509736
9528,2.9195959595959597,0.17686868686868687,1.733233082791532e-05,0.04837820926742067
9529,2.9195959595959597,0.1828282828282828,0.00016241010117748163,0.04913019949394379
9530,2.9195959595959597,0.18878787878787878,-0.0007561729729364435,0.05161703318911898
9531,2.9195959595959597,0.19474747474747472,-0.00046945055923921304,0.05231016708157404
9532,2.9195959595959597,0.2007070707070707,0.00022086013110285285,0.0546369225357565
9533,2.9195959595959597,0.20666666666666667,0.0006113442540081547,0.05619763325411351
9534,2.9195959595959597,0.2126262626262626,-0.000997915851964932,0.05728509655427223
9535,2.9195959595959597,0.21858585858585858,-0.00036381737198675987,0.05896484298382134
9536,2.9195959595959597,0.22454545454545452,-0.0007614633356031129,0.06068720935879591
9537,2.9195959595959597,0.2305050505050505,-0.0004773326978755591,0.061532063295072326
9538,2.9195959595959597,0.23646464646464646,0.0006223130304366792,0.06386657114008393
9539,2.9195959595959597,0.2424242424242424,-0.0009841644561875069,0.06578547558169617
9540,2.9195959595959597,0.24838383838383837,4.5773220171046566e-05,0.06746703601202489
9541,2.9195959595959597,0.2543434343434343,0.0003950790474696911,0.06958280723084455
9542,2.9195959595959597,0.26030303030303026,0.00032122173846411837,0.07025774889511117
9543,2.9195959595959597,0.26626262626262626,0.0002851702104136601,0.07165169489882973
9544,2.9195959595959597,0.2722222222222222,-0.0006090474263782051,0.0741103913399629
9545,2.9195959595959597,0.27818181818181814,-0.00014824541019294407,0.07558990660387527
9546,2.9195959595959597,0.28414141414141414,0.0003217119485938279,0.07801161609146529
9547,2.9195959595959597,0.2901010101010101,-0.00034283795871869175,0.07915854414876869
9548,2.9195959595959597,0.296060606060606,0.0004696691572920114,0.08030347461006072
9549,2.9195959595959597,0.302020202020202,0.0004295024524887247,0.08255661646649272
9550,2.9195959595959597,0.30797979797979796,-0.0008518414470504029,0.08280952208141241
9551,2.9195959595959597,0.3139393939393939,-0.0007796918290222581,0.08575101906082566
9552,2.9195959595959597,0.31989898989898985,0.0007106316309206997,0.08687384216087546
9553,2.9195959595959597,0.32585858585858585,0.00046082800872607936,0.08905046495850857
9554,2.9195959595959597,0.3318181818181818,0.0010463238188690846,0.08957456192678045
9555,2.9195959595959597,0.33777777777777773,0.0003216944532292655,0.09262934918791527
9556,2.9195959595959597,0.34373737373737373,0.001143857795552633,0.09377404655670915
9557,2.9195959595959597,0.3496969696969697,0.00129575808600836,0.09559676590687576
9558,2.9195959595959597,0.3556565656565656,0.00016579995593288252,0.09756275488717221
9559,2.9195959595959597,0.3616161616161616,-0.00010540745117149826,0.09906071543387968
9560,2.9195959595959597,0.36757575757575756,-0.001255021587143866,0.09995481918367001
9561,2.9195959595959597,0.3735353535353535,0.0004181609242751712,0.10021205923942875
9562,2.9195959595959597,0.37949494949494944,-0.0013718646182877652,0.10364117540542857
9563,2.9195959595959597,0.38545454545454544,0.0012172720137416985,0.10508246146824994
9564,2.9195959595959597,0.3914141414141414,-0.0001192131381321627,0.10563160010810031
9565,2.9195959595959597,0.3973737373737373,0.0004174035020406439,0.10823953772170537
9566,2.9195959595959597,0.4033333333333333,0.0010460028283285235,0.10959941921284636
9567,2.9195959595959597,0.40929292929292926,-0.0003535691958465229,0.11127237984013516
9568,2.9195959595959597,0.4152525252525252,-9.80241151713308e-06,0.11432240800692998
9569,2.9195959595959597,0.42121212121212115,0.0008886206605555164,0.11576275598655406
9570,2.9195959595959597,0.42717171717171715,-0.0019896098251205936,0.11611095134330957
9571,2.9195959595959597,0.4331313131313131,-0.0003067619518410901,0.1177006822768102
9572,2.9195959595959597,0.43909090909090903,0.000490242452619658,0.1204947289076054
9573,2.9195959595959597,0.44505050505050503,0.000685698805878519,0.12360260775740488
9574,2.9195959595959597,0.45101010101010097,0.0005723322394418688,0.12430914382887337
9575,2.9195959595959597,0.4569696969696969,-0.0019719858107814362,0.12430193537567179
9576,2.9195959595959597,0.4629292929292929,0.001903347360049952,0.12864988137730818
9577,2.9195959595959597,0.46888888888888886,0.0010930611070337514,0.13006421834081133
9578,2.9195959595959597,0.4748484848484848,-0.001292879788551258,0.1289145239060691
9579,2.9195959595959597,0.48080808080808074,-0.0029085911257869953,0.13184095859812617
9580,2.9195959595959597,0.48676767676767674,0.0006792660057366671,0.132698997356416
9581,2.9195959595959597,0.4927272727272727,0.002167954908971403,0.13533448929760492
9582,2.9195959595959597,0.4986868686868686,0.0007952192430702849,0.1381117002472841
9583,2.9195959595959597,0.5046464646464646,-0.0019111670196942563,0.13721685979545464
9584,2.9195959595959597,0.5106060606060605,0.0018626782527934426,0.14146442814949567
9585,2.9195959595959597,0.5165656565656566,-7.243166436195683e-05,0.14004446784704802
9586,2.9195959595959597,0.5225252525252525,0.0028386966896849076,0.1450915651696135
9587,2.9195959595959597,0.5284848484848484,-0.0013597350482874703,0.14544778379595216
9588,2.9195959595959597,0.5344444444444444,-0.0002766666815379118,0.14686380511846472
9589,2.9195959595959597,0.5404040404040403,0.0005054418967149843,0.14697383517498566
9590,2.9195959595959597,0.5463636363636363,-0.0006634782201772754,0.1489588251155275
9591,2.9195959595959597,0.5523232323232323,1.979992873628964e-05,0.1528459477492094
9592,2.9195959595959597,0.5582828282828283,-0.0005818136285518172,0.15219746518405877
9593,2.9195959595959597,0.5642424242424242,9.05409390973059e-05,0.15427545021844913
9594,2.9195959595959597,0.5702020202020202,-0.0009104185192477482,0.15637393329203836
9595,2.9195959595959597,0.5761616161616161,0.0018369771542723911,0.1576710566560459
9596,2.9195959595959597,0.582121212121212,-0.003043048950306158,0.15752140647666238
9597,2.9195959595959597,0.588080808080808,0.00011742761614557536,0.16154417086675457
9598,2.9195959595959597,0.594040404040404,0.0008174189846723664,0.1662041452937735
9599,2.9195959595959597,0.6,0.0012756982746033106,0.16453141226150825
9600,2.9396969696969695,0.01,6.144296392664483e-05,0.0027220305413436486
9601,2.9396969696969695,0.01595959595959596,-1.5496802011253008e-05,0.00438791943438307
9602,2.9396969696969695,0.021919191919191918,6.491250208272998e-05,0.005996056406889976
9603,2.9396969696969695,0.027878787878787878,-0.0001277979330657385,0.007586390696032822
9604,2.9396969696969695,0.033838383838383834,-0.00010742809340099362,0.009230377834687423
9605,2.9396969696969695,0.0397979797979798,-4.514728820795476e-05,0.010862465020466925
9606,2.9396969696969695,0.045757575757575754,1.3715755090543237e-05,0.012502565546227896
9607,2.9396969696969695,0.05171717171717172,8.906295574980663e-05,0.014061714117868598
9608,2.9396969696969695,0.05767676767676767,-4.273407790085356e-05,0.015808507694758105
9609,2.9396969696969695,0.06363636363636363,2.5277155663323057e-05,0.017310331202219798
9610,2.9396969696969695,0.06959595959595959,5.9869721117995855e-05,0.018931287873034334
9611,2.9396969696969695,0.07555555555555554,0.00027701306056644384,0.02053615632978907
9612,2.9396969696969695,0.0815151515151515,-0.00039392930112676654,0.022116540585836852
9613,2.9396969696969695,0.08747474747474746,4.673112515135984e-05,0.02399861754517854
9614,2.9396969696969695,0.09343434343434343,-0.000325437649850586,0.025644908386616927
9615,2.9396969696969695,0.09939393939393938,4.7278346336568335e-05,0.02734334109824349
9616,2.9396969696969695,0.10535353535353534,0.00011211967404192999,0.02875473536962127
9617,2.9396969696969695,0.1113131313131313,-5.109373034874354e-05,0.030656300706592726
9618,2.9396969696969695,0.11727272727272725,-0.0003837568872051613,0.031966449053043924
9619,2.9396969696969695,0.12323232323232322,-6.229336982851882e-05,0.03409375250924645
9620,2.9396969696969695,0.1291919191919192,-0.0005333600969336976,0.035228425736767224
9621,2.9396969696969695,0.13515151515151513,7.041382034378833e-05,0.03644905486583361
9622,2.9396969696969695,0.1411111111111111,8.402077159471161e-05,0.03839512592470164
9623,2.9396969696969695,0.14707070707070707,-3.6398135347278916e-05,0.04050841557581653
9624,2.9396969696969695,0.15303030303030302,-0.00010186406925005237,0.04144021900144643
9625,2.9396969696969695,0.158989898989899,0.00015072594154604623,0.043215411684773046
9626,2.9396969696969695,0.16494949494949493,0.00014413028656497752,0.045056545780220336
9627,2.9396969696969695,0.1709090909090909,-0.0004621099734640248,0.04630283636157671
9628,2.9396969696969695,0.17686868686868687,0.00015301233421128764,0.047998949025249975
9629,2.9396969696969695,0.1828282828282828,-0.0007134995665954148,0.04926960515830002
9630,2.9396969696969695,0.18878787878787878,0.00027906764582900196,0.05158172413325331
9631,2.9396969696969695,0.19474747474747472,0.0001168082654035092,0.05307597443656516
9632,2.9396969696969695,0.2007070707070707,-0.0013343264419804406,0.054149482819946755
9633,2.9396969696969695,0.20666666666666667,4.3595823059688565e-05,0.05670645656024083
9634,2.9396969696969695,0.2126262626262626,-0.0004207115804364062,0.058125104175314524
9635,2.9396969696969695,0.21858585858585858,0.00035015661862379386,0.059304971259846746
9636,2.9396969696969695,0.22454545454545452,0.0001444430000136913,0.06166569740602717
9637,2.9396969696969695,0.2305050505050505,-7.201605396350068e-05,0.06213854144281947
9638,2.9396969696969695,0.23646464646464646,0.0005702410097244729,0.06493232096966699
9639,2.9396969696969695,0.2424242424242424,-3.166221211372102e-05,0.06664155467692416
9640,2.9396969696969695,0.24838383838383837,0.0007688161879528967,0.06725136736589693
9641,2.9396969696969695,0.2543434343434343,-6.827823250543176e-05,0.06996310527443574
9642,2.9396969696969695,0.26030303030303026,-0.00045706168173113886,0.07184465156804533
9643,2.9396969696969695,0.26626262626262626,-0.00046292537452338,0.07268146522475875
9644,2.9396969696969695,0.2722222222222222,-0.0008837720894337286,0.07437950614900428
9645,2.9396969696969695,0.27818181818181814,0.00021072863785576114,0.07686911532673962
9646,2.9396969696969695,0.28414141414141414,0.0015288350364866187,0.07769643639516792
9647,2.9396969696969695,0.2901010101010101,0.00011706138822100245,0.07937180844416843
9648,2.9396969696969695,0.296060606060606,-0.0004144426240545437,0.08078032659580987
9649,2.9396969696969695,0.302020202020202,-0.0015725208623583373,0.08247756691554907
9650,2.9396969696969695,0.30797979797979796,-0.0005964251105374671,0.08492409287563621
9651,2.9396969696969695,0.3139393939393939,-0.0013443583143693371,0.08519306627761886
9652,2.9396969696969695,0.31989898989898985,-0.0005256378008518526,0.08868335138432445
9653,2.9396969696969695,0.32585858585858585,0.001599344930688307,0.09119164520662261
9654,2.9396969696969695,0.3318181818181818,-0.0006316950863625791,0.09138551578576719
9655,2.9396969696969695,0.33777777777777773,0.00042061721447241994,0.09314726754204786
9656,2.9396969696969695,0.34373737373737373,9.779104985956675e-05,0.09417437266507503
9657,2.9396969696969695,0.3496969696969697,-0.00048699947301667146,0.09640979930510032
9658,2.9396969696969695,0.3556565656565656,0.0011367158292536726,0.09878294203023076
9659,2.9396969696969695,0.3616161616161616,0.0004463001730859361,0.10005484261828859
9660,2.9396969696969695,0.36757575757575756,-0.0004047688171619457,0.1009509753496359
9661,2.9396969696969695,0.3735353535353535,-0.0007054636856612977,0.1015630556808827
9662,2.9396969696969695,0.37949494949494944,-0.000983571431058462,0.10529289103037154
9663,2.9396969696969695,0.38545454545454544,0.0008305619336577717,0.10656597832169205
9664,2.9396969696969695,0.3914141414141414,-0.0007336377588649121,0.10653423072332514
9665,2.9396969696969695,0.3973737373737373,0.00044001584238769257,0.10928713453475634
9666,2.9396969696969695,0.4033333333333333,-0.0008372682668112509,0.11127115834716583
9667,2.9396969696969695,0.40929292929292926,0.0012484648994443997,0.11354323545925356
9668,2.9396969696969695,0.4152525252525252,-0.0002964591954914729,0.11339072301537607
9669,2.9396969696969695,0.42121212121212115,-0.0011304354290675499,0.11651988194903196
9670,2.9396969696969695,0.42717171717171715,0.00027361050903438596,0.11896300765108911
9671,2.9396969696969695,0.4331313131313131,-0.0007524614185502352,0.11987755814782833
9672,2.9396969696969695,0.43909090909090903,0.0005727262131197179,0.11935972414981977
9673,2.9396969696969695,0.44505050505050503,0.002781082910878962,0.12226358940785739
9674,2.9396969696969695,0.45101010101010097,0.000403635494812936,0.12587863899721852
9675,2.9396969696969695,0.4569696969696969,-0.00311390445171261,0.12679114970990277
9676,2.9396969696969695,0.4629292929292929,7.474896149333166e-05,0.12865798640765486
9677,2.9396969696969695,0.46888888888888886,-0.0004383731867619886,0.13114018483132428
9678,2.9396969696969695,0.4748484848484848,-4.879559689582216e-05,0.12984672841281414
9679,2.9396969696969695,0.48080808080808074,0.0027580823545502882,0.13271888338757282
9680,2.9396969696969695,0.48676767676767674,-0.002474367490500708,0.13238354781761164
9681,2.9396969696969695,0.4927272727272727,-0.0009501039477410686,0.13597086994375443
9682,2.9396969696969695,0.4986868686868686,0.0008228315449832233,0.138640776463996
9683,2.9396969696969695,0.5046464646464646,0.0008330408325550392,0.14052927853935523
9684,2.9396969696969695,0.5106060606060605,0.0008747726574811278,0.14093003933676276
9685,2.9396969696969695,0.5165656565656566,0.0007869789890962708,0.14403347244168616
9686,2.9396969696969695,0.5225252525252525,0.0029810406242678157,0.1458021499834704
9687,2.9396969696969695,0.5284848484848484,-0.001867203677583182,0.1463362216689945
9688,2.9396969696969695,0.5344444444444444,-0.002848545530588217,0.1509200164400512
9689,2.9396969696969695,0.5404040404040403,0.0027722354587801207,0.15151143341039516
9690,2.9396969696969695,0.5463636363636363,0.002322364516599932,0.15034196320978946
9691,2.9396969696969695,0.5523232323232323,-0.002431412311659227,0.15331657804192647
9692,2.9396969696969695,0.5582828282828283,-0.0004085398024016115,0.1561915481399025
9693,2.9396969696969695,0.5642424242424242,0.0004924056260317563,0.1582472494726642
9694,2.9396969696969695,0.5702020202020202,-0.0002716227364573424,0.1596307621999682
9695,2.9396969696969695,0.5761616161616161,-6.0059210563571864e-05,0.15870739332496228
9696,2.9396969696969695,0.582121212121212,0.0025528135172721857,0.16568648065800973
9697,2.9396969696969695,0.588080808080808,0.0008165770706246427,0.16437612231909116
9698,2.9396969696969695,0.594040404040404,0.001655778905066964,0.16638944436483658
9699,2.9396969696969695,0.6,0.0008063118616187531,0.16777824988037413
9700,2.9597979797979797,0.01,-3.87833966255409e-05,0.002761078556671357
9701,2.9597979797979797,0.01595959595959596,1.7557999084847254e-05,0.0044802213799545465
9702,2.9597979797979797,0.021919191919191918,1.0929865580940635e-05,0.006022943455553823
9703,2.9597979797979797,0.027878787878787878,-5.3807079655934865e-05,0.007664768839302338
9704,2.9597979797979797,0.033838383838383834,-0.00010422108101348051,0.009333642464882596
9705,2.9597979797979797,0.0397979797979798,7.909495801266792e-05,0.011058208613655232
9706,2.9597979797979797,0.045757575757575754,-0.00015402037603916012,0.012551931448315009
9707,2.9597979797979797,0.05171717171717172,0.00016758074333545663,0.01413732597675355
9708,2.9597979797979797,0.05767676767676767,-0.0002457566330659502,0.015799065753426312
9709,2.9597979797979797,0.06363636363636363,0.00010104257006385296,0.017527721778247976
9710,2.9597979797979797,0.06959595959595959,7.0609933931534255e-06,0.019177857248448765
9711,2.9597979797979797,0.07555555555555554,-0.00012127834097644326,0.02110319682222068
9712,2.9597979797979797,0.0815151515151515,-7.754733239777983e-05,0.02275218771295286
9713,2.9597979797979797,0.08747474747474746,-0.0003210316636578336,0.02446529902480205
9714,2.9597979797979797,0.09343434343434343,0.00020844921333491363,0.025949851481280525
9715,2.9597979797979797,0.09939393939393938,-3.7909953390145204e-05,0.027456432811111268
9716,2.9597979797979797,0.10535353535353534,-0.00037227653704545737,0.028788349463870037
9717,2.9597979797979797,0.1113131313131313,-0.00012649854283616638,0.030951388715214977
9718,2.9597979797979797,0.11727272727272725,-0.00028956503039489096,0.03248516197282673
9719,2.9597979797979797,0.12323232323232322,-0.00045463344773359236,0.03384783857515381
9720,2.9597979797979797,0.1291919191919192,5.3069930041808334e-05,0.03592368146516121
9721,2.9597979797979797,0.13515151515151513,-4.860919953014298e-07,0.037078894354822124
9722,2.9597979797979797,0.1411111111111111,-7.243180379618643e-05,0.03879112228612455
9723,2.9597979797979797,0.14707070707070707,-0.0001250760825417365,0.04051787329344023
9724,2.9597979797979797,0.15303030303030302,-6.964642807470946e-05,0.04239097472108963
9725,2.9597979797979797,0.158989898989899,0.000776666170596005,0.04385508676956673
9726,2.9597979797979797,0.16494949494949493,-0.0004071649502215896,0.04490117619973898
9727,2.9597979797979797,0.1709090909090909,-0.00015274801557726078,0.0476795654418688
9728,2.9597979797979797,0.17686868686868687,0.0007860345199762889,0.04940776542909775
9729,2.9597979797979797,0.1828282828282828,9.604258787109216e-05,0.05101402368723258
9730,2.9597979797979797,0.18878787878787878,0.0006367096099131839,0.0520236863576019
9731,2.9597979797979797,0.19474747474747472,-0.00042231275661331876,0.0532827421962368
9732,2.9597979797979797,0.2007070707070707,-0.0012538966694710654,0.05512829195916588
9733,2.9597979797979797,0.20666666666666667,0.00014548782455334352,0.05789040543518093
9734,2.9597979797979797,0.2126262626262626,-0.001156417336829405,0.05838056505533793
9735,2.9597979797979797,0.21858585858585858,0.000528138296696452,0.060454137325173136
9736,2.9597979797979797,0.22454545454545452,-0.0005264001887035926,0.06158287253119036
9737,2.9597979797979797,0.2305050505050505,0.00012427775251551266,0.06382620117186716
9738,2.9597979797979797,0.23646464646464646,0.0007155835729676998,0.06595429838239251
9739,2.9597979797979797,0.2424242424242424,-0.00065663238576511,0.0668030596891884
9740,2.9597979797979797,0.24838383838383837,2.5220662005184557e-05,0.06951381197668446
9741,2.9597979797979797,0.2543434343434343,0.000474681497436805,0.06953600643682865
9742,2.9597979797979797,0.26030303030303026,0.0004219456395792993,0.07287484024738455
9743,2.9597979797979797,0.26626262626262626,-0.000859330934789628,0.07314234244937429
9744,2.9597979797979797,0.2722222222222222,0.0010643646724162077,0.07590831672430744
9745,2.9597979797979797,0.27818181818181814,-0.0007213743007631437,0.07711517310434955
9746,2.9597979797979797,0.28414141414141414,0.0002770378972721939,0.07882614781351559
9747,2.9597979797979797,0.2901010101010101,-0.002274980463364946,0.07944068954711356
9748,2.9597979797979797,0.296060606060606,0.0005867631912490233,0.08273866245380118
9749,2.9597979797979797,0.302020202020202,0.00042403341793228116,0.08514224874279112
9750,2.9597979797979797,0.30797979797979796,-7.151267249114546e-06,0.08585138668821983
9751,2.9597979797979797,0.3139393939393939,0.0003177108144871456,0.08696866764722766
9752,2.9597979797979797,0.31989898989898985,-3.136252597551481e-05,0.08909525201974845
9753,2.9597979797979797,0.32585858585858585,-0.0012494677927378781,0.09044329575279864
9754,2.9597979797979797,0.3318181818181818,-0.0001943328884299904,0.09245502933547799
9755,2.9597979797979797,0.33777777777777773,-0.00038145125805337656,0.09323339908255468
9756,2.9597979797979797,0.34373737373737373,-0.000773343610233206,0.09587938932973646
9757,2.9597979797979797,0.3496969696969697,4.6801383711252064e-05,0.09799728821447487
9758,2.9597979797979797,0.3556565656565656,-0.0020207026396854076,0.0990462102710268
9759,2.9597979797979797,0.3616161616161616,0.0011973880621320059,0.10171750554967905
9760,2.9597979797979797,0.36757575757575756,-0.0003555974670210035,0.10330690781868566
9761,2.9597979797979797,0.3735353535353535,0.00020503164636553092,0.10404599899573731
9762,2.9597979797979797,0.37949494949494944,0.0014530439420918657,0.10678036015304139
9763,2.9597979797979797,0.38545454545454544,0.000255883351402234,0.10753041351789508
9764,2.9597979797979797,0.3914141414141414,-0.00041000256957256036,0.10911751127334174
9765,2.9597979797979797,0.3973737373737373,7.271923202123709e-06,0.10910192719560638
9766,2.9597979797979797,0.4033333333333333,0.00010563152533308844,0.11201233293955125
9767,2.9597979797979797,0.40929292929292926,0.0008211056579445582,0.11552434214986715
9768,2.9597979797979797,0.4152525252525252,0.00017053978045221215,0.11592196707799739
9769,2.9597979797979797,0.42121212121212115,-0.0008893631833239832,0.1157458410858941
9770,2.9597979797979797,0.42717171717171715,-0.002234546181177395,0.11853919071237377
9771,2.9597979797979797,0.4331313131313131,3.3439141615520196e-05,0.12274304903443842
9772,2.9597979797979797,0.43909090909090903,0.0031577999304559,0.12359141059713778
9773,2.9597979797979797,0.44505050505050503,-0.0005020091463113836,0.12565044802979136
9774,2.9597979797979797,0.45101010101010097,1.0676888286467178e-06,0.12565123889610846
9775,2.9597979797979797,0.4569696969696969,-0.000299928461475905,0.12821893935213236
9776,2.9597979797979797,0.4629292929292929,0.0039592016678374415,0.13166769168652237
9777,2.9597979797979797,0.46888888888888886,0.0005615027846594394,0.13113173404060724
9778,2.9597979797979797,0.4748484848484848,0.0032474971426983616,0.13396016358893995
9779,2.9597979797979797,0.48080808080808074,-0.0009399350929667097,0.1328382681466283
9780,2.9597979797979797,0.48676767676767674,0.000251391105403264,0.1345958193722341
9781,2.9597979797979797,0.4927272727272727,0.00022984602680571324,0.13939985983516925
9782,2.9597979797979797,0.4986868686868686,-0.0008838092683270231,0.1391280320517605
9783,2.9597979797979797,0.5046464646464646,-0.001017220747778525,0.140020438597595
9784,2.9597979797979797,0.5106060606060605,0.00025517806362179517,0.1453230374158514
9785,2.9597979797979797,0.5165656565656566,0.0005487568006942577,0.14371570233723382
9786,2.9597979797979797,0.5225252525252525,-0.0009236674966663635,0.14650258980321051
9787,2.9597979797979797,0.5284848484848484,-0.0003600603088836025,0.15121508093031724
9788,2.9597979797979797,0.5344444444444444,-0.0006364813436184316,0.1518341340969771
9789,2.9597979797979797,0.5404040404040403,0.0005259592638215471,0.15286828516514858
9790,2.9597979797979797,0.5463636363636363,0.0009496171631322459,0.1570943527440078
9791,2.9597979797979797,0.5523232323232323,-0.002328245452029579,0.1553777452293038
9792,2.9597979797979797,0.5582828282828283,0.0017116585768911633,0.15620517078917648
9793,2.9597979797979797,0.5642424242424242,-0.0007372469615318094,0.1578999353611372
9794,2.9597979797979797,0.5702020202020202,0.002706339623745031,0.16306289150867406
9795,2.9597979797979797,0.5761616161616161,0.0018038357888152238,0.1625300917517457
9796,2.9597979797979797,0.582121212121212,0.0010181685096517258,0.16534754987529765
9797,2.9597979797979797,0.588080808080808,0.0012500605604539848,0.16640498638694262
9798,2.9597979797979797,0.594040404040404,0.0026986175138864095,0.16847913485239305
9799,2.9597979797979797,0.6,6.782795309860798e-05,0.17049308228710663
9800,2.97989898989899,0.01,-6.099230867356642e-06,0.002777242369520046
9801,2.97989898989899,0.01595959595959596,2.7129853445719464e-05,0.004448420240157361
9802,2.97989898989899,0.021919191919191918,3.41900004554844e-05,0.006119417888023854
9803,2.97989898989899,0.027878787878787878,-1.4767348633241328e-05,0.007850898702662598
9804,2.97989898989899,0.033838383838383834,3.939591775648954e-05,0.009445799004381663
9805,2.97989898989899,0.0397979797979798,2.6015151770167744e-05,0.011022899312883744
9806,2.97989898989899,0.045757575757575754,0.0002718419830577084,0.01271418464775589
9807,2.97989898989899,0.05171717171717172,-6.675876048723174e-05,0.01430694698282074
9808,2.97989898989899,0.05767676767676767,-0.0001860271991706311,0.016029757995883832
9809,2.97989898989899,0.06363636363636363,-0.0001673552404933041,0.017474842038589792
9810,2.97989898989899,0.06959595959595959,6.114046281576313e-05,0.019417348066368155
9811,2.97989898989899,0.07555555555555554,-0.00010999819746476707,0.0212534908660032
9812,2.97989898989899,0.0815151515151515,0.0001799564443560288,0.022877182227575735
9813,2.97989898989899,0.08747474747474746,-0.00013847309307353427,0.024376441977606137
9814,2.97989898989899,0.09343434343434343,0.00026728771745598487,0.02571722014073026
9815,2.97989898989899,0.09939393939393938,1.662909870742828e-05,0.0275804712513228
9816,2.97989898989899,0.10535353535353534,-9.378339721175366e-05,0.029320399210406207
9817,2.97989898989899,0.1113131313131313,2.078835318221728e-05,0.03091088804932108
9818,2.97989898989899,0.11727272727272725,-3.897671033847318e-05,0.03260604433388836
9819,2.97989898989899,0.12323232323232322,1.4208960208654454e-05,0.03434183542693798
9820,2.97989898989899,0.1291919191919192,-0.0006101851638132278,0.03552529516587962
9821,2.97989898989899,0.13515151515151513,-0.00020558017025595362,0.0378771673280212
9822,2.97989898989899,0.1411111111111111,-0.0005819038535297775,0.039039064639746726
9823,2.97989898989899,0.14707070707070707,-6.725568410933758e-05,0.041450860685009625
9824,2.97989898989899,0.15303030303030302,0.00038826631322820597,0.04268737041623353
9825,2.97989898989899,0.158989898989899,-0.0005562266277831964,0.04407809345688055
9826,2.97989898989899,0.16494949494949493,-0.0011142590317092895,0.04603180684154553
9827,2.97989898989899,0.1709090909090909,-0.00016848923979654367,0.04818213168776865
9828,2.97989898989899,0.17686868686868687,-0.0008768895679941736,0.04927653828222501
9829,2.97989898989899,0.1828282828282828,0.0007061623634916913,0.051451012490357495
9830,2.97989898989899,0.18878787878787878,0.00032264741837834956,0.052525848110558084
9831,2.97989898989899,0.19474747474747472,1.738775863525137e-05,0.054780873145735424
9832,2.97989898989899,0.2007070707070707,-0.0007648531813865174,0.056720306124295176
9833,2.97989898989899,0.20666666666666667,7.274026762303678e-05,0.05841016893450938
9834,2.97989898989899,0.2126262626262626,0.000255118688097592,0.05911330160932438
9835,2.97989898989899,0.21858585858585858,-0.00014431329848491102,0.061479222339454874
9836,2.97989898989899,0.22454545454545452,-0.0005254592757101853,0.06374880654057803
9837,2.97989898989899,0.2305050505050505,0.00040687452205702304,0.06438386817165899
9838,2.97989898989899,0.23646464646464646,-0.000533015644766475,0.0657646532240979
9839,2.97989898989899,0.2424242424242424,-0.00041180267496817934,0.06857850822332354
9840,2.97989898989899,0.24838383838383837,-0.0006753544778998324,0.06933450624137845
9841,2.97989898989899,0.2543434343434343,3.666420347077117e-05,0.07089877512463409
9842,2.97989898989899,0.26030303030303026,-0.0005967781703661996,0.07295742431073528
9843,2.97989898989899,0.26626262626262626,0.0002458739653494462,0.07443909890877559
9844,2.97989898989899,0.2722222222222222,0.0008593389086833584,0.07617633556623331
9845,2.97989898989899,0.27818181818181814,-0.0008957327330160716,0.07788389586639141
9846,2.97989898989899,0.28414141414141414,-0.0001602284451907323,0.0800742957828886
9847,2.97989898989899,0.2901010101010101,2.7163555848912102e-05,0.0815153477828459
9848,2.97989898989899,0.296060606060606,-0.0002949422237825727,0.0831405097921528
9849,2.97989898989899,0.302020202020202,-7.424466354997738e-06,0.08392066776509939
9850,2.97989898989899,0.30797979797979796,0.0003871224757639335,0.08573527309800226
9851,2.97989898989899,0.3139393939393939,0.0005932639491265426,0.0895784949563253
9852,2.97989898989899,0.31989898989898985,0.0003078137932528531,0.0897734233435966
9853,2.97989898989899,0.32585858585858585,0.0006351880517078092,0.09140434339669605
9854,2.97989898989899,0.3318181818181818,-0.0012687188836032813,0.09322164000306407
9855,2.97989898989899,0.33777777777777773,0.0005644297572383372,0.09494465489183987
9856,2.97989898989899,0.34373737373737373,9.95674995558336e-05,0.09598202994969862
9857,2.97989898989899,0.3496969696969697,0.0007373957381530453,0.09875472476550266
9858,2.97989898989899,0.3556565656565656,0.0011575488391814843,0.09939934025868179
9859,2.97989898989899,0.3616161616161616,-0.0005635483816233434,0.10196646479234485
9860,2.97989898989899,0.36757575757575756,-0.0015524497036720807,0.1016499397215912
9861,2.97989898989899,0.3735353535353535,0.0007663962456400454,0.10521890361074851
9862,2.97989898989899,0.37949494949494944,0.001361710746180546,0.10715894867436364
9863,2.97989898989899,0.38545454545454544,0.0011756173593848677,0.10904784389765307
9864,2.97989898989899,0.3914141414141414,-3.942967406973601e-05,0.11005490102998886
9865,2.97989898989899,0.3973737373737373,-0.0027450002323191787,0.1122225410932235
9866,2.97989898989899,0.4033333333333333,0.00012684109434756222,0.11397757565989503
9867,2.97989898989899,0.40929292929292926,0.0006673447424199402,0.11455990209109096
9868,2.97989898989899,0.4152525252525252,-0.0012430633479207564,0.11584026866678536
9869,2.97989898989899,0.42121212121212115,-0.0014873235797956093,0.11813522222573314
9870,2.97989898989899,0.42717171717171715,0.0015807993683320842,0.1227239575527628
9871,2.97989898989899,0.4331313131313131,0.002387952157174264,0.12365959116399751
9872,2.97989898989899,0.43909090909090903,-1.8127357320030414e-05,0.12343127438293272
9873,2.97989898989899,0.44505050505050503,0.0005396488938537895,0.12493846427539168
9874,2.97989898989899,0.45101010101010097,0.0002930444525313053,0.12693533080269342
9875,2.97989898989899,0.4569696969696969,0.0011677446867556117,0.12886974303229573
9876,2.97989898989899,0.4629292929292929,-0.0002584006144865521,0.13272325062456095
9877,2.97989898989899,0.46888888888888886,-0.0006664624828428431,0.13426552882704534
9878,2.97989898989899,0.4748484848484848,0.002404607442864826,0.13637614596406894
9879,2.97989898989899,0.48080808080808074,-0.0005038390786371021,0.1370342766297982
9880,2.97989898989899,0.48676767676767674,0.0009280021572467234,0.13729583580672966
9881,2.97989898989899,0.4927272727272727,0.0014050063283580013,0.13944048498347
9882,2.97989898989899,0.4986868686868686,-8.759035072976151e-05,0.14107503634995777
9883,2.97989898989899,0.5046464646464646,-0.002229183898852083,0.1406689018729526
9884,2.97989898989899,0.5106060606060605,0.0004659911114708418,0.14547264821716485
9885,2.97989898989899,0.5165656565656566,-0.0005807996767459453,0.1464673329592126
9886,2.97989898989899,0.5225252525252525,-0.0005257538423086325,0.14684949404776157
9887,2.97989898989899,0.5284848484848484,-0.0020482572172313964,0.1482051302008574
9888,2.97989898989899,0.5344444444444444,0.00020024493943178906,0.15562290556872696
9889,2.97989898989899,0.5404040404040403,-0.0006121638280254502,0.15323336973536314
9890,2.97989898989899,0.5463636363636363,-0.0012054780122583938,0.15395663306429597
9891,2.97989898989899,0.5523232323232323,-0.000731196003642678,0.1573378506736683
9892,2.97989898989899,0.5582828282828283,0.0011628885856957234,0.16171121525136317
9893,2.97989898989899,0.5642424242424242,-0.0006620516196056631,0.16078628834640618
9894,2.97989898989899,0.5702020202020202,0.0016634873510901994,0.16162059629405304
9895,2.97989898989899,0.5761616161616161,-0.0014259855933249957,0.1628346173518258
9896,2.97989898989899,0.582121212121212,0.0010948895620980005,0.167243194661021
9897,2.97989898989899,0.588080808080808,-0.00035613705827365806,0.16993274372077574
9898,2.97989898989899,0.594040404040404,-0.0019972131180475017,0.1657745306049003
9899,2.97989898989899,0.6,-0.0012073874541944896,0.17072864025495602
9900,3.0,0.01,-2.2017048667122896e-05,0.0028178507857183187
9901,3.0,0.01595959595959596,-7.954666252755517e-05,0.0044850305148612934
9902,3.0,0.021919191919191918,5.006637041029151e-05,0.006170002774294797
9903,3.0,0.027878787878787878,-0.00014953849212280047,0.007950005493676393
9904,3.0,0.033838383838383834,8.923871052295517e-05,0.00957490781883678
9905,3.0,0.0397979797979798,7.909309356780217e-05,0.011073146047871652
9906,3.0,0.045757575757575754,5.028293049099032e-05,0.012845280144876544
9907,3.0,0.05171717171717172,-6.566891616724225e-05,0.014421921811730652
9908,3.0,0.05767676767676767,2.662493565215942e-05,0.016234674448060902
9909,3.0,0.06363636363636363,0.00022914565612211813,0.018086894472236527
9910,3.0,0.06959595959595959,5.9215530622553805e-05,0.019595371795748384
9911,3.0,0.07555555555555554,3.276085512103072e-05,0.021516615453277835
9912,3.0,0.0815151515151515,2.681864960331728e-05,0.022879867831495416
9913,3.0,0.08747474747474746,0.00019370125976452663,0.024636061895039446
9914,3.0,0.09343434343434343,9.910838020654343e-05,0.026109479123447528
9915,3.0,0.09939393939393938,0.00029183275162242387,0.027703547162312533
9916,3.0,0.10535353535353534,2.9632510788441034e-05,0.02938664094738767
9917,3.0,0.1113131313131313,0.00015963585678757837,0.0311130918280759
9918,3.0,0.11727272727272725,0.0001368903556768891,0.03337347485736641
9919,3.0,0.12323232323232322,2.7980667462943788e-05,0.034438787703280176
9920,3.0,0.1291919191919192,0.00015317806103775706,0.03615791441612782
9921,3.0,0.13515151515151513,-0.0006121634587468548,0.037738118097536924
9922,3.0,0.1411111111111111,0.0001962072630835514,0.039585302859506906
9923,3.0,0.14707070707070707,0.0004667108952270361,0.041875545638287555
9924,3.0,0.15303030303030302,-0.00024040632885218637,0.04295376444905695
9925,3.0,0.158989898989899,0.00011722825451451235,0.045112463964183495
9926,3.0,0.16494949494949493,-0.00020901756573463786,0.04634563897816108
9927,3.0,0.1709090909090909,-7.769353231623782e-05,0.04837319186555754
9928,3.0,0.17686868686868687,0.00031956615827049087,0.050238406227289784
9929,3.0,0.1828282828282828,-0.0003780210555756828,0.051628282653447426
9930,3.0,0.18878787878787878,-6.61728599375065e-05,0.05301912140122035
9931,3.0,0.19474747474747472,-0.0005215624404769928,0.05450571539933774
9932,3.0,0.2007070707070707,9.96120200789862e-05,0.05675795590399316
9933,3.0,0.20666666666666667,-7.542529271743845e-05,0.059036359558199976
9934,3.0,0.2126262626262626,-0.0003755184542132599,0.059534070930219285
9935,3.0,0.21858585858585858,-0.0004845967089622122,0.06133445860307259
9936,3.0,0.22454545454545452,-0.0017775614160373408,0.06350147323354854
9937,3.0,0.2305050505050505,0.00026541204558552247,0.06453369760340437
9938,3.0,0.23646464646464646,0.0002229814892852105,0.06668172499972479
9939,3.0,0.2424242424242424,0.0012939885495324775,0.06818389047357816
9940,3.0,0.24838383838383837,0.0006595091927091741,0.07018808400908147
9941,3.0,0.2543434343434343,0.00038043352314170753,0.07278206699352117
9942,3.0,0.26030303030303026,-0.00022630387515016422,0.07280214016859425
9943,3.0,0.26626262626262626,-0.0005783323486744056,0.07433028969846826
9944,3.0,0.2722222222222222,0.0003685604947150357,0.07638347558411207
9945,3.0,0.27818181818181814,0.00032588657332720733,0.0784407333119009
9946,3.0,0.28414141414141414,-0.0007887796445084327,0.08075740297764211
9947,3.0,0.2901010101010101,-0.0006491734125199619,0.08224080373985944
9948,3.0,0.296060606060606,0.0001564056411796051,0.08360338057737295
9949,3.0,0.302020202020202,0.0008131707335432214,0.0853034393473499
9950,3.0,0.30797979797979796,-0.0004159159617949218,0.08777559359276858
9951,3.0,0.3139393939393939,0.001960595223876852,0.08989525454320207
9952,3.0,0.31989898989898985,0.0004827086369122391,0.0903557899584151
9953,3.0,0.32585858585858585,0.00012138713587925886,0.09190481564884286
9954,3.0,0.3318181818181818,0.00012252746050615525,0.09452336764606553
9955,3.0,0.33777777777777773,0.001259359075118447,0.09598172872422239
9956,3.0,0.34373737373737373,0.0009402545009655377,0.09758724436919766
9957,3.0,0.3496969696969697,0.0007765569035955552,0.10105590495723889
9958,3.0,0.3556565656565656,0.0010923952459354015,0.10146889814975167
9959,3.0,0.3616161616161616,0.0005864464010430703,0.10212961354785548
9960,3.0,0.36757575757575756,0.0004525519307908917,0.10444569559002997
9961,3.0,0.3735353535353535,-0.0008591983224372633,0.10586293656642767
9962,3.0,0.37949494949494944,-5.853957643197516e-05,0.10790792875320307
9963,3.0,0.38545454545454544,-0.0004771076177191041,0.10914497206421202
9964,3.0,0.3914141414141414,-0.0004974290218687079,0.11074371484745893
9965,3.0,0.3973737373737373,0.0001536133140163173,0.1122010505397024
9966,3.0,0.4033333333333333,-0.0006619643627404698,0.11492997834085399
9967,3.0,0.40929292929292926,-2.790382397127207e-05,0.11620244023943607
9968,3.0,0.4152525252525252,-0.0001825509217728392,0.11667538867065043
9969,3.0,0.42121212121212115,-0.0015793156387597983,0.11990582333302377
9970,3.0,0.42717171717171715,-0.0009187974470814213,0.12068823109463195
9971,3.0,0.4331313131313131,0.001212672401687339,0.12566912873108285
9972,3.0,0.43909090909090903,0.0014796644976866314,0.12439532497418002
9973,3.0,0.44505050505050503,-0.001378069027346258,0.12593117467036452
9974,3.0,0.45101010101010097,0.0011900548139382057,0.12825464310487253
9975,3.0,0.4569696969696969,-0.0020052416065620498,0.12985466037746113
9976,3.0,0.4629292929292929,0.0006731779965789466,0.13135900094090727
9977,3.0,0.46888888888888886,0.000550535377599138,0.13528356400406877
9978,3.0,0.4748484848484848,0.0003027124842418014,0.1366341905271726
9979,3.0,0.48080808080808074,-0.0003430295114228871,0.1379322472179093
9980,3.0,0.48676767676767674,-0.0008030574824027031,0.13932374403912046
9981,3.0,0.4927272727272727,-0.0010757774957058657,0.14080319661298268
9982,3.0,0.4986868686868686,-0.0007225920438909328,0.1427725814222263
9983,3.0,0.5046464646464646,0.0011659809164648856,0.1463410280803285
9984,3.0,0.5106060606060605,-0.0029859366889843867,0.14578697113154424
9985,3.0,0.5165656565656566,-1.673764153175217e-05,0.14919644266369142
9986,3.0,0.5225252525252525,0.00240634107784467,0.1496384498780715
9987,3.0,0.5284848484848484,0.0020313873024034004,0.15068300033340076
9988,3.0,0.5344444444444444,0.004832942622272158,0.15461923152877677
9989,3.0,0.5404040404040403,-0.00018397100022023665,0.15618241365826221
9990,3.0,0.5463636363636363,-0.002106501992427797,0.15560188619656043
9991,3.0,0.5523232323232323,-0.002592925506687604,0.15840186349855828
9992,3.0,0.5582828282828283,0.0006653324982588802,0.158022322462054
9993,3.0,0.5642424242424242,0.00261734697332422,0.16172268050465285
9994,3.0,0.5702020202020202,0.000501365115106001,0.1632644512875728
9995,3.0,0.5761616161616161,-0.0014400736124588404,0.1649128365686416
9996,3.0,0.582121212121212,-0.0009202198953024004,0.1655408212218056
9997,3.0,0.588080808080808,-0.0012740029400295247,0.16921569274550755
9998,3.0,0.594040404040404,-0.0006050267704054415,0.1697387012514112
9999,3.0,0.6,-0.0017459411141728446,0.17034827229701588
